<?xml version="1.0" encoding="UTF-8"?>
<gpx xmlns="http://www.topografix.com/GPX/1/1" xmlns:xsi="http://www.w3.org/2001/XMLSchema-instance" version="1.1" creator="Trace de Trail" xsi:schemaLocation="http://www.topografix.com/GPX/1/1 http://www.topografix.com/GPX/1/1/gpx.xsd">
  <metadata>
    <name>ntmf 30km 2026</name>
    <desc>Parcours créé sur Trace de Trail</desc>
    <link href="https://tracedetrail.fr/fr/trace/331867">
      <text>Cartographie du parcours</text>
    </link>
    <time>2026-03-02T13:34:59+00:00</time>
  </metadata>
  <trk>
    <name>ntmf 30km 2026 sur TraceDeTrail.fr</name>
    <src>Trace de Trail</src>
    <trkseg>
      <trkpt lat="50.76813" lon="2.72006">
        <ele>34</ele>
        <time>2026-03-02T13:34:59+00:00</time>
      </trkpt>
      <trkpt lat="50.76838" lon="2.72014">
        <ele>34</ele>
        <time>2026-03-02T13:35:02+00:00</time>
      </trkpt>
      <trkpt lat="50.76873" lon="2.72025">
        <ele>35</ele>
        <time>2026-03-02T13:35:05+00:00</time>
      </trkpt>
      <trkpt lat="50.76909" lon="2.7203">
        <ele>35</ele>
        <time>2026-03-02T13:35:08+00:00</time>
      </trkpt>
      <trkpt lat="50.76939" lon="2.72033">
        <ele>36</ele>
        <time>2026-03-02T13:35:11+00:00</time>
      </trkpt>
      <trkpt lat="50.7697" lon="2.72037">
        <ele>37</ele>
        <time>2026-03-02T13:35:14+00:00</time>
      </trkpt>
      <trkpt lat="50.77017" lon="2.72042">
        <ele>37</ele>
        <time>2026-03-02T13:35:17+00:00</time>
      </trkpt>
      <trkpt lat="50.77053" lon="2.72047">
        <ele>37</ele>
        <time>2026-03-02T13:35:20+00:00</time>
      </trkpt>
      <trkpt lat="50.77077" lon="2.72049">
        <ele>37</ele>
        <time>2026-03-02T13:35:23+00:00</time>
      </trkpt>
      <trkpt lat="50.77104" lon="2.72052">
        <ele>37</ele>
        <time>2026-03-02T13:35:26+00:00</time>
      </trkpt>
      <trkpt lat="50.77149" lon="2.72057">
        <ele>38</ele>
        <time>2026-03-02T13:35:29+00:00</time>
      </trkpt>
      <trkpt lat="50.77184" lon="2.72062">
        <ele>38</ele>
        <time>2026-03-02T13:35:32+00:00</time>
      </trkpt>
      <trkpt lat="50.77215" lon="2.72066">
        <ele>39</ele>
        <time>2026-03-02T13:35:35+00:00</time>
      </trkpt>
      <trkpt lat="50.77247" lon="2.72069">
        <ele>39</ele>
        <time>2026-03-02T13:35:38+00:00</time>
      </trkpt>
      <trkpt lat="50.77305" lon="2.72076">
        <ele>40</ele>
        <time>2026-03-02T13:35:41+00:00</time>
      </trkpt>
      <trkpt lat="50.77337" lon="2.72067">
        <ele>41</ele>
        <time>2026-03-02T13:35:44+00:00</time>
      </trkpt>
      <trkpt lat="50.77368" lon="2.72058">
        <ele>41</ele>
        <time>2026-03-02T13:35:47+00:00</time>
      </trkpt>
      <trkpt lat="50.774" lon="2.72049">
        <ele>42</ele>
        <time>2026-03-02T13:35:50+00:00</time>
      </trkpt>
      <trkpt lat="50.77433" lon="2.7204">
        <ele>43</ele>
        <time>2026-03-02T13:35:53+00:00</time>
      </trkpt>
      <trkpt lat="50.77436" lon="2.72082">
        <ele>44</ele>
        <time>2026-03-02T13:35:56+00:00</time>
      </trkpt>
      <trkpt lat="50.77439" lon="2.72116">
        <ele>44</ele>
        <time>2026-03-02T13:35:59+00:00</time>
      </trkpt>
      <trkpt lat="50.77442" lon="2.72153">
        <ele>44</ele>
        <time>2026-03-02T13:36:02+00:00</time>
      </trkpt>
      <trkpt lat="50.77469" lon="2.72149">
        <ele>45</ele>
        <time>2026-03-02T13:36:05+00:00</time>
      </trkpt>
      <trkpt lat="50.77513" lon="2.72143">
        <ele>49</ele>
        <time>2026-03-02T13:36:08+00:00</time>
      </trkpt>
      <trkpt lat="50.77543" lon="2.72144">
        <ele>52</ele>
        <time>2026-03-02T13:36:11+00:00</time>
      </trkpt>
      <trkpt lat="50.77573" lon="2.72144">
        <ele>55</ele>
        <time>2026-03-02T13:36:14+00:00</time>
      </trkpt>
      <trkpt lat="50.77617" lon="2.72145">
        <ele>59</ele>
        <time>2026-03-02T13:36:17+00:00</time>
      </trkpt>
      <trkpt lat="50.77653" lon="2.72139">
        <ele>62</ele>
        <time>2026-03-02T13:36:20+00:00</time>
      </trkpt>
      <trkpt lat="50.77684" lon="2.72163">
        <ele>66</ele>
        <time>2026-03-02T13:36:23+00:00</time>
      </trkpt>
      <trkpt lat="50.77716" lon="2.72188">
        <ele>70</ele>
        <time>2026-03-02T13:36:26+00:00</time>
      </trkpt>
      <trkpt lat="50.77747" lon="2.72212">
        <ele>75</ele>
        <time>2026-03-02T13:36:29+00:00</time>
      </trkpt>
      <trkpt lat="50.77779" lon="2.72237">
        <ele>80</ele>
        <time>2026-03-02T13:36:32+00:00</time>
      </trkpt>
      <trkpt lat="50.7783" lon="2.72277">
        <ele>84</ele>
        <time>2026-03-02T13:36:35+00:00</time>
      </trkpt>
      <trkpt lat="50.77861" lon="2.72277">
        <ele>88</ele>
        <time>2026-03-02T13:36:38+00:00</time>
      </trkpt>
      <trkpt lat="50.77892" lon="2.72277">
        <ele>90</ele>
        <time>2026-03-02T13:36:41+00:00</time>
      </trkpt>
      <trkpt lat="50.77947" lon="2.72277">
        <ele>95</ele>
        <time>2026-03-02T13:36:44+00:00</time>
      </trkpt>
      <trkpt lat="50.77983" lon="2.72278">
        <ele>97</ele>
        <time>2026-03-02T13:36:47+00:00</time>
      </trkpt>
      <trkpt lat="50.77971" lon="2.72302">
        <ele>96</ele>
        <time>2026-03-02T13:36:50+00:00</time>
      </trkpt>
      <trkpt lat="50.77948" lon="2.72308">
        <ele>96</ele>
        <time>2026-03-02T13:36:53+00:00</time>
      </trkpt>
      <trkpt lat="50.77948" lon="2.72347">
        <ele>97</ele>
        <time>2026-03-02T13:36:56+00:00</time>
      </trkpt>
      <trkpt lat="50.77948" lon="2.7237">
        <ele>97</ele>
        <time>2026-03-02T13:36:59+00:00</time>
      </trkpt>
      <trkpt lat="50.7793" lon="2.72388">
        <ele>97</ele>
        <time>2026-03-02T13:37:02+00:00</time>
      </trkpt>
      <trkpt lat="50.77923" lon="2.72433">
        <ele>98</ele>
        <time>2026-03-02T13:37:05+00:00</time>
      </trkpt>
      <trkpt lat="50.77913" lon="2.72477">
        <ele>100</ele>
        <time>2026-03-02T13:37:08+00:00</time>
      </trkpt>
      <trkpt lat="50.77898" lon="2.72489">
        <ele>99</ele>
        <time>2026-03-02T13:37:11+00:00</time>
      </trkpt>
      <trkpt lat="50.779" lon="2.72518">
        <ele>102</ele>
        <time>2026-03-02T13:37:14+00:00</time>
      </trkpt>
      <trkpt lat="50.779" lon="2.72529">
        <ele>101</ele>
        <time>2026-03-02T13:37:17+00:00</time>
      </trkpt>
      <trkpt lat="50.77903" lon="2.72547">
        <ele>103</ele>
        <time>2026-03-02T13:37:20+00:00</time>
      </trkpt>
      <trkpt lat="50.77913" lon="2.72557">
        <ele>104</ele>
        <time>2026-03-02T13:37:23+00:00</time>
      </trkpt>
      <trkpt lat="50.77909" lon="2.72584">
        <ele>104</ele>
        <time>2026-03-02T13:37:26+00:00</time>
      </trkpt>
      <trkpt lat="50.7791" lon="2.72615">
        <ele>105</ele>
        <time>2026-03-02T13:37:29+00:00</time>
      </trkpt>
      <trkpt lat="50.77923" lon="2.72655">
        <ele>108</ele>
        <time>2026-03-02T13:37:32+00:00</time>
      </trkpt>
      <trkpt lat="50.77904" lon="2.72671">
        <ele>108</ele>
        <time>2026-03-02T13:37:35+00:00</time>
      </trkpt>
      <trkpt lat="50.77891" lon="2.72689">
        <ele>108</ele>
        <time>2026-03-02T13:37:38+00:00</time>
      </trkpt>
      <trkpt lat="50.77888" lon="2.72705">
        <ele>107</ele>
        <time>2026-03-02T13:37:41+00:00</time>
      </trkpt>
      <trkpt lat="50.77875" lon="2.72733">
        <ele>106</ele>
        <time>2026-03-02T13:37:44+00:00</time>
      </trkpt>
      <trkpt lat="50.77851" lon="2.72763">
        <ele>104</ele>
        <time>2026-03-02T13:37:47+00:00</time>
      </trkpt>
      <trkpt lat="50.77846" lon="2.72786">
        <ele>102</ele>
        <time>2026-03-02T13:37:50+00:00</time>
      </trkpt>
      <trkpt lat="50.77864" lon="2.72802">
        <ele>104</ele>
        <time>2026-03-02T13:37:53+00:00</time>
      </trkpt>
      <trkpt lat="50.77894" lon="2.7283">
        <ele>107</ele>
        <time>2026-03-02T13:37:56+00:00</time>
      </trkpt>
      <trkpt lat="50.77914" lon="2.72842">
        <ele>108</ele>
        <time>2026-03-02T13:37:59+00:00</time>
      </trkpt>
      <trkpt lat="50.77934" lon="2.72855">
        <ele>110</ele>
        <time>2026-03-02T13:38:02+00:00</time>
      </trkpt>
      <trkpt lat="50.77962" lon="2.72894">
        <ele>115</ele>
        <time>2026-03-02T13:38:05+00:00</time>
      </trkpt>
      <trkpt lat="50.77977" lon="2.72944">
        <ele>121</ele>
        <time>2026-03-02T13:38:08+00:00</time>
      </trkpt>
      <trkpt lat="50.77986" lon="2.72929">
        <ele>121</ele>
        <time>2026-03-02T13:38:11+00:00</time>
      </trkpt>
      <trkpt lat="50.77992" lon="2.72901">
        <ele>123</ele>
        <time>2026-03-02T13:38:14+00:00</time>
      </trkpt>
      <trkpt lat="50.78001" lon="2.72864">
        <ele>123</ele>
        <time>2026-03-02T13:38:17+00:00</time>
      </trkpt>
      <trkpt lat="50.77998" lon="2.72813">
        <ele>123</ele>
        <time>2026-03-02T13:38:20+00:00</time>
      </trkpt>
      <trkpt lat="50.78" lon="2.72775">
        <ele>125</ele>
        <time>2026-03-02T13:38:23+00:00</time>
      </trkpt>
      <trkpt lat="50.78003" lon="2.72723">
        <ele>124</ele>
        <time>2026-03-02T13:38:26+00:00</time>
      </trkpt>
      <trkpt lat="50.77989" lon="2.72696">
        <ele>123</ele>
        <time>2026-03-02T13:38:29+00:00</time>
      </trkpt>
      <trkpt lat="50.77973" lon="2.72668">
        <ele>122</ele>
        <time>2026-03-02T13:38:32+00:00</time>
      </trkpt>
      <trkpt lat="50.77985" lon="2.72629">
        <ele>122</ele>
        <time>2026-03-02T13:38:35+00:00</time>
      </trkpt>
      <trkpt lat="50.78006" lon="2.72558">
        <ele>121</ele>
        <time>2026-03-02T13:38:38+00:00</time>
      </trkpt>
      <trkpt lat="50.78007" lon="2.72531">
        <ele>120</ele>
        <time>2026-03-02T13:38:41+00:00</time>
      </trkpt>
      <trkpt lat="50.78004" lon="2.72481">
        <ele>116</ele>
        <time>2026-03-02T13:38:44+00:00</time>
      </trkpt>
      <trkpt lat="50.78003" lon="2.7245">
        <ele>117</ele>
        <time>2026-03-02T13:38:47+00:00</time>
      </trkpt>
      <trkpt lat="50.78014" lon="2.7244">
        <ele>115</ele>
        <time>2026-03-02T13:38:50+00:00</time>
      </trkpt>
      <trkpt lat="50.78024" lon="2.72464">
        <ele>118</ele>
        <time>2026-03-02T13:38:53+00:00</time>
      </trkpt>
      <trkpt lat="50.78027" lon="2.72505">
        <ele>121</ele>
        <time>2026-03-02T13:38:56+00:00</time>
      </trkpt>
      <trkpt lat="50.78031" lon="2.72571">
        <ele>125</ele>
        <time>2026-03-02T13:38:59+00:00</time>
      </trkpt>
      <trkpt lat="50.78032" lon="2.72601">
        <ele>127</ele>
        <time>2026-03-02T13:39:02+00:00</time>
      </trkpt>
      <trkpt lat="50.7804" lon="2.72601">
        <ele>127</ele>
        <time>2026-03-02T13:39:05+00:00</time>
      </trkpt>
      <trkpt lat="50.78053" lon="2.7257">
        <ele>127</ele>
        <time>2026-03-02T13:39:08+00:00</time>
      </trkpt>
      <trkpt lat="50.78065" lon="2.72535">
        <ele>126</ele>
        <time>2026-03-02T13:39:11+00:00</time>
      </trkpt>
      <trkpt lat="50.78082" lon="2.72487">
        <ele>124</ele>
        <time>2026-03-02T13:39:14+00:00</time>
      </trkpt>
      <trkpt lat="50.78101" lon="2.72454">
        <ele>123</ele>
        <time>2026-03-02T13:39:17+00:00</time>
      </trkpt>
      <trkpt lat="50.78116" lon="2.72426">
        <ele>122</ele>
        <time>2026-03-02T13:39:20+00:00</time>
      </trkpt>
      <trkpt lat="50.78136" lon="2.72392">
        <ele>120</ele>
        <time>2026-03-02T13:39:23+00:00</time>
      </trkpt>
      <trkpt lat="50.78159" lon="2.72363">
        <ele>117</ele>
        <time>2026-03-02T13:39:26+00:00</time>
      </trkpt>
      <trkpt lat="50.78183" lon="2.72335">
        <ele>115</ele>
        <time>2026-03-02T13:39:29+00:00</time>
      </trkpt>
      <trkpt lat="50.78214" lon="2.72297">
        <ele>111</ele>
        <time>2026-03-02T13:39:32+00:00</time>
      </trkpt>
      <trkpt lat="50.78231" lon="2.72275">
        <ele>108</ele>
        <time>2026-03-02T13:39:35+00:00</time>
      </trkpt>
      <trkpt lat="50.7825" lon="2.72253">
        <ele>107</ele>
        <time>2026-03-02T13:39:38+00:00</time>
      </trkpt>
      <trkpt lat="50.78269" lon="2.72223">
        <ele>104</ele>
        <time>2026-03-02T13:39:41+00:00</time>
      </trkpt>
      <trkpt lat="50.78285" lon="2.72199">
        <ele>102</ele>
        <time>2026-03-02T13:39:44+00:00</time>
      </trkpt>
      <trkpt lat="50.78302" lon="2.72173">
        <ele>100</ele>
        <time>2026-03-02T13:39:47+00:00</time>
      </trkpt>
      <trkpt lat="50.78296" lon="2.72148">
        <ele>97</ele>
        <time>2026-03-02T13:39:50+00:00</time>
      </trkpt>
      <trkpt lat="50.78279" lon="2.72144">
        <ele>100</ele>
        <time>2026-03-02T13:39:53+00:00</time>
      </trkpt>
      <trkpt lat="50.78256" lon="2.72139">
        <ele>100</ele>
        <time>2026-03-02T13:39:56+00:00</time>
      </trkpt>
      <trkpt lat="50.78233" lon="2.72121">
        <ele>101</ele>
        <time>2026-03-02T13:39:59+00:00</time>
      </trkpt>
      <trkpt lat="50.78201" lon="2.72095">
        <ele>103</ele>
        <time>2026-03-02T13:40:02+00:00</time>
      </trkpt>
      <trkpt lat="50.7818" lon="2.72079">
        <ele>103</ele>
        <time>2026-03-02T13:40:05+00:00</time>
      </trkpt>
      <trkpt lat="50.78156" lon="2.7206">
        <ele>102</ele>
        <time>2026-03-02T13:40:08+00:00</time>
      </trkpt>
      <trkpt lat="50.78134" lon="2.72047">
        <ele>100</ele>
        <time>2026-03-02T13:40:11+00:00</time>
      </trkpt>
      <trkpt lat="50.78107" lon="2.72031">
        <ele>99</ele>
        <time>2026-03-02T13:40:14+00:00</time>
      </trkpt>
      <trkpt lat="50.78077" lon="2.72014">
        <ele>96</ele>
        <time>2026-03-02T13:40:17+00:00</time>
      </trkpt>
      <trkpt lat="50.78046" lon="2.71997">
        <ele>93</ele>
        <time>2026-03-02T13:40:20+00:00</time>
      </trkpt>
      <trkpt lat="50.78016" lon="2.7198">
        <ele>91</ele>
        <time>2026-03-02T13:40:23+00:00</time>
      </trkpt>
      <trkpt lat="50.77983" lon="2.71961">
        <ele>89</ele>
        <time>2026-03-02T13:40:26+00:00</time>
      </trkpt>
      <trkpt lat="50.77981" lon="2.71926">
        <ele>88</ele>
        <time>2026-03-02T13:40:29+00:00</time>
      </trkpt>
      <trkpt lat="50.77979" lon="2.7189">
        <ele>86</ele>
        <time>2026-03-02T13:40:32+00:00</time>
      </trkpt>
      <trkpt lat="50.7797" lon="2.71844">
        <ele>84</ele>
        <time>2026-03-02T13:40:35+00:00</time>
      </trkpt>
      <trkpt lat="50.77962" lon="2.71798">
        <ele>81</ele>
        <time>2026-03-02T13:40:38+00:00</time>
      </trkpt>
      <trkpt lat="50.77957" lon="2.71766">
        <ele>79</ele>
        <time>2026-03-02T13:40:41+00:00</time>
      </trkpt>
      <trkpt lat="50.77951" lon="2.71733">
        <ele>78</ele>
        <time>2026-03-02T13:40:44+00:00</time>
      </trkpt>
      <trkpt lat="50.77942" lon="2.71695">
        <ele>77</ele>
        <time>2026-03-02T13:40:47+00:00</time>
      </trkpt>
      <trkpt lat="50.77928" lon="2.71639">
        <ele>76</ele>
        <time>2026-03-02T13:40:50+00:00</time>
      </trkpt>
      <trkpt lat="50.77946" lon="2.71621">
        <ele>76</ele>
        <time>2026-03-02T13:40:53+00:00</time>
      </trkpt>
      <trkpt lat="50.77972" lon="2.71607">
        <ele>74</ele>
        <time>2026-03-02T13:40:56+00:00</time>
      </trkpt>
      <trkpt lat="50.78018" lon="2.71581">
        <ele>70</ele>
        <time>2026-03-02T13:40:59+00:00</time>
      </trkpt>
      <trkpt lat="50.78029" lon="2.71539">
        <ele>70</ele>
        <time>2026-03-02T13:41:02+00:00</time>
      </trkpt>
      <trkpt lat="50.7804" lon="2.71497">
        <ele>67</ele>
        <time>2026-03-02T13:41:05+00:00</time>
      </trkpt>
      <trkpt lat="50.78053" lon="2.71451">
        <ele>65</ele>
        <time>2026-03-02T13:41:08+00:00</time>
      </trkpt>
      <trkpt lat="50.78045" lon="2.71417">
        <ele>65</ele>
        <time>2026-03-02T13:41:11+00:00</time>
      </trkpt>
      <trkpt lat="50.78035" lon="2.71375">
        <ele>62</ele>
        <time>2026-03-02T13:41:14+00:00</time>
      </trkpt>
      <trkpt lat="50.78039" lon="2.71314">
        <ele>57</ele>
        <time>2026-03-02T13:41:17+00:00</time>
      </trkpt>
      <trkpt lat="50.78041" lon="2.71272">
        <ele>54</ele>
        <time>2026-03-02T13:41:20+00:00</time>
      </trkpt>
      <trkpt lat="50.78044" lon="2.71198">
        <ele>52</ele>
        <time>2026-03-02T13:41:23+00:00</time>
      </trkpt>
      <trkpt lat="50.78043" lon="2.71163">
        <ele>52</ele>
        <time>2026-03-02T13:41:26+00:00</time>
      </trkpt>
      <trkpt lat="50.78042" lon="2.71125">
        <ele>52</ele>
        <time>2026-03-02T13:41:29+00:00</time>
      </trkpt>
      <trkpt lat="50.78042" lon="2.7109">
        <ele>51</ele>
        <time>2026-03-02T13:41:32+00:00</time>
      </trkpt>
      <trkpt lat="50.78043" lon="2.71051">
        <ele>51</ele>
        <time>2026-03-02T13:41:35+00:00</time>
      </trkpt>
      <trkpt lat="50.78036" lon="2.70999">
        <ele>51</ele>
        <time>2026-03-02T13:41:38+00:00</time>
      </trkpt>
      <trkpt lat="50.78028" lon="2.70947">
        <ele>50</ele>
        <time>2026-03-02T13:41:41+00:00</time>
      </trkpt>
      <trkpt lat="50.78021" lon="2.70895">
        <ele>49</ele>
        <time>2026-03-02T13:41:44+00:00</time>
      </trkpt>
      <trkpt lat="50.78015" lon="2.70857">
        <ele>48</ele>
        <time>2026-03-02T13:41:47+00:00</time>
      </trkpt>
      <trkpt lat="50.78008" lon="2.70804">
        <ele>47</ele>
        <time>2026-03-02T13:41:50+00:00</time>
      </trkpt>
      <trkpt lat="50.78" lon="2.70754">
        <ele>45</ele>
        <time>2026-03-02T13:41:53+00:00</time>
      </trkpt>
      <trkpt lat="50.77993" lon="2.70704">
        <ele>43</ele>
        <time>2026-03-02T13:41:56+00:00</time>
      </trkpt>
      <trkpt lat="50.77986" lon="2.70662">
        <ele>42</ele>
        <time>2026-03-02T13:41:59+00:00</time>
      </trkpt>
      <trkpt lat="50.77981" lon="2.70627">
        <ele>41</ele>
        <time>2026-03-02T13:42:02+00:00</time>
      </trkpt>
      <trkpt lat="50.77975" lon="2.70588">
        <ele>41</ele>
        <time>2026-03-02T13:42:05+00:00</time>
      </trkpt>
      <trkpt lat="50.77972" lon="2.70552">
        <ele>41</ele>
        <time>2026-03-02T13:42:08+00:00</time>
      </trkpt>
      <trkpt lat="50.77969" lon="2.7051">
        <ele>41</ele>
        <time>2026-03-02T13:42:11+00:00</time>
      </trkpt>
      <trkpt lat="50.77993" lon="2.70484">
        <ele>42</ele>
        <time>2026-03-02T13:42:14+00:00</time>
      </trkpt>
      <trkpt lat="50.78009" lon="2.70454">
        <ele>43</ele>
        <time>2026-03-02T13:42:17+00:00</time>
      </trkpt>
      <trkpt lat="50.78032" lon="2.70413">
        <ele>43</ele>
        <time>2026-03-02T13:42:20+00:00</time>
      </trkpt>
      <trkpt lat="50.7806" lon="2.70365">
        <ele>44</ele>
        <time>2026-03-02T13:42:23+00:00</time>
      </trkpt>
      <trkpt lat="50.78075" lon="2.70337">
        <ele>44</ele>
        <time>2026-03-02T13:42:26+00:00</time>
      </trkpt>
      <trkpt lat="50.78096" lon="2.703">
        <ele>44</ele>
        <time>2026-03-02T13:42:29+00:00</time>
      </trkpt>
      <trkpt lat="50.78117" lon="2.70261">
        <ele>44</ele>
        <time>2026-03-02T13:42:32+00:00</time>
      </trkpt>
      <trkpt lat="50.78137" lon="2.70222">
        <ele>44</ele>
        <time>2026-03-02T13:42:35+00:00</time>
      </trkpt>
      <trkpt lat="50.78154" lon="2.7019">
        <ele>44</ele>
        <time>2026-03-02T13:42:38+00:00</time>
      </trkpt>
      <trkpt lat="50.78182" lon="2.70138">
        <ele>45</ele>
        <time>2026-03-02T13:42:41+00:00</time>
      </trkpt>
      <trkpt lat="50.78198" lon="2.70104">
        <ele>45</ele>
        <time>2026-03-02T13:42:44+00:00</time>
      </trkpt>
      <trkpt lat="50.78226" lon="2.70045">
        <ele>45</ele>
        <time>2026-03-02T13:42:47+00:00</time>
      </trkpt>
      <trkpt lat="50.78232" lon="2.7001">
        <ele>46</ele>
        <time>2026-03-02T13:42:50+00:00</time>
      </trkpt>
      <trkpt lat="50.78239" lon="2.69969">
        <ele>46</ele>
        <time>2026-03-02T13:42:53+00:00</time>
      </trkpt>
      <trkpt lat="50.78245" lon="2.6993">
        <ele>47</ele>
        <time>2026-03-02T13:42:56+00:00</time>
      </trkpt>
      <trkpt lat="50.78251" lon="2.69885">
        <ele>47</ele>
        <time>2026-03-02T13:42:59+00:00</time>
      </trkpt>
      <trkpt lat="50.78257" lon="2.6984">
        <ele>48</ele>
        <time>2026-03-02T13:43:02+00:00</time>
      </trkpt>
      <trkpt lat="50.78264" lon="2.69788">
        <ele>48</ele>
        <time>2026-03-02T13:43:05+00:00</time>
      </trkpt>
      <trkpt lat="50.78265" lon="2.69745">
        <ele>49</ele>
        <time>2026-03-02T13:43:08+00:00</time>
      </trkpt>
      <trkpt lat="50.78265" lon="2.6971">
        <ele>51</ele>
        <time>2026-03-02T13:43:11+00:00</time>
      </trkpt>
      <trkpt lat="50.78266" lon="2.6967">
        <ele>52</ele>
        <time>2026-03-02T13:43:14+00:00</time>
      </trkpt>
      <trkpt lat="50.78264" lon="2.69628">
        <ele>53</ele>
        <time>2026-03-02T13:43:17+00:00</time>
      </trkpt>
      <trkpt lat="50.78261" lon="2.69592">
        <ele>55</ele>
        <time>2026-03-02T13:43:20+00:00</time>
      </trkpt>
      <trkpt lat="50.78259" lon="2.69552">
        <ele>57</ele>
        <time>2026-03-02T13:43:23+00:00</time>
      </trkpt>
      <trkpt lat="50.78237" lon="2.69495">
        <ele>59</ele>
        <time>2026-03-02T13:43:26+00:00</time>
      </trkpt>
      <trkpt lat="50.78223" lon="2.69462">
        <ele>59</ele>
        <time>2026-03-02T13:43:29+00:00</time>
      </trkpt>
      <trkpt lat="50.78201" lon="2.69412">
        <ele>60</ele>
        <time>2026-03-02T13:43:32+00:00</time>
      </trkpt>
      <trkpt lat="50.78182" lon="2.69371">
        <ele>61</ele>
        <time>2026-03-02T13:43:35+00:00</time>
      </trkpt>
      <trkpt lat="50.78164" lon="2.69328">
        <ele>62</ele>
        <time>2026-03-02T13:43:38+00:00</time>
      </trkpt>
      <trkpt lat="50.78147" lon="2.69287">
        <ele>63</ele>
        <time>2026-03-02T13:43:41+00:00</time>
      </trkpt>
      <trkpt lat="50.78135" lon="2.69255">
        <ele>63</ele>
        <time>2026-03-02T13:43:44+00:00</time>
      </trkpt>
      <trkpt lat="50.78119" lon="2.69215">
        <ele>63</ele>
        <time>2026-03-02T13:43:47+00:00</time>
      </trkpt>
      <trkpt lat="50.78104" lon="2.69179">
        <ele>61</ele>
        <time>2026-03-02T13:43:50+00:00</time>
      </trkpt>
      <trkpt lat="50.78095" lon="2.69145">
        <ele>60</ele>
        <time>2026-03-02T13:43:53+00:00</time>
      </trkpt>
      <trkpt lat="50.78085" lon="2.69105">
        <ele>57</ele>
        <time>2026-03-02T13:43:56+00:00</time>
      </trkpt>
      <trkpt lat="50.78074" lon="2.69066">
        <ele>56</ele>
        <time>2026-03-02T13:43:59+00:00</time>
      </trkpt>
      <trkpt lat="50.78052" lon="2.69021">
        <ele>56</ele>
        <time>2026-03-02T13:44:02+00:00</time>
      </trkpt>
      <trkpt lat="50.78056" lon="2.6898">
        <ele>57</ele>
        <time>2026-03-02T13:44:05+00:00</time>
      </trkpt>
      <trkpt lat="50.78062" lon="2.68917">
        <ele>59</ele>
        <time>2026-03-02T13:44:08+00:00</time>
      </trkpt>
      <trkpt lat="50.78068" lon="2.68864">
        <ele>60</ele>
        <time>2026-03-02T13:44:11+00:00</time>
      </trkpt>
      <trkpt lat="50.78071" lon="2.68826">
        <ele>61</ele>
        <time>2026-03-02T13:44:14+00:00</time>
      </trkpt>
      <trkpt lat="50.78076" lon="2.68776">
        <ele>63</ele>
        <time>2026-03-02T13:44:17+00:00</time>
      </trkpt>
      <trkpt lat="50.78077" lon="2.68736">
        <ele>65</ele>
        <time>2026-03-02T13:44:20+00:00</time>
      </trkpt>
      <trkpt lat="50.78078" lon="2.6868">
        <ele>65</ele>
        <time>2026-03-02T13:44:23+00:00</time>
      </trkpt>
      <trkpt lat="50.78079" lon="2.68645">
        <ele>65</ele>
        <time>2026-03-02T13:44:26+00:00</time>
      </trkpt>
      <trkpt lat="50.7808" lon="2.68609">
        <ele>66</ele>
        <time>2026-03-02T13:44:29+00:00</time>
      </trkpt>
      <trkpt lat="50.78075" lon="2.68555">
        <ele>68</ele>
        <time>2026-03-02T13:44:32+00:00</time>
      </trkpt>
      <trkpt lat="50.78071" lon="2.68516">
        <ele>68</ele>
        <time>2026-03-02T13:44:35+00:00</time>
      </trkpt>
      <trkpt lat="50.78065" lon="2.68459">
        <ele>71</ele>
        <time>2026-03-02T13:44:38+00:00</time>
      </trkpt>
      <trkpt lat="50.78061" lon="2.68418">
        <ele>72</ele>
        <time>2026-03-02T13:44:41+00:00</time>
      </trkpt>
      <trkpt lat="50.78056" lon="2.68354">
        <ele>75</ele>
        <time>2026-03-02T13:44:44+00:00</time>
      </trkpt>
      <trkpt lat="50.78051" lon="2.68307">
        <ele>76</ele>
        <time>2026-03-02T13:44:47+00:00</time>
      </trkpt>
      <trkpt lat="50.78048" lon="2.68267">
        <ele>78</ele>
        <time>2026-03-02T13:44:50+00:00</time>
      </trkpt>
      <trkpt lat="50.78043" lon="2.68207">
        <ele>81</ele>
        <time>2026-03-02T13:44:53+00:00</time>
      </trkpt>
      <trkpt lat="50.7804" lon="2.68168">
        <ele>82</ele>
        <time>2026-03-02T13:44:56+00:00</time>
      </trkpt>
      <trkpt lat="50.78036" lon="2.68112">
        <ele>85</ele>
        <time>2026-03-02T13:44:59+00:00</time>
      </trkpt>
      <trkpt lat="50.78033" lon="2.68064">
        <ele>87</ele>
        <time>2026-03-02T13:45:02+00:00</time>
      </trkpt>
      <trkpt lat="50.78061" lon="2.6806">
        <ele>87</ele>
        <time>2026-03-02T13:45:05+00:00</time>
      </trkpt>
      <trkpt lat="50.7809" lon="2.68056">
        <ele>84</ele>
        <time>2026-03-02T13:45:08+00:00</time>
      </trkpt>
      <trkpt lat="50.78118" lon="2.68052">
        <ele>79</ele>
        <time>2026-03-02T13:45:11+00:00</time>
      </trkpt>
      <trkpt lat="50.78141" lon="2.68058">
        <ele>79</ele>
        <time>2026-03-02T13:45:14+00:00</time>
      </trkpt>
      <trkpt lat="50.78167" lon="2.68065">
        <ele>80</ele>
        <time>2026-03-02T13:45:17+00:00</time>
      </trkpt>
      <trkpt lat="50.78198" lon="2.68048">
        <ele>84</ele>
        <time>2026-03-02T13:45:20+00:00</time>
      </trkpt>
      <trkpt lat="50.78225" lon="2.68045">
        <ele>87</ele>
        <time>2026-03-02T13:45:23+00:00</time>
      </trkpt>
      <trkpt lat="50.78269" lon="2.68039">
        <ele>88</ele>
        <time>2026-03-02T13:45:26+00:00</time>
      </trkpt>
      <trkpt lat="50.78274" lon="2.68009">
        <ele>89</ele>
        <time>2026-03-02T13:45:29+00:00</time>
      </trkpt>
      <trkpt lat="50.78306" lon="2.67978">
        <ele>91</ele>
        <time>2026-03-02T13:45:32+00:00</time>
      </trkpt>
      <trkpt lat="50.78331" lon="2.67953">
        <ele>97</ele>
        <time>2026-03-02T13:45:35+00:00</time>
      </trkpt>
      <trkpt lat="50.78357" lon="2.67927">
        <ele>100</ele>
        <time>2026-03-02T13:45:38+00:00</time>
      </trkpt>
      <trkpt lat="50.78392" lon="2.67892">
        <ele>100</ele>
        <time>2026-03-02T13:45:41+00:00</time>
      </trkpt>
      <trkpt lat="50.78411" lon="2.67874">
        <ele>100</ele>
        <time>2026-03-02T13:45:44+00:00</time>
      </trkpt>
      <trkpt lat="50.78433" lon="2.67853">
        <ele>100</ele>
        <time>2026-03-02T13:45:47+00:00</time>
      </trkpt>
      <trkpt lat="50.78455" lon="2.67831">
        <ele>100</ele>
        <time>2026-03-02T13:45:50+00:00</time>
      </trkpt>
      <trkpt lat="50.78488" lon="2.67797">
        <ele>99</ele>
        <time>2026-03-02T13:45:53+00:00</time>
      </trkpt>
      <trkpt lat="50.78509" lon="2.67777">
        <ele>98</ele>
        <time>2026-03-02T13:45:56+00:00</time>
      </trkpt>
      <trkpt lat="50.78537" lon="2.6775">
        <ele>97</ele>
        <time>2026-03-02T13:45:59+00:00</time>
      </trkpt>
      <trkpt lat="50.78543" lon="2.67712">
        <ele>97</ele>
        <time>2026-03-02T13:46:02+00:00</time>
      </trkpt>
      <trkpt lat="50.78551" lon="2.67662">
        <ele>98</ele>
        <time>2026-03-02T13:46:05+00:00</time>
      </trkpt>
      <trkpt lat="50.78558" lon="2.67622">
        <ele>98</ele>
        <time>2026-03-02T13:46:08+00:00</time>
      </trkpt>
      <trkpt lat="50.78567" lon="2.6756">
        <ele>98</ele>
        <time>2026-03-02T13:46:11+00:00</time>
      </trkpt>
      <trkpt lat="50.78581" lon="2.67524">
        <ele>99</ele>
        <time>2026-03-02T13:46:14+00:00</time>
      </trkpt>
      <trkpt lat="50.78603" lon="2.67467">
        <ele>101</ele>
        <time>2026-03-02T13:46:17+00:00</time>
      </trkpt>
      <trkpt lat="50.78608" lon="2.67424">
        <ele>103</ele>
        <time>2026-03-02T13:46:20+00:00</time>
      </trkpt>
      <trkpt lat="50.78611" lon="2.67389">
        <ele>104</ele>
        <time>2026-03-02T13:46:23+00:00</time>
      </trkpt>
      <trkpt lat="50.78615" lon="2.6735">
        <ele>105</ele>
        <time>2026-03-02T13:46:26+00:00</time>
      </trkpt>
      <trkpt lat="50.7861" lon="2.67319">
        <ele>106</ele>
        <time>2026-03-02T13:46:29+00:00</time>
      </trkpt>
      <trkpt lat="50.78582" lon="2.67302">
        <ele>108</ele>
        <time>2026-03-02T13:46:32+00:00</time>
      </trkpt>
      <trkpt lat="50.78554" lon="2.67284">
        <ele>111</ele>
        <time>2026-03-02T13:46:35+00:00</time>
      </trkpt>
      <trkpt lat="50.78517" lon="2.67262">
        <ele>117</ele>
        <time>2026-03-02T13:46:38+00:00</time>
      </trkpt>
      <trkpt lat="50.78486" lon="2.67253">
        <ele>122</ele>
        <time>2026-03-02T13:46:41+00:00</time>
      </trkpt>
      <trkpt lat="50.78465" lon="2.67251">
        <ele>125</ele>
        <time>2026-03-02T13:46:44+00:00</time>
      </trkpt>
      <trkpt lat="50.78443" lon="2.67249">
        <ele>128</ele>
        <time>2026-03-02T13:46:47+00:00</time>
      </trkpt>
      <trkpt lat="50.7842" lon="2.67232">
        <ele>132</ele>
        <time>2026-03-02T13:46:50+00:00</time>
      </trkpt>
      <trkpt lat="50.78384" lon="2.67207">
        <ele>136</ele>
        <time>2026-03-02T13:46:53+00:00</time>
      </trkpt>
      <trkpt lat="50.78363" lon="2.67174">
        <ele>142</ele>
        <time>2026-03-02T13:46:56+00:00</time>
      </trkpt>
      <trkpt lat="50.78328" lon="2.67144">
        <ele>147</ele>
        <time>2026-03-02T13:46:59+00:00</time>
      </trkpt>
      <trkpt lat="50.78306" lon="2.67127">
        <ele>151</ele>
        <time>2026-03-02T13:47:02+00:00</time>
      </trkpt>
      <trkpt lat="50.78278" lon="2.67104">
        <ele>152</ele>
        <time>2026-03-02T13:47:05+00:00</time>
      </trkpt>
      <trkpt lat="50.78307" lon="2.67104">
        <ele>153</ele>
        <time>2026-03-02T13:47:08+00:00</time>
      </trkpt>
      <trkpt lat="50.78337" lon="2.67105">
        <ele>153</ele>
        <time>2026-03-02T13:47:11+00:00</time>
      </trkpt>
      <trkpt lat="50.78372" lon="2.67105">
        <ele>153</ele>
        <time>2026-03-02T13:47:14+00:00</time>
      </trkpt>
      <trkpt lat="50.78373" lon="2.67064">
        <ele>154</ele>
        <time>2026-03-02T13:47:17+00:00</time>
      </trkpt>
      <trkpt lat="50.78378" lon="2.67024">
        <ele>156</ele>
        <time>2026-03-02T13:47:20+00:00</time>
      </trkpt>
      <trkpt lat="50.78385" lon="2.66966">
        <ele>157</ele>
        <time>2026-03-02T13:47:23+00:00</time>
      </trkpt>
      <trkpt lat="50.78389" lon="2.66927">
        <ele>159</ele>
        <time>2026-03-02T13:47:26+00:00</time>
      </trkpt>
      <trkpt lat="50.78396" lon="2.66871">
        <ele>159</ele>
        <time>2026-03-02T13:47:29+00:00</time>
      </trkpt>
      <trkpt lat="50.78407" lon="2.66835">
        <ele>159</ele>
        <time>2026-03-02T13:47:32+00:00</time>
      </trkpt>
      <trkpt lat="50.78422" lon="2.66782">
        <ele>159</ele>
        <time>2026-03-02T13:47:35+00:00</time>
      </trkpt>
      <trkpt lat="50.78437" lon="2.66735">
        <ele>159</ele>
        <time>2026-03-02T13:47:38+00:00</time>
      </trkpt>
      <trkpt lat="50.78449" lon="2.66695">
        <ele>159</ele>
        <time>2026-03-02T13:47:41+00:00</time>
      </trkpt>
      <trkpt lat="50.78471" lon="2.66622">
        <ele>160</ele>
        <time>2026-03-02T13:47:44+00:00</time>
      </trkpt>
      <trkpt lat="50.78458" lon="2.66619">
        <ele>161</ele>
        <time>2026-03-02T13:47:47+00:00</time>
      </trkpt>
      <trkpt lat="50.78448" lon="2.66651">
        <ele>161</ele>
        <time>2026-03-02T13:47:50+00:00</time>
      </trkpt>
      <trkpt lat="50.7843" lon="2.66708">
        <ele>161</ele>
        <time>2026-03-02T13:47:53+00:00</time>
      </trkpt>
      <trkpt lat="50.78416" lon="2.66741">
        <ele>161</ele>
        <time>2026-03-02T13:47:56+00:00</time>
      </trkpt>
      <trkpt lat="50.78394" lon="2.6679">
        <ele>161</ele>
        <time>2026-03-02T13:47:59+00:00</time>
      </trkpt>
      <trkpt lat="50.78383" lon="2.66823">
        <ele>161</ele>
        <time>2026-03-02T13:48:02+00:00</time>
      </trkpt>
      <trkpt lat="50.78368" lon="2.66867">
        <ele>161</ele>
        <time>2026-03-02T13:48:05+00:00</time>
      </trkpt>
      <trkpt lat="50.78347" lon="2.66907">
        <ele>161</ele>
        <time>2026-03-02T13:48:08+00:00</time>
      </trkpt>
      <trkpt lat="50.78325" lon="2.66947">
        <ele>160</ele>
        <time>2026-03-02T13:48:11+00:00</time>
      </trkpt>
      <trkpt lat="50.78304" lon="2.66987">
        <ele>158</ele>
        <time>2026-03-02T13:48:14+00:00</time>
      </trkpt>
      <trkpt lat="50.78289" lon="2.67014">
        <ele>155</ele>
        <time>2026-03-02T13:48:17+00:00</time>
      </trkpt>
      <trkpt lat="50.78272" lon="2.67046">
        <ele>153</ele>
        <time>2026-03-02T13:48:20+00:00</time>
      </trkpt>
      <trkpt lat="50.78255" lon="2.67093">
        <ele>151</ele>
        <time>2026-03-02T13:48:23+00:00</time>
      </trkpt>
      <trkpt lat="50.78247" lon="2.67133">
        <ele>151</ele>
        <time>2026-03-02T13:48:26+00:00</time>
      </trkpt>
      <trkpt lat="50.78241" lon="2.67166">
        <ele>151</ele>
        <time>2026-03-02T13:48:29+00:00</time>
      </trkpt>
      <trkpt lat="50.78235" lon="2.67201">
        <ele>147</ele>
        <time>2026-03-02T13:48:32+00:00</time>
      </trkpt>
      <trkpt lat="50.78216" lon="2.67227">
        <ele>140</ele>
        <time>2026-03-02T13:48:35+00:00</time>
      </trkpt>
      <trkpt lat="50.78189" lon="2.67265">
        <ele>134</ele>
        <time>2026-03-02T13:48:38+00:00</time>
      </trkpt>
      <trkpt lat="50.78189" lon="2.6729">
        <ele>133</ele>
        <time>2026-03-02T13:48:41+00:00</time>
      </trkpt>
      <trkpt lat="50.7817" lon="2.67295">
        <ele>131</ele>
        <time>2026-03-02T13:48:44+00:00</time>
      </trkpt>
      <trkpt lat="50.7814" lon="2.67302">
        <ele>127</ele>
        <time>2026-03-02T13:48:47+00:00</time>
      </trkpt>
      <trkpt lat="50.78109" lon="2.67311">
        <ele>123</ele>
        <time>2026-03-02T13:48:50+00:00</time>
      </trkpt>
      <trkpt lat="50.78109" lon="2.67269">
        <ele>123</ele>
        <time>2026-03-02T13:48:53+00:00</time>
      </trkpt>
      <trkpt lat="50.78109" lon="2.67199">
        <ele>123</ele>
        <time>2026-03-02T13:48:56+00:00</time>
      </trkpt>
      <trkpt lat="50.78081" lon="2.67201">
        <ele>123</ele>
        <time>2026-03-02T13:48:59+00:00</time>
      </trkpt>
      <trkpt lat="50.78058" lon="2.67203">
        <ele>120</ele>
        <time>2026-03-02T13:49:02+00:00</time>
      </trkpt>
      <trkpt lat="50.78032" lon="2.67206">
        <ele>118</ele>
        <time>2026-03-02T13:49:05+00:00</time>
      </trkpt>
      <trkpt lat="50.78017" lon="2.67234">
        <ele>115</ele>
        <time>2026-03-02T13:49:08+00:00</time>
      </trkpt>
      <trkpt lat="50.78" lon="2.67268">
        <ele>112</ele>
        <time>2026-03-02T13:49:11+00:00</time>
      </trkpt>
      <trkpt lat="50.77988" lon="2.67323">
        <ele>111</ele>
        <time>2026-03-02T13:49:14+00:00</time>
      </trkpt>
      <trkpt lat="50.77996" lon="2.67355">
        <ele>111</ele>
        <time>2026-03-02T13:49:17+00:00</time>
      </trkpt>
      <trkpt lat="50.78003" lon="2.67387">
        <ele>109</ele>
        <time>2026-03-02T13:49:20+00:00</time>
      </trkpt>
      <trkpt lat="50.77967" lon="2.67399">
        <ele>106</ele>
        <time>2026-03-02T13:49:23+00:00</time>
      </trkpt>
      <trkpt lat="50.77937" lon="2.67408">
        <ele>104</ele>
        <time>2026-03-02T13:49:26+00:00</time>
      </trkpt>
      <trkpt lat="50.77907" lon="2.67417">
        <ele>101</ele>
        <time>2026-03-02T13:49:29+00:00</time>
      </trkpt>
      <trkpt lat="50.77859" lon="2.67432">
        <ele>96</ele>
        <time>2026-03-02T13:49:32+00:00</time>
      </trkpt>
      <trkpt lat="50.77823" lon="2.67444">
        <ele>93</ele>
        <time>2026-03-02T13:49:35+00:00</time>
      </trkpt>
      <trkpt lat="50.77795" lon="2.67453">
        <ele>91</ele>
        <time>2026-03-02T13:49:38+00:00</time>
      </trkpt>
      <trkpt lat="50.77767" lon="2.67461">
        <ele>88</ele>
        <time>2026-03-02T13:49:41+00:00</time>
      </trkpt>
      <trkpt lat="50.77739" lon="2.6747">
        <ele>86</ele>
        <time>2026-03-02T13:49:44+00:00</time>
      </trkpt>
      <trkpt lat="50.77705" lon="2.67486">
        <ele>83</ele>
        <time>2026-03-02T13:49:47+00:00</time>
      </trkpt>
      <trkpt lat="50.77671" lon="2.67502">
        <ele>80</ele>
        <time>2026-03-02T13:49:50+00:00</time>
      </trkpt>
      <trkpt lat="50.77638" lon="2.67518">
        <ele>78</ele>
        <time>2026-03-02T13:49:53+00:00</time>
      </trkpt>
      <trkpt lat="50.77604" lon="2.67534">
        <ele>76</ele>
        <time>2026-03-02T13:49:56+00:00</time>
      </trkpt>
      <trkpt lat="50.77544" lon="2.67563">
        <ele>69</ele>
        <time>2026-03-02T13:49:59+00:00</time>
      </trkpt>
      <trkpt lat="50.7751" lon="2.67562">
        <ele>67</ele>
        <time>2026-03-02T13:50:02+00:00</time>
      </trkpt>
      <trkpt lat="50.77475" lon="2.67562">
        <ele>67</ele>
        <time>2026-03-02T13:50:05+00:00</time>
      </trkpt>
      <trkpt lat="50.77444" lon="2.67561">
        <ele>69</ele>
        <time>2026-03-02T13:50:08+00:00</time>
      </trkpt>
      <trkpt lat="50.77413" lon="2.6756">
        <ele>70</ele>
        <time>2026-03-02T13:50:11+00:00</time>
      </trkpt>
      <trkpt lat="50.77363" lon="2.67559">
        <ele>70</ele>
        <time>2026-03-02T13:50:14+00:00</time>
      </trkpt>
      <trkpt lat="50.77333" lon="2.67568">
        <ele>70</ele>
        <time>2026-03-02T13:50:17+00:00</time>
      </trkpt>
      <trkpt lat="50.77302" lon="2.67577">
        <ele>70</ele>
        <time>2026-03-02T13:50:20+00:00</time>
      </trkpt>
      <trkpt lat="50.77254" lon="2.67592">
        <ele>69</ele>
        <time>2026-03-02T13:50:23+00:00</time>
      </trkpt>
      <trkpt lat="50.77265" lon="2.67638">
        <ele>68</ele>
        <time>2026-03-02T13:50:26+00:00</time>
      </trkpt>
      <trkpt lat="50.77277" lon="2.67684">
        <ele>67</ele>
        <time>2026-03-02T13:50:29+00:00</time>
      </trkpt>
      <trkpt lat="50.77285" lon="2.67719">
        <ele>66</ele>
        <time>2026-03-02T13:50:32+00:00</time>
      </trkpt>
      <trkpt lat="50.77295" lon="2.67763">
        <ele>65</ele>
        <time>2026-03-02T13:50:35+00:00</time>
      </trkpt>
      <trkpt lat="50.7732" lon="2.6776">
        <ele>65</ele>
        <time>2026-03-02T13:50:38+00:00</time>
      </trkpt>
      <trkpt lat="50.77355" lon="2.67755">
        <ele>64</ele>
        <time>2026-03-02T13:50:41+00:00</time>
      </trkpt>
      <trkpt lat="50.7737" lon="2.67788">
        <ele>63</ele>
        <time>2026-03-02T13:50:44+00:00</time>
      </trkpt>
      <trkpt lat="50.77394" lon="2.67838">
        <ele>60</ele>
        <time>2026-03-02T13:50:47+00:00</time>
      </trkpt>
      <trkpt lat="50.77409" lon="2.67876">
        <ele>57</ele>
        <time>2026-03-02T13:50:50+00:00</time>
      </trkpt>
      <trkpt lat="50.77425" lon="2.67914">
        <ele>54</ele>
        <time>2026-03-02T13:50:53+00:00</time>
      </trkpt>
      <trkpt lat="50.77441" lon="2.67955">
        <ele>52</ele>
        <time>2026-03-02T13:50:56+00:00</time>
      </trkpt>
      <trkpt lat="50.77467" lon="2.67973">
        <ele>52</ele>
        <time>2026-03-02T13:50:59+00:00</time>
      </trkpt>
      <trkpt lat="50.77518" lon="2.68009">
        <ele>54</ele>
        <time>2026-03-02T13:51:02+00:00</time>
      </trkpt>
      <trkpt lat="50.77548" lon="2.68017">
        <ele>56</ele>
        <time>2026-03-02T13:51:05+00:00</time>
      </trkpt>
      <trkpt lat="50.77578" lon="2.68025">
        <ele>58</ele>
        <time>2026-03-02T13:51:08+00:00</time>
      </trkpt>
      <trkpt lat="50.77622" lon="2.68037">
        <ele>63</ele>
        <time>2026-03-02T13:51:11+00:00</time>
      </trkpt>
      <trkpt lat="50.77647" lon="2.6807">
        <ele>67</ele>
        <time>2026-03-02T13:51:14+00:00</time>
      </trkpt>
      <trkpt lat="50.77672" lon="2.68104">
        <ele>72</ele>
        <time>2026-03-02T13:51:17+00:00</time>
      </trkpt>
      <trkpt lat="50.77697" lon="2.68137">
        <ele>76</ele>
        <time>2026-03-02T13:51:20+00:00</time>
      </trkpt>
      <trkpt lat="50.77729" lon="2.68181">
        <ele>77</ele>
        <time>2026-03-02T13:51:23+00:00</time>
      </trkpt>
      <trkpt lat="50.77709" lon="2.6821">
        <ele>77</ele>
        <time>2026-03-02T13:51:26+00:00</time>
      </trkpt>
      <trkpt lat="50.77673" lon="2.68263">
        <ele>77</ele>
        <time>2026-03-02T13:51:29+00:00</time>
      </trkpt>
      <trkpt lat="50.77646" lon="2.68304">
        <ele>77</ele>
        <time>2026-03-02T13:51:32+00:00</time>
      </trkpt>
      <trkpt lat="50.77619" lon="2.68343">
        <ele>76</ele>
        <time>2026-03-02T13:51:35+00:00</time>
      </trkpt>
      <trkpt lat="50.77593" lon="2.68382">
        <ele>76</ele>
        <time>2026-03-02T13:51:38+00:00</time>
      </trkpt>
      <trkpt lat="50.77566" lon="2.68421">
        <ele>75</ele>
        <time>2026-03-02T13:51:41+00:00</time>
      </trkpt>
      <trkpt lat="50.7754" lon="2.68459">
        <ele>75</ele>
        <time>2026-03-02T13:51:44+00:00</time>
      </trkpt>
      <trkpt lat="50.77513" lon="2.68498">
        <ele>74</ele>
        <time>2026-03-02T13:51:47+00:00</time>
      </trkpt>
      <trkpt lat="50.77469" lon="2.68563">
        <ele>74</ele>
        <time>2026-03-02T13:51:50+00:00</time>
      </trkpt>
      <trkpt lat="50.77437" lon="2.68542">
        <ele>74</ele>
        <time>2026-03-02T13:51:53+00:00</time>
      </trkpt>
      <trkpt lat="50.77406" lon="2.68521">
        <ele>74</ele>
        <time>2026-03-02T13:51:56+00:00</time>
      </trkpt>
      <trkpt lat="50.77374" lon="2.68501">
        <ele>74</ele>
        <time>2026-03-02T13:51:59+00:00</time>
      </trkpt>
      <trkpt lat="50.77343" lon="2.6848">
        <ele>72</ele>
        <time>2026-03-02T13:52:02+00:00</time>
      </trkpt>
      <trkpt lat="50.77311" lon="2.68459">
        <ele>68</ele>
        <time>2026-03-02T13:52:05+00:00</time>
      </trkpt>
      <trkpt lat="50.77289" lon="2.68476">
        <ele>68</ele>
        <time>2026-03-02T13:52:08+00:00</time>
      </trkpt>
      <trkpt lat="50.77259" lon="2.68499">
        <ele>67</ele>
        <time>2026-03-02T13:52:11+00:00</time>
      </trkpt>
      <trkpt lat="50.77242" lon="2.6846">
        <ele>64</ele>
        <time>2026-03-02T13:52:14+00:00</time>
      </trkpt>
      <trkpt lat="50.77225" lon="2.68421">
        <ele>61</ele>
        <time>2026-03-02T13:52:17+00:00</time>
      </trkpt>
      <trkpt lat="50.77201" lon="2.68367">
        <ele>57</ele>
        <time>2026-03-02T13:52:20+00:00</time>
      </trkpt>
      <trkpt lat="50.77169" lon="2.68357">
        <ele>53</ele>
        <time>2026-03-02T13:52:23+00:00</time>
      </trkpt>
      <trkpt lat="50.77137" lon="2.68347">
        <ele>49</ele>
        <time>2026-03-02T13:52:26+00:00</time>
      </trkpt>
      <trkpt lat="50.77105" lon="2.68337">
        <ele>46</ele>
        <time>2026-03-02T13:52:29+00:00</time>
      </trkpt>
      <trkpt lat="50.77064" lon="2.68324">
        <ele>44</ele>
        <time>2026-03-02T13:52:32+00:00</time>
      </trkpt>
      <trkpt lat="50.77034" lon="2.68327">
        <ele>44</ele>
        <time>2026-03-02T13:52:35+00:00</time>
      </trkpt>
      <trkpt lat="50.77008" lon="2.68329">
        <ele>44</ele>
        <time>2026-03-02T13:52:38+00:00</time>
      </trkpt>
      <trkpt lat="50.76964" lon="2.68332">
        <ele>44</ele>
        <time>2026-03-02T13:52:41+00:00</time>
      </trkpt>
      <trkpt lat="50.76935" lon="2.68312">
        <ele>44</ele>
        <time>2026-03-02T13:52:44+00:00</time>
      </trkpt>
      <trkpt lat="50.76908" lon="2.68294">
        <ele>45</ele>
        <time>2026-03-02T13:52:47+00:00</time>
      </trkpt>
      <trkpt lat="50.76881" lon="2.68276">
        <ele>46</ele>
        <time>2026-03-02T13:52:50+00:00</time>
      </trkpt>
      <trkpt lat="50.76851" lon="2.68256">
        <ele>46</ele>
        <time>2026-03-02T13:52:53+00:00</time>
      </trkpt>
      <trkpt lat="50.76822" lon="2.6823">
        <ele>46</ele>
        <time>2026-03-02T13:52:56+00:00</time>
      </trkpt>
      <trkpt lat="50.76794" lon="2.68205">
        <ele>46</ele>
        <time>2026-03-02T13:52:59+00:00</time>
      </trkpt>
      <trkpt lat="50.76765" lon="2.68181">
        <ele>45</ele>
        <time>2026-03-02T13:53:02+00:00</time>
      </trkpt>
      <trkpt lat="50.76737" lon="2.68156">
        <ele>45</ele>
        <time>2026-03-02T13:53:05+00:00</time>
      </trkpt>
      <trkpt lat="50.76706" lon="2.68129">
        <ele>45</ele>
        <time>2026-03-02T13:53:08+00:00</time>
      </trkpt>
      <trkpt lat="50.76681" lon="2.68104">
        <ele>45</ele>
        <time>2026-03-02T13:53:11+00:00</time>
      </trkpt>
      <trkpt lat="50.76655" lon="2.68078">
        <ele>43</ele>
        <time>2026-03-02T13:53:14+00:00</time>
      </trkpt>
      <trkpt lat="50.76621" lon="2.68044">
        <ele>43</ele>
        <time>2026-03-02T13:53:17+00:00</time>
      </trkpt>
      <trkpt lat="50.76599" lon="2.68008">
        <ele>43</ele>
        <time>2026-03-02T13:53:20+00:00</time>
      </trkpt>
      <trkpt lat="50.76581" lon="2.67978">
        <ele>43</ele>
        <time>2026-03-02T13:53:23+00:00</time>
      </trkpt>
      <trkpt lat="50.76555" lon="2.67934">
        <ele>44</ele>
        <time>2026-03-02T13:53:26+00:00</time>
      </trkpt>
      <trkpt lat="50.76532" lon="2.67897">
        <ele>44</ele>
        <time>2026-03-02T13:53:29+00:00</time>
      </trkpt>
      <trkpt lat="50.76553" lon="2.67873">
        <ele>45</ele>
        <time>2026-03-02T13:53:32+00:00</time>
      </trkpt>
      <trkpt lat="50.76585" lon="2.67836">
        <ele>47</ele>
        <time>2026-03-02T13:53:35+00:00</time>
      </trkpt>
      <trkpt lat="50.76612" lon="2.67806">
        <ele>48</ele>
        <time>2026-03-02T13:53:38+00:00</time>
      </trkpt>
      <trkpt lat="50.76651" lon="2.67785">
        <ele>49</ele>
        <time>2026-03-02T13:53:41+00:00</time>
      </trkpt>
      <trkpt lat="50.76682" lon="2.67755">
        <ele>50</ele>
        <time>2026-03-02T13:53:44+00:00</time>
      </trkpt>
      <trkpt lat="50.76703" lon="2.67737">
        <ele>51</ele>
        <time>2026-03-02T13:53:47+00:00</time>
      </trkpt>
      <trkpt lat="50.76729" lon="2.67715">
        <ele>52</ele>
        <time>2026-03-02T13:53:50+00:00</time>
      </trkpt>
      <trkpt lat="50.7675" lon="2.677">
        <ele>52</ele>
        <time>2026-03-02T13:53:53+00:00</time>
      </trkpt>
      <trkpt lat="50.76777" lon="2.67683">
        <ele>53</ele>
        <time>2026-03-02T13:53:56+00:00</time>
      </trkpt>
      <trkpt lat="50.76793" lon="2.67639">
        <ele>55</ele>
        <time>2026-03-02T13:53:59+00:00</time>
      </trkpt>
      <trkpt lat="50.76824" lon="2.67632">
        <ele>55</ele>
        <time>2026-03-02T13:54:02+00:00</time>
      </trkpt>
      <trkpt lat="50.76854" lon="2.67625">
        <ele>56</ele>
        <time>2026-03-02T13:54:05+00:00</time>
      </trkpt>
      <trkpt lat="50.76906" lon="2.67613">
        <ele>58</ele>
        <time>2026-03-02T13:54:08+00:00</time>
      </trkpt>
      <trkpt lat="50.76935" lon="2.67596">
        <ele>59</ele>
        <time>2026-03-02T13:54:11+00:00</time>
      </trkpt>
      <trkpt lat="50.76964" lon="2.67579">
        <ele>60</ele>
        <time>2026-03-02T13:54:14+00:00</time>
      </trkpt>
      <trkpt lat="50.77012" lon="2.67552">
        <ele>62</ele>
        <time>2026-03-02T13:54:17+00:00</time>
      </trkpt>
      <trkpt lat="50.77046" lon="2.67533">
        <ele>63</ele>
        <time>2026-03-02T13:54:20+00:00</time>
      </trkpt>
      <trkpt lat="50.77079" lon="2.67514">
        <ele>66</ele>
        <time>2026-03-02T13:54:23+00:00</time>
      </trkpt>
      <trkpt lat="50.77113" lon="2.67495">
        <ele>68</ele>
        <time>2026-03-02T13:54:26+00:00</time>
      </trkpt>
      <trkpt lat="50.77146" lon="2.67476">
        <ele>69</ele>
        <time>2026-03-02T13:54:29+00:00</time>
      </trkpt>
      <trkpt lat="50.7718" lon="2.67457">
        <ele>71</ele>
        <time>2026-03-02T13:54:32+00:00</time>
      </trkpt>
      <trkpt lat="50.77218" lon="2.67435">
        <ele>72</ele>
        <time>2026-03-02T13:54:35+00:00</time>
      </trkpt>
      <trkpt lat="50.77247" lon="2.67413">
        <ele>73</ele>
        <time>2026-03-02T13:54:38+00:00</time>
      </trkpt>
      <trkpt lat="50.77275" lon="2.67392">
        <ele>74</ele>
        <time>2026-03-02T13:54:41+00:00</time>
      </trkpt>
      <trkpt lat="50.77331" lon="2.6735">
        <ele>76</ele>
        <time>2026-03-02T13:54:44+00:00</time>
      </trkpt>
      <trkpt lat="50.77361" lon="2.67336">
        <ele>77</ele>
        <time>2026-03-02T13:54:47+00:00</time>
      </trkpt>
      <trkpt lat="50.77391" lon="2.67321">
        <ele>78</ele>
        <time>2026-03-02T13:54:50+00:00</time>
      </trkpt>
      <trkpt lat="50.77441" lon="2.67297">
        <ele>79</ele>
        <time>2026-03-02T13:54:53+00:00</time>
      </trkpt>
      <trkpt lat="50.77473" lon="2.67274">
        <ele>80</ele>
        <time>2026-03-02T13:54:56+00:00</time>
      </trkpt>
      <trkpt lat="50.77505" lon="2.67252">
        <ele>81</ele>
        <time>2026-03-02T13:54:59+00:00</time>
      </trkpt>
      <trkpt lat="50.77537" lon="2.67229">
        <ele>83</ele>
        <time>2026-03-02T13:55:02+00:00</time>
      </trkpt>
      <trkpt lat="50.77569" lon="2.67206">
        <ele>84</ele>
        <time>2026-03-02T13:55:05+00:00</time>
      </trkpt>
      <trkpt lat="50.77623" lon="2.67168">
        <ele>87</ele>
        <time>2026-03-02T13:55:08+00:00</time>
      </trkpt>
      <trkpt lat="50.77653" lon="2.67148">
        <ele>88</ele>
        <time>2026-03-02T13:55:11+00:00</time>
      </trkpt>
      <trkpt lat="50.77682" lon="2.67128">
        <ele>90</ele>
        <time>2026-03-02T13:55:14+00:00</time>
      </trkpt>
      <trkpt lat="50.77712" lon="2.67108">
        <ele>91</ele>
        <time>2026-03-02T13:55:17+00:00</time>
      </trkpt>
      <trkpt lat="50.77743" lon="2.67088">
        <ele>93</ele>
        <time>2026-03-02T13:55:20+00:00</time>
      </trkpt>
      <trkpt lat="50.77769" lon="2.67081">
        <ele>94</ele>
        <time>2026-03-02T13:55:23+00:00</time>
      </trkpt>
      <trkpt lat="50.77811" lon="2.6707">
        <ele>97</ele>
        <time>2026-03-02T13:55:26+00:00</time>
      </trkpt>
      <trkpt lat="50.77832" lon="2.67061">
        <ele>99</ele>
        <time>2026-03-02T13:55:29+00:00</time>
      </trkpt>
      <trkpt lat="50.77853" lon="2.67052">
        <ele>101</ele>
        <time>2026-03-02T13:55:32+00:00</time>
      </trkpt>
      <trkpt lat="50.77888" lon="2.67053">
        <ele>104</ele>
        <time>2026-03-02T13:55:35+00:00</time>
      </trkpt>
      <trkpt lat="50.77923" lon="2.67054">
        <ele>109</ele>
        <time>2026-03-02T13:55:38+00:00</time>
      </trkpt>
      <trkpt lat="50.77958" lon="2.67055">
        <ele>112</ele>
        <time>2026-03-02T13:55:41+00:00</time>
      </trkpt>
      <trkpt lat="50.77994" lon="2.67056">
        <ele>116</ele>
        <time>2026-03-02T13:55:44+00:00</time>
      </trkpt>
      <trkpt lat="50.78057" lon="2.67058">
        <ele>123</ele>
        <time>2026-03-02T13:55:47+00:00</time>
      </trkpt>
      <trkpt lat="50.78083" lon="2.67059">
        <ele>126</ele>
        <time>2026-03-02T13:55:50+00:00</time>
      </trkpt>
      <trkpt lat="50.78121" lon="2.67062">
        <ele>129</ele>
        <time>2026-03-02T13:55:53+00:00</time>
      </trkpt>
      <trkpt lat="50.78133" lon="2.67021">
        <ele>133</ele>
        <time>2026-03-02T13:55:56+00:00</time>
      </trkpt>
      <trkpt lat="50.78144" lon="2.66986">
        <ele>135</ele>
        <time>2026-03-02T13:55:59+00:00</time>
      </trkpt>
      <trkpt lat="50.78158" lon="2.66941">
        <ele>137</ele>
        <time>2026-03-02T13:56:02+00:00</time>
      </trkpt>
      <trkpt lat="50.78195" lon="2.66959">
        <ele>139</ele>
        <time>2026-03-02T13:56:05+00:00</time>
      </trkpt>
      <trkpt lat="50.78184" lon="2.66926">
        <ele>140</ele>
        <time>2026-03-02T13:56:08+00:00</time>
      </trkpt>
      <trkpt lat="50.78171" lon="2.66884">
        <ele>141</ele>
        <time>2026-03-02T13:56:11+00:00</time>
      </trkpt>
      <trkpt lat="50.78186" lon="2.66854">
        <ele>143</ele>
        <time>2026-03-02T13:56:14+00:00</time>
      </trkpt>
      <trkpt lat="50.78207" lon="2.66814">
        <ele>147</ele>
        <time>2026-03-02T13:56:17+00:00</time>
      </trkpt>
      <trkpt lat="50.78217" lon="2.66783">
        <ele>149</ele>
        <time>2026-03-02T13:56:20+00:00</time>
      </trkpt>
      <trkpt lat="50.78228" lon="2.6675">
        <ele>150</ele>
        <time>2026-03-02T13:56:23+00:00</time>
      </trkpt>
      <trkpt lat="50.78249" lon="2.66737">
        <ele>152</ele>
        <time>2026-03-02T13:56:26+00:00</time>
      </trkpt>
      <trkpt lat="50.78273" lon="2.66722">
        <ele>152</ele>
        <time>2026-03-02T13:56:29+00:00</time>
      </trkpt>
      <trkpt lat="50.78262" lon="2.66691">
        <ele>149</ele>
        <time>2026-03-02T13:56:32+00:00</time>
      </trkpt>
      <trkpt lat="50.7825" lon="2.66657">
        <ele>147</ele>
        <time>2026-03-02T13:56:35+00:00</time>
      </trkpt>
      <trkpt lat="50.78222" lon="2.66648">
        <ele>144</ele>
        <time>2026-03-02T13:56:38+00:00</time>
      </trkpt>
      <trkpt lat="50.78194" lon="2.66639">
        <ele>139</ele>
        <time>2026-03-02T13:56:41+00:00</time>
      </trkpt>
      <trkpt lat="50.78166" lon="2.6663">
        <ele>133</ele>
        <time>2026-03-02T13:56:44+00:00</time>
      </trkpt>
      <trkpt lat="50.78144" lon="2.6661">
        <ele>128</ele>
        <time>2026-03-02T13:56:47+00:00</time>
      </trkpt>
      <trkpt lat="50.78107" lon="2.66578">
        <ele>121</ele>
        <time>2026-03-02T13:56:50+00:00</time>
      </trkpt>
      <trkpt lat="50.78099" lon="2.6655">
        <ele>117</ele>
        <time>2026-03-02T13:56:53+00:00</time>
      </trkpt>
      <trkpt lat="50.78092" lon="2.66516">
        <ele>115</ele>
        <time>2026-03-02T13:56:56+00:00</time>
      </trkpt>
      <trkpt lat="50.78083" lon="2.66477">
        <ele>110</ele>
        <time>2026-03-02T13:56:59+00:00</time>
      </trkpt>
      <trkpt lat="50.78097" lon="2.66436">
        <ele>110</ele>
        <time>2026-03-02T13:57:02+00:00</time>
      </trkpt>
      <trkpt lat="50.78109" lon="2.66401">
        <ele>111</ele>
        <time>2026-03-02T13:57:05+00:00</time>
      </trkpt>
      <trkpt lat="50.78125" lon="2.66351">
        <ele>112</ele>
        <time>2026-03-02T13:57:08+00:00</time>
      </trkpt>
      <trkpt lat="50.78146" lon="2.6636">
        <ele>112</ele>
        <time>2026-03-02T13:57:11+00:00</time>
      </trkpt>
      <trkpt lat="50.78167" lon="2.6637">
        <ele>113</ele>
        <time>2026-03-02T13:57:14+00:00</time>
      </trkpt>
      <trkpt lat="50.78197" lon="2.66347">
        <ele>114</ele>
        <time>2026-03-02T13:57:17+00:00</time>
      </trkpt>
      <trkpt lat="50.78235" lon="2.66341">
        <ele>116</ele>
        <time>2026-03-02T13:57:20+00:00</time>
      </trkpt>
      <trkpt lat="50.78263" lon="2.66314">
        <ele>117</ele>
        <time>2026-03-02T13:57:23+00:00</time>
      </trkpt>
      <trkpt lat="50.78295" lon="2.66273">
        <ele>119</ele>
        <time>2026-03-02T13:57:26+00:00</time>
      </trkpt>
      <trkpt lat="50.78319" lon="2.66245">
        <ele>121</ele>
        <time>2026-03-02T13:57:29+00:00</time>
      </trkpt>
      <trkpt lat="50.78346" lon="2.66216">
        <ele>126</ele>
        <time>2026-03-02T13:57:32+00:00</time>
      </trkpt>
      <trkpt lat="50.78376" lon="2.66193">
        <ele>126</ele>
        <time>2026-03-02T13:57:35+00:00</time>
      </trkpt>
      <trkpt lat="50.78402" lon="2.66196">
        <ele>124</ele>
        <time>2026-03-02T13:57:38+00:00</time>
      </trkpt>
      <trkpt lat="50.78433" lon="2.66193">
        <ele>122</ele>
        <time>2026-03-02T13:57:41+00:00</time>
      </trkpt>
      <trkpt lat="50.78458" lon="2.66175">
        <ele>120</ele>
        <time>2026-03-02T13:57:44+00:00</time>
      </trkpt>
      <trkpt lat="50.78473" lon="2.6616">
        <ele>120</ele>
        <time>2026-03-02T13:57:47+00:00</time>
      </trkpt>
      <trkpt lat="50.78488" lon="2.66119">
        <ele>120</ele>
        <time>2026-03-02T13:57:50+00:00</time>
      </trkpt>
      <trkpt lat="50.78504" lon="2.66083">
        <ele>119</ele>
        <time>2026-03-02T13:57:53+00:00</time>
      </trkpt>
      <trkpt lat="50.78528" lon="2.6607">
        <ele>119</ele>
        <time>2026-03-02T13:57:56+00:00</time>
      </trkpt>
      <trkpt lat="50.78564" lon="2.66051">
        <ele>122</ele>
        <time>2026-03-02T13:57:59+00:00</time>
      </trkpt>
      <trkpt lat="50.78588" lon="2.66009">
        <ele>123</ele>
        <time>2026-03-02T13:58:02+00:00</time>
      </trkpt>
      <trkpt lat="50.78607" lon="2.65972">
        <ele>123</ele>
        <time>2026-03-02T13:58:05+00:00</time>
      </trkpt>
      <trkpt lat="50.78621" lon="2.65948">
        <ele>124</ele>
        <time>2026-03-02T13:58:08+00:00</time>
      </trkpt>
      <trkpt lat="50.78638" lon="2.65968">
        <ele>123</ele>
        <time>2026-03-02T13:58:11+00:00</time>
      </trkpt>
      <trkpt lat="50.78657" lon="2.65989">
        <ele>122</ele>
        <time>2026-03-02T13:58:14+00:00</time>
      </trkpt>
      <trkpt lat="50.7868" lon="2.66028">
        <ele>120</ele>
        <time>2026-03-02T13:58:17+00:00</time>
      </trkpt>
      <trkpt lat="50.78703" lon="2.66061">
        <ele>114</ele>
        <time>2026-03-02T13:58:20+00:00</time>
      </trkpt>
      <trkpt lat="50.78708" lon="2.66103">
        <ele>113</ele>
        <time>2026-03-02T13:58:23+00:00</time>
      </trkpt>
      <trkpt lat="50.78738" lon="2.66126">
        <ele>107</ele>
        <time>2026-03-02T13:58:26+00:00</time>
      </trkpt>
      <trkpt lat="50.78757" lon="2.66137">
        <ele>107</ele>
        <time>2026-03-02T13:58:29+00:00</time>
      </trkpt>
      <trkpt lat="50.78768" lon="2.6617">
        <ele>107</ele>
        <time>2026-03-02T13:58:32+00:00</time>
      </trkpt>
      <trkpt lat="50.78768" lon="2.66208">
        <ele>108</ele>
        <time>2026-03-02T13:58:35+00:00</time>
      </trkpt>
      <trkpt lat="50.78756" lon="2.66229">
        <ele>111</ele>
        <time>2026-03-02T13:58:38+00:00</time>
      </trkpt>
      <trkpt lat="50.78739" lon="2.66238">
        <ele>113</ele>
        <time>2026-03-02T13:58:41+00:00</time>
      </trkpt>
      <trkpt lat="50.78722" lon="2.66253">
        <ele>116</ele>
        <time>2026-03-02T13:58:44+00:00</time>
      </trkpt>
      <trkpt lat="50.78699" lon="2.66264">
        <ele>118</ele>
        <time>2026-03-02T13:58:47+00:00</time>
      </trkpt>
      <trkpt lat="50.78723" lon="2.66295">
        <ele>121</ele>
        <time>2026-03-02T13:58:50+00:00</time>
      </trkpt>
      <trkpt lat="50.78741" lon="2.66321">
        <ele>121</ele>
        <time>2026-03-02T13:58:53+00:00</time>
      </trkpt>
      <trkpt lat="50.78766" lon="2.66356">
        <ele>121</ele>
        <time>2026-03-02T13:58:56+00:00</time>
      </trkpt>
      <trkpt lat="50.78739" lon="2.6638">
        <ele>126</ele>
        <time>2026-03-02T13:58:59+00:00</time>
      </trkpt>
      <trkpt lat="50.78714" lon="2.66402">
        <ele>130</ele>
        <time>2026-03-02T13:59:02+00:00</time>
      </trkpt>
      <trkpt lat="50.78666" lon="2.66447">
        <ele>133</ele>
        <time>2026-03-02T13:59:05+00:00</time>
      </trkpt>
      <trkpt lat="50.78692" lon="2.6646">
        <ele>132</ele>
        <time>2026-03-02T13:59:08+00:00</time>
      </trkpt>
      <trkpt lat="50.78739" lon="2.66483">
        <ele>131</ele>
        <time>2026-03-02T13:59:11+00:00</time>
      </trkpt>
      <trkpt lat="50.78776" lon="2.665">
        <ele>125</ele>
        <time>2026-03-02T13:59:14+00:00</time>
      </trkpt>
      <trkpt lat="50.78801" lon="2.66502">
        <ele>125</ele>
        <time>2026-03-02T13:59:17+00:00</time>
      </trkpt>
      <trkpt lat="50.78827" lon="2.66502">
        <ele>124</ele>
        <time>2026-03-02T13:59:20+00:00</time>
      </trkpt>
      <trkpt lat="50.78848" lon="2.66499">
        <ele>121</ele>
        <time>2026-03-02T13:59:23+00:00</time>
      </trkpt>
      <trkpt lat="50.78868" lon="2.66496">
        <ele>119</ele>
        <time>2026-03-02T13:59:26+00:00</time>
      </trkpt>
      <trkpt lat="50.78878" lon="2.66485">
        <ele>118</ele>
        <time>2026-03-02T13:59:29+00:00</time>
      </trkpt>
      <trkpt lat="50.78899" lon="2.66499">
        <ele>117</ele>
        <time>2026-03-02T13:59:32+00:00</time>
      </trkpt>
      <trkpt lat="50.78935" lon="2.66523">
        <ele>115</ele>
        <time>2026-03-02T13:59:35+00:00</time>
      </trkpt>
      <trkpt lat="50.78953" lon="2.66541">
        <ele>113</ele>
        <time>2026-03-02T13:59:38+00:00</time>
      </trkpt>
      <trkpt lat="50.78972" lon="2.6656">
        <ele>112</ele>
        <time>2026-03-02T13:59:41+00:00</time>
      </trkpt>
      <trkpt lat="50.78992" lon="2.66598">
        <ele>110</ele>
        <time>2026-03-02T13:59:44+00:00</time>
      </trkpt>
      <trkpt lat="50.79009" lon="2.66601">
        <ele>109</ele>
        <time>2026-03-02T13:59:47+00:00</time>
      </trkpt>
      <trkpt lat="50.79006" lon="2.66628">
        <ele>109</ele>
        <time>2026-03-02T13:59:50+00:00</time>
      </trkpt>
      <trkpt lat="50.79004" lon="2.66665">
        <ele>102</ele>
        <time>2026-03-02T13:59:53+00:00</time>
      </trkpt>
      <trkpt lat="50.78983" lon="2.6669">
        <ele>100</ele>
        <time>2026-03-02T13:59:56+00:00</time>
      </trkpt>
      <trkpt lat="50.78961" lon="2.66694">
        <ele>100</ele>
        <time>2026-03-02T13:59:59+00:00</time>
      </trkpt>
      <trkpt lat="50.78937" lon="2.66693">
        <ele>100</ele>
        <time>2026-03-02T14:00:02+00:00</time>
      </trkpt>
      <trkpt lat="50.78927" lon="2.66706">
        <ele>100</ele>
        <time>2026-03-02T14:00:05+00:00</time>
      </trkpt>
      <trkpt lat="50.78931" lon="2.66752">
        <ele>100</ele>
        <time>2026-03-02T14:00:08+00:00</time>
      </trkpt>
      <trkpt lat="50.78935" lon="2.66791">
        <ele>106</ele>
        <time>2026-03-02T14:00:11+00:00</time>
      </trkpt>
      <trkpt lat="50.78942" lon="2.66846">
        <ele>109</ele>
        <time>2026-03-02T14:00:14+00:00</time>
      </trkpt>
      <trkpt lat="50.78916" lon="2.66869">
        <ele>112</ele>
        <time>2026-03-02T14:00:17+00:00</time>
      </trkpt>
      <trkpt lat="50.78876" lon="2.66866">
        <ele>112</ele>
        <time>2026-03-02T14:00:20+00:00</time>
      </trkpt>
      <trkpt lat="50.78835" lon="2.66873">
        <ele>112</ele>
        <time>2026-03-02T14:00:23+00:00</time>
      </trkpt>
      <trkpt lat="50.78818" lon="2.6688">
        <ele>112</ele>
        <time>2026-03-02T14:00:26+00:00</time>
      </trkpt>
      <trkpt lat="50.78788" lon="2.66888">
        <ele>112</ele>
        <time>2026-03-02T14:00:29+00:00</time>
      </trkpt>
      <trkpt lat="50.78778" lon="2.66918">
        <ele>112</ele>
        <time>2026-03-02T14:00:32+00:00</time>
      </trkpt>
      <trkpt lat="50.78774" lon="2.66954">
        <ele>113</ele>
        <time>2026-03-02T14:00:35+00:00</time>
      </trkpt>
      <trkpt lat="50.78775" lon="2.66989">
        <ele>114</ele>
        <time>2026-03-02T14:00:38+00:00</time>
      </trkpt>
      <trkpt lat="50.78743" lon="2.67026">
        <ele>119</ele>
        <time>2026-03-02T14:00:41+00:00</time>
      </trkpt>
      <trkpt lat="50.78725" lon="2.67038">
        <ele>119</ele>
        <time>2026-03-02T14:00:44+00:00</time>
      </trkpt>
      <trkpt lat="50.7871" lon="2.67049">
        <ele>120</ele>
        <time>2026-03-02T14:00:47+00:00</time>
      </trkpt>
      <trkpt lat="50.78714" lon="2.67068">
        <ele>119</ele>
        <time>2026-03-02T14:00:50+00:00</time>
      </trkpt>
      <trkpt lat="50.78719" lon="2.67088">
        <ele>118</ele>
        <time>2026-03-02T14:00:53+00:00</time>
      </trkpt>
      <trkpt lat="50.78727" lon="2.67127">
        <ele>117</ele>
        <time>2026-03-02T14:00:56+00:00</time>
      </trkpt>
      <trkpt lat="50.7874" lon="2.67186">
        <ele>114</ele>
        <time>2026-03-02T14:00:59+00:00</time>
      </trkpt>
      <trkpt lat="50.7875" lon="2.67226">
        <ele>114</ele>
        <time>2026-03-02T14:01:02+00:00</time>
      </trkpt>
      <trkpt lat="50.78768" lon="2.67297">
        <ele>113</ele>
        <time>2026-03-02T14:01:05+00:00</time>
      </trkpt>
      <trkpt lat="50.78778" lon="2.6733">
        <ele>112</ele>
        <time>2026-03-02T14:01:08+00:00</time>
      </trkpt>
      <trkpt lat="50.78787" lon="2.67367">
        <ele>112</ele>
        <time>2026-03-02T14:01:11+00:00</time>
      </trkpt>
      <trkpt lat="50.78799" lon="2.6742">
        <ele>112</ele>
        <time>2026-03-02T14:01:14+00:00</time>
      </trkpt>
      <trkpt lat="50.78813" lon="2.67447">
        <ele>110</ele>
        <time>2026-03-02T14:01:17+00:00</time>
      </trkpt>
      <trkpt lat="50.78837" lon="2.67476">
        <ele>108</ele>
        <time>2026-03-02T14:01:20+00:00</time>
      </trkpt>
      <trkpt lat="50.78873" lon="2.67474">
        <ele>107</ele>
        <time>2026-03-02T14:01:23+00:00</time>
      </trkpt>
      <trkpt lat="50.78893" lon="2.67463">
        <ele>107</ele>
        <time>2026-03-02T14:01:26+00:00</time>
      </trkpt>
      <trkpt lat="50.78913" lon="2.67451">
        <ele>108</ele>
        <time>2026-03-02T14:01:29+00:00</time>
      </trkpt>
      <trkpt lat="50.78943" lon="2.67439">
        <ele>110</ele>
        <time>2026-03-02T14:01:32+00:00</time>
      </trkpt>
      <trkpt lat="50.7897" lon="2.67427">
        <ele>113</ele>
        <time>2026-03-02T14:01:35+00:00</time>
      </trkpt>
      <trkpt lat="50.79021" lon="2.67406">
        <ele>114</ele>
        <time>2026-03-02T14:01:38+00:00</time>
      </trkpt>
      <trkpt lat="50.79047" lon="2.674">
        <ele>115</ele>
        <time>2026-03-02T14:01:41+00:00</time>
      </trkpt>
      <trkpt lat="50.79082" lon="2.67421">
        <ele>116</ele>
        <time>2026-03-02T14:01:44+00:00</time>
      </trkpt>
      <trkpt lat="50.79106" lon="2.67428">
        <ele>116</ele>
        <time>2026-03-02T14:01:47+00:00</time>
      </trkpt>
      <trkpt lat="50.79139" lon="2.67437">
        <ele>117</ele>
        <time>2026-03-02T14:01:50+00:00</time>
      </trkpt>
      <trkpt lat="50.79147" lon="2.67483">
        <ele>121</ele>
        <time>2026-03-02T14:01:53+00:00</time>
      </trkpt>
      <trkpt lat="50.79148" lon="2.67518">
        <ele>123</ele>
        <time>2026-03-02T14:01:56+00:00</time>
      </trkpt>
      <trkpt lat="50.79154" lon="2.67551">
        <ele>124</ele>
        <time>2026-03-02T14:01:59+00:00</time>
      </trkpt>
      <trkpt lat="50.79157" lon="2.67571">
        <ele>125</ele>
        <time>2026-03-02T14:02:02+00:00</time>
      </trkpt>
      <trkpt lat="50.79166" lon="2.67605">
        <ele>125</ele>
        <time>2026-03-02T14:02:05+00:00</time>
      </trkpt>
      <trkpt lat="50.79172" lon="2.67649">
        <ele>126</ele>
        <time>2026-03-02T14:02:08+00:00</time>
      </trkpt>
      <trkpt lat="50.79179" lon="2.67687">
        <ele>128</ele>
        <time>2026-03-02T14:02:11+00:00</time>
      </trkpt>
      <trkpt lat="50.79183" lon="2.67722">
        <ele>128</ele>
        <time>2026-03-02T14:02:14+00:00</time>
      </trkpt>
      <trkpt lat="50.79188" lon="2.67779">
        <ele>129</ele>
        <time>2026-03-02T14:02:17+00:00</time>
      </trkpt>
      <trkpt lat="50.79187" lon="2.67807">
        <ele>129</ele>
        <time>2026-03-02T14:02:20+00:00</time>
      </trkpt>
      <trkpt lat="50.79207" lon="2.67839">
        <ele>129</ele>
        <time>2026-03-02T14:02:23+00:00</time>
      </trkpt>
      <trkpt lat="50.79231" lon="2.67823">
        <ele>129</ele>
        <time>2026-03-02T14:02:26+00:00</time>
      </trkpt>
      <trkpt lat="50.79271" lon="2.67798">
        <ele>124</ele>
        <time>2026-03-02T14:02:29+00:00</time>
      </trkpt>
      <trkpt lat="50.79292" lon="2.67789">
        <ele>123</ele>
        <time>2026-03-02T14:02:32+00:00</time>
      </trkpt>
      <trkpt lat="50.79314" lon="2.67779">
        <ele>122</ele>
        <time>2026-03-02T14:02:35+00:00</time>
      </trkpt>
      <trkpt lat="50.79334" lon="2.67761">
        <ele>121</ele>
        <time>2026-03-02T14:02:38+00:00</time>
      </trkpt>
      <trkpt lat="50.79358" lon="2.67739">
        <ele>116</ele>
        <time>2026-03-02T14:02:41+00:00</time>
      </trkpt>
      <trkpt lat="50.79381" lon="2.67724">
        <ele>113</ele>
        <time>2026-03-02T14:02:44+00:00</time>
      </trkpt>
      <trkpt lat="50.79411" lon="2.67704">
        <ele>111</ele>
        <time>2026-03-02T14:02:47+00:00</time>
      </trkpt>
      <trkpt lat="50.79439" lon="2.67719">
        <ele>110</ele>
        <time>2026-03-02T14:02:50+00:00</time>
      </trkpt>
      <trkpt lat="50.7946" lon="2.67706">
        <ele>106</ele>
        <time>2026-03-02T14:02:53+00:00</time>
      </trkpt>
      <trkpt lat="50.79485" lon="2.67692">
        <ele>103</ele>
        <time>2026-03-02T14:02:56+00:00</time>
      </trkpt>
      <trkpt lat="50.79506" lon="2.67664">
        <ele>101</ele>
        <time>2026-03-02T14:02:59+00:00</time>
      </trkpt>
      <trkpt lat="50.79547" lon="2.67649">
        <ele>97</ele>
        <time>2026-03-02T14:03:02+00:00</time>
      </trkpt>
      <trkpt lat="50.79575" lon="2.6763">
        <ele>94</ele>
        <time>2026-03-02T14:03:05+00:00</time>
      </trkpt>
      <trkpt lat="50.79602" lon="2.67612">
        <ele>90</ele>
        <time>2026-03-02T14:03:08+00:00</time>
      </trkpt>
      <trkpt lat="50.79641" lon="2.67586">
        <ele>86</ele>
        <time>2026-03-02T14:03:11+00:00</time>
      </trkpt>
      <trkpt lat="50.7967" lon="2.67552">
        <ele>84</ele>
        <time>2026-03-02T14:03:14+00:00</time>
      </trkpt>
      <trkpt lat="50.79684" lon="2.67522">
        <ele>82</ele>
        <time>2026-03-02T14:03:17+00:00</time>
      </trkpt>
      <trkpt lat="50.79702" lon="2.67485">
        <ele>79</ele>
        <time>2026-03-02T14:03:20+00:00</time>
      </trkpt>
      <trkpt lat="50.79736" lon="2.67445">
        <ele>76</ele>
        <time>2026-03-02T14:03:23+00:00</time>
      </trkpt>
      <trkpt lat="50.79756" lon="2.67426">
        <ele>74</ele>
        <time>2026-03-02T14:03:26+00:00</time>
      </trkpt>
      <trkpt lat="50.79789" lon="2.67398">
        <ele>72</ele>
        <time>2026-03-02T14:03:29+00:00</time>
      </trkpt>
      <trkpt lat="50.79814" lon="2.67354">
        <ele>69</ele>
        <time>2026-03-02T14:03:32+00:00</time>
      </trkpt>
      <trkpt lat="50.79831" lon="2.67333">
        <ele>67</ele>
        <time>2026-03-02T14:03:35+00:00</time>
      </trkpt>
      <trkpt lat="50.7985" lon="2.67311">
        <ele>66</ele>
        <time>2026-03-02T14:03:38+00:00</time>
      </trkpt>
      <trkpt lat="50.79869" lon="2.67293">
        <ele>64</ele>
        <time>2026-03-02T14:03:41+00:00</time>
      </trkpt>
      <trkpt lat="50.79891" lon="2.67274">
        <ele>62</ele>
        <time>2026-03-02T14:03:44+00:00</time>
      </trkpt>
      <trkpt lat="50.79911" lon="2.67252">
        <ele>61</ele>
        <time>2026-03-02T14:03:47+00:00</time>
      </trkpt>
      <trkpt lat="50.79937" lon="2.67222">
        <ele>59</ele>
        <time>2026-03-02T14:03:50+00:00</time>
      </trkpt>
      <trkpt lat="50.7996" lon="2.67204">
        <ele>58</ele>
        <time>2026-03-02T14:03:53+00:00</time>
      </trkpt>
      <trkpt lat="50.79994" lon="2.67177">
        <ele>55</ele>
        <time>2026-03-02T14:03:56+00:00</time>
      </trkpt>
      <trkpt lat="50.80015" lon="2.67159">
        <ele>54</ele>
        <time>2026-03-02T14:03:59+00:00</time>
      </trkpt>
      <trkpt lat="50.80042" lon="2.67136">
        <ele>53</ele>
        <time>2026-03-02T14:04:02+00:00</time>
      </trkpt>
      <trkpt lat="50.8007" lon="2.67117">
        <ele>52</ele>
        <time>2026-03-02T14:04:05+00:00</time>
      </trkpt>
      <trkpt lat="50.80097" lon="2.67098">
        <ele>50</ele>
        <time>2026-03-02T14:04:08+00:00</time>
      </trkpt>
      <trkpt lat="50.80137" lon="2.6707">
        <ele>49</ele>
        <time>2026-03-02T14:04:11+00:00</time>
      </trkpt>
      <trkpt lat="50.8016" lon="2.67057">
        <ele>48</ele>
        <time>2026-03-02T14:04:14+00:00</time>
      </trkpt>
      <trkpt lat="50.80189" lon="2.67041">
        <ele>47</ele>
        <time>2026-03-02T14:04:17+00:00</time>
      </trkpt>
      <trkpt lat="50.80225" lon="2.67022">
        <ele>45</ele>
        <time>2026-03-02T14:04:20+00:00</time>
      </trkpt>
      <trkpt lat="50.80247" lon="2.67023">
        <ele>45</ele>
        <time>2026-03-02T14:04:23+00:00</time>
      </trkpt>
      <trkpt lat="50.80239" lon="2.67057">
        <ele>46</ele>
        <time>2026-03-02T14:04:26+00:00</time>
      </trkpt>
      <trkpt lat="50.80229" lon="2.67099">
        <ele>46</ele>
        <time>2026-03-02T14:04:29+00:00</time>
      </trkpt>
      <trkpt lat="50.80222" lon="2.67141">
        <ele>46</ele>
        <time>2026-03-02T14:04:32+00:00</time>
      </trkpt>
      <trkpt lat="50.80215" lon="2.67175">
        <ele>47</ele>
        <time>2026-03-02T14:04:35+00:00</time>
      </trkpt>
      <trkpt lat="50.80208" lon="2.67214">
        <ele>48</ele>
        <time>2026-03-02T14:04:38+00:00</time>
      </trkpt>
      <trkpt lat="50.802" lon="2.67251">
        <ele>48</ele>
        <time>2026-03-02T14:04:41+00:00</time>
      </trkpt>
      <trkpt lat="50.80187" lon="2.67304">
        <ele>49</ele>
        <time>2026-03-02T14:04:44+00:00</time>
      </trkpt>
      <trkpt lat="50.80174" lon="2.67331">
        <ele>50</ele>
        <time>2026-03-02T14:04:47+00:00</time>
      </trkpt>
      <trkpt lat="50.80161" lon="2.67358">
        <ele>51</ele>
        <time>2026-03-02T14:04:50+00:00</time>
      </trkpt>
      <trkpt lat="50.80135" lon="2.67406">
        <ele>52</ele>
        <time>2026-03-02T14:04:53+00:00</time>
      </trkpt>
      <trkpt lat="50.80131" lon="2.67449">
        <ele>52</ele>
        <time>2026-03-02T14:04:56+00:00</time>
      </trkpt>
      <trkpt lat="50.80118" lon="2.67479">
        <ele>53</ele>
        <time>2026-03-02T14:04:59+00:00</time>
      </trkpt>
      <trkpt lat="50.80102" lon="2.67516">
        <ele>54</ele>
        <time>2026-03-02T14:05:02+00:00</time>
      </trkpt>
      <trkpt lat="50.80078" lon="2.6757">
        <ele>56</ele>
        <time>2026-03-02T14:05:05+00:00</time>
      </trkpt>
      <trkpt lat="50.80049" lon="2.67575">
        <ele>59</ele>
        <time>2026-03-02T14:05:08+00:00</time>
      </trkpt>
      <trkpt lat="50.80023" lon="2.67579">
        <ele>61</ele>
        <time>2026-03-02T14:05:11+00:00</time>
      </trkpt>
      <trkpt lat="50.79981" lon="2.67585">
        <ele>63</ele>
        <time>2026-03-02T14:05:14+00:00</time>
      </trkpt>
      <trkpt lat="50.79955" lon="2.67607">
        <ele>65</ele>
        <time>2026-03-02T14:05:17+00:00</time>
      </trkpt>
      <trkpt lat="50.79931" lon="2.67624">
        <ele>67</ele>
        <time>2026-03-02T14:05:20+00:00</time>
      </trkpt>
      <trkpt lat="50.79893" lon="2.67652">
        <ele>70</ele>
        <time>2026-03-02T14:05:23+00:00</time>
      </trkpt>
      <trkpt lat="50.79857" lon="2.67671">
        <ele>74</ele>
        <time>2026-03-02T14:05:26+00:00</time>
      </trkpt>
      <trkpt lat="50.79818" lon="2.67664">
        <ele>77</ele>
        <time>2026-03-02T14:05:29+00:00</time>
      </trkpt>
      <trkpt lat="50.79781" lon="2.67646">
        <ele>78</ele>
        <time>2026-03-02T14:05:32+00:00</time>
      </trkpt>
      <trkpt lat="50.79791" lon="2.67691">
        <ele>80</ele>
        <time>2026-03-02T14:05:35+00:00</time>
      </trkpt>
      <trkpt lat="50.798" lon="2.67726">
        <ele>80</ele>
        <time>2026-03-02T14:05:38+00:00</time>
      </trkpt>
      <trkpt lat="50.79816" lon="2.67769">
        <ele>77</ele>
        <time>2026-03-02T14:05:41+00:00</time>
      </trkpt>
      <trkpt lat="50.79833" lon="2.67812">
        <ele>75</ele>
        <time>2026-03-02T14:05:44+00:00</time>
      </trkpt>
      <trkpt lat="50.79845" lon="2.67845">
        <ele>74</ele>
        <time>2026-03-02T14:05:47+00:00</time>
      </trkpt>
      <trkpt lat="50.79861" lon="2.67888">
        <ele>71</ele>
        <time>2026-03-02T14:05:50+00:00</time>
      </trkpt>
      <trkpt lat="50.79867" lon="2.67932">
        <ele>70</ele>
        <time>2026-03-02T14:05:53+00:00</time>
      </trkpt>
      <trkpt lat="50.79874" lon="2.67976">
        <ele>68</ele>
        <time>2026-03-02T14:05:56+00:00</time>
      </trkpt>
      <trkpt lat="50.7988" lon="2.6802">
        <ele>68</ele>
        <time>2026-03-02T14:05:59+00:00</time>
      </trkpt>
      <trkpt lat="50.79887" lon="2.68063">
        <ele>65</ele>
        <time>2026-03-02T14:06:02+00:00</time>
      </trkpt>
      <trkpt lat="50.79896" lon="2.68095">
        <ele>64</ele>
        <time>2026-03-02T14:06:05+00:00</time>
      </trkpt>
      <trkpt lat="50.79907" lon="2.68132">
        <ele>62</ele>
        <time>2026-03-02T14:06:08+00:00</time>
      </trkpt>
      <trkpt lat="50.79917" lon="2.68163">
        <ele>61</ele>
        <time>2026-03-02T14:06:11+00:00</time>
      </trkpt>
      <trkpt lat="50.79931" lon="2.68204">
        <ele>60</ele>
        <time>2026-03-02T14:06:14+00:00</time>
      </trkpt>
      <trkpt lat="50.79944" lon="2.6824">
        <ele>59</ele>
        <time>2026-03-02T14:06:17+00:00</time>
      </trkpt>
      <trkpt lat="50.79965" lon="2.683">
        <ele>57</ele>
        <time>2026-03-02T14:06:20+00:00</time>
      </trkpt>
      <trkpt lat="50.79977" lon="2.6834">
        <ele>56</ele>
        <time>2026-03-02T14:06:23+00:00</time>
      </trkpt>
      <trkpt lat="50.79999" lon="2.68415">
        <ele>53</ele>
        <time>2026-03-02T14:06:26+00:00</time>
      </trkpt>
      <trkpt lat="50.80012" lon="2.68462">
        <ele>53</ele>
        <time>2026-03-02T14:06:29+00:00</time>
      </trkpt>
      <trkpt lat="50.80012" lon="2.68503">
        <ele>53</ele>
        <time>2026-03-02T14:06:32+00:00</time>
      </trkpt>
      <trkpt lat="50.80011" lon="2.6857">
        <ele>56</ele>
        <time>2026-03-02T14:06:35+00:00</time>
      </trkpt>
      <trkpt lat="50.80017" lon="2.6861">
        <ele>60</ele>
        <time>2026-03-02T14:06:38+00:00</time>
      </trkpt>
      <trkpt lat="50.80027" lon="2.68674">
        <ele>63</ele>
        <time>2026-03-02T14:06:41+00:00</time>
      </trkpt>
      <trkpt lat="50.80034" lon="2.68732">
        <ele>66</ele>
        <time>2026-03-02T14:06:44+00:00</time>
      </trkpt>
      <trkpt lat="50.80041" lon="2.68764">
        <ele>67</ele>
        <time>2026-03-02T14:06:47+00:00</time>
      </trkpt>
      <trkpt lat="50.80048" lon="2.68799">
        <ele>67</ele>
        <time>2026-03-02T14:06:50+00:00</time>
      </trkpt>
      <trkpt lat="50.80026" lon="2.68813">
        <ele>67</ele>
        <time>2026-03-02T14:06:53+00:00</time>
      </trkpt>
      <trkpt lat="50.79999" lon="2.6883">
        <ele>67</ele>
        <time>2026-03-02T14:06:56+00:00</time>
      </trkpt>
      <trkpt lat="50.79989" lon="2.68866">
        <ele>71</ele>
        <time>2026-03-02T14:06:59+00:00</time>
      </trkpt>
      <trkpt lat="50.79975" lon="2.68915">
        <ele>73</ele>
        <time>2026-03-02T14:07:02+00:00</time>
      </trkpt>
      <trkpt lat="50.79956" lon="2.68889">
        <ele>76</ele>
        <time>2026-03-02T14:07:05+00:00</time>
      </trkpt>
      <trkpt lat="50.79927" lon="2.68888">
        <ele>77</ele>
        <time>2026-03-02T14:07:08+00:00</time>
      </trkpt>
      <trkpt lat="50.79931" lon="2.6892">
        <ele>77</ele>
        <time>2026-03-02T14:07:11+00:00</time>
      </trkpt>
      <trkpt lat="50.79908" lon="2.68903">
        <ele>79</ele>
        <time>2026-03-02T14:07:14+00:00</time>
      </trkpt>
      <trkpt lat="50.79905" lon="2.68873">
        <ele>79</ele>
        <time>2026-03-02T14:07:17+00:00</time>
      </trkpt>
      <trkpt lat="50.799" lon="2.68843">
        <ele>79</ele>
        <time>2026-03-02T14:07:20+00:00</time>
      </trkpt>
      <trkpt lat="50.79883" lon="2.68834">
        <ele>80</ele>
        <time>2026-03-02T14:07:23+00:00</time>
      </trkpt>
      <trkpt lat="50.79859" lon="2.68806">
        <ele>80</ele>
        <time>2026-03-02T14:07:26+00:00</time>
      </trkpt>
      <trkpt lat="50.79833" lon="2.68821">
        <ele>80</ele>
        <time>2026-03-02T14:07:29+00:00</time>
      </trkpt>
      <trkpt lat="50.79814" lon="2.68841">
        <ele>81</ele>
        <time>2026-03-02T14:07:32+00:00</time>
      </trkpt>
      <trkpt lat="50.79792" lon="2.68894">
        <ele>83</ele>
        <time>2026-03-02T14:07:35+00:00</time>
      </trkpt>
      <trkpt lat="50.79768" lon="2.68908">
        <ele>83</ele>
        <time>2026-03-02T14:07:38+00:00</time>
      </trkpt>
      <trkpt lat="50.79749" lon="2.68927">
        <ele>83</ele>
        <time>2026-03-02T14:07:41+00:00</time>
      </trkpt>
      <trkpt lat="50.79729" lon="2.68949">
        <ele>83</ele>
        <time>2026-03-02T14:07:44+00:00</time>
      </trkpt>
      <trkpt lat="50.79722" lon="2.68995">
        <ele>82</ele>
        <time>2026-03-02T14:07:47+00:00</time>
      </trkpt>
      <trkpt lat="50.79697" lon="2.68988">
        <ele>82</ele>
        <time>2026-03-02T14:07:50+00:00</time>
      </trkpt>
      <trkpt lat="50.79659" lon="2.68977">
        <ele>85</ele>
        <time>2026-03-02T14:07:53+00:00</time>
      </trkpt>
      <trkpt lat="50.79646" lon="2.6895">
        <ele>87</ele>
        <time>2026-03-02T14:07:56+00:00</time>
      </trkpt>
      <trkpt lat="50.79633" lon="2.68923">
        <ele>89</ele>
        <time>2026-03-02T14:07:59+00:00</time>
      </trkpt>
      <trkpt lat="50.79611" lon="2.68891">
        <ele>91</ele>
        <time>2026-03-02T14:08:02+00:00</time>
      </trkpt>
      <trkpt lat="50.79591" lon="2.68864">
        <ele>93</ele>
        <time>2026-03-02T14:08:05+00:00</time>
      </trkpt>
      <trkpt lat="50.7956" lon="2.6882">
        <ele>97</ele>
        <time>2026-03-02T14:08:08+00:00</time>
      </trkpt>
      <trkpt lat="50.79549" lon="2.68809">
        <ele>99</ele>
        <time>2026-03-02T14:08:11+00:00</time>
      </trkpt>
      <trkpt lat="50.79538" lon="2.68847">
        <ele>101</ele>
        <time>2026-03-02T14:08:14+00:00</time>
      </trkpt>
      <trkpt lat="50.7952" lon="2.68881">
        <ele>101</ele>
        <time>2026-03-02T14:08:17+00:00</time>
      </trkpt>
      <trkpt lat="50.79514" lon="2.68935">
        <ele>102</ele>
        <time>2026-03-02T14:08:20+00:00</time>
      </trkpt>
      <trkpt lat="50.79501" lon="2.68965">
        <ele>103</ele>
        <time>2026-03-02T14:08:23+00:00</time>
      </trkpt>
      <trkpt lat="50.79488" lon="2.68999">
        <ele>103</ele>
        <time>2026-03-02T14:08:26+00:00</time>
      </trkpt>
      <trkpt lat="50.79476" lon="2.69033">
        <ele>103</ele>
        <time>2026-03-02T14:08:29+00:00</time>
      </trkpt>
      <trkpt lat="50.79461" lon="2.6908">
        <ele>102</ele>
        <time>2026-03-02T14:08:32+00:00</time>
      </trkpt>
      <trkpt lat="50.79438" lon="2.6912">
        <ele>101</ele>
        <time>2026-03-02T14:08:35+00:00</time>
      </trkpt>
      <trkpt lat="50.79438" lon="2.6914">
        <ele>102</ele>
        <time>2026-03-02T14:08:38+00:00</time>
      </trkpt>
      <trkpt lat="50.79427" lon="2.6917">
        <ele>101</ele>
        <time>2026-03-02T14:08:41+00:00</time>
      </trkpt>
      <trkpt lat="50.79408" lon="2.69222">
        <ele>97</ele>
        <time>2026-03-02T14:08:44+00:00</time>
      </trkpt>
      <trkpt lat="50.79395" lon="2.69259">
        <ele>94</ele>
        <time>2026-03-02T14:08:47+00:00</time>
      </trkpt>
      <trkpt lat="50.79373" lon="2.69321">
        <ele>92</ele>
        <time>2026-03-02T14:08:50+00:00</time>
      </trkpt>
      <trkpt lat="50.79359" lon="2.69351">
        <ele>90</ele>
        <time>2026-03-02T14:08:53+00:00</time>
      </trkpt>
      <trkpt lat="50.79343" lon="2.69388">
        <ele>89</ele>
        <time>2026-03-02T14:08:56+00:00</time>
      </trkpt>
      <trkpt lat="50.79323" lon="2.69431">
        <ele>88</ele>
        <time>2026-03-02T14:08:59+00:00</time>
      </trkpt>
      <trkpt lat="50.79296" lon="2.69475">
        <ele>88</ele>
        <time>2026-03-02T14:09:02+00:00</time>
      </trkpt>
      <trkpt lat="50.7929" lon="2.69511">
        <ele>87</ele>
        <time>2026-03-02T14:09:05+00:00</time>
      </trkpt>
      <trkpt lat="50.79283" lon="2.69555">
        <ele>87</ele>
        <time>2026-03-02T14:09:08+00:00</time>
      </trkpt>
      <trkpt lat="50.79276" lon="2.69602">
        <ele>88</ele>
        <time>2026-03-02T14:09:11+00:00</time>
      </trkpt>
      <trkpt lat="50.79277" lon="2.69638">
        <ele>88</ele>
        <time>2026-03-02T14:09:14+00:00</time>
      </trkpt>
      <trkpt lat="50.79278" lon="2.69679">
        <ele>89</ele>
        <time>2026-03-02T14:09:17+00:00</time>
      </trkpt>
      <trkpt lat="50.79261" lon="2.69731">
        <ele>90</ele>
        <time>2026-03-02T14:09:20+00:00</time>
      </trkpt>
      <trkpt lat="50.79243" lon="2.6975">
        <ele>92</ele>
        <time>2026-03-02T14:09:23+00:00</time>
      </trkpt>
      <trkpt lat="50.79222" lon="2.69771">
        <ele>94</ele>
        <time>2026-03-02T14:09:26+00:00</time>
      </trkpt>
      <trkpt lat="50.79204" lon="2.69792">
        <ele>96</ele>
        <time>2026-03-02T14:09:29+00:00</time>
      </trkpt>
      <trkpt lat="50.79184" lon="2.69816">
        <ele>97</ele>
        <time>2026-03-02T14:09:32+00:00</time>
      </trkpt>
      <trkpt lat="50.79172" lon="2.69848">
        <ele>99</ele>
        <time>2026-03-02T14:09:35+00:00</time>
      </trkpt>
      <trkpt lat="50.79156" lon="2.69889">
        <ele>101</ele>
        <time>2026-03-02T14:09:38+00:00</time>
      </trkpt>
      <trkpt lat="50.79138" lon="2.69922">
        <ele>104</ele>
        <time>2026-03-02T14:09:41+00:00</time>
      </trkpt>
      <trkpt lat="50.79123" lon="2.6995">
        <ele>105</ele>
        <time>2026-03-02T14:09:44+00:00</time>
      </trkpt>
      <trkpt lat="50.79106" lon="2.69984">
        <ele>108</ele>
        <time>2026-03-02T14:09:47+00:00</time>
      </trkpt>
      <trkpt lat="50.79098" lon="2.7002">
        <ele>110</ele>
        <time>2026-03-02T14:09:50+00:00</time>
      </trkpt>
      <trkpt lat="50.79088" lon="2.70067">
        <ele>110</ele>
        <time>2026-03-02T14:09:53+00:00</time>
      </trkpt>
      <trkpt lat="50.79077" lon="2.70104">
        <ele>110</ele>
        <time>2026-03-02T14:09:56+00:00</time>
      </trkpt>
      <trkpt lat="50.79061" lon="2.70161">
        <ele>108</ele>
        <time>2026-03-02T14:09:59+00:00</time>
      </trkpt>
      <trkpt lat="50.79046" lon="2.70194">
        <ele>107</ele>
        <time>2026-03-02T14:10:02+00:00</time>
      </trkpt>
      <trkpt lat="50.79023" lon="2.70244">
        <ele>107</ele>
        <time>2026-03-02T14:10:05+00:00</time>
      </trkpt>
      <trkpt lat="50.78989" lon="2.7022">
        <ele>110</ele>
        <time>2026-03-02T14:10:08+00:00</time>
      </trkpt>
      <trkpt lat="50.78968" lon="2.70193">
        <ele>109</ele>
        <time>2026-03-02T14:10:11+00:00</time>
      </trkpt>
      <trkpt lat="50.78929" lon="2.70143">
        <ele>109</ele>
        <time>2026-03-02T14:10:14+00:00</time>
      </trkpt>
      <trkpt lat="50.78912" lon="2.70107">
        <ele>106</ele>
        <time>2026-03-02T14:10:17+00:00</time>
      </trkpt>
      <trkpt lat="50.78895" lon="2.7007">
        <ele>104</ele>
        <time>2026-03-02T14:10:20+00:00</time>
      </trkpt>
      <trkpt lat="50.78878" lon="2.70033">
        <ele>102</ele>
        <time>2026-03-02T14:10:23+00:00</time>
      </trkpt>
      <trkpt lat="50.78857" lon="2.69985">
        <ele>100</ele>
        <time>2026-03-02T14:10:26+00:00</time>
      </trkpt>
      <trkpt lat="50.78835" lon="2.69997">
        <ele>98</ele>
        <time>2026-03-02T14:10:29+00:00</time>
      </trkpt>
      <trkpt lat="50.78809" lon="2.70011">
        <ele>96</ele>
        <time>2026-03-02T14:10:32+00:00</time>
      </trkpt>
      <trkpt lat="50.78789" lon="2.70034">
        <ele>94</ele>
        <time>2026-03-02T14:10:35+00:00</time>
      </trkpt>
      <trkpt lat="50.78761" lon="2.70066">
        <ele>92</ele>
        <time>2026-03-02T14:10:38+00:00</time>
      </trkpt>
      <trkpt lat="50.78735" lon="2.70087">
        <ele>90</ele>
        <time>2026-03-02T14:10:41+00:00</time>
      </trkpt>
      <trkpt lat="50.78708" lon="2.70107">
        <ele>87</ele>
        <time>2026-03-02T14:10:44+00:00</time>
      </trkpt>
      <trkpt lat="50.78675" lon="2.70133">
        <ele>84</ele>
        <time>2026-03-02T14:10:47+00:00</time>
      </trkpt>
      <trkpt lat="50.78654" lon="2.70153">
        <ele>82</ele>
        <time>2026-03-02T14:10:50+00:00</time>
      </trkpt>
      <trkpt lat="50.78627" lon="2.70181">
        <ele>78</ele>
        <time>2026-03-02T14:10:53+00:00</time>
      </trkpt>
      <trkpt lat="50.78601" lon="2.70206">
        <ele>75</ele>
        <time>2026-03-02T14:10:56+00:00</time>
      </trkpt>
      <trkpt lat="50.78576" lon="2.70222">
        <ele>73</ele>
        <time>2026-03-02T14:10:59+00:00</time>
      </trkpt>
      <trkpt lat="50.78535" lon="2.70249">
        <ele>70</ele>
        <time>2026-03-02T14:11:02+00:00</time>
      </trkpt>
      <trkpt lat="50.78506" lon="2.70243">
        <ele>68</ele>
        <time>2026-03-02T14:11:05+00:00</time>
      </trkpt>
      <trkpt lat="50.78476" lon="2.70237">
        <ele>65</ele>
        <time>2026-03-02T14:11:08+00:00</time>
      </trkpt>
      <trkpt lat="50.7844" lon="2.70229">
        <ele>62</ele>
        <time>2026-03-02T14:11:11+00:00</time>
      </trkpt>
      <trkpt lat="50.78415" lon="2.70227">
        <ele>61</ele>
        <time>2026-03-02T14:11:14+00:00</time>
      </trkpt>
      <trkpt lat="50.78382" lon="2.70223">
        <ele>59</ele>
        <time>2026-03-02T14:11:17+00:00</time>
      </trkpt>
      <trkpt lat="50.7836" lon="2.70239">
        <ele>57</ele>
        <time>2026-03-02T14:11:20+00:00</time>
      </trkpt>
      <trkpt lat="50.78331" lon="2.70261">
        <ele>53</ele>
        <time>2026-03-02T14:11:23+00:00</time>
      </trkpt>
      <trkpt lat="50.78314" lon="2.70282">
        <ele>51</ele>
        <time>2026-03-02T14:11:26+00:00</time>
      </trkpt>
      <trkpt lat="50.78295" lon="2.70303">
        <ele>50</ele>
        <time>2026-03-02T14:11:29+00:00</time>
      </trkpt>
      <trkpt lat="50.7831" lon="2.70354">
        <ele>50</ele>
        <time>2026-03-02T14:11:32+00:00</time>
      </trkpt>
      <trkpt lat="50.78323" lon="2.704">
        <ele>51</ele>
        <time>2026-03-02T14:11:35+00:00</time>
      </trkpt>
      <trkpt lat="50.78336" lon="2.70446">
        <ele>51</ele>
        <time>2026-03-02T14:11:38+00:00</time>
      </trkpt>
      <trkpt lat="50.78361" lon="2.70537">
        <ele>49</ele>
        <time>2026-03-02T14:11:41+00:00</time>
      </trkpt>
      <trkpt lat="50.78371" lon="2.70575">
        <ele>49</ele>
        <time>2026-03-02T14:11:44+00:00</time>
      </trkpt>
      <trkpt lat="50.78379" lon="2.70618">
        <ele>49</ele>
        <time>2026-03-02T14:11:47+00:00</time>
      </trkpt>
      <trkpt lat="50.78367" lon="2.70666">
        <ele>50</ele>
        <time>2026-03-02T14:11:50+00:00</time>
      </trkpt>
      <trkpt lat="50.78367" lon="2.70714">
        <ele>53</ele>
        <time>2026-03-02T14:11:53+00:00</time>
      </trkpt>
      <trkpt lat="50.78365" lon="2.70748">
        <ele>54</ele>
        <time>2026-03-02T14:11:56+00:00</time>
      </trkpt>
      <trkpt lat="50.78367" lon="2.70793">
        <ele>58</ele>
        <time>2026-03-02T14:11:59+00:00</time>
      </trkpt>
      <trkpt lat="50.78368" lon="2.70831">
        <ele>60</ele>
        <time>2026-03-02T14:12:02+00:00</time>
      </trkpt>
      <trkpt lat="50.7837" lon="2.70881">
        <ele>64</ele>
        <time>2026-03-02T14:12:05+00:00</time>
      </trkpt>
      <trkpt lat="50.78373" lon="2.70919">
        <ele>67</ele>
        <time>2026-03-02T14:12:08+00:00</time>
      </trkpt>
      <trkpt lat="50.78377" lon="2.70971">
        <ele>69</ele>
        <time>2026-03-02T14:12:11+00:00</time>
      </trkpt>
      <trkpt lat="50.78388" lon="2.71003">
        <ele>70</ele>
        <time>2026-03-02T14:12:14+00:00</time>
      </trkpt>
      <trkpt lat="50.78401" lon="2.71043">
        <ele>70</ele>
        <time>2026-03-02T14:12:17+00:00</time>
      </trkpt>
      <trkpt lat="50.78406" lon="2.71083">
        <ele>71</ele>
        <time>2026-03-02T14:12:20+00:00</time>
      </trkpt>
      <trkpt lat="50.78412" lon="2.71147">
        <ele>71</ele>
        <time>2026-03-02T14:12:23+00:00</time>
      </trkpt>
      <trkpt lat="50.7842" lon="2.71181">
        <ele>71</ele>
        <time>2026-03-02T14:12:26+00:00</time>
      </trkpt>
      <trkpt lat="50.78428" lon="2.7123">
        <ele>72</ele>
        <time>2026-03-02T14:12:29+00:00</time>
      </trkpt>
      <trkpt lat="50.78436" lon="2.71279">
        <ele>74</ele>
        <time>2026-03-02T14:12:32+00:00</time>
      </trkpt>
      <trkpt lat="50.78451" lon="2.71374">
        <ele>78</ele>
        <time>2026-03-02T14:12:35+00:00</time>
      </trkpt>
      <trkpt lat="50.78465" lon="2.71405">
        <ele>79</ele>
        <time>2026-03-02T14:12:38+00:00</time>
      </trkpt>
      <trkpt lat="50.78481" lon="2.71445">
        <ele>78</ele>
        <time>2026-03-02T14:12:41+00:00</time>
      </trkpt>
      <trkpt lat="50.78469" lon="2.71474">
        <ele>77</ele>
        <time>2026-03-02T14:12:44+00:00</time>
      </trkpt>
      <trkpt lat="50.78456" lon="2.71504">
        <ele>75</ele>
        <time>2026-03-02T14:12:47+00:00</time>
      </trkpt>
      <trkpt lat="50.78446" lon="2.71537">
        <ele>74</ele>
        <time>2026-03-02T14:12:50+00:00</time>
      </trkpt>
      <trkpt lat="50.78434" lon="2.71575">
        <ele>74</ele>
        <time>2026-03-02T14:12:53+00:00</time>
      </trkpt>
      <trkpt lat="50.78424" lon="2.71612">
        <ele>74</ele>
        <time>2026-03-02T14:12:56+00:00</time>
      </trkpt>
      <trkpt lat="50.78434" lon="2.71662">
        <ele>74</ele>
        <time>2026-03-02T14:12:59+00:00</time>
      </trkpt>
      <trkpt lat="50.78444" lon="2.71709">
        <ele>76</ele>
        <time>2026-03-02T14:13:02+00:00</time>
      </trkpt>
      <trkpt lat="50.78455" lon="2.71756">
        <ele>77</ele>
        <time>2026-03-02T14:13:05+00:00</time>
      </trkpt>
      <trkpt lat="50.78463" lon="2.71793">
        <ele>78</ele>
        <time>2026-03-02T14:13:08+00:00</time>
      </trkpt>
      <trkpt lat="50.78474" lon="2.71845">
        <ele>80</ele>
        <time>2026-03-02T14:13:11+00:00</time>
      </trkpt>
      <trkpt lat="50.78458" lon="2.71875">
        <ele>81</ele>
        <time>2026-03-02T14:13:14+00:00</time>
      </trkpt>
      <trkpt lat="50.78436" lon="2.71917">
        <ele>83</ele>
        <time>2026-03-02T14:13:17+00:00</time>
      </trkpt>
      <trkpt lat="50.78412" lon="2.71964">
        <ele>85</ele>
        <time>2026-03-02T14:13:20+00:00</time>
      </trkpt>
      <trkpt lat="50.78432" lon="2.71991">
        <ele>85</ele>
        <time>2026-03-02T14:13:23+00:00</time>
      </trkpt>
      <trkpt lat="50.78462" lon="2.72032">
        <ele>85</ele>
        <time>2026-03-02T14:13:26+00:00</time>
      </trkpt>
      <trkpt lat="50.78487" lon="2.72065">
        <ele>85</ele>
        <time>2026-03-02T14:13:29+00:00</time>
      </trkpt>
      <trkpt lat="50.78503" lon="2.72088">
        <ele>84</ele>
        <time>2026-03-02T14:13:32+00:00</time>
      </trkpt>
      <trkpt lat="50.78521" lon="2.72111">
        <ele>84</ele>
        <time>2026-03-02T14:13:35+00:00</time>
      </trkpt>
      <trkpt lat="50.78507" lon="2.7217">
        <ele>85</ele>
        <time>2026-03-02T14:13:38+00:00</time>
      </trkpt>
      <trkpt lat="50.78528" lon="2.72203">
        <ele>85</ele>
        <time>2026-03-02T14:13:41+00:00</time>
      </trkpt>
      <trkpt lat="50.78549" lon="2.72237">
        <ele>84</ele>
        <time>2026-03-02T14:13:44+00:00</time>
      </trkpt>
      <trkpt lat="50.78578" lon="2.72283">
        <ele>84</ele>
        <time>2026-03-02T14:13:47+00:00</time>
      </trkpt>
      <trkpt lat="50.78593" lon="2.72308">
        <ele>83</ele>
        <time>2026-03-02T14:13:50+00:00</time>
      </trkpt>
      <trkpt lat="50.7861" lon="2.72336">
        <ele>83</ele>
        <time>2026-03-02T14:13:53+00:00</time>
      </trkpt>
      <trkpt lat="50.78636" lon="2.72377">
        <ele>82</ele>
        <time>2026-03-02T14:13:56+00:00</time>
      </trkpt>
      <trkpt lat="50.78661" lon="2.72419">
        <ele>80</ele>
        <time>2026-03-02T14:13:59+00:00</time>
      </trkpt>
      <trkpt lat="50.78677" lon="2.72443">
        <ele>80</ele>
        <time>2026-03-02T14:14:02+00:00</time>
      </trkpt>
      <trkpt lat="50.78694" lon="2.72471">
        <ele>78</ele>
        <time>2026-03-02T14:14:05+00:00</time>
      </trkpt>
      <trkpt lat="50.78718" lon="2.7251">
        <ele>77</ele>
        <time>2026-03-02T14:14:08+00:00</time>
      </trkpt>
      <trkpt lat="50.78744" lon="2.7255">
        <ele>76</ele>
        <time>2026-03-02T14:14:11+00:00</time>
      </trkpt>
      <trkpt lat="50.78769" lon="2.7259">
        <ele>75</ele>
        <time>2026-03-02T14:14:14+00:00</time>
      </trkpt>
      <trkpt lat="50.7879" lon="2.72622">
        <ele>73</ele>
        <time>2026-03-02T14:14:17+00:00</time>
      </trkpt>
      <trkpt lat="50.78811" lon="2.72655">
        <ele>72</ele>
        <time>2026-03-02T14:14:20+00:00</time>
      </trkpt>
      <trkpt lat="50.78837" lon="2.72695">
        <ele>71</ele>
        <time>2026-03-02T14:14:23+00:00</time>
      </trkpt>
      <trkpt lat="50.78856" lon="2.72726">
        <ele>70</ele>
        <time>2026-03-02T14:14:26+00:00</time>
      </trkpt>
      <trkpt lat="50.78877" lon="2.72762">
        <ele>68</ele>
        <time>2026-03-02T14:14:29+00:00</time>
      </trkpt>
      <trkpt lat="50.78896" lon="2.72795">
        <ele>67</ele>
        <time>2026-03-02T14:14:32+00:00</time>
      </trkpt>
      <trkpt lat="50.78934" lon="2.72862">
        <ele>63</ele>
        <time>2026-03-02T14:14:35+00:00</time>
      </trkpt>
      <trkpt lat="50.78941" lon="2.72897">
        <ele>63</ele>
        <time>2026-03-02T14:14:38+00:00</time>
      </trkpt>
      <trkpt lat="50.78948" lon="2.72939">
        <ele>64</ele>
        <time>2026-03-02T14:14:41+00:00</time>
      </trkpt>
      <trkpt lat="50.78921" lon="2.72959">
        <ele>66</ele>
        <time>2026-03-02T14:14:44+00:00</time>
      </trkpt>
      <trkpt lat="50.78897" lon="2.72976">
        <ele>68</ele>
        <time>2026-03-02T14:14:47+00:00</time>
      </trkpt>
      <trkpt lat="50.78857" lon="2.73004">
        <ele>71</ele>
        <time>2026-03-02T14:14:50+00:00</time>
      </trkpt>
      <trkpt lat="50.78833" lon="2.73024">
        <ele>73</ele>
        <time>2026-03-02T14:14:53+00:00</time>
      </trkpt>
      <trkpt lat="50.78789" lon="2.7306">
        <ele>76</ele>
        <time>2026-03-02T14:14:56+00:00</time>
      </trkpt>
      <trkpt lat="50.78767" lon="2.73088">
        <ele>79</ele>
        <time>2026-03-02T14:14:59+00:00</time>
      </trkpt>
      <trkpt lat="50.78724" lon="2.73144">
        <ele>82</ele>
        <time>2026-03-02T14:15:02+00:00</time>
      </trkpt>
      <trkpt lat="50.78698" lon="2.73176">
        <ele>83</ele>
        <time>2026-03-02T14:15:05+00:00</time>
      </trkpt>
      <trkpt lat="50.78671" lon="2.73207">
        <ele>84</ele>
        <time>2026-03-02T14:15:08+00:00</time>
      </trkpt>
      <trkpt lat="50.78645" lon="2.73239">
        <ele>87</ele>
        <time>2026-03-02T14:15:11+00:00</time>
      </trkpt>
      <trkpt lat="50.78608" lon="2.73284">
        <ele>89</ele>
        <time>2026-03-02T14:15:14+00:00</time>
      </trkpt>
      <trkpt lat="50.78579" lon="2.7332">
        <ele>90</ele>
        <time>2026-03-02T14:15:17+00:00</time>
      </trkpt>
      <trkpt lat="50.78558" lon="2.73346">
        <ele>90</ele>
        <time>2026-03-02T14:15:20+00:00</time>
      </trkpt>
      <trkpt lat="50.78522" lon="2.73389">
        <ele>89</ele>
        <time>2026-03-02T14:15:23+00:00</time>
      </trkpt>
      <trkpt lat="50.78502" lon="2.73415">
        <ele>89</ele>
        <time>2026-03-02T14:15:26+00:00</time>
      </trkpt>
      <trkpt lat="50.78472" lon="2.73455">
        <ele>89</ele>
        <time>2026-03-02T14:15:29+00:00</time>
      </trkpt>
      <trkpt lat="50.7845" lon="2.73485">
        <ele>89</ele>
        <time>2026-03-02T14:15:32+00:00</time>
      </trkpt>
      <trkpt lat="50.78428" lon="2.73515">
        <ele>90</ele>
        <time>2026-03-02T14:15:35+00:00</time>
      </trkpt>
      <trkpt lat="50.78403" lon="2.73549">
        <ele>91</ele>
        <time>2026-03-02T14:15:38+00:00</time>
      </trkpt>
      <trkpt lat="50.78381" lon="2.73582">
        <ele>92</ele>
        <time>2026-03-02T14:15:41+00:00</time>
      </trkpt>
      <trkpt lat="50.7836" lon="2.73616">
        <ele>95</ele>
        <time>2026-03-02T14:15:44+00:00</time>
      </trkpt>
      <trkpt lat="50.78331" lon="2.73661">
        <ele>95</ele>
        <time>2026-03-02T14:15:47+00:00</time>
      </trkpt>
      <trkpt lat="50.78323" lon="2.73668">
        <ele>96</ele>
        <time>2026-03-02T14:15:50+00:00</time>
      </trkpt>
      <trkpt lat="50.78319" lon="2.73621">
        <ele>99</ele>
        <time>2026-03-02T14:15:53+00:00</time>
      </trkpt>
      <trkpt lat="50.78315" lon="2.73573">
        <ele>98</ele>
        <time>2026-03-02T14:15:56+00:00</time>
      </trkpt>
      <trkpt lat="50.78311" lon="2.73526">
        <ele>98</ele>
        <time>2026-03-02T14:15:59+00:00</time>
      </trkpt>
      <trkpt lat="50.78306" lon="2.7347">
        <ele>98</ele>
        <time>2026-03-02T14:16:02+00:00</time>
      </trkpt>
      <trkpt lat="50.78297" lon="2.73412">
        <ele>100</ele>
        <time>2026-03-02T14:16:05+00:00</time>
      </trkpt>
      <trkpt lat="50.78316" lon="2.73357">
        <ele>101</ele>
        <time>2026-03-02T14:16:08+00:00</time>
      </trkpt>
      <trkpt lat="50.78339" lon="2.73312">
        <ele>103</ele>
        <time>2026-03-02T14:16:11+00:00</time>
      </trkpt>
      <trkpt lat="50.78344" lon="2.73281">
        <ele>104</ele>
        <time>2026-03-02T14:16:14+00:00</time>
      </trkpt>
      <trkpt lat="50.78345" lon="2.73235">
        <ele>105</ele>
        <time>2026-03-02T14:16:17+00:00</time>
      </trkpt>
      <trkpt lat="50.78346" lon="2.7319">
        <ele>107</ele>
        <time>2026-03-02T14:16:20+00:00</time>
      </trkpt>
      <trkpt lat="50.78347" lon="2.7314">
        <ele>107</ele>
        <time>2026-03-02T14:16:23+00:00</time>
      </trkpt>
      <trkpt lat="50.78319" lon="2.73152">
        <ele>111</ele>
        <time>2026-03-02T14:16:26+00:00</time>
      </trkpt>
      <trkpt lat="50.78295" lon="2.73163">
        <ele>113</ele>
        <time>2026-03-02T14:16:29+00:00</time>
      </trkpt>
      <trkpt lat="50.78263" lon="2.73178">
        <ele>116</ele>
        <time>2026-03-02T14:16:32+00:00</time>
      </trkpt>
      <trkpt lat="50.7825" lon="2.73127">
        <ele>121</ele>
        <time>2026-03-02T14:16:35+00:00</time>
      </trkpt>
      <trkpt lat="50.78216" lon="2.73111">
        <ele>125</ele>
        <time>2026-03-02T14:16:38+00:00</time>
      </trkpt>
      <trkpt lat="50.782" lon="2.7309">
        <ele>125</ele>
        <time>2026-03-02T14:16:41+00:00</time>
      </trkpt>
      <trkpt lat="50.78188" lon="2.7306">
        <ele>125</ele>
        <time>2026-03-02T14:16:44+00:00</time>
      </trkpt>
      <trkpt lat="50.78174" lon="2.73027">
        <ele>125</ele>
        <time>2026-03-02T14:16:47+00:00</time>
      </trkpt>
      <trkpt lat="50.78147" lon="2.72995">
        <ele>125</ele>
        <time>2026-03-02T14:16:50+00:00</time>
      </trkpt>
      <trkpt lat="50.78125" lon="2.72996">
        <ele>127</ele>
        <time>2026-03-02T14:16:53+00:00</time>
      </trkpt>
      <trkpt lat="50.78102" lon="2.72997">
        <ele>129</ele>
        <time>2026-03-02T14:16:56+00:00</time>
      </trkpt>
      <trkpt lat="50.78075" lon="2.72981">
        <ele>131</ele>
        <time>2026-03-02T14:16:59+00:00</time>
      </trkpt>
      <trkpt lat="50.78045" lon="2.72951">
        <ele>132</ele>
        <time>2026-03-02T14:17:02+00:00</time>
      </trkpt>
      <trkpt lat="50.78026" lon="2.72953">
        <ele>132</ele>
        <time>2026-03-02T14:17:05+00:00</time>
      </trkpt>
      <trkpt lat="50.78019" lon="2.72951">
        <ele>133</ele>
        <time>2026-03-02T14:17:08+00:00</time>
      </trkpt>
      <trkpt lat="50.78001" lon="2.72988">
        <ele>132</ele>
        <time>2026-03-02T14:17:11+00:00</time>
      </trkpt>
      <trkpt lat="50.77998" lon="2.7303">
        <ele>133</ele>
        <time>2026-03-02T14:17:14+00:00</time>
      </trkpt>
      <trkpt lat="50.77975" lon="2.73064">
        <ele>134</ele>
        <time>2026-03-02T14:17:17+00:00</time>
      </trkpt>
      <trkpt lat="50.77954" lon="2.7311">
        <ele>135</ele>
        <time>2026-03-02T14:17:20+00:00</time>
      </trkpt>
      <trkpt lat="50.77931" lon="2.73153">
        <ele>133</ele>
        <time>2026-03-02T14:17:23+00:00</time>
      </trkpt>
      <trkpt lat="50.77909" lon="2.73168">
        <ele>132</ele>
        <time>2026-03-02T14:17:26+00:00</time>
      </trkpt>
      <trkpt lat="50.7788" lon="2.73188">
        <ele>128</ele>
        <time>2026-03-02T14:17:29+00:00</time>
      </trkpt>
      <trkpt lat="50.77858" lon="2.73223">
        <ele>128</ele>
        <time>2026-03-02T14:17:32+00:00</time>
      </trkpt>
      <trkpt lat="50.77839" lon="2.73255">
        <ele>128</ele>
        <time>2026-03-02T14:17:35+00:00</time>
      </trkpt>
      <trkpt lat="50.77801" lon="2.73319">
        <ele>130</ele>
        <time>2026-03-02T14:17:38+00:00</time>
      </trkpt>
      <trkpt lat="50.77783" lon="2.73357">
        <ele>128</ele>
        <time>2026-03-02T14:17:41+00:00</time>
      </trkpt>
      <trkpt lat="50.77763" lon="2.73373">
        <ele>126</ele>
        <time>2026-03-02T14:17:44+00:00</time>
      </trkpt>
      <trkpt lat="50.77739" lon="2.73391">
        <ele>119</ele>
        <time>2026-03-02T14:17:47+00:00</time>
      </trkpt>
      <trkpt lat="50.7773" lon="2.73352">
        <ele>111</ele>
        <time>2026-03-02T14:17:50+00:00</time>
      </trkpt>
      <trkpt lat="50.77716" lon="2.73293">
        <ele>98</ele>
        <time>2026-03-02T14:17:53+00:00</time>
      </trkpt>
      <trkpt lat="50.77706" lon="2.73246">
        <ele>90</ele>
        <time>2026-03-02T14:17:56+00:00</time>
      </trkpt>
      <trkpt lat="50.77697" lon="2.73208">
        <ele>88</ele>
        <time>2026-03-02T14:17:59+00:00</time>
      </trkpt>
      <trkpt lat="50.77684" lon="2.7315">
        <ele>84</ele>
        <time>2026-03-02T14:18:02+00:00</time>
      </trkpt>
      <trkpt lat="50.77656" lon="2.73151">
        <ele>82</ele>
        <time>2026-03-02T14:18:05+00:00</time>
      </trkpt>
      <trkpt lat="50.77639" lon="2.73131">
        <ele>79</ele>
        <time>2026-03-02T14:18:08+00:00</time>
      </trkpt>
      <trkpt lat="50.77601" lon="2.73112">
        <ele>76</ele>
        <time>2026-03-02T14:18:11+00:00</time>
      </trkpt>
      <trkpt lat="50.77576" lon="2.73063">
        <ele>73</ele>
        <time>2026-03-02T14:18:14+00:00</time>
      </trkpt>
      <trkpt lat="50.77572" lon="2.7304">
        <ele>71</ele>
        <time>2026-03-02T14:18:17+00:00</time>
      </trkpt>
      <trkpt lat="50.77551" lon="2.73018">
        <ele>69</ele>
        <time>2026-03-02T14:18:20+00:00</time>
      </trkpt>
      <trkpt lat="50.7753" lon="2.72996">
        <ele>68</ele>
        <time>2026-03-02T14:18:23+00:00</time>
      </trkpt>
      <trkpt lat="50.77504" lon="2.72969">
        <ele>67</ele>
        <time>2026-03-02T14:18:26+00:00</time>
      </trkpt>
      <trkpt lat="50.7749" lon="2.72906">
        <ele>66</ele>
        <time>2026-03-02T14:18:29+00:00</time>
      </trkpt>
      <trkpt lat="50.77475" lon="2.72912">
        <ele>64</ele>
        <time>2026-03-02T14:18:32+00:00</time>
      </trkpt>
      <trkpt lat="50.77454" lon="2.72898">
        <ele>67</ele>
        <time>2026-03-02T14:18:35+00:00</time>
      </trkpt>
      <trkpt lat="50.77414" lon="2.72872">
        <ele>68</ele>
        <time>2026-03-02T14:18:38+00:00</time>
      </trkpt>
      <trkpt lat="50.77393" lon="2.72886">
        <ele>71</ele>
        <time>2026-03-02T14:18:41+00:00</time>
      </trkpt>
      <trkpt lat="50.77371" lon="2.72902">
        <ele>72</ele>
        <time>2026-03-02T14:18:44+00:00</time>
      </trkpt>
      <trkpt lat="50.77355" lon="2.72879">
        <ele>72</ele>
        <time>2026-03-02T14:18:47+00:00</time>
      </trkpt>
      <trkpt lat="50.77339" lon="2.72855">
        <ele>72</ele>
        <time>2026-03-02T14:18:50+00:00</time>
      </trkpt>
      <trkpt lat="50.77331" lon="2.72799">
        <ele>66</ele>
        <time>2026-03-02T14:18:53+00:00</time>
      </trkpt>
      <trkpt lat="50.77357" lon="2.72759">
        <ele>61</ele>
        <time>2026-03-02T14:18:56+00:00</time>
      </trkpt>
      <trkpt lat="50.77376" lon="2.72717">
        <ele>57</ele>
        <time>2026-03-02T14:18:59+00:00</time>
      </trkpt>
      <trkpt lat="50.7739" lon="2.72656">
        <ele>52</ele>
        <time>2026-03-02T14:19:02+00:00</time>
      </trkpt>
      <trkpt lat="50.77385" lon="2.7263">
        <ele>51</ele>
        <time>2026-03-02T14:19:05+00:00</time>
      </trkpt>
      <trkpt lat="50.77369" lon="2.72593">
        <ele>49</ele>
        <time>2026-03-02T14:19:08+00:00</time>
      </trkpt>
      <trkpt lat="50.7736" lon="2.72553">
        <ele>47</ele>
        <time>2026-03-02T14:19:11+00:00</time>
      </trkpt>
      <trkpt lat="50.7736" lon="2.72501">
        <ele>45</ele>
        <time>2026-03-02T14:19:14+00:00</time>
      </trkpt>
      <trkpt lat="50.77355" lon="2.72465">
        <ele>44</ele>
        <time>2026-03-02T14:19:17+00:00</time>
      </trkpt>
      <trkpt lat="50.77348" lon="2.72421">
        <ele>43</ele>
        <time>2026-03-02T14:19:20+00:00</time>
      </trkpt>
      <trkpt lat="50.77349" lon="2.72385">
        <ele>42</ele>
        <time>2026-03-02T14:19:23+00:00</time>
      </trkpt>
      <trkpt lat="50.77349" lon="2.72343">
        <ele>41</ele>
        <time>2026-03-02T14:19:26+00:00</time>
      </trkpt>
      <trkpt lat="50.77339" lon="2.72308">
        <ele>40</ele>
        <time>2026-03-02T14:19:29+00:00</time>
      </trkpt>
      <trkpt lat="50.77326" lon="2.72263">
        <ele>40</ele>
        <time>2026-03-02T14:19:32+00:00</time>
      </trkpt>
      <trkpt lat="50.77304" lon="2.72226">
        <ele>39</ele>
        <time>2026-03-02T14:19:35+00:00</time>
      </trkpt>
      <trkpt lat="50.77275" lon="2.72226">
        <ele>39</ele>
        <time>2026-03-02T14:19:38+00:00</time>
      </trkpt>
      <trkpt lat="50.77247" lon="2.72225">
        <ele>39</ele>
        <time>2026-03-02T14:19:41+00:00</time>
      </trkpt>
      <trkpt lat="50.77217" lon="2.72225">
        <ele>39</ele>
        <time>2026-03-02T14:19:44+00:00</time>
      </trkpt>
      <trkpt lat="50.7719" lon="2.72223">
        <ele>38</ele>
        <time>2026-03-02T14:19:47+00:00</time>
      </trkpt>
      <trkpt lat="50.77169" lon="2.72222">
        <ele>38</ele>
        <time>2026-03-02T14:19:50+00:00</time>
      </trkpt>
      <trkpt lat="50.77147" lon="2.72221">
        <ele>38</ele>
        <time>2026-03-02T14:19:53+00:00</time>
      </trkpt>
      <trkpt lat="50.77119" lon="2.72231">
        <ele>38</ele>
        <time>2026-03-02T14:19:56+00:00</time>
      </trkpt>
      <trkpt lat="50.77085" lon="2.72257">
        <ele>37</ele>
        <time>2026-03-02T14:19:59+00:00</time>
      </trkpt>
      <trkpt lat="50.77063" lon="2.72249">
        <ele>37</ele>
        <time>2026-03-02T14:20:02+00:00</time>
      </trkpt>
      <trkpt lat="50.77038" lon="2.72241">
        <ele>37</ele>
        <time>2026-03-02T14:20:05+00:00</time>
      </trkpt>
      <trkpt lat="50.77006" lon="2.72229">
        <ele>36</ele>
        <time>2026-03-02T14:20:08+00:00</time>
      </trkpt>
      <trkpt lat="50.76974" lon="2.72217">
        <ele>36</ele>
        <time>2026-03-02T14:20:11+00:00</time>
      </trkpt>
      <trkpt lat="50.76943" lon="2.72206">
        <ele>35</ele>
        <time>2026-03-02T14:20:14+00:00</time>
      </trkpt>
      <trkpt lat="50.76903" lon="2.72191">
        <ele>35</ele>
        <time>2026-03-02T14:20:17+00:00</time>
      </trkpt>
      <trkpt lat="50.76873" lon="2.72164">
        <ele>35</ele>
        <time>2026-03-02T14:20:20+00:00</time>
      </trkpt>
      <trkpt lat="50.76851" lon="2.72155">
        <ele>34</ele>
        <time>2026-03-02T14:20:23+00:00</time>
      </trkpt>
      <trkpt lat="50.76826" lon="2.72144">
        <ele>34</ele>
        <time>2026-03-02T14:20:26+00:00</time>
      </trkpt>
      <trkpt lat="50.76814" lon="2.72194">
        <ele>34</ele>
        <time>2026-03-02T14:20:29+00:00</time>
      </trkpt>
      <trkpt lat="50.76803" lon="2.72244">
        <ele>35</ele>
        <time>2026-03-02T14:20:32+00:00</time>
      </trkpt>
      <trkpt lat="50.76791" lon="2.72294">
        <ele>37</ele>
        <time>2026-03-02T14:20:35+00:00</time>
      </trkpt>
      <trkpt lat="50.76782" lon="2.72331">
        <ele>38</ele>
        <time>2026-03-02T14:20:38+00:00</time>
      </trkpt>
      <trkpt lat="50.7677" lon="2.72386">
        <ele>39</ele>
        <time>2026-03-02T14:20:41+00:00</time>
      </trkpt>
      <trkpt lat="50.76759" lon="2.7243">
        <ele>40</ele>
        <time>2026-03-02T14:20:44+00:00</time>
      </trkpt>
      <trkpt lat="50.76748" lon="2.72462">
        <ele>41</ele>
        <time>2026-03-02T14:20:47+00:00</time>
      </trkpt>
      <trkpt lat="50.76734" lon="2.72501">
        <ele>41</ele>
        <time>2026-03-02T14:20:50+00:00</time>
      </trkpt>
      <trkpt lat="50.76705" lon="2.72481">
        <ele>40</ele>
        <time>2026-03-02T14:20:53+00:00</time>
      </trkpt>
      <trkpt lat="50.76676" lon="2.72462">
        <ele>40</ele>
        <time>2026-03-02T14:20:56+00:00</time>
      </trkpt>
      <trkpt lat="50.76655" lon="2.72447">
        <ele>38</ele>
        <time>2026-03-02T14:20:59+00:00</time>
      </trkpt>
      <trkpt lat="50.76629" lon="2.7243">
        <ele>38</ele>
        <time>2026-03-02T14:21:02+00:00</time>
      </trkpt>
      <trkpt lat="50.7658" lon="2.72398">
        <ele>35</ele>
        <time>2026-03-02T14:21:05+00:00</time>
      </trkpt>
      <trkpt lat="50.76561" lon="2.72372">
        <ele>34</ele>
        <time>2026-03-02T14:21:08+00:00</time>
      </trkpt>
      <trkpt lat="50.76534" lon="2.72337">
        <ele>33</ele>
        <time>2026-03-02T14:21:11+00:00</time>
      </trkpt>
      <trkpt lat="50.76512" lon="2.7232">
        <ele>32</ele>
        <time>2026-03-02T14:21:14+00:00</time>
      </trkpt>
      <trkpt lat="50.76481" lon="2.72298">
        <ele>31</ele>
        <time>2026-03-02T14:21:17+00:00</time>
      </trkpt>
      <trkpt lat="50.7646" lon="2.7226">
        <ele>31</ele>
        <time>2026-03-02T14:21:20+00:00</time>
      </trkpt>
      <trkpt lat="50.76444" lon="2.72236">
        <ele>31</ele>
        <time>2026-03-02T14:21:23+00:00</time>
      </trkpt>
      <trkpt lat="50.76428" lon="2.72211">
        <ele>31</ele>
        <time>2026-03-02T14:21:26+00:00</time>
      </trkpt>
      <trkpt lat="50.76406" lon="2.72158">
        <ele>31</ele>
        <time>2026-03-02T14:21:29+00:00</time>
      </trkpt>
      <trkpt lat="50.76391" lon="2.72157">
        <ele>31</ele>
        <time>2026-03-02T14:21:32+00:00</time>
      </trkpt>
      <trkpt lat="50.76384" lon="2.7213">
        <ele>31</ele>
        <time>2026-03-02T14:21:35+00:00</time>
      </trkpt>
      <trkpt lat="50.76375" lon="2.72092">
        <ele>31</ele>
        <time>2026-03-02T14:21:38+00:00</time>
      </trkpt>
      <trkpt lat="50.76362" lon="2.72079">
        <ele>31</ele>
        <time>2026-03-02T14:21:41+00:00</time>
      </trkpt>
      <trkpt lat="50.76354" lon="2.72051">
        <ele>31</ele>
        <time>2026-03-02T14:21:44+00:00</time>
      </trkpt>
      <trkpt lat="50.76341" lon="2.7201">
        <ele>32</ele>
        <time>2026-03-02T14:21:47+00:00</time>
      </trkpt>
      <trkpt lat="50.7632" lon="2.71976">
        <ele>32</ele>
        <time>2026-03-02T14:21:50+00:00</time>
      </trkpt>
      <trkpt lat="50.76331" lon="2.71934">
        <ele>32</ele>
        <time>2026-03-02T14:21:53+00:00</time>
      </trkpt>
      <trkpt lat="50.76342" lon="2.71893">
        <ele>32</ele>
        <time>2026-03-02T14:21:56+00:00</time>
      </trkpt>
      <trkpt lat="50.76354" lon="2.71849">
        <ele>33</ele>
        <time>2026-03-02T14:21:59+00:00</time>
      </trkpt>
      <trkpt lat="50.76345" lon="2.71834">
        <ele>33</ele>
        <time>2026-03-02T14:22:02+00:00</time>
      </trkpt>
      <trkpt lat="50.76352" lon="2.71798">
        <ele>33</ele>
        <time>2026-03-02T14:22:05+00:00</time>
      </trkpt>
      <trkpt lat="50.76365" lon="2.71727">
        <ele>34</ele>
        <time>2026-03-02T14:22:08+00:00</time>
      </trkpt>
    </trkseg>
  </trk>
</gpx>
