<?xml version="1.0" encoding="UTF-8"?>
<gpx version="1.1" creator="TrailCompareMVP" xmlns="http://www.topografix.com/GPX/1/1">
  <trk>
    <trkseg>
      <trkpt lat="45.892033115974286" lon="6.134670533736078">
        <ele>491</ele>
      </trkpt>
      <trkpt lat="45.89178489561753" lon="6.134809772605117">
        <ele>492</ele>
      </trkpt>
      <trkpt lat="45.891714243272844" lon="6.134750483796365">
        <ele>492</ele>
      </trkpt>
      <trkpt lat="45.89163358694652" lon="6.134656160691533">
        <ele>495</ele>
      </trkpt>
      <trkpt lat="45.89155168001463" lon="6.1345905836757915">
        <ele>496</ele>
      </trkpt>
      <trkpt lat="45.891481027373274" lon="6.134606753350906">
        <ele>497</ele>
      </trkpt>
      <trkpt lat="45.89128532533992" lon="6.134533989812891">
        <ele>496</ele>
      </trkpt>
      <trkpt lat="45.891083370122445" lon="6.134387564421581">
        <ele>496</ele>
      </trkpt>
      <trkpt lat="45.89093456054495" lon="6.134443259969196">
        <ele>497</ele>
      </trkpt>
      <trkpt lat="45.89090079697188" lon="6.134478294265277">
        <ele>497</ele>
      </trkpt>
      <trkpt lat="45.89079387885504" lon="6.134439666708059">
        <ele>502</ele>
      </trkpt>
      <trkpt lat="45.89070071611766" lon="6.134437870077491">
        <ele>502</ele>
      </trkpt>
      <trkpt lat="45.890554406536715" lon="6.134452243122038">
        <ele>507</ele>
      </trkpt>
      <trkpt lat="45.89044998877963" lon="6.134533989812891">
        <ele>509</ele>
      </trkpt>
      <trkpt lat="45.89035745072303" lon="6.134555549379711">
        <ele>511</ele>
      </trkpt>
      <trkpt lat="45.89026991458167" lon="6.134510633615504">
        <ele>514</ele>
      </trkpt>
      <trkpt lat="45.89020238660691" lon="6.134396547574422">
        <ele>517</ele>
      </trkpt>
      <trkpt lat="45.89018237830233" lon="6.134190833374358">
        <ele>522</ele>
      </trkpt>
      <trkpt lat="45.890154866871754" lon="6.1338422870441205">
        <ele>527</ele>
      </trkpt>
      <trkpt lat="45.890156742651534" lon="6.13355662278377">
        <ele>529</ele>
      </trkpt>
      <trkpt lat="45.890142986931615" lon="6.133515300280702">
        <ele>529</ele>
      </trkpt>
      <trkpt lat="45.89010859761687" lon="6.133412892338311">
        <ele>529</ele>
      </trkpt>
      <trkpt lat="45.8900116821608" lon="6.133329349016887">
        <ele>528</ele>
      </trkpt>
      <trkpt lat="45.890047947319" lon="6.133108363456994">
        <ele>527</ele>
      </trkpt>
      <trkpt lat="45.890073583020005" lon="6.132914327355624">
        <ele>527</ele>
      </trkpt>
      <trkpt lat="45.890096717666836" lon="6.132816410989655">
        <ele>526</ele>
      </trkpt>
      <trkpt lat="45.89013048172872" lon="6.132726579461244">
        <ele>526</ele>
      </trkpt>
      <trkpt lat="45.8901554921317" lon="6.132665494021923">
        <ele>526</ele>
      </trkpt>
      <trkpt lat="45.89011985230403" lon="6.132636747932831">
        <ele>526</ele>
      </trkpt>
      <trkpt lat="45.890088589278506" lon="6.132507390531918">
        <ele>526</ele>
      </trkpt>
      <trkpt lat="45.890091090321214" lon="6.132132793058441">
        <ele>528</ele>
      </trkpt>
      <trkpt lat="45.89010234501191" lon="6.131715974766609">
        <ele>532</ele>
      </trkpt>
      <trkpt lat="45.890109222877335" lon="6.131400666101883">
        <ele>535</ele>
      </trkpt>
      <trkpt lat="45.890127980687794" lon="6.131176087280854">
        <ele>546</ele>
      </trkpt>
      <trkpt lat="45.89013173224913" lon="6.130956898351528">
        <ele>544</ele>
      </trkpt>
      <trkpt lat="45.890146738491936" lon="6.130794303285103">
        <ele>543</ele>
      </trkpt>
      <trkpt lat="45.89016049421094" lon="6.1306029621295846">
        <ele>543</ele>
      </trkpt>
      <trkpt lat="45.890089839799884" lon="6.130558046365379">
        <ele>543</ele>
      </trkpt>
      <trkpt lat="45.89003294104951" lon="6.130621826750552">
        <ele>547</ele>
      </trkpt>
      <trkpt lat="45.890028564220145" lon="6.130627216642257">
        <ele>536</ele>
      </trkpt>
      <trkpt lat="45.889980419074384" lon="6.130659555992484">
        <ele>537</ele>
      </trkpt>
      <trkpt lat="45.8899547833304" lon="6.130661352623053">
        <ele>538</ele>
      </trkpt>
      <trkpt lat="45.88988475392064" lon="6.130621826750552">
        <ele>539</ele>
      </trkpt>
      <trkpt lat="45.889849739182644" lon="6.130552656473675">
        <ele>542</ele>
      </trkpt>
      <trkpt lat="45.88984598760227" lon="6.130485282827365">
        <ele>543</ele>
      </trkpt>
      <trkpt lat="45.88979158965831" lon="6.130437672117307">
        <ele>546</ele>
      </trkpt>
      <trkpt lat="45.88972781269061" lon="6.130411620974068">
        <ele>547</ele>
      </trkpt>
      <trkpt lat="45.88968279361051" lon="6.1303837732002595">
        <ele>548</ele>
      </trkpt>
      <trkpt lat="45.88966090932229" lon="6.1302966366177">
        <ele>550</ele>
      </trkpt>
      <trkpt lat="45.8896665367115" lon="6.13016997416264">
        <ele>550</ele>
      </trkpt>
      <trkpt lat="45.889657782994696" lon="6.130039718446442">
        <ele>552</ele>
      </trkpt>
      <trkpt lat="45.88964152608835" lon="6.130019955510192">
        <ele>553</ele>
      </trkpt>
      <trkpt lat="45.88962151758174" lon="6.130011870672635">
        <ele>553</ele>
      </trkpt>
      <trkpt lat="45.889612763857826" lon="6.129940005449906">
        <ele>553</ele>
      </trkpt>
      <trkpt lat="45.88963527343081" lon="6.129870835173026">
        <ele>562</ele>
      </trkpt>
      <trkpt lat="45.88965090507336" lon="6.129817834571264">
        <ele>552</ele>
      </trkpt>
      <trkpt lat="45.8896734146309" lon="6.129765732284786">
        <ele>551</ele>
      </trkpt>
      <trkpt lat="45.88968591993672" lon="6.129736986195693">
        <ele>551</ele>
      </trkpt>
      <trkpt lat="45.88966090932229" lon="6.129626493415747">
        <ele>550</ele>
      </trkpt>
      <trkpt lat="45.88964465241686" lon="6.129594154065519">
        <ele>549</ele>
      </trkpt>
      <trkpt lat="45.88963777449393" lon="6.12955732313887">
        <ele>548</ele>
      </trkpt>
      <trkpt lat="45.88966341038423" lon="6.129541153463757">
        <ele>547</ele>
      </trkpt>
      <trkpt lat="45.88969842523967" lon="6.1294899494925605">
        <ele>546</ele>
      </trkpt>
      <trkpt lat="45.88971155580478" lon="6.129462101718754">
        <ele>546</ele>
      </trkpt>
      <trkpt lat="45.88971155580478" lon="6.129435152260229">
        <ele>544</ele>
      </trkpt>
      <trkpt lat="45.88970155156499" lon="6.129412694378127">
        <ele>544</ele>
      </trkpt>
      <trkpt lat="45.88966966303862" lon="6.129386643234887">
        <ele>543</ele>
      </trkpt>
      <trkpt lat="45.889612763857826" lon="6.129261777410395">
        <ele>541</ele>
      </trkpt>
      <trkpt lat="45.889589629009414" lon="6.129159369468005">
        <ele>539</ele>
      </trkpt>
      <trkpt lat="45.88960588593092" lon="6.129125233487208">
        <ele>538</ele>
      </trkpt>
      <trkpt lat="45.88960963752753" lon="6.129091995821695">
        <ele>536</ele>
      </trkpt>
      <trkpt lat="45.88960275960022" lon="6.129057859840899">
        <ele>535</ele>
      </trkpt>
      <trkpt lat="45.88958087528047" lon="6.128991384509874">
        <ele>534</ele>
      </trkpt>
      <trkpt lat="45.88954148348318" lon="6.1289446721151">
        <ele>533</ele>
      </trkpt>
      <trkpt lat="45.88953272974665" lon="6.128914129395439">
        <ele>533</ele>
      </trkpt>
      <trkpt lat="45.88953272974665" lon="6.128876400153507">
        <ele>532</ele>
      </trkpt>
      <trkpt lat="45.889548986684815" lon="6.1288368742810055">
        <ele>532</ele>
      </trkpt>
      <trkpt lat="45.88958087528047" lon="6.1288045349307785">
        <ele>532</ele>
      </trkpt>
      <trkpt lat="45.88963152183596" lon="6.128809924822483">
        <ele>530</ele>
      </trkpt>
      <trkpt lat="45.889756574861565" lon="6.128729974762195">
        <ele>527</ele>
      </trkpt>
      <trkpt lat="45.88980472020138" lon="6.128666194377024">
        <ele>526</ele>
      </trkpt>
      <trkpt lat="45.88982347811467" lon="6.12861948198225">
        <ele>525</ele>
      </trkpt>
      <trkpt lat="45.889829730751046" lon="6.128589837577873">
        <ele>525</ele>
      </trkpt>
      <trkpt lat="45.88984286128508" lon="6.128564684749918">
        <ele>524</ele>
      </trkpt>
      <trkpt lat="45.88990976443427" lon="6.128501802680029">
        <ele>522</ele>
      </trkpt>
      <trkpt lat="45.88991976863657" lon="6.128469463329801">
        <ele>522</ele>
      </trkpt>
      <trkpt lat="45.88991976863657" lon="6.128382326747241">
        <ele>521</ele>
      </trkpt>
      <trkpt lat="45.88990663812067" lon="6.1283616654957065">
        <ele>522</ele>
      </trkpt>
      <trkpt lat="45.88991664232353" lon="6.128331122776046">
        <ele>522</ele>
      </trkpt>
      <trkpt lat="45.88992289494941" lon="6.1282637491297365">
        <ele>522</ele>
      </trkpt>
      <trkpt lat="45.88991976863657" lon="6.128126306891267">
        <ele>524</ele>
      </trkpt>
      <trkpt lat="45.88990038549296" lon="6.128029288840582">
        <ele>525</ele>
      </trkpt>
      <trkpt lat="45.88987162339647" lon="6.127947542149728">
        <ele>525</ele>
      </trkpt>
      <trkpt lat="45.88983973496774" lon="6.127824472955803">
        <ele>526</ele>
      </trkpt>
      <trkpt lat="45.88980784652068" lon="6.127729251535686">
        <ele>527</ele>
      </trkpt>
      <trkpt lat="45.889737816925674" lon="6.127621453701592">
        <ele>528</ele>
      </trkpt>
      <trkpt lat="45.88966341038423" lon="6.127534317119032">
        <ele>529</ele>
      </trkpt>
      <trkpt lat="45.88963777449393" lon="6.127524435650907">
        <ele>530</ele>
      </trkpt>
      <trkpt lat="45.889509594864876" lon="6.12740945129454">
        <ele>532</ele>
      </trkpt>
      <trkpt lat="45.8894458175734" lon="6.127332196180106">
        <ele>533</ele>
      </trkpt>
      <trkpt lat="45.88938141494007" lon="6.12723966970584">
        <ele>534</ele>
      </trkpt>
      <trkpt lat="45.88935953053309" lon="6.127181279212373">
        <ele>533</ele>
      </trkpt>
      <trkpt lat="45.88931138480739" lon="6.1271076173590755">
        <ele>533</ele>
      </trkpt>
      <trkpt lat="45.889305757382175" lon="6.1270815662158356">
        <ele>534</ele>
      </trkpt>
      <trkpt lat="45.88919383402908" lon="6.12700161615555">
        <ele>533</ele>
      </trkpt>
      <trkpt lat="45.889071906097215" lon="6.126891123375604">
        <ele>533</ele>
      </trkpt>
      <trkpt lat="45.889004376665945" lon="6.1268192581528735">
        <ele>532</ele>
      </trkpt>
      <trkpt lat="45.88896248336641" lon="6.126796800270771">
        <ele>532</ele>
      </trkpt>
      <trkpt lat="45.888876820849546" lon="6.126774342388668">
        <ele>532</ele>
      </trkpt>
      <trkpt lat="45.888857437342025" lon="6.126786918802646">
        <ele>532</ele>
      </trkpt>
      <trkpt lat="45.888837428552925" lon="6.126784223856792">
        <ele>533</ele>
      </trkpt>
      <trkpt lat="45.88877865269336" lon="6.126757274398269">
        <ele>527</ele>
      </trkpt>
      <trkpt lat="45.88865547329651" lon="6.126824648044578">
        <ele>527</ele>
      </trkpt>
      <trkpt lat="45.888604825851026" lon="6.126836326143272">
        <ele>527</ele>
      </trkpt>
      <trkpt lat="45.88857856419444" lon="6.12683363119742">
        <ele>526</ele>
      </trkpt>
      <trkpt lat="45.88855667947117" lon="6.126806681738896">
        <ele>526</ele>
      </trkpt>
      <trkpt lat="45.88845788547012" lon="6.126599170908264">
        <ele>528</ele>
      </trkpt>
      <trkpt lat="45.888437876537104" lon="6.126581204602581">
        <ele>528</ele>
      </trkpt>
      <trkpt lat="45.88838097609447" lon="6.126496762965875">
        <ele>528</ele>
      </trkpt>
      <trkpt lat="45.88836784521483" lon="6.126446457309964">
        <ele>528</ele>
      </trkpt>
      <trkpt lat="45.888332829520586" lon="6.12639974491519">
        <ele>529</ele>
      </trkpt>
      <trkpt lat="45.888329703118224" lon="6.126339557791154">
        <ele>529</ele>
      </trkpt>
      <trkpt lat="45.8883134458232" lon="6.126274879090698">
        <ele>531</ele>
      </trkpt>
      <trkpt lat="45.88828155649991" lon="6.126204810498535">
        <ele>531</ele>
      </trkpt>
      <trkpt lat="45.88827467840818" lon="6.12616438631075">
        <ele>531</ele>
      </trkpt>
      <trkpt lat="45.88824966715831" lon="6.126097910979725">
        <ele>531</ele>
      </trkpt>
      <trkpt lat="45.888210899698734" lon="6.126036825540406">
        <ele>531</ele>
      </trkpt>
      <trkpt lat="45.888130863567596" lon="6.125931722652163">
        <ele>532</ele>
      </trkpt>
      <trkpt lat="45.888044574484525" lon="6.1258535692224445">
        <ele>534</ele>
      </trkpt>
      <trkpt lat="45.88799642761904" lon="6.125801466935966">
        <ele>536</ele>
      </trkpt>
      <trkpt lat="45.887941402578804" lon="6.125759246117612">
        <ele>537</ele>
      </trkpt>
      <trkpt lat="45.88792952216525" lon="6.125689177525452">
        <ele>539</ele>
      </trkpt>
      <trkpt lat="45.887903885474685" lon="6.125659533121075">
        <ele>540</ele>
      </trkpt>
      <trkpt lat="45.887903885474685" lon="6.125632583662552">
        <ele>541</ele>
      </trkpt>
      <trkpt lat="45.88786199134511" lon="6.1255912611594825">
        <ele>543</ele>
      </trkpt>
      <trkpt lat="45.88785261205806" lon="6.125559820124537">
        <ele>544</ele>
      </trkpt>
      <trkpt lat="45.88782947647652" lon="6.125529277404878">
        <ele>545</ele>
      </trkpt>
      <trkpt lat="45.887804465026164" lon="6.1255131077297635">
        <ele>546</ele>
      </trkpt>
      <trkpt lat="45.88770566968724" lon="6.1253873435899875">
        <ele>549</ele>
      </trkpt>
      <trkpt lat="45.887596869553704" lon="6.125289427224018">
        <ele>550</ele>
      </trkpt>
      <trkpt lat="45.88756497981901" lon="6.125269664287766">
        <ele>551</ele>
      </trkpt>
      <trkpt lat="45.8874818163071" lon="6.125262477765494">
        <ele>552</ele>
      </trkpt>
      <trkpt lat="45.887404905580006" lon="6.12521576537072">
        <ele>554</ele>
      </trkpt>
      <trkpt lat="45.88737864335614" lon="6.125209477163731">
        <ele>555</ele>
      </trkpt>
      <trkpt lat="45.887324868287564" lon="6.1252112737943">
        <ele>555</ele>
      </trkpt>
      <trkpt lat="45.88730548423843" lon="6.125202290641459">
        <ele>556</ele>
      </trkpt>
      <trkpt lat="45.88724795734317" lon="6.1251313237340135">
        <ele>558</ele>
      </trkpt>
      <trkpt lat="45.88719668332106" lon="6.125089102915659">
        <ele>559</ele>
      </trkpt>
      <trkpt lat="45.88712289866963" lon="6.125042390520885">
        <ele>560</ele>
      </trkpt>
      <trkpt lat="45.8870816292456" lon="6.125029814106907">
        <ele>560</ele>
      </trkpt>
      <trkpt lat="45.88704973921511" lon="6.125021729269351">
        <ele>561</ele>
      </trkpt>
      <trkpt lat="45.88698846028157" lon="6.125029814106907">
        <ele>561</ele>
      </trkpt>
      <trkpt lat="45.88696970141087" lon="6.125066645033557">
        <ele>562</ele>
      </trkpt>
      <trkpt lat="45.88694093779681" lon="6.125079221447533">
        <ele>563</ele>
      </trkpt>
      <trkpt lat="45.88692155361372" lon="6.125071136609978">
        <ele>563</ele>
      </trkpt>
      <trkpt lat="45.886889663491324" lon="6.125042390520885">
        <ele>563</ele>
      </trkpt>
      <trkpt lat="45.88684464211092" lon="6.124982203396849">
        <ele>564</ele>
      </trkpt>
      <trkpt lat="45.88678648944053" lon="6.1250271191610555">
        <ele>567</ele>
      </trkpt>
      <trkpt lat="45.88676147752055" lon="6.125063950087704">
        <ele>568</ele>
      </trkpt>
      <trkpt lat="45.88674584506486" lon="6.12511335742833">
        <ele>568</ele>
      </trkpt>
      <trkpt lat="45.88672583551515" lon="6.125154679931399">
        <ele>569</ele>
      </trkpt>
      <trkpt lat="45.8867039500619" lon="6.125164561399525">
        <ele>569</ele>
      </trkpt>
      <trkpt lat="45.88666893331876" lon="6.125154679931399">
        <ele>569</ele>
      </trkpt>
      <trkpt lat="45.88663391655354" lon="6.125164561399525">
        <ele>569</ele>
      </trkpt>
      <trkpt lat="45.886613906963525" lon="6.125161866453673">
        <ele>572</ele>
      </trkpt>
      <trkpt lat="45.886572637161336" lon="6.125184324335776">
        <ele>574</ele>
      </trkpt>
      <trkpt lat="45.88653074202772" lon="6.125225646838845">
        <ele>577</ele>
      </trkpt>
      <trkpt lat="45.88648947216376" lon="6.125222951892994">
        <ele>579</ele>
      </trkpt>
      <trkpt lat="45.88647383963149" lon="6.125205883902595">
        <ele>579</ele>
      </trkpt>
      <trkpt lat="45.88641568657295" lon="6.125225646838845">
        <ele>580</ele>
      </trkpt>
      <trkpt lat="45.88637066480836" lon="6.125259782819643">
        <ele>582</ele>
      </trkpt>
      <trkpt lat="45.88636191057213" lon="6.125284935647597">
        <ele>583</ele>
      </trkpt>
      <trkpt lat="45.886345652701166" lon="6.125297512061575">
        <ele>583</ele>
      </trkpt>
      <trkpt lat="45.88631688876396" lon="6.1253046985838475">
        <ele>584</ele>
      </trkpt>
      <trkpt lat="45.88629375254282" lon="6.125377462121862">
        <ele>585</ele>
      </trkpt>
      <trkpt lat="45.886271866919316" lon="6.125386445274703">
        <ele>586</ele>
      </trkpt>
      <trkpt lat="45.88626186206" lon="6.125413394733226">
        <ele>588</ele>
      </trkpt>
      <trkpt lat="45.886226845038195" lon="6.125407106526238">
        <ele>591</ele>
      </trkpt>
      <trkpt lat="45.88619745573499" lon="6.125399920003964">
        <ele>592</ele>
      </trkpt>
      <trkpt lat="45.886181823120566" lon="6.12537925875243">
        <ele>592</ele>
      </trkpt>
      <trkpt lat="45.88616243867257" lon="6.125367580653737">
        <ele>593</ele>
      </trkpt>
      <trkpt lat="45.8861436795229" lon="6.125362190762031">
        <ele>593</ele>
      </trkpt>
      <trkpt lat="45.88612492036692" lon="6.125369377284304">
        <ele>594</ele>
      </trkpt>
      <trkpt lat="45.88608990325878" lon="6.12535949581618">
        <ele>594</ele>
      </trkpt>
      <trkpt lat="45.88607364530822" lon="6.125342427825781">
        <ele>595</ele>
      </trkpt>
      <trkpt lat="45.88604738245495" lon="6.1253415295104965">
        <ele>596</ele>
      </trkpt>
      <trkpt lat="45.88601299060449" lon="6.1253262581506664">
        <ele>596</ele>
      </trkpt>
      <trkpt lat="45.88584540819222" lon="6.125184324335776">
        <ele>599</ele>
      </trkpt>
      <trkpt lat="45.88576599396208" lon="6.125144798463275">
        <ele>601</ele>
      </trkpt>
      <trkpt lat="45.885753487773755" lon="6.125109764167194">
        <ele>601</ele>
      </trkpt>
      <trkpt lat="45.88564781037005" lon="6.125046882097306">
        <ele>604</ele>
      </trkpt>
      <trkpt lat="45.885557765559724" lon="6.124972321928724">
        <ele>605</ele>
      </trkpt>
      <trkpt lat="45.88553275308653" lon="6.124917524696392">
        <ele>607</ele>
      </trkpt>
      <trkpt lat="45.88551399372422" lon="6.124902253336562">
        <ele>606</ele>
      </trkpt>
      <trkpt lat="45.88548147748122" lon="6.124859134202924">
        <ele>608</ele>
      </trkpt>
      <trkpt lat="45.88545896622493" lon="6.124784574034343">
        <ele>609</ele>
      </trkpt>
      <trkpt lat="45.8854395815247" lon="6.12475762457582">
        <ele>609</ele>
      </trkpt>
      <trkpt lat="45.88541769556468" lon="6.12475762457582">
        <ele>608</ele>
      </trkpt>
      <trkpt lat="45.88537892612866" lon="6.124726183540875">
        <ele>608</ele>
      </trkpt>
      <trkpt lat="45.8852895061972" lon="6.124631860436042">
        <ele>607</ele>
      </trkpt>
      <trkpt lat="45.88518382791086" lon="6.1245456221687675">
        <ele>607</ele>
      </trkpt>
      <trkpt lat="45.88500498727594" lon="6.124344399545124">
        <ele>607</ele>
      </trkpt>
      <trkpt lat="45.884978723917435" lon="6.124322839978306">
        <ele>606</ele>
      </trkpt>
      <trkpt lat="45.8848955565336" lon="6.1243066703031905">
        <ele>607</ele>
      </trkpt>
      <trkpt lat="45.88484740693866" lon="6.12426265285427">
        <ele>608</ele>
      </trkpt>
      <trkpt lat="45.88479988262223" lon="6.124231211819326">
        <ele>610</ele>
      </trkpt>
      <trkpt lat="45.88475798615166" lon="6.124187194370403">
        <ele>610</ele>
      </trkpt>
      <trkpt lat="45.884677945045404" lon="6.124167431434153">
        <ele>612</ele>
      </trkpt>
      <trkpt lat="45.88463667380494" lon="6.124125210615799">
        <ele>614</ele>
      </trkpt>
      <trkpt lat="45.88460478237084" lon="6.12410993925597">
        <ele>615</ele>
      </trkpt>
      <trkpt lat="45.884578518823126" lon="6.124106345994833">
        <ele>615</ele>
      </trkpt>
      <trkpt lat="45.88454662735564" lon="6.1241135325171046">
        <ele>616</ele>
      </trkpt>
      <trkpt lat="45.88451473586985" lon="6.124107244310117">
        <ele>617</ele>
      </trkpt>
      <trkpt lat="45.884460958028846" lon="6.124069515068184">
        <ele>618</ele>
      </trkpt>
      <trkpt lat="45.8844378210347" lon="6.124061430230627">
        <ele>618</ele>
      </trkpt>
      <trkpt lat="45.88434839958839" lon="6.12405783696949">
        <ele>619</ele>
      </trkpt>
      <trkpt lat="45.884322761245095" lon="6.124036277402671">
        <ele>620</ele>
      </trkpt>
      <trkpt lat="45.88429774821581" lon="6.124043463924945">
        <ele>621</ele>
      </trkpt>
      <trkpt lat="45.884220833080235" lon="6.12399675153017">
        <ele>623</ele>
      </trkpt>
      <trkpt lat="45.884169556264" lon="6.1240075313135796">
        <ele>624</ele>
      </trkpt>
      <trkpt lat="45.88414954578628" lon="6.124003938052444">
        <ele>624</ele>
      </trkpt>
      <trkpt lat="45.88413078595691" lon="6.124021904358125">
        <ele>624</ele>
      </trkpt>
      <trkpt lat="45.884101395544775" lon="6.124016514466421">
        <ele>625</ele>
      </trkpt>
      <trkpt lat="45.88405074394699" lon="6.123964412179942">
        <ele>627</ele>
      </trkpt>
      <trkpt lat="45.88402885743983" lon="6.123986870062044">
        <ele>628</ele>
      </trkpt>
      <trkpt lat="45.88398696038775" lon="6.123997649845454">
        <ele>630</ele>
      </trkpt>
      <trkpt lat="45.88395756989954" lon="6.123994954899603">
        <ele>630</ele>
      </trkpt>
      <trkpt lat="45.88390379151916" lon="6.1239769885939195">
        <ele>631</ele>
      </trkpt>
      <trkpt lat="45.883881904954116" lon="6.123961717234089">
        <ele>631</ele>
      </trkpt>
      <trkpt lat="45.88386189437279" lon="6.1239662088105105">
        <ele>631</ele>
      </trkpt>
      <trkpt lat="45.883839382460216" lon="6.123957225657669">
        <ele>632</ele>
      </trkpt>
      <trkpt lat="45.88381374388196" lon="6.123931174514429">
        <ele>632</ele>
      </trkpt>
      <trkpt lat="45.883743706729895" lon="6.123899733479486">
        <ele>633</ele>
      </trkpt>
      <trkpt lat="45.88372182010178" lon="6.123899733479486">
        <ele>634</ele>
      </trkpt>
      <trkpt lat="45.883573616135834" lon="6.123944649243691">
        <ele>637</ele>
      </trkpt>
      <trkpt lat="45.883541724091494" lon="6.123944649243691">
        <ele>637</ele>
      </trkpt>
      <trkpt lat="45.883497950667476" lon="6.123929377883861">
        <ele>636</ele>
      </trkpt>
      <trkpt lat="45.883471686596494" lon="6.123897936848916">
        <ele>637</ele>
      </trkpt>
      <trkpt lat="45.883452926538205" lon="6.123891648641928">
        <ele>638</ele>
      </trkpt>
      <trkpt lat="45.88329284044973" lon="6.12387458065153">
        <ele>639</ele>
      </trkpt>
      <trkpt lat="45.8832315573719" lon="6.12385481771528">
        <ele>640</ele>
      </trkpt>
      <trkpt lat="45.883209670542" lon="6.123832359833176">
        <ele>640</ele>
      </trkpt>
      <trkpt lat="45.8831734009192" lon="6.123847631193007">
        <ele>641</ele>
      </trkpt>
      <trkpt lat="45.8831515140664" lon="6.123824274995619">
        <ele>641</ele>
      </trkpt>
      <trkpt lat="45.88309773490574" lon="6.123812596896926">
        <ele>641</ele>
      </trkpt>
      <trkpt lat="45.88306896928678" lon="6.123795528906528">
        <ele>642</ele>
      </trkpt>
      <trkpt lat="45.88304958375259" lon="6.123792833960675">
        <ele>643</ele>
      </trkpt>
      <trkpt lat="45.88299455381218" lon="6.123841342986017">
        <ele>644</ele>
      </trkpt>
      <trkpt lat="45.88298579904392" lon="6.123869190759825">
        <ele>645</ele>
      </trkpt>
      <trkpt lat="45.88293764779378" lon="6.123865597498689">
        <ele>646</ele>
      </trkpt>
      <trkpt lat="45.88288574445142" lon="6.12387458065153">
        <ele>647</ele>
      </trkpt>
      <trkpt lat="45.88282195955465" lon="6.123809901951073">
        <ele>649</ele>
      </trkpt>
      <trkpt lat="45.88276755473186" lon="6.123805410374653">
        <ele>649</ele>
      </trkpt>
      <trkpt lat="45.8826975162609" lon="6.123734443467207">
        <ele>651</ele>
      </trkpt>
      <trkpt lat="45.882629979080264" lon="6.12370479906283">
        <ele>652</ele>
      </trkpt>
      <trkpt lat="45.88257870079569" lon="6.123691324333569">
        <ele>652</ele>
      </trkpt>
      <trkpt lat="45.882553686981176" lon="6.123671561397319">
        <ele>653</ele>
      </trkpt>
      <trkpt lat="45.88246051042297" lon="6.123629340578965">
        <ele>655</ele>
      </trkpt>
      <trkpt lat="45.882377964616694" lon="6.123631137209533">
        <ele>657</ele>
      </trkpt>
      <trkpt lat="45.882354826755055" lon="6.123624849002544">
        <ele>657</ele>
      </trkpt>
      <trkpt lat="45.882252894979565" lon="6.12363922204709">
        <ele>657</ele>
      </trkpt>
      <trkpt lat="45.88216284466647" lon="6.123611374273283">
        <ele>658</ele>
      </trkpt>
      <trkpt lat="45.8821178194552" lon="6.123587119760611">
        <ele>658</ele>
      </trkpt>
      <trkpt lat="45.88204465340907" lon="6.123579933238339">
        <ele>659</ele>
      </trkpt>
      <trkpt lat="45.881996501343224" lon="6.123592509652315">
        <ele>659</ele>
      </trkpt>
      <trkpt lat="45.88193271542552" lon="6.123622154056692">
        <ele>659</ele>
      </trkpt>
      <trkpt lat="45.88186580266841" lon="6.123552983779815">
        <ele>662</ele>
      </trkpt>
      <trkpt lat="45.88182077721644" lon="6.123477525295949">
        <ele>661</ele>
      </trkpt>
      <trkpt lat="45.881785757395214" lon="6.123444287630436">
        <ele>663</ele>
      </trkpt>
      <trkpt lat="45.88176574605887" lon="6.123434406162311">
        <ele>663</ele>
      </trkpt>
      <trkpt lat="45.88173760510498" lon="6.123434406162311">
        <ele>665</ele>
      </trkpt>
      <trkpt lat="45.881714466976625" lon="6.1234649488819715">
        <ele>664</ele>
      </trkpt>
      <trkpt lat="45.88168945277301" lon="6.123477525295949">
        <ele>666</ele>
      </trkpt>
      <trkpt lat="45.88165755964705" lon="6.123467643827824">
        <ele>665</ele>
      </trkpt>
      <trkpt lat="45.881621914366946" lon="6.123445185945721">
        <ele>666</ele>
      </trkpt>
      <trkpt lat="45.881564381585925" lon="6.123427219640038">
        <ele>668</ele>
      </trkpt>
      <trkpt lat="45.881487462666044" lon="6.123441592684585">
        <ele>670</ele>
      </trkpt>
      <trkpt lat="45.88145869621338" lon="6.123437999423447">
        <ele>669</ele>
      </trkpt>
      <trkpt lat="45.88136989533071" lon="6.123413744910777">
        <ele>671</ele>
      </trkpt>
      <trkpt lat="45.88128547182474" lon="6.123346371264468">
        <ele>672</ele>
      </trkpt>
      <trkpt lat="45.88125045166612" lon="6.123341879688048">
        <ele>672</ele>
      </trkpt>
      <trkpt lat="45.881205425715414" lon="6.123376913984126">
        <ele>673</ele>
      </trkpt>
      <trkpt lat="45.88116790406199" lon="6.123391287028673">
        <ele>673</ele>
      </trkpt>
      <trkpt lat="45.88111975123627" lon="6.123377812299412">
        <ele>673</ele>
      </trkpt>
      <trkpt lat="45.8810909845932" lon="6.123357151047878">
        <ele>674</ele>
      </trkpt>
      <trkpt lat="45.88102657227319" lon="6.123353557786741">
        <ele>675</ele>
      </trkpt>
      <trkpt lat="45.88099467876671" lon="6.123343676318615">
        <ele>675</ele>
      </trkpt>
      <trkpt lat="45.880953404789985" lon="6.1233715240924225">
        <ele>676</ele>
      </trkpt>
      <trkpt lat="45.88094339897281" lon="6.12339937186623">
        <ele>677</ele>
      </trkpt>
      <trkpt lat="45.880914632238444" lon="6.12342542300947">
        <ele>678</ele>
      </trkpt>
      <trkpt lat="45.880882738667715" lon="6.123419134802481">
        <ele>677</ele>
      </trkpt>
      <trkpt lat="45.88080957099507" lon="6.123383202191116">
        <ele>679</ele>
      </trkpt>
      <trkpt lat="45.880767671515216" lon="6.123376913984126">
        <ele>679</ele>
      </trkpt>
      <trkpt lat="45.880671990495" lon="6.123341879688048">
        <ele>680</ele>
      </trkpt>
      <trkpt lat="45.88062383723948" lon="6.123289777401569">
        <ele>680</ele>
      </trkpt>
      <trkpt lat="45.880543790176965" lon="6.123281692564011">
        <ele>681</ele>
      </trkpt>
      <trkpt lat="45.88050564270812" lon="6.123269116150032">
        <ele>681</ele>
      </trkpt>
      <trkpt lat="45.88046999668899" lon="6.123241268376226">
        <ele>681</ele>
      </trkpt>
      <trkpt lat="45.88044498192509" lon="6.123232285223384">
        <ele>681</ele>
      </trkpt>
      <trkpt lat="45.88041558956309" lon="6.123206234080145">
        <ele>681</ele>
      </trkpt>
      <trkpt lat="45.880389949404815" lon="6.123227793646963">
        <ele>682</ele>
      </trkpt>
      <trkpt lat="45.88037056293582" lon="6.12321611554827">
        <ele>681</ele>
      </trkpt>
      <trkpt lat="45.88037744200625" lon="6.123254743105488">
        <ele>682</ele>
      </trkpt>
      <trkpt lat="45.880367436085365" lon="6.123301455500262">
        <ele>682</ele>
      </trkpt>
      <trkpt lat="45.88031365422973" lon="6.123309540337819">
        <ele>683</ele>
      </trkpt>
      <trkpt lat="45.880277382716315" lon="6.1233239133823645">
        <ele>683</ele>
      </trkpt>
      <trkpt lat="45.880255494722626" lon="6.123347269579752">
        <ele>683</ele>
      </trkpt>
      <trkpt lat="45.88022985449047" lon="6.123336489796342">
        <ele>682</ele>
      </trkpt>
      <trkpt lat="45.88019796052666" lon="6.123306845391967">
        <ele>682</ele>
      </trkpt>
      <trkpt lat="45.880153559095575" lon="6.123292472347421">
        <ele>682</ele>
      </trkpt>
      <trkpt lat="45.88004662029192" lon="6.123340981372762">
        <ele>682</ele>
      </trkpt>
      <trkpt lat="45.87999346350009" lon="6.1233499645256035">
        <ele>682</ele>
      </trkpt>
      <trkpt lat="45.87991966928123" lon="6.12340386344265">
        <ele>682</ele>
      </trkpt>
      <trkpt lat="45.879890902016825" lon="6.1234173381719135">
        <ele>682</ele>
      </trkpt>
      <trkpt lat="45.879874642252084" lon="6.123434406162311">
        <ele>682</ele>
      </trkpt>
      <trkpt lat="45.87984274808436" lon="6.123434406162311">
        <ele>682</ele>
      </trkpt>
      <trkpt lat="45.879817733038045" lon="6.123451474152708">
        <ele>682</ele>
      </trkpt>
      <trkpt lat="45.87978146120088" lon="6.123439796054016">
        <ele>683</ele>
      </trkpt>
      <trkpt lat="45.87974081170006" lon="6.123407456703787">
        <ele>683</ele>
      </trkpt>
      <trkpt lat="45.879695784525985" lon="6.12339937186623">
        <ele>683</ele>
      </trkpt>
      <trkpt lat="45.879660763365365" lon="6.123407456703787">
        <ele>683</ele>
      </trkpt>
      <trkpt lat="45.87958384181006" lon="6.123401168496799">
        <ele>684</ele>
      </trkpt>
      <trkpt lat="45.87953256071403" lon="6.1233391847421945">
        <ele>684</ele>
      </trkpt>
      <trkpt lat="45.879436877566846" lon="6.123274506041738">
        <ele>684</ele>
      </trkpt>
      <trkpt lat="45.8793655841344" lon="6.12320713239543">
        <ele>686</ele>
      </trkpt>
      <trkpt lat="45.87934056887325" lon="6.123192759350882">
        <ele>686</ele>
      </trkpt>
      <trkpt lat="45.8792855352591" lon="6.123184674513325">
        <ele>687</ele>
      </trkpt>
      <trkpt lat="45.87926364687468" lon="6.123206234080145">
        <ele>688</ele>
      </trkpt>
      <trkpt lat="45.879237380801996" lon="6.123206234080145">
        <ele>688</ele>
      </trkpt>
      <trkpt lat="45.87919360398661" lon="6.1232197088094065">
        <ele>688</ele>
      </trkpt>
      <trkpt lat="45.87917359171666" lon="6.12321162397185">
        <ele>688</ele>
      </trkpt>
      <trkpt lat="45.87914857636906" lon="6.123212522287134">
        <ele>688</ele>
      </trkpt>
      <trkpt lat="45.87911980870544" lon="6.123196352612019">
        <ele>688</ele>
      </trkpt>
      <trkpt lat="45.87909354256476" lon="6.123192759350882">
        <ele>688</ele>
      </trkpt>
      <trkpt lat="45.87903663255071" lon="6.1232197088094065">
        <ele>689</ele>
      </trkpt>
      <trkpt lat="45.878988477877876" lon="6.1231828778827575">
        <ele>689</ele>
      </trkpt>
      <trkpt lat="45.87896971630574" lon="6.123155928424233">
        <ele>690</ele>
      </trkpt>
      <trkpt lat="45.87894345009413" lon="6.123162216631223">
        <ele>690</ele>
      </trkpt>
      <trkpt lat="45.87892468850677" lon="6.123149640217246">
        <ele>690</ele>
      </trkpt>
      <trkpt lat="45.8789084284593" lon="6.123125385704573">
        <ele>690</ele>
      </trkpt>
      <trkpt lat="45.878860899062445" lon="6.123145148640825">
        <ele>691</ele>
      </trkpt>
      <trkpt lat="45.8788377597361" lon="6.123141555379689">
        <ele>692</ele>
      </trkpt>
      <trkpt lat="45.87876458937049" lon="6.12303735080673">
        <ele>691</ele>
      </trkpt>
      <trkpt lat="45.878725815291546" lon="6.123004113141217">
        <ele>692</ele>
      </trkpt>
      <trkpt lat="45.87867766034934" lon="6.122991536727241">
        <ele>692</ele>
      </trkpt>
      <trkpt lat="45.8785275667553" lon="6.122897213622408">
        <ele>693</ele>
      </trkpt>
      <trkpt lat="45.878489417902216" lon="6.122886433838998">
        <ele>694</ele>
      </trkpt>
      <trkpt lat="45.87843438344504" lon="6.1228945186765555">
        <ele>694</ele>
      </trkpt>
      <trkpt lat="45.87839998688162" lon="6.12288912878485">
        <ele>694</ele>
      </trkpt>
      <trkpt lat="45.87830993032382" lon="6.122812771985701">
        <ele>697</ele>
      </trkpt>
      <trkpt lat="45.87828178761957" lon="6.122795703995303">
        <ele>697</ele>
      </trkpt>
      <trkpt lat="45.878261775021194" lon="6.122799297256439">
        <ele>698</ele>
      </trkpt>
      <trkpt lat="45.8782398862335" lon="6.122769652852063">
        <ele>698</ele>
      </trkpt>
      <trkpt lat="45.87819485784311" lon="6.122739110132402">
        <ele>699</ele>
      </trkpt>
      <trkpt lat="45.87819485784311" lon="6.122713957304447">
        <ele>701</ele>
      </trkpt>
      <trkpt lat="45.878143575465145" lon="6.122697787629333">
        <ele>701</ele>
      </trkpt>
      <trkpt lat="45.87806352482935" lon="6.122646583658137">
        <ele>703</ele>
      </trkpt>
      <trkpt lat="45.878031629622036" lon="6.122613345992626">
        <ele>703</ele>
      </trkpt>
      <trkpt lat="45.87797346772623" lon="6.1225774133812605">
        <ele>704</ele>
      </trkpt>
      <trkpt lat="45.87791655656498" lon="6.122582803272967">
        <ele>705</ele>
      </trkpt>
      <trkpt lat="45.87781774364103" lon="6.122536989193475">
        <ele>706</ele>
      </trkpt>
      <trkpt lat="45.877692663738486" lon="6.1225298026712025">
        <ele>707</ele>
      </trkpt>
      <trkpt lat="45.87767390172881" lon="6.1224974633209746">
        <ele>708</ele>
      </trkpt>
      <trkpt lat="45.87765764131531" lon="6.122484886906998">
        <ele>708</ele>
      </trkpt>
      <trkpt lat="45.877567583554374" lon="6.122457937448473">
        <ele>710</ele>
      </trkpt>
      <trkpt lat="45.877516925999714" lon="6.12246153070961">
        <ele>711</ele>
      </trkpt>
      <trkpt lat="45.87747189702346" lon="6.122514531311372">
        <ele>713</ele>
      </trkpt>
      <trkpt lat="45.87743687446113" lon="6.122519921203079">
        <ele>712</ele>
      </trkpt>
      <trkpt lat="45.87741060752491" lon="6.122504649843248">
        <ele>713</ele>
      </trkpt>
      <trkpt lat="45.87736557846252" lon="6.122452547556769">
        <ele>716</ele>
      </trkpt>
      <trkpt lat="45.87725738348285" lon="6.122409428423131">
        <ele>718</ele>
      </trkpt>
      <trkpt lat="45.87718983968929" lon="6.12235912276722">
        <ele>720</ele>
      </trkpt>
      <trkpt lat="45.8771385563838" lon="6.122337563200402">
        <ele>721</ele>
      </trkpt>
      <trkpt lat="45.87711354012005" lon="6.122316901948866">
        <ele>723</ele>
      </trkpt>
      <trkpt lat="45.877068510816905" lon="6.122314207003014">
        <ele>723</ele>
      </trkpt>
      <trkpt lat="45.8770428691141" lon="6.122303427219604">
        <ele>724</ele>
      </trkpt>
      <trkpt lat="45.877026608515926" lon="6.12228725754449">
        <ele>724</ele>
      </trkpt>
      <trkpt lat="45.87697845210118" lon="6.122276477761081">
        <ele>724</ele>
      </trkpt>
      <trkpt lat="45.876901526832555" lon="6.1222216805287495">
        <ele>726</ele>
      </trkpt>
      <trkpt lat="45.87683585883607" lon="6.122143527099031">
        <ele>728</ele>
      </trkpt>
      <trkpt lat="45.87677769568868" lon="6.122094119758406">
        <ele>729</ele>
      </trkpt>
      <trkpt lat="45.876677629916244" lon="6.122074356822154">
        <ele>730</ele>
      </trkpt>
      <trkpt lat="45.876613837892286" lon="6.122035729264937">
        <ele>731</ele>
      </trkpt>
      <trkpt lat="45.8765756877253" lon="6.122003389914709">
        <ele>731</ele>
      </trkpt>
      <trkpt lat="45.876463738723494" lon="6.121971948879764">
        <ele>732</ele>
      </trkpt>
      <trkpt lat="45.87641245474788" lon="6.1219396095295355">
        <ele>733</ele>
      </trkpt>
      <trkpt lat="45.87628487001789" lon="6.121877625774933">
        <ele>733</ele>
      </trkpt>
      <trkpt lat="45.87618167627199" lon="6.121846184739988">
        <ele>734</ele>
      </trkpt>
      <trkpt lat="45.876133519125" lon="6.121821930227316">
        <ele>734</ele>
      </trkpt>
      <trkpt lat="45.87605346559347" lon="6.1218246251731685">
        <ele>735</ele>
      </trkpt>
      <trkpt lat="45.876034703030356" lon="6.121837201587147">
        <ele>735</ele>
      </trkpt>
      <trkpt lat="45.8759615289736" lon="6.121826421803737">
        <ele>735</ele>
      </trkpt>
      <trkpt lat="45.875865839677076" lon="6.121774319517259">
        <ele>737</ele>
      </trkpt>
      <trkpt lat="45.87582393646923" lon="6.121719522284927">
        <ele>737</ele>
      </trkpt>
      <trkpt lat="45.87580454840714" lon="6.12171143744737">
        <ele>737</ele>
      </trkpt>
      <trkpt lat="45.87577890612106" lon="6.121729403753052">
        <ele>739</ele>
      </trkpt>
      <trkpt lat="45.875692597851796" lon="6.121681793042994">
        <ele>739</ele>
      </trkpt>
      <trkpt lat="45.87565069451329" lon="6.121669216629016">
        <ele>740</ele>
      </trkpt>
      <trkpt lat="45.875682591087255" lon="6.121586571622878">
        <ele>741</ele>
      </trkpt>
      <trkpt lat="45.875676962281396" lon="6.121551537326797">
        <ele>742</ele>
      </trkpt>
      <trkpt lat="45.87562567757972" lon="6.121484163680488">
        <ele>741</ele>
      </trkpt>
      <trkpt lat="45.87558690131042" lon="6.121444637807986">
        <ele>742</ele>
      </trkpt>
      <trkpt lat="45.87553248940306" lon="6.121357501225427">
        <ele>743</ele>
      </trkpt>
      <trkpt lat="45.87550371986728" lon="6.121357501225427">
        <ele>744</ele>
      </trkpt>
      <trkpt lat="45.875442428197914" lon="6.121283839372128">
        <ele>746</ele>
      </trkpt>
      <trkpt lat="45.87536299909727" lon="6.121227245509229">
        <ele>747</ele>
      </trkpt>
      <trkpt lat="45.87526668334258" lon="6.121117651044567">
        <ele>750</ele>
      </trkpt>
      <trkpt lat="45.87524792051382" lon="6.121054768974679">
        <ele>751</ele>
      </trkpt>
      <trkpt lat="45.87518975570435" lon="6.121012548156326">
        <ele>753</ele>
      </trkpt>
      <trkpt lat="45.87515160455972" lon="6.1209658357615515">
        <ele>754</ele>
      </trkpt>
      <trkpt lat="45.87503652553848" lon="6.120953259347573">
        <ele>755</ele>
      </trkpt>
      <trkpt lat="45.87501776263202" lon="6.120943377879448">
        <ele>756</ele>
      </trkpt>
      <trkpt lat="45.8749914945523" lon="6.120891275592969">
        <ele>757</ele>
      </trkpt>
      <trkpt lat="45.87493770749317" lon="6.120836478360638">
        <ele>758</ele>
      </trkpt>
      <trkpt lat="45.87492457343594" lon="6.120804139010409">
        <ele>759</ele>
      </trkpt>
      <trkpt lat="45.8748826695183" lon="6.12077179966018">
        <ele>760</ele>
      </trkpt>
      <trkpt lat="45.87479698528987" lon="6.1206855613929045">
        <ele>762</ele>
      </trkpt>
      <trkpt lat="45.874735692841035" lon="6.120651425412109">
        <ele>763</ele>
      </trkpt>
      <trkpt lat="45.874687534440945" lon="6.120603814702051">
        <ele>763</ele>
      </trkpt>
      <trkpt lat="45.87465876446774" lon="6.120593933233925">
        <ele>764</ele>
      </trkpt>
      <trkpt lat="45.87463374708761" lon="6.12059483154921">
        <ele>765</ele>
      </trkpt>
      <trkpt lat="45.874556818573204" lon="6.120556203991992">
        <ele>766</ele>
      </trkpt>
      <trkpt lat="45.8745086600181" lon="6.120549915785003">
        <ele>768</ele>
      </trkpt>
      <trkpt lat="45.87445362161831" lon="6.120442117950909">
        <ele>768</ele>
      </trkpt>
      <trkpt lat="45.874313523627464" lon="6.120369354412895">
        <ele>771</ele>
      </trkpt>
      <trkpt lat="45.87425598327889" lon="6.120301980766587">
        <ele>772</ele>
      </trkpt>
      <trkpt lat="45.874181556000515" lon="6.120274132992779">
        <ele>773</ele>
      </trkpt>
      <trkpt lat="45.874114633908825" lon="6.120259759948232">
        <ele>774</ele>
      </trkpt>
      <trkpt lat="45.874031450261946" lon="6.1202714380469265">
        <ele>776</ele>
      </trkpt>
      <trkpt lat="45.87398078948365" lon="6.120259759948232">
        <ele>776</ele>
      </trkpt>
      <trkpt lat="45.873932630429394" lon="6.120274132992779">
        <ele>777</ele>
      </trkpt>
      <trkpt lat="45.87385257372735" lon="6.120254370056528">
        <ele>777</ele>
      </trkpt>
      <trkpt lat="45.87375688079937" lon="6.120217539129879">
        <ele>777</ele>
      </trkpt>
      <trkpt lat="45.87371747778113" lon="6.120216640814596">
        <ele>777</ele>
      </trkpt>
      <trkpt lat="45.87366681671664" lon="6.120204962715901">
        <ele>778</ele>
      </trkpt>
      <trkpt lat="45.873660562261044" lon="6.1201735216809565">
        <ele>778</ele>
      </trkpt>
      <trkpt lat="45.873606773913735" lon="6.120055842378738">
        <ele>779</ele>
      </trkpt>
      <trkpt lat="45.873577377934495" lon="6.119947146229359">
        <ele>780</ele>
      </trkpt>
      <trkpt lat="45.87356486900244" lon="6.1199219934014035">
        <ele>780</ele>
      </trkpt>
      <trkpt lat="45.87351670958773" lon="6.119903128780437">
        <ele>780</ele>
      </trkpt>
      <trkpt lat="45.8734979461681" lon="6.119879772583051">
        <ele>781</ele>
      </trkpt>
      <trkpt lat="45.87348793900841" lon="6.11985372143981">
        <ele>781</ele>
      </trkpt>
      <trkpt lat="45.87348168453266" lon="6.119813297252026">
        <ele>782</ele>
      </trkpt>
      <trkpt lat="45.873433525045876" lon="6.119759398334978">
        <ele>783</ele>
      </trkpt>
      <trkpt lat="45.87340788166574" lon="6.119767483172534">
        <ele>784</ele>
      </trkpt>
      <trkpt lat="45.87330593347655" lon="6.119635430825769">
        <ele>787</ele>
      </trkpt>
      <trkpt lat="45.87326653013861" lon="6.119602193160257">
        <ele>788</ele>
      </trkpt>
      <trkpt lat="45.873247766634506" lon="6.119605786421395">
        <ele>789</ele>
      </trkpt>
      <trkpt lat="45.87320273419884" lon="6.1195878201157115">
        <ele>790</ele>
      </trkpt>
      <trkpt lat="45.873164581690084" lon="6.119585125169858">
        <ele>792</ele>
      </trkpt>
      <trkpt lat="45.87314581815157" lon="6.119577938647586">
        <ele>792</ele>
      </trkpt>
      <trkpt lat="45.87307138938644" lon="6.119521344784686">
        <ele>793</ele>
      </trkpt>
      <trkpt lat="45.873036989503326" lon="6.119506971740141">
        <ele>793</ele>
      </trkpt>
      <trkpt lat="45.87298882963118" lon="6.119526734676391">
        <ele>794</ele>
      </trkpt>
      <trkpt lat="45.872911898839746" lon="6.119486310488606">
        <ele>795</ele>
      </trkpt>
      <trkpt lat="45.87282871339263" lon="6.11942612336457">
        <ele>796</ele>
      </trkpt>
      <trkpt lat="45.87273239324565" lon="6.119372224447523">
        <ele>798</ele>
      </trkpt>
      <trkpt lat="45.87268173128317" lon="6.119361444664113">
        <ele>800</ele>
      </trkpt>
      <trkpt lat="45.872649832986795" lon="6.119376716023943">
        <ele>800</ele>
      </trkpt>
      <trkpt lat="45.872626691074046" lon="6.119377614339227">
        <ele>801</ele>
      </trkpt>
      <trkpt lat="45.8725059776973" lon="6.119357851402977">
        <ele>804</ele>
      </trkpt>
      <trkpt lat="45.87246657379217" lon="6.119337190151442">
        <ele>804</ele>
      </trkpt>
      <trkpt lat="45.87238651497823" lon="6.119244663677177">
        <ele>805</ele>
      </trkpt>
      <trkpt lat="45.872329598095064" lon="6.11924735862303">
        <ele>806</ele>
      </trkpt>
      <trkpt lat="45.872306456048975" lon="6.119259935037008">
        <ele>807</ele>
      </trkpt>
      <trkpt lat="45.87227143023116" lon="6.119264426613429">
        <ele>807</ele>
      </trkpt>
      <trkpt lat="45.87221076045877" lon="6.119265324928712">
        <ele>808</ele>
      </trkpt>
      <trkpt lat="45.87218198920336" lon="6.119251850199451">
        <ele>808</ele>
      </trkpt>
      <trkpt lat="45.872146963307124" lon="6.119215917588086">
        <ele>808</ele>
      </trkpt>
      <trkpt lat="45.87212444664787" lon="6.119167408562744">
        <ele>809</ele>
      </trkpt>
      <trkpt lat="45.87205064197859" lon="6.119131475951379">
        <ele>809</ele>
      </trkpt>
      <trkpt lat="45.87203750723905" lon="6.1190793736649">
        <ele>809</ele>
      </trkpt>
      <trkpt lat="45.872053769297096" lon="6.1190173899102955">
        <ele>812</ele>
      </trkpt>
      <trkpt lat="45.87200560857295" lon="6.119007508442171">
        <ele>812</ele>
      </trkpt>
      <trkpt lat="45.87187175906845" lon="6.118922168490179">
        <ele>814</ele>
      </trkpt>
      <trkpt lat="45.87182985284892" lon="6.1188826426176774">
        <ele>814</ele>
      </trkpt>
      <trkpt lat="45.87173353097081" lon="6.118834133592335">
        <ele>817</ele>
      </trkpt>
      <trkpt lat="45.8717116396116" lon="6.118844913375744">
        <ele>818</ele>
      </trkpt>
      <trkpt lat="45.87169537745348" lon="6.118869167888416">
        <ele>818</ele>
      </trkpt>
      <trkpt lat="45.87163783439413" lon="6.11885479484387">
        <ele>821</ele>
      </trkpt>
      <trkpt lat="45.871593426122836" lon="6.118855693159155">
        <ele>823</ele>
      </trkpt>
      <trkpt lat="45.87158091674424" lon="6.118875456095403">
        <ele>824</ele>
      </trkpt>
      <trkpt lat="45.87155777438641" lon="6.118889829139951">
        <ele>824</ele>
      </trkpt>
      <trkpt lat="45.87152962826256" lon="6.118877252725973">
        <ele>825</ele>
      </trkpt>
      <trkpt lat="45.8714795906738" lon="6.118835930222902">
        <ele>826</ele>
      </trkpt>
      <trkpt lat="45.871468957680406" lon="6.118834133592335">
        <ele>826</ele>
      </trkpt>
      <trkpt lat="45.87144268792326" lon="6.118851201582733">
        <ele>826</ele>
      </trkpt>
      <trkpt lat="45.87139452666958" lon="6.118853896528585">
        <ele>828</ele>
      </trkpt>
      <trkpt lat="45.87131446631138" lon="6.118843116745176">
        <ele>831</ele>
      </trkpt>
      <trkpt lat="45.87128944742578" lon="6.118849404952165">
        <ele>831</ele>
      </trkpt>
      <trkpt lat="45.87127381061656" lon="6.118877252725973">
        <ele>832</ele>
      </trkpt>
      <trkpt lat="45.87125066813085" lon="6.1189976269740445">
        <ele>836</ele>
      </trkpt>
      <trkpt lat="45.871228776581454" lon="6.119051525891091">
        <ele>837</ele>
      </trkpt>
      <trkpt lat="45.87118374250985" lon="6.119087458502457">
        <ele>840</ele>
      </trkpt>
      <trkpt lat="45.87116497830258" lon="6.119119797852686">
        <ele>841</ele>
      </trkpt>
      <trkpt lat="45.871170607565425" lon="6.11914495068064">
        <ele>842</ele>
      </trkpt>
      <trkpt lat="45.87116185093407" lon="6.119187171498996">
        <ele>842</ele>
      </trkpt>
      <trkpt lat="45.87114183577155" lon="6.119207832750528">
        <ele>842</ele>
      </trkpt>
      <trkpt lat="45.87113245366164" lon="6.119235680524336">
        <ele>843</ele>
      </trkpt>
      <trkpt lat="45.871129951765404" lon="6.119301257540077">
        <ele>844</ele>
      </trkpt>
      <trkpt lat="45.871100554476065" lon="6.119352461511272">
        <ele>845</ele>
      </trkpt>
      <trkpt lat="45.87105552030058" lon="6.119377614339227">
        <ele>845</ele>
      </trkpt>
      <trkpt lat="45.87097858683302" lon="6.119391987383773">
        <ele>847</ele>
      </trkpt>
      <trkpt lat="45.870933552558704" lon="6.119407258743604">
        <ele>847</ele>
      </trkpt>
      <trkpt lat="45.870802827861255" lon="6.119479123966333">
        <ele>848</ele>
      </trkpt>
      <trkpt lat="45.87077343039892" lon="6.119486310488606">
        <ele>848</ele>
      </trkpt>
      <trkpt lat="45.87072276665072" lon="6.119479123966333">
        <ele>848</ele>
      </trkpt>
      <trkpt lat="45.870565771285904" lon="6.119511463316562">
        <ele>844</ele>
      </trkpt>
      <trkpt lat="45.87054075206326" lon="6.11948720880389">
        <ele>843</ele>
      </trkpt>
      <trkpt lat="45.870517609272326" lon="6.119476429020481">
        <ele>844</ele>
      </trkpt>
      <trkpt lat="45.87048258232716" lon="6.119433309886841">
        <ele>846</ele>
      </trkpt>
      <trkpt lat="45.87041565578127" lon="6.119384800861501">
        <ele>848</ele>
      </trkpt>
      <trkpt lat="45.87032996466565" lon="6.11936952950167">
        <ele>849</ele>
      </trkpt>
      <trkpt lat="45.870268667290155" lon="6.119337190151442">
        <ele>850</ele>
      </trkpt>
      <trkpt lat="45.87020174048669" lon="6.119324613737463">
        <ele>850</ele>
      </trkpt>
      <trkpt lat="45.870057878860635" lon="6.119251850199451">
        <ele>851</ele>
      </trkpt>
      <trkpt lat="45.87003160843654" lon="6.119244663677177">
        <ele>851</ele>
      </trkpt>
      <trkpt lat="45.86993278149183" lon="6.119181781607288">
        <ele>851</ele>
      </trkpt>
      <trkpt lat="45.86991964625177" lon="6.119159323725186">
        <ele>850</ele>
      </trkpt>
      <trkpt lat="45.86986898172533" lon="6.119113509645696">
        <ele>852</ele>
      </trkpt>
      <trkpt lat="45.8698589739122" lon="6.119089255133025">
        <ele>852</ele>
      </trkpt>
      <trkpt lat="45.869826448506984" lon="6.119054220836944">
        <ele>852</ele>
      </trkpt>
      <trkpt lat="45.86977265644894" lon="6.11896169436268">
        <ele>854</ele>
      </trkpt>
      <trkpt lat="45.869743883931385" lon="6.118944626372283">
        <ele>854</ele>
      </trkpt>
      <trkpt lat="45.86963442313072" lon="6.118904202184497">
        <ele>854</ele>
      </trkpt>
      <trkpt lat="45.86957375047978" lon="6.118837726853472">
        <ele>853</ele>
      </trkpt>
      <trkpt lat="45.86948493060328" lon="6.118773946468299">
        <ele>854</ele>
      </trkpt>
      <trkpt lat="45.86941362440255" lon="6.118692199777444">
        <ele>855</ele>
      </trkpt>
      <trkpt lat="45.86931166888642" lon="6.11862572444642">
        <ele>856</ele>
      </trkpt>
      <trkpt lat="45.86924474093063" lon="6.1186095547713055">
        <ele>856</ele>
      </trkpt>
      <trkpt lat="45.8692184701222" lon="6.118612249717158">
        <ele>856</ele>
      </trkpt>
      <trkpt lat="45.86916780495662" lon="6.118601469933748">
        <ele>855</ele>
      </trkpt>
      <trkpt lat="45.869106506299495" lon="6.118541282809713">
        <ele>854</ele>
      </trkpt>
      <trkpt lat="45.86908461390557" lon="6.118532299656871">
        <ele>853</ele>
      </trkpt>
      <trkpt lat="45.86905584103184" lon="6.118562842376531">
        <ele>853</ele>
      </trkpt>
      <trkpt lat="45.869033948617954" lon="6.118574520475224">
        <ele>852</ele>
      </trkpt>
      <trkpt lat="45.86901080519961" lon="6.1185376895485755">
        <ele>852</ele>
      </trkpt>
      <trkpt lat="45.86894950636933" lon="6.1185529609084055">
        <ele>851</ele>
      </trkpt>
      <trkpt lat="45.8688319125057" lon="6.118554757538974">
        <ele>849</ele>
      </trkpt>
      <trkpt lat="45.8688125220043" lon="6.11854936764727">
        <ele>848</ele>
      </trkpt>
      <trkpt lat="45.868805641502156" lon="6.118577215421077">
        <ele>846</ele>
      </trkpt>
      <trkpt lat="45.86877374098116" lon="6.118601469933748">
        <ele>846</ele>
      </trkpt>
      <trkpt lat="45.868748720951885" lon="6.118585300258635">
        <ele>846</ele>
      </trkpt>
      <trkpt lat="45.86867491179993" lon="6.118577215421077">
        <ele>847</ele>
      </trkpt>
      <trkpt lat="45.86859484752427" lon="6.118545774386133">
        <ele>848</ele>
      </trkpt>
      <trkpt lat="45.86853792675816" lon="6.118479299055108">
        <ele>849</ele>
      </trkpt>
      <trkpt lat="45.86851791065072" lon="6.118466722641131">
        <ele>849</ele>
      </trkpt>
      <trkpt lat="45.868479754925964" lon="6.118459536118857">
        <ele>850</ele>
      </trkpt>
      <trkpt lat="45.868453483755964" lon="6.11843617992147">
        <ele>851</ele>
      </trkpt>
      <trkpt lat="45.868437846148915" lon="6.118407433832379">
        <ele>852</ele>
      </trkpt>
      <trkpt lat="45.868415953491606" lon="6.118334670294365">
        <ele>853</ele>
      </trkpt>
      <trkpt lat="45.86839656284509" lon="6.118299635998284">
        <ele>853</ele>
      </trkpt>
      <trkpt lat="45.86838092522201" lon="6.1182861612690225">
        <ele>853</ele>
      </trkpt>
      <trkpt lat="45.86835465400532" lon="6.1182924494760105">
        <ele>852</ele>
      </trkpt>
      <trkpt lat="45.86833276131527" lon="6.118306822520557">
        <ele>852</ele>
      </trkpt>
      <trkpt lat="45.86827771679932" lon="6.118311314096978">
        <ele>852</ele>
      </trkpt>
      <trkpt lat="45.86814385831714" lon="6.118339161870785">
        <ele>850</ele>
      </trkpt>
      <trkpt lat="45.868101949286846" lon="6.118336466924933">
        <ele>848</ele>
      </trkpt>
      <trkpt lat="45.86801250154932" lon="6.118314907358115">
        <ele>847</ele>
      </trkpt>
      <trkpt lat="45.86796746487173" lon="6.118317602303967">
        <ele>844</ele>
      </trkpt>
      <trkpt lat="45.86793869141975" lon="6.118329280402661">
        <ele>844</ele>
      </trkpt>
      <trkpt lat="45.867893654682355" lon="6.118317602303967">
        <ele>845</ele>
      </trkpt>
      <trkpt lat="45.86782672501914" lon="6.118332873663796">
        <ele>844</ele>
      </trkpt>
      <trkpt lat="45.867781688191045" lon="6.118302330944137">
        <ele>844</ele>
      </trkpt>
      <trkpt lat="45.867737902350974" lon="6.11828975453016">
        <ele>843</ele>
      </trkpt>
      <trkpt lat="45.86763469273433" lon="6.118274483170329">
        <ele>840</ele>
      </trkpt>
      <trkpt lat="45.86758652818097" lon="6.11825292360351">
        <ele>839</ele>
      </trkpt>
      <trkpt lat="45.86756776275929" lon="6.118259211810499">
        <ele>839</ele>
      </trkpt>
      <trkpt lat="45.867474561071" lon="6.1183813826891384">
        <ele>835</ele>
      </trkpt>
      <trkpt lat="45.86742952395758" lon="6.1184271967686295">
        <ele>834</ele>
      </trkpt>
      <trkpt lat="45.867324437217704" lon="6.1185053501983475">
        <ele>832</ele>
      </trkpt>
      <trkpt lat="45.867244996514614" lon="6.118605961510168">
        <ele>831</ele>
      </trkpt>
      <trkpt lat="45.86720996750711" lon="6.118621232869999">
        <ele>830</ele>
      </trkpt>
      <trkpt lat="45.86719370403183" lon="6.118605961510168">
        <ele>830</ele>
      </trkpt>
      <trkpt lat="45.86714553909636" lon="6.118594283411476">
        <ele>821</ele>
      </trkpt>
      <trkpt lat="45.867148666690845" lon="6.118539486179143">
        <ele>823</ele>
      </trkpt>
      <trkpt lat="45.86713240319765" lon="6.118522418188745">
        <ele>821</ele>
      </trkpt>
      <trkpt lat="45.86711989281501" lon="6.118467620956413">
        <ele>823</ele>
      </trkpt>
      <trkpt lat="45.867125522487555" lon="6.118443366443743">
        <ele>823</ele>
      </trkpt>
      <trkpt lat="45.86712990112133" lon="6.118324788826239">
        <ele>824</ele>
      </trkpt>
      <trkpt lat="45.867125522487555" lon="6.118282568007886">
        <ele>823</ele>
      </trkpt>
      <trkpt lat="45.86710050171638" lon="6.118227770775555">
        <ele>825</ele>
      </trkpt>
      <trkpt lat="45.86704545598016" lon="6.118153210606972">
        <ele>829</ele>
      </trkpt>
      <trkpt lat="45.86702356277448" lon="6.118136142616574">
        <ele>830</ele>
      </trkpt>
      <trkpt lat="45.86700166956016" lon="6.118107396527483">
        <ele>830</ele>
      </trkpt>
      <trkpt lat="45.8669409940354" lon="6.118014870053218">
        <ele>833</ele>
      </trkpt>
      <trkpt lat="45.866895956489664" lon="6.1179995986933875">
        <ele>834</ele>
      </trkpt>
      <trkpt lat="45.86686968457114" lon="6.11798253070299">
        <ele>834</ele>
      </trkpt>
      <trkpt lat="45.866850918907446" lon="6.11798253070299">
        <ele>835</ele>
      </trkpt>
      <trkpt lat="45.86680963442504" lon="6.117952886298615">
        <ele>835</ele>
      </trkpt>
      <trkpt lat="45.86672956746267" lon="6.117922343578954">
        <ele>838</ele>
      </trkpt>
      <trkpt lat="45.86667452135912" lon="6.117889105913442">
        <ele>839</ele>
      </trkpt>
      <trkpt lat="45.866655755629544" lon="6.117892699174577">
        <ele>839</ele>
      </trkpt>
      <trkpt lat="45.86662948359749" lon="6.117885512652305">
        <ele>840</ele>
      </trkpt>
      <trkpt lat="45.86660196050298" lon="6.11787113960776">
        <ele>840</ele>
      </trkpt>
      <trkpt lat="45.86655692268257" lon="6.117824427212985">
        <ele>841</ele>
      </trkpt>
      <trkpt lat="45.86644745560583" lon="6.117783104709915">
        <ele>843</ele>
      </trkpt>
      <trkpt lat="45.86637364339813" lon="6.117723815901163">
        <ele>843</ele>
      </trkpt>
      <trkpt lat="45.866345494649025" lon="6.117676205191105">
        <ele>844</ele>
      </trkpt>
      <trkpt lat="45.86631984799854" lon="6.117656442254855">
        <ele>844</ele>
      </trkpt>
      <trkpt lat="45.86626855466209" lon="6.117567509041726">
        <ele>845</ele>
      </trkpt>
      <trkpt lat="45.86621350810205" lon="6.117514508439964">
        <ele>847</ele>
      </trkpt>
      <trkpt lat="45.86617284867608" lon="6.1174857623508725">
        <ele>848</ele>
      </trkpt>
      <trkpt lat="45.86611467436879" lon="6.117467796045189">
        <ele>849</ele>
      </trkpt>
      <trkpt lat="45.86609278079649" lon="6.117471389306326">
        <ele>849</ele>
      </trkpt>
      <trkpt lat="45.86604774256356" lon="6.1174615078382">
        <ele>849</ele>
      </trkpt>
      <trkpt lat="45.86597768301755" lon="6.1174615078382">
        <ele>849</ele>
      </trkpt>
      <trkpt lat="45.865842567929484" lon="6.117413897128142">
        <ele>850</ele>
      </trkpt>
      <trkpt lat="45.865801908232214" lon="6.117386947669618">
        <ele>851</ele>
      </trkpt>
      <trkpt lat="45.8656955673449" lon="6.117259386899272">
        <ele>852</ele>
      </trkpt>
      <trkpt lat="45.86563489039454" lon="6.117151589065179">
        <ele>855</ele>
      </trkpt>
      <trkpt lat="45.86561549877785" lon="6.117093198571711">
        <ele>856</ele>
      </trkpt>
      <trkpt lat="45.86559360500898" lon="6.117074333950745">
        <ele>857</ele>
      </trkpt>
      <trkpt lat="45.86556483032819" lon="6.117061757536766">
        <ele>858</ele>
      </trkpt>
      <trkpt lat="45.865500400010696" lon="6.117004265358584">
        <ele>859</ele>
      </trkpt>
      <trkpt lat="45.86546599544164" lon="6.116941383288696">
        <ele>861</ele>
      </trkpt>
      <trkpt lat="45.86543659515666" lon="6.116857839967272">
        <ele>863</ele>
      </trkpt>
      <trkpt lat="45.86542345885409" lon="6.116834483769885">
        <ele>864</ele>
      </trkpt>
      <trkpt lat="45.865410948086854" lon="6.1167716016999965">
        <ele>865</ele>
      </trkpt>
      <trkpt lat="45.865410948086854" lon="6.116744652241474">
        <ele>866</ele>
      </trkpt>
      <trkpt lat="45.86537591792361" lon="6.116703329738404">
        <ele>867</ele>
      </trkpt>
      <trkpt lat="45.86535965391175" lon="6.11667188870346">
        <ele>868</ele>
      </trkpt>
      <trkpt lat="45.86531774278232" lon="6.116629667885105">
        <ele>869</ele>
      </trkpt>
      <trkpt lat="45.865301478753445" lon="6.116562294238797">
        <ele>871</ele>
      </trkpt>
      <trkpt lat="45.865282712560344" lon="6.116529954888568">
        <ele>872</ele>
      </trkpt>
      <trkpt lat="45.865276457161244" lon="6.11649761553834">
        <ele>873</ele>
      </trkpt>
      <trkpt lat="45.86523767367109" lon="6.116452699774134">
        <ele>874</ele>
      </trkpt>
      <trkpt lat="45.86519638799055" lon="6.116427546946179">
        <ele>875</ele>
      </trkpt>
      <trkpt lat="45.865141965910254" lon="6.116407784009929">
        <ele>877</ele>
      </trkpt>
      <trkpt lat="45.8650425047293" lon="6.116397902541803">
        <ele>879</ele>
      </trkpt>
      <trkpt lat="45.864988708041544" lon="6.116373648029131">
        <ele>879</ele>
      </trkpt>
      <trkpt lat="45.86492177488061" lon="6.116301782806403">
        <ele>881</ele>
      </trkpt>
      <trkpt lat="45.864885493320465" lon="6.116234409160093">
        <ele>882</ele>
      </trkpt>
      <trkpt lat="45.864847960647104" lon="6.116191290026456">
        <ele>883</ele>
      </trkpt>
      <trkpt lat="45.86475788212763" lon="6.116145475946966">
        <ele>885</ele>
      </trkpt>
      <trkpt lat="45.86470095743243" lon="6.116137391109409">
        <ele>885</ele>
      </trkpt>
      <trkpt lat="45.86462088743282" lon="6.116104153443896">
        <ele>885</ele>
      </trkpt>
      <trkpt lat="45.8645914867009" lon="6.1161095433356">
        <ele>885</ele>
      </trkpt>
      <trkpt lat="45.86456959252871" lon="6.116102356813328">
        <ele>886</ele>
      </trkpt>
      <trkpt lat="45.86449890557111" lon="6.116121221434295">
        <ele>887</ele>
      </trkpt>
      <trkpt lat="45.86442196302839" lon="6.116104153443896">
        <ele>887</ele>
      </trkpt>
      <trkpt lat="45.86434877368162" lon="6.116104153443896">
        <ele>887</ele>
      </trkpt>
      <trkpt lat="45.86430060628115" lon="6.116111339966169">
        <ele>886</ele>
      </trkpt>
      <trkpt lat="45.86424993663303" lon="6.116131102902419">
        <ele>885</ele>
      </trkpt>
      <trkpt lat="45.86417299374571" lon="6.116149967523386">
        <ele>884</ele>
      </trkpt>
      <trkpt lat="45.86400972433942" lon="6.116316155850947">
        <ele>883</ele>
      </trkpt>
      <trkpt lat="45.863970939965526" lon="6.116347596885891">
        <ele>883</ele>
      </trkpt>
      <trkpt lat="45.863810797748094" lon="6.116407784009929">
        <ele>885</ele>
      </trkpt>
      <trkpt lat="45.863733854253" lon="6.1164248520003275">
        <ele>887</ele>
      </trkpt>
      <trkpt lat="45.86368568631975" lon="6.116444614936578">
        <ele>886</ele>
      </trkpt>
      <trkpt lat="45.86363751834477" lon="6.116454496404702">
        <ele>887</ele>
      </trkpt>
      <trkpt lat="45.86356182572833" lon="6.116443716621293">
        <ele>887</ele>
      </trkpt>
      <trkpt lat="45.863529922198" lon="6.116445513251862">
        <ele>886</ele>
      </trkpt>
      <trkpt lat="45.86349363972943" lon="6.116439225044872">
        <ele>887</ele>
      </trkpt>
      <trkpt lat="45.86347174512491" lon="6.116419462108622">
        <ele>887</ele>
      </trkpt>
      <trkpt lat="45.86345297831415" lon="6.116412275586349">
        <ele>887</ele>
      </trkpt>
      <trkpt lat="45.86338541774298" lon="6.116415868847486">
        <ele>887</ele>
      </trkpt>
      <trkpt lat="45.86335976972685" lon="6.11640598737936">
        <ele>888</ele>
      </trkpt>
      <trkpt lat="45.86333099388982" lon="6.116404190748792">
        <ele>888</ele>
      </trkpt>
      <trkpt lat="45.863308473659146" lon="6.116407784009929">
        <ele>888</ele>
      </trkpt>
      <trkpt lat="45.86325092191705" lon="6.116434733468451">
        <ele>887</ele>
      </trkpt>
      <trkpt lat="45.863180858846306" lon="6.116484140809079">
        <ele>887</ele>
      </trkpt>
      <trkpt lat="45.86315458517198" lon="6.11648234417851">
        <ele>886</ele>
      </trkpt>
      <trkpt lat="45.863119553586934" lon="6.116501208799477">
        <ele>886</ele>
      </trkpt>
      <trkpt lat="45.86308139415667" lon="6.116511988582886">
        <ele>886</ele>
      </trkpt>
      <trkpt lat="45.86304260913514" lon="6.1165398363566945">
        <ele>885</ele>
      </trkpt>
      <trkpt lat="45.86301070530682" lon="6.116547921194251">
        <ele>886</ele>
      </trkpt>
      <trkpt lat="45.86297880146021" lon="6.116536243095557">
        <ele>885</ele>
      </trkpt>
      <trkpt lat="45.86293376070437" lon="6.11649761553834">
        <ele>885</ele>
      </trkpt>
      <trkpt lat="45.86291499371202" lon="6.116504802060613">
        <ele>884</ele>
      </trkpt>
      <trkpt lat="45.862889971045675" lon="6.116532649834421">
        <ele>884</ele>
      </trkpt>
      <trkpt lat="45.86285744156261" lon="6.116551514455388">
        <ele>884</ele>
      </trkpt>
      <trkpt lat="45.86277799447585" lon="6.1166197864169805">
        <ele>881</ele>
      </trkpt>
      <trkpt lat="45.862751720611165" lon="6.116621583047548">
        <ele>880</ele>
      </trkpt>
      <trkpt lat="45.86270042398243" lon="6.116647634190788">
        <ele>879</ele>
      </trkpt>
      <trkpt lat="45.8626716478041" lon="6.116673685334027">
        <ele>879</ele>
      </trkpt>
      <trkpt lat="45.86263974376291" lon="6.1166916516397105">
        <ele>879</ele>
      </trkpt>
      <trkpt lat="45.86261346983289" lon="6.116684465117436">
        <ele>879</ele>
      </trkpt>
      <trkpt lat="45.862556542941874" lon="6.116701533107834">
        <ele>877</ele>
      </trkpt>
      <trkpt lat="45.862543405958775" lon="6.116679973541016">
        <ele>877</ele>
      </trkpt>
      <trkpt lat="45.862524638834635" lon="6.11666739712704">
        <ele>876</ele>
      </trkpt>
      <trkpt lat="45.86249899042142" lon="6.116696143216131">
        <ele>876</ele>
      </trkpt>
      <trkpt lat="45.862463958423255" lon="6.1166934482702775">
        <ele>876</ele>
      </trkpt>
      <trkpt lat="45.862399524511886" lon="6.1167194994135174">
        <ele>875</ele>
      </trkpt>
      <trkpt lat="45.862386387491654" lon="6.116716804467665">
        <ele>875</ele>
      </trkpt>
      <trkpt lat="45.86228191679177" lon="6.116801246104372">
        <ele>875</ele>
      </trkpt>
      <trkpt lat="45.86224563350873" lon="6.116815619148919">
        <ele>875</ele>
      </trkpt>
      <trkpt lat="45.8622237384127" lon="6.116832687139317">
        <ele>875</ele>
      </trkpt>
      <trkpt lat="45.86220184330807" lon="6.116834483769885">
        <ele>874</ele>
      </trkpt>
      <trkpt lat="45.86218182491909" lon="6.11685514502142">
        <ele>874</ele>
      </trkpt>
      <trkpt lat="45.862159929797926" lon="6.116861433228409">
        <ele>874</ele>
      </trkpt>
      <trkpt lat="45.862105504745124" lon="6.116842568607443">
        <ele>873</ele>
      </trkpt>
      <trkpt lat="45.86205796097721" lon="6.1167374657192">
        <ele>876</ele>
      </trkpt>
      <trkpt lat="45.861989773133836" lon="6.116703329738404">
        <ele>876</ele>
      </trkpt>
      <trkpt lat="45.86197350813133" lon="6.116686261748005">
        <ele>875</ele>
      </trkpt>
      <trkpt lat="45.86194598273163" lon="6.11668716006329">
        <ele>876</ele>
      </trkpt>
      <trkpt lat="45.86190344345073" lon="6.1166763802798805">
        <ele>876</ele>
      </trkpt>
      <trkpt lat="45.86188467611058" lon="6.116663803865903">
        <ele>876</ele>
      </trkpt>
      <trkpt lat="45.8618684110773" lon="6.116639549353231">
        <ele>876</ele>
      </trkpt>
      <trkpt lat="45.86184964372534" lon="6.116627871254538">
        <ele>876</ele>
      </trkpt>
      <trkpt lat="45.8618108578445" lon="6.116617989786413">
        <ele>874</ele>
      </trkpt>
      <trkpt lat="45.86179146489392" lon="6.116634159461526">
        <ele>874</ele>
      </trkpt>
      <trkpt lat="45.861730783682326" lon="6.116656617343629">
        <ele>872</ele>
      </trkpt>
      <trkpt lat="45.86155562105057" lon="6.11692072203716">
        <ele>866</ele>
      </trkpt>
      <trkpt lat="45.861532474518654" lon="6.116939586658127">
        <ele>865</ele>
      </trkpt>
      <trkpt lat="45.86146178369938" lon="6.117036604708812">
        <ele>864</ele>
      </trkpt>
      <trkpt lat="45.86143363246316" lon="6.117047384492221">
        <ele>863</ele>
      </trkpt>
      <trkpt lat="45.86140673237967" lon="6.117109368246824">
        <ele>863</ele>
      </trkpt>
      <trkpt lat="45.86134980425306" lon="6.117312387501036">
        <ele>864</ele>
      </trkpt>
      <trkpt lat="45.861321652960115" lon="6.117367184733368">
        <ele>864</ele>
      </trkpt>
      <trkpt lat="45.86125096187281" lon="6.117407608921153">
        <ele>863</ele>
      </trkpt>
      <trkpt lat="45.86121280116" lon="6.11741120218229">
        <ele>864</ele>
      </trkpt>
      <trkpt lat="45.86118652655562" lon="6.117386947669618">
        <ele>863</ele>
      </trkpt>
      <trkpt lat="45.86116775897349" lon="6.117341133590129">
        <ele>864</ele>
      </trkpt>
      <trkpt lat="45.86110645149428" lon="6.117307895924615">
        <ele>864</ele>
      </trkpt>
      <trkpt lat="45.86104576953504" lon="6.117307895924615">
        <ele>863</ele>
      </trkpt>
      <trkpt lat="45.86100197838932" lon="6.1172971161412075">
        <ele>863</ele>
      </trkpt>
      <trkpt lat="45.86097570368531" lon="6.117301607717628">
        <ele>862</ele>
      </trkpt>
      <trkpt lat="45.86091439599433" lon="6.117286336357797">
        <ele>862</ele>
      </trkpt>
      <trkpt lat="45.8608856188916" lon="6.117289929618933">
        <ele>863</ele>
      </trkpt>
      <trkpt lat="45.86086372325997" lon="6.117259386899272">
        <ele>863</ele>
      </trkpt>
      <trkpt lat="45.86084495556885" lon="6.117247708800581">
        <ele>864</ele>
      </trkpt>
      <trkpt lat="45.86080554339687" lon="6.1172513020617165">
        <ele>864</ele>
      </trkpt>
      <trkpt lat="45.86076738237835" lon="6.117277353204955">
        <ele>865</ele>
      </trkpt>
      <trkpt lat="45.86071670951" lon="6.117287234673082">
        <ele>865</ele>
      </trkpt>
      <trkpt lat="45.860674794880275" lon="6.117284539727229">
        <ele>865</ele>
      </trkpt>
      <trkpt lat="45.860652899165636" lon="6.117274658259103">
        <ele>865</ele>
      </trkpt>
      <trkpt lat="45.86058846315533" lon="6.117211776189215">
        <ele>865</ele>
      </trkpt>
      <trkpt lat="45.86057595129999" lon="6.117169555370861">
        <ele>865</ele>
      </trkpt>
      <trkpt lat="45.860553429953356" lon="6.117151589065179">
        <ele>865</ele>
      </trkpt>
      <trkpt lat="45.8605177711358" lon="6.117135419390065">
        <ele>864</ele>
      </trkpt>
      <trkpt lat="45.86036762849526" lon="6.117154284011032">
        <ele>864</ele>
      </trkpt>
      <trkpt lat="45.860325713602386" lon="6.117175843577851">
        <ele>863</ele>
      </trkpt>
      <trkpt lat="45.860297561790944" lon="6.117195606514101">
        <ele>862</ele>
      </trkpt>
      <trkpt lat="45.86021060388328" lon="6.117282743096662">
        <ele>861</ele>
      </trkpt>
      <trkpt lat="45.86013052741642" lon="6.117371676309789">
        <ele>861</ele>
      </trkpt>
      <trkpt lat="45.860089863541425" lon="6.117391439246039">
        <ele>861</ele>
      </trkpt>
      <trkpt lat="45.860041692451034" lon="6.117379761147346">
        <ele>861</ele>
      </trkpt>
      <trkpt lat="45.86000290530897" lon="6.117346523481833">
        <ele>861</ele>
      </trkpt>
      <trkpt lat="45.859977881331965" lon="6.117334845383139">
        <ele>862</ele>
      </trkpt>
      <trkpt lat="45.85988153891541" lon="6.117364489787516">
        <ele>862</ele>
      </trkpt>
      <trkpt lat="45.859813974004204" lon="6.117401320714165">
        <ele>861</ele>
      </trkpt>
      <trkpt lat="45.85979145234889" lon="6.117403117344732">
        <ele>861</ele>
      </trkpt>
      <trkpt lat="45.859756418644714" lon="6.117354608319391">
        <ele>861</ele>
      </trkpt>
      <trkpt lat="45.85969573521205" lon="6.117347421797117">
        <ele>862</ele>
      </trkpt>
      <trkpt lat="45.85968259755296" lon="6.117317777392741">
        <ele>862</ele>
      </trkpt>
      <trkpt lat="45.85966382946316" lon="6.117317777392741">
        <ele>862</ele>
      </trkpt>
      <trkpt lat="45.85964193335036" lon="6.117307895924615">
        <ele>862</ele>
      </trkpt>
      <trkpt lat="45.859621914039714" lon="6.117282743096662">
        <ele>862</ele>
      </trkpt>
      <trkpt lat="45.8595993923066" lon="6.117282743096662">
        <ele>862</ele>
      </trkpt>
      <trkpt lat="45.85945863126801" lon="6.11733933695956">
        <ele>859</ele>
      </trkpt>
      <trkpt lat="45.859407957206884" lon="6.117367184733368">
        <ele>859</ele>
      </trkpt>
      <trkpt lat="45.85938856341818" lon="6.1173878459849025">
        <ele>858</ele>
      </trkpt>
      <trkpt lat="45.85930160408891" lon="6.117446236478371">
        <ele>857</ele>
      </trkpt>
      <trkpt lat="45.85925343231559" lon="6.117492948873144">
        <ele>856</ele>
      </trkpt>
      <trkpt lat="45.859205886108796" lon="6.117551339366612">
        <ele>856</ele>
      </trkpt>
      <trkpt lat="45.859129561849706" lon="6.117686984974514">
        <ele>855</ele>
      </trkpt>
      <trkpt lat="45.85909765577594" lon="6.117717527694174">
        <ele>854</ele>
      </trkpt>
      <trkpt lat="45.85907763626931" lon="6.117746273783266">
        <ele>855</ele>
      </trkpt>
      <trkpt lat="45.859042602115366" lon="6.1177741215570745">
        <ele>854</ele>
      </trkpt>
      <trkpt lat="45.85900193744474" lon="6.11777142661122">
        <ele>854</ele>
      </trkpt>
      <trkpt lat="45.85897566179558" lon="6.117761545143097">
        <ele>854</ele>
      </trkpt>
      <trkpt lat="45.85889245549136" lon="6.117805562592019">
        <ele>854</ele>
      </trkpt>
      <trkpt lat="45.85884490897587" lon="6.117822630582417">
        <ele>852</ele>
      </trkpt>
      <trkpt lat="45.85870977655205" lon="6.117901682327418">
        <ele>852</ele>
      </trkpt>
      <trkpt lat="45.858661604266004" lon="6.117921445263669">
        <ele>852</ele>
      </trkpt>
      <trkpt lat="45.858642835831574" lon="6.117922343578954">
        <ele>853</ele>
      </trkpt>
      <trkpt lat="45.85861092947848" lon="6.117919648633102">
        <ele>853</ele>
      </trkpt>
      <trkpt lat="45.85856588518416" lon="6.117891800859294">
        <ele>853</ele>
      </trkpt>
      <trkpt lat="45.858501446755206" lon="6.11783430868111">
        <ele>852</ele>
      </trkpt>
      <trkpt lat="45.85844138756974" lon="6.117769629980653">
        <ele>851</ele>
      </trkpt>
      <trkpt lat="45.85838070270183" lon="6.117719324324743">
        <ele>851</ele>
      </trkpt>
      <trkpt lat="45.85835192428775" lon="6.117703154649628">
        <ele>850</ele>
      </trkpt>
      <trkpt lat="45.85829061370368" lon="6.1176878832898">
        <ele>849</ele>
      </trkpt>
      <trkpt lat="45.85825557905387" lon="6.117649255732581">
        <ele>850</ele>
      </trkpt>
      <trkpt lat="45.8582424410545" lon="6.117624102904627">
        <ele>850</ele>
      </trkpt>
      <trkpt lat="45.85822367247859" lon="6.1176115264906485">
        <ele>850</ele>
      </trkpt>
      <trkpt lat="45.858146721251074" lon="6.1175872719779765">
        <ele>850</ele>
      </trkpt>
      <trkpt lat="45.858101676580716" lon="6.117542356213771">
        <ele>850</ele>
      </trkpt>
      <trkpt lat="45.8580284789135" lon="6.117531576430362">
        <ele>849</ele>
      </trkpt>
      <trkpt lat="45.8579965722079" lon="6.117534271376214">
        <ele>848</ele>
      </trkpt>
      <trkpt lat="45.85797342419434" lon="6.117519898331667">
        <ele>848</ele>
      </trkpt>
      <trkpt lat="45.85793838934466" lon="6.117479474143883">
        <ele>850</ele>
      </trkpt>
      <trkpt lat="45.857922748779664" lon="6.117451626370075">
        <ele>850</ele>
      </trkpt>
      <trkpt lat="45.85790648258738" lon="6.117414795443427">
        <ele>851</ele>
      </trkpt>
      <trkpt lat="45.85789772386649" lon="6.117377964516777">
        <ele>852</ele>
      </trkpt>
      <trkpt lat="45.85789397012853" lon="6.117307895924615">
        <ele>852</ele>
      </trkpt>
      <trkpt lat="45.857922748779664" lon="6.117247708800581">
        <ele>852</ele>
      </trkpt>
      <trkpt lat="45.85793275874177" lon="6.117195606514101">
        <ele>853</ele>
      </trkpt>
      <trkpt lat="45.85796779359499" lon="6.117119249714951">
        <ele>853</ele>
      </trkpt>
      <trkpt lat="45.85798343414733" lon="6.117096791832847">
        <ele>853</ele>
      </trkpt>
      <trkpt lat="45.85800971026536" lon="6.117069842374324">
        <ele>854</ele>
      </trkpt>
      <trkpt lat="45.8580284789135" lon="6.117061757536766">
        <ele>855</ele>
      </trkpt>
      <trkpt lat="45.858085410440765" lon="6.117013248511425">
        <ele>854</ele>
      </trkpt>
      <trkpt lat="45.85814984935185" lon="6.116927908559434">
        <ele>856</ele>
      </trkpt>
      <trkpt lat="45.858194893983224" lon="6.116902755731479">
        <ele>856</ele>
      </trkpt>
      <trkpt lat="45.85822367247859" lon="6.116872213011818">
        <ele>857</ele>
      </trkpt>
      <trkpt lat="45.85823681048237" lon="6.116834483769885">
        <ele>857</ele>
      </trkpt>
      <trkpt lat="45.85823681048237" lon="6.116805737680792">
        <ele>857</ele>
      </trkpt>
      <trkpt lat="45.85825245095904" lon="6.116765313493008">
        <ele>858</ele>
      </trkpt>
      <trkpt lat="45.858265588956066" lon="6.116684465117436">
        <ele>858</ele>
      </trkpt>
      <trkpt lat="45.858265588956066" lon="6.116572175706922">
        <ele>859</ele>
      </trkpt>
      <trkpt lat="45.85828185504329" lon="6.116499412168908">
        <ele>858</ele>
      </trkpt>
      <trkpt lat="45.858303751691665" lon="6.11644730988243">
        <ele>859</ele>
      </trkpt>
      <trkpt lat="45.85830062359957" lon="6.116354783408165">
        <ele>860</ele>
      </trkpt>
      <trkpt lat="45.85829061370368" lon="6.1163269356343575">
        <ele>860</ele>
      </trkpt>
      <trkpt lat="45.858303751691665" lon="6.116297291229982">
        <ele>860</ele>
      </trkpt>
      <trkpt lat="45.85829374179633" lon="6.116172425405488">
        <ele>859</ele>
      </trkpt>
      <trkpt lat="45.858316889676566" lon="6.116122119749578">
        <ele>860</ele>
      </trkpt>
      <trkpt lat="45.858359431701565" lon="6.1160601359949744">
        <ele>861</ele>
      </trkpt>
      <trkpt lat="45.858412609187035" lon="6.116016118546052">
        <ele>861</ele>
      </trkpt>
      <trkpt lat="45.85846390977189" lon="6.115851726849058">
        <ele>862</ele>
      </trkpt>
      <trkpt lat="45.85847955018468" lon="6.115744827330247">
        <ele>863</ele>
      </trkpt>
      <trkpt lat="45.858501446755206" lon="6.1157196745022935">
        <ele>863</ele>
      </trkpt>
      <trkpt lat="45.85849268812803" lon="6.115691826728484">
        <ele>863</ele>
      </trkpt>
      <trkpt lat="45.858469540321" lon="6.115679250314508">
        <ele>864</ele>
      </trkpt>
      <trkpt lat="45.85842574714619" lon="6.115696318304906">
        <ele>864</ele>
      </trkpt>
      <trkpt lat="45.85839384066857" lon="6.115722369448145">
        <ele>864</ele>
      </trkpt>
      <trkpt lat="45.858370692820365" lon="6.1157196745022935">
        <ele>865</ele>
      </trkpt>
      <trkpt lat="45.85834566810878" lon="6.11569721662019">
        <ele>865</ele>
      </trkpt>
      <trkpt lat="45.858268717050116" lon="6.1157349458621235">
        <ele>865</ele>
      </trkpt>
      <trkpt lat="45.85820740637434" lon="6.115684640206212">
        <ele>867</ele>
      </trkpt>
      <trkpt lat="45.858108558407686" lon="6.115691826728484">
        <ele>866</ele>
      </trkpt>
      <trkpt lat="45.85797342419434" lon="6.115641521072574">
        <ele>868</ele>
      </trkpt>
      <trkpt lat="45.857925876893006" lon="6.115663978954677">
        <ele>867</ele>
      </trkpt>
      <trkpt lat="45.857852678994384" lon="6.115644216018427">
        <ele>868</ele>
      </trkpt>
      <trkpt lat="45.85778886536313" lon="6.1156118766682">
        <ele>868</ele>
      </trkpt>
      <trkpt lat="45.857749451024866" lon="6.11563163960445">
        <ele>868</ele>
      </trkpt>
      <trkpt lat="45.85773381040672" lon="6.115599300254221">
        <ele>867</ele>
      </trkpt>
      <trkpt lat="45.85772755415822" lon="6.1155525878594466">
        <ele>868</ele>
      </trkpt>
      <trkpt lat="45.85769564727995" lon="6.115524740085639">
        <ele>868</ele>
      </trkpt>
      <trkpt lat="45.85763746410185" lon="6.115507672095241">
        <ele>869</ele>
      </trkpt>
      <trkpt lat="45.857599926535265" lon="6.115467247907455">
        <ele>867</ele>
      </trkpt>
      <trkpt lat="45.8575617633166" lon="6.115449281601773">
        <ele>868</ele>
      </trkpt>
      <trkpt lat="45.857541743257" lon="6.11543131529609">
        <ele>868</ele>
      </trkpt>
      <trkpt lat="45.85749356995904" lon="6.115444790025353">
        <ele>868</ele>
      </trkpt>
      <trkpt lat="45.85747167299163" lon="6.115482519267284">
        <ele>868</ele>
      </trkpt>
      <trkpt lat="45.85744289410706" lon="6.115489705789558">
        <ele>869</ele>
      </trkpt>
      <trkpt lat="45.85725770788477" lon="6.115496892311831">
        <ele>871</ele>
      </trkpt>
      <trkpt lat="45.85718388347561" lon="6.115367534910917">
        <ele>872</ele>
      </trkpt>
      <trkpt lat="45.857164488911174" lon="6.115349568605236">
        <ele>872</ele>
      </trkpt>
      <trkpt lat="45.85714196618271" lon="6.115352263551088">
        <ele>872</ele>
      </trkpt>
      <trkpt lat="45.85706188529646" lon="6.115229194357163">
        <ele>872</ele>
      </trkpt>
      <trkpt lat="45.857036859995866" lon="6.1152076347903455">
        <ele>873</ele>
      </trkpt>
      <trkpt lat="45.856991814426394" lon="6.115211228051481">
        <ele>873</ele>
      </trkpt>
      <trkpt lat="45.856972419794985" lon="6.115199549952788">
        <ele>873</ele>
      </trkpt>
      <trkpt lat="45.85695677895827" lon="6.115174397124831">
        <ele>874</ele>
      </trkpt>
      <trkpt lat="45.85693363051185" lon="6.115162719026138">
        <ele>874</ele>
      </trkpt>
      <trkpt lat="45.85687982597753" lon="6.1150926504339775">
        <ele>875</ele>
      </trkpt>
      <trkpt lat="45.856819765040534" lon="6.1150315649946565">
        <ele>875</ele>
      </trkpt>
      <trkpt lat="45.85679974471379" lon="6.114974971131758">
        <ele>875</ele>
      </trkpt>
      <trkpt lat="45.85678660637041" lon="6.114954309880223">
        <ele>875</ele>
      </trkpt>
      <trkpt lat="45.856773468023995" lon="6.1148707665588">
        <ele>875</ele>
      </trkpt>
      <trkpt lat="45.856773468023995" lon="6.114721646221636">
        <ele>875</ele>
      </trkpt>
      <trkpt lat="45.856745940049905" lon="6.114652475944759">
        <ele>876</ele>
      </trkpt>
      <trkpt lat="45.85671966333471" lon="6.114624628170952">
        <ele>877</ele>
      </trkpt>
      <trkpt lat="45.8566846276951" lon="6.114609356811121">
        <ele>877</ele>
      </trkpt>
      <trkpt lat="45.85662081272336" lon="6.114596780397143">
        <ele>877</ele>
      </trkpt>
      <trkpt lat="45.856578895006" lon="6.114597678712428">
        <ele>877</ele>
      </trkpt>
      <trkpt lat="45.85651445427441" lon="6.114576119145609">
        <ele>878</ele>
      </trkpt>
      <trkpt lat="45.85646690572556" lon="6.114593187136007">
        <ele>877</ele>
      </trkpt>
      <trkpt lat="45.856425613531705" lon="6.114631814693223">
        <ele>876</ele>
      </trkpt>
      <trkpt lat="45.85639683410575" lon="6.114629119747372">
        <ele>876</ele>
      </trkpt>
      <trkpt lat="45.856377439266815" lon="6.114616543333393">
        <ele>877</ele>
      </trkpt>
      <trkpt lat="45.85632989060079" lon="6.1146111534416905">
        <ele>877</ele>
      </trkpt>
      <trkpt lat="45.856290475228384" lon="6.114597678712428">
        <ele>876</ele>
      </trkpt>
      <trkpt lat="45.856249808545066" lon="6.114567135992768">
        <ele>876</ele>
      </trkpt>
      <trkpt lat="45.85620789054804" lon="6.114549169687085">
        <ele>877</ele>
      </trkpt>
      <trkpt lat="45.856121551887455" lon="6.114547373056516">
        <ele>876</ele>
      </trkpt>
      <trkpt lat="45.85608276201078" lon="6.114534796642539">
        <ele>875</ele>
      </trkpt>
      <trkpt lat="45.855993920578406" lon="6.114447660059979">
        <ele>876</ele>
      </trkpt>
      <trkpt lat="45.855929479168914" lon="6.1144198122861715">
        <ele>876</ele>
      </trkpt>
      <trkpt lat="45.85589381738593" lon="6.114385676305376">
        <ele>876</ele>
      </trkpt>
      <trkpt lat="45.85574366225936" lon="6.114289556569974">
        <ele>876</ele>
      </trkpt>
      <trkpt lat="45.85570549776674" lon="6.114213199770824">
        <ele>876</ele>
      </trkpt>
      <trkpt lat="45.85570174388079" lon="6.114164690745481">
        <ele>876</ele>
      </trkpt>
      <trkpt lat="45.85571488248046" lon="6.114114385089571">
        <ele>876</ele>
      </trkpt>
      <trkpt lat="45.85572489284003" lon="6.114045214812694">
        <ele>876</ele>
      </trkpt>
      <trkpt lat="45.85582937586044" lon="6.114001197363772">
        <ele>878</ele>
      </trkpt>
      <trkpt lat="45.85608964408764" lon="6.113947298446725">
        <ele>878</ele>
      </trkpt>
      <trkpt lat="45.856137818601866" lon="6.113951790023146">
        <ele>879</ele>
      </trkpt>
      <trkpt lat="45.85626857778722" lon="6.113936518663316">
        <ele>879</ele>
      </trkpt>
      <trkpt lat="45.85631988035013" lon="6.113923942249338">
        <ele>879</ele>
      </trkpt>
      <trkpt lat="45.85634553161383" lon="6.113909569204792">
        <ele>879</ele>
      </trkpt>
      <trkpt lat="45.856405593063045" lon="6.113913162465928">
        <ele>880</ele>
      </trkpt>
      <trkpt lat="45.856508823527314" lon="6.1139077725742235">
        <ele>881</ele>
      </trkpt>
      <trkpt lat="45.85653760289532" lon="6.113913162465928">
        <ele>881</ele>
      </trkpt>
      <trkpt lat="45.85669776606254" lon="6.1138969927908144">
        <ele>881</ele>
      </trkpt>
      <trkpt lat="45.856837908455404" lon="6.113871839962858">
        <ele>883</ele>
      </trkpt>
      <trkpt lat="45.85690172317802" lon="6.113846687134903">
        <ele>883</ele>
      </trkpt>
      <trkpt lat="45.85702372170852" lon="6.113827822513936">
        <ele>884</ele>
      </trkpt>
      <trkpt lat="45.85706563909058" lon="6.113807161262402">
        <ele>884</ele>
      </trkpt>
      <trkpt lat="45.857173873378684" lon="6.113781110119163">
        <ele>884</ele>
      </trkpt>
      <trkpt lat="45.85719952424845" lon="6.113764940444048">
        <ele>885</ele>
      </trkpt>
      <trkpt lat="45.85727397426685" lon="6.11374787245365">
        <ele>884</ele>
      </trkpt>
      <trkpt lat="45.857314640201196" lon="6.113716431418707">
        <ele>884</ele>
      </trkpt>
      <trkpt lat="45.85734091663529" lon="6.113655345979386">
        <ele>884</ele>
      </trkpt>
      <trkpt lat="45.85735655736394" lon="6.1135996504317704">
        <ele>884</ele>
      </trkpt>
      <trkpt lat="45.85736969557263" lon="6.113576294234383">
        <ele>884</ele>
      </trkpt>
      <trkpt lat="45.85738158252067" lon="6.1134999374352335">
        <ele>883</ele>
      </trkpt>
      <trkpt lat="45.857420997119696" lon="6.11340741096097">
        <ele>883</ele>
      </trkpt>
      <trkpt lat="45.85743350968495" lon="6.11335980025091">
        <ele>883</ele>
      </trkpt>
      <trkpt lat="45.857449776015585" lon="6.113261883884941">
        <ele>882</ele>
      </trkpt>
      <trkpt lat="45.85745290415554" lon="6.113183730455224">
        <ele>882</ele>
      </trkpt>
      <trkpt lat="45.85745290415554" lon="6.113092102296244">
        <ele>882</ele>
      </trkpt>
      <trkpt lat="45.85744289410706" lon="6.113027423595787">
        <ele>882</ele>
      </trkpt>
      <trkpt lat="45.85744289410706" lon="6.112935795436806">
        <ele>881</ele>
      </trkpt>
      <trkpt lat="45.857426627774394" lon="6.112711216615777">
        <ele>880</ele>
      </trkpt>
      <trkpt lat="45.857429755915646" lon="6.112674385689128">
        <ele>881</ele>
      </trkpt>
      <trkpt lat="45.857420997119696" lon="6.112585452476">
        <ele>881</ele>
      </trkpt>
      <trkpt lat="45.857420997119696" lon="6.112545926603498">
        <ele>881</ele>
      </trkpt>
      <trkpt lat="45.857429755915646" lon="6.112474959696053">
        <ele>880</ele>
      </trkpt>
      <trkpt lat="45.857426627774394" lon="6.112282720225251">
        <ele>882</ele>
      </trkpt>
      <trkpt lat="45.85744289410706" lon="6.112169532499451">
        <ele>882</ele>
      </trkpt>
      <trkpt lat="45.85744289410706" lon="6.112123718419962">
        <ele>882</ele>
      </trkpt>
      <trkpt lat="45.8574078589231" lon="6.111961123353537">
        <ele>883</ele>
      </trkpt>
      <trkpt lat="45.8574078589231" lon="6.111904529490637">
        <ele>883</ele>
      </trkpt>
      <trkpt lat="45.85736969557263" lon="6.11168713719188">
        <ele>884</ele>
      </trkpt>
      <trkpt lat="45.857362813654184" lon="6.111629645013696">
        <ele>884</ele>
      </trkpt>
      <trkpt lat="45.85735342921859" lon="6.111433812281758">
        <ele>884</ele>
      </trkpt>
      <trkpt lat="45.85735342921859" lon="6.111384404941131">
        <ele>884</ele>
      </trkpt>
      <trkpt lat="45.857362813654184" lon="6.111299963304425">
        <ele>885</ele>
      </trkpt>
      <trkpt lat="45.8573784543767" lon="6.111286488575163">
        <ele>885</ele>
      </trkpt>
      <trkpt lat="45.857401602637935" lon="6.111251454279083">
        <ele>884</ele>
      </trkpt>
      <trkpt lat="45.85739784886649" lon="6.1112155216677175">
        <ele>885</ele>
      </trkpt>
      <trkpt lat="45.857426627774394" lon="6.1111957587314665">
        <ele>886</ele>
      </trkpt>
      <trkpt lat="45.857413489579166" lon="6.111162521065954">
        <ele>886</ele>
      </trkpt>
      <trkpt lat="45.857410987065435" lon="6.111134673292147">
        <ele>885</ele>
      </trkpt>
      <trkpt lat="45.857413489579166" lon="6.110916382678106">
        <ele>885</ele>
      </trkpt>
      <trkpt lat="45.85739784886649" lon="6.110812178105148">
        <ele>883</ele>
      </trkpt>
      <trkpt lat="45.857394720723434" lon="6.110624430210766">
        <ele>881</ele>
      </trkpt>
      <trkpt lat="45.8573784543767" lon="6.110567836347868">
        <ele>880</ele>
      </trkpt>
      <trkpt lat="45.85738158252067" lon="6.110541785204628">
        <ele>879</ele>
      </trkpt>
      <trkpt lat="45.857417868977905" lon="6.110502259332127">
        <ele>878</ele>
      </trkpt>
      <trkpt lat="45.857468544852715" lon="6.110495971125138">
        <ele>878</ele>
      </trkpt>
      <trkpt lat="45.85751984630856" lon="6.110502259332127">
        <ele>876</ele>
      </trkpt>
      <trkpt lat="45.85760555717187" lon="6.11053998857406">
        <ele>875</ele>
      </trkpt>
      <trkpt lat="45.85769564727995" lon="6.1105516666727535">
        <ele>873</ele>
      </trkpt>
      <trkpt lat="45.85771441603408" lon="6.110545378465765">
        <ele>872</ele>
      </trkpt>
      <trkpt lat="45.85775383039717" lon="6.110501361016842">
        <ele>871</ele>
      </trkpt>
      <trkpt lat="45.85775946101818" lon="6.110471716612466">
        <ele>870</ele>
      </trkpt>
      <trkpt lat="45.85775946101818" lon="6.11042680084826">
        <ele>869</ele>
      </trkpt>
      <trkpt lat="45.857746948526284" lon="6.11034146089627">
        <ele>867</ele>
      </trkpt>
      <trkpt lat="45.857698775406085" lon="6.110266900727687">
        <ele>866</ele>
      </trkpt>
      <trkpt lat="45.85769251915365" lon="6.110239951269164">
        <ele>865</ele>
      </trkpt>
      <trkpt lat="45.85764184348296" lon="6.110174374253423">
        <ele>863</ele>
      </trkpt>
      <trkpt lat="45.85762557720851" lon="6.110145628164331">
        <ele>862</ele>
      </trkpt>
      <trkpt lat="45.85753548698688" lon="6.110037830330238">
        <ele>861</ele>
      </trkpt>
      <trkpt lat="45.85752547695327" lon="6.109993812881315">
        <ele>860</ele>
      </trkpt>
      <trkpt lat="45.85749356995904" lon="6.10990128640705">
        <ele>858</ele>
      </trkpt>
      <trkpt lat="45.857468544852715" lon="6.10979438688824">
        <ele>856</ele>
      </trkpt>
      <trkpt lat="45.857420997119696" lon="6.109684792423578">
        <ele>855</ele>
      </trkpt>
      <trkpt lat="45.85739784886649" lon="6.109649758127497">
        <ele>855</ele>
      </trkpt>
      <trkpt lat="45.85737282371709" lon="6.109561723229653">
        <ele>854</ele>
      </trkpt>
      <trkpt lat="45.85734341915217" lon="6.10949794284448">
        <ele>853</ele>
      </trkpt>
      <trkpt lat="45.85730150197953" lon="6.1094278742523205">
        <ele>852</ele>
      </trkpt>
      <trkpt lat="45.857279604936465" lon="6.109366788812999">
        <ele>851</ele>
      </trkpt>
      <trkpt lat="45.85722142132302" lon="6.10924910951078">
        <ele>849</ele>
      </trkpt>
      <trkpt lat="45.857180755320506" lon="6.10919251564788">
        <ele>848</ele>
      </trkpt>
      <trkpt lat="45.857135709867606" lon="6.109109870641741">
        <ele>847</ele>
      </trkpt>
      <trkpt lat="45.857084408057375" lon="6.109044293626">
        <ele>847</ele>
      </trkpt>
      <trkpt lat="45.85702059354445" lon="6.108914936225088">
        <ele>845</ele>
      </trkpt>
      <trkpt lat="45.85697554796181" lon="6.108844867632926">
        <ele>844</ele>
      </trkpt>
      <trkpt lat="45.85690547698295" lon="6.108767612518492">
        <ele>843</ele>
      </trkpt>
      <trkpt lat="45.85683165210614" lon="6.108641848378715">
        <ele>841</ele>
      </trkpt>
      <trkpt lat="45.85676470912464" lon="6.108563694948996">
        <ele>840</ele>
      </trkpt>
      <trkpt lat="45.85665584840319" lon="6.1083993032520025">
        <ele>838</ele>
      </trkpt>
      <trkpt lat="45.856578895006" lon="6.108299590255466">
        <ele>838</ele>
      </trkpt>
      <trkpt lat="45.856508823527314" lon="6.108187300844952">
        <ele>836</ele>
      </trkpt>
      <trkpt lat="45.85642874172929" lon="6.108015722625683">
        <ele>835</ele>
      </trkpt>
      <trkpt lat="45.856405593063045" lon="6.107977993383751">
        <ele>835</ele>
      </trkpt>
      <trkpt lat="45.85632551111635" lon="6.107876483756645">
        <ele>834</ele>
      </trkpt>
      <trkpt lat="45.856306741893405" lon="6.107844144406417">
        <ele>833</ele>
      </trkpt>
      <trkpt lat="45.85622978801311" lon="6.107762397715563">
        <ele>833</ele>
      </trkpt>
      <trkpt lat="45.85614970581324" lon="6.107629447053512">
        <ele>831</ele>
      </trkpt>
      <trkpt lat="45.85606962349802" lon="6.1075396155251">
        <ele>830</ele>
      </trkpt>
      <trkpt lat="45.85591383803885" lon="6.107434512636859">
        <ele>828</ele>
      </trkpt>
      <trkpt lat="45.85575992908432" lon="6.10729527376782">
        <ele>830</ele>
      </trkpt>
      <trkpt lat="45.85567358972821" lon="6.107259341156456">
        <ele>829</ele>
      </trkpt>
      <trkpt lat="45.85558975283384" lon="6.107194662455999">
        <ele>829</ele>
      </trkpt>
      <trkpt lat="45.85553594699924" lon="6.107176696150316">
        <ele>829</ele>
      </trkpt>
      <trkpt lat="45.855481515462415" lon="6.107137170277815">
        <ele>829</ele>
      </trkpt>
      <trkpt lat="45.85539455002292" lon="6.107087762937188">
        <ele>829</ele>
      </trkpt>
      <trkpt lat="45.85533073357072" lon="6.107064406739801">
        <ele>828</ele>
      </trkpt>
      <trkpt lat="45.85529569705601" lon="6.10706620337037">
        <ele>829</ele>
      </trkpt>
      <trkpt lat="45.85523438310217" lon="6.10704913537997">
        <ele>829</ele>
      </trkpt>
      <trkpt lat="45.85518370519132" lon="6.107054525271676">
        <ele>830</ele>
      </trkpt>
      <trkpt lat="45.855138658120715" lon="6.1070715932620745">
        <ele>830</ele>
      </trkpt>
      <trkpt lat="45.8550936110136" lon="6.107077881469063">
        <ele>831</ele>
      </trkpt>
      <trkpt lat="45.8550135271775" lon="6.107059915163381">
        <ele>831</ele>
      </trkpt>
      <trkpt lat="45.85499475751174" lon="6.107081474730199">
        <ele>831</ele>
      </trkpt>
      <trkpt lat="45.85490841696763" lon="6.107121898917984">
        <ele>832</ele>
      </trkpt>
      <trkpt lat="45.85486086704552" lon="6.107094949459461">
        <ele>831</ele>
      </trkpt>
      <trkpt lat="45.854777654583984" lon="6.1070248808673">
        <ele>831</ele>
      </trkpt>
      <trkpt lat="45.854754505230446" lon="6.10702937244372">
        <ele>831</ele>
      </trkpt>
      <trkpt lat="45.85473260718443" lon="6.107052728641107">
        <ele>830</ele>
      </trkpt>
      <trkpt lat="45.85469757029289" lon="6.1070563219022445">
        <ele>830</ele>
      </trkpt>
      <trkpt lat="45.85466878997262" lon="6.107051830325824">
        <ele>829</ele>
      </trkpt>
      <trkpt lat="45.85455992514813" lon="6.1070248808673">
        <ele>830</ele>
      </trkpt>
      <trkpt lat="45.85453740136473" lon="6.107007812876902">
        <ele>829</ele>
      </trkpt>
      <trkpt lat="45.854482968850554" lon="6.106999728039345">
        <ele>830</ele>
      </trkpt>
      <trkpt lat="45.85445794238933" lon="6.106984456679514">
        <ele>831</ele>
      </trkpt>
      <trkpt lat="45.85443792121228" lon="6.106985354994799">
        <ele>832</ele>
      </trkpt>
      <trkpt lat="45.8544028841351" lon="6.106945829122297">
        <ele>833</ele>
      </trkpt>
      <trkpt lat="45.854449808787045" lon="6.106990744886503">
        <ele>834</ele>
      </trkpt>
      <trkpt lat="45.854434792902744" lon="6.106984456679514">
        <ele>834</ele>
      </trkpt>
      <trkpt lat="45.854357836431966" lon="6.106896421781671">
        <ele>834</ele>
      </trkpt>
      <trkpt lat="45.85433593822975" lon="6.106886540313545">
        <ele>835</ele>
      </trkpt>
      <trkpt lat="45.85431967098827" lon="6.106903608303944">
        <ele>835</ele>
      </trkpt>
      <trkpt lat="45.85423958603764" lon="6.106797607100417">
        <ele>836</ele>
      </trkpt>
      <trkpt lat="45.85421393380253" lon="6.106736521661098">
        <ele>836</ele>
      </trkpt>
      <trkpt lat="45.85401246949573" lon="6.106537993983307">
        <ele>834</ele>
      </trkpt>
      <trkpt lat="45.85396742147635" lon="6.1064598405535895">
        <ele>835</ele>
      </trkpt>
      <trkpt lat="45.85394552312044" lon="6.106473315282851">
        <ele>835</ele>
      </trkpt>
      <trkpt lat="45.85392299908819" lon="6.106504756317794">
        <ele>836</ele>
      </trkpt>
      <trkpt lat="45.85385292426289" lon="6.106449959085464">
        <ele>838</ele>
      </trkpt>
      <trkpt lat="45.85378159801073" lon="6.106441874247907">
        <ele>838</ele>
      </trkpt>
      <trkpt lat="45.85372466207713" lon="6.10641672141995">
        <ele>838</ele>
      </trkpt>
      <trkpt lat="45.853679613824625" lon="6.106376297232165">
        <ele>838</ele>
      </trkpt>
      <trkpt lat="45.85366084370866" lon="6.1063969584837">
        <ele>837</ele>
      </trkpt>
      <trkpt lat="45.853644576269666" lon="6.106382585439154">
        <ele>838</ele>
      </trkpt>
      <trkpt lat="45.85360265630885" lon="6.1063924669072795">
        <ele>838</ele>
      </trkpt>
      <trkpt lat="45.85358638885287" lon="6.106422111311656">
        <ele>839</ele>
      </trkpt>
      <trkpt lat="45.853561987659944" lon="6.106446365824327">
        <ele>839</ele>
      </trkpt>
      <trkpt lat="45.85353883780036" lon="6.1064292978339285">
        <ele>839</ele>
      </trkpt>
      <trkpt lat="45.853506928518655" lon="6.106419416365804">
        <ele>839</ele>
      </trkpt>
      <trkpt lat="45.853468762490984" lon="6.106427501203361">
        <ele>839</ele>
      </trkpt>
      <trkpt lat="45.853423714031194" lon="6.106414924789383">
        <ele>839</ele>
      </trkpt>
      <trkpt lat="45.85340494382886" lon="6.106422111311656">
        <ele>839</ele>
      </trkpt>
      <trkpt lat="45.85337866553493" lon="6.106399653429554">
        <ele>840</ele>
      </trkpt>
      <trkpt lat="45.85334675616132" lon="6.106356534295914">
        <ele>841</ele>
      </trkpt>
      <trkpt lat="45.85332798593299" lon="6.106284669073185">
        <ele>841</ele>
      </trkpt>
      <trkpt lat="45.853324857560985" lon="6.106252329722958">
        <ele>840</ele>
      </trkpt>
      <trkpt lat="45.853282937359154" lon="6.106211905535172">
        <ele>839</ele>
      </trkpt>
      <trkpt lat="45.853263541434224" lon="6.106177769554375">
        <ele>840</ele>
      </trkpt>
      <trkpt lat="45.85326041305857" lon="6.106144531888863">
        <ele>840</ele>
      </trkpt>
      <trkpt lat="45.853266669809656" lon="6.106111294223351">
        <ele>840</ele>
      </trkpt>
      <trkpt lat="45.85321286172735" lon="6.106031344163065">
        <ele>841</ele>
      </trkpt>
      <trkpt lat="45.85317094144112" lon="6.105927139590104">
        <ele>841</ele>
      </trkpt>
      <trkpt lat="45.85312964679989" lon="6.10569447593152">
        <ele>841</ele>
      </trkpt>
      <trkpt lat="45.853087726450944" lon="6.105572305052878">
        <ele>841</ele>
      </trkpt>
      <trkpt lat="45.85308146967973" lon="6.105537270756798">
        <ele>841</ele>
      </trkpt>
      <trkpt lat="45.85305894529755" lon="6.105473490371625">
        <ele>841</ele>
      </trkpt>
      <trkpt lat="45.85302953845151" lon="6.105426777976851">
        <ele>841</ele>
      </trkpt>
      <trkpt lat="45.85298886938351" lon="6.105314488566337">
        <ele>843</ele>
      </trkpt>
      <trkpt lat="45.852962590892965" lon="6.105262386279858">
        <ele>844</ele>
      </trkpt>
      <trkpt lat="45.852933809674795" lon="6.105222860407357">
        <ele>844</ele>
      </trkpt>
      <trkpt lat="45.85287374447588" lon="6.105174351382015">
        <ele>845</ele>
      </trkpt>
      <trkpt lat="45.85286060520497" lon="6.105156385076332">
        <ele>845</ele>
      </trkpt>
      <trkpt lat="45.8527867749583" lon="6.1051015878440005">
        <ele>845</ele>
      </trkpt>
      <trkpt lat="45.85274860843644" lon="6.105057570395078">
        <ele>845</ele>
      </trkpt>
      <trkpt lat="45.8526653928143" lon="6.105002773162747">
        <ele>848</ele>
      </trkpt>
      <trkpt lat="45.85262347211545" lon="6.104987501802916">
        <ele>847</ele>
      </trkpt>
      <trkpt lat="45.85256966341083" lon="6.104939891092859">
        <ele>849</ele>
      </trkpt>
      <trkpt lat="45.8524927043591" lon="6.104899466905073">
        <ele>851</ele>
      </trkpt>
      <trkpt lat="45.8524376441592" lon="6.104844669672741">
        <ele>850</ele>
      </trkpt>
      <trkpt lat="45.85242137636245" lon="6.10481592358365">
        <ele>851</ele>
      </trkpt>
      <trkpt lat="45.85233878593621" lon="6.104741363415068">
        <ele>853</ele>
      </trkpt>
      <trkpt lat="45.85232251811054" lon="6.10471980384825">
        <ele>853</ele>
      </trkpt>
      <trkpt lat="45.85227183754617" lon="6.104681176291032">
        <ele>853</ele>
      </trkpt>
      <trkpt lat="45.852236799104304" lon="6.104664108300634">
        <ele>854</ele>
      </trkpt>
      <trkpt lat="45.85217297902845" lon="6.1045895481320525">
        <ele>854</ele>
      </trkpt>
      <trkpt lat="45.852047841412286" lon="6.104532954269153">
        <ele>857</ele>
      </trkpt>
      <trkpt lat="45.851925831965396" lon="6.104424258119774">
        <ele>858</ele>
      </trkpt>
      <trkpt lat="45.851906435567116" lon="6.104423359804491">
        <ele>858</ele>
      </trkpt>
      <trkpt lat="45.851861385841836" lon="6.104397308661251">
        <ele>859</ele>
      </trkpt>
      <trkpt lat="45.85168243796157" lon="6.104331731645509">
        <ele>862</ele>
      </trkpt>
      <trkpt lat="45.851657410240115" lon="6.104326341753804">
        <ele>862</ele>
      </trkpt>
      <trkpt lat="45.851554796464384" lon="6.104339816483066">
        <ele>864</ele>
      </trkpt>
      <trkpt lat="45.85146156793083" lon="6.104321850177384">
        <ele>864</ele>
      </trkpt>
      <trkpt lat="45.851417769236974" lon="6.104329935014942">
        <ele>863</ele>
      </trkpt>
      <trkpt lat="45.851397746965425" lon="6.104321850177384">
        <ele>864</ele>
      </trkpt>
      <trkpt lat="45.85136270797286" lon="6.104287714196587">
        <ele>865</ele>
      </trkpt>
      <trkpt lat="45.851317657807144" lon="6.104287714196587">
        <ele>866</ele>
      </trkpt>
      <trkpt lat="45.851218797593404" lon="6.10425986642278">
        <ele>865</ele>
      </trkpt>
      <trkpt lat="45.85113870817744" lon="6.104162848372095">
        <ele>866</ele>
      </trkpt>
      <trkpt lat="45.851036719144886" lon="6.104066728636694">
        <ele>867</ele>
      </trkpt>
      <trkpt lat="45.850994797218355" lon="6.104036185917034">
        <ele>867</ele>
      </trkpt>
      <trkpt lat="45.850908450464175" lon="6.10393287965936">
        <ele>868</ele>
      </trkpt>
      <trkpt lat="45.85085338869588" lon="6.1038322683475394">
        <ele>868</ele>
      </trkpt>
      <trkpt lat="45.850741387885286" lon="6.103654401921283">
        <ele>869</ele>
      </trkpt>
      <trkpt lat="45.8506875773598" lon="6.103551993978893">
        <ele>870</ele>
      </trkpt>
      <trkpt lat="45.85068194602273" lon="6.103522349574518">
        <ele>870</ele>
      </trkpt>
      <trkpt lat="45.850623755506234" lon="6.10340287364173">
        <ele>871</ele>
      </trkpt>
      <trkpt lat="45.850578704741956" lon="6.103333703364853">
        <ele>870</ele>
      </trkpt>
      <trkpt lat="45.850543665233424" lon="6.103303160645193">
        <ele>871</ele>
      </trkpt>
      <trkpt lat="45.85051175423323" lon="6.1032573465657025">
        <ele>872</ele>
      </trkpt>
      <trkpt lat="45.850460446312184" lon="6.103204345963939">
        <ele>872</ele>
      </trkpt>
      <trkpt lat="45.85041852395132" lon="6.103171108298427">
        <ele>873</ele>
      </trkpt>
      <trkpt lat="45.85033843338301" lon="6.103134277371779">
        <ele>873</ele>
      </trkpt>
      <trkpt lat="45.850322790680394" lon="6.103117209381381">
        <ele>873</ele>
      </trkpt>
      <trkpt lat="45.85030652226503" lon="6.103095649814561">
        <ele>874</ele>
      </trkpt>
      <trkpt lat="45.850300890889386" lon="6.103067802040753">
        <ele>874</ele>
      </trkpt>
      <trkpt lat="45.850287751010626" lon="6.103043547528081">
        <ele>874</ele>
      </trkpt>
      <trkpt lat="45.85022956008175" lon="6.102963597467796">
        <ele>874</ele>
      </trkpt>
      <trkpt lat="45.8502014031588" lon="6.102871969308815">
        <ele>875</ele>
      </trkpt>
      <trkpt lat="45.85011192662015" lon="6.102715662449378">
        <ele>875</ele>
      </trkpt>
      <trkpt lat="45.85008251821591" lon="6.102681526468582">
        <ele>875</ele>
      </trkpt>
      <trkpt lat="45.85006061833029" lon="6.102687814675571">
        <ele>874</ele>
      </trkpt>
      <trkpt lat="45.85005060695112" lon="6.102711170872958">
        <ele>875</ele>
      </trkpt>
      <trkpt lat="45.85005060695112" lon="6.102771357996994">
        <ele>875</ele>
      </trkpt>
      <trkpt lat="45.85006061833029" lon="6.102847714796144">
        <ele>876</ele>
      </trkpt>
      <trkpt lat="45.85005373550732" lon="6.102874664254668">
        <ele>876</ele>
      </trkpt>
      <trkpt lat="45.85006374688591" lon="6.102899817082623">
        <ele>876</ele>
      </trkpt>
      <trkpt lat="45.85006687544135" lon="6.102943834531545">
        <ele>876</ele>
      </trkpt>
      <trkpt lat="45.85006687544135" lon="6.103059717203196">
        <ele>878</ele>
      </trkpt>
      <trkpt lat="45.850044975549544" lon="6.103236685314168">
        <ele>878</ele>
      </trkpt>
      <trkpt lat="45.850047478394764" lon="6.103353466301103">
        <ele>879</ele>
      </trkpt>
      <trkpt lat="45.85002870705293" lon="6.103484620332585">
        <ele>880</ele>
      </trkpt>
      <trkpt lat="45.85006374688591" lon="6.103653503605999">
        <ele>881</ele>
      </trkpt>
      <trkpt lat="45.85006061833029" lon="6.103757708178957">
        <ele>882</ele>
      </trkpt>
      <trkpt lat="45.85005060695112" lon="6.103797234051458">
        <ele>883</ele>
      </trkpt>
      <trkpt lat="45.85006061833029" lon="6.1038259801405506">
        <ele>884</ele>
      </trkpt>
      <trkpt lat="45.85006687544135" lon="6.103961625748453">
        <ele>887</ele>
      </trkpt>
      <trkpt lat="45.85007375826269" lon="6.104001151620955">
        <ele>888</ele>
      </trkpt>
      <trkpt lat="45.85006937828557" lon="6.10404427075459">
        <ele>889</ele>
      </trkpt>
      <trkpt lat="45.8500349641676" lon="6.10411793260789">
        <ele>890</ele>
      </trkpt>
      <trkpt lat="45.85003183561035" lon="6.1041529669039685">
        <ele>890</ele>
      </trkpt>
      <trkpt lat="45.850044975549544" lon="6.1041817129930624">
        <ele>890</ele>
      </trkpt>
      <trkpt lat="45.850041846992895" lon="6.104217645604427">
        <ele>890</ele>
      </trkpt>
      <trkpt lat="45.85003183561035" lon="6.104252679900508">
        <ele>890</ele>
      </trkpt>
      <trkpt lat="45.85002557849536" lon="6.104356884473465">
        <ele>891</ele>
      </trkpt>
      <trkpt lat="45.85002870705293" lon="6.104383833931989">
        <ele>891</ele>
      </trkpt>
      <trkpt lat="45.850041846992895" lon="6.104409885075228">
        <ele>891</ele>
      </trkpt>
      <trkpt lat="45.850047478394764" lon="6.10449971660364">
        <ele>892</ele>
      </trkpt>
      <trkpt lat="45.8500349641676" lon="6.104521276170458">
        <ele>892</ele>
      </trkpt>
      <trkpt lat="45.85002557849536" lon="6.104559903727676">
        <ele>892</ele>
      </trkpt>
      <trkpt lat="45.85002557849536" lon="6.104714413956544">
        <ele>893</ele>
      </trkpt>
      <trkpt lat="45.850012438551566" lon="6.104776397711149">
        <ele>894</ele>
      </trkpt>
      <trkpt lat="45.849989912926425" lon="6.104842873042174">
        <ele>894</ele>
      </trkpt>
      <trkpt lat="45.84998052724661" lon="6.104912941634335">
        <ele>893</ele>
      </trkpt>
      <trkpt lat="45.84997051585302" lon="6.104944382669279">
        <ele>893</ele>
      </trkpt>
      <trkpt lat="45.84998678436666" lon="6.105004569793315">
        <ele>893</ele>
      </trkpt>
      <trkpt lat="45.849989912926425" lon="6.105054875449226">
        <ele>893</ele>
      </trkpt>
      <trkpt lat="45.8499736444137" lon="6.105121350780251">
        <ele>893</ele>
      </trkpt>
      <trkpt lat="45.84996175588218" lon="6.10521297893923">
        <ele>893</ele>
      </trkpt>
      <trkpt lat="45.84998052724661" lon="6.105271369432699">
        <ele>893</ele>
      </trkpt>
      <trkpt lat="45.84995487304697" lon="6.105329759926166">
        <ele>893</ele>
      </trkpt>
      <trkpt lat="45.84996175588218" lon="6.105367489168099">
        <ele>893</ele>
      </trkpt>
      <trkpt lat="45.84996175588218" lon="6.105401625148896">
        <ele>893</ele>
      </trkpt>
      <trkpt lat="45.84994548736121" lon="6.105474388686909">
        <ele>893</ele>
      </trkpt>
      <trkpt lat="45.84994861592332" lon="6.105514812874695">
        <ele>892</ele>
      </trkpt>
      <trkpt lat="45.849906693176656" lon="6.105706154030211">
        <ele>891</ele>
      </trkpt>
      <trkpt lat="45.84987478181098" lon="6.105754663055554">
        <ele>891</ele>
      </trkpt>
      <trkpt lat="45.84983348472241" lon="6.10585168110624">
        <ele>891</ele>
      </trkpt>
      <trkpt lat="45.84981095902477" lon="6.105889410348173">
        <ele>891</ele>
      </trkpt>
      <trkpt lat="45.849775919032574" lon="6.10599990312812">
        <ele>889</ele>
      </trkpt>
      <trkpt lat="45.849772790460776" lon="6.1062253802644335">
        <ele>886</ele>
      </trkpt>
      <trkpt lat="45.84976590760218" lon="6.106302635378868">
        <ele>885</ele>
      </trkpt>
      <trkpt lat="45.849775919032574" lon="6.106401450060122">
        <ele>884</ele>
      </trkpt>
      <trkpt lat="45.84976277902982" lon="6.1065074512636475">
        <ele>883</ele>
      </trkpt>
      <trkpt lat="45.84974338187719" lon="6.106605367629617">
        <ele>882</ele>
      </trkpt>
      <trkpt lat="45.84973399615574" lon="6.106632317088139">
        <ele>882</ele>
      </trkpt>
      <trkpt lat="45.849695827538945" lon="6.106681724428766">
        <ele>881</ele>
      </trkpt>
      <trkpt lat="45.84959696444242" lon="6.10674999639036">
        <ele>881</ele>
      </trkpt>
      <trkpt lat="45.849548784262076" lon="6.106823658243657">
        <ele>881</ele>
      </trkpt>
      <trkpt lat="45.849525632731996" lon="6.106824556558942">
        <ele>880</ele>
      </trkpt>
      <trkpt lat="45.84940486918919" lon="6.1068739638995675">
        <ele>880</ele>
      </trkpt>
      <trkpt lat="45.84929286546172" lon="6.106975473526673">
        <ele>880</ele>
      </trkpt>
      <trkpt lat="45.84926971382515" lon="6.106984456679514">
        <ele>880</ele>
      </trkpt>
      <trkpt lat="45.849237802094024" lon="6.107011406138039">
        <ele>879</ele>
      </trkpt>
      <trkpt lat="45.849205890344614" lon="6.107064406739801">
        <ele>879</ele>
      </trkpt>
      <trkpt lat="45.84915458121895" lon="6.107102135981734">
        <ele>879</ele>
      </trkpt>
      <trkpt lat="45.84911954081325" lon="6.107153339952928">
        <ele>878</ele>
      </trkpt>
      <trkpt lat="45.849109529264695" lon="6.107184780987873">
        <ele>877</ele>
      </trkpt>
      <trkpt lat="45.849097640548464" lon="6.107204543924125">
        <ele>877</ele>
      </trkpt>
      <trkpt lat="45.84908199749691" lon="6.107216222022816">
        <ele>877</ele>
      </trkpt>
      <trkpt lat="45.84907198594161" lon="6.107251256318897">
        <ele>878</ele>
      </trkpt>
      <trkpt lat="45.849055717160425" lon="6.10726922262458">
        <ele>878</ele>
      </trkpt>
      <trkpt lat="45.84902067669241" lon="6.107355460891855">
        <ele>877</ele>
      </trkpt>
      <trkpt lat="45.84895372430829" lon="6.10744798736612">
        <ele>877</ele>
      </trkpt>
      <trkpt lat="45.84876475546221" lon="6.107563870037772">
        <ele>876</ele>
      </trkpt>
      <trkpt lat="45.84869342268454" lon="6.107587226235158">
        <ele>876</ele>
      </trkpt>
      <trkpt lat="45.84860456944758" lon="6.107647413359194">
        <ele>876</ele>
      </trkpt>
      <trkpt lat="45.84853073355114" lon="6.107684244285844">
        <ele>877</ele>
      </trkpt>
      <trkpt lat="45.848463780577234" lon="6.10774443140988">
        <ele>877</ele>
      </trkpt>
      <trkpt lat="45.84845752328585" lon="6.107771380868404">
        <ele>877</ele>
      </trkpt>
      <trkpt lat="45.84842561108877" lon="6.107836957884145">
        <ele>878</ele>
      </trkpt>
      <trkpt lat="45.84839995617196" lon="6.107941162457101">
        <ele>878</ele>
      </trkpt>
      <trkpt lat="45.84831673404333" lon="6.108067824912163">
        <ele>880</ele>
      </trkpt>
      <trkpt lat="45.84830359369585" lon="6.108112740676369">
        <ele>881</ele>
      </trkpt>
      <trkpt lat="45.848300465041206" lon="6.108156758125292">
        <ele>882</ele>
      </trkpt>
      <trkpt lat="45.84828482176546" lon="6.108204368835349">
        <ele>883</ele>
      </trkpt>
      <trkpt lat="45.848271681410466" lon="6.108276234058079">
        <ele>885</ele>
      </trkpt>
      <trkpt lat="45.84827793872275" lon="6.108349895911376">
        <ele>886</ele>
      </trkpt>
      <trkpt lat="45.848265424097434" lon="6.1083777436851845">
        <ele>886</ele>
      </trkpt>
      <trkpt lat="45.84825854105233" lon="6.1084424223856395">
        <ele>887</ele>
      </trkpt>
      <trkpt lat="45.848265424097434" lon="6.108556508426723">
        <ele>887</ele>
      </trkpt>
      <trkpt lat="45.84828169310981" lon="6.108587949461668">
        <ele>887</ele>
      </trkpt>
      <trkpt lat="45.84827793872275" lon="6.1086445433245675">
        <ele>887</ele>
      </trkpt>
      <trkpt lat="45.84825854105233" lon="6.108679577620649">
        <ele>887</ele>
      </trkpt>
      <trkpt lat="45.84825541239516" lon="6.108705628763889">
        <ele>887</ele>
      </trkpt>
      <trkpt lat="45.848204728124756" lon="6.108797256922866">
        <ele>887</ele>
      </trkpt>
      <trkpt lat="45.84815967540116" lon="6.108844867632926">
        <ele>887</ele>
      </trkpt>
      <trkpt lat="45.848137774758456" lon="6.108854749101051">
        <ele>886</ele>
      </trkpt>
      <trkpt lat="45.84811462264108" lon="6.108854749101051">
        <ele>887</ele>
      </trkpt>
      <trkpt lat="45.848095850646956" lon="6.108877206983155">
        <ele>887</ele>
      </trkpt>
      <trkpt lat="45.84808583891416" lon="6.108909546333383">
        <ele>888</ele>
      </trkpt>
      <trkpt lat="45.848044540497305" lon="6.1089373941071905">
        <ele>888</ele>
      </trkpt>
      <trkpt lat="45.84798697295603" lon="6.108882596874859">
        <ele>890</ele>
      </trkpt>
      <trkpt lat="45.84797383253065" lon="6.10885654573162">
        <ele>889</ele>
      </trkpt>
      <trkpt lat="45.847954434754136" lon="6.108834986164801">
        <ele>889</ele>
      </trkpt>
      <trkpt lat="45.84793566270597" lon="6.10881971480497">
        <ele>889</ele>
      </trkpt>
      <trkpt lat="45.84790938182783" lon="6.1088116299674144">
        <ele>890</ele>
      </trkpt>
      <trkpt lat="45.847845556786424" lon="6.108721798439002">
        <ele>890</ele>
      </trkpt>
      <trkpt lat="45.84782678470149" lon="6.1087074253944555">
        <ele>890</ele>
      </trkpt>
      <trkpt lat="45.84776295956531" lon="6.108701137187467">
        <ele>890</ele>
      </trkpt>
      <trkpt lat="45.84771164910862" lon="6.108679577620649">
        <ele>891</ele>
      </trkpt>
      <trkpt lat="45.847605899359536" lon="6.1086813742512165">
        <ele>890</ele>
      </trkpt>
      <trkpt lat="45.847583998498784" lon="6.108669696152523">
        <ele>891</ele>
      </trkpt>
      <trkpt lat="45.84756772928238" lon="6.108649933216273">
        <ele>891</ele>
      </trkpt>
      <trkpt lat="45.84751454142627" lon="6.108617593866043">
        <ele>892</ele>
      </trkpt>
      <trkpt lat="45.847346842911705" lon="6.108556508426723">
        <ele>893</ele>
      </trkpt>
      <trkpt lat="45.8473055439462" lon="6.108553813480871">
        <ele>893</ele>
      </trkpt>
      <trkpt lat="45.847241718211954" lon="6.108573576417123">
        <ele>894</ele>
      </trkpt>
      <trkpt lat="45.847186652813726" lon="6.108567288210133">
        <ele>894</ele>
      </trkpt>
      <trkpt lat="45.84714159926555" lon="6.108573576417123">
        <ele>893</ele>
      </trkpt>
      <trkpt lat="45.8470877852574" lon="6.108569983155986">
        <ele>893</ele>
      </trkpt>
      <trkpt lat="45.84701770181994" lon="6.108587949461668">
        <ele>894</ele>
      </trkpt>
      <trkpt lat="45.84695387575539" lon="6.108589746092235">
        <ele>895</ele>
      </trkpt>
      <trkpt lat="45.8468769089331" lon="6.108564593264282">
        <ele>895</ele>
      </trkpt>
      <trkpt lat="45.84685062755475" lon="6.1085663898948495">
        <ele>896</ele>
      </trkpt>
      <trkpt lat="45.84681558569767" lon="6.108576271362973">
        <ele>897</ele>
      </trkpt>
      <trkpt lat="45.846757391136194" lon="6.108616695550759">
        <ele>897</ele>
      </trkpt>
      <trkpt lat="45.84661096584126" lon="6.108659814684397">
        <ele>898</ele>
      </trkpt>
      <trkpt lat="45.84648957021906" lon="6.108569983155986">
        <ele>900</ele>
      </trkpt>
      <trkpt lat="45.846434504076285" lon="6.108539440436325">
        <ele>901</ele>
      </trkpt>
      <trkpt lat="45.84635190475992" lon="6.108481948258141">
        <ele>901</ele>
      </trkpt>
      <trkpt lat="45.84632937765236" lon="6.108449608907914">
        <ele>902</ele>
      </trkpt>
      <trkpt lat="45.84627493710471" lon="6.108464880267743">
        <ele>903</ele>
      </trkpt>
      <trkpt lat="45.8462079814156" lon="6.108432540917516">
        <ele>903</ele>
      </trkpt>
      <trkpt lat="45.84616292707478" lon="6.108397506621435">
        <ele>903</ele>
      </trkpt>
      <trkpt lat="45.846149786218525" lon="6.108375947054616">
        <ele>904</ele>
      </trkpt>
      <trkpt lat="45.84605592286908" lon="6.108307675093022">
        <ele>905</ele>
      </trkpt>
      <trkpt lat="45.84600961689168" lon="6.108244793023134">
        <ele>906</ele>
      </trkpt>
      <trkpt lat="45.84595142148705" lon="6.108207962096485">
        <ele>907</ele>
      </trkpt>
      <trkpt lat="45.84594140936829" lon="6.108172927800404">
        <ele>908</ele>
      </trkpt>
      <trkpt lat="45.84591950785221" lon="6.1081711311698355">
        <ele>909</ele>
      </trkpt>
      <trkpt lat="45.845857557802915" lon="6.1081109440458">
        <ele>909</ele>
      </trkpt>
      <trkpt lat="45.845842539598756" lon="6.108055248498185">
        <ele>910</ele>
      </trkpt>
      <trkpt lat="45.84582376683786" lon="6.108025604093809">
        <ele>911</ele>
      </trkpt>
      <trkpt lat="45.845759939403386" lon="6.108007637788127">
        <ele>912</ele>
      </trkpt>
      <trkpt lat="45.84572489685923" lon="6.107974400122614">
        <ele>912</ele>
      </trkpt>
      <trkpt lat="45.845679842127154" lon="6.107873788810793">
        <ele>912</ele>
      </trkpt>
      <trkpt lat="45.84561851757204" lon="6.107781262336529">
        <ele>913</ele>
      </trkpt>
      <trkpt lat="45.845583474938785" lon="6.107747126355732">
        <ele>913</ele>
      </trkpt>
      <trkpt lat="45.845551561092854" lon="6.107685142601127">
        <ele>914</ele>
      </trkpt>
      <trkpt lat="45.84551964722861" lon="6.107644718413342">
        <ele>914</ele>
      </trkpt>
      <trkpt lat="45.84547772114386" lon="6.107622260531239">
        <ele>915</ele>
      </trkpt>
      <trkpt lat="45.84542640857922" lon="6.107613277378399">
        <ele>915</ele>
      </trkpt>
      <trkpt lat="45.845375721731095" lon="6.107591717811579">
        <ele>915</ele>
      </trkpt>
      <trkpt lat="45.84534067894486" lon="6.107591717811579">
        <ele>915</ele>
      </trkpt>
      <trkpt lat="45.84528999201864" lon="6.107569259929476">
        <ele>916</ele>
      </trkpt>
      <trkpt lat="45.84521865478494" lon="6.107566564983623">
        <ele>916</ele>
      </trkpt>
      <trkpt lat="45.8451867407297" lon="6.107546802047373">
        <ele>917</ele>
      </trkpt>
      <trkpt lat="45.84511665489715" lon="6.107529734056975">
        <ele>918</ele>
      </trkpt>
      <trkpt lat="45.84510038495909" lon="6.107517157642997">
        <ele>918</ele>
      </trkpt>
      <trkpt lat="45.84506596776676" lon="6.107506377859589">
        <ele>918</ele>
      </trkpt>
      <trkpt lat="45.84499150140507" lon="6.107506377859589">
        <ele>920</ele>
      </trkpt>
      <trkpt lat="45.844885746484785" lon="6.107564768353055">
        <ele>921</ele>
      </trkpt>
      <trkpt lat="45.84486384455308" lon="6.107573751505897">
        <ele>921</ele>
      </trkpt>
      <trkpt lat="45.844799390246905" lon="6.1075791413976015">
        <ele>922</ele>
      </trkpt>
      <trkpt lat="45.84471365964628" lon="6.107627650422944">
        <ele>923</ele>
      </trkpt>
      <trkpt lat="45.84467173295409" lon="6.107664481349592">
        <ele>925</ele>
      </trkpt>
      <trkpt lat="45.84461040728767" lon="6.107742634779311">
        <ele>925</ele>
      </trkpt>
      <trkpt lat="45.84453093412962" lon="6.10789714500818">
        <ele>926</ele>
      </trkpt>
      <trkpt lat="45.84452154752866" lon="6.107924992781988">
        <ele>927</ele>
      </trkpt>
      <trkpt lat="45.84449839390617" lon="6.107957332132216">
        <ele>927</ele>
      </trkpt>
      <trkpt lat="45.844463976341395" lon="6.107974400122614">
        <ele>928</ele>
      </trkpt>
      <trkpt lat="45.84440953396822" lon="6.10795373887108">
        <ele>929</ele>
      </trkpt>
      <trkpt lat="45.844370735922624" lon="6.107963620339204">
        <ele>930</ele>
      </trkpt>
      <trkpt lat="45.84434570491112" lon="6.10794924729466">
        <ele>930</ele>
      </trkpt>
      <trkpt lat="45.844303777941604" lon="6.10790612816102">
        <ele>930</ele>
      </trkpt>
      <trkpt lat="45.84426873448013" lon="6.10789714500818">
        <ele>931</ele>
      </trkpt>
      <trkpt lat="45.84424558075243" lon="6.10790612816102">
        <ele>931</ele>
      </trkpt>
      <trkpt lat="45.84415359152282" lon="6.1078917551164755">
        <ele>932</ele>
      </trkpt>
      <trkpt lat="45.844101651958624" lon="6.107856720820395">
        <ele>933</ele>
      </trkpt>
      <trkpt lat="45.84406660836985" lon="6.107842347775849">
        <ele>933</ele>
      </trkpt>
      <trkpt lat="45.844037822548295" lon="6.107817194947894">
        <ele>933</ele>
      </trkpt>
      <trkpt lat="45.84401592028276" lon="6.107814500002042">
        <ele>934</ele>
      </trkpt>
      <trkpt lat="45.84398963755274" lon="6.107829771361871">
        <ele>934</ele>
      </trkpt>
      <trkpt lat="45.8439139181897" lon="6.107811805056188">
        <ele>934</ele>
      </trkpt>
      <trkpt lat="45.84389389321697" lon="6.107817194947894">
        <ele>935</ele>
      </trkpt>
      <trkpt lat="45.8438688619909" lon="6.107832466307724">
        <ele>935</ele>
      </trkpt>
      <trkpt lat="45.8438338182555" lon="6.107883670278918">
        <ele>935</ele>
      </trkpt>
      <trkpt lat="45.84380440653194" lon="6.107894450062328">
        <ele>935</ele>
      </trkpt>
      <trkpt lat="45.843775620574704" lon="6.107893551747043">
        <ele>936</ele>
      </trkpt>
      <trkpt lat="45.84374683460254" lon="6.10787738207193">
        <ele>936</ele>
      </trkpt>
      <trkpt lat="45.84371742283303" lon="6.107846839352269">
        <ele>936</ele>
      </trkpt>
      <trkpt lat="45.84370866187741" lon="6.107809110110336">
        <ele>936</ele>
      </trkpt>
      <trkpt lat="45.8436798758706" lon="6.107776770760107">
        <ele>936</ele>
      </trkpt>
      <trkpt lat="45.843657973464154" lon="6.10776419434613">
        <ele>937</ele>
      </trkpt>
      <trkpt lat="45.843577873161415" lon="6.107751617932152">
        <ele>937</ele>
      </trkpt>
      <trkpt lat="45.8435296877675" lon="6.1077372448876055">
        <ele>937</ele>
      </trkpt>
      <trkpt lat="45.84351341736533" lon="6.107722871843061">
        <ele>937</ele>
      </trkpt>
      <trkpt lat="45.84349339224844" lon="6.107725566788913">
        <ele>937</ele>
      </trkpt>
      <trkpt lat="45.84349339224844" lon="6.10777497412954">
        <ele>937</ele>
      </trkpt>
      <trkpt lat="45.84342080113921" lon="6.107752516247437">
        <ele>938</ele>
      </trkpt>
      <trkpt lat="45.84335947409386" lon="6.107662684719025">
        <ele>938</ele>
      </trkpt>
      <trkpt lat="45.84333068790638" lon="6.107642921782774">
        <ele>938</ele>
      </trkpt>
      <trkpt lat="45.84329877276808" lon="6.107647413359194">
        <ele>939</ele>
      </trkpt>
      <trkpt lat="45.84327999914877" lon="6.1076357352605015">
        <ele>938</ele>
      </trkpt>
      <trkpt lat="45.843236819800275" lon="6.107578243082318">
        <ele>938</ele>
      </trkpt>
      <trkpt lat="45.8431936404183" lon="6.107551293623794">
        <ele>939</ele>
      </trkpt>
      <trkpt lat="45.843119797339554" lon="6.107529734056975">
        <ele>938</ele>
      </trkpt>
      <trkpt lat="45.84303343836041" lon="6.107476733455211">
        <ele>939</ele>
      </trkpt>
      <trkpt lat="45.842972736678895" lon="6.1074794284010645">
        <ele>940</ele>
      </trkpt>
      <trkpt lat="45.842892635389575" lon="6.107466851987087">
        <ele>939</ele>
      </trkpt>
      <trkpt lat="45.842853836286096" lon="6.107412953070039">
        <ele>940</ele>
      </trkpt>
      <trkpt lat="45.84284194623284" lon="6.1073276131180485">
        <ele>940</ele>
      </trkpt>
      <trkpt lat="45.84288262272028" lon="6.107265629363443">
        <ele>940</ele>
      </trkpt>
      <trkpt lat="45.84291766705489" lon="6.107241374850773">
        <ele>941</ele>
      </trkpt>
      <trkpt lat="45.8429339376313" lon="6.107221611914523">
        <ele>941</ele>
      </trkpt>
      <trkpt lat="45.84291766705489" lon="6.107193764140714">
        <ele>942</ele>
      </trkpt>
      <trkpt lat="45.84288575167965" lon="6.10716681468219">
        <ele>942</ele>
      </trkpt>
      <trkpt lat="45.8428344367242" lon="6.107151543322361">
        <ele>942</ele>
      </trkpt>
      <trkpt lat="45.842802521301245" lon="6.107132678701394">
        <ele>942</ele>
      </trkpt>
      <trkpt lat="45.84277373482558" lon="6.1070976444053136">
        <ele>942</ele>
      </trkpt>
      <trkpt lat="45.84273556143273" lon="6.107067101685653">
        <ele>941</ele>
      </trkpt>
      <trkpt lat="45.84266171774597" lon="6.107037457281278">
        <ele>941</ele>
      </trkpt>
      <trkpt lat="45.84258599657558" lon="6.106987151625367">
        <ele>942</ele>
      </trkpt>
      <trkpt lat="45.84244143769135" lon="6.106932354393035">
        <ele>942</ele>
      </trkpt>
      <trkpt lat="45.84232253616307" lon="6.1068479127563275">
        <ele>943</ele>
      </trkpt>
      <trkpt lat="45.84229062044642" lon="6.106844319495193">
        <ele>944</ele>
      </trkpt>
      <trkpt lat="45.84221740196849" lon="6.106793115523996">
        <ele>944</ele>
      </trkpt>
      <trkpt lat="45.842194873186656" lon="6.106794912154565">
        <ele>944</ele>
      </trkpt>
      <trkpt lat="45.84216295739678" lon="6.106784132371156">
        <ele>944</ele>
      </trkpt>
      <trkpt lat="45.842137925391896" lon="6.106757182912633">
        <ele>944</ele>
      </trkpt>
      <trkpt lat="45.84208285494153" lon="6.106813776775532">
        <ele>945</ele>
      </trkpt>
      <trkpt lat="45.8420509390874" lon="6.106784132371156">
        <ele>945</ele>
      </trkpt>
      <trkpt lat="45.84203153924556" lon="6.1067526913362125">
        <ele>946</ele>
      </trkpt>
      <trkpt lat="45.84200275237097" lon="6.106721250301268">
        <ele>946</ele>
      </trkpt>
      <trkpt lat="45.84194893339163" lon="6.1066745379064935">
        <ele>946</ele>
      </trkpt>
      <trkpt lat="45.8419295335142" lon="6.106605367629617">
        <ele>947</ele>
      </trkpt>
      <trkpt lat="45.84189073373904" lon="6.106563146811263">
        <ele>947</ele>
      </trkpt>
      <trkpt lat="45.841833785632986" lon="6.106519129362341">
        <ele>947</ele>
      </trkpt>
      <trkpt lat="45.841833785632986" lon="6.106483196750975">
        <ele>948</ele>
      </trkpt>
      <trkpt lat="45.84178872774953" lon="6.106414924789383">
        <ele>949</ele>
      </trkpt>
      <trkpt lat="45.84177245683822" lon="6.106401450060122">
        <ele>949</ele>
      </trkpt>
      <trkpt lat="45.84173365695352" lon="6.106411331528246">
        <ele>950</ele>
      </trkpt>
      <trkpt lat="45.841714882806066" lon="6.106382585439154">
        <ele>950</ele>
      </trkpt>
      <trkpt lat="45.84166356677068" lon="6.106367314079325">
        <ele>951</ele>
      </trkpt>
      <trkpt lat="45.84163165067603" lon="6.1063861787002915">
        <ele>952</ele>
      </trkpt>
      <trkpt lat="45.84158659262884" lon="6.106431992779781">
        <ele>952</ele>
      </trkpt>
      <trkpt lat="45.84156781843177" lon="6.106427501203361">
        <ele>952</ele>
      </trkpt>
      <trkpt lat="45.841452669884404" lon="6.106471518652282">
        <ele>953</ele>
      </trkpt>
      <trkpt lat="45.841404482649786" lon="6.106471518652282">
        <ele>954</ele>
      </trkpt>
      <trkpt lat="45.841375695450786" lon="6.106444569193759">
        <ele>955</ele>
      </trkpt>
      <trkpt lat="45.84136255346368" lon="6.106409534897678">
        <ele>955</ele>
      </trkpt>
      <trkpt lat="45.84136568250849" lon="6.10627927918148">
        <ele>957</ele>
      </trkpt>
      <trkpt lat="45.84128995957417" lon="6.106291855595459">
        <ele>957</ele>
      </trkpt>
      <trkpt lat="45.841173558829496" lon="6.106237956678412">
        <ele>958</ele>
      </trkpt>
      <trkpt lat="45.8411385133963" lon="6.106184956076648">
        <ele>958</ele>
      </trkpt>
      <trkpt lat="45.84107468058628" lon="6.106151718411135">
        <ele>958</ele>
      </trkpt>
      <trkpt lat="45.841055906216454" lon="6.1061211756914755">
        <ele>958</ele>
      </trkpt>
      <trkpt lat="45.84102649302433" lon="6.106093327917668">
        <ele>959</ele>
      </trkpt>
      <trkpt lat="45.84099457656419" lon="6.1060825481342595">
        <ele>959</ele>
      </trkpt>
      <trkpt lat="45.84097893123394" lon="6.106054700360451">
        <ele>959</ele>
      </trkpt>
      <trkpt lat="45.84097267310058" lon="6.106009784596245">
        <ele>960</ele>
      </trkpt>
      <trkpt lat="45.84091447242679" lon="6.105929834535958">
        <ele>960</ele>
      </trkpt>
      <trkpt lat="45.84086378146776" lon="6.1059019867621505">
        <ele>960</ele>
      </trkpt>
      <trkpt lat="45.84081872279874" lon="6.1059172581219805">
        <ele>960</ele>
      </trkpt>
      <trkpt lat="45.84077053501509" lon="6.105951394102777">
        <ele>960</ele>
      </trkpt>
      <trkpt lat="45.84074550238375" lon="6.105952292418062">
        <ele>960</ele>
      </trkpt>
      <trkpt lat="45.840652881549815" lon="6.1059217496984015">
        <ele>961</ele>
      </trkpt>
      <trkpt lat="45.84061783578868" lon="6.1059019867621505">
        <ele>961</ele>
      </trkpt>
      <trkpt lat="45.840581538369904" lon="6.105853477736808">
        <ele>961</ele>
      </trkpt>
      <trkpt lat="45.8405596347437" lon="6.105813951864307">
        <ele>961</ele>
      </trkpt>
      <trkpt lat="45.840530847107544" lon="6.105836409746409">
        <ele>962</ele>
      </trkpt>
      <trkpt lat="45.84051457582835" lon="6.105861562574366">
        <ele>962</ele>
      </trkpt>
      <trkpt lat="45.840489543081844" lon="6.105844494583968">
        <ele>961</ele>
      </trkpt>
      <trkpt lat="45.840437600096905" lon="6.105826528278285">
        <ele>962</ele>
      </trkpt>
      <trkpt lat="45.84036437918034" lon="6.10577083273067">
        <ele>963</ele>
      </trkpt>
      <trkpt lat="45.840300545482165" lon="6.10567740794112">
        <ele>964</ele>
      </trkpt>
      <trkpt lat="45.84021042719535" lon="6.105637882068619">
        <ele>964</ele>
      </trkpt>
      <trkpt lat="45.84016599381967" lon="6.105649560167313">
        <ele>963</ele>
      </trkpt>
      <trkpt lat="45.84011154724049" lon="6.105639678699187">
        <ele>964</ele>
      </trkpt>
      <trkpt lat="45.84006085554993" lon="6.105615424186516">
        <ele>964</ele>
      </trkpt>
      <trkpt lat="45.84005084237102" lon="6.105591169673846">
        <ele>964</ele>
      </trkpt>
      <trkpt lat="45.84002142864758" lon="6.105575898314015">
        <ele>965</ele>
      </trkpt>
      <trkpt lat="45.84000265392235" lon="6.10558128820572">
        <ele>965</ele>
      </trkpt>
      <trkpt lat="45.839957594555926" lon="6.10562261070879">
        <ele>965</ele>
      </trkpt>
      <trkpt lat="45.83993569068408" lon="6.105634288807482">
        <ele>966</ele>
      </trkpt>
      <trkpt lat="45.83990690272512" lon="6.105644170275608">
        <ele>966</ele>
      </trkpt>
      <trkpt lat="45.83988750213565" lon="6.105637882068619">
        <ele>966</ele>
      </trkpt>
      <trkpt lat="45.839842442676" lon="6.105595661250266">
        <ele>966</ele>
      </trkpt>
      <trkpt lat="45.83981365466878" lon="6.105513914559411">
        <ele>967</ele>
      </trkpt>
      <trkpt lat="45.83978173751294" lon="6.105444744282534">
        <ele>967</ele>
      </trkpt>
      <trkpt lat="45.8397247872482" lon="6.105401625148896">
        <ele>967</ele>
      </trkpt>
      <trkpt lat="45.83964155214102" lon="6.105271369432699">
        <ele>968</ele>
      </trkpt>
      <trkpt lat="45.8396058799141" lon="6.1052749626938345">
        <ele>968</ele>
      </trkpt>
      <trkpt lat="45.83958647921971" lon="6.1052641829104255">
        <ele>968</ele>
      </trkpt>
      <trkpt lat="45.839567704347715" lon="6.1052776576396885">
        <ele>968</ele>
      </trkpt>
      <trkpt lat="45.83954580032237" lon="6.105362997591679">
        <ele>969</ele>
      </trkpt>
      <trkpt lat="45.83952264462907" lon="6.105393540311339">
        <ele>970</ele>
      </trkpt>
      <trkpt lat="45.839477584873926" lon="6.105411506617021">
        <ele>971</ele>
      </trkpt>
      <trkpt lat="45.83940498852503" lon="6.105496846569013">
        <ele>974</ele>
      </trkpt>
      <trkpt lat="45.83937870361672" lon="6.1054941516231604">
        <ele>974</ele>
      </trkpt>
      <trkpt lat="45.839298597152904" lon="6.105446540913102">
        <ele>977</ele>
      </trkpt>
      <trkpt lat="45.8392698088643" lon="6.105414201562874">
        <ele>978</ele>
      </trkpt>
      <trkpt lat="45.839257918045114" lon="6.105386353789066">
        <ele>978</ele>
      </trkpt>
      <trkpt lat="45.83922161973916" lon="6.105344132970712">
        <ele>978</ele>
      </trkpt>
      <trkpt lat="45.839151526391774" lon="6.10529113236895">
        <ele>979</ele>
      </trkpt>
      <trkpt lat="45.83906578708781" lon="6.105311793620483">
        <ele>980</ele>
      </trkpt>
      <trkpt lat="45.83902948865655" lon="6.1052947256300865">
        <ele>980</ele>
      </trkpt>
      <trkpt lat="45.83902385613924" lon="6.105255199757584">
        <ele>980</ele>
      </trkpt>
      <trkpt lat="45.8390019518998" lon="6.105235436821333">
        <ele>981</ele>
      </trkpt>
      <trkpt lat="45.838981925159075" lon="6.105234538506049">
        <ele>981</ele>
      </trkpt>
      <trkpt lat="45.83894374916456" lon="6.1052057924169585">
        <ele>981</ele>
      </trkpt>
      <trkpt lat="45.838873655467125" lon="6.105199504209968">
        <ele>983</ele>
      </trkpt>
      <trkpt lat="45.83886051288902" lon="6.105174351382015">
        <ele>983</ele>
      </trkpt>
      <trkpt lat="45.83880982005869" lon="6.105172554751445">
        <ele>984</ele>
      </trkpt>
      <trkpt lat="45.83871344096994" lon="6.1051536901304795">
        <ele>984</ele>
      </trkpt>
      <trkpt lat="45.838671509755855" lon="6.105163571598604">
        <ele>985</ele>
      </trkpt>
      <trkpt lat="45.83866149632691" lon="6.105185131165423">
        <ele>985</ele>
      </trkpt>
      <trkpt lat="45.83866587720231" lon="6.105215673885083">
        <ele>986</ele>
      </trkpt>
      <trkpt lat="45.83865273457512" lon="6.105241725028323">
        <ele>986</ele>
      </trkpt>
      <trkpt lat="45.8386496053777" lon="6.105267776171562">
        <ele>987</ele>
      </trkpt>
      <trkpt lat="45.83862081675333" lon="6.105311793620483">
        <ele>988</ele>
      </trkpt>
      <trkpt lat="45.83860141571543" lon="6.105326166665031">
        <ele>989</ele>
      </trkpt>
      <trkpt lat="45.83850566210684" lon="6.105352217808268">
        <ele>990</ele>
      </trkpt>
      <trkpt lat="45.838473744200705" lon="6.105387252104349">
        <ele>991</ele>
      </trkpt>
      <trkpt lat="45.8384124117022" lon="6.105426777976851">
        <ele>991</ele>
      </trkpt>
      <trkpt lat="45.838348575764606" lon="6.105514812874695">
        <ele>992</ele>
      </trkpt>
      <trkpt lat="45.83827785547373" lon="6.105514812874695">
        <ele>993</ele>
      </trkpt>
      <trkpt lat="45.83823342055474" lon="6.105451930804807">
        <ele>994</ele>
      </trkpt>
      <trkpt lat="45.838207760937436" lon="6.1054294729227045">
        <ele>994</ele>
      </trkpt>
      <trkpt lat="45.83815957089251" lon="6.105411506617021">
        <ele>995</ele>
      </trkpt>
      <trkpt lat="45.83811138080586" lon="6.10536120096111">
        <ele>995</ele>
      </trkpt>
      <trkpt lat="45.83805755806234" lon="6.105297420575939">
        <ele>996</ele>
      </trkpt>
      <trkpt lat="45.83803753098169" lon="6.1052641829104255">
        <ele>996</ele>
      </trkpt>
      <trkpt lat="45.83800999373402" lon="6.105239928397753">
        <ele>995</ele>
      </trkpt>
      <trkpt lat="45.83798996663627" lon="6.105202199155822">
        <ele>996</ele>
      </trkpt>
      <trkpt lat="45.83798057893171" lon="6.105171656436161">
        <ele>995</ele>
      </trkpt>
      <trkpt lat="45.837954919197834" lon="6.105167164859741">
        <ele>994</ele>
      </trkpt>
      <trkpt lat="45.837890456887365" lon="6.105181537904286">
        <ele>996</ele>
      </trkpt>
      <trkpt lat="45.837861667870214" lon="6.105174351382015">
        <ele>996</ele>
      </trkpt>
      <trkpt lat="45.83778844356383" lon="6.105191419372413">
        <ele>997</ele>
      </trkpt>
      <trkpt lat="45.83763448445146" lon="6.105174351382015">
        <ele>998</ele>
      </trkpt>
      <trkpt lat="45.83761570892081" lon="6.105177944643151">
        <ele>999</ele>
      </trkpt>
      <trkpt lat="45.83759380412704" lon="6.105197707579401">
        <ele>999</ele>
      </trkpt>
      <trkpt lat="45.837557504735535" lon="6.105204894101675">
        <ele>1000</ele>
      </trkpt>
      <trkpt lat="45.837503681456255" lon="6.105229148614346">
        <ele>1000</ele>
      </trkpt>
      <trkpt lat="45.83747489223901" lon="6.105224657037924">
        <ele>1001</ele>
      </trkpt>
      <trkpt lat="45.83737538156898" lon="6.105172554751445">
        <ele>1003</ele>
      </trkpt>
      <trkpt lat="45.83727962585057" lon="6.105147401923491">
        <ele>1004</ele>
      </trkpt>
      <trkpt lat="45.8371738562707" lon="6.105143808662354">
        <ele>1005</ele>
      </trkpt>
      <trkpt lat="45.83715445472833" lon="6.105134825509513">
        <ele>1006</ele>
      </trkpt>
      <trkpt lat="45.8371037603437" lon="6.105087214799454">
        <ele>1007</ele>
      </trkpt>
      <trkpt lat="45.83705869862972" lon="6.105087214799454">
        <ele>1008</ele>
      </trkpt>
      <trkpt lat="45.8370367936167" lon="6.105106977735705">
        <ele>1008</ele>
      </trkpt>
      <trkpt lat="45.83697045266746" lon="6.1051015878440005">
        <ele>1009</ele>
      </trkpt>
      <trkpt lat="45.83693790802198" lon="6.105066553547919">
        <ele>1009</ele>
      </trkpt>
      <trkpt lat="45.836917880538344" lon="6.105059367025646">
        <ele>1010</ele>
      </trkpt>
      <trkpt lat="45.836901608202595" lon="6.105043197350533">
        <ele>1010</ele>
      </trkpt>
      <trkpt lat="45.83688283242465" lon="6.105019841153145">
        <ele>1010</ele>
      </trkpt>
      <trkpt lat="45.8368734445333" lon="6.104996484955757">
        <ele>1010</ele>
      </trkpt>
      <trkpt lat="45.836876573830594" lon="6.104954264137405">
        <ele>1011</ele>
      </trkpt>
      <trkpt lat="45.83689597546987" lon="6.1049192298413235">
        <ele>1013</ele>
      </trkpt>
      <trkpt lat="45.83690598921652" lon="6.10488778880638">
        <ele>1013</ele>
      </trkpt>
      <trkpt lat="45.836889716877295" lon="6.1048716191312655">
        <ele>1015</ele>
      </trkpt>
      <trkpt lat="45.83688283242465" lon="6.104776397711149">
        <ele>1016</ele>
      </trkpt>
      <trkpt lat="45.83681586543175" lon="6.10481592358365">
        <ele>1017</ele>
      </trkpt>
      <trkpt lat="45.83678081725382" lon="6.104807838746093">
        <ele>1017</ele>
      </trkpt>
      <trkpt lat="45.83674138802726" lon="6.104821313475354">
        <ele>1018</ele>
      </trkpt>
      <trkpt lat="45.836687563958584" lon="6.1048716191312655">
        <ele>1018</ele>
      </trkpt>
      <trkpt lat="45.836668788108426" lon="6.104875212392401">
        <ele>1018</ele>
      </trkpt>
      <trkpt lat="45.83664563121786" lon="6.104921924787177">
        <ele>1018</ele>
      </trkpt>
      <trkpt lat="45.83662685535353" lon="6.104929111309449">
        <ele>1018</ele>
      </trkpt>
      <trkpt lat="45.83662372604222" lon="6.104956959083256">
        <ele>1018</ele>
      </trkpt>
      <trkpt lat="45.83657866393949" lon="6.104943484353994">
        <ele>1026</ele>
      </trkpt>
      <trkpt lat="45.83657553462546" lon="6.105079129961898">
        <ele>1026</ele>
      </trkpt>
      <trkpt lat="45.836695700158366" lon="6.105298318891221">
        <ele>1027</ele>
      </trkpt>
      <trkpt lat="45.836797715485226" lon="6.1054833718397505">
        <ele>1019</ele>
      </trkpt>
      <trkpt lat="45.8368371446719" lon="6.105597457880834">
        <ele>1020</ele>
      </trkpt>
      <trkpt lat="45.83690598921652" lon="6.105652255113165">
        <ele>1022</ele>
      </trkpt>
      <trkpt lat="45.836924764986655" lon="6.105769934415385">
        <ele>1022</ele>
      </trkpt>
      <trkpt lat="45.836959813073925" lon="6.105826528278285">
        <ele>1022</ele>
      </trkpt>
      <trkpt lat="45.83700487486798" lon="6.1059495974722084">
        <ele>1022</ele>
      </trkpt>
      <trkpt lat="45.837084984633975" lon="6.10605649699102">
        <ele>1024</ele>
      </trkpt>
      <trkpt lat="45.83710688962804" lon="6.1061840577613635">
        <ele>1026</ele>
      </trkpt>
      <trkpt lat="45.83713880831826" lon="6.106281974127332">
        <ele>1027</ele>
      </trkpt>
      <trkpt lat="45.83719638708562" lon="6.106376297232165">
        <ele>1029</ele>
      </trkpt>
      <trkpt lat="45.837205774922495" lon="6.106414924789383">
        <ele>1030</ele>
      </trkpt>
      <trkpt lat="45.83723143500183" lon="6.106447264139611">
        <ele>1030</ele>
      </trkpt>
      <trkpt lat="45.83725772092449" lon="6.1065101462095">
        <ele>1031</ele>
      </trkpt>
      <trkpt lat="45.83728275512499" lon="6.10659728279206">
        <ele>1032</ele>
      </trkpt>
      <trkpt lat="45.83731467371432" lon="6.1066421985562656">
        <ele>1032</ele>
      </trkpt>
      <trkpt lat="45.83733783032647" lon="6.10674999639036">
        <ele>1034</ele>
      </trkpt>
      <trkpt lat="45.83743671521053" lon="6.106914388087352">
        <ele>1035</ele>
      </trkpt>
      <trkpt lat="45.83747176297537" lon="6.106997931408776">
        <ele>1037</ele>
      </trkpt>
      <trkpt lat="45.837599436789134" lon="6.107187475933725">
        <ele>1040</ele>
      </trkpt>
      <trkpt lat="45.837621967431716" lon="6.1072234085450905">
        <ele>1040</ele>
      </trkpt>
      <trkpt lat="45.83763761370593" lon="6.107263832732876">
        <ele>1041</ele>
      </trkpt>
      <trkpt lat="45.837698947058456" lon="6.107329409748616">
        <ele>1042</ele>
      </trkpt>
      <trkpt lat="45.837775926578715" lon="6.107387800242084">
        <ele>1043</ele>
      </trkpt>
      <trkpt lat="45.83780784488514" lon="6.107449783996688">
        <ele>1043</ele>
      </trkpt>
      <trkpt lat="45.83788795349515" lon="6.107563870037772">
        <ele>1045</ele>
      </trkpt>
      <trkpt lat="45.83794553148737" lon="6.107659989773172">
        <ele>1046</ele>
      </trkpt>
      <trkpt lat="45.837954919197834" lon="6.10768783754698">
        <ele>1046</ele>
      </trkpt>
      <trkpt lat="45.8379774496965" lon="6.107717481951356">
        <ele>1047</ele>
      </trkpt>
      <trkpt lat="45.83799998018607" lon="6.107784855597665">
        <ele>1048</ele>
      </trkpt>
      <trkpt lat="45.83803440174969" lon="6.10785133092869">
        <ele>1049</ele>
      </trkpt>
      <trkpt lat="45.83808572113231" lon="6.107894450062328">
        <ele>1050</ele>
      </trkpt>
      <trkpt lat="45.83814955737146" lon="6.1079699085461945">
        <ele>1051</ele>
      </trkpt>
      <trkpt lat="45.83817897208446" lon="6.108029197354946">
        <ele>1052</ele>
      </trkpt>
      <trkpt lat="45.83820463171502" lon="6.108061536705175">
        <ele>1052</ele>
      </trkpt>
      <trkpt lat="45.838213393537366" lon="6.108102859208243">
        <ele>1052</ele>
      </trkpt>
      <trkpt lat="45.83827159703658" lon="6.108227725032736">
        <ele>1055</ele>
      </trkpt>
      <trkpt lat="45.83827472625525" lon="6.108303183516601">
        <ele>1055</ele>
      </trkpt>
      <trkpt lat="45.838284739753774" lon="6.10833552286683">
        <ele>1056</ele>
      </trkpt>
      <trkpt lat="45.83835170497894" lon="6.10845769374547">
        <ele>1057</ele>
      </trkpt>
      <trkpt lat="45.83836797689063" lon="6.108496321302687">
        <ele>1057</ele>
      </trkpt>
      <trkpt lat="45.838386752167445" lon="6.108574474732406">
        <ele>1058</ele>
      </trkpt>
      <trkpt lat="45.83842868359615" lon="6.1086247803883165">
        <ele>1059</ele>
      </trkpt>
      <trkpt lat="45.83843744538323" lon="6.108654424792694">
        <ele>1059</ele>
      </trkpt>
      <trkpt lat="45.83845058806125" lon="6.108674187728944">
        <ele>1059</ele>
      </trkpt>
      <trkpt lat="45.83845371726986" lon="6.108705628763889">
        <ele>1059</ele>
      </trkpt>
      <trkpt lat="45.83855698105483" lon="6.108869122145597">
        <ele>1061</ele>
      </trkpt>
      <trkpt lat="45.838626449311455" lon="6.108939190737758">
        <ele>1062</ele>
      </trkpt>
      <trkpt lat="45.8386683805595" lon="6.109014649221624">
        <ele>1063</ele>
      </trkpt>
      <trkpt lat="45.838671509755855" lon="6.109055971724694">
        <ele>1063</ele>
      </trkpt>
      <trkpt lat="45.838719699357405" lon="6.109109870641741">
        <ele>1064</ele>
      </trkpt>
      <trkpt lat="45.838815452597686" lon="6.109241922988507">
        <ele>1066</ele>
      </trkpt>
      <trkpt lat="45.838841737772064" lon="6.109283245491577">
        <ele>1067</ele>
      </trkpt>
      <trkpt lat="45.83885362868021" lon="6.1093236696793625">
        <ele>1067</ele>
      </trkpt>
      <trkpt lat="45.83890181812403" lon="6.109391941640955">
        <ele>1068</ele>
      </trkpt>
      <trkpt lat="45.838949381690014" lon="6.109475484962378">
        <ele>1069</ele>
      </trkpt>
      <trkpt lat="45.8389975710509" lon="6.109599452471587">
        <ele>1070</ele>
      </trkpt>
      <trkpt lat="45.83901071359663" lon="6.109644368235792">
        <ele>1071</ele>
      </trkpt>
      <trkpt lat="45.839013842773724" lon="6.109699165468124">
        <ele>1072</ele>
      </trkpt>
      <trkpt lat="45.839042631194744" lon="6.109787200365968">
        <ele>1073</ele>
      </trkpt>
      <trkpt lat="45.83909770465437" lon="6.10990757461404">
        <ele>1074</ele>
      </trkpt>
      <trkpt lat="45.83910646633611" lon="6.109949795432393">
        <ele>1075</ele>
      </trkpt>
      <trkpt lat="45.83910646633611" lon="6.109989321304894">
        <ele>1075</ele>
      </trkpt>
      <trkpt lat="45.8391139763479" lon="6.110014474132849">
        <ele>1075</ele>
      </trkpt>
      <trkpt lat="45.83912148635871" lon="6.110059389897056">
        <ele>1081</ele>
      </trkpt>
      <trkpt lat="45.83912086052452" lon="6.110058491581771">
        <ele>1094</ele>
      </trkpt>
      <trkpt lat="45.839089568805804" lon="6.110017169078703">
        <ele>1094</ele>
      </trkpt>
      <trkpt lat="45.83904951538019" lon="6.1099785415214845">
        <ele>1094</ele>
      </trkpt>
      <trkpt lat="45.839034495338154" lon="6.109951592062961">
        <ele>1095</ele>
      </trkpt>
      <trkpt lat="45.838965653426925" lon="6.109912964505744">
        <ele>1095</ele>
      </trkpt>
      <trkpt lat="45.83889868894063" lon="6.109864455480402">
        <ele>1096</ele>
      </trkpt>
      <trkpt lat="45.838740977869485" lon="6.109803370041082">
        <ele>1097</ele>
      </trkpt>
      <trkpt lat="45.83868340070038" lon="6.109760250907444">
        <ele>1098</ele>
      </trkpt>
      <trkpt lat="45.83862081675333" lon="6.109749471124033">
        <ele>1098</ele>
      </trkpt>
      <trkpt lat="45.8386076741155" lon="6.109738691340626">
        <ele>1098</ele>
      </trkpt>
      <trkpt lat="45.83854571592398" lon="6.109725216611363">
        <ele>1099</ele>
      </trkpt>
      <trkpt lat="45.83849690033051" lon="6.109691978945851">
        <ele>1100</ele>
      </trkpt>
      <trkpt lat="45.8384818801393" lon="6.109673114324884">
        <ele>1100</ele>
      </trkpt>
      <trkpt lat="45.83846247905298" lon="6.109669521063747">
        <ele>1101</ele>
      </trkpt>
      <trkpt lat="45.83834169149247" lon="6.109603944048007">
        <ele>1103</ele>
      </trkpt>
      <trkpt lat="45.83826784197393" lon="6.109589571003461">
        <ele>1104</ele>
      </trkpt>
      <trkpt lat="45.83820087664787" lon="6.10959136763403">
        <ele>1105</ele>
      </trkpt>
      <trkpt lat="45.838192740668156" lon="6.109586876057609">
        <ele>1105</ele>
      </trkpt>
      <trkpt lat="45.83809072789882" lon="6.109622808668974">
        <ele>1106</ele>
      </trkpt>
      <trkpt lat="45.83797056537844" lon="6.109629995191246">
        <ele>1108</ele>
      </trkpt>
      <trkpt lat="45.8379517899612" lon="6.109614723831416">
        <ele>1109</ele>
      </trkpt>
      <trkpt lat="45.83793051114731" lon="6.109611130570281">
        <ele>1109</ele>
      </trkpt>
      <trkpt lat="45.83786479711193" lon="6.10957429964363">
        <ele>1110</ele>
      </trkpt>
      <trkpt lat="45.837844769961904" lon="6.10957429964363">
        <ele>1111</ele>
      </trkpt>
      <trkpt lat="45.83770958651069" lon="6.10953028219471">
        <ele>1113</ele>
      </trkpt>
      <trkpt lat="45.83758191294968" lon="6.109459315287265">
        <ele>1115</ele>
      </trkpt>
      <trkpt lat="45.83752996725031" lon="6.109442247296866">
        <ele>1116</ele>
      </trkpt>
      <trkpt lat="45.83750055219426" lon="6.109447637188571">
        <ele>1116</ele>
      </trkpt>
      <trkpt lat="45.83744860641894" lon="6.109439552351012">
        <ele>1117</ele>
      </trkpt>
      <trkpt lat="45.837335952763695" lon="6.109315584841806">
        <ele>1118</ele>
      </trkpt>
      <trkpt lat="45.83731780298681" lon="6.10927965223044">
        <ele>1118</ele>
      </trkpt>
      <trkpt lat="45.83724270039879" lon="6.109188922386744">
        <ele>1120</ele>
      </trkpt>
      <trkpt lat="45.837208904201084" lon="6.1091736510269135">
        <ele>1121</ele>
      </trkpt>
      <trkpt lat="45.837167597709396" lon="6.109166464504642">
        <ele>1121</ele>
      </trkpt>
      <trkpt lat="45.83713880831826" lon="6.109170956081062">
        <ele>1122</ele>
      </trkpt>
      <trkpt lat="45.83709937934535" lon="6.1092086853229945">
        <ele>1123</ele>
      </trkpt>
      <trkpt lat="45.837031786755354" lon="6.109252702771916">
        <ele>1125</ele>
      </trkpt>
      <trkpt lat="45.837015514452915" lon="6.109252702771916">
        <ele>1125</ele>
      </trkpt>
      <trkpt lat="45.83691537710238" lon="6.109304805058395">
        <ele>1127</ele>
      </trkpt>
      <trkpt lat="45.836888465158694" lon="6.109298516851406">
        <ele>1127</ele>
      </trkpt>
      <trkpt lat="45.836871566954855" lon="6.109290432013849">
        <ele>1127</ele>
      </trkpt>
      <trkpt lat="45.836829634352775" lon="6.109247312880213">
        <ele>1129</ele>
      </trkpt>
      <trkpt lat="45.836728870806624" lon="6.109102684119469">
        <ele>1132</ele>
      </trkpt>
      <trkpt lat="45.83667379500241" lon="6.109049683517705">
        <ele>1134</ele>
      </trkpt>
      <trkpt lat="45.83663874673499" lon="6.109031717212023">
        <ele>1134</ele>
      </trkpt>
      <trkpt lat="45.83653860870646" lon="6.109035310473159">
        <ele>1136</ele>
      </trkpt>
      <trkpt lat="45.83645161364786" lon="6.1090281239508855">
        <ele>1137</ele>
      </trkpt>
      <trkpt lat="45.83639153065031" lon="6.108998479546511">
        <ele>1138</ele>
      </trkpt>
      <trkpt lat="45.83635648220511" lon="6.108992191339522">
        <ele>1138</ele>
      </trkpt>
      <trkpt lat="45.83629577323888" lon="6.108920326116792">
        <ele>1139</ele>
      </trkpt>
      <trkpt lat="45.83628575938241" lon="6.108899664865257">
        <ele>1139</ele>
      </trkpt>
      <trkpt lat="45.83623569007304" lon="6.108858342362187">
        <ele>1140</ele>
      </trkpt>
      <trkpt lat="45.836172477505656" lon="6.108788273770026">
        <ele>1141</ele>
      </trkpt>
      <trkpt lat="45.83611740115075" lon="6.1087487478975255">
        <ele>1142</ele>
      </trkpt>
      <trkpt lat="45.83610050271277" lon="6.108726290015423">
        <ele>1143</ele>
      </trkpt>
      <trkpt lat="45.83595592697791" lon="6.1086705944678075">
        <ele>1145</ele>
      </trkpt>
      <trkpt lat="45.83585391010782" lon="6.108646339955135">
        <ele>1147</ele>
      </trkpt>
      <trkpt lat="45.83578569013329" lon="6.108682272566501">
        <ele>1148</ele>
      </trkpt>
      <trkpt lat="45.83574375671292" lon="6.108758629365651">
        <ele>1150</ele>
      </trkpt>
      <trkpt lat="45.83572685816146" lon="6.108778392301901">
        <ele>1150</ele>
      </trkpt>
      <trkpt lat="45.835703700878916" lon="6.10884576594821">
        <ele>1152</ele>
      </trkpt>
      <trkpt lat="45.83562984785936" lon="6.108975123349123">
        <ele>1155</ele>
      </trkpt>
      <trkpt lat="45.835574770967426" lon="6.109107175695889">
        <ele>1157</ele>
      </trkpt>
      <trkpt lat="45.83552970801527" lon="6.109133226839129">
        <ele>1158</ele>
      </trkpt>
      <trkpt lat="45.83549966602692" lon="6.109135921784981">
        <ele>1158</ele>
      </trkpt>
      <trkpt lat="45.83544083375269" lon="6.1091305318932765">
        <ele>1159</ele>
      </trkpt>
      <trkpt lat="45.83540578470872" lon="6.109107175695889">
        <ele>1160</ele>
      </trkpt>
      <trkpt lat="45.83538450492126" lon="6.109073938030377">
        <ele>1160</ele>
      </trkpt>
      <trkpt lat="45.835371987395405" lon="6.109027225635603">
        <ele>1161</ele>
      </trkpt>
      <trkpt lat="45.835321917263876" lon="6.108930207584918">
        <ele>1162</ele>
      </trkpt>
      <trkpt lat="45.83530939972397" lon="6.108916732855655">
        <ele>1163</ele>
      </trkpt>
      <trkpt lat="45.83530376683008" lon="6.108894274973553">
        <ele>1163</ele>
      </trkpt>
      <trkpt lat="45.8352824870036" lon="6.108884393505428">
        <ele>1164</ele>
      </trkpt>
      <trkpt lat="45.83525682602554" lon="6.108887986766564">
        <ele>1164</ele>
      </trkpt>
      <trkpt lat="45.8352349203032" lon="6.108909546333383">
        <ele>1165</ele>
      </trkpt>
      <trkpt lat="45.835177965384794" lon="6.1089373941071905">
        <ele>1166</ele>
      </trkpt>
      <trkpt lat="45.83514354205418" lon="6.108918529486223">
        <ele>1166</ele>
      </trkpt>
      <trkpt lat="45.8351116222195" lon="6.108855647416335">
        <ele>1167</ele>
      </trkpt>
      <trkpt lat="45.835114751615876" lon="6.1088286979578115">
        <ele>1167</ele>
      </trkpt>
      <trkpt lat="45.835094723476075" lon="6.108763120942072">
        <ele>1168</ele>
      </trkpt>
      <trkpt lat="45.83507845060723" lon="6.108741561375252">
        <ele>1168</ele>
      </trkpt>
      <trkpt lat="45.83504277545494" lon="6.108720900123717">
        <ele>1169</ele>
      </trkpt>
      <trkpt lat="45.83499270502718" lon="6.108695747295762">
        <ele>1170</ele>
      </trkpt>
      <trkpt lat="45.83494075691079" lon="6.1087029338180345">
        <ele>1171</ele>
      </trkpt>
      <trkpt lat="45.83486377346842" lon="6.108680475935931">
        <ele>1172</ele>
      </trkpt>
      <trkpt lat="45.83479680404573" lon="6.108690357404058">
        <ele>1172</ele>
      </trkpt>
      <trkpt lat="45.834745481629874" lon="6.108673289413659">
        <ele>1173</ele>
      </trkpt>
      <trkpt lat="45.834694785050694" lon="6.1086813742512165">
        <ele>1174</ele>
      </trkpt>
      <trkpt lat="45.83466349084293" lon="6.108711916970876">
        <ele>1175</ele>
      </trkpt>
      <trkpt lat="45.83465598023047" lon="6.108727188330707">
        <ele>1175</ele>
      </trkpt>
      <trkpt lat="45.83466849791735" lon="6.108733476537695">
        <ele>1175</ele>
      </trkpt>
      <trkpt lat="45.8346853967902" lon="6.108730781591843">
        <ele>1175</ele>
      </trkpt>
      <trkpt lat="45.83472357570627" lon="6.108772104094913">
        <ele>1176</ele>
      </trkpt>
      <trkpt lat="45.83474673339669" lon="6.1087855788241745">
        <ele>1177</ele>
      </trkpt>
      <trkpt lat="45.83478553815364" lon="6.108833189534232">
        <ele>1177</ele>
      </trkpt>
      <trkpt lat="45.83480368875645" lon="6.108884393505428">
        <ele>1178</ele>
      </trkpt>
      <trkpt lat="45.834801811108164" lon="6.108973326718556">
        <ele>1178</ele>
      </trkpt>
      <trkpt lat="45.83477489814233" lon="6.109019140798044">
        <ele>1179</ele>
      </trkpt>
      <trkpt lat="45.83475549576352" lon="6.109090107705491">
        <ele>1180</ele>
      </trkpt>
      <trkpt lat="45.83478053108973" lon="6.109174549342197">
        <ele>1181</ele>
      </trkpt>
      <trkpt lat="45.83482559464853" lon="6.109280550545725">
        <ele>1183</ele>
      </trkpt>
      <trkpt lat="45.83483873817966" lon="6.109378466911693">
        <ele>1184</ele>
      </trkpt>
      <trkpt lat="45.834840615826685" lon="6.109465603494252">
        <ele>1185</ele>
      </trkpt>
      <trkpt lat="45.83484750053198" lon="6.109498841159766">
        <ele>1185</ele>
      </trkpt>
      <trkpt lat="45.83484249347367" lon="6.109524892303004">
        <ele>1185</ele>
      </trkpt>
      <trkpt lat="45.834827472296006" lon="6.109540163662835">
        <ele>1185</ele>
      </trkpt>
      <trkpt lat="45.83481745817532" lon="6.109617418777269">
        <ele>1186</ele>
      </trkpt>
      <trkpt lat="45.83482371700098" lon="6.109673114324884">
        <ele>1187</ele>
      </trkpt>
      <trkpt lat="45.83483247935569" lon="6.109697368837556">
        <ele>1187</ele>
      </trkpt>
      <trkpt lat="45.83483060170836" lon="6.109839302652445">
        <ele>1189</ele>
      </trkpt>
      <trkpt lat="45.834797429928564" lon="6.109904879668187">
        <ele>1190</ele>
      </trkpt>
      <trkpt lat="45.83477865344067" lon="6.10998393141319">
        <ele>1192</ele>
      </trkpt>
      <trkpt lat="45.834801811108164" lon="6.110016270763418">
        <ele>1192</ele>
      </trkpt>
      <trkpt lat="45.83481558052752" lon="6.110062983158192">
        <ele>1192</ele>
      </trkpt>
      <trkpt lat="45.83481182523167" lon="6.110095322508419">
        <ele>1192</ele>
      </trkpt>
      <trkpt lat="45.83481745817532" lon="6.11013215343507">
        <ele>1193</ele>
      </trkpt>
      <trkpt lat="45.83481558052752" lon="6.110168984361719">
        <ele>1193</ele>
      </trkpt>
      <trkpt lat="45.8348005593426" lon="6.11020851023422">
        <ele>1194</ele>
      </trkpt>
      <trkpt lat="45.834788667568326" lon="6.110220188332913">
        <ele>1194</ele>
      </trkpt>
      <trkpt lat="45.83477677579151" lon="6.1102219849634825">
        <ele>1194</ele>
      </trkpt>
      <trkpt lat="45.834744855746465" lon="6.110203120342515">
        <ele>1194</ele>
      </trkpt>
      <trkpt lat="45.83472169805528" lon="6.110161797839445">
        <ele>1194</ele>
      </trkpt>
      <trkpt lat="45.83463157073289" lon="6.11006028821234">
        <ele>1196</ele>
      </trkpt>
      <trkpt lat="45.83457461519698" lon="6.109976744890917">
        <ele>1197</ele>
      </trkpt>
      <trkpt lat="45.83454081737888" lon="6.109954287008813">
        <ele>1197</ele>
      </trkpt>
      <trkpt lat="45.834519537260654" lon="6.10995338869353">
        <ele>1198</ele>
      </trkpt>
      <trkpt lat="45.83445757451712" lon="6.109906676298755">
        <ele>1199</ele>
      </trkpt>
      <trkpt lat="45.83441751775729" lon="6.109890506623642">
        <ele>1200</ele>
      </trkpt>
      <trkpt lat="45.83435242546113" lon="6.109951592062961">
        <ele>1202</ele>
      </trkpt>
      <trkpt lat="45.83433552648716" lon="6.109960575215802">
        <ele>1202</ele>
      </trkpt>
      <trkpt lat="45.834255412763035" lon="6.109976744890917">
        <ele>1204</ele>
      </trkpt>
      <trkpt lat="45.834191572056525" lon="6.1100027960341565">
        <ele>1206</ele>
      </trkpt>
      <trkpt lat="45.83416841413508" lon="6.1100027960341565">
        <ele>1206</ele>
      </trkpt>
      <trkpt lat="45.834153392775484" lon="6.11002345728569">
        <ele>1206</ele>
      </trkpt>
      <trkpt lat="45.834006934306906" lon="6.110118678705809">
        <ele>1209</ele>
      </trkpt>
      <trkpt lat="45.833932453142985" lon="6.110142933218479">
        <ele>1210</ele>
      </trkpt>
      <trkpt lat="45.83391555404151" lon="6.110135746696205">
        <ele>1210</ele>
      </trkpt>
      <trkpt lat="45.83390491386386" lon="6.110122271966944">
        <ele>1211</ele>
      </trkpt>
      <trkpt lat="45.83387737457111" lon="6.110123170282229">
        <ele>1211</ele>
      </trkpt>
      <trkpt lat="45.83382792898854" lon="6.110189645613254">
        <ele>1212</ele>
      </trkpt>
      <trkpt lat="45.833778483362046" lon="6.110238154638596">
        <ele>1214</ele>
      </trkpt>
      <trkpt lat="45.83376095831935" lon="6.110246239476153">
        <ele>1214</ele>
      </trkpt>
      <trkpt lat="45.833727785901935" lon="6.110276782195814">
        <ele>1215</ele>
      </trkpt>
      <trkpt lat="45.83368772861684" lon="6.1103324777434285">
        <ele>1217</ele>
      </trkpt>
      <trkpt lat="45.83369148398853" lon="6.110357630571383">
        <ele>1217</ele>
      </trkpt>
      <trkpt lat="45.83368898040744" lon="6.110434885685817">
        <ele>1219</ele>
      </trkpt>
      <trkpt lat="45.833705879577735" lon="6.1104842930264445">
        <ele>1220</ele>
      </trkpt>
      <trkpt lat="45.833708383158076" lon="6.110508547539116">
        <ele>1220</ele>
      </trkpt>
      <trkpt lat="45.833709634948214" lon="6.110532802051787">
        <ele>1220</ele>
      </trkpt>
      <trkpt lat="45.833703375997246" lon="6.11055975151031">
        <ele>1221</ele>
      </trkpt>
      <trkpt lat="45.83366081511222" lon="6.110680125758383">
        <ele>1222</ele>
      </trkpt>
      <trkpt lat="45.833659563321" lon="6.110698990379349">
        <ele>1222</ele>
      </trkpt>
      <trkpt lat="45.83364641951139" lon="6.110719651630883">
        <ele>1222</ele>
      </trkpt>
      <trkpt lat="45.83360761396014" lon="6.1107753471785">
        <ele>1223</ele>
      </trkpt>
      <trkpt lat="45.83355754224116" lon="6.110787923592477">
        <ele>1223</ele>
      </trkpt>
      <trkpt lat="45.83353375815884" lon="6.110774448863216">
        <ele>1224</ele>
      </trkpt>
      <trkpt lat="45.83350684457975" lon="6.11072324489202">
        <ele>1224</ele>
      </trkpt>
      <trkpt lat="45.83349745611888" lon="6.110687312280656">
        <ele>1225</ele>
      </trkpt>
      <trkpt lat="45.83349745611888" lon="6.110639701570597">
        <ele>1225</ele>
      </trkpt>
      <trkpt lat="45.833478679192346" lon="6.110576819500709">
        <ele>1226</ele>
      </trkpt>
      <trkpt lat="45.83348055688533" lon="6.110558853195028">
        <ele>1226</ele>
      </trkpt>
      <trkpt lat="45.8334749238063" lon="6.11051842900724">
        <ele>1226</ele>
      </trkpt>
      <trkpt lat="45.83345051379073" lon="6.11044836041508">
        <ele>1227</ele>
      </trkpt>
      <trkpt lat="45.833446758402744" lon="6.1103845800299075">
        <ele>1228</ele>
      </trkpt>
      <trkpt lat="45.83343987352416" lon="6.110354935625531">
        <ele>1228</ele>
      </trkpt>
      <trkpt lat="45.833442377116484" lon="6.11034146089627">
        <ele>1228</ele>
      </trkpt>
      <trkpt lat="45.833414837594844" lon="6.1102848670333705">
        <ele>1229</ele>
      </trkpt>
      <trkpt lat="45.83338980165424" lon="6.110161797839445">
        <ele>1231</ele>
      </trkpt>
      <trkpt lat="45.83334974412587" lon="6.110103407345978">
        <ele>1233</ele>
      </trkpt>
      <trkpt lat="45.833319700960686" lon="6.110098915769557">
        <ele>1233</ele>
      </trkpt>
      <trkpt lat="45.833282772881226" lon="6.110129458489218">
        <ele>1234</ele>
      </trkpt>
      <trkpt lat="45.833262744082134" lon="6.1101914422438215">
        <ele>1235</ele>
      </trkpt>
      <trkpt lat="45.8332314490691" lon="6.110257917574846">
        <ele>1236</ele>
      </trkpt>
      <trkpt lat="45.83314382293902" lon="6.110381885084054">
        <ele>1239</ele>
      </trkpt>
      <trkpt lat="45.833113779662646" lon="6.110450157045647">
        <ele>1240</ele>
      </trkpt>
      <trkpt lat="45.83306996652222" lon="6.11051842900724">
        <ele>1240</ele>
      </trkpt>
      <trkpt lat="45.83303178647171" lon="6.110623531895484">
        <ele>1241</ele>
      </trkpt>
      <trkpt lat="45.83300862806768" lon="6.110648684723438">
        <ele>1242</ele>
      </trkpt>
      <trkpt lat="45.83298797326673" lon="6.110653176299859">
        <ele>1242</ele>
      </trkpt>
      <trkpt lat="45.83296982207172" lon="6.110646888092869">
        <ele>1243</ele>
      </trkpt>
      <trkpt lat="45.83294666364186" lon="6.110576819500709">
        <ele>1245</ele>
      </trkpt>
      <trkpt lat="45.83293039014486" lon="6.110557954879742">
        <ele>1245</ele>
      </trkpt>
      <trkpt lat="45.83292162749066" lon="6.110532802051787">
        <ele>1245</ele>
      </trkpt>
      <trkpt lat="45.83290785760269" lon="6.110516632376672">
        <ele>1245</ele>
      </trkpt>
      <trkpt lat="45.832887828668675" lon="6.110512140800251">
        <ele>1246</ele>
      </trkpt>
      <trkpt lat="45.832871555154455" lon="6.110497767755707">
        <ele>1246</ele>
      </trkpt>
      <trkpt lat="45.83285152620738" lon="6.110471716612466">
        <ele>1247</ele>
      </trkpt>
      <trkpt lat="45.83284589306472" lon="6.110449258730363">
        <ele>1247</ele>
      </trkpt>
      <trkpt lat="45.83282899363328" lon="6.110441173892806">
        <ele>1248</ele>
      </trkpt>
      <trkpt lat="45.8327876838904" lon="6.110400749705021">
        <ele>1249</ele>
      </trkpt>
      <trkpt lat="45.832766403101814" lon="6.110395359813316">
        <ele>1249</ele>
      </trkpt>
      <trkpt lat="45.83272384150022" lon="6.1103693086700765">
        <ele>1250</ele>
      </trkpt>
      <trkpt lat="45.83268566121226" lon="6.110370206985361">
        <ele>1251</ele>
      </trkpt>
      <trkpt lat="45.83266375447784" lon="6.110424105902409">
        <ele>1252</ele>
      </trkpt>
      <trkpt lat="45.832640595920644" lon="6.1104528519915">
        <ele>1253</ele>
      </trkpt>
      <trkpt lat="45.832630581406434" lon="6.110480699765307">
        <ele>1253</ele>
      </trkpt>
      <trkpt lat="45.83261055237262" lon="6.110502259332127">
        <ele>1254</ele>
      </trkpt>
      <trkpt lat="45.832604919205565" lon="6.110517530691957">
        <ele>1254</ele>
      </trkpt>
      <trkpt lat="45.832572997914795" lon="6.110545378465765">
        <ele>1255</ele>
      </trkpt>
      <trkpt lat="45.83255484658442" lon="6.110571429609004">
        <ele>1255</ele>
      </trkpt>
      <trkpt lat="45.83246158620746" lon="6.110625328526051">
        <ele>1256</ele>
      </trkpt>
      <trkpt lat="45.832413391186314" lon="6.110672939236109">
        <ele>1258</ele>
      </trkpt>
      <trkpt lat="45.83231637510807" lon="6.110725939837872">
        <ele>1259</ele>
      </trkpt>
      <trkpt lat="45.83229572005021" lon="6.110730431414293">
        <ele>1260</ele>
      </trkpt>
      <trkpt lat="45.83224877670843" lon="6.1107969067453185">
        <ele>1261</ele>
      </trkpt>
      <trkpt lat="45.832216855213375" lon="6.110815771366284">
        <ele>1262</ele>
      </trkpt>
      <trkpt lat="45.83216240085604" lon="6.110891229850151">
        <ele>1263</ele>
      </trkpt>
      <trkpt lat="45.83214863078024" lon="6.110901111318276">
        <ele>1263</ele>
      </trkpt>
      <trkpt lat="45.832135486613794" lon="6.110920874254526">
        <ele>1264</ele>
      </trkpt>
      <trkpt lat="45.83213047931147" lon="6.110942433821346">
        <ele>1264</ele>
      </trkpt>
      <trkpt lat="45.83211545740179" lon="6.1109702815951525">
        <ele>1264</ele>
      </trkpt>
      <trkpt lat="45.832099809574906" lon="6.110986451270268">
        <ele>1265</ele>
      </trkpt>
      <trkpt lat="45.83207164347544" lon="6.111036756926177">
        <ele>1265</ele>
      </trkpt>
      <trkpt lat="45.83201280757722" lon="6.111086164266805">
        <ele>1266</ele>
      </trkpt>
      <trkpt lat="45.83200091520725" lon="6.111112215410044">
        <ele>1266</ele>
      </trkpt>
      <trkpt lat="45.83199465606416" lon="6.111150842967262">
        <ele>1267</ele>
      </trkpt>
      <trkpt lat="45.831944582893954" lon="6.111261335747208">
        <ele>1269</ele>
      </trkpt>
      <trkpt lat="45.83191453897022" lon="6.111373625157722">
        <ele>1271</ele>
      </trkpt>
      <trkpt lat="45.831906402071425" lon="6.111427524074769">
        <ele>1271</ele>
      </trkpt>
      <trkpt lat="45.831908905732696" lon="6.111481422991816">
        <ele>1272</ele>
      </trkpt>
      <trkpt lat="45.831915790800686" lon="6.1115191522337495">
        <ele>1273</ele>
      </trkpt>
      <trkpt lat="45.831911409393896" lon="6.111554186529831">
        <ele>1274</ele>
      </trkpt>
      <trkpt lat="45.83191453897022" lon="6.1115712545202285">
        <ele>1275</ele>
      </trkpt>
      <trkpt lat="45.831890754185736" lon="6.111645814688811">
        <ele>1277</ele>
      </trkpt>
      <trkpt lat="45.83185382515814" lon="6.11170690012813">
        <ele>1277</ele>
      </trkpt>
      <trkpt lat="45.83183254401247" lon="6.111765290621599">
        <ele>1278</ele>
      </trkpt>
      <trkpt lat="45.83183692542547" lon="6.111779663666143">
        <ele>1278</ele>
      </trkpt>
      <trkpt lat="45.83181689610605" lon="6.111886563184955">
        <ele>1279</ele>
      </trkpt>
      <trkpt lat="45.83180875919298" lon="6.111981784605071">
        <ele>1280</ele>
      </trkpt>
      <trkpt lat="45.83176557094209" lon="6.112179413967578">
        <ele>1280</ele>
      </trkpt>
      <trkpt lat="45.83172864183142" lon="6.112263855604286">
        <ele>1281</ele>
      </trkpt>
      <trkpt lat="45.831683575764885" lon="6.112297991585082">
        <ele>1281</ele>
      </trkpt>
      <trkpt lat="45.83164664659981" lon="6.112309669683774">
        <ele>1282</ele>
      </trkpt>
      <trkpt lat="45.83161096924758" lon="6.112289906747526">
        <ele>1282</ele>
      </trkpt>
      <trkpt lat="45.831580925143754" lon="6.112222533101216">
        <ele>1283</ele>
      </trkpt>
      <trkpt lat="45.831573414115255" lon="6.112133599888088">
        <ele>1284</ele>
      </trkpt>
      <trkpt lat="45.83155839205522" lon="6.112093175700302">
        <ele>1284</ele>
      </trkpt>
      <trkpt lat="45.83155776613598" lon="6.112063531295926">
        <ele>1285</ele>
      </trkpt>
      <trkpt lat="45.83154587366878" lon="6.1120464633055285">
        <ele>1285</ele>
      </trkpt>
      <trkpt lat="45.83152772200343" lon="6.111971903136946">
        <ele>1286</ele>
      </trkpt>
      <trkpt lat="45.83152772200343" lon="6.111913512643478">
        <ele>1286</ele>
      </trkpt>
      <trkpt lat="45.8315026852139" lon="6.111823681115066">
        <ele>1288</ele>
      </trkpt>
      <trkpt lat="45.83147890025342" lon="6.11177876535086">
        <ele>1288</ele>
      </trkpt>
      <trkpt lat="45.831465755928804" lon="6.111767985567451">
        <ele>1288</ele>
      </trkpt>
      <trkpt lat="45.831435711746614" lon="6.111760799045178">
        <ele>1288</ele>
      </trkpt>
      <trkpt lat="45.83139565281174" lon="6.1117967316565425">
        <ele>1288</ele>
      </trkpt>
      <trkpt lat="45.83132492368447" lon="6.111888359815524">
        <ele>1290</ele>
      </trkpt>
      <trkpt lat="45.83128987204831" lon="6.111909919382341">
        <ele>1290</ele>
      </trkpt>
      <trkpt lat="45.83126546107434" lon="6.111940462102002">
        <ele>1290</ele>
      </trkpt>
      <trkpt lat="45.83122978347774" lon="6.1119988525954705">
        <ele>1291</ele>
      </trkpt>
      <trkpt lat="45.831209753939824" lon="6.112061734665358">
        <ele>1291</ele>
      </trkpt>
      <trkpt lat="45.83115467267333" lon="6.11216054934661">
        <ele>1292</ele>
      </trkpt>
      <trkpt lat="45.831126506095536" lon="6.112225228047068">
        <ele>1292</ele>
      </trkpt>
      <trkpt lat="45.831112735763426" lon="6.11223870277633">
        <ele>1292</ele>
      </trkpt>
      <trkpt lat="45.831088950636314" lon="6.112282720225251">
        <ele>1292</ele>
      </trkpt>
      <trkpt lat="45.831072676596136" lon="6.112295296639228">
        <ele>1292</ele>
      </trkpt>
      <trkpt lat="45.831065791423846" lon="6.112313262944911">
        <ele>1293</ele>
      </trkpt>
      <trkpt lat="45.83100194705844" lon="6.112409382680313">
        <ele>1293</ele>
      </trkpt>
      <trkpt lat="45.83097378040336" lon="6.112466874858496">
        <ele>1294</ele>
      </trkpt>
      <trkpt lat="45.830900547033444" lon="6.112527960297816">
        <ele>1295</ele>
      </trkpt>
      <trkpt lat="45.8308604877134" lon="6.112578265953727">
        <ele>1296</ele>
      </trkpt>
      <trkpt lat="45.83084796916999" lon="6.112636656447195">
        <ele>1297</ele>
      </trkpt>
      <trkpt lat="45.83082668763969" lon="6.112671690743276">
        <ele>1297</ele>
      </trkpt>
      <trkpt lat="45.830802902390346" lon="6.112694148625378">
        <ele>1298</ele>
      </trkpt>
      <trkpt lat="45.83076847635354" lon="6.112707623354639">
        <ele>1298</ele>
      </trkpt>
      <trkpt lat="45.83073592808095" lon="6.112733674497879">
        <ele>1298</ele>
      </trkpt>
      <trkpt lat="45.83070150200272" lon="6.112778590262085">
        <ele>1298</ele>
      </trkpt>
      <trkpt lat="45.830650801739644" lon="6.1128818965197596">
        <ele>1299</ele>
      </trkpt>
      <trkpt lat="45.83056191968548" lon="6.11295825331891">
        <ele>1300</ele>
      </trkpt>
      <trkpt lat="45.83054063804583" lon="6.112988796038569">
        <ele>1300</ele>
      </trkpt>
      <trkpt lat="45.83050683777786" lon="6.113017542127661">
        <ele>1301</ele>
      </trkpt>
      <trkpt lat="45.83045989292722" lon="6.113072339359992">
        <ele>1301</ele>
      </trkpt>
      <trkpt lat="45.83033095086705" lon="6.113149594474426">
        <ele>1303</ele>
      </trkpt>
      <trkpt lat="45.83030153200562" lon="6.113153187735563">
        <ele>1303</ele>
      </trkpt>
      <trkpt lat="45.83026647972493" lon="6.113144204582722">
        <ele>1304</ele>
      </trkpt>
      <trkpt lat="45.83024144236807" lon="6.11311096691721">
        <ele>1304</ele>
      </trkpt>
      <trkpt lat="45.83021390126248" lon="6.113015745497093">
        <ele>1304</ele>
      </trkpt>
      <trkpt lat="45.83018385640451" lon="6.112964541525899">
        <ele>1305</ele>
      </trkpt>
      <trkpt lat="45.83015193372515" lon="6.1128818965197596">
        <ele>1305</ele>
      </trkpt>
      <trkpt lat="45.83014191876313" lon="6.112839675701405">
        <ele>1305</ele>
      </trkpt>
      <trkpt lat="45.83014567437409" lon="6.112807336351176">
        <ele>1305</ele>
      </trkpt>
      <trkpt lat="45.830137537216686" lon="6.112680673896117">
        <ele>1306</ele>
      </trkpt>
      <trkpt lat="45.830139415022344" lon="6.1126258766637855">
        <ele>1306</ele>
      </trkpt>
      <trkpt lat="45.830130651928705" lon="6.112607910358102">
        <ele>1306</ele>
      </trkpt>
      <trkpt lat="45.83011437760832" lon="6.112538740081225">
        <ele>1307</ele>
      </trkpt>
      <trkpt lat="45.830074943658374" lon="6.11249831589344">
        <ele>1307</ele>
      </trkpt>
      <trkpt lat="45.83007682146615" lon="6.11245250181395">
        <ele>1308</ele>
      </trkpt>
      <trkpt lat="45.830025494697544" lon="6.112451603498665">
        <ele>1308</ele>
      </trkpt>
      <trkpt lat="45.829902811010065" lon="6.112520773775542">
        <ele>1309</ele>
      </trkpt>
      <trkpt lat="45.8298708881695" lon="6.112518977144975">
        <ele>1309</ele>
      </trkpt>
      <trkpt lat="45.82984459875766" lon="6.112489332740599">
        <ele>1310</ele>
      </trkpt>
      <trkpt lat="45.82979640147033" lon="6.112321347782468">
        <ele>1311</ele>
      </trkpt>
      <trkpt lat="45.8297275481303" lon="6.1121201251588255">
        <ele>1314</ele>
      </trkpt>
      <trkpt lat="45.82966057252695" lon="6.111991666073197">
        <ele>1315</ele>
      </trkpt>
      <trkpt lat="45.82959359684299" lon="6.111913512643478">
        <ele>1317</ele>
      </trkpt>
      <trkpt lat="45.82956042194163" lon="6.111767985567451">
        <ele>1321</ele>
      </trkpt>
      <trkpt lat="45.82953350644111" lon="6.11173295127137">
        <ele>1322</ele>
      </trkpt>
      <trkpt lat="45.82950471310059" lon="6.111646713004094">
        <ele>1323</ele>
      </trkpt>
      <trkpt lat="45.82944462260273" lon="6.1115236438101705">
        <ele>1324</ele>
      </trkpt>
      <trkpt lat="45.829410821669214" lon="6.1114194392372125">
        <ele>1325</ele>
      </trkpt>
      <trkpt lat="45.82939767685619" lon="6.111316132979539">
        <ele>1325</ele>
      </trkpt>
      <trkpt lat="45.82937952449022" lon="6.111237979549821">
        <ele>1326</ele>
      </trkpt>
      <trkpt lat="45.829363875894146" lon="6.111196657046752">
        <ele>1326</ele>
      </trkpt>
      <trkpt lat="45.829315678190554" lon="6.1111113170947595">
        <ele>1326</ele>
      </trkpt>
      <trkpt lat="45.82926247288485" lon="6.111043943448451">
        <ele>1325</ele>
      </trkpt>
      <trkpt lat="45.82923868696705" lon="6.111025977142769">
        <ele>1325</ele>
      </trkpt>
      <trkpt lat="45.82915481022836" lon="6.111001722630096">
        <ele>1325</ele>
      </trkpt>
      <trkpt lat="45.82906780362709" lon="6.111045740079019">
        <ele>1325</ele>
      </trkpt>
      <trkpt lat="45.82898392663089" lon="6.111071791222258">
        <ele>1325</ele>
      </trkpt>
      <trkpt lat="45.828942614034084" lon="6.111099638996066">
        <ele>1325</ele>
      </trkpt>
      <trkpt lat="45.828814920359136" lon="6.111269420584764">
        <ele>1326</ele>
      </trkpt>
      <trkpt lat="45.82880553110677" lon="6.111316132979539">
        <ele>1326</ele>
      </trkpt>
      <trkpt lat="45.82881679820941" lon="6.111338590861641">
        <ele>1327</ele>
      </trkpt>
      <trkpt lat="45.82880678300718" lon="6.111411354399655">
        <ele>1328</ele>
      </trkpt>
      <trkpt lat="45.828814920359136" lon="6.111450880272156">
        <ele>1329</ele>
      </trkpt>
      <trkpt lat="45.828810538708225" lon="6.111503880873919">
        <ele>1329</ele>
      </trkpt>
      <trkpt lat="45.82880490515655" lon="6.111526338756023">
        <ele>1329</ele>
      </trkpt>
      <trkpt lat="45.82875357721505" lon="6.11163233995955">
        <ele>1330</ele>
      </trkpt>
      <trkpt lat="45.828733546786005" lon="6.111661984363925">
        <ele>1330</ele>
      </trkpt>
      <trkpt lat="45.82867470735903" lon="6.111723968118529">
        <ele>1329</ele>
      </trkpt>
      <trkpt lat="45.82864278381411" lon="6.111738341163075">
        <ele>1329</ele>
      </trkpt>
      <trkpt lat="45.828524478752676" lon="6.111742832739495">
        <ele>1328</ele>
      </trkpt>
      <trkpt lat="45.82849568489016" lon="6.111731154640803">
        <ele>1328</ele>
      </trkpt>
      <trkpt lat="45.828393654344396" lon="6.111650306265232">
        <ele>1328</ele>
      </trkpt>
      <trkpt lat="45.82834295197906" lon="6.111630543328981">
        <ele>1328</ele>
      </trkpt>
      <trkpt lat="45.82825844793424" lon="6.111573949466081">
        <ele>1328</ele>
      </trkpt>
      <trkpt lat="45.82823090584744" lon="6.111539813485284">
        <ele>1328</ele>
      </trkpt>
      <trkpt lat="45.828193974391525" lon="6.11146255837085">
        <ele>1329</ele>
      </trkpt>
      <trkpt lat="45.828188966734594" lon="6.111423930813633">
        <ele>1329</ele>
      </trkpt>
      <trkpt lat="45.82819272247732" lon="6.1113673369507335">
        <ele>1330</ele>
      </trkpt>
      <trkpt lat="45.82820398970403" lon="6.11132511613238">
        <ele>1330</ele>
      </trkpt>
      <trkpt lat="45.828243424979505" lon="6.111221809874706">
        <ele>1331</ele>
      </trkpt>
      <trkpt lat="45.82824154710987" lon="6.1110807743750994">
        <ele>1332</ele>
      </trkpt>
      <trkpt lat="45.828228402020706" lon="6.111022383881632">
        <ele>1332</ele>
      </trkpt>
      <trkpt lat="45.82820649353189" lon="6.1109675866493">
        <ele>1332</ele>
      </trkpt>
      <trkpt lat="45.828166432272845" lon="6.110903806264128">
        <ele>1332</ele>
      </trkpt>
      <trkpt lat="45.82811572970054" lon="6.110800500006453">
        <ele>1332</ele>
      </trkpt>
      <trkpt lat="45.82802684359817" lon="6.110688210595939">
        <ele>1332</ele>
      </trkpt>
      <trkpt lat="45.82790978914821" lon="6.110583107707697">
        <ele>1334</ele>
      </trkpt>
      <trkpt lat="45.8278853766918" lon="6.1105426835199115">
        <ele>1335</ele>
      </trkpt>
      <trkpt lat="45.827866597871875" lon="6.1104842930264445">
        <ele>1335</ele>
      </trkpt>
      <trkpt lat="45.82786597191111" lon="6.110331579428143">
        <ele>1337</ele>
      </trkpt>
      <trkpt lat="45.82785470461597" lon="6.110285765348654">
        <ele>1338</ele>
      </trkpt>
      <trkpt lat="45.827830918096595" lon="6.110253425998425">
        <ele>1338</ele>
      </trkpt>
      <trkpt lat="45.82780587964412" lon="6.110241747899733">
        <ele>1338</ele>
      </trkpt>
      <trkpt lat="45.82777145175364" lon="6.110236358008028">
        <ele>1338</ele>
      </trkpt>
      <trkpt lat="45.82769445839415" lon="6.110205815288367">
        <ele>1339</ele>
      </trkpt>
      <trkpt lat="45.82767943528718" lon="6.1102067136036515">
        <ele>1340</ele>
      </trkpt>
      <trkpt lat="45.82765752658229" lon="6.110190543928537">
        <ele>1341</ele>
      </trkpt>
      <trkpt lat="45.82763561786876" lon="6.110190543928537">
        <ele>1341</ele>
      </trkpt>
      <trkpt lat="45.827611831255744" lon="6.110213900125924">
        <ele>1341</ele>
      </trkpt>
      <trkpt lat="45.82759868601788" lon="6.110256120944278">
        <ele>1342</ele>
      </trkpt>
      <trkpt lat="45.82755987624986" lon="6.110311816491894">
        <ele>1343</ele>
      </trkpt>
      <trkpt lat="45.827495401898005" lon="6.1104528519915">
        <ele>1344</ele>
      </trkpt>
      <trkpt lat="45.82750040961731" lon="6.110493276179286">
        <ele>1343</ele>
      </trkpt>
      <trkpt lat="45.82750040961731" lon="6.110587599284118">
        <ele>1343</ele>
      </trkpt>
      <trkpt lat="45.82743092747149" lon="6.110781635385488">
        <ele>1343</ele>
      </trkpt>
      <trkpt lat="45.827343918175536" lon="6.110951416974187">
        <ele>1343</ele>
      </trkpt>
      <trkpt lat="45.827305734196955" lon="6.1111158086711805">
        <ele>1343</ele>
      </trkpt>
      <trkpt lat="45.82725064906698" lon="6.111231691342831">
        <ele>1343</ele>
      </trkpt>
      <trkpt lat="45.827227488257414" lon="6.111258640801355">
        <ele>1343</ele>
      </trkpt>
      <trkpt lat="45.82712169957225" lon="6.111348472329767">
        <ele>1344</ele>
      </trkpt>
      <trkpt lat="45.8270816375325" lon="6.111436507227611">
        <ele>1344</ele>
      </trkpt>
      <trkpt lat="45.827049713073926" lon="6.111492202775226">
        <ele>1345</ele>
      </trkpt>
      <trkpt lat="45.826969588861964" lon="6.111610780392731">
        <ele>1345</ele>
      </trkpt>
      <trkpt lat="45.82691074757034" lon="6.111673662462619">
        <ele>1346</ele>
      </trkpt>
      <trkpt lat="45.8268756931543" lon="6.1117086967587">
        <ele>1346</ele>
      </trkpt>
      <trkpt lat="45.826831875103174" lon="6.111731154640803">
        <ele>1347</ele>
      </trkpt>
      <trkpt lat="45.82678492715299" lon="6.11177427377444">
        <ele>1348</ele>
      </trkpt>
      <trkpt lat="45.8266584804769" lon="6.111802121548247">
        <ele>1350</ele>
      </trkpt>
      <trkpt lat="45.826630937598466" lon="6.111814697962224">
        <ele>1350</ele>
      </trkpt>
      <trkpt lat="45.826579607652285" lon="6.111850630573589">
        <ele>1350</ele>
      </trkpt>
      <trkpt lat="45.82650574252474" lon="6.111936868840865">
        <ele>1352</ele>
      </trkpt>
      <trkpt lat="45.826459420276095" lon="6.112012327324732">
        <ele>1352</ele>
      </trkpt>
      <trkpt lat="45.82643688511418" lon="6.112034785206834">
        <ele>1352</ele>
      </trkpt>
      <trkpt lat="45.826403708331384" lon="6.112080599286324">
        <ele>1353</ele>
      </trkpt>
      <trkpt lat="45.82636176784187" lon="6.112118328528258">
        <ele>1353</ele>
      </trkpt>
      <trkpt lat="45.82632358318958" lon="6.11214078641036">
        <ele>1353</ele>
      </trkpt>
      <trkpt lat="45.82621654082798" lon="6.11223421119991">
        <ele>1352</ele>
      </trkpt>
      <trkpt lat="45.82615895070031" lon="6.112336619142298">
        <ele>1352</ele>
      </trkpt>
      <trkpt lat="45.82608758893771" lon="6.112422857409574">
        <ele>1353</ele>
      </trkpt>
      <trkpt lat="45.82605941979573" lon="6.112493824317019">
        <ele>1353</ele>
      </trkpt>
      <trkpt lat="45.826041892322415" lon="6.112581859214863">
        <ele>1353</ele>
      </trkpt>
      <trkpt lat="45.82603938839721" lon="6.112641148023615">
        <ele>1353</ele>
      </trkpt>
      <trkpt lat="45.82602060895453" lon="6.112810929612313">
        <ele>1354</ele>
      </trkpt>
      <trkpt lat="45.825993691742305" lon="6.112937592067374">
        <ele>1355</ele>
      </trkpt>
      <trkpt lat="45.825968652463445" lon="6.1130292202263545">
        <ele>1355</ele>
      </trkpt>
      <trkpt lat="45.82596364460634" lon="6.113032813487491">
        <ele>1356</ele>
      </trkpt>
      <trkpt lat="45.82595362889075" lon="6.113099288818516">
        <ele>1356</ele>
      </trkpt>
      <trkpt lat="45.825923581733136" lon="6.113210679913747">
        <ele>1357</ele>
      </trkpt>
      <trkpt lat="45.825882892848036" lon="6.113272663668352">
        <ele>1357</ele>
      </trkpt>
      <trkpt lat="45.82584658581776" lon="6.113316681117273">
        <ele>1357</ele>
      </trkpt>
      <trkpt lat="45.82577584963901" lon="6.11337686824131">
        <ele>1358</ele>
      </trkpt>
      <trkpt lat="45.825727648828554" lon="6.113408309276252">
        <ele>1359</ele>
      </trkpt>
      <trkpt lat="45.82566880622417" lon="6.113434360419492">
        <ele>1360</ele>
      </trkpt>
      <trkpt lat="45.825575534308896" lon="6.113451428409892">
        <ele>1360</ele>
      </trkpt>
      <trkpt lat="45.82552482937667" lon="6.113468496400288">
        <ele>1360</ele>
      </trkpt>
      <trkpt lat="45.82544658093379" lon="6.113520598686767">
        <ele>1360</ele>
      </trkpt>
      <trkpt lat="45.82539837983822" lon="6.113563717820407">
        <ele>1361</ele>
      </trkpt>
      <trkpt lat="45.82537271430278" lon="6.1135996504317704">
        <ele>1361</ele>
      </trkpt>
      <trkpt lat="45.82534141485331" lon="6.113666125762795">
        <ele>1362</ele>
      </trkpt>
      <trkpt lat="45.82527255600252" lon="6.113715533103422">
        <ele>1363</ele>
      </trkpt>
      <trkpt lat="45.82521183494524" lon="6.113723617940979">
        <ele>1363</ele>
      </trkpt>
      <trkpt lat="45.82512544817231" lon="6.1137128381575705">
        <ele>1363</ele>
      </trkpt>
      <trkpt lat="45.825042817220556" lon="6.113685888699046">
        <ele>1364</ele>
      </trkpt>
      <trkpt lat="45.824972706013796" lon="6.113705651635296">
        <ele>1365</ele>
      </trkpt>
      <trkpt lat="45.82492951245853" lon="6.113690380275466">
        <ele>1365</ele>
      </trkpt>
      <trkpt lat="45.82483874328393" lon="6.113692176906035">
        <ele>1365</ele>
      </trkpt>
      <trkpt lat="45.8248049395535" lon="6.113745177507798">
        <ele>1366</ele>
      </trkpt>
      <trkpt lat="45.82475798989386" lon="6.113793686533141">
        <ele>1367</ele>
      </trkpt>
      <trkpt lat="45.82472356011825" lon="6.11398323105809">
        <ele>1367</ele>
      </trkpt>
      <trkpt lat="45.82470165024999" lon="6.114024553561159">
        <ele>1367</ele>
      </trkpt>
      <trkpt lat="45.82467348040668" lon="6.1140595878572395">
        <ele>1367</ele>
      </trkpt>
      <trkpt lat="45.82461588868266" lon="6.114098215414457">
        <ele>1368</ele>
      </trkpt>
      <trkpt lat="45.824531378979785" lon="6.114119774981275">
        <ele>1369</ele>
      </trkpt>
      <trkpt lat="45.824499453058614" lon="6.114118876665991">
        <ele>1370</ele>
      </trkpt>
      <trkpt lat="45.82445751113442" lon="6.114093723838036">
        <ele>1370</ele>
      </trkpt>
      <trkpt lat="45.82437863519131" lon="6.114078452478205">
        <ele>1371</ele>
      </trkpt>
      <trkpt lat="45.82429662913198" lon="6.114026350191728">
        <ele>1371</ele>
      </trkpt>
      <trkpt lat="45.824235907010205" lon="6.113976942851101">
        <ele>1371</ele>
      </trkpt>
      <trkpt lat="45.824199598905764" lon="6.1139661630676905">
        <ele>1371</ele>
      </trkpt>
      <trkpt lat="45.824167672794324" lon="6.113939213609168">
        <ele>1371</ele>
      </trkpt>
      <trkpt lat="45.82415765675561" lon="6.113945501816157">
        <ele>1372</ele>
      </trkpt>
      <trkpt lat="45.82414138068885" lon="6.113928433825759">
        <ele>1372</ele>
      </trkpt>
      <trkpt lat="45.824081910404395" lon="6.113905975943655">
        <ele>1374</ele>
      </trkpt>
      <trkpt lat="45.82398863583033" lon="6.1139275355104745">
        <ele>1375</ele>
      </trkpt>
      <trkpt lat="45.82386969487159" lon="6.1139275355104745">
        <ele>1375</ele>
      </trkpt>
      <trkpt lat="45.82382149241067" lon="6.113904179313087">
        <ele>1375</ele>
      </trkpt>
      <trkpt lat="45.82379144410223" lon="6.113853873657177">
        <ele>1375</ele>
      </trkpt>
      <trkpt lat="45.82376890786026" lon="6.113827822513936">
        <ele>1375</ele>
      </trkpt>
      <trkpt lat="45.823762647791455" lon="6.113805364631833">
        <ele>1375</ele>
      </trkpt>
      <trkpt lat="45.8237469976163" lon="6.113778415173311">
        <ele>1375</ele>
      </trkpt>
      <trkpt lat="45.8236818928404" lon="6.113727211202116">
        <ele>1374</ele>
      </trkpt>
      <trkpt lat="45.82358986961385" lon="6.113685888699046">
        <ele>1373</ele>
      </trkpt>
      <trkpt lat="45.82352852071164" lon="6.113647261141828">
        <ele>1373</ele>
      </trkpt>
      <trkpt lat="45.82348344800571" lon="6.1136517527182495">
        <ele>1372</ele>
      </trkpt>
      <trkpt lat="45.82339392849544" lon="6.113678702176774">
        <ele>1372</ele>
      </trkpt>
      <trkpt lat="45.82337139209255" lon="6.113670617339215">
        <ele>1372</ele>
      </trkpt>
      <trkpt lat="45.82328562847594" lon="6.113614921791601">
        <ele>1371</ele>
      </trkpt>
      <trkpt lat="45.82319485662099" lon="6.113505327326939">
        <ele>1370</ele>
      </trkpt>
      <trkpt lat="45.823184840407244" lon="6.113483767760119">
        <ele>1370</ele>
      </trkpt>
      <trkpt lat="45.823180458313175" lon="6.113429868843072">
        <ele>1369</ele>
      </trkpt>
      <trkpt lat="45.82318296236695" lon="6.113377766556592">
        <ele>1369</ele>
      </trkpt>
      <trkpt lat="45.82319861270068" lon="6.113286138397614">
        <ele>1369</ele>
      </trkpt>
      <trkpt lat="45.82320487283295" lon="6.113264578830795">
        <ele>1369</ele>
      </trkpt>
      <trkpt lat="45.823220523160494" lon="6.113242120948691">
        <ele>1369</ele>
      </trkpt>
      <trkpt lat="45.8232505717771" lon="6.113139713006301">
        <ele>1368</ele>
      </trkpt>
      <trkpt lat="45.82325683190349" lon="6.113055271369594">
        <ele>1367</ele>
      </trkpt>
      <trkpt lat="45.823226783290295" lon="6.112996880876127">
        <ele>1367</ele>
      </trkpt>
      <trkpt lat="45.82318797047424" lon="6.1129465752202155">
        <ele>1367</ele>
      </trkpt>
      <trkpt lat="45.82312662112914" lon="6.112909744293567">
        <ele>1367</ele>
      </trkpt>
      <trkpt lat="45.823099702517624" lon="6.1129079476629995">
        <ele>1367</ele>
      </trkpt>
      <trkpt lat="45.82302958886369" lon="6.112953761742488">
        <ele>1368</ele>
      </trkpt>
      <trkpt lat="45.82298639380081" lon="6.113015745497093">
        <ele>1369</ele>
      </trkpt>
      <trkpt lat="45.822982637706794" lon="6.113061559576583">
        <ele>1369</ele>
      </trkpt>
      <trkpt lat="45.82297074340742" lon="6.113105577025506">
        <ele>1370</ele>
      </trkpt>
      <trkpt lat="45.82294883284931" lon="6.113150492789711">
        <ele>1371</ele>
      </trkpt>
      <trkpt lat="45.82293443447784" lon="6.113198103499769">
        <ele>1371</ele>
      </trkpt>
      <trkpt lat="45.82289875154122" lon="6.113246612525113">
        <ele>1372</ele>
      </trkpt>
      <trkpt lat="45.82288372714002" lon="6.113276256929487">
        <ele>1372</ele>
      </trkpt>
      <trkpt lat="45.82287496290409" lon="6.113311291225568">
        <ele>1372</ele>
      </trkpt>
      <trkpt lat="45.8228849791736" lon="6.11340112275398">
        <ele>1372</ele>
      </trkpt>
      <trkpt lat="45.82291753203704" lon="6.113508920588074">
        <ele>1372</ele>
      </trkpt>
      <trkpt lat="45.82293067838034" lon="6.113663430816944">
        <ele>1372</ele>
      </trkpt>
      <trkpt lat="45.822928800331475" lon="6.1137388893008096">
        <ele>1372</ele>
      </trkpt>
      <trkpt lat="45.82291565398774" lon="6.1138646534405865">
        <ele>1372</ele>
      </trkpt>
      <trkpt lat="45.82292567024992" lon="6.113980536112238">
        <ele>1373</ele>
      </trkpt>
      <trkpt lat="45.82292567024992" lon="6.114024553561159">
        <ele>1373</ele>
      </trkpt>
      <trkpt lat="45.82291753203704" lon="6.114061384487807">
        <ele>1373</ele>
      </trkpt>
      <trkpt lat="45.82288372714002" lon="6.114129656449402">
        <ele>1373</ele>
      </trkpt>
      <trkpt lat="45.822860564513526" lon="6.114199725041562">
        <ele>1374</ele>
      </trkpt>
      <trkpt lat="45.82281549126681" lon="6.114278776786565">
        <ele>1375</ele>
      </trkpt>
      <trkpt lat="45.82279545870101" lon="6.114305726245088">
        <ele>1375</ele>
      </trkpt>
      <trkpt lat="45.82271345030959" lon="6.114381184728955">
        <ele>1376</ele>
      </trkpt>
      <trkpt lat="45.82267776723134" lon="6.114397354404069">
        <ele>1376</ele>
      </trkpt>
      <trkpt lat="45.822600766826646" lon="6.1143892695665105">
        <ele>1377</ele>
      </trkpt>
      <trkpt lat="45.82252251427373" lon="6.114390167881797">
        <ele>1377</ele>
      </trkpt>
      <trkpt lat="45.82248683107309" lon="6.114359625162137">
        <ele>1377</ele>
      </trkpt>
      <trkpt lat="45.822446765697755" lon="6.114266200372587">
        <ele>1376</ele>
      </trkpt>
      <trkpt lat="45.82243048913078" lon="6.114248234066904">
        <ele>1375</ele>
      </trkpt>
      <trkpt lat="45.82240544824923" lon="6.1141943351498576">
        <ele>1375</ele>
      </trkpt>
      <trkpt lat="45.822366634860586" lon="6.1140685710100815">
        <ele>1374</ele>
      </trkpt>
      <trkpt lat="45.82234159395031" lon="6.113952688338429">
        <ele>1373</ele>
      </trkpt>
      <trkpt lat="45.82231279688959" lon="6.113884416376837">
        <ele>1373</ele>
      </trkpt>
      <trkpt lat="45.82230278051715" lon="6.113878128169848">
        <ele>1373</ele>
      </trkpt>
      <trkpt lat="45.82227899162537" lon="6.113793686533141">
        <ele>1372</ele>
      </trkpt>
      <trkpt lat="45.82220073862021" lon="6.11365624429467">
        <ele>1372</ele>
      </trkpt>
      <trkpt lat="45.82219948657122" lon="6.113608633584612">
        <ele>1371</ele>
      </trkpt>
      <trkpt lat="45.82222139742426" lon="6.113501734065802">
        <ele>1371</ele>
      </trkpt>
      <trkpt lat="45.82221576320573" lon="6.1134828694448355">
        <ele>1371</ele>
      </trkpt>
      <trkpt lat="45.822237674052325" lon="6.113377766556592">
        <ele>1370</ele>
      </trkpt>
      <trkpt lat="45.82223078778717" lon="6.113322969324262">
        <ele>1370</ele>
      </trkpt>
      <trkpt lat="45.82223391790783" lon="6.1132852400823285">
        <ele>1370</ele>
      </trkpt>
      <trkpt lat="45.8222026166936" lon="6.113244815894543">
        <ele>1369</ele>
      </trkpt>
      <trkpt lat="45.82217068943699" lon="6.113251104101533">
        <ele>1369</ele>
      </trkpt>
      <trkpt lat="45.82213563203605" lon="6.113286138397614">
        <ele>1369</ele>
      </trkpt>
      <trkpt lat="45.822103704741046" lon="6.113368783403751">
        <ele>1368</ele>
      </trkpt>
      <trkpt lat="45.82210057461306" lon="6.11340112275398">
        <ele>1368</ele>
      </trkpt>
      <trkpt lat="45.82209181025389" lon="6.1134307671583565">
        <ele>1368</ele>
      </trkpt>
      <trkpt lat="45.822065517168014" lon="6.113487361021256">
        <ele>1367</ele>
      </trkpt>
      <trkpt lat="45.82205299664655" lon="6.113495445858812">
        <ele>1367</ele>
      </trkpt>
      <trkpt lat="45.82202670354235" lon="6.113528683524326">
        <ele>1367</ele>
      </trkpt>
      <trkpt lat="45.82199665426521" lon="6.11360144706234">
        <ele>1366</ele>
      </trkpt>
      <trkpt lat="45.821914644697145" lon="6.1137676353899">
        <ele>1366</ele>
      </trkpt>
      <trkpt lat="45.82189085563953" lon="6.113842195558483">
        <ele>1366</ele>
      </trkpt>
      <trkpt lat="45.821885847415594" lon="6.113875433223995">
        <ele>1366</ele>
      </trkpt>
      <trkpt lat="45.82189273372338" lon="6.114066774379514">
        <ele>1366</ele>
      </trkpt>
      <trkpt lat="45.82190275016961" lon="6.114165589060766">
        <ele>1366</ele>
      </trkpt>
      <trkpt lat="45.82192090497377" lon="6.1142527256433254">
        <ele>1366</ele>
      </trkpt>
      <trkpt lat="45.821919652918496" lon="6.114294946461678">
        <ele>1366</ele>
      </trkpt>
      <trkpt lat="45.82193279949744" lon="6.114379388098387">
        <ele>1366</ele>
      </trkpt>
      <trkpt lat="45.82193092141493" lon="6.114427897123729">
        <ele>1366</ele>
      </trkpt>
      <trkpt lat="45.821919652918496" lon="6.114510542129867">
        <ele>1365</ele>
      </trkpt>
      <trkpt lat="45.82189461180718" lon="6.114614746702826">
        <ele>1364</ele>
      </trkpt>
      <trkpt lat="45.821848911750024" lon="6.114752188941296">
        <ele>1361</ele>
      </trkpt>
      <trkpt lat="45.82182261854944" lon="6.114850105307265">
        <ele>1360</ele>
      </trkpt>
      <trkpt lat="45.82181385414648" lon="6.114920173899426">
        <ele>1360</ele>
      </trkpt>
      <trkpt lat="45.82180947194449" lon="6.115026175102952">
        <ele>1359</ele>
      </trkpt>
      <trkpt lat="45.82181886237694" lon="6.115168108917844">
        <ele>1358</ele>
      </trkpt>
      <trkpt lat="45.821844529550795" lon="6.115295669688187">
        <ele>1357</ele>
      </trkpt>
      <trkpt lat="45.82184578160774" lon="6.115450179917057">
        <ele>1357</ele>
      </trkpt>
      <trkpt lat="45.821857676147445" lon="6.11559031710138">
        <ele>1358</ele>
      </trkpt>
      <trkpt lat="45.8218507898353" lon="6.115741234069111">
        <ele>1359</ele>
      </trkpt>
      <trkpt lat="45.82185642409077" lon="6.115757403744226">
        <ele>1359</ele>
      </trkpt>
      <trkpt lat="45.821816984290535" lon="6.115843642011502">
        <ele>1361</ele>
      </trkpt>
      <trkpt lat="45.82177441431612" lon="6.115879574622865">
        <ele>1361</ele>
      </trkpt>
      <trkpt lat="45.821729966219856" lon="6.115905625766105">
        <ele>1361</ele>
      </trkpt>
      <trkpt lat="45.821694908541424" lon="6.115903829135537">
        <ele>1361</ele>
      </trkpt>
      <trkpt lat="45.82163856579769" lon="6.115875981361729">
        <ele>1361</ele>
      </trkpt>
      <trkpt lat="45.82162667121117" lon="6.115851726849058">
        <ele>1361</ele>
      </trkpt>
      <trkpt lat="45.8215596858607" lon="6.115760997005363">
        <ele>1360</ele>
      </trkpt>
      <trkpt lat="45.821520871882406" lon="6.1156936233590535">
        <ele>1360</ele>
      </trkpt>
      <trkpt lat="45.82147141532249" lon="6.115628944658596">
        <ele>1360</ele>
      </trkpt>
      <trkpt lat="45.82141569838591" lon="6.115577740687401">
        <ele>1360</ele>
      </trkpt>
      <trkpt lat="45.82135059088375" lon="6.11554899459831">
        <ele>1360</ele>
      </trkpt>
      <trkpt lat="45.82124166085412" lon="6.115484315897854">
        <ele>1360</ele>
      </trkpt>
      <trkpt lat="45.8211346087208" lon="6.115438501818362">
        <ele>1360</ele>
      </trkpt>
      <trkpt lat="45.82108452578074" lon="6.115398975945861">
        <ele>1360</ele>
      </trkpt>
      <trkpt lat="45.82104445939627" lon="6.115355856812226">
        <ele>1360</ele>
      </trkpt>
      <trkpt lat="45.820954935964224" lon="6.1152076347903455">
        <ele>1360</ele>
      </trkpt>
      <trkpt lat="45.8208409968426" lon="6.11506031108375">
        <ele>1360</ele>
      </trkpt>
      <trkpt lat="45.8206988856333" lon="6.114952513249656">
        <ele>1360</ele>
      </trkpt>
      <trkpt lat="45.820676974181076" lon="6.114941733466245">
        <ele>1359</ele>
      </trkpt>
      <trkpt lat="45.82058244181697" lon="6.114922868845278">
        <ele>1359</ele>
      </trkpt>
      <trkpt lat="45.82055489593233" lon="6.114909394116017">
        <ele>1359</ele>
      </trkpt>
      <trkpt lat="45.82053048025049" lon="6.114885139603346">
        <ele>1359</ele>
      </trkpt>
      <trkpt lat="45.82049667390404" lon="6.114835732262719">
        <ele>1359</ele>
      </trkpt>
      <trkpt lat="45.820463493581144" lon="6.114759375463569">
        <ele>1359</ele>
      </trkpt>
      <trkpt lat="45.82045097269942" lon="6.114667747304589">
        <ele>1359</ele>
      </trkpt>
      <trkpt lat="45.82042467883866" lon="6.11458510229845">
        <ele>1359</ele>
      </trkpt>
      <trkpt lat="45.820354561815925" lon="6.1144126257639">
        <ele>1359</ele>
      </trkpt>
      <trkpt lat="45.82033578045556" lon="6.11434525211759">
        <ele>1359</ele>
      </trkpt>
      <trkpt lat="45.82028569679692" lon="6.1142509290127585">
        <ele>1359</ele>
      </trkpt>
      <trkpt lat="45.82022684844047" lon="6.114114385089571">
        <ele>1360</ele>
      </trkpt>
      <trkpt lat="45.820172382353" lon="6.114033536714">
        <ele>1360</ele>
      </trkpt>
      <trkpt lat="45.82011353387678" lon="6.113991315895647">
        <ele>1361</ele>
      </trkpt>
      <trkpt lat="45.82006845840611" lon="6.113977841166386">
        <ele>1361</ele>
      </trkpt>
      <trkpt lat="45.81998769809659" lon="6.113978739481669">
        <ele>1362</ele>
      </trkpt>
      <trkpt lat="45.81997079476116" lon="6.113984129373373">
        <ele>1362</ele>
      </trkpt>
      <trkpt lat="45.81996077796739" lon="6.113997604102636">
        <ele>1362</ele>
      </trkpt>
      <trkpt lat="45.81994637882316" lon="6.11403533334457">
        <ele>1362</ele>
      </trkpt>
      <trkpt lat="45.81985184521861" lon="6.114206911563836">
        <ele>1363</ele>
      </trkpt>
      <trkpt lat="45.81982555107491" lon="6.114297641407531">
        <ele>1364</ele>
      </trkpt>
      <trkpt lat="45.81980363927903" lon="6.114403642611059">
        <ele>1364</ele>
      </trkpt>
      <trkpt lat="45.819764824076536" lon="6.1144808977254925">
        <ele>1365</ele>
      </trkpt>
      <trkpt lat="45.819701592801664" lon="6.114658764151748">
        <ele>1366</ele>
      </trkpt>
      <trkpt lat="45.819691575959446" lon="6.114767460301127">
        <ele>1366</ele>
      </trkpt>
      <trkpt lat="45.81970284490681" lon="6.114928258736983">
        <ele>1367</ele>
      </trkpt>
      <trkpt lat="45.81971599200919" lon="6.11498215765403">
        <ele>1367</ele>
      </trkpt>
      <trkpt lat="45.819723504637714" lon="6.1150576161378964">
        <ele>1368</ele>
      </trkpt>
      <trkpt lat="45.819709731484615" lon="6.115241770771141">
        <ele>1369</ele>
      </trkpt>
      <trkpt lat="45.8196884456959" lon="6.1153504669205185">
        <ele>1369</ele>
      </trkpt>
      <trkpt lat="45.81968468937939" lon="6.1154007725764306">
        <ele>1369</ele>
      </trkpt>
      <trkpt lat="45.81966465568706" lon="6.11546185801575">
        <ele>1370</ele>
      </trkpt>
      <trkpt lat="45.819637735401656" lon="6.115504977149389">
        <ele>1370</ele>
      </trkpt>
      <trkpt lat="45.819611441156866" lon="6.1155633676428565">
        <ele>1371</ele>
      </trkpt>
      <trkpt lat="45.81958577295353" lon="6.1156001985695045">
        <ele>1371</ele>
      </trkpt>
      <trkpt lat="45.81953068018444" lon="6.115653199171268">
        <ele>1371</ele>
      </trkpt>
      <trkpt lat="45.819477465526205" lon="6.115682843575644">
        <ele>1371</ele>
      </trkpt>
      <trkpt lat="45.8192689887869" lon="6.1157475222761">
        <ele>1372</ele>
      </trkpt>
      <trkpt lat="45.819160680743366" lon="6.115750217221952">
        <ele>1373</ele>
      </trkpt>
      <trkpt lat="45.818965976158466" lon="6.1157367424926905">
        <ele>1374</ele>
      </trkpt>
      <trkpt lat="45.81889147486709" lon="6.115738539123259">
        <ele>1375</ele>
      </trkpt>
      <trkpt lat="45.818877701508185" lon="6.1157322509162695">
        <ele>1375</ele>
      </trkpt>
      <trkpt lat="45.818786922466536" lon="6.115753810483088">
        <ele>1376</ele>
      </trkpt>
      <trkpt lat="45.818744976238705" lon="6.115753810483088">
        <ele>1377</ele>
      </trkpt>
      <trkpt lat="45.81860473787439" lon="6.1157304542857025">
        <ele>1378</ele>
      </trkpt>
      <trkpt lat="45.8185615393785" lon="6.115709793034166">
        <ele>1378</ele>
      </trkpt>
      <trkpt lat="45.81847576835258" lon="6.11563163960445">
        <ele>1378</ele>
      </trkpt>
      <trkpt lat="45.818373719441574" lon="6.115557977751151">
        <ele>1379</ele>
      </trkpt>
      <trkpt lat="45.8183148690643" lon="6.115525638400922">
        <ele>1379</ele>
      </trkpt>
      <trkpt lat="45.818271670343535" lon="6.115512163671661">
        <ele>1380</ele>
      </trkpt>
      <trkpt lat="45.818195915984184" lon="6.115442993394783">
        <ele>1380</ele>
      </trkpt>
      <trkpt lat="45.818127674365606" lon="6.115395382684724">
        <ele>1381</ele>
      </trkpt>
      <trkpt lat="45.81803063338785" lon="6.115340585452395">
        <ele>1381</ele>
      </trkpt>
      <trkpt lat="45.817944861544106" lon="6.115320822516145">
        <ele>1382</ele>
      </trkpt>
      <trkpt lat="45.81790291468193" lon="6.115284889904779">
        <ele>1382</ele>
      </trkpt>
      <trkpt lat="45.81788788893255" lon="6.115263330337959">
        <ele>1382</ele>
      </trkpt>
      <trkpt lat="45.81786284600792" lon="6.1151968550069356">
        <ele>1382</ele>
      </trkpt>
      <trkpt lat="45.817845942027425" lon="6.1150513279309076">
        <ele>1382</ele>
      </trkpt>
      <trkpt lat="45.817821525157676" lon="6.1149255637911315">
        <ele>1382</ele>
      </trkpt>
      <trkpt lat="45.81781964693648" lon="6.11481866427232">
        <ele>1383</ele>
      </trkpt>
      <trkpt lat="45.81780775153411" lon="6.114756680517717">
        <ele>1383</ele>
      </trkpt>
      <trkpt lat="45.817809629755686" lon="6.114724341167488">
        <ele>1383</ele>
      </trkpt>
      <trkpt lat="45.81782590767354" lon="6.114646187737771">
        <ele>1384</ele>
      </trkpt>
      <trkpt lat="45.81783279448351" lon="6.114547373056516">
        <ele>1384</ele>
      </trkpt>
      <trkpt lat="45.817855959201694" lon="6.1144045409263414">
        <ele>1385</ele>
      </trkpt>
      <trkpt lat="45.81786096778812" lon="6.1143398622258855">
        <ele>1385</ele>
      </trkpt>
      <trkpt lat="45.81791481006397" lon="6.114198826726279">
        <ele>1386</ele>
      </trkpt>
      <trkpt lat="45.817952374411604" lon="6.114139537917526">
        <ele>1387</ele>
      </trkpt>
      <trkpt lat="45.81802750303089" lon="6.113979637796953">
        <ele>1388</ele>
      </trkpt>
      <trkpt lat="45.818071954082924" lon="6.113913162465928">
        <ele>1389</ele>
      </trkpt>
      <trkpt lat="45.81810764011309" lon="6.113839500612631">
        <ele>1389</ele>
      </trkpt>
      <trkpt lat="45.81815647359099" lon="6.113764940444048">
        <ele>1390</ele>
      </trkpt>
      <trkpt lat="45.81818276852289" lon="6.113701160058876">
        <ele>1390</ele>
      </trkpt>
      <trkpt lat="45.81819779419269" lon="6.113648159457113">
        <ele>1390</ele>
      </trkpt>
      <trkpt lat="45.81821469806638" lon="6.113564616135689">
        <ele>1391</ele>
      </trkpt>
      <trkpt lat="45.81821845448203" lon="6.113511615533926">
        <ele>1391</ele>
      </trkpt>
      <trkpt lat="45.81821782841276" lon="6.113453225040459">
        <ele>1392</ele>
      </trkpt>
      <trkpt lat="45.81820781130363" lon="6.113398427808129">
        <ele>1392</ele>
      </trkpt>
      <trkpt lat="45.81819090742787" lon="6.113351715413353">
        <ele>1392</ele>
      </trkpt>
      <trkpt lat="45.8181758817562" lon="6.1133265625853985">
        <ele>1392</ele>
      </trkpt>
      <trkpt lat="45.818084475499624" lon="6.1132529007321">
        <ele>1393</ele>
      </trkpt>
      <trkpt lat="45.81799557338011" lon="6.113221459697155">
        <ele>1394</ele>
      </trkpt>
      <trkpt lat="45.817966774071486" lon="6.113203493391474">
        <ele>1394</ele>
      </trkpt>
      <trkpt lat="45.81791481006397" lon="6.113158577627267">
        <ele>1394</ele>
      </trkpt>
      <trkpt lat="45.81790166253631" lon="6.113137916375734">
        <ele>1394</ele>
      </trkpt>
      <trkpt lat="45.81788788893255" lon="6.113097492187948">
        <ele>1395</ele>
      </trkpt>
      <trkpt lat="45.81788726285958" lon="6.113044491586185">
        <ele>1393</ele>
      </trkpt>
      <trkpt lat="45.817884758567594" lon="6.113038203379196">
        <ele>1393</ele>
      </trkpt>
      <trkpt lat="45.817912931845925" lon="6.1129402870132274">
        <ele>1383</ele>
      </trkpt>
      <trkpt lat="45.817927331516" lon="6.112850455484814">
        <ele>1383</ele>
      </trkpt>
      <trkpt lat="45.81797053050392" lon="6.112746250911858">
        <ele>1384</ele>
      </trkpt>
      <trkpt lat="45.817980547655715" lon="6.112702233462936">
        <ele>1384</ele>
      </trkpt>
      <trkpt lat="45.817996825523615" lon="6.1126627075904345">
        <ele>1384</ele>
      </trkpt>
      <trkpt lat="45.818050667668075" lon="6.112555808071623">
        <ele>1385</ele>
      </trkpt>
      <trkpt lat="45.8180825972873" lon="6.112531553558952">
        <ele>1386</ele>
      </trkpt>
      <trkpt lat="45.8181013794077" lon="6.11250460410043">
        <ele>1386</ele>
      </trkpt>
      <trkpt lat="45.81814958682105" lon="6.112459688336223">
        <ele>1387</ele>
      </trkpt>
      <trkpt lat="45.818229723727534" lon="6.112396806266334">
        <ele>1385</ele>
      </trkpt>
      <trkpt lat="45.81825288828058" lon="6.112359975339686">
        <ele>1386</ele>
      </trkpt>
      <trkpt lat="45.818271670343535" lon="6.112309669683774">
        <ele>1387</ele>
      </trkpt>
      <trkpt lat="45.81829045240017" lon="6.112215346578942">
        <ele>1388</ele>
      </trkpt>
      <trkpt lat="45.818297965221056" lon="6.1121246167352465">
        <ele>1389</ele>
      </trkpt>
      <trkpt lat="45.818297965221056" lon="6.111996157649618">
        <ele>1390</ele>
      </trkpt>
      <trkpt lat="45.81829045240017" lon="6.11191171601291">
        <ele>1391</ele>
      </trkpt>
      <trkpt lat="45.8182654096566" lon="6.11178325692728">
        <ele>1391</ele>
      </trkpt>
      <trkpt lat="45.81821782841276" lon="6.111667374255629">
        <ele>1392</ele>
      </trkpt>
      <trkpt lat="45.81813769148916" lon="6.111524542125456">
        <ele>1392</ele>
      </trkpt>
      <trkpt lat="45.81796740014358" lon="6.111249657648514">
        <ele>1392</ele>
      </trkpt>
      <trkpt lat="45.817890393224395" lon="6.111155334543681">
        <ele>1392</ele>
      </trkpt>
      <trkpt lat="45.81784969846799" lon="6.111076282798678">
        <ele>1392</ele>
      </trkpt>
      <trkpt lat="45.81782089908396" lon="6.110989146216119">
        <ele>1392</ele>
      </trkpt>
      <trkpt lat="45.81780462116463" lon="6.110889433219581">
        <ele>1392</ele>
      </trkpt>
      <trkpt lat="45.81779773435118" lon="6.110841822509524">
        <ele>1392</ele>
      </trkpt>
      <trkpt lat="45.81779773435118" lon="6.11074929603526">
        <ele>1392</ele>
      </trkpt>
      <trkpt lat="45.8178234033788" lon="6.110664854398552">
        <ele>1392</ele>
      </trkpt>
      <trkpt lat="45.81792983580606" lon="6.1104474620997955">
        <ele>1393</ele>
      </trkpt>
      <trkpt lat="45.81793860082041" lon="6.11041152948843">
        <ele>1393</ele>
      </trkpt>
      <trkpt lat="45.81796740014358" lon="6.110357630571383">
        <ele>1394</ele>
      </trkpt>
      <trkpt lat="45.81801873803054" lon="6.110323494590586">
        <ele>1394</ele>
      </trkpt>
      <trkpt lat="45.817980547655715" lon="6.110281273772234">
        <ele>1396</ele>
      </trkpt>
      <trkpt lat="45.81797053050392" lon="6.110249832737289">
        <ele>1396</ele>
      </trkpt>
      <trkpt lat="45.81797053050392" lon="6.1101959338202425">
        <ele>1396</ele>
      </trkpt>
      <trkpt lat="45.81798367801532" lon="6.110077356202738">
        <ele>1396</ele>
      </trkpt>
      <trkpt lat="45.817977417295964" lon="6.110027948862111">
        <ele>1396</ele>
      </trkpt>
      <trkpt lat="45.817980547655715" lon="6.109984829728473">
        <ele>1396</ele>
      </trkpt>
      <trkpt lat="45.817996825523615" lon="6.109894998200062">
        <ele>1396</ele>
      </trkpt>
      <trkpt lat="45.81799995588227" lon="6.109809658248071">
        <ele>1396</ele>
      </trkpt>
      <trkpt lat="45.81801247731516" lon="6.109739589655909">
        <ele>1396</ele>
      </trkpt>
      <trkpt lat="45.81806944979926" lon="6.1095644181755056">
        <ele>1397</ele>
      </trkpt>
      <trkpt lat="45.81807696264994" lon="6.109524892303004">
        <ele>1397</ele>
      </trkpt>
      <trkpt lat="45.8181013794077" lon="6.109444942242718">
        <ele>1397</ele>
      </trkpt>
      <trkpt lat="45.81813080471691" lon="6.109363195551863">
        <ele>1397</ele>
      </trkpt>
      <trkpt lat="45.81814958682105" lon="6.109271567392883">
        <ele>1398</ele>
      </trkpt>
      <trkpt lat="45.81818151638357" lon="6.109009259329921">
        <ele>1399</ele>
      </trkpt>
      <trkpt lat="45.818194663845155" lon="6.108956258728156">
        <ele>1399</ele>
      </trkpt>
      <trkpt lat="45.81821344592774" lon="6.108904156441678">
        <ele>1399</ele>
      </trkpt>
      <trkpt lat="45.818239740832745" lon="6.108857444046905">
        <ele>1399</ele>
      </trkpt>
      <trkpt lat="45.81831987760948" lon="6.108751442843378">
        <ele>1399</ele>
      </trkpt>
      <trkpt lat="45.81833552931021" lon="6.108717306862582">
        <ele>1399</ele>
      </trkpt>
      <trkpt lat="45.818351807074315" lon="6.108667899521955">
        <ele>1399</ele>
      </trkpt>
      <trkpt lat="45.818351807074315" lon="6.108613102289623">
        <ele>1400</ele>
      </trkpt>
      <trkpt lat="45.81834867673543" lon="6.108563694948996">
        <ele>1399</ele>
      </trkpt>
      <trkpt lat="45.81833552931021" lon="6.108516982554222">
        <ele>1399</ele>
      </trkpt>
      <trkpt lat="45.81828794812632" lon="6.108427151025811">
        <ele>1400</ele>
      </trkpt>
      <trkpt lat="45.81814645647082" lon="6.108254674491261">
        <ele>1401</ele>
      </trkpt>
      <trkpt lat="45.81812141366248" lon="6.1082367081855775">
        <ele>1401</ele>
      </trkpt>
      <trkpt lat="45.81809887512536" lon="6.108207962096485">
        <ele>1402</ele>
      </trkpt>
      <trkpt lat="45.81803438981594" lon="6.108157656440574">
        <ele>1402</ele>
      </trkpt>
      <trkpt lat="45.81799369516478" lon="6.108144181711313">
        <ele>1400</ele>
      </trkpt>
      <trkpt lat="45.81793860082041" lon="6.108144181711313">
        <ele>1400</ele>
      </trkpt>
      <trkpt lat="45.81766938903564" lon="6.108157656440574">
        <ele>1400</ele>
      </trkpt>
      <trkpt lat="45.81753290442432" lon="6.1081819109532445">
        <ele>1398</ele>
      </trkpt>
      <trkpt lat="45.81747780962404" lon="6.108174724430973">
        <ele>1398</ele>
      </trkpt>
      <trkpt lat="45.81740455849834" lon="6.108122622144493">
        <ele>1398</ele>
      </trkpt>
      <trkpt lat="45.81738139359239" lon="6.108081299641425">
        <ele>1399</ele>
      </trkpt>
      <trkpt lat="45.81736574162346" lon="6.108021112517389">
        <ele>1399</ele>
      </trkpt>
      <trkpt lat="45.81735948083465" lon="6.107943857402954">
        <ele>1400</ele>
      </trkpt>
      <trkpt lat="45.81737575888408" lon="6.1078675006038035">
        <ele>1400</ele>
      </trkpt>
      <trkpt lat="45.81738577614291" lon="6.10777497412954">
        <ele>1400</ele>
      </trkpt>
      <trkpt lat="45.817439618878204" lon="6.107576446451749">
        <ele>1400</ele>
      </trkpt>
      <trkpt lat="45.81746153160444" lon="6.10732581648748">
        <ele>1400</ele>
      </trkpt>
      <trkpt lat="45.8174584012155" lon="6.107127288809689">
        <ele>1402</ele>
      </trkpt>
      <trkpt lat="45.817452766515004" lon="6.107051830325824">
        <ele>1403</ele>
      </trkpt>
      <trkpt lat="45.8174584012155" lon="6.106961998797412">
        <ele>1403</ele>
      </trkpt>
      <trkpt lat="45.81747154884781" lon="6.106922472924911">
        <ele>1404</ele>
      </trkpt>
      <trkpt lat="45.81747467923604" lon="6.106864980746727">
        <ele>1404</ele>
      </trkpt>
      <trkpt lat="45.81748469647705" lon="6.106816471721385">
        <ele>1404</ele>
      </trkpt>
      <trkpt lat="45.81751975680646" lon="6.106736521661098">
        <ele>1404</ele>
      </trkpt>
      <trkpt lat="45.81752539150021" lon="6.1066421985562656">
        <ele>1403</ele>
      </trkpt>
      <trkpt lat="45.81752288719196" lon="6.106447264139611">
        <ele>1404</ele>
      </trkpt>
      <trkpt lat="45.81767690194032" lon="6.105994513236414">
        <ele>1402</ele>
      </trkpt>
      <trkpt lat="45.81770194494857" lon="6.10585617268266">
        <ele>1403</ele>
      </trkpt>
      <trkpt lat="45.81770194494857" lon="6.105826528278285">
        <ele>1403</ele>
      </trkpt>
      <trkpt lat="45.81767940624165" lon="6.105784307459932">
        <ele>1404</ele>
      </trkpt>
      <trkpt lat="45.817663754356474" lon="6.105736696749872">
        <ele>1403</ele>
      </trkpt>
      <trkpt lat="45.817596764238246" lon="6.105662136581291">
        <ele>1403</ele>
      </trkpt>
      <trkpt lat="45.81755481711381" lon="6.105637882068619">
        <ele>1403</ele>
      </trkpt>
      <trkpt lat="45.81751975680646" lon="6.1056244073393575">
        <ele>1403</ele>
      </trkpt>
      <trkpt lat="45.81746153160444" lon="6.105644170275608">
        <ele>1404</ele>
      </trkpt>
      <trkpt lat="45.817391410850206" lon="6.105801375450328">
        <ele>1405</ele>
      </trkpt>
      <trkpt lat="45.817340698463994" lon="6.1058696474119225">
        <ele>1406</ele>
      </trkpt>
      <trkpt lat="45.817234890991" lon="6.105957682309765">
        <ele>1407</ele>
      </trkpt>
      <trkpt lat="45.81713597021308" lon="6.10605649699102">
        <ele>1408</ele>
      </trkpt>
      <trkpt lat="45.81710654437815" lon="6.106079853188406">
        <ele>1408</ele>
      </trkpt>
      <trkpt lat="45.81702953626843" lon="6.106109497592782">
        <ele>1408</ele>
      </trkpt>
      <trkpt lat="45.81693750204641" lon="6.106189447653068">
        <ele>1408</ele>
      </trkpt>
      <trkpt lat="45.81686988497002" lon="6.106272990974491">
        <ele>1407</ele>
      </trkpt>
      <trkpt lat="45.81678348525293" lon="6.106411331528246">
        <ele>1407</ele>
      </trkpt>
      <trkpt lat="45.81660755497984" lon="6.106529909145751">
        <ele>1407</ele>
      </trkpt>
      <trkpt lat="45.81647357212146" lon="6.10656494344183">
        <ele>1407</ele>
      </trkpt>
      <trkpt lat="45.81640595448172" lon="6.10657123164882">
        <ele>1405</ele>
      </trkpt>
      <trkpt lat="45.81632957149366" lon="6.106574824909956">
        <ele>1405</ele>
      </trkpt>
      <trkpt lat="45.81624254484678" lon="6.106563146811263">
        <ele>1404</ele>
      </trkpt>
      <trkpt lat="45.81612483952526" lon="6.106493976534386">
        <ele>1404</ele>
      </trkpt>
      <trkpt lat="45.81609290878342" lon="6.1064571456077354">
        <ele>1404</ele>
      </trkpt>
      <trkpt lat="45.81605096052615" lon="6.106369110709893">
        <ele>1405</ele>
      </trkpt>
      <trkpt lat="45.81605096052615" lon="6.106309821901141">
        <ele>1405</ele>
      </trkpt>
      <trkpt lat="45.81602591677538" lon="6.106129260529032">
        <ele>1406</ele>
      </trkpt>
      <trkpt lat="45.81602591677538" lon="6.1060843447648265">
        <ele>1407</ele>
      </trkpt>
      <trkpt lat="45.81604156912092" lon="6.105972953669596">
        <ele>1409</ele>
      </trkpt>
      <trkpt lat="45.81604156912092" lon="6.1058651558355015">
        <ele>1410</ele>
      </trkpt>
      <trkpt lat="45.81603468208944" lon="6.105827426593568">
        <ele>1410</ele>
      </trkpt>
      <trkpt lat="45.81603468208944" lon="6.105794188928056">
        <ele>1411</ele>
      </trkpt>
      <trkpt lat="45.81608539566504" lon="6.1057438832721465">
        <ele>1412</ele>
      </trkpt>
      <trkpt lat="45.816105430645145" lon="6.10569717087737">
        <ele>1412</ele>
      </trkpt>
      <trkpt lat="45.816121709061164" lon="6.105637882068619">
        <ele>1413</ele>
      </trkpt>
      <trkpt lat="45.816127969989154" lon="6.10558577978214">
        <ele>1413</ele>
      </trkpt>
      <trkpt lat="45.81612483952526" lon="6.105537270756798">
        <ele>1412</ele>
      </trkpt>
      <trkpt lat="45.81613047436012" lon="6.105451930804807">
        <ele>1413</ele>
      </trkpt>
      <trkpt lat="45.816165535542204" lon="6.105275861009119">
        <ele>1413</ele>
      </trkpt>
      <trkpt lat="45.81617242255753" lon="6.105094401321727">
        <ele>1414</ele>
      </trkpt>
      <trkpt lat="45.81615677024876" lon="6.105034214197691">
        <ele>1414</ele>
      </trkpt>
      <trkpt lat="45.81614675276885" lon="6.104859941032572">
        <ele>1415</ele>
      </trkpt>
      <trkpt lat="45.81612483952526" lon="6.104763821297171">
        <ele>1416</ele>
      </trkpt>
      <trkpt lat="45.816121709061164" lon="6.104726990370522">
        <ele>1416</ele>
      </trkpt>
      <trkpt lat="45.816105430645145" lon="6.104659616724213">
        <ele>1416</ele>
      </trkpt>
      <trkpt lat="45.81609290878342" lon="6.104627277373986">
        <ele>1417</ele>
      </trkpt>
      <trkpt lat="45.816082891292005" lon="6.10456529361938">
        <ele>1418</ele>
      </trkpt>
      <trkpt lat="45.81606348239728" lon="6.104509598071766">
        <ele>1418</ele>
      </trkpt>
      <trkpt lat="45.81600963833136" lon="6.104436834533752">
        <ele>1420</ele>
      </trkpt>
      <trkpt lat="45.81596455953844" lon="6.104401800237671">
        <ele>1420</ele>
      </trkpt>
      <trkpt lat="45.81589381080376" lon="6.104321850177384">
        <ele>1421</ele>
      </trkpt>
      <trkpt lat="45.81584560143747" lon="6.104251781585222">
        <ele>1420</ele>
      </trkpt>
      <trkpt lat="45.8158049051867" lon="6.104165543317947">
        <ele>1419</ele>
      </trkpt>
      <trkpt lat="45.815775478648405" lon="6.10411793260789">
        <ele>1419</ele>
      </trkpt>
      <trkpt lat="45.815733530152" lon="6.103997558359818">
        <ele>1418</ele>
      </trkpt>
      <trkpt lat="45.81566090282977" lon="6.103731657035718">
        <ele>1418</ele>
      </trkpt>
      <trkpt lat="45.81561582375457" lon="6.103507976529972">
        <ele>1418</ele>
      </trkpt>
      <trkpt lat="45.81552942209172" lon="6.103124395903652">
        <ele>1417</ele>
      </trkpt>
      <trkpt lat="45.81550688250544" lon="6.102949224423249">
        <ele>1416</ele>
      </trkpt>
      <trkpt lat="45.8154906039097" lon="6.102661763532331">
        <ele>1416</ele>
      </trkpt>
      <trkpt lat="45.81548183851" lon="6.10258720336375">
        <ele>1415</ele>
      </trkpt>
      <trkpt lat="45.81546869040788" lon="6.102539592653691">
        <ele>1416</ele>
      </trkpt>
      <trkpt lat="45.8154499073995" lon="6.102502761727043">
        <ele>1417</ele>
      </trkpt>
      <trkpt lat="45.81541046306122" lon="6.1024416762877225">
        <ele>1417</ele>
      </trkpt>
      <trkpt lat="45.81539168003317" lon="6.1023976588388">
        <ele>1418</ele>
      </trkpt>
      <trkpt lat="45.815289625470065" lon="6.102279979536581">
        <ele>1419</ele>
      </trkpt>
      <trkpt lat="45.81525769424933" lon="6.10225123344749">
        <ele>1418</ele>
      </trkpt>
      <trkpt lat="45.81520948433236" lon="6.102172181702486">
        <ele>1419</ele>
      </trkpt>
      <trkpt lat="45.81514186515771" lon="6.102124570992428">
        <ele>1419</ele>
      </trkpt>
      <trkpt lat="45.815116820998114" lon="6.1020922316422">
        <ele>1417</ele>
      </trkpt>
      <trkpt lat="45.81488265756092" lon="6.102019468104185">
        <ele>1419</ele>
      </trkpt>
      <trkpt lat="45.81485072610683" lon="6.102005993374924">
        <ele>1420</ele>
      </trkpt>
      <trkpt lat="45.81481566409695" lon="6.1019772472858325">
        <ele>1420</ele>
      </trkpt>
      <trkpt lat="45.81470672128251" lon="6.101941314674467">
        <ele>1420</ele>
      </trkpt>
      <trkpt lat="45.81459151715492" lon="6.10188741575742">
        <ele>1420</ele>
      </trkpt>
      <trkpt lat="45.814495722236906" lon="6.1018577713530435">
        <ele>1421</ele>
      </trkpt>
      <trkpt lat="45.81446692111823" lon="6.1018577713530435">
        <ele>1421</ele>
      </trkpt>
      <trkpt lat="45.81441871051669" lon="6.101881127550431">
        <ele>1422</ele>
      </trkpt>
      <trkpt lat="45.81429787077353" lon="6.101924246684068">
        <ele>1421</ele>
      </trkpt>
      <trkpt lat="45.81414948171472" lon="6.101931433206342">
        <ele>1424</ele>
      </trkpt>
      <trkpt lat="45.81409876637609" lon="6.101926941629922">
        <ele>1425</ele>
      </trkpt>
      <trkpt lat="45.81406996505213" lon="6.101911670270091">
        <ele>1426</ele>
      </trkpt>
      <trkpt lat="45.814018623524625" lon="6.10186765282117">
        <ele>1427</ele>
      </trkpt>
      <trkpt lat="45.81396790806685" lon="6.101834415155658">
        <ele>1428</ele>
      </trkpt>
      <trkpt lat="45.81389089561673" lon="6.101801177490145">
        <ele>1430</ele>
      </trkpt>
      <trkpt lat="45.81381763977265" lon="6.101789499391451">
        <ele>1431</ele>
      </trkpt>
      <trkpt lat="45.8137857077079" lon="6.101777821292758">
        <ele>1431</ele>
      </trkpt>
      <trkpt lat="45.81371182560553" lon="6.101724820690995">
        <ele>1431</ele>
      </trkpt>
      <trkpt lat="45.81368991140378" lon="6.1016951762866185">
        <ele>1431</ele>
      </trkpt>
      <trkpt lat="45.813634812801276" lon="6.1016475655765605">
        <ele>1432</ele>
      </trkpt>
      <trkpt lat="45.813567817836166" lon="6.101559530678717">
        <ele>1431</ele>
      </trkpt>
      <trkpt lat="45.81346575993068" lon="6.101454427790475">
        <ele>1430</ele>
      </trkpt>
      <trkpt lat="45.81338874678613" lon="6.101391545720587">
        <ele>1431</ele>
      </trkpt>
      <trkpt lat="45.813324882146496" lon="6.101321477128425">
        <ele>1431</ele>
      </trkpt>
      <trkpt lat="45.813289819175935" lon="6.101293629354617">
        <ele>1431</ele>
      </trkpt>
      <trkpt lat="45.813266652558255" lon="6.101254103482115">
        <ele>1431</ele>
      </trkpt>
      <trkpt lat="45.81323472017759" lon="6.101221764131888">
        <ele>1431</ele>
      </trkpt>
      <trkpt lat="45.81312264363776" lon="6.101074440425292">
        <ele>1431</ele>
      </trkpt>
      <trkpt lat="45.81307756250784" lon="6.101005270148415">
        <ele>1431</ele>
      </trkpt>
      <trkpt lat="45.813042499381574" lon="6.1009316082951175">
        <ele>1432</ele>
      </trkpt>
      <trkpt lat="45.81301056687239" lon="6.100823810461022">
        <ele>1433</ele>
      </trkpt>
      <trkpt lat="45.8129949136749" lon="6.100746555346588">
        <ele>1435</ele>
      </trkpt>
      <trkpt lat="45.81298865239467" lon="6.100615401315108">
        <ele>1436</ele>
      </trkpt>
      <trkpt lat="45.81297299919105" lon="6.1005345529395365">
        <ele>1437</ele>
      </trkpt>
      <trkpt lat="45.8129698685498" lon="6.100452806248682">
        <ele>1437</ele>
      </trkpt>
      <trkpt lat="45.812946701799056" lon="6.100361178089701">
        <ele>1436</ele>
      </trkpt>
      <trkpt lat="45.812924787296225" lon="6.100329737054757">
        <ele>1436</ele>
      </trkpt>
      <trkpt lat="45.81278077749173" lon="6.1000314963804305">
        <ele>1436</ele>
      </trkpt>
      <trkpt lat="45.81275761066232" lon="6.099994665453781">
        <ele>1436</ele>
      </trkpt>
      <trkpt lat="45.81273569608508" lon="6.09997490251753">
        <ele>1436</ele>
      </trkpt>
      <trkpt lat="45.81271378149922" lon="6.099967715995257">
        <ele>1437</ele>
      </trkpt>
      <trkpt lat="45.81267746588083" lon="6.099991970507928">
        <ele>1437</ele>
      </trkpt>
      <trkpt lat="45.812617983351274" lon="6.100134802638104">
        <ele>1436</ele>
      </trkpt>
      <trkpt lat="45.81259481645414" lon="6.100239905526345">
        <ele>1437</ele>
      </trkpt>
      <trkpt lat="45.812581667670386" lon="6.100351296621576">
        <ele>1437</ele>
      </trkpt>
      <trkpt lat="45.81259481645414" lon="6.100464484347374">
        <ele>1437</ele>
      </trkpt>
      <trkpt lat="45.81262048788012" lon="6.100569587235617">
        <ele>1437</ele>
      </trkpt>
      <trkpt lat="45.81262674920171" lon="6.100617197945676">
        <ele>1437</ele>
      </trkpt>
      <trkpt lat="45.812617983351274" lon="6.100662113709881">
        <ele>1437</ele>
      </trkpt>
      <trkpt lat="45.812633636654695" lon="6.100734877247895">
        <ele>1437</ele>
      </trkpt>
      <trkpt lat="45.81267183069656" lon="6.100967540906481">
        <ele>1437</ele>
      </trkpt>
      <trkpt lat="45.812668700038365" lon="6.101005270148415">
        <ele>1437</ele>
      </trkpt>
      <trkpt lat="45.81268184880154" lon="6.101097796622679">
        <ele>1437</ele>
      </trkpt>
      <trkpt lat="45.81269750208702" lon="6.101283747886492">
        <ele>1436</ele>
      </trkpt>
      <trkpt lat="45.812725677989775" lon="6.1013457316410955">
        <ele>1436</ele>
      </trkpt>
      <trkpt lat="45.81280582270186" lon="6.101461614312747">
        <ele>1434</ele>
      </trkpt>
      <trkpt lat="45.812837755328445" lon="6.1015173098603634">
        <ele>1435</ele>
      </trkpt>
      <trkpt lat="45.812905377300815" lon="6.101604446442922">
        <ele>1435</ele>
      </trkpt>
      <trkpt lat="45.81293793599896" lon="6.101725719006279">
        <ele>1436</ele>
      </trkpt>
      <trkpt lat="45.812953589212434" lon="6.101762549932927">
        <ele>1436</ele>
      </trkpt>
      <trkpt lat="45.81296548565174" lon="6.10184160167793">
        <ele>1437</ele>
      </trkpt>
      <trkpt lat="45.812975503703946" lon="6.101966467502423">
        <ele>1438</ele>
      </trkpt>
      <trkpt lat="45.812991783034875" lon="6.102001501798503">
        <ele>1438</ele>
      </trkpt>
      <trkpt lat="45.81309384180897" lon="6.102154215396803">
        <ele>1438</ele>
      </trkpt>
      <trkpt lat="45.81318650850932" lon="6.102247640186352">
        <ele>1438</ele>
      </trkpt>
      <trkpt lat="45.813244738181346" lon="6.102317708778514">
        <ele>1439</ele>
      </trkpt>
      <trkpt lat="45.813289819175935" lon="6.102394963892948">
        <ele>1439</ele>
      </trkpt>
      <trkpt lat="45.81333051726469" lon="6.102479405529655">
        <ele>1439</ele>
      </trkpt>
      <trkpt lat="45.813413791722866" lon="6.102571932003919">
        <ele>1440</ele>
      </trkpt>
      <trkpt lat="45.81351960645625" lon="6.10265727195591">
        <ele>1439</ele>
      </trkpt>
      <trkpt lat="45.81354590357775" lon="6.102693204567275">
        <ele>1439</ele>
      </trkpt>
      <trkpt lat="45.81358347087262" lon="6.102724645602219">
        <ele>1439</ele>
      </trkpt>
      <trkpt lat="45.81367989348012" lon="6.10283154512103">
        <ele>1439</ele>
      </trkpt>
      <trkpt lat="45.81375941069963" lon="6.102947427792682">
        <ele>1440</ele>
      </trkpt>
      <trkpt lat="45.81380198680202" lon="6.103052530680922">
        <ele>1439</ele>
      </trkpt>
      <trkpt lat="45.81381763977265" lon="6.103107327913254">
        <ele>1440</ele>
      </trkpt>
      <trkpt lat="45.81382077036626" lon="6.103164820091438">
        <ele>1439</ele>
      </trkpt>
      <trkpt lat="45.8138458151087" lon="6.103331906734285">
        <ele>1439</ele>
      </trkpt>
      <trkpt lat="45.813852702410905" lon="6.103434314676673">
        <ele>1439</ele>
      </trkpt>
      <trkpt lat="45.813852702410905" lon="6.103582536698553">
        <ele>1440</ele>
      </trkpt>
      <trkpt lat="45.813868981485435" lon="6.103624757516908">
        <ele>1440</ele>
      </trkpt>
      <trkpt lat="45.81389089561673" lon="6.103661588443556">
        <ele>1439</ele>
      </trkpt>
      <trkpt lat="45.813951629021226" lon="6.103709199153615">
        <ele>1439</ele>
      </trkpt>
      <trkpt lat="45.814018623524625" lon="6.103726267144013">
        <ele>1439</ele>
      </trkpt>
      <trkpt lat="45.81416951739131" lon="6.103781962691629">
        <ele>1438</ele>
      </trkpt>
      <trkpt lat="45.81424277277253" lon="6.103819691933561">
        <ele>1439</ele>
      </trkpt>
      <trkpt lat="45.814274704575205" lon="6.103849336337937">
        <ele>1439</ele>
      </trkpt>
      <trkpt lat="45.814300375226836" lon="6.103886167264586">
        <ele>1439</ele>
      </trkpt>
      <trkpt lat="45.81431978473604" lon="6.103926591452372">
        <ele>1439</ele>
      </trkpt>
      <trkpt lat="45.8143254197536" lon="6.103966117324874">
        <ele>1440</ele>
      </trkpt>
      <trkpt lat="45.81432291530141" lon="6.104011931404363">
        <ele>1441</ele>
      </trkpt>
      <trkpt lat="45.81429787077353" lon="6.1040837966270916">
        <ele>1442</ele>
      </trkpt>
      <trkpt lat="45.814236511632586" lon="6.1041511702734015">
        <ele>1443</ele>
      </trkpt>
      <trkpt lat="45.81414384667935" lon="6.104204170875165">
        <ele>1444</ele>
      </trkpt>
      <trkpt lat="45.8140449204105" lon="6.104232916964257">
        <ele>1446</ele>
      </trkpt>
      <trkpt lat="45.81401549294216" lon="6.104247290008801">
        <ele>1447</ele>
      </trkpt>
      <trkpt lat="45.81394849843499" lon="6.104299392295282">
        <ele>1447</ele>
      </trkpt>
      <trkpt lat="45.81390091350243" lon="6.104346104690055">
        <ele>1448</ele>
      </trkpt>
      <trkpt lat="45.813877747139" lon="6.104356884473465">
        <ele>1448</ele>
      </trkpt>
      <trkpt lat="45.81382953602738" lon="6.10447995366739">
        <ele>1450</ele>
      </trkpt>
      <trkpt lat="45.81380762187196" lon="6.104562598673528">
        <ele>1451</ele>
      </trkpt>
      <trkpt lat="45.81379196889851" lon="6.1046677015617705">
        <ele>1452</ele>
      </trkpt>
      <trkpt lat="45.81373060920017" lon="6.104809635376661">
        <ele>1455</ele>
      </trkpt>
      <trkpt lat="45.813717460684586" lon="6.104851856195015">
        <ele>1456</ele>
      </trkpt>
      <trkpt lat="45.8137018076858" lon="6.104875212392401">
        <ele>1457</ele>
      </trkpt>
      <trkpt lat="45.81368991140378" lon="6.10490755174263">
        <ele>1457</ele>
      </trkpt>
      <trkpt lat="45.8135515386736" lon="6.105049485557521">
        <ele>1457</ele>
      </trkpt>
      <trkpt lat="45.81346889054404" lon="6.105171656436161">
        <ele>1456</ele>
      </trkpt>
      <trkpt lat="45.8134106611064" lon="6.105285742477245">
        <ele>1456</ele>
      </trkpt>
      <trkpt lat="45.8133699630762" lon="6.1054097099864535">
        <ele>1457</ele>
      </trkpt>
      <trkpt lat="45.81335681447547" lon="6.105493253307877">
        <ele>1457</ele>
      </trkpt>
      <trkpt lat="45.81339187740384" lon="6.10569447593152">
        <ele>1458</ele>
      </trkpt>
      <trkpt lat="45.81340439987292" lon="6.1057241203358945">
        <ele>1458</ele>
      </trkpt>
      <trkpt lat="45.81347452564767" lon="6.105853477736808">
        <ele>1459</ele>
      </trkpt>
      <trkpt lat="45.81358096638707" lon="6.105965767147323">
        <ele>1459</ele>
      </trkpt>
      <trkpt lat="45.81362166426309" lon="6.106002598073971">
        <ele>1459</ele>
      </trkpt>
      <trkpt lat="45.81371182560553" lon="6.1060475138381785">
        <ele>1460</ele>
      </trkpt>
      <trkpt lat="45.81380198680202" lon="6.10607625992727">
        <ele>1460</ele>
      </trkpt>
      <trkpt lat="45.81387148595803" lon="6.106089734656531">
        <ele>1460</ele>
      </trkpt>
      <trkpt lat="45.81393284550112" lon="6.106087938025963">
        <ele>1460</ele>
      </trkpt>
      <trkpt lat="45.81401549294216" lon="6.106113989169203">
        <ele>1461</ele>
      </trkpt>
      <trkpt lat="45.81406996505213" lon="6.106146328519432">
        <ele>1462</ele>
      </trkpt>
      <trkpt lat="45.81411441926332" lon="6.1062038206976155">
        <ele>1461</ele>
      </trkpt>
      <trkpt lat="45.81416263012831" lon="6.106331381467959">
        <ele>1462</ele>
      </trkpt>
      <trkpt lat="45.814185796373245" lon="6.106367314079325">
        <ele>1462</ele>
      </trkpt>
      <trkpt lat="45.81425592116409" lon="6.106557756919558">
        <ele>1460</ele>
      </trkpt>
      <trkpt lat="45.81430663635959" lon="6.106742809868086">
        <ele>1459</ele>
      </trkpt>
      <trkpt lat="45.81439679659308" lon="6.1069673886891165">
        <ele>1460</ele>
      </trkpt>
      <trkpt lat="45.81442872830746" lon="6.107127288809689">
        <ele>1461</ele>
      </trkpt>
      <trkpt lat="45.81447380834363" lon="6.10725395126475">
        <ele>1462</ele>
      </trkpt>
      <trkpt lat="45.81447944334558" lon="6.10729527376782">
        <ele>1462</ele>
      </trkpt>
      <trkpt lat="45.814492591681265" lon="6.107334799640321">
        <ele>1463</ele>
      </trkpt>
      <trkpt lat="45.814492591681265" lon="6.1073797154045275">
        <ele>1463</ele>
      </trkpt>
      <trkpt lat="45.81442872830746" lon="6.107556683515498">
        <ele>1465</ele>
      </trkpt>
      <trkpt lat="45.8143254197536" lon="6.107717481951356">
        <ele>1465</ele>
      </trkpt>
      <trkpt lat="45.814287852959225" lon="6.107786652228233">
        <ele>1465</ele>
      </trkpt>
      <trkpt lat="45.81425592116409" lon="6.107876483756645">
        <ele>1465</ele>
      </trkpt>
      <trkpt lat="45.81422962437788" lon="6.107929484358409">
        <ele>1466</ele>
      </trkpt>
      <trkpt lat="45.81421084095154" lon="6.1079914681130125">
        <ele>1466</ele>
      </trkpt>
      <trkpt lat="45.81418141357087" lon="6.108139690134892">
        <ele>1466</ele>
      </trkpt>
      <trkpt lat="45.81418141357087" lon="6.108371455478196">
        <ele>1464</ele>
      </trkpt>
      <trkpt lat="45.814188926946144" lon="6.108445117331493">
        <ele>1464</ele>
      </trkpt>
      <trkpt lat="45.81422962437788" lon="6.108606814082634">
        <ele>1464</ele>
      </trkpt>
      <trkpt lat="45.81425842561927" lon="6.108699340556899">
        <ele>1465</ele>
      </trkpt>
      <trkpt lat="45.814265938984136" lon="6.108807138390994">
        <ele>1465</ele>
      </trkpt>
      <trkpt lat="45.81425842561927" lon="6.108909546333383">
        <ele>1464</ele>
      </trkpt>
      <trkpt lat="45.81420144923599" lon="6.109127836947423">
        <ele>1462</ele>
      </trkpt>
      <trkpt lat="45.81417890911222" lon="6.109179939233903">
        <ele>1463</ele>
      </trkpt>
      <trkpt lat="45.81409563579813" lon="6.109316483157089">
        <ele>1462</ele>
      </trkpt>
      <trkpt lat="45.814037407015796" lon="6.109385653433965">
        <ele>1462</ele>
      </trkpt>
      <trkpt lat="45.81401549294216" lon="6.109424280991184">
        <ele>1462</ele>
      </trkpt>
      <trkpt lat="45.81396164689603" lon="6.109474586647093">
        <ele>1462</ele>
      </trkpt>
      <trkpt lat="45.81390091350243" lon="6.109511417573742">
        <ele>1462</ele>
      </trkpt>
      <trkpt lat="45.813842684516516" lon="6.109511417573742">
        <ele>1463</ele>
      </trkpt>
      <trkpt lat="45.81381763977265" lon="6.10949794284448">
        <ele>1463</ele>
      </trkpt>
      <trkpt lat="45.81379196889851" lon="6.109474586647093">
        <ele>1463</ele>
      </trkpt>
      <trkpt lat="45.813749392788466" lon="6.109407213000785">
        <ele>1463</ele>
      </trkpt>
      <trkpt lat="45.81372747860151" lon="6.109336246093339">
        <ele>1463</ele>
      </trkpt>
      <trkpt lat="45.81372184352347" lon="6.109296720220838">
        <ele>1463</ele>
      </trkpt>
      <trkpt lat="45.81369241588441" lon="6.1092149735299826">
        <ele>1463</ele>
      </trkpt>
      <trkpt lat="45.813647961336386" lon="6.108973326718556">
        <ele>1463</ele>
      </trkpt>
      <trkpt lat="45.81364170012957" lon="6.108887986766564">
        <ele>1463</ele>
      </trkpt>
      <trkpt lat="45.8136535964219" lon="6.1087029338180345">
        <ele>1462</ele>
      </trkpt>
      <trkpt lat="45.813724974122444" lon="6.108303183516601">
        <ele>1461</ele>
      </trkpt>
      <trkpt lat="45.8137468883104" lon="6.108109147415232">
        <ele>1460</ele>
      </trkpt>
      <trkpt lat="45.8137656718932" lon="6.1078675006038035">
        <ele>1463</ele>
      </trkpt>
      <trkpt lat="45.813781950993196" lon="6.1077965336963596">
        <ele>1463</ele>
      </trkpt>
      <trkpt lat="45.81388776502706" lon="6.1075396155251">
        <ele>1465</ele>
      </trkpt>
      <trkpt lat="45.813925958208834" lon="6.107406664863051">
        <ele>1463</ele>
      </trkpt>
      <trkpt lat="45.813938480557844" lon="6.107335697955605">
        <ele>1464</ele>
      </trkpt>
      <trkpt lat="45.813951629021226" lon="6.107191967510146">
        <ele>1463</ele>
      </trkpt>
      <trkpt lat="45.81396477748153" lon="6.107107525873439">
        <ele>1462</ele>
      </trkpt>
      <trkpt lat="45.81396790806685" lon="6.106927862816615">
        <ele>1461</ele>
      </trkpt>
      <trkpt lat="45.81396164689603" lon="6.106839827918773">
        <ele>1461</ele>
      </trkpt>
      <trkpt lat="45.81394599396586" lon="6.106762572804336">
        <ele>1461</ele>
      </trkpt>
      <trkpt lat="45.81388776502706" lon="6.106657469916096">
        <ele>1461</ele>
      </trkpt>
      <trkpt lat="45.81382077036626" lon="6.106563146811263">
        <ele>1461</ele>
      </trkpt>
      <trkpt lat="45.81380198680202" lon="6.1065245192540445">
        <ele>1462</ele>
      </trkpt>
      <trkpt lat="45.81377882039742" lon="6.106497569795521">
        <ele>1462</ele>
      </trkpt>
      <trkpt lat="45.813724974122444" lon="6.106484993381545">
        <ele>1463</ele>
      </trkpt>
      <trkpt lat="45.8137018076858" lon="6.106493976534386">
        <ele>1464</ele>
      </trkpt>
      <trkpt lat="45.81367989348012" lon="6.1065074512636475">
        <ele>1464</ele>
      </trkpt>
      <trkpt lat="45.813634812801276" lon="6.10657572322524">
        <ele>1465</ele>
      </trkpt>
      <trkpt lat="45.813599750025844" lon="6.106744606498654">
        <ele>1465</ele>
      </trkpt>
      <trkpt lat="45.81358347087262" lon="6.10689193020525">
        <ele>1467</ele>
      </trkpt>
      <trkpt lat="45.813573452929795" lon="6.1069395409153095">
        <ele>1467</ele>
      </trkpt>
      <trkpt lat="45.81354590357775" lon="6.107011406138039">
        <ele>1468</ele>
      </trkpt>
      <trkpt lat="45.81350395340186" lon="6.1070715932620745">
        <ele>1470</ele>
      </trkpt>
      <trkpt lat="45.81347452564767" lon="6.107089559567756">
        <ele>1471</ele>
      </trkpt>
      <trkpt lat="45.813445724000864" lon="6.107094949459461">
        <ele>1471</ele>
      </trkpt>
      <trkpt lat="45.813333647885685" lon="6.1070149993991745">
        <ele>1472</ele>
      </trkpt>
      <trkpt lat="45.81330860291289" lon="6.106985354994799">
        <ele>1473</ele>
      </trkpt>
      <trkpt lat="45.81325099943277" lon="6.10688743862883">
        <ele>1474</ele>
      </trkpt>
      <trkpt lat="45.81316772473117" lon="6.106796708785134">
        <ele>1475</ele>
      </trkpt>
      <trkpt lat="45.81309384180897" lon="6.106734725030529">
        <ele>1476</ele>
      </trkpt>
      <trkpt lat="45.81301056687239" lon="6.10668711432047">
        <ele>1477</ele>
      </trkpt>
      <trkpt lat="45.8129949136749" lon="6.1066547749702424">
        <ele>1477</ele>
      </trkpt>
      <trkpt lat="45.812949832441625" lon="6.106609859206036">
        <ele>1478</ele>
      </trkpt>
      <trkpt lat="45.81289285471953" lon="6.106587401323933">
        <ele>1478</ele>
      </trkpt>
      <trkpt lat="45.81277764683965" lon="6.106561350180694">
        <ele>1479</ele>
      </trkpt>
      <trkpt lat="45.812719416679265" lon="6.106541587244443">
        <ele>1479</ele>
      </trkpt>
      <trkpt lat="45.812591685791624" lon="6.106484993381545">
        <ele>1479</ele>
      </trkpt>
      <trkpt lat="45.812482738626564" lon="6.10646433213001">
        <ele>1480</ele>
      </trkpt>
      <trkpt lat="45.8123994627762" lon="6.106481400120408">
        <ele>1481</ele>
      </trkpt>
      <trkpt lat="45.81234185835575" lon="6.106519129362341">
        <ele>1481</ele>
      </trkpt>
      <trkpt lat="45.81220160386549" lon="6.106579316486377">
        <ele>1481</ele>
      </trkpt>
      <trkpt lat="45.81209265593732" lon="6.106572129964103">
        <ele>1482</ele>
      </trkpt>
      <trkpt lat="45.811993726024824" lon="6.106523620938761">
        <ele>1483</ele>
      </trkpt>
      <trkpt lat="45.81197368956547" lon="6.106547875451433">
        <ele>1483</ele>
      </trkpt>
      <trkpt lat="45.811964923612194" lon="6.106599977737911">
        <ele>1483</ele>
      </trkpt>
      <trkpt lat="45.81193549504481" lon="6.106634113718708">
        <ele>1483</ele>
      </trkpt>
      <trkpt lat="45.811893543655884" lon="6.106645791817401">
        <ele>1484</ele>
      </trkpt>
      <trkpt lat="45.81183656485316" lon="6.1067329283999605">
        <ele>1484</ele>
      </trkpt>
      <trkpt lat="45.811807762359265" lon="6.1067526913362125">
        <ele>1484</ele>
      </trkpt>
      <trkpt lat="45.811714467222444" lon="6.106791318893428">
        <ele>1485</ele>
      </trkpt>
      <trkpt lat="45.811692552234746" lon="6.106811980144963">
        <ele>1485</ele>
      </trkpt>
      <trkpt lat="45.811538520935116" lon="6.106897320096954">
        <ele>1485</ele>
      </trkpt>
      <trkpt lat="45.81148467249408" lon="6.106919777979057">
        <ele>1486</ele>
      </trkpt>
      <trkpt lat="45.8114045258808" lon="6.106925167870763">
        <ele>1486</ele>
      </trkpt>
      <trkpt lat="45.81137885389436" lon="6.10691348977207">
        <ele>1486</ele>
      </trkpt>
      <trkpt lat="45.81135944336017" lon="6.106893726835819">
        <ele>1486</ele>
      </trkpt>
      <trkpt lat="45.811269904356784" lon="6.106766166065474">
        <ele>1486</ele>
      </trkpt>
      <trkpt lat="45.81121542950805" lon="6.10664130024098">
        <ele>1488</ele>
      </trkpt>
      <trkpt lat="45.811122759528075" lon="6.106493976534386">
        <ele>1490</ele>
      </trkpt>
      <trkpt lat="45.81108769517109" lon="6.106427501203361">
        <ele>1491</ele>
      </trkpt>
      <trkpt lat="45.81102382789274" lon="6.10634665282779">
        <ele>1491</ele>
      </trkpt>
      <trkpt lat="45.81094054986099" lon="6.106217295426877">
        <ele>1491</ele>
      </trkpt>
      <trkpt lat="45.810860402464705" lon="6.10610680264693">
        <ele>1491</ele>
      </trkpt>
      <trkpt lat="45.810780881105984" lon="6.106022361010224">
        <ele>1490</ele>
      </trkpt>
      <trkpt lat="45.810729536546326" lon="6.1059846317682895">
        <ele>1491</ele>
      </trkpt>
      <trkpt lat="45.81070073347995" lon="6.105975648615448">
        <ele>1490</ele>
      </trkpt>
      <trkpt lat="45.810639996530284" lon="6.105975648615448">
        <ele>1490</ele>
      </trkpt>
      <trkpt lat="45.81058176413488" lon="6.1059846317682895">
        <ele>1491</ele>
      </trkpt>
      <trkpt lat="45.81051476549712" lon="6.105974750300164">
        <ele>1490</ele>
      </trkpt>
      <trkpt lat="45.810444635995594" lon="6.105925342959537">
        <ele>1491</ele>
      </trkpt>
      <trkpt lat="45.810405814269245" lon="6.105874138988343">
        <ele>1492</ele>
      </trkpt>
      <trkpt lat="45.81034883394452" lon="6.105777120937658">
        <ele>1493</ele>
      </trkpt>
      <trkpt lat="45.81030688136047" lon="6.105727713597031">
        <ele>1494</ele>
      </trkpt>
      <trkpt lat="45.8102906012447" lon="6.105699865823224">
        <ele>1494</ele>
      </trkpt>
      <trkpt lat="45.81022673305234" lon="6.105629797231062">
        <ele>1495</ele>
      </trkpt>
      <trkpt lat="45.81017538798185" lon="6.105591169673846">
        <ele>1495</ele>
      </trkpt>
      <trkpt lat="45.81003763268082" lon="6.105517507820547">
        <ele>1497</ele>
      </trkpt>
      <trkpt lat="45.80998941824496" lon="6.1054833718397505">
        <ele>1497</ele>
      </trkpt>
      <trkpt lat="45.80992554970721" lon="6.10537198074452">
        <ele>1497</ele>
      </trkpt>
      <trkpt lat="45.80988797994494" lon="6.105282149216109">
        <ele>1497</ele>
      </trkpt>
      <trkpt lat="45.80987483052215" lon="6.105232741875481">
        <ele>1497</ele>
      </trkpt>
      <trkpt lat="45.809852914810605" lon="6.1052013008405375">
        <ele>1498</ele>
      </trkpt>
      <trkpt lat="45.80982098047265" lon="6.105181537904286">
        <ele>1498</ele>
      </trkpt>
      <trkpt lat="45.8097408314653" lon="6.105149198554058">
        <ele>1499</ele>
      </trkpt>
      <trkpt lat="45.809641897375336" lon="6.105151893499911">
        <ele>1498</ele>
      </trkpt>
      <trkpt lat="45.80958053310467" lon="6.10513662214008">
        <ele>1499</ele>
      </trkpt>
      <trkpt lat="45.80954859861051" lon="6.10511685920383">
        <ele>1499</ele>
      </trkpt>
      <trkpt lat="45.80937264548112" lon="6.104954264137405">
        <ele>1501</ele>
      </trkpt>
      <trkpt lat="45.80929249582866" lon="6.104911145003767">
        <ele>1503</ele>
      </trkpt>
      <trkpt lat="45.809215476913316" lon="6.104882398914675">
        <ele>1503</ele>
      </trkpt>
      <trkpt lat="45.80916162622632" lon="6.1048716191312655">
        <ele>1503</ele>
      </trkpt>
      <trkpt lat="45.8091165418902" lon="6.104872517446549">
        <ele>1504</ele>
      </trkpt>
      <trkpt lat="45.80906582196845" lon="6.104914738264903">
        <ele>1505</ele>
      </trkpt>
      <trkpt lat="45.80898191483598" lon="6.105006366423883">
        <ele>1506</ele>
      </trkpt>
      <trkpt lat="45.808959998773126" lon="6.105034214197691">
        <ele>1506</ele>
      </trkpt>
      <trkpt lat="45.80892743774949" lon="6.105107876050989">
        <ele>1506</ele>
      </trkpt>
      <trkpt lat="45.808802202865856" lon="6.105239928397753">
        <ele>1511</ele>
      </trkpt>
      <trkpt lat="45.80875523971188" lon="6.105250708181164">
        <ele>1512</ele>
      </trkpt>
      <trkpt lat="45.808725809448546" lon="6.105171656436161">
        <ele>1517</ele>
      </trkpt>
      <trkpt lat="45.80870577181354" lon="6.105074638385477">
        <ele>1516</ele>
      </trkpt>
      <trkpt lat="45.808690743582574" lon="6.105030620936556">
        <ele>1516</ele>
      </trkpt>
      <trkpt lat="45.80868573417135" lon="6.104974925388939">
        <ele>1516</ele>
      </trkpt>
      <trkpt lat="45.80866694887523" lon="6.104675786399328">
        <ele>1513</ele>
      </trkpt>
      <trkpt lat="45.80867070593496" lon="6.104633565580973">
        <ele>1513</ele>
      </trkpt>
      <trkpt lat="45.80866694887523" lon="6.104374850779147">
        <ele>1511</ele>
      </trkpt>
      <trkpt lat="45.80866757505187" lon="6.1042508832699385">
        <ele>1511</ele>
      </trkpt>
      <trkpt lat="45.80867383681788" lon="6.104193391091756">
        <ele>1511</ele>
      </trkpt>
      <trkpt lat="45.80867258446472" lon="6.103961625748453">
        <ele>1510</ele>
      </trkpt>
      <trkpt lat="45.80870076240367" lon="6.103755911548389">
        <ele>1509</ele>
      </trkpt>
      <trkpt lat="45.80875085648215" lon="6.103570858599861">
        <ele>1509</ele>
      </trkpt>
      <trkpt lat="45.80877089410091" lon="6.103424433208549">
        <ele>1508</ele>
      </trkpt>
      <trkpt lat="45.80876838939896" lon="6.103286990970079">
        <ele>1507</ele>
      </trkpt>
      <trkpt lat="45.80871453827973" lon="6.1030821750853">
        <ele>1505</ele>
      </trkpt>
      <trkpt lat="45.80866193946186" lon="6.102987851980467">
        <ele>1504</ele>
      </trkpt>
      <trkpt lat="45.808606835885094" lon="6.102904308659044">
        <ele>1503</ele>
      </trkpt>
      <trkpt lat="45.808549853719974" lon="6.102845918165576">
        <ele>1503</ele>
      </trkpt>
      <trkpt lat="45.80849099296071" lon="6.102799205770801">
        <ele>1503</ele>
      </trkpt>
      <trkpt lat="45.80846594581026" lon="6.102793815879097">
        <ele>1503</ele>
      </trkpt>
      <trkpt lat="45.80837890687481" lon="6.102740815277334">
        <ele>1504</ele>
      </trkpt>
      <trkpt lat="45.80827683946075" lon="6.102594389886021">
        <ele>1503</ele>
      </trkpt>
      <trkpt lat="45.80826055875165" lon="6.102551270752384">
        <ele>1503</ele>
      </trkpt>
      <trkpt lat="45.808210464232204" lon="6.102493778574201">
        <ele>1502</ele>
      </trkpt>
      <trkpt lat="45.808162874397034" lon="6.102474913953235">
        <ele>1502</ele>
      </trkpt>
      <trkpt lat="45.80814596747211" lon="6.102477608899086">
        <ele>1502</ele>
      </trkpt>
      <trkpt lat="45.808063937504265" lon="6.102516236456303">
        <ele>1502</ele>
      </trkpt>
      <trkpt lat="45.80798754307448" lon="6.102534202761986">
        <ele>1503</ele>
      </trkpt>
      <trkpt lat="45.80793181264563" lon="6.102526117924429">
        <ele>1503</ele>
      </trkpt>
      <trkpt lat="45.807863558448965" lon="6.102506354988179">
        <ele>1502</ele>
      </trkpt>
      <trkpt lat="45.8078347539005" lon="6.102471320692098">
        <ele>1502</ele>
      </trkpt>
      <trkpt lat="45.80781596831742" lon="6.102429998189029">
        <ele>1502</ele>
      </trkpt>
      <trkpt lat="45.80778841611737" lon="6.102406641991642">
        <ele>1502</ele>
      </trkpt>
      <trkpt lat="45.80779279942283" lon="6.102408438622209">
        <ele>1502</ele>
      </trkpt>
      <trkpt lat="45.80778966849039" lon="6.1024003537846525">
        <ele>1501</ele>
      </trkpt>
      <trkpt lat="45.80779279942283" lon="6.102406641991642">
        <ele>1501</ele>
      </trkpt>
      <trkpt lat="45.8077577329695" lon="6.102396760523516">
        <ele>1499</ele>
      </trkpt>
      <trkpt lat="45.8076393835265" lon="6.102309623940956">
        <ele>1499</ele>
      </trkpt>
      <trkpt lat="45.807625607384544" lon="6.1022961492116945">
        <ele>1499</ele>
      </trkpt>
      <trkpt lat="45.807622476442695" lon="6.102279979536581">
        <ele>1498</ele>
      </trkpt>
      <trkpt lat="45.80758991463721" lon="6.102264708176751">
        <ele>1498</ele>
      </trkpt>
      <trkpt lat="45.8075617361363" lon="6.102236860402943">
        <ele>1498</ele>
      </trkpt>
      <trkpt lat="45.807485967207654" lon="6.102128164253565">
        <ele>1497</ele>
      </trkpt>
      <trkpt lat="45.80737638386405" lon="6.101936823098047">
        <ele>1496</ele>
      </trkpt>
      <trkpt lat="45.80731251233007" lon="6.101906280378387">
        <ele>1495</ele>
      </trkpt>
      <trkpt lat="45.80723799544783" lon="6.101916161846511">
        <ele>1498</ele>
      </trkpt>
      <trkpt lat="45.80721357392692" lon="6.101911670270091">
        <ele>1498</ele>
      </trkpt>
      <trkpt lat="45.80714657123766" lon="6.101926941629922">
        <ele>1498</ele>
      </trkpt>
      <trkpt lat="45.80708770899554" lon="6.101917958477081">
        <ele>1498</ele>
      </trkpt>
      <trkpt lat="45.80696998432473" lon="6.101871246082306">
        <ele>1498</ele>
      </trkpt>
      <trkpt lat="45.80685789517817" lon="6.1018451949390675">
        <ele>1498</ele>
      </trkpt>
      <trkpt lat="45.80677962050079" lon="6.101808364012418">
        <ele>1499</ele>
      </trkpt>
      <trkpt lat="45.80670259811083" lon="6.101781414553894">
        <ele>1500</ele>
      </trkpt>
      <trkpt lat="45.80664060440253" lon="6.101771533085768">
        <ele>1500</ele>
      </trkpt>
      <trkpt lat="45.80648781153402" lon="6.101713142592302">
        <ele>1501</ele>
      </trkpt>
      <trkpt lat="45.806429574797605" lon="6.101668226828094">
        <ele>1500</ele>
      </trkpt>
      <trkpt lat="45.80637697382205" lon="6.101597259920649">
        <ele>1499</ele>
      </trkpt>
      <trkpt lat="45.8062936888425" lon="6.101513716599227">
        <ele>1498</ele>
      </trkpt>
      <trkpt lat="45.80619850585626" lon="6.101384359198313">
        <ele>1496</ele>
      </trkpt>
      <trkpt lat="45.80605072142377" lon="6.10123973043757">
        <ele>1494</ele>
      </trkpt>
      <trkpt lat="45.80602066352512" lon="6.101200204565068">
        <ele>1493</ele>
      </trkpt>
      <trkpt lat="45.80597870768113" lon="6.101125644396487">
        <ele>1492</ele>
      </trkpt>
      <trkpt lat="45.805816519867584" lon="6.100750148607726">
        <ele>1489</ele>
      </trkpt>
      <trkpt lat="45.80578646184257" lon="6.100662113709881">
        <ele>1489</ele>
      </trkpt>
      <trkpt lat="45.80569190419972" lon="6.100465382662658">
        <ele>1488</ele>
      </trkpt>
      <trkpt lat="45.805622394836746" lon="6.100234515634641">
        <ele>1487</ele>
      </trkpt>
      <trkpt lat="45.805590458073326" lon="6.100148277367365">
        <ele>1487</ele>
      </trkpt>
      <trkpt lat="45.805583569749416" lon="6.100112344756">
        <ele>1487</ele>
      </trkpt>
      <trkpt lat="45.805583569749416" lon="6.100013530074747">
        <ele>1487</ele>
      </trkpt>
      <trkpt lat="45.80557668142465" lon="6.099960529472984">
        <ele>1487</ele>
      </trkpt>
      <trkpt lat="45.80556290477253" lon="6.099924596861619">
        <ele>1487</ele>
      </trkpt>
      <trkpt lat="45.80544141960195" lon="6.099670373636213">
        <ele>1479</ele>
      </trkpt>
      <trkpt lat="45.80526294863888" lon="6.099297572793304">
        <ele>1486</ele>
      </trkpt>
      <trkpt lat="45.805171521187184" lon="6.099090960277955">
        <ele>1485</ele>
      </trkpt>
      <trkpt lat="45.80509387035697" lon="6.098948128147781">
        <ele>1485</ele>
      </trkpt>
      <trkpt lat="45.80506569059344" lon="6.098864584826358">
        <ele>1485</ele>
      </trkpt>
      <trkpt lat="45.80502310781257" lon="6.098768465090958">
        <ele>1475</ele>
      </trkpt>
      <trkpt lat="45.80494608299394" lon="6.098568140782598">
        <ele>1475</ele>
      </trkpt>
      <trkpt lat="45.80500619993468" lon="6.09835254511441">
        <ele>1476</ele>
      </trkpt>
      <trkpt lat="45.8049210342495" lon="6.0981935433091214">
        <ele>1475</ele>
      </trkpt>
      <trkpt lat="45.804797042798604" lon="6.098028253296842">
        <ele>1474</ele>
      </trkpt>
      <trkpt lat="45.80464800220451" lon="6.098119881455823">
        <ele>1474</ele>
      </trkpt>
      <trkpt lat="45.804552816406364" lon="6.097995015631331">
        <ele>1474</ele>
      </trkpt>
      <trkpt lat="45.804380604845086" lon="6.09762850299541">
        <ele>1461</ele>
      </trkpt>
      <trkpt lat="45.80421966483205" lon="6.097509027062621">
        <ele>1461</ele>
      </trkpt>
      <trkpt lat="45.8039754359086" lon="6.097493755702792">
        <ele>1472</ele>
      </trkpt>
      <trkpt lat="45.803870229273144" lon="6.097389551129834">
        <ele>1473</ele>
      </trkpt>
      <trkpt lat="45.803627251284404" lon="6.097271871827614">
        <ele>1472</ele>
      </trkpt>
      <trkpt lat="45.80343249238911" lon="6.09713353127386">
        <ele>1473</ele>
      </trkpt>
      <trkpt lat="45.803260277364636" lon="6.097141616111417">
        <ele>1476</ele>
      </trkpt>
      <trkpt lat="45.80309119300452" lon="6.097079632356813">
        <ele>1475</ele>
      </trkpt>
      <trkpt lat="45.80297784357207" lon="6.096955664847604">
        <ele>1477</ele>
      </trkpt>
      <trkpt lat="45.802832555564535" lon="6.096803849564588">
        <ele>1479</ele>
      </trkpt>
      <trkpt lat="45.80260836039566" lon="6.096876613102601">
        <ele>1478</ele>
      </trkpt>
      <trkpt lat="45.80248311130516" lon="6.096871223210896">
        <ele>1477</ele>
      </trkpt>
      <trkpt lat="45.8023885480553" lon="6.0968658333191925">
        <ele>1477</ele>
      </trkpt>
      <trkpt lat="45.80237289187264" lon="6.096747255701688">
        <ele>1478</ele>
      </trkpt>
      <trkpt lat="45.80234596322812" lon="6.096606220202081">
        <ele>1477</ele>
      </trkpt>
      <trkpt lat="45.802341579494055" lon="6.096510998781966">
        <ele>1477</ele>
      </trkpt>
      <trkpt lat="45.802332812024915" lon="6.096439133559236">
        <ele>1464</ele>
      </trkpt>
      <trkpt lat="45.80229085340343" lon="6.096431947036963">
        <ele>1464</ele>
      </trkpt>
      <trkpt lat="45.80222384479317" lon="6.096399607686734">
        <ele>1464</ele>
      </trkpt>
      <trkpt lat="45.802181886089635" lon="6.096376251489347">
        <ele>1466</ele>
      </trkpt>
      <trkpt lat="45.80212489735213" lon="6.096331335725141">
        <ele>1466</ele>
      </trkpt>
      <trkpt lat="45.80204786852639" lon="6.096241504196729">
        <ele>1467</ele>
      </trkpt>
      <trkpt lat="45.80192950695245" lon="6.096124723209794">
        <ele>1468</ele>
      </trkpt>
      <trkpt lat="45.801810518873324" lon="6.096039383257802">
        <ele>1470</ele>
      </trkpt>
      <trkpt lat="45.801714701972294" lon="6.095981891079619">
        <ele>1470</ele>
      </trkpt>
      <trkpt lat="45.80161575362703" lon="6.095907330911038">
        <ele>1471</ele>
      </trkpt>
      <trkpt lat="45.801564400619085" lon="6.095854330309274">
        <ele>1472</ele>
      </trkpt>
      <trkpt lat="45.80145856317289" lon="6.095777973510123">
        <ele>1472</ele>
      </trkpt>
      <trkpt lat="45.80135648307869" lon="6.095692633558132">
        <ele>1471</ele>
      </trkpt>
      <trkpt lat="45.801141675889276" lon="6.095542614905684">
        <ele>1473</ele>
      </trkpt>
      <trkpt lat="45.8009976356191" lon="6.095412359189486">
        <ele>1475</ele>
      </trkpt>
      <trkpt lat="45.80086361520719" lon="6.095334205759769">
        <ele>1474</ele>
      </trkpt>
      <trkpt lat="45.80063377571292" lon="6.095127593244421">
        <ele>1477</ele>
      </trkpt>
      <trkpt lat="45.80057553285673" lon="6.095064711174532">
        <ele>1477</ele>
      </trkpt>
      <trkpt lat="45.80047971383178" lon="6.094984761114246">
        <ele>1477</ele>
      </trkpt>
      <trkpt lat="45.8003807632932" lon="6.094887743063562">
        <ele>1476</ele>
      </trkpt>
      <trkpt lat="45.80036197519642" lon="6.094866183496742">
        <ele>1476</ele>
      </trkpt>
      <trkpt lat="45.800281812578895" lon="6.094742215987533">
        <ele>1476</ele>
      </trkpt>
      <trkpt lat="45.8002398524128" lon="6.094695503592759">
        <ele>1476</ele>
      </trkpt>
      <trkpt lat="45.80021793291049" lon="6.0946811305482145">
        <ele>1476</ele>
      </trkpt>
      <trkpt lat="45.80016595234195" lon="6.0946658591883835">
        <ele>1477</ele>
      </trkpt>
      <trkpt lat="45.80012148699788" lon="6.0946353164687235">
        <ele>1478</ele>
      </trkpt>
      <trkpt lat="45.80008578944243" lon="6.094601180487928">
        <ele>1478</ele>
      </trkpt>
      <trkpt lat="45.80005071813761" lon="6.094587705758665">
        <ele>1478</ele>
      </trkpt>
      <trkpt lat="45.79999998996123" lon="6.094594892280938">
        <ele>1479</ele>
      </trkpt>
      <trkpt lat="45.79990354367137" lon="6.094571536083551">
        <ele>1481</ele>
      </trkpt>
      <trkpt lat="45.79966994255009" lon="6.094477212978719">
        <ele>1485</ele>
      </trkpt>
      <trkpt lat="45.799605435901704" lon="6.094422415746387">
        <ele>1487</ele>
      </trkpt>
      <trkpt lat="45.79956472778417" lon="6.094367618514056">
        <ele>1488</ele>
      </trkpt>
      <trkpt lat="45.799426946242626" lon="6.094269702148087">
        <ele>1489</ele>
      </trkpt>
      <trkpt lat="45.7993699546872" lon="6.094209515024052">
        <ele>1490</ele>
      </trkpt>
      <trkpt lat="45.79935680278151" lon="6.094176277358538">
        <ele>1491</ele>
      </trkpt>
      <trkpt lat="45.799324862426204" lon="6.094166395890413">
        <ele>1492</ele>
      </trkpt>
      <trkpt lat="45.799228414967715" lon="6.094091835721831">
        <ele>1494</ele>
      </trkpt>
      <trkpt lat="45.79919647453881" lon="6.0940819542537055">
        <ele>1494</ele>
      </trkpt>
      <trkpt lat="45.799170796925836" lon="6.094061293002171">
        <ele>1495</ele>
      </trkpt>
      <trkpt lat="45.7991138051084" lon="6.093979546311316">
        <ele>1496</ele>
      </trkpt>
      <trkpt lat="45.79905556066333" lon="6.093942715384666">
        <ele>1497</ele>
      </trkpt>
      <trkpt lat="45.79900483158091" lon="6.093871748477222">
        <ele>1499</ele>
      </trkpt>
      <trkpt lat="45.79894658702193" lon="6.093813357983754">
        <ele>1500</ele>
      </trkpt>
      <trkpt lat="45.79892466701084" lon="6.093801679885061">
        <ele>1500</ele>
      </trkpt>
      <trkpt lat="45.79886955380203" lon="6.093796289993357">
        <ele>1501</ele>
      </trkpt>
      <trkpt lat="45.79881882455026" lon="6.093834917550573">
        <ele>1502</ele>
      </trkpt>
      <trkpt lat="45.798735528271266" lon="6.093864561954949">
        <ele>1503</ele>
      </trkpt>
      <trkpt lat="45.798693566940685" lon="6.093859172063245">
        <ele>1504</ele>
      </trkpt>
      <trkpt lat="45.79865285815694" lon="6.093866358585517">
        <ele>1505</ele>
      </trkpt>
      <trkpt lat="45.79860150241812" lon="6.093841205757562">
        <ele>1505</ele>
      </trkpt>
      <trkpt lat="45.79855640953524" lon="6.093834917550573">
        <ele>1507</ele>
      </trkpt>
      <trkpt lat="45.79853386308013" lon="6.093857375432676">
        <ele>1507</ele>
      </trkpt>
      <trkpt lat="45.79853762082327" lon="6.093887918152337">
        <ele>1508</ele>
      </trkpt>
      <trkpt lat="45.79855390437401" lon="6.093909477719155">
        <ele>1508</ele>
      </trkpt>
      <trkpt lat="45.7985307316273" lon="6.093927444024838">
        <ele>1509</ele>
      </trkpt>
      <trkpt lat="45.79847373915518" lon="6.093884324891199">
        <ele>1511</ele>
      </trkpt>
      <trkpt lat="45.798450566375145" lon="6.0938933080440405">
        <ele>1511</ele>
      </trkpt>
      <trkpt lat="45.79842175695946" lon="6.0938933080440405">
        <ele>1512</ele>
      </trkpt>
      <trkpt lat="45.79837353246946" lon="6.093844799018697">
        <ele>1513</ele>
      </trkpt>
      <trkpt lat="45.79834159155053" lon="6.093844799018697">
        <ele>1514</ele>
      </trkpt>
      <trkpt lat="45.79830088250962" lon="6.093924749078985">
        <ele>1516</ele>
      </trkpt>
      <trkpt lat="45.79828146741813" lon="6.093937325492962">
        <ele>1517</ele>
      </trkpt>
      <trkpt lat="45.79815996636923" lon="6.093969664843191">
        <ele>1519</ele>
      </trkpt>
      <trkpt lat="45.79813366198353" lon="6.093987631148873">
        <ele>1519</ele>
      </trkpt>
      <trkpt lat="45.79796456206482" lon="6.094027157021374">
        <ele>1522</ele>
      </trkpt>
      <trkpt lat="45.79794138907301" lon="6.094044225011773">
        <ele>1523</ele>
      </trkpt>
      <trkpt lat="45.797903811227954" lon="6.094089140775978">
        <ele>1523</ele>
      </trkpt>
      <trkpt lat="45.79787187003977" lon="6.094107107081661">
        <ele>1524</ele>
      </trkpt>
      <trkpt lat="45.79785245479877" lon="6.094109802027512">
        <ele>1524</ele>
      </trkpt>
      <trkpt lat="45.797801724621024" lon="6.094089140775978">
        <ele>1525</ele>
      </trkpt>
      <trkpt lat="45.79767959622587" lon="6.094077462677285">
        <ele>1528</ele>
      </trkpt>
      <trkpt lat="45.79762886589076" lon="6.094037936804783">
        <ele>1528</ele>
      </trkpt>
      <trkpt lat="45.79759942974919" lon="6.094051411534046">
        <ele>1529</ele>
      </trkpt>
      <trkpt lat="45.79756185167354" lon="6.094122378441491">
        <ele>1531</ele>
      </trkpt>
      <trkpt lat="45.79754869934108" lon="6.094193345348936">
        <ele>1533</ele>
      </trkpt>
      <trkpt lat="45.79754556783291" lon="6.094284973507916">
        <ele>1535</ele>
      </trkpt>
      <trkpt lat="45.79752552617632" lon="6.094347855577804">
        <ele>1537</ele>
      </trkpt>
      <trkpt lat="45.79748168502748" lon="6.0943748050363284">
        <ele>1538</ele>
      </trkpt>
      <trkpt lat="45.79740151826604" lon="6.0943622286223516">
        <ele>1538</ele>
      </trkpt>
      <trkpt lat="45.79733074595114" lon="6.094375703351613">
        <ele>1538</ele>
      </trkpt>
      <trkpt lat="45.79718356430043" lon="6.094334380848543">
        <ele>1539</ele>
      </trkpt>
      <trkpt lat="45.79712594414405" lon="6.094345160631952">
        <ele>1540</ele>
      </trkpt>
      <trkpt lat="45.79708773944228" lon="6.0943379741096795">
        <ele>1540</ele>
      </trkpt>
      <trkpt lat="45.7970269876495" lon="6.094315516227577">
        <ele>1541</ele>
      </trkpt>
      <trkpt lat="45.79696247794134" lon="6.094282278562066">
        <ele>1542</ele>
      </trkpt>
      <trkpt lat="45.796885441978425" lon="6.094259820679961">
        <ele>1542</ele>
      </trkpt>
      <trkpt lat="45.79686038960981" lon="6.094271498778655">
        <ele>1543</ele>
      </trkpt>
      <trkpt lat="45.79684160032596" lon="6.094289465084337">
        <ele>1545</ele>
      </trkpt>
      <trkpt lat="45.79678648505679" lon="6.094275990355076">
        <ele>1545</ele>
      </trkpt>
      <trkpt lat="45.79676769574801" lon="6.094281380246781">
        <ele>1547</ele>
      </trkpt>
      <trkpt lat="45.79673262235469" lon="6.09430743139002">
        <ele>1548</ele>
      </trkpt>
      <trkpt lat="45.79671383302776" lon="6.094345160631952">
        <ele>1549</ele>
      </trkpt>
      <trkpt lat="45.79669065951581" lon="6.094372110090476">
        <ele>1549</ele>
      </trkpt>
      <trkpt lat="45.796665607059644" lon="6.094466433195309">
        <ele>1552</ele>
      </trkpt>
      <trkpt lat="45.7966299072901" lon="6.094506857383094">
        <ele>1554</ele>
      </trkpt>
      <trkpt lat="45.796613623177116" lon="6.09453650178747">
        <ele>1554</ele>
      </trkpt>
      <trkpt lat="45.79657291287383" lon="6.094573332714121">
        <ele>1556</ele>
      </trkpt>
      <trkpt lat="45.796556628744185" lon="6.094597587226791">
        <ele>1557</ele>
      </trkpt>
      <trkpt lat="45.79654660773895" lon="6.094625435000598">
        <ele>1557</ele>
      </trkpt>
      <trkpt lat="45.79651466577275" lon="6.094667655818951">
        <ele>1559</ele>
      </trkpt>
      <trkpt lat="45.796469571201094" lon="6.094699995169179">
        <ele>1560</ele>
      </trkpt>
      <trkpt lat="45.79645078178546" lon="6.094731436204124">
        <ele>1561</ele>
      </trkpt>
      <trkpt lat="45.79645391335518" lon="6.094824860993673">
        <ele>1561</ele>
      </trkpt>
      <trkpt lat="45.79646643963227" lon="6.094884149802425">
        <ele>1562</ele>
      </trkpt>
      <trkpt lat="45.796469571201094" lon="6.094969489754416">
        <ele>1563</ele>
      </trkpt>
      <trkpt lat="45.79649274480499" lon="6.095049439814703">
        <ele>1564</ele>
      </trkpt>
      <trkpt lat="45.79648961323744" lon="6.095089864002488">
        <ele>1565</ele>
      </trkpt>
      <trkpt lat="45.79649587637233" lon="6.095124898298568">
        <ele>1565</ele>
      </trkpt>
      <trkpt lat="45.79650840263999" lon="6.095157237648797">
        <ele>1566</ele>
      </trkpt>
      <trkpt lat="45.79650840263999" lon="6.095206644989424">
        <ele>1566</ele>
      </trkpt>
      <trkpt lat="45.79646643963227" lon="6.0953324091292">
        <ele>1568</ele>
      </trkpt>
      <trkpt lat="45.79646393437708" lon="6.095389901307383">
        <ele>1567</ele>
      </trkpt>
      <trkpt lat="45.79645391335518" lon="6.095415952450623">
        <ele>1568</ele>
      </trkpt>
      <trkpt lat="45.796447650215576" lon="6.095482427781648">
        <ele>1567</ele>
      </trkpt>
      <trkpt lat="45.79645078178546" lon="6.095577649201765">
        <ele>1568</ele>
      </trkpt>
      <trkpt lat="45.79644451864551" lon="6.095621666650687">
        <ele>1567</ele>
      </trkpt>
      <trkpt lat="45.79644451864551" lon="6.095711498179098">
        <ele>1568</ele>
      </trkpt>
      <trkpt lat="45.79645078178546" lon="6.095737549322338">
        <ele>1569</ele>
      </trkpt>
      <trkpt lat="45.79645391335518" lon="6.095857923570411">
        <ele>1569</ele>
      </trkpt>
      <trkpt lat="45.796447650215576" lon="6.095891161235922">
        <ele>1570</ele>
      </trkpt>
      <trkpt lat="45.79644451864551" lon="6.09607172260803">
        <ele>1572</ele>
      </trkpt>
      <trkpt lat="45.79645391335518" lon="6.096115740056953">
        <ele>1573</ele>
      </trkpt>
      <trkpt lat="45.796469571201094" lon="6.096142689515476">
        <ele>1573</ele>
      </trkpt>
      <trkpt lat="45.79647646065191" lon="6.096179520442124">
        <ele>1574</ele>
      </trkpt>
      <trkpt lat="45.79646393437708" lon="6.096201978324228">
        <ele>1574</ele>
      </trkpt>
      <trkpt lat="45.79645078178546" lon="6.096249589034286">
        <ele>1575</ele>
      </trkpt>
      <trkpt lat="45.796447650215576" lon="6.096294504798492">
        <ele>1575</ele>
      </trkpt>
      <trkpt lat="45.79643449762015" lon="6.096323250887584">
        <ele>1576</ele>
      </trkpt>
      <trkpt lat="45.7964056871621" lon="6.096326844148719">
        <ele>1579</ele>
      </trkpt>
      <trkpt lat="45.79634869251648" lon="6.09629180985264">
        <ele>1580</ele>
      </trkpt>
      <trkpt lat="45.79624284516282" lon="6.096304386266617">
        <ele>1581</ele>
      </trkpt>
      <trkpt lat="45.7961977503712" lon="6.096333132355709">
        <ele>1582</ele>
      </trkpt>
      <trkpt lat="45.79615390817767" lon="6.0963475054002565">
        <ele>1583</ele>
      </trkpt>
      <trkpt lat="45.79613386602057" lon="6.096346607084971">
        <ele>1584</ele>
      </trkpt>
      <trkpt lat="45.79611758176262" lon="6.096385234642188">
        <ele>1585</ele>
      </trkpt>
      <trkpt lat="45.79609879222833" lon="6.096402302632586">
        <ele>1584</ele>
      </trkpt>
      <trkpt lat="45.796063718414" lon="6.096454404919065">
        <ele>1585</ele>
      </trkpt>
      <trkpt lat="45.796037413038746" lon="6.096472371224747">
        <ele>1586</ele>
      </trkpt>
      <trkpt lat="45.79598041801647" lon="6.096557711176739">
        <ele>1587</ele>
      </trkpt>
      <trkpt lat="45.79594597044726" lon="6.096626881453616">
        <ele>1588</ele>
      </trkpt>
      <trkpt lat="45.79588145948763" lon="6.096691560154073">
        <ele>1589</ele>
      </trkpt>
      <trkpt lat="45.795833859120044" lon="6.096751747278109">
        <ele>1590</ele>
      </trkpt>
      <trkpt lat="45.795769974352275" lon="6.096787679889474">
        <ele>1591</ele>
      </trkpt>
      <trkpt lat="45.79573364768693" lon="6.0967975613576">
        <ele>1591</ele>
      </trkpt>
      <trkpt lat="45.79570170525477" lon="6.096819120924419">
        <ele>1591</ele>
      </trkpt>
      <trkpt lat="45.79556140886525" lon="6.097006868818799">
        <ele>1592</ele>
      </trkpt>
      <trkpt lat="45.79547748139197" lon="6.097086818879085">
        <ele>1592</ele>
      </trkpt>
      <trkpt lat="45.7953816536" lon="6.097234142585681">
        <ele>1593</ele>
      </trkpt>
      <trkpt lat="45.7953177683138" lon="6.097319482537672">
        <ele>1593</ele>
      </trkpt>
      <trkpt lat="45.79519688713071" lon="6.097433568578755">
        <ele>1594</ele>
      </trkpt>
      <trkpt lat="45.79515179149267" lon="6.097465907928985">
        <ele>1593</ele>
      </trkpt>
      <trkpt lat="45.79507788467363" lon="6.097542264728134">
        <ele>1594</ele>
      </trkpt>
      <trkpt lat="45.7948799642348" lon="6.097687791804161">
        <ele>1594</ele>
      </trkpt>
      <trkpt lat="45.79481858370274" lon="6.097753368819903">
        <ele>1593</ele>
      </trkpt>
      <trkpt lat="45.79468141675924" lon="6.097845895294165">
        <ele>1593</ele>
      </trkpt>
      <trkpt lat="45.79462692568794" lon="6.09789440431951">
        <ele>1592</ele>
      </trkpt>
      <trkpt lat="45.794540491465604" lon="6.097957286389398">
        <ele>1593</ele>
      </trkpt>
      <trkpt lat="45.79442837731083" lon="6.0980632875929235">
        <ele>1594</ele>
      </trkpt>
      <trkpt lat="45.79439643413048" lon="6.0980848471597415">
        <ele>1594</ele>
      </trkpt>
      <trkpt lat="45.79431688926846" lon="6.098171983742302">
        <ele>1595</ele>
      </trkpt>
      <trkpt lat="45.794297472788834" lon="6.0981998315161094">
        <ele>1596</ele>
      </trkpt>
      <trkpt lat="45.79424987106824" lon="6.0982456455956">
        <ele>1597</ele>
      </trkpt>
      <trkpt lat="45.79423671795407" lon="6.098281578206965">
        <ele>1599</ele>
      </trkpt>
      <trkpt lat="45.794191621539014" lon="6.098329188917024">
        <ele>1601</ele>
      </trkpt>
      <trkpt lat="45.79411708710641" lon="6.098361528267251">
        <ele>1602</ele>
      </trkpt>
      <trkpt lat="45.794056958415844" lon="6.098436088435833">
        <ele>1605</ele>
      </trkpt>
      <trkpt lat="45.79398430282817" lon="6.098577123935439">
        <ele>1609</ele>
      </trkpt>
      <trkpt lat="45.79388972515409" lon="6.098663362202715">
        <ele>1612</ele>
      </trkpt>
      <trkpt lat="45.793667999381555" lon="6.098834042106698">
        <ele>1614</ele>
      </trkpt>
      <trkpt lat="45.793527697872065" lon="6.0989418399407915">
        <ele>1615</ele>
      </trkpt>
      <trkpt lat="45.793393659492914" lon="6.099045146198465">
        <ele>1616</ele>
      </trkpt>
      <trkpt lat="45.793263378890195" lon="6.099145757510288">
        <ele>1617</ele>
      </trkpt>
      <trkpt lat="45.79313998784624" lon="6.099240080615121">
        <ele>1618</ele>
      </trkpt>
      <trkpt lat="45.79298841065687" lon="6.09935775991734">
        <ele>1612</ele>
      </trkpt>
      <trkpt lat="45.79295959841724" lon="6.09935775991734">
        <ele>1612</ele>
      </trkpt>
      <trkpt lat="45.792937676051004" lon="6.0993478784492146">
        <ele>1612</ele>
      </trkpt>
      <trkpt lat="45.79291450096873" lon="6.099324522251827">
        <ele>1612</ele>
      </trkpt>
      <trkpt lat="45.79279361457266" lon="6.099161927185402">
        <ele>1615</ele>
      </trkpt>
      <trkpt lat="45.7927197046262" lon="6.099099943430796">
        <ele>1616</ele>
      </trkpt>
      <trkpt lat="45.792642662797995" lon="6.099057722612444">
        <ele>1617</ele>
      </trkpt>
      <trkpt lat="45.79255685185588" lon="6.0990262815775">
        <ele>1617</ele>
      </trkpt>
      <trkpt lat="45.79243784376123" lon="6.099007416956534">
        <ele>1618</ele>
      </trkpt>
      <trkpt lat="45.792303802760884" lon="6.099004722010681">
        <ele>1619</ele>
      </trkpt>
      <trkpt lat="45.79226559475312" lon="6.099014603478806">
        <ele>1620</ele>
      </trkpt>
      <trkpt lat="45.792264342031125" lon="6.099018196739943">
        <ele>1626</ele>
      </trkpt>
      <trkpt lat="45.79219794772434" lon="6.09916372381597">
        <ele>1622</ele>
      </trkpt>
      <trkpt lat="45.7921014879302" lon="6.099309250891998">
        <ele>1622</ele>
      </trkpt>
      <trkpt lat="45.792053884333896" lon="6.0993541666562034">
        <ele>1624</ele>
      </trkpt>
      <trkpt lat="45.79197746794952" lon="6.099411658834387">
        <ele>1624</ele>
      </trkpt>
      <trkpt lat="45.79189353507877" lon="6.099517660037913">
        <ele>1625</ele>
      </trkpt>
      <trkpt lat="45.791823382134595" lon="6.099585931999507">
        <ele>1626</ele>
      </trkpt>
      <trkpt lat="45.791804591152385" lon="6.099615576403882">
        <ele>1626</ele>
      </trkpt>
      <trkpt lat="45.79169873516771" lon="6.099729662444966">
        <ele>1627</ele>
      </trkpt>
      <trkpt lat="45.79158348345281" lon="6.099895850772528">
        <ele>1628</ele>
      </trkpt>
      <trkpt lat="45.791561560545276" lon="6.099914715393494">
        <ele>1628</ele>
      </trkpt>
      <trkpt lat="45.791538384890806" lon="6.099922800231052">
        <ele>1628</ele>
      </trkpt>
      <trkpt lat="45.7914588359494" lon="6.099922800231052">
        <ele>1628</ele>
      </trkpt>
      <trkpt lat="45.79140747358047" lon="6.099932681699176">
        <ele>1628</ele>
      </trkpt>
      <trkpt lat="45.791378660523506" lon="6.099947953059007">
        <ele>1628</ele>
      </trkpt>
      <trkpt lat="45.79135360567927" lon="6.099971309256393">
        <ele>1628</ele>
      </trkpt>
      <trkpt lat="45.79131790250676" lon="6.100021614912304">
        <ele>1628</ele>
      </trkpt>
      <trkpt lat="45.79129848498229" lon="6.100037784587418">
        <ele>1629</ele>
      </trkpt>
      <trkpt lat="45.791273430102" lon="6.100041377848554">
        <ele>1628</ele>
      </trkpt>
      <trkpt lat="45.79118385881286" lon="6.099989275562075">
        <ele>1627</ele>
      </trkpt>
      <trkpt lat="45.791074869777404" lon="6.099894952457243">
        <ele>1627</ele>
      </trkpt>
      <trkpt lat="45.790991561922695" lon="6.099803324298263">
        <ele>1628</ele>
      </trkpt>
      <trkpt lat="45.790953979391084" lon="6.0997449338047955">
        <ele>1627</ele>
      </trkpt>
      <trkpt lat="45.790828704102665" lon="6.099581440423086">
        <ele>1626</ele>
      </trkpt>
      <trkpt lat="45.790802396256346" lon="6.099557185910414">
        <ele>1626</ele>
      </trkpt>
      <trkpt lat="45.790722846264494" lon="6.099447591445752">
        <ele>1625</ele>
      </trkpt>
      <trkpt lat="45.79061072442964" lon="6.099245470506825">
        <ele>1624</ele>
      </trkpt>
      <trkpt lat="45.79051739379173" lon="6.099116113105912">
        <ele>1625</ele>
      </trkpt>
      <trkpt lat="45.790473547129366" lon="6.099074790602843">
        <ele>1624</ele>
      </trkpt>
      <trkpt lat="45.79045788759874" lon="6.099051434405455">
        <ele>1624</ele>
      </trkpt>
      <trkpt lat="45.790444733589624" lon="6.0990244849469315">
        <ele>1623</ele>
      </trkpt>
      <trkpt lat="45.79043784339311" lon="6.09898945065085">
        <ele>1624</ele>
      </trkpt>
      <trkpt lat="45.790431579577366" lon="6.098889737654314">
        <ele>1625</ele>
      </trkpt>
      <trkpt lat="45.79043784339311" lon="6.098855601673517">
        <ele>1625</ele>
      </trkpt>
      <trkpt lat="45.79045788759874" lon="6.09880170275647">
        <ele>1626</ele>
      </trkpt>
      <trkpt lat="45.790492964941244" lon="6.098736125740729">
        <ele>1627</ele>
      </trkpt>
      <trkpt lat="45.790492964941244" lon="6.098697498183512">
        <ele>1628</ele>
      </trkpt>
      <trkpt lat="45.790473547129366" lon="6.098604971709248">
        <ele>1628</ele>
      </trkpt>
      <trkpt lat="45.790444733589624" lon="6.098544784585211">
        <ele>1628</ele>
      </trkpt>
      <trkpt lat="45.79025243414931" lon="6.098282476522248">
        <ele>1630</ele>
      </trkpt>
      <trkpt lat="45.7902079608944" lon="6.098239357388612">
        <ele>1630</ele>
      </trkpt>
      <trkpt lat="45.79013342113404" lon="6.098185458471564">
        <ele>1630</ele>
      </trkpt>
      <trkpt lat="45.79002192449967" lon="6.098069575799913">
        <ele>1631</ele>
      </trkpt>
      <trkpt lat="45.789877855484534" lon="6.097852183501155">
        <ele>1632</ele>
      </trkpt>
      <trkpt lat="45.78983964581369" lon="6.097787504800699">
        <ele>1633</ele>
      </trkpt>
      <trkpt lat="45.78981083194622" lon="6.097721927784959">
        <ele>1632</ele>
      </trkpt>
      <trkpt lat="45.789772622229435" lon="6.097659944030354">
        <ele>1634</ele>
      </trkpt>
      <trkpt lat="45.789701840225874" lon="6.09758268891592">
        <ele>1634</ele>
      </trkpt>
      <trkpt lat="45.78958094686143" lon="6.097411110696653">
        <ele>1636</ele>
      </trkpt>
      <trkpt lat="45.789535846679044" lon="6.097356313464322">
        <ele>1636</ele>
      </trkpt>
      <trkpt lat="45.789519560493126" lon="6.097326669059946">
        <ele>1636</ele>
      </trkpt>
      <trkpt lat="45.789391776407506" lon="6.0971479043184065">
        <ele>1637</ele>
      </trkpt>
      <trkpt lat="45.78923768344407" lon="6.096785883258906">
        <ele>1639</ele>
      </trkpt>
      <trkpt lat="45.78909361240186" lon="6.096571185906002">
        <ele>1642</ele>
      </trkpt>
      <trkpt lat="45.78906855653041" lon="6.0965424398169095">
        <ele>1643</ele>
      </trkpt>
      <trkpt lat="45.78905540219341" lon="6.09650560889026">
        <ele>1643</ele>
      </trkpt>
      <trkpt lat="45.78902971990741" lon="6.096474167855316">
        <ele>1643</ele>
      </trkpt>
      <trkpt lat="45.789013433573615" lon="6.096442726820373">
        <ele>1644</ele>
      </trkpt>
      <trkpt lat="45.78890569309151" lon="6.096287318276219">
        <ele>1645</ele>
      </trkpt>
      <trkpt lat="45.788802963600666" lon="6.096102265327691">
        <ele>1646</ele>
      </trkpt>
      <trkpt lat="45.78877790759858" lon="6.096035789996666">
        <ele>1646</ele>
      </trkpt>
      <trkpt lat="45.78875786278881" lon="6.096004348961722">
        <ele>1647</ele>
      </trkpt>
      <trkpt lat="45.78870962993571" lon="6.095897449442911">
        <ele>1646</ele>
      </trkpt>
      <trkpt lat="45.788649495411065" lon="6.095821990959045">
        <ele>1648</ele>
      </trkpt>
      <trkpt lat="45.78858873441922" lon="6.095701616710974">
        <ele>1648</ele>
      </trkpt>
      <trkpt lat="45.78856555752859" lon="6.095677362198301">
        <ele>1649</ele>
      </trkpt>
      <trkpt lat="45.78848976276493" lon="6.095623463281255">
        <ele>1650</ele>
      </trkpt>
      <trkpt lat="45.7882749059739" lon="6.095497699141478">
        <ele>1651</ele>
      </trkpt>
      <trkpt lat="45.787849574781816" lon="6.095317137769369">
        <ele>1651</ele>
      </trkpt>
      <trkpt lat="45.787666662579014" lon="6.095209339935275">
        <ele>1652</ele>
      </trkpt>
      <trkpt lat="45.78758648169816" lon="6.095174305639194">
        <ele>1651</ele>
      </trkpt>
      <trkpt lat="45.78750692711643" lon="6.095159932594649">
        <ele>1651</ele>
      </trkpt>
      <trkpt lat="45.787439900727186" lon="6.09513837302783">
        <ele>1657</ele>
      </trkpt>
      <trkpt lat="45.78734656477984" lon="6.094977574591973">
        <ele>1663</ele>
      </trkpt>
      <trkpt lat="45.78720937944608" lon="6.0947242496818514">
        <ele>1660</ele>
      </trkpt>
      <trkpt lat="45.78709349202889" lon="6.094489789392696">
        <ele>1660</ele>
      </trkpt>
      <trkpt lat="45.7870815900643" lon="6.0944619416188885">
        <ele>1660</ele>
      </trkpt>
      <trkpt lat="45.78708785425652" lon="6.094436788790933">
        <ele>1660</ele>
      </trkpt>
      <trkpt lat="45.786969460904686" lon="6.094285871823201">
        <ele>1657</ele>
      </trkpt>
      <trkpt lat="45.78689554323479" lon="6.094223888068597">
        <ele>1657</ele>
      </trkpt>
      <trkpt lat="45.78685044087957" lon="6.094197836925357">
        <ele>1657</ele>
      </trkpt>
      <trkpt lat="45.78676148890537" lon="6.094171785782118">
        <ele>1656</ele>
      </trkpt>
      <trkpt lat="45.78666564612642" lon="6.0941645992598446">
        <ele>1656</ele>
      </trkpt>
      <trkpt lat="45.78650590779534" lon="6.094173582412687">
        <ele>1654</ele>
      </trkpt>
      <trkpt lat="45.78610186173817" lon="6.094161904313992">
        <ele>1651</ele>
      </trkpt>
      <trkpt lat="45.78588449001212" lon="6.09413944643189">
        <ele>1648</ele>
      </trkpt>
      <trkpt lat="45.78574980681707" lon="6.0941062087663775">
        <ele>1647</ele>
      </trkpt>
      <trkpt lat="45.78563141062338" lon="6.094056801425751">
        <ele>1643</ele>
      </trkpt>
      <trkpt lat="45.78552992797152" lon="6.093992122725293">
        <ele>1642</ele>
      </trkpt>
      <trkpt lat="45.78547480151527" lon="6.093965173266771">
        <ele>1642</ele>
      </trkpt>
      <trkpt lat="45.785369559947455" lon="6.093923850763701">
        <ele>1642</ele>
      </trkpt>
      <trkpt lat="45.785103949392806" lon="6.093857375432676">
        <ele>1638</ele>
      </trkpt>
      <trkpt lat="45.784713674984786" lon="6.093772933795968">
        <ele>1632</ele>
      </trkpt>
      <trkpt lat="45.78458838567093" lon="6.09372981466233">
        <ele>1630</ele>
      </trkpt>
      <trkpt lat="45.78439606602628" lon="6.093631898296363">
        <ele>1619</ele>
      </trkpt>
      <trkpt lat="45.78415676182874" lon="6.0935115240482896">
        <ele>1627</ele>
      </trkpt>
      <trkpt lat="45.784031471263255" lon="6.093441455456129">
        <ele>1624</ele>
      </trkpt>
      <trkpt lat="45.78387798993679" lon="6.093341742459592">
        <ele>1620</ele>
      </trkpt>
      <trkpt lat="45.78382348830288" lon="6.093311199739931">
        <ele>1613</ele>
      </trkpt>
      <trkpt lat="45.783797803606355" lon="6.093357912134706">
        <ele>1613</ele>
      </trkpt>
      <trkpt lat="45.78381346500808" lon="6.093386658223797">
        <ele>1619</ele>
      </trkpt>
      <trkpt lat="45.78383351159586" lon="6.093446845347834">
        <ele>1619</ele>
      </trkpt>
      <trkpt lat="45.783852931720915" lon="6.09353757519153">
        <ele>1619</ele>
      </trkpt>
      <trkpt lat="45.783865460830256" lon="6.093654356178465">
        <ele>1619</ele>
      </trkpt>
      <trkpt lat="45.78386170209775" lon="6.093692983735682">
        <ele>1618</ele>
      </trkpt>
      <trkpt lat="45.78384541425395" lon="6.0937046618343755">
        <ele>1616</ele>
      </trkpt>
      <trkpt lat="45.78384541425395" lon="6.093737899499889">
        <ele>1617</ele>
      </trkpt>
      <trkpt lat="45.783852931720915" lon="6.093769340534832">
        <ele>1617</ele>
      </trkpt>
      <trkpt lat="45.78384541425395" lon="6.093804374830913">
        <ele>1617</ele>
      </trkpt>
      <trkpt lat="45.7838429084314" lon="6.093881629945348">
        <ele>1618</ele>
      </trkpt>
      <trkpt lat="45.78384541425395" lon="6.094019970499102">
        <ele>1618</ele>
      </trkpt>
      <trkpt lat="45.78382098247934" lon="6.094467331510593">
        <ele>1618</ele>
      </trkpt>
      <trkpt lat="45.7838109591841" lon="6.094896726216403">
        <ele>1622</ele>
      </trkpt>
      <trkpt lat="45.783804694623655" lon="6.094963201547426">
        <ele>1623</ele>
      </trkpt>
      <trkpt lat="45.78382348830288" lon="6.095174305639194">
        <ele>1624</ele>
      </trkpt>
      <trkpt lat="45.783836643874544" lon="6.095241679285504">
        <ele>1624</ele>
      </trkpt>
      <trkpt lat="45.783855437543004" lon="6.09530186640954">
        <ele>1624</ele>
      </trkpt>
      <trkpt lat="45.7838817486682" lon="6.095354867011304">
        <ele>1625</ele>
      </trkpt>
      <trkpt lat="45.78391369787495" lon="6.095402477721362">
        <ele>1625</ele>
      </trkpt>
      <trkpt lat="45.783951911607986" lon="6.095442901909147">
        <ele>1625</ele>
      </trkpt>
      <trkpt lat="45.7839938840387" lon="6.095476139574659">
        <ele>1626</ele>
      </trkpt>
      <trkpt lat="45.78407970816431" lon="6.095521953654149">
        <ele>1628</ele>
      </trkpt>
      <trkpt lat="45.78421752765159" lon="6.095574954255913">
        <ele>1628</ele>
      </trkpt>
      <trkpt lat="45.78431650689136" lon="6.095603700345004">
        <ele>1628</ele>
      </trkpt>
      <trkpt lat="45.78442864138736" lon="6.095619870020118">
        <ele>1628</ele>
      </trkpt>
      <trkpt lat="45.784684858467536" lon="6.095636938010516">
        <ele>1629</ele>
      </trkpt>
      <trkpt lat="45.78484460201689" lon="6.095659395892619">
        <ele>1630</ele>
      </trkpt>
      <trkpt lat="45.785103949392806" lon="6.095722277962508">
        <ele>1631</ele>
      </trkpt>
      <trkpt lat="45.78520292705873" lon="6.0957573122585895">
        <ele>1633</ele>
      </trkpt>
      <trkpt lat="45.78534387596324" lon="6.095826482535466">
        <ele>1634</ele>
      </trkpt>
      <trkpt lat="45.78563767497856" lon="6.096007942222859">
        <ele>1635</ele>
      </trkpt>
      <trkpt lat="45.78572161726995" lon="6.096075315869167">
        <ele>1637</ele>
      </trkpt>
      <trkpt lat="45.785781754953234" lon="6.096139994569624">
        <ele>1638</ele>
      </trkpt>
      <trkpt lat="45.785845651170646" lon="6.096236114305024">
        <ele>1639</ele>
      </trkpt>
      <trkpt lat="45.78589075433886" lon="6.096289114906788">
        <ele>1639</ele>
      </trkpt>
      <trkpt lat="45.785935857470555" lon="6.096356488553097">
        <ele>1641</ele>
      </trkpt>
      <trkpt lat="45.78595151827163" lon="6.096391522849177">
        <ele>1641</ele>
      </trkpt>
      <trkpt lat="45.7860448565548" lon="6.0965163886736695">
        <ele>1641</ele>
      </trkpt>
      <trkpt lat="45.78616951616583" lon="6.09671491635146">
        <ele>1643</ele>
      </trkpt>
      <trkpt lat="45.786345542578964" lon="6.096956563162888">
        <ele>1646</ele>
      </trkpt>
      <trkpt lat="45.78650590779534" lon="6.0971497009489735">
        <ele>1647</ele>
      </trkpt>
      <trkpt lat="45.78664560055706" lon="6.097299719601423">
        <ele>1646</ele>
      </trkpt>
      <trkpt lat="45.78680157995356" lon="6.097437161839893">
        <ele>1643</ele>
      </trkpt>
      <trkpt lat="45.78699764982079" lon="6.0976096383744425">
        <ele>1651</ele>
      </trkpt>
      <trkpt lat="45.78717367361888" lon="6.097743487351777">
        <ele>1651</ele>
      </trkpt>
      <trkpt lat="45.78729269295387" lon="6.097817149205074">
        <ele>1650</ele>
      </trkpt>
      <trkpt lat="45.787330904370684" lon="6.097834217195474">
        <ele>1649</ele>
      </trkpt>
      <trkpt lat="45.7873659836811" lon="6.097839607087178">
        <ele>1648</ele>
      </trkpt>
      <trkpt lat="45.78753261010404" lon="6.097804572791097">
        <ele>1649</ele>
      </trkpt>
      <trkpt lat="45.78756455721846" lon="6.097787504800699">
        <ele>1649</ele>
      </trkpt>
      <trkpt lat="45.78758648169816" lon="6.097787504800699">
        <ele>1649</ele>
      </trkpt>
      <trkpt lat="45.787605900515814" lon="6.097797386268823">
        <ele>1649</ele>
      </trkpt>
      <trkpt lat="45.787605900515814" lon="6.097844996978883">
        <ele>1648</ele>
      </trkpt>
      <trkpt lat="45.78756768928752" lon="6.097922252093317">
        <ele>1647</ele>
      </trkpt>
      <trkpt lat="45.787557666665926" lon="6.097976151010363">
        <ele>1647</ele>
      </trkpt>
      <trkpt lat="45.78757771190731" lon="6.098033643188548">
        <ele>1645</ele>
      </trkpt>
      <trkpt lat="45.787596504314564" lon="6.098054304440082">
        <ele>1645</ele>
      </trkpt>
      <trkpt lat="45.78761592312873" lon="6.098064185908207">
        <ele>1644</ele>
      </trkpt>
      <trkpt lat="45.78766353051552" lon="6.098067779169344">
        <ele>1644</ele>
      </trkpt>
      <trkpt lat="45.78769547755492" lon="6.098054304440082">
        <ele>1644</ele>
      </trkpt>
      <trkpt lat="45.787714896334606" lon="6.098033643188548">
        <ele>1644</ele>
      </trkpt>
      <trkpt lat="45.78774684334455" lon="6.09795998133525">
        <ele>1645</ele>
      </trkpt>
      <trkpt lat="45.78774997540336" lon="6.097871946437405">
        <ele>1646</ele>
      </trkpt>
      <trkpt lat="45.787743711285565" lon="6.097842302033031">
        <ele>1645</ele>
      </trkpt>
      <trkpt lat="45.78774997540336" lon="6.097815352574506">
        <ele>1645</ele>
      </trkpt>
      <trkpt lat="45.78776563569478" lon="6.097829725619053">
        <ele>1648</ele>
      </trkpt>
      <trkpt lat="45.78778881291802" lon="6.09787284475269">
        <ele>1648</ele>
      </trkpt>
      <trkpt lat="45.78782639758384" lon="6.09791416725576">
        <ele>1648</ele>
      </trkpt>
      <trkpt lat="45.787865861455714" lon="6.097946506605988">
        <ele>1647</ele>
      </trkpt>
      <trkpt lat="45.78796483421778" lon="6.097996812261899">
        <ele>1647</ele>
      </trkpt>
      <trkpt lat="45.78806067476294" lon="6.0980632875929235">
        <ele>1647</ele>
      </trkpt>
      <trkpt lat="45.78810577613895" lon="6.098104610095993">
        <ele>1647</ele>
      </trkpt>
      <trkpt lat="45.788175933762396" lon="6.0981998315161094">
        <ele>1648</ele>
      </trkpt>
      <trkpt lat="45.78827177394459" lon="6.098359731636684">
        <ele>1648</ele>
      </trkpt>
      <trkpt lat="45.788453431354064" lon="6.098629226221919">
        <ele>1639</ele>
      </trkpt>
      <trkpt lat="45.78852797336116" lon="6.098724447642036">
        <ele>1639</ele>
      </trkpt>
      <trkpt lat="45.78870399232676" lon="6.098911297221132">
        <ele>1643</ele>
      </trkpt>
      <trkpt lat="45.78880985399928" lon="6.098996637173123">
        <ele>1643</ele>
      </trkpt>
      <trkpt lat="45.78891759466659" lon="6.0990613158735805">
        <ele>1641</ele>
      </trkpt>
      <trkpt lat="45.78898837766611" lon="6.099083773755684">
        <ele>1641</ele>
      </trkpt>
      <trkpt lat="45.78901781835624" lon="6.099081977125115">
        <ele>1642</ele>
      </trkpt>
      <trkpt lat="45.789167527156984" lon="6.099099943430796">
        <ele>1641</ele>
      </trkpt>
      <trkpt lat="45.789359830340345" lon="6.099101740061366">
        <ele>1641</ele>
      </trkpt>
      <trkpt lat="45.789535846679044" lon="6.099123299628185">
        <ele>1641</ele>
      </trkpt>
      <trkpt lat="45.789631684522995" lon="6.099154740663129">
        <ele>1642</ele>
      </trkpt>
      <trkpt lat="45.789730654149665" lon="6.099199656427335">
        <ele>1641</ele>
      </trkpt>
      <trkpt lat="45.7898296236006" lon="6.09925535197495">
        <ele>1641</ele>
      </trkpt>
      <trkpt lat="45.79002192449967" lon="6.0993892009522845">
        <ele>1640</ele>
      </trkpt>
      <trkpt lat="45.79009896995059" lon="6.099451184706888">
        <ele>1640</ele>
      </trkpt>
      <trkpt lat="45.7901565973727" lon="6.099511371830924">
        <ele>1641</ele>
      </trkpt>
      <trkpt lat="45.7902079608944" lon="6.099549999388142">
        <ele>1641</ele>
      </trkpt>
      <trkpt lat="45.790220488575414" lon="6.099567965693825">
        <ele>1641</ele>
      </trkpt>
      <trkpt lat="45.79049860236923" lon="6.099721577607408">
        <ele>1640</ele>
      </trkpt>
      <trkpt lat="45.79078360492991" lon="6.099917410339346">
        <ele>1635</ele>
      </trkpt>
      <trkpt lat="45.790975902537596" lon="6.1000916835044645">
        <ele>1638</ele>
      </trkpt>
      <trkpt lat="45.79102037517978" lon="6.100136599268671">
        <ele>1638</ele>
      </trkpt>
      <trkpt lat="45.791093661005625" lon="6.100231820688788">
        <ele>1638</ele>
      </trkpt>
      <trkpt lat="45.7911738368415" lon="6.1003171606407784">
        <ele>1638</ele>
      </trkpt>
      <trkpt lat="45.791273430102" lon="6.100399805646919">
        <ele>1638</ele>
      </trkpt>
      <trkpt lat="45.791410605433576" lon="6.100544434407661">
        <ele>1638</ele>
      </trkpt>
      <trkpt lat="45.79168996602386" lon="6.1008166239387505">
        <ele>1639</ele>
      </trkpt>
      <trkpt lat="45.791881634139074" lon="6.100975625744039">
        <ele>1640</ele>
      </trkpt>
      <trkpt lat="45.79204762069975" lon="6.1011831365746705">
        <ele>1639</ele>
      </trkpt>
      <trkpt lat="45.79210587246991" lon="6.101234340545867">
        <ele>1639</ele>
      </trkpt>
      <trkpt lat="45.792140948775256" lon="6.101256798427969">
        <ele>1639</ele>
      </trkpt>
      <trkpt lat="45.79216537690343" lon="6.101284646201776">
        <ele>1639</ele>
      </trkpt>
      <trkpt lat="45.792413415752485" lon="6.10138795245945">
        <ele>1640</ele>
      </trkpt>
      <trkpt lat="45.79263514651638" lon="6.1014912587171235">
        <ele>1640</ele>
      </trkpt>
      <trkpt lat="45.792754780545216" lon="6.101559530678717">
        <ele>1639</ele>
      </trkpt>
      <trkpt lat="45.792904479308575" lon="6.101633192532013">
        <ele>1640</ele>
      </trkpt>
      <trkpt lat="45.793009706650516" lon="6.101676311665653">
        <ele>1641</ele>
      </trkpt>
      <trkpt lat="45.79318007430672" lon="6.101732007213267">
        <ele>1642</ele>
      </trkpt>
      <trkpt lat="45.793305970659205" lon="6.101809262327703">
        <ele>1642</ele>
      </trkpt>
      <trkpt lat="45.79335106779092" lon="6.101697871232472">
        <ele>1642</ele>
      </trkpt>
      <trkpt lat="45.79340743915424" lon="6.101741888681394">
        <ele>1644</ele>
      </trkpt>
      <trkpt lat="45.7934619314179" lon="6.101779617923326">
        <ele>1644</ele>
      </trkpt>
      <trkpt lat="45.79350765477046" lon="6.10179129602202">
        <ele>1645</ele>
      </trkpt>
      <trkpt lat="45.79354899365965" lon="6.101787702760883">
        <ele>1644</ele>
      </trkpt>
      <trkpt lat="45.793589706172064" lon="6.101792194337303">
        <ele>1645</ele>
      </trkpt>
      <trkpt lat="45.79366674669108" lon="6.101819143795828">
        <ele>1645</ele>
      </trkpt>
      <trkpt lat="45.79379452097564" lon="6.10183711010151">
        <ele>1645</ele>
      </trkpt>
      <trkpt lat="45.793874692926174" lon="6.101864957875318">
        <ele>1646</ele>
      </trkpt>
      <trkpt lat="45.79392981107528" lon="6.101901788801966">
        <ele>1647</ele>
      </trkpt>
      <trkpt lat="45.79402188331637" lon="6.101911670270091">
        <ele>1647</ele>
      </trkpt>
      <trkpt lat="45.79410894468335" lon="6.101973654024696">
        <ele>1648</ele>
      </trkpt>
      <trkpt lat="45.79418598448458" lon="6.102005993374924">
        <ele>1648</ele>
      </trkpt>
      <trkpt lat="45.79426177150219" lon="6.1020554007155505">
        <ele>1649</ele>
      </trkpt>
      <trkpt lat="45.79430373617011" lon="6.102062587237823">
        <ele>1650</ele>
      </trkpt>
      <trkpt lat="45.79438077570204" lon="6.1020356377793">
        <ele>1650</ele>
      </trkpt>
      <trkpt lat="45.79443150899421" lon="6.102032942833448">
        <ele>1650</ele>
      </trkpt>
      <trkpt lat="45.79446345215447" lon="6.102039231040436">
        <ele>1650</ele>
      </trkpt>
      <trkpt lat="45.794508548349526" lon="6.102102113110324">
        <ele>1651</ele>
      </trkpt>
      <trkpt lat="45.794521701399546" lon="6.1021317575147">
        <ele>1651</ele>
      </trkpt>
      <trkpt lat="45.79455677618442" lon="6.102171283387201">
        <ele>1652</ele>
      </trkpt>
      <trkpt lat="45.794645715718566" lon="6.102253928393341">
        <ele>1652</ele>
      </trkpt>
      <trkpt lat="45.79470083310507" lon="6.102284471113001">
        <ele>1652</ele>
      </trkpt>
      <trkpt lat="45.794745929108046" lon="6.10232130203965">
        <ele>1652</ele>
      </trkpt>
      <trkpt lat="45.79501399903917" lon="6.1024371847113015">
        <ele>1657</ele>
      </trkpt>
      <trkpt lat="45.79513863859135" lon="6.102507253303463">
        <ele>1657</ele>
      </trkpt>
      <trkpt lat="45.79523446680122" lon="6.1025368977078385">
        <ele>1659</ele>
      </trkpt>
      <trkpt lat="45.79537539033989" lon="6.102594389886021">
        <ele>1659</ele>
      </trkpt>
      <trkpt lat="45.795468712842705" lon="6.102647390487785">
        <ele>1659</ele>
      </trkpt>
      <trkpt lat="45.795513808224285" lon="6.102681526468582">
        <ele>1660</ele>
      </trkpt>
      <trkpt lat="45.79567352074058" lon="6.102757883267733">
        <ele>1659</ele>
      </trkpt>
      <trkpt lat="45.795727384466396" lon="6.102814477130631">
        <ele>1659</ele>
      </trkpt>
      <trkpt lat="45.795769974352275" lon="6.102844121535008">
        <ele>1660</ele>
      </trkpt>
      <trkpt lat="45.79595160732368" lon="6.102904308659044">
        <ele>1662</ele>
      </trkpt>
      <trkpt lat="45.79612447125695" lon="6.102947427792682">
        <ele>1665</ele>
      </trkpt>
      <trkpt lat="45.79620777143915" lon="6.102993241872172">
        <ele>1667</ele>
      </trkpt>
      <trkpt lat="45.79624973464167" lon="6.10303456437524">
        <ele>1667</ele>
      </trkpt>
      <trkpt lat="45.79630672938848" lon="6.103124395903652">
        <ele>1667</ele>
      </trkpt>
      <trkpt lat="45.7963299030601" lon="6.103192667865246">
        <ele>1669</ele>
      </trkpt>
      <trkpt lat="45.79633553989767" lon="6.103287889285363">
        <ele>1670</ele>
      </trkpt>
      <trkpt lat="45.79633553989767" lon="6.10350977316054">
        <ele>1670</ele>
      </trkpt>
      <trkpt lat="45.79634556094087" lon="6.103536722619064">
        <ele>1671</ele>
      </trkpt>
      <trkpt lat="45.79636748196656" lon="6.103677758118671">
        <ele>1672</ele>
      </trkpt>
      <trkpt lat="45.79638940298361" lon="6.103741538503844">
        <ele>1673</ele>
      </trkpt>
      <trkpt lat="45.79639691875889" lon="6.103777471115207">
        <ele>1673</ele>
      </trkpt>
      <trkpt lat="45.79647646065191" lon="6.103984981945839">
        <ele>1677</ele>
      </trkpt>
      <trkpt lat="45.79651466577275" lon="6.104023609503058">
        <ele>1678</ele>
      </trkpt>
      <trkpt lat="45.79656539712226" lon="6.104056847168569">
        <ele>1681</ele>
      </trkpt>
      <trkpt lat="45.796594833810055" lon="6.104099966302207">
        <ele>1682</ele>
      </trkpt>
      <trkpt lat="45.796604854806596" lon="6.104139492174707">
        <ele>1683</ele>
      </trkpt>
      <trkpt lat="45.796594833810055" lon="6.1041817129930624">
        <ele>1684</ele>
      </trkpt>
      <trkpt lat="45.796604854806596" lon="6.104254476531075">
        <ele>1685</ele>
      </trkpt>
      <trkpt lat="45.79660172324539" lon="6.104334426591363">
        <ele>1686</ele>
      </trkpt>
      <trkpt lat="45.796607986367654" lon="6.10436676594159">
        <ele>1687</ele>
      </trkpt>
      <trkpt lat="45.79662051261012" lon="6.10438652887784">
        <ele>1687</ele>
      </trkpt>
      <trkpt lat="45.79681279007842" lon="6.104429648011478">
        <ele>1689</ele>
      </trkpt>
      <trkpt lat="45.79684786342129" lon="6.104456597470002">
        <ele>1690</ele>
      </trkpt>
      <trkpt lat="45.79688982614179" lon="6.1045113947023335">
        <ele>1691</ele>
      </trkpt>
      <trkpt lat="45.79694055714974" lon="6.104561700358244">
        <ele>1692</ele>
      </trkpt>
      <trkpt lat="45.79708773944228" lon="6.104617395905859">
        <ele>1691</ele>
      </trkpt>
      <trkpt lat="45.79716477512553" lon="6.104632667265689">
        <ele>1673</ele>
      </trkpt>
      <trkpt lat="45.79720986913461" lon="6.1046677015617705">
        <ele>1674</ele>
      </trkpt>
      <trkpt lat="45.797225526768116" lon="6.104726990370522">
        <ele>1675</ele>
      </trkpt>
      <trkpt lat="45.79724494222756" lon="6.104773702765296">
        <ele>1674</ele>
      </trkpt>
      <trkpt lat="45.79729880443445" lon="6.104852754510299">
        <ele>1674</ele>
      </trkpt>
      <trkpt lat="45.797324482910085" lon="6.1049192298413235">
        <ele>1674</ele>
      </trkpt>
      <trkpt lat="45.797484816539246" lon="6.1051536901304795">
        <ele>1674</ele>
      </trkpt>
      <trkpt lat="45.79753867851425" lon="6.105259691334005">
        <ele>1673</ele>
      </trkpt>
      <trkpt lat="45.797593793039475" lon="6.105344132970712">
        <ele>1671</ele>
      </trkpt>
      <trkpt lat="45.79760569275933" lon="6.105374675690372">
        <ele>1671</ele>
      </trkpt>
      <trkpt lat="45.797733458012615" lon="6.105594762934981">
        <ele>1668</ele>
      </trkpt>
      <trkpt lat="45.797740973606636" lon="6.10562261070879">
        <ele>1667</ele>
      </trkpt>
      <trkpt lat="45.797797966828234" lon="6.105757358001408">
        <ele>1664</ele>
      </trkpt>
      <trkpt lat="45.79783366584943" lon="6.105823833332432">
        <ele>1663</ele>
      </trkpt>
      <trkpt lat="45.797861849271065" lon="6.105929834535958">
        <ele>1662</ele>
      </trkpt>
      <trkpt lat="45.79790694271602" lon="6.106071768350849">
        <ele>1659</ele>
      </trkpt>
      <trkpt lat="45.797922600153655" lon="6.10610680264693">
        <ele>1659</ele>
      </trkpt>
      <trkpt lat="45.797989613936984" lon="6.106201125751761">
        <ele>1658</ele>
      </trkpt>
      <trkpt lat="45.7980766691053" lon="6.10634216125137">
        <ele>1654</ele>
      </trkpt>
      <trkpt lat="45.79814055122863" lon="6.106422111311656">
        <ele>1652</ele>
      </trkpt>
      <trkpt lat="45.79822384839706" lon="6.1065442821902955">
        <ele>1652</ele>
      </trkpt>
      <trkpt lat="45.79829775104372" lon="6.106604469314331">
        <ele>1651</ele>
      </trkpt>
      <trkpt lat="45.79838042168489" lon="6.10668711432047">
        <ele>1649</ele>
      </trkpt>
      <trkpt lat="45.798466849951325" lon="6.106747301444506">
        <ele>1648</ele>
      </trkpt>
      <trkpt lat="45.79851757952351" lon="6.106793115523996">
        <ele>1646</ele>
      </trkpt>
      <trkpt lat="45.79885389663047" lon="6.106971880265537">
        <ele>1643</ele>
      </trkpt>
      <trkpt lat="45.7988989892726" lon="6.107015897714459">
        <ele>1642</ele>
      </trkpt>
      <trkpt lat="45.798917777862734" lon="6.107051830325824">
        <ele>1642</ele>
      </trkpt>
      <trkpt lat="45.79898854816196" lon="6.107141661854235">
        <ele>1640</ele>
      </trkpt>
      <trkpt lat="45.79904240868345" lon="6.107179391096168">
        <ele>1641</ele>
      </trkpt>
      <trkpt lat="45.799164534091595" lon="6.107302460290094">
        <ele>1640</ele>
      </trkpt>
      <trkpt lat="45.79931484191881" lon="6.107419241277029">
        <ele>1640</ele>
      </trkpt>
      <trkpt lat="45.79942381484" lon="6.1074794284010645">
        <ele>1641</ele>
      </trkpt>
      <trkpt lat="45.79951963568081" lon="6.107504581229019">
        <ele>1639</ele>
      </trkpt>
      <trkpt lat="45.79966054838267" lon="6.107563870037772">
        <ele>1638</ele>
      </trkpt>
      <trkpt lat="45.7997977030702" lon="6.107645616728626">
        <ele>1634</ele>
      </trkpt>
      <trkpt lat="45.799897907194705" lon="6.107715685320788">
        <ele>1634</ele>
      </trkpt>
      <trkpt lat="45.79996491860242" lon="6.107791143804654">
        <ele>1633</ele>
      </trkpt>
      <trkpt lat="45.80000249505747" lon="6.1078612123968155">
        <ele>1633</ele>
      </trkpt>
      <trkpt lat="45.8000444554023" lon="6.1079016365846">
        <ele>1632</ele>
      </trkpt>
      <trkpt lat="45.80013088108762" lon="6.1079546371863636">
        <ele>1631</ele>
      </trkpt>
      <trkpt lat="45.8001784777846" lon="6.107975298437897">
        <ele>1631</ele>
      </trkpt>
      <trkpt lat="45.80031688373826" lon="6.1080022478964215">
        <ele>1629</ele>
      </trkpt>
      <trkpt lat="45.80033880320165" lon="6.108012129364548">
        <ele>1627</ele>
      </trkpt>
      <trkpt lat="45.800412703043214" lon="6.10807590974972">
        <ele>1627</ele>
      </trkpt>
      <trkpt lat="45.8004534105412" lon="6.108124418775063">
        <ele>1626</ele>
      </trkpt>
      <trkpt lat="45.80050163323111" lon="6.108154961494722">
        <ele>1625</ele>
      </trkpt>
      <trkpt lat="45.80058179553235" lon="6.108187300844952">
        <ele>1624</ele>
      </trkpt>
      <trkpt lat="45.80061749277002" lon="6.10821784356461">
        <ele>1623</ele>
      </trkpt>
      <trkpt lat="45.80063941211514" lon="6.108227725032736">
        <ele>1623</ele>
      </trkpt>
      <trkpt lat="45.80077092800478" lon="6.108259166067681">
        <ele>1621</ele>
      </trkpt>
      <trkpt lat="45.80087363543607" lon="6.108299590255466">
        <ele>1619</ele>
      </trkpt>
      <trkpt lat="45.800943776987644" lon="6.108313963300011">
        <ele>1618</ele>
      </trkpt>
      <trkpt lat="45.80100139319611" lon="6.10830947172359">
        <ele>1616</ele>
      </trkpt>
      <trkpt lat="45.80105838308281" lon="6.108291505417909">
        <ele>1616</ele>
      </trkpt>
      <trkpt lat="45.80119365554752" lon="6.108329234659842">
        <ele>1614</ele>
      </trkpt>
      <trkpt lat="45.80124751393743" lon="6.108355285803082">
        <ele>1613</ele>
      </trkpt>
      <trkpt lat="45.801407836278294" lon="6.108481948258141">
        <ele>1611</ele>
      </trkpt>
      <trkpt lat="45.80150052242118" lon="6.108596932614509">
        <ele>1611</ele>
      </trkpt>
      <trkpt lat="45.801554380514446" lon="6.10863196691059">
        <ele>1610</ele>
      </trkpt>
      <trkpt lat="45.801708439424" lon="6.108675984359511">
        <ele>1608</ele>
      </trkpt>
      <trkpt lat="45.80181365014183" lon="6.108751442843378">
        <ele>1606</ele>
      </trkpt>
      <trkpt lat="45.80188441676291" lon="6.108834986164801">
        <ele>1605</ele>
      </trkpt>
      <trkpt lat="45.801989627148416" lon="6.108913139594518">
        <ele>1604</ele>
      </trkpt>
      <trkpt lat="45.80201592971374" lon="6.108916732855655">
        <ele>1604</ele>
      </trkpt>
      <trkpt lat="45.802041606015564" lon="6.108907749702814">
        <ele>1604</ele>
      </trkpt>
      <trkpt lat="45.80209295858364" lon="6.108852952470484">
        <ele>1603</ele>
      </trkpt>
      <trkpt lat="45.802108614845" lon="6.1088242063813905">
        <ele>1603</ele>
      </trkpt>
      <trkpt lat="45.802121766101145" lon="6.108794561977016">
        <ele>1603</ele>
      </trkpt>
      <trkpt lat="45.80214055360451" lon="6.108715510232012">
        <ele>1602</ele>
      </trkpt>
      <trkpt lat="45.80215370485309" lon="6.108563694948996">
        <ele>1601</ele>
      </trkpt>
      <trkpt lat="45.802172492345704" lon="6.108456795430186">
        <ele>1601</ele>
      </trkpt>
      <trkpt lat="45.802188774834164" lon="6.1084253543952425">
        <ele>1601</ele>
      </trkpt>
      <trkpt lat="45.80220756231494" lon="6.108417269557685">
        <ele>1600</ele>
      </trkpt>
      <trkpt lat="45.8022338647774" lon="6.108447812277345">
        <ele>1601</ele>
      </trkpt>
      <trkpt lat="45.80224952099914" lon="6.108482846573426">
        <ele>1601</ele>
      </trkpt>
      <trkpt lat="45.802274570944796" lon="6.108667899521955">
        <ele>1599</ele>
      </trkpt>
      <trkpt lat="45.80228145967787" lon="6.108694848980478">
        <ele>1600</ele>
      </trkpt>
      <trkpt lat="45.802306509609174" lon="6.108732578222411">
        <ele>1600</ele>
      </trkpt>
      <trkpt lat="45.80244741526282" lon="6.108851155839915">
        <ele>1596</ele>
      </trkpt>
      <trkpt lat="45.80248937376639" lon="6.108881698559575">
        <ele>1595</ele>
      </trkpt>
      <trkpt lat="45.80256953320774" lon="6.108924817693214">
        <ele>1594</ele>
      </trkpt>
      <trkpt lat="45.8026177540661" lon="6.108923919377929">
        <ele>1593</ele>
      </trkpt>
      <trkpt lat="45.80267787351937" lon="6.1088915800277">
        <ele>1592</ele>
      </trkpt>
      <trkpt lat="45.802770557549415" lon="6.108821511435539">
        <ele>1591</ele>
      </trkpt>
      <trkpt lat="45.802937764159545" lon="6.108725391700138">
        <ele>1589</ele>
      </trkpt>
      <trkpt lat="45.80304986119398" lon="6.108711916970876">
        <ele>1589</ele>
      </trkpt>
      <trkpt lat="45.80306864838439" lon="6.10871281528616">
        <ele>1588</ele>
      </trkpt>
      <trkpt lat="45.80311373761551" lon="6.108731679907128">
        <ele>1588</ele>
      </trkpt>
      <trkpt lat="45.803157574333" lon="6.1087658158879234">
        <ele>1587</ele>
      </trkpt>
      <trkpt lat="45.80317761396381" lon="6.108789172085312">
        <ele>1587</ele>
      </trkpt>
      <trkpt lat="45.80323773281293" lon="6.1088897833971325">
        <ele>1586</ele>
      </trkpt>
      <trkpt lat="45.803295972886154" lon="6.108947275575316">
        <ele>1585</ele>
      </trkpt>
      <trkpt lat="45.80335358666214" lon="6.109071243084523">
        <ele>1584</ele>
      </trkpt>
      <trkpt lat="45.803385524707934" lon="6.109167362819925">
        <ele>1583</ele>
      </trkpt>
      <trkpt lat="45.80340493802097" lon="6.109197905539585">
        <ele>1583</ele>
      </trkpt>
      <trkpt lat="45.803439380978986" lon="6.109291330329133">
        <ele>1583</ele>
      </trkpt>
      <trkpt lat="45.80346568285988" lon="6.109343432615613">
        <ele>1582</ele>
      </trkpt>
      <trkpt lat="45.80351390294263" lon="6.1093991281632265">
        <ele>1583</ele>
      </trkpt>
      <trkpt lat="45.803554608174785" lon="6.109531180509994">
        <ele>1583</ele>
      </trkpt>
      <trkpt lat="45.8036059593483" lon="6.109644368235792">
        <ele>1584</ele>
      </trkpt>
      <trkpt lat="45.80365793670743" lon="6.109727911557216">
        <ele>1584</ele>
      </trkpt>
      <trkpt lat="45.80368298601982" lon="6.109812353193923">
        <ele>1584</ele>
      </trkpt>
      <trkpt lat="45.80371179271513" lon="6.109861760534548">
        <ele>1584</ele>
      </trkpt>
      <trkpt lat="45.80375938635305" lon="6.1099093712446075">
        <ele>1585</ele>
      </trkpt>
      <trkpt lat="45.803781930693646" lon="6.109921947658586">
        <ele>1585</ele>
      </trkpt>
      <trkpt lat="45.80380447502513" lon="6.10992733755029">
        <ele>1585</ele>
      </trkpt>
      <trkpt lat="45.803897783411166" lon="6.10992733755029">
        <ele>1586</ele>
      </trkpt>
      <trkpt lat="45.803977940826066" lon="6.109896794830629">
        <ele>1587</ele>
      </trkpt>
      <trkpt lat="45.80412197339116" lon="6.109721623350226">
        <ele>1587</ele>
      </trkpt>
      <trkpt lat="45.80417582895028" lon="6.109666826117897">
        <ele>1587</ele>
      </trkpt>
      <trkpt lat="45.80422968445733" lon="6.109636283398236">
        <ele>1587</ele>
      </trkpt>
      <trkpt lat="45.804252854833884" lon="6.109616520461985">
        <ele>1586</ele>
      </trkpt>
      <trkpt lat="45.80430984139469" lon="6.109557231653232">
        <ele>1586</ele>
      </trkpt>
      <trkpt lat="45.804415673424366" lon="6.109521299041869">
        <ele>1584</ele>
      </trkpt>
      <trkpt lat="45.804517747913415" lon="6.109461111917832">
        <ele>1582</ele>
      </trkpt>
      <trkpt lat="45.80460479288209" lon="6.109452128764991">
        <ele>1581</ele>
      </trkpt>
      <trkpt lat="45.804706867024606" lon="6.1094278742523205">
        <ele>1581</ele>
      </trkpt>
      <trkpt lat="45.8047544598124" lon="6.109404518054933">
        <ele>1580</ele>
      </trkpt>
      <trkpt lat="45.80478952815633" lon="6.10937128038942">
        <ele>1580</ele>
      </trkpt>
      <trkpt lat="45.80482146537894" lon="6.109351517453169">
        <ele>1579</ele>
      </trkpt>
      <trkpt lat="45.80487657270034" lon="6.109331754516918">
        <ele>1579</ele>
      </trkpt>
      <trkpt lat="45.80502686511807" lon="6.109357805660158">
        <ele>1577</ele>
      </trkpt>
      <trkpt lat="45.80514897740893" lon="6.109331754516918">
        <ele>1576</ele>
      </trkpt>
      <trkpt lat="45.80523163788464" lon="6.109303906743111">
        <ele>1574</ele>
      </trkpt>
      <trkpt lat="45.805263574853775" lon="6.109286838752712">
        <ele>1574</ele>
      </trkpt>
      <trkpt lat="45.8053274487371" lon="6.109232939835666">
        <ele>1573</ele>
      </trkpt>
      <trkpt lat="45.805420754572324" lon="6.10917275271163">
        <ele>1572</ele>
      </trkpt>
      <trkpt lat="45.80548149721326" lon="6.109097294227763">
        <ele>1570</ele>
      </trkpt>
      <trkpt lat="45.80556478340712" lon="6.109039802049579">
        <ele>1569</ele>
      </trkpt>
      <trkpt lat="45.80560548714075" lon="6.108987699763102">
        <ele>1569</ele>
      </trkpt>
      <trkpt lat="45.805641807370286" lon="6.1089742250338395">
        <ele>1569</ele>
      </trkpt>
      <trkpt lat="45.80573072921159" lon="6.108882596874859">
        <ele>1567</ele>
      </trkpt>
      <trkpt lat="45.80576955419638" lon="6.108867325515028">
        <ele>1566</ele>
      </trkpt>
      <trkpt lat="45.80584970891805" lon="6.108851155839915">
        <ele>1565</ele>
      </trkpt>
      <trkpt lat="45.80590043176831" lon="6.108802646814573">
        <ele>1565</ele>
      </trkpt>
      <trkpt lat="45.806025673176" lon="6.108755934419798">
        <ele>1563</ele>
      </trkpt>
      <trkpt lat="45.806168448037354" lon="6.108773900725481">
        <ele>1559</ele>
      </trkpt>
      <trkpt lat="45.80624547116586" lon="6.108762222626788">
        <ele>1557</ele>
      </trkpt>
      <trkpt lat="45.80630057707862" lon="6.108764917572639">
        <ele>1558</ele>
      </trkpt>
      <trkpt lat="45.806380731036235" lon="6.108775697356049">
        <ele>1557</ele>
      </trkpt>
      <trkpt lat="45.80643458441173" lon="6.108794561977016">
        <ele>1558</ele>
      </trkpt>
      <trkpt lat="45.8064896901374" lon="6.108831392903665">
        <ele>1558</ele>
      </trkpt>
      <trkpt lat="45.80656295562009" lon="6.108899664865257">
        <ele>1558</ele>
      </trkpt>
      <trkpt lat="45.80658862982626" lon="6.108914936225088">
        <ele>1558</ele>
      </trkpt>
      <trkpt lat="45.80665563318664" lon="6.108927512639064">
        <ele>1558</ele>
      </trkpt>
      <trkpt lat="45.80688983121498" lon="6.109017344167476">
        <ele>1557</ele>
      </trkpt>
      <trkpt lat="45.807013818007825" lon="6.109112565587594">
        <ele>1557</ele>
      </trkpt>
      <trkpt lat="45.80702070615489" lon="6.109137718415549">
        <ele>1556</ele>
      </trkpt>
      <trkpt lat="45.807045753955215" lon="6.109186227440892">
        <ele>1556</ele>
      </trkpt>
      <trkpt lat="45.80707455891168" lon="6.109222160052256">
        <ele>1556</ele>
      </trkpt>
      <trkpt lat="45.80713843071853" lon="6.109259889294189">
        <ele>1557</ele>
      </trkpt>
      <trkpt lat="45.807199797679644" lon="6.109304805058395">
        <ele>1557</ele>
      </trkpt>
      <trkpt lat="45.80722547159228" lon="6.109307500004247">
        <ele>1557</ele>
      </trkpt>
      <trkpt lat="45.80730875517873" lon="6.109296720220838">
        <ele>1556</ele>
      </trkpt>
      <trkpt lat="45.80741771246467" lon="6.10929941516669">
        <ele>1555</ele>
      </trkpt>
      <trkpt lat="45.80753543618928" lon="6.109313788211236">
        <ele>1554</ele>
      </trkpt>
      <trkpt lat="45.80758052180516" lon="6.109381161857545">
        <ele>1556</ele>
      </trkpt>
      <trkpt lat="45.807636878773685" lon="6.109414399523057">
        <ele>1554</ele>
      </trkpt>
      <trkpt lat="45.80770325468572" lon="6.109476383277663">
        <ele>1553</ele>
      </trkpt>
      <trkpt lat="45.80777213526552" lon="6.109547350185108">
        <ele>1551</ele>
      </trkpt>
      <trkpt lat="45.80783224915646" lon="6.109623706984257">
        <ele>1549</ele>
      </trkpt>
      <trkpt lat="45.80787169886214" lon="6.109690182315282">
        <ele>1548</ele>
      </trkpt>
      <trkpt lat="45.80792116750119" lon="6.109736894710057">
        <ele>1547</ele>
      </trkpt>
      <trkpt lat="45.80797752412507" lon="6.10977013237557">
        <ele>1548</ele>
      </trkpt>
      <trkpt lat="45.80803388069194" lon="6.109808759932786">
        <ele>1547</ele>
      </trkpt>
      <trkpt lat="45.8080964990327" lon="6.10985098075114">
        <ele>1546</ele>
      </trkpt>
      <trkpt lat="45.808169762402024" lon="6.109860862219265">
        <ele>1546</ele>
      </trkpt>
      <trkpt lat="45.80824866130733" lon="6.109813251509206">
        <ele>1546</ele>
      </trkpt>
      <trkpt lat="45.808321924476544" lon="6.109761149222728">
        <ele>1546</ele>
      </trkpt>
      <trkpt lat="45.80838141159429" lon="6.109723419980796">
        <ele>1546</ele>
      </trkpt>
      <trkpt lat="45.80843087978069" lon="6.109628198560678">
        <ele>1546</ele>
      </trkpt>
      <trkpt lat="45.80849036678209" lon="6.109522197357152">
        <ele>1544</ele>
      </trkpt>
      <trkpt lat="45.80853294691249" lon="6.109450332134423">
        <ele>1543</ele>
      </trkpt>
      <trkpt lat="45.80858241496431" lon="6.109374873650556">
        <ele>1542</ele>
      </trkpt>
      <trkpt lat="45.80861247148068" lon="6.109284143806861">
        <ele>1541</ele>
      </trkpt>
      <trkpt lat="45.80866193946186" lon="6.109213176899415">
        <ele>1541</ele>
      </trkpt>
      <trkpt lat="45.808715164455855" lon="6.109094599281911">
        <ele>1540</ele>
      </trkpt>
      <trkpt lat="45.80875461353621" lon="6.109009259329921">
        <ele>1539</ele>
      </trkpt>
      <trkpt lat="45.80878466995964" lon="6.108895173288837">
        <ele>1538</ele>
      </trkpt>
      <trkpt lat="45.808810969316866" lon="6.10879995186872">
        <ele>1537</ele>
      </trkpt>
      <trkpt lat="45.80883413778791" lon="6.108710120340309">
        <ele>1537</ele>
      </trkpt>
      <trkpt lat="45.80886419416842" lon="6.108596034299225">
        <ele>1537</ele>
      </trkpt>
      <trkpt lat="45.80887609148124" lon="6.1084621853218914">
        <ele>1535</ele>
      </trkpt>
      <trkpt lat="45.80890552166518" lon="6.108329234659842">
        <ele>1535</ele>
      </trkpt>
      <trkpt lat="45.808908652534896" lon="6.108177419376824">
        <ele>1534</ele>
      </trkpt>
      <trkpt lat="45.80890176462128" lon="6.108072316488584">
        <ele>1531</ele>
      </trkpt>
      <trkpt lat="45.80892180218577" lon="6.108059740074605">
        <ele>1529</ele>
      </trkpt>
      <trkpt lat="45.808959998773126" lon="6.108024705778525">
        <ele>1530</ele>
      </trkpt>
      <trkpt lat="45.80901760669138" lon="6.107985179906024">
        <ele>1530</ele>
      </trkpt>
      <trkpt lat="45.80905267235157" lon="6.107944755718239">
        <ele>1529</ele>
      </trkpt>
      <trkpt lat="45.80910589697219" lon="6.107909721422158">
        <ele>1527</ele>
      </trkpt>
      <trkpt lat="45.809154738344006" lon="6.1078962466928965">
        <ele>1527</ele>
      </trkpt>
      <trkpt lat="45.80921297223136" lon="6.1078962466928965">
        <ele>1527</ele>
      </trkpt>
      <trkpt lat="45.809244906917925" lon="6.107924992781988">
        <ele>1527</ele>
      </trkpt>
      <trkpt lat="45.80930188837201" lon="6.107943857402954">
        <ele>1527</ele>
      </trkpt>
      <trkpt lat="45.80933382300759" lon="6.108007637788127">
        <ele>1526</ele>
      </trkpt>
      <trkpt lat="45.80938892586517" lon="6.1080911811095495">
        <ele>1525</ele>
      </trkpt>
      <trkpt lat="45.80944966417911" lon="6.108162148016994">
        <ele>1524</ele>
      </trkpt>
      <trkpt lat="45.80953857994191" lon="6.1082474879689865">
        <ele>1524</ele>
      </trkpt>
      <trkpt lat="45.80968698128624" lon="6.108342709389103">
        <ele>1521</ele>
      </trkpt>
      <trkpt lat="45.80977276584924" lon="6.108384930207457">
        <ele>1519</ele>
      </trkpt>
      <trkpt lat="45.8098335037446" lon="6.108405591458991">
        <ele>1519</ele>
      </trkpt>
      <trkpt lat="45.8099199142445" lon="6.108454998799618">
        <ele>1519</ele>
      </trkpt>
      <trkpt lat="45.81010588421345" lon="6.1087029338180345">
        <ele>1516</ele>
      </trkpt>
      <trkpt lat="45.81016599558579" lon="6.108821511435539">
        <ele>1515</ele>
      </trkpt>
      <trkpt lat="45.81021045291317" lon="6.108896969919406">
        <ele>1516</ele>
      </trkpt>
      <trkpt lat="45.81023362080209" lon="6.109024530689751">
        <ele>1514</ele>
      </trkpt>
      <trkpt lat="45.8102499009345" lon="6.109069446453956">
        <ele>1514</ele>
      </trkpt>
      <trkpt lat="45.81026868569677" lon="6.109167362819925">
        <ele>1515</ele>
      </trkpt>
      <trkpt lat="45.81029748898657" lon="6.109242821303791">
        <ele>1515</ele>
      </trkpt>
      <trkpt lat="45.81033568463053" lon="6.109309296634816">
        <ele>1515</ele>
      </trkpt>
      <trkpt lat="45.810405814269245" lon="6.109484468115219">
        <ele>1514</ele>
      </trkpt>
      <trkpt lat="45.8104665514743" lon="6.1095644181755056">
        <ele>1513</ele>
      </trkpt>
      <trkpt lat="45.81051163471771" lon="6.109589571003461">
        <ele>1513</ele>
      </trkpt>
      <trkpt lat="45.81060743648875" lon="6.109626401930109">
        <ele>1513</ele>
      </trkpt>
      <trkpt lat="45.810639996530284" lon="6.109654249703918">
        <ele>1511</ele>
      </trkpt>
      <trkpt lat="45.810690715018566" lon="6.109734199764205">
        <ele>1510</ele>
      </trkpt>
      <trkpt lat="45.810729536546326" lon="6.1098159464550585">
        <ele>1510</ele>
      </trkpt>
      <trkpt lat="45.81076147036338" lon="6.109902184722335">
        <ele>1511</ele>
      </trkpt>
      <trkpt lat="45.810786516481606" lon="6.109996507827167">
        <ele>1511</ele>
      </trkpt>
      <trkpt lat="45.81080279645241" lon="6.110109695552968">
        <ele>1510</ele>
      </trkpt>
      <trkpt lat="45.810825964094924" lon="6.110207611918935">
        <ele>1510</ele>
      </trkpt>
      <trkpt lat="45.810834730227455" lon="6.110366613724224">
        <ele>1510</ele>
      </trkpt>
      <trkpt lat="45.81085038403206" lon="6.110494174494569">
        <ele>1510</ele>
      </trkpt>
      <trkpt lat="45.810901728480324" lon="6.1107142617391785">
        <ele>1510</ele>
      </trkpt>
      <trkpt lat="45.810901728480324" lon="6.110961298442311">
        <ele>1510</ele>
      </trkpt>
      <trkpt lat="45.8109436806163" lon="6.111066401330555">
        <ele>1510</ele>
      </trkpt>
      <trkpt lat="45.81102069714193" lon="6.111135571607431">
        <ele>1510</ele>
      </trkpt>
      <trkpt lat="45.811065779936776" lon="6.111201148623172">
        <ele>1509</ele>
      </trkpt>
      <trkpt lat="45.81107141528356" lon="6.111255945855503">
        <ele>1509</ele>
      </trkpt>
      <trkpt lat="45.81112964716701" lon="6.111537118539432">
        <ele>1508</ele>
      </trkpt>
      <trkpt lat="45.81122857861436" lon="6.111694323714152">
        <ele>1508</ele>
      </trkpt>
      <trkpt lat="45.8112987071288" lon="6.111819189538645">
        <ele>1510</ele>
      </trkpt>
      <trkpt lat="45.81133752823278" lon="6.111939563786718">
        <ele>1510</ele>
      </trkpt>
      <trkpt lat="45.81139450754604" lon="6.11204915825138">
        <ele>1509</ele>
      </trkpt>
      <trkpt lat="45.811442720765605" lon="6.112093175700302">
        <ele>1509</ele>
      </trkpt>
      <trkpt lat="45.81154540852263" lon="6.112163244292463">
        <ele>1507</ele>
      </trkpt>
      <trkpt lat="45.81161553663817" lon="6.112185702174568">
        <ele>1507</ele>
      </trkpt>
      <trkpt lat="45.81170570122839" lon="6.112197380273259">
        <ele>1505</ele>
      </trkpt>
      <trkpt lat="45.81181339763098" lon="6.112163244292463">
        <ele>1504</ele>
      </trkpt>
      <trkpt lat="45.8118428262629" lon="6.112131803257519">
        <ele>1501</ele>
      </trkpt>
      <trkpt lat="45.81193299048516" lon="6.112096768961438">
        <ele>1501</ele>
      </trkpt>
      <trkpt lat="45.81206385357586" lon="6.111999750910753">
        <ele>1499</ele>
      </trkpt>
      <trkpt lat="45.81224292888592" lon="6.111924292426888">
        <ele>1494</ele>
      </trkpt>
      <trkpt lat="45.81230992544482" lon="6.111879376662682">
        <ele>1493</ele>
      </trkpt>
      <trkpt lat="45.8125215589052" lon="6.1118272743762025">
        <ele>1491</ele>
      </trkpt>
      <trkpt lat="45.812636767314835" lon="6.11178325692728">
        <ele>1488</ele>
      </trkpt>
      <trkpt lat="45.81266556938" lon="6.111781460296712">
        <ele>1487</ele>
      </trkpt>
      <trkpt lat="45.81273256543047" lon="6.111761697360461">
        <ele>1486</ele>
      </trkpt>
      <trkpt lat="45.81280957948242" lon="6.111702408551709">
        <ele>1484</ele>
      </trkpt>
      <trkpt lat="45.8128534085701" lon="6.11162156017614">
        <ele>1483</ele>
      </trkpt>
      <trkpt lat="45.8129085079457" lon="6.111565864628524">
        <ele>1481</ele>
      </trkpt>
      <trkpt lat="45.812991783034875" lon="6.111454473533294">
        <ele>1479</ele>
      </trkpt>
      <trkpt lat="45.813017454277855" lon="6.111433812281758">
        <ele>1479</ele>
      </trkpt>
      <trkpt lat="45.81304563001875" lon="6.111421235867782">
        <ele>1477</ele>
      </trkpt>
      <trkpt lat="45.81309384180897" lon="6.111414947660792">
        <ele>1477</ele>
      </trkpt>
      <trkpt lat="45.813113877865355" lon="6.11140147293153">
        <ele>1476</ele>
      </trkpt>
      <trkpt lat="45.813135792293785" lon="6.1114041678773825">
        <ele>1475</ele>
      </trkpt>
      <trkpt lat="45.81320967516032" lon="6.111383506625847">
        <ele>1474</ele>
      </trkpt>
      <trkpt lat="45.81333051726469" lon="6.1113197262406755">
        <ele>1473</ele>
      </trkpt>
      <trkpt lat="45.81349080483275" lon="6.1111894705244785">
        <ele>1469</ele>
      </trkpt>
      <trkpt lat="45.81353588562816" lon="6.111161622750671">
        <ele>1468</ele>
      </trkpt>
      <trkpt lat="45.81360976796395" lon="6.1110897575279415">
        <ele>1468</ele>
      </trkpt>
      <trkpt lat="45.81372747860151" lon="6.111023282196916">
        <ele>1466</ele>
      </trkpt>
      <trkpt lat="45.81374375771264" lon="6.1110071125218015">
        <ele>1466</ele>
      </trkpt>
      <trkpt lat="45.81375377562483" lon="6.110984654639698">
        <ele>1465</ele>
      </trkpt>
      <trkpt lat="45.81380762187196" lon="6.110829246095546">
        <ele>1465</ele>
      </trkpt>
      <trkpt lat="45.813852702410905" lon="6.110756482557533">
        <ele>1464</ele>
      </trkpt>
      <trkpt lat="45.81388463443724" lon="6.11068192238895">
        <ele>1464</ele>
      </trkpt>
      <trkpt lat="45.81390091350243" lon="6.110659464506847">
        <ele>1464</ele>
      </trkpt>
      <trkpt lat="45.813938480557844" lon="6.11058131107713">
        <ele>1463</ele>
      </trkpt>
      <trkpt lat="45.81401549294216" lon="6.110474411558319">
        <ele>1462</ele>
      </trkpt>
      <trkpt lat="45.814037407015796" lon="6.110449258730363">
        <ele>1462</ele>
      </trkpt>
      <trkpt lat="45.814060573312844" lon="6.110439377262238">
        <ele>1462</ele>
      </trkpt>
      <trkpt lat="45.81417577853877" lon="6.1104214109565556">
        <ele>1461</ele>
      </trkpt>
      <trkpt lat="45.81422962437788" lon="6.110381885084054">
        <ele>1461</ele>
      </trkpt>
      <trkpt lat="45.81434545536689" lon="6.110267799042971">
        <ele>1460</ele>
      </trkpt>
      <trkpt lat="45.814409944948295" lon="6.110192340559105">
        <ele>1459</ele>
      </trkpt>
      <trkpt lat="45.814495722236906" lon="6.110109695552968">
        <ele>1458</ele>
      </trkpt>
      <trkpt lat="45.814508870568744" lon="6.110089932616716">
        <ele>1458</ele>
      </trkpt>
      <trkpt lat="45.81455645498181" lon="6.110046813483078">
        <ele>1456</ele>
      </trkpt>
      <trkpt lat="45.814626579305916" lon="6.109959676900519">
        <ele>1455</ele>
      </trkpt>
      <trkpt lat="45.814677920272935" lon="6.109914761136312">
        <ele>1454</ele>
      </trkpt>
      <trkpt lat="45.81481566409695" lon="6.109832116130174">
        <ele>1453</ele>
      </trkpt>
      <trkpt lat="45.81489893633439" lon="6.109795285203525">
        <ele>1453</ele>
      </trkpt>
      <trkpt lat="45.815055462759496" lon="6.109761149222728">
        <ele>1452</ele>
      </trkpt>
      <trkpt lat="45.81509052461843" lon="6.1097575559615915">
        <ele>1451</ele>
      </trkpt>
      <trkpt lat="45.81532155667248" lon="6.109767437429716">
        <ele>1449</ele>
      </trkpt>
      <trkpt lat="45.81539794104322" lon="6.109762945853296">
        <ele>1449</ele>
      </trkpt>
      <trkpt lat="45.8154267416804" lon="6.109764742483864">
        <ele>1447</ele>
      </trkpt>
      <trkpt lat="45.815493734409245" lon="6.109791691942388">
        <ele>1446</ele>
      </trkpt>
      <trkpt lat="45.8155388135833" lon="6.109845590859435">
        <ele>1445</ele>
      </trkpt>
      <trkpt lat="45.81555446606576" lon="6.109882421786085">
        <ele>1445</ele>
      </trkpt>
      <trkpt lat="45.81555446606576" lon="6.109924642604438">
        <ele>1444</ele>
      </trkpt>
      <trkpt lat="45.81555196166887" lon="6.109966863422791">
        <ele>1444</ele>
      </trkpt>
      <trkpt lat="45.81552566549465" lon="6.110024355600975">
        <ele>1443</ele>
      </trkpt>
      <trkpt lat="45.81548183851" lon="6.1100917292472845">
        <ele>1443</ele>
      </trkpt>
      <trkpt lat="45.81545867280421" lon="6.110161797839445">
        <ele>1443</ele>
      </trkpt>
      <trkpt lat="45.81545554230268" lon="6.1102067136036515">
        <ele>1442</ele>
      </trkpt>
      <trkpt lat="45.81548183851" lon="6.1103477491032585">
        <ele>1440</ele>
      </trkpt>
      <trkpt lat="45.815497491008486" lon="6.110371105300644">
        <ele>1440</ele>
      </trkpt>
      <trkpt lat="45.81552566549465" lon="6.1103863766604745">
        <ele>1439</ele>
      </trkpt>
      <trkpt lat="45.81561582375457" lon="6.110416919380135">
        <ele>1438</ele>
      </trkpt>
      <trkpt lat="45.81565777233962" lon="6.110457343567921">
        <ele>1437</ele>
      </trkpt>
      <trkpt lat="45.81578862667806" lon="6.110557954879742">
        <ele>1436</ele>
      </trkpt>
      <trkpt lat="45.81583370561342" lon="6.110626226841335">
        <ele>1435</ele>
      </trkpt>
      <trkpt lat="45.81587189746062" lon="6.11072324489202">
        <ele>1436</ele>
      </trkpt>
      <trkpt lat="45.8159357591794" lon="6.111121198562885">
        <ele>1435</ele>
      </trkpt>
      <trkpt lat="45.81595141155029" lon="6.111149944651977">
        <ele>1434</ele>
      </trkpt>
      <trkpt lat="45.81600588176668" lon="6.1111894705244785">
        <ele>1434</ele>
      </trkpt>
      <trkpt lat="45.81605784755562" lon="6.111244267756809">
        <ele>1433</ele>
      </trkpt>
      <trkpt lat="45.81609541315599" lon="6.111331404339369">
        <ele>1431</ele>
      </trkpt>
      <trkpt lat="45.816105430645145" lon="6.111383506625847">
        <ele>1431</ele>
      </trkpt>
      <trkpt lat="45.816105430645145" lon="6.111436507227611">
        <ele>1430</ele>
      </trkpt>
      <trkpt lat="45.816082891292005" lon="6.111532626963012">
        <ele>1430</ele>
      </trkpt>
      <trkpt lat="45.816047830057926" lon="6.111634136590117">
        <ele>1428</ele>
      </trkpt>
      <trkpt lat="45.815986472845104" lon="6.1117661889368815">
        <ele>1427</ele>
      </trkpt>
      <trkpt lat="45.815977707523494" lon="6.111806613124667">
        <ele>1427</ele>
      </trkpt>
      <trkpt lat="45.815973950956646" lon="6.111844342366601">
        <ele>1427</ele>
      </trkpt>
      <trkpt lat="45.815977707523494" lon="6.1120267003692765">
        <ele>1427</ele>
      </trkpt>
      <trkpt lat="45.815986472845104" lon="6.112067124557063">
        <ele>1426</ele>
      </trkpt>
      <trkpt lat="45.81604469958949" lon="6.112167735868884">
        <ele>1425</ele>
      </trkpt>
      <trkpt lat="45.816105430645145" lon="6.112225228047068">
        <ele>1424</ele>
      </trkpt>
      <trkpt lat="45.81619496187441" lon="6.112357280393833">
        <ele>1420</ele>
      </trkpt>
      <trkpt lat="45.81624943185256" lon="6.112486637794746">
        <ele>1419</ele>
      </trkpt>
      <trkpt lat="45.81628198859566" lon="6.112581859214863">
        <ele>1419</ele>
      </trkpt>
      <trkpt lat="45.81630390177742" lon="6.112619588456796">
        <ele>1418</ele>
      </trkpt>
      <trkpt lat="45.81632957149366" lon="6.1126519278070255">
        <ele>1418</ele>
      </trkpt>
      <trkpt lat="45.8163896761488" lon="6.112689657048957">
        <ele>1417</ele>
      </trkpt>
      <trkpt lat="45.816453537273794" lon="6.112706725039357">
        <ele>1416</ele>
      </trkpt>
      <trkpt lat="45.81654369403148" lon="6.112689657048957">
        <ele>1414</ele>
      </trkpt>
      <trkpt lat="45.81666139846763" lon="6.11263575813191">
        <ele>1413</ele>
      </trkpt>
      <trkpt lat="45.81686988497002" lon="6.112557604702192">
        <ele>1412</ele>
      </trkpt>
      <trkpt lat="45.816905571770555" lon="6.112561197963329">
        <ele>1412</ele>
      </trkpt>
      <trkpt lat="45.81701764069728" lon="6.112595333944125">
        <ele>1411</ele>
      </trkpt>
      <trkpt lat="45.817119692093534" lon="6.112644741284752">
        <ele>1409</ele>
      </trkpt>
      <trkpt lat="45.81720984777269" lon="6.112676182319696">
        <ele>1406</ele>
      </trkpt>
      <trkpt lat="45.8172737079571" lon="6.1127148098769135">
        <ele>1404</ele>
      </trkpt>
      <trkpt lat="45.81731440313446" lon="6.112759725641119">
        <ele>1403</ele>
      </trkpt>
      <trkpt lat="45.8173244204043" lon="6.112789370045495">
        <ele>1403</ele>
      </trkpt>
      <trkpt lat="45.81737575888408" lon="6.112887286411464">
        <ele>1401</ele>
      </trkpt>
      <trkpt lat="45.81742083653461" lon="6.112952863427205">
        <ele>1400</ele>
      </trkpt>
      <trkpt lat="45.81751975680646" lon="6.113031915172207">
        <ele>1399</ele>
      </trkpt>
      <trkpt lat="45.81758361663547" lon="6.11306964441414">
        <ele>1398</ele>
      </trkpt>
      <trkpt lat="45.817657493601196" lon="6.113127136592323">
        <ele>1397</ele>
      </trkpt>
      <trkpt lat="45.817685666994485" lon="6.1131612725731195">
        <ele>1396</ele>
      </trkpt>
      <trkpt lat="45.81770194494857" lon="6.113193611923348">
        <ele>1396</ele>
      </trkpt>
      <trkpt lat="45.81774389196217" lon="6.113239426002838">
        <ele>1395</ele>
      </trkpt>
      <trkpt lat="45.81777895212837" lon="6.11325918893909">
        <ele>1395</ele>
      </trkpt>
      <trkpt lat="45.81781338619871" lon="6.113264578830795">
        <ele>1395</ele>
      </trkpt>
      <trkpt lat="45.81784969846799" lon="6.11325918893909">
        <ele>1394</ele>
      </trkpt>
      <trkpt lat="45.81788162820244" lon="6.113249307470964">
        <ele>1393</ele>
      </trkpt>
      <trkpt lat="45.81790980148235" lon="6.1132268495888615">
        <ele>1392</ele>
      </trkpt>
      <trkpt lat="45.81795174833937" lon="6.1131747473023825">
        <ele>1392</ele>
      </trkpt>
      <trkpt lat="45.81798367801532" lon="6.1131612725731195">
        <ele>1391</ele>
      </trkpt>
      <trkpt lat="45.81801247731516" lon="6.1131594759425525">
        <ele>1391</ele>
      </trkpt>
      <trkpt lat="45.818050667668075" lon="6.113164865834257">
        <ele>1391</ele>
      </trkpt>
      <trkpt lat="45.81808948406552" lon="6.113184628770507">
        <ele>1390</ele>
      </trkpt>
      <trkpt lat="45.8181758817562" lon="6.113257392308521">
        <ele>1389</ele>
      </trkpt>
      <trkpt lat="45.81819779419269" lon="6.113294223235171">
        <ele>1389</ele>
      </trkpt>
      <trkpt lat="45.8182334801422" lon="6.113439750311198">
        <ele>1388</ele>
      </trkpt>
      <trkpt lat="45.8182334801422" lon="6.1134891576518235">
        <ele>1388</ele>
      </trkpt>
      <trkpt lat="45.818226593381794" lon="6.113539463307735">
        <ele>1388</ele>
      </trkpt>
      <trkpt lat="45.81818840314954" lon="6.1136454645112615">
        <ele>1387</ele>
      </trkpt>
      <trkpt lat="45.81816586463954" lon="6.113689481960184">
        <ele>1386</ele>
      </trkpt>
      <trkpt lat="45.81813080471691" lon="6.113781110119163">
        <ele>1386</ele>
      </trkpt>
      <trkpt lat="45.8180825972873" lon="6.1138664500711535">
        <ele>1385</ele>
      </trkpt>
      <trkpt lat="45.818009973028815" lon="6.1140317400834325">
        <ele>1384</ele>
      </trkpt>
      <trkpt lat="45.81797366086405" lon="6.114161995799629">
        <ele>1383</ele>
      </trkpt>
      <trkpt lat="45.81796740014358" lon="6.114199725041562">
        <ele>1383</ele>
      </trkpt>
      <trkpt lat="45.81792294900811" lon="6.114351540324579">
        <ele>1382</ele>
      </trkpt>
      <trkpt lat="45.817919818645095" lon="6.114397354404069">
        <ele>1382</ele>
      </trkpt>
      <trkpt lat="45.817893523589056" lon="6.114561746101064">
        <ele>1381</ele>
      </trkpt>
      <trkpt lat="45.817893523589056" lon="6.114747697364876">
        <ele>1379</ele>
      </trkpt>
      <trkpt lat="45.81788162820244" lon="6.114799799651355">
        <ele>1379</ele>
      </trkpt>
      <trkpt lat="45.81788162820244" lon="6.114852800253119">
        <ele>1378</ele>
      </trkpt>
      <trkpt lat="45.817932966168485" lon="6.115074684128294">
        <ele>1377</ele>
      </trkpt>
      <trkpt lat="45.81796740014358" lon="6.1152875848506305">
        <ele>1377</ele>
      </trkpt>
      <trkpt lat="45.817954878700576" lon="6.11535945007336">
        <ele>1376</ele>
      </trkpt>
      <trkpt lat="45.81791668828196" lon="6.115429518665522">
        <ele>1375</ele>
      </trkpt>
      <trkpt lat="45.817890393224395" lon="6.115521146824502">
        <ele>1375</ele>
      </trkpt>
      <trkpt lat="45.81787161103282" lon="6.115557977751151">
        <ele>1375</ele>
      </trkpt>
      <trkpt lat="45.817855959201694" lon="6.115604690145926">
        <ele>1375</ele>
      </trkpt>
      <trkpt lat="45.81780462116463" lon="6.115702606511895">
        <ele>1374</ele>
      </trkpt>
      <trkpt lat="45.817717596823" lon="6.115951439845595">
        <ele>1372</ele>
      </trkpt>
      <trkpt lat="45.8176737715635" lon="6.116037678112871">
        <ele>1372</ele>
      </trkpt>
      <trkpt lat="45.81751975680646" lon="6.116184103504182">
        <ele>1370</ele>
      </trkpt>
      <trkpt lat="45.81747467923604" lon="6.116251477150492">
        <ele>1370</ele>
      </trkpt>
      <trkpt lat="45.817407688890306" lon="6.116324240688505">
        <ele>1368</ele>
      </trkpt>
      <trkpt lat="45.81738139359239" lon="6.116336817102483">
        <ele>1368</ele>
      </trkpt>
      <trkpt lat="45.81731440313446" lon="6.116389817704246">
        <ele>1367</ele>
      </trkpt>
      <trkpt lat="45.817260560278065" lon="6.116415868847486">
        <ele>1367</ele>
      </trkpt>
      <trkpt lat="45.81717353508613" lon="6.1165263616274315">
        <ele>1365</ele>
      </trkpt>
      <trkpt lat="45.817103413969264" lon="6.1166548207130615">
        <ele>1364</ele>
      </trkpt>
      <trkpt lat="45.81708150110213" lon="6.116684465117436">
        <ele>1363</ele>
      </trkpt>
      <trkpt lat="45.81702390152452" lon="6.116724889305222">
        <ele>1363</ele>
      </trkpt>
      <trkpt lat="45.81700198862608" lon="6.116757228655451">
        <ele>1362</ele>
      </trkpt>
      <trkpt lat="45.81697569313658" lon="6.116844365238011">
        <ele>1362</ele>
      </trkpt>
      <trkpt lat="45.81694939763467" lon="6.1170276215559705">
        <ele>1361</ele>
      </trkpt>
      <trkpt lat="45.81694939763467" lon="6.11708421541887">
        <ele>1361</ele>
      </trkpt>
      <trkpt lat="45.816940632464615" lon="6.117112961507962">
        <ele>1361</ele>
      </trkpt>
      <trkpt lat="45.81694376288265" lon="6.117272861628535">
        <ele>1359</ele>
      </trkpt>
      <trkpt lat="45.81696943230394" lon="6.117464202784053">
        <ele>1359</ele>
      </trkpt>
      <trkpt lat="45.816959414970185" lon="6.117567509041726">
        <ele>1358</ele>
      </trkpt>
      <trkpt lat="45.81694376288265" lon="6.117619611328207">
        <ele>1358</ele>
      </trkpt>
      <trkpt lat="45.81693750204641" lon="6.117664527092412">
        <ele>1357</ele>
      </trkpt>
      <trkpt lat="45.81688240665703" lon="6.117811850799008">
        <ele>1354</ele>
      </trkpt>
      <trkpt lat="45.816860493702926" lon="6.117892699174577">
        <ele>1354</ele>
      </trkpt>
      <trkpt lat="45.81677785048412" lon="6.118097515059357">
        <ele>1352</ele>
      </trkpt>
      <trkpt lat="45.81665889412052" lon="6.118357128176468">
        <ele>1351</ele>
      </trkpt>
      <trkpt lat="45.81660755497984" lon="6.118409230462946">
        <ele>1351</ele>
      </trkpt>
      <trkpt lat="45.816549954912" lon="6.118454146227152">
        <ele>1350</ele>
      </trkpt>
      <trkpt lat="45.81652491138565" lon="6.118483790631529">
        <ele>1349</ele>
      </trkpt>
      <trkpt lat="45.81643475459759" lon="6.11854487607085">
        <ele>1348</ele>
      </trkpt>
      <trkpt lat="45.81635148465669" lon="6.11863470759926">
        <ele>1349</ele>
      </trkpt>
      <trkpt lat="45.81632957149366" lon="6.1186679452647725">
        <ele>1349</ele>
      </trkpt>
      <trkpt lat="45.816201848886095" lon="6.118919473544326">
        <ele>1348</ele>
      </trkpt>
      <trkpt lat="45.816140491842965" lon="6.11899223708234">
        <ele>1347</ele>
      </trkpt>
      <trkpt lat="45.81604469958949" lon="6.119091950078877">
        <ele>1346</ele>
      </trkpt>
      <trkpt lat="45.815973950956646" lon="6.119193459705983">
        <ele>1344</ele>
      </trkpt>
      <trkpt lat="45.81590382832917" lon="6.119261731667575">
        <ele>1345</ele>
      </trkpt>
      <trkpt lat="45.81587189746062" lon="6.119307545747065">
        <ele>1344</ele>
      </trkpt>
      <trkpt lat="45.815785496195105" lon="6.119372224447523">
        <ele>1343</ele>
      </trkpt>
      <trkpt lat="45.815644624279045" lon="6.11942163178815">
        <ele>1342</ele>
      </trkpt>
      <trkpt lat="45.81551940449894" lon="6.119484513858038">
        <ele>1340</ele>
      </trkpt>
      <trkpt lat="45.81543362878709" lon="6.119562667287756">
        <ele>1338</ele>
      </trkpt>
      <trkpt lat="45.81538166241563" lon="6.1196399224021905">
        <ele>1338</ele>
      </trkpt>
      <trkpt lat="45.81536538378328" lon="6.119682143220544">
        <ele>1338</ele>
      </trkpt>
      <trkpt lat="45.815289625470065" lon="6.119813297252026">
        <ele>1337</ele>
      </trkpt>
      <trkpt lat="45.81513560411886" lon="6.120037876073056">
        <ele>1335</ele>
      </trkpt>
      <trkpt lat="45.81510054228833" lon="6.120076503630273">
        <ele>1335</ele>
      </trkpt>
      <trkpt lat="45.81507737642391" lon="6.120116927818058">
        <ele>1335</ele>
      </trkpt>
      <trkpt lat="45.814943389883844" lon="6.120301980766587">
        <ele>1332</ele>
      </trkpt>
      <trkpt lat="45.81492460669826" lon="6.120342404954372">
        <ele>1331</ele>
      </trkpt>
      <trkpt lat="45.81485072610683" lon="6.120464575833012">
        <ele>1331</ele>
      </trkpt>
      <trkpt lat="45.81471986956452" lon="6.120606509647904">
        <ele>1329</ele>
      </trkpt>
      <trkpt lat="45.81458149939342" lon="6.120671188348359">
        <ele>1328</ele>
      </trkpt>
      <trkpt lat="45.81451763612157" lon="6.120741256940521">
        <ele>1328</ele>
      </trkpt>
      <trkpt lat="45.81439992715415" lon="6.120802342379841">
        <ele>1325</ele>
      </trkpt>
      <trkpt lat="45.81429787077353" lon="6.120886784016548">
        <ele>1325</ele>
      </trkpt>
      <trkpt lat="45.81425842561927" lon="6.120907445268083">
        <ele>1325</ele>
      </trkpt>
      <trkpt lat="45.81422085877968" lon="6.120944276194732">
        <ele>1324</ele>
      </trkpt>
      <trkpt lat="45.81415699509429" lon="6.120985598697802">
        <ele>1323</ele>
      </trkpt>
      <trkpt lat="45.81409876637609" lon="6.120994581850643">
        <ele>1322</ele>
      </trkpt>
      <trkpt lat="45.814060573312844" lon="6.121015243102177">
        <ele>1322</ele>
      </trkpt>
      <trkpt lat="45.81402551080547" lon="6.12102242962445">
        <ele>1321</ele>
      </trkpt>
      <trkpt lat="45.81392282762118" lon="6.1210197346785975">
        <ele>1321</ele>
      </trkpt>
      <trkpt lat="45.81383955392415" lon="6.121042192560701">
        <ele>1319</ele>
      </trkpt>
      <trkpt lat="45.813797603969455" lon="6.121061955496951">
        <ele>1320</ele>
      </trkpt>
      <trkpt lat="45.81372747860151" lon="6.12107453191093">
        <ele>1318</ele>
      </trkpt>
      <trkpt lat="45.8137018076858" lon="6.12109429484718">
        <ele>1318</ele>
      </trkpt>
      <trkpt lat="45.81369241588441" lon="6.121127532512693">
        <ele>1318</ele>
      </trkpt>
      <trkpt lat="45.81369241588441" lon="6.121156278601784">
        <ele>1318</ele>
      </trkpt>
      <trkpt lat="45.813705564405915" lon="6.121182329745024">
        <ele>1317</ele>
      </trkpt>
      <trkpt lat="45.81372747860151" lon="6.121206584257695">
        <ele>1316</ele>
      </trkpt>
      <trkpt lat="45.813781950993196" lon="6.121236228662071">
        <ele>1315</ele>
      </trkpt>
      <trkpt lat="45.813941611144635" lon="6.121279347795708">
        <ele>1313</ele>
      </trkpt>
      <trkpt lat="45.81402551080547" lon="6.121309890515368">
        <ele>1311</ele>
      </trkpt>
      <trkpt lat="45.81410878422444" lon="6.121315280407073">
        <ele>1311</ele>
      </trkpt>
      <trkpt lat="45.81422962437788" lon="6.121289229263835">
        <ele>1310</ele>
      </trkpt>
      <trkpt lat="45.8143035057933" lon="6.121283839372128">
        <ele>1309</ele>
      </trkpt>
      <trkpt lat="45.81439992715415" lon="6.121259584859458">
        <ele>1309</ele>
      </trkpt>
      <trkpt lat="45.81454643721402" lon="6.121267669697016">
        <ele>1306</ele>
      </trkpt>
      <trkpt lat="45.8146134310019" lon="6.121279347795708">
        <ele>1306</ele>
      </trkpt>
      <trkpt lat="45.81493086776084" lon="6.121276652849857">
        <ele>1305</ele>
      </trkpt>
      <trkpt lat="45.8149916000312" lon="6.1212649747511625">
        <ele>1305</ele>
      </trkpt>
      <trkpt lat="45.8151838140998" lon="6.121253296652469">
        <ele>1305</ele>
      </trkpt>
      <trkpt lat="45.81529839090003" lon="6.121236228662071">
        <ele>1304</ele>
      </trkpt>
      <trkpt lat="45.81540169764893" lon="6.121239821923208">
        <ele>1302</ele>
      </trkpt>
      <trkpt lat="45.8155388135833" lon="6.121219160671672">
        <ele>1300</ele>
      </trkpt>
      <trkpt lat="45.81567968576702" lon="6.121159871862922">
        <ele>1299</ele>
      </trkpt>
      <trkpt lat="45.81585561897158" lon="6.121107769576441">
        <ele>1298</ele>
      </trkpt>
      <trkpt lat="45.815986472845104" lon="6.1211347190349645">
        <ele>1297</ele>
      </trkpt>
      <trkpt lat="45.81612483952526" lon="6.121124837566841">
        <ele>1296</ele>
      </trkpt>
      <trkpt lat="45.81638091089062" lon="6.12101793804803">
        <ele>1293</ele>
      </trkpt>
      <trkpt lat="45.81654682447181" lon="6.120969429022687">
        <ele>1293</ele>
      </trkpt>
      <trkpt lat="45.81662070281307" lon="6.1209721239685395">
        <ele>1292</ele>
      </trkpt>
      <trkpt lat="45.81668769410555" lon="6.120961344185131">
        <ele>1292</ele>
      </trkpt>
      <trkpt lat="45.81671962450632" lon="6.120949666086436">
        <ele>1292</ele>
      </trkpt>
      <trkpt lat="45.81682856338292" lon="6.120939784618312">
        <ele>1290</ele>
      </trkpt>
      <trkpt lat="45.816895554425344" lon="6.120941581248879">
        <ele>1291</ele>
      </trkpt>
      <trkpt lat="45.81692498037178" lon="6.120947869455868">
        <ele>1290</ele>
      </trkpt>
      <trkpt lat="45.81694939763467" lon="6.120961344185131">
        <ele>1290</ele>
      </trkpt>
      <trkpt lat="45.81705583173248" lon="6.121032311092575">
        <ele>1288</ele>
      </trkpt>
      <trkpt lat="45.817186682785724" lon="6.121147295448943">
        <ele>1287</ele>
      </trkpt>
      <trkpt lat="45.81721861290036" lon="6.121156278601784">
        <ele>1287</ele>
      </trkpt>
      <trkpt lat="45.81732755080076" lon="6.121152685340648">
        <ele>1286</ele>
      </trkpt>
      <trkpt lat="45.81737575888408" lon="6.121157176917068">
        <ele>1285</ele>
      </trkpt>
      <trkpt lat="45.81761867690259" lon="6.121084413379055">
        <ele>1284</ele>
      </trkpt>
      <trkpt lat="45.81797366086405" lon="6.121001768372915">
        <ele>1282</ele>
      </trkpt>
      <trkpt lat="45.818060684805495" lon="6.120971225653255">
        <ele>1281</ele>
      </trkpt>
      <trkpt lat="45.81819153349743" lon="6.120954157662857">
        <ele>1280</ele>
      </trkpt>
      <trkpt lat="45.81832551222224" lon="6.120924513258481">
        <ele>1279</ele>
      </trkpt>
      <trkpt lat="45.81840940527834" lon="6.120897563799958">
        <ele>1278</ele>
      </trkpt>
      <trkpt lat="45.8186366671759" lon="6.120871512656719">
        <ele>1277</ele>
      </trkpt>
      <trkpt lat="45.81875749750406" lon="6.120843664882909">
        <ele>1276</ele>
      </trkpt>
      <trkpt lat="45.818844520220495" lon="6.120837376675922">
        <ele>1275</ele>
      </trkpt>
      <trkpt lat="45.818921525820116" lon="6.120841868252342">
        <ele>1275</ele>
      </trkpt>
      <trkpt lat="45.819065519745116" lon="6.120822105316092">
        <ele>1274</ele>
      </trkpt>
      <trkpt lat="45.8191005790792" lon="6.120824800261944">
        <ele>1275</ele>
      </trkpt>
      <trkpt lat="45.81919386184268" lon="6.120859834558025">
        <ele>1273</ele>
      </trkpt>
      <trkpt lat="45.81924144225247" lon="6.120903852006946">
        <ele>1273</ele>
      </trkpt>
      <trkpt lat="45.81946557047797" lon="6.121021531309167">
        <ele>1272</ele>
      </trkpt>
      <trkpt lat="45.81974979882961" lon="6.121109566207011">
        <ele>1271</ele>
      </trkpt>
      <trkpt lat="45.81987751329928" lon="6.1210978881083165">
        <ele>1270</ele>
      </trkpt>
      <trkpt lat="45.81992571917495" lon="6.121085311694339">
        <ele>1270</ele>
      </trkpt>
      <trkpt lat="45.819948883022406" lon="6.121104176315304">
        <ele>1270</ele>
      </trkpt>
      <trkpt lat="45.820009609820076" lon="6.121116752729282">
        <ele>1268</ele>
      </trkpt>
      <trkpt lat="45.82030072189924" lon="6.121129329143261">
        <ele>1266</ele>
      </trkpt>
      <trkpt lat="45.82037083898978" lon="6.121111362837578">
        <ele>1265</ele>
      </trkpt>
      <trkpt lat="45.82062063040722" lon="6.121072735280361">
        <ele>1263</ele>
      </trkpt>
      <trkpt lat="45.82074896892024" lon="6.12109429484718">
        <ele>1262</ele>
      </trkpt>
      <trkpt lat="45.82084788327964" lon="6.121087108324907">
        <ele>1262</ele>
      </trkpt>
      <trkpt lat="45.821049467695886" lon="6.1211347190349645">
        <ele>1261</ele>
      </trkpt>
      <trkpt lat="45.821109567256414" lon="6.121137413980818">
        <ele>1260</ele>
      </trkpt>
      <trkpt lat="45.82129299572223" lon="6.121121244305703">
        <ele>1260</ele>
      </trkpt>
      <trkpt lat="45.82149770868895" lon="6.121167956700479">
        <ele>1259</ele>
      </trkpt>
      <trkpt lat="45.82157345855617" lon="6.121147295448943">
        <ele>1257</ele>
      </trkpt>
      <trkpt lat="45.821705551053284" lon="6.121152685340648">
        <ele>1257</ele>
      </trkpt>
      <trkpt lat="45.82181385414648" lon="6.121129329143261">
        <ele>1257</ele>
      </trkpt>
      <trkpt lat="45.82189398577927" lon="6.121092498216612">
        <ele>1256</ele>
      </trkpt>
      <trkpt lat="45.8220054186394" lon="6.121057463920531">
        <ele>1255</ele>
      </trkpt>
      <trkpt lat="45.822226405618025" lon="6.121034107723144">
        <ele>1254</ele>
      </trkpt>
      <trkpt lat="45.82247994483876" lon="6.120936191357174">
        <ele>1255</ele>
      </trkpt>
      <trkpt lat="45.82258887244569" lon="6.1208679193955815">
        <ele>1255</ele>
      </trkpt>
      <trkpt lat="45.82278043427192" lon="6.1207771895518865">
        <ele>1254</ele>
      </trkpt>
      <trkpt lat="45.822825507547016" lon="6.12074754514751">
        <ele>1254</ele>
      </trkpt>
      <trkpt lat="45.82296260520112" lon="6.120725985580691">
        <ele>1254</ele>
      </trkpt>
      <trkpt lat="45.82309782447446" lon="6.120671188348359">
        <ele>1252</ele>
      </trkpt>
      <trkpt lat="45.823225531264384" lon="6.120641543943982">
        <ele>1253</ele>
      </trkpt>
      <trkpt lat="45.82328562847594" lon="6.120641543943982">
        <ele>1253</ele>
      </trkpt>
      <trkpt lat="45.82340144062772" lon="6.120692747915179">
        <ele>1252</ele>
      </trkpt>
      <trkpt lat="45.82345277350442" lon="6.1207223923195535">
        <ele>1252</ele>
      </trkpt>
      <trkpt lat="45.8236099018938" lon="6.120841868252342">
        <ele>1253</ele>
      </trkpt>
      <trkpt lat="45.823669998690406" lon="6.120837376675922">
        <ele>1252</ele>
      </trkpt>
      <trkpt lat="45.82372759139295" lon="6.120847258144047">
        <ele>1253</ele>
      </trkpt>
      <trkpt lat="45.82384966268508" lon="6.120853546351037">
        <ele>1251</ele>
      </trkpt>
      <trkpt lat="45.82388784903434" lon="6.120873309287287">
        <ele>1252</ele>
      </trkpt>
      <trkpt lat="45.82388784903434" lon="6.120903852006946">
        <ele>1252</ele>
      </trkpt>
      <trkpt lat="45.823906629196486" lon="6.120919123366776">
        <ele>1252</ele>
      </trkpt>
      <trkpt lat="45.82397048170042" lon="6.120951462717005">
        <ele>1252</ele>
      </trkpt>
      <trkpt lat="45.82401555401204" lon="6.12099188690479">
        <ele>1252</ele>
      </trkpt>
      <trkpt lat="45.82407377236053" lon="6.121012548156326">
        <ele>1250</ele>
      </trkpt>
      <trkpt lat="45.8241307386426" lon="6.1210197346785975">
        <ele>1251</ele>
      </trkpt>
      <trkpt lat="45.824229646993885" lon="6.120997276796495">
        <ele>1251</ele>
      </trkpt>
      <trkpt lat="45.82429099512346" lon="6.120992785220075">
        <ele>1250</ele>
      </trkpt>
      <trkpt lat="45.824348587183586" lon="6.120999971742347">
        <ele>1250</ele>
      </trkpt>
      <trkpt lat="45.82442558517088" lon="6.120979310490813">
        <ele>1249</ele>
      </trkpt>
      <trkpt lat="45.82446940511611" lon="6.1209811071213815">
        <ele>1249</ele>
      </trkpt>
      <trkpt lat="45.824553914913075" lon="6.120969429022687">
        <ele>1250</ele>
      </trkpt>
      <trkpt lat="45.82480994751485" lon="6.120897563799958">
        <ele>1249</ele>
      </trkpt>
      <trkpt lat="45.82507161286917" lon="6.120772697975465">
        <ele>1249</ele>
      </trkpt>
      <trkpt lat="45.82518366536009" lon="6.120734968733532">
        <ele>1248</ele>
      </trkpt>
      <trkpt lat="45.82530197752193" lon="6.120662205195518">
        <ele>1248</ele>
      </trkpt>
      <trkpt lat="45.825394623906945" lon="6.120576865243526">
        <ele>1247</ele>
      </trkpt>
      <trkpt lat="45.82544595494579" lon="6.120519373065343">
        <ele>1247</ele>
      </trkpt>
      <trkpt lat="45.82550667574771" lon="6.120422355014659">
        <ele>1247</ele>
      </trkpt>
      <trkpt lat="45.825647522713645" lon="6.120480745508127">
        <ele>1256</ele>
      </trkpt>
      <trkpt lat="45.82566692826769" lon="6.120467270778865">
        <ele>1242</ele>
      </trkpt>
      <trkpt lat="45.82581779056999" lon="6.120424151645227">
        <ele>1241</ele>
      </trkpt>
      <trkpt lat="45.825887900712424" lon="6.120411575231248">
        <ele>1241</ele>
      </trkpt>
      <trkpt lat="45.826041892322415" lon="6.1203972021867035">
        <ele>1241</ele>
      </trkpt>
      <trkpt lat="45.82611450610452" lon="6.120406185339544">
        <ele>1240</ele>
      </trkpt>
      <trkpt lat="45.82615644678037" lon="6.120404388708976">
        <ele>1240</ele>
      </trkpt>
      <trkpt lat="45.82606567960631" lon="6.1202714380469265">
        <ele>1257</ele>
      </trkpt>
      <trkpt lat="45.82607945118707" lon="6.120259759948232">
        <ele>1257</ele>
      </trkpt>
      <trkpt lat="45.826109498260514" lon="6.120259759948232">
        <ele>1257</ele>
      </trkpt>
      <trkpt lat="45.82615957668027" lon="6.120349591476645">
        <ele>1255</ele>
      </trkpt>
      <trkpt lat="45.82615957668027" lon="6.120419660068807">
        <ele>1252</ele>
      </trkpt>
      <trkpt lat="45.82616959235881" lon="6.120449304473182">
        <ele>1252</ele>
      </trkpt>
      <trkpt lat="45.82619963938364" lon="6.120479847192842">
        <ele>1253</ele>
      </trkpt>
      <trkpt lat="45.826239702058146" lon="6.120499610129093">
        <ele>1253</ele>
      </trkpt>
      <trkpt lat="45.826239702058146" lon="6.1205292545334675">
        <ele>1249</ele>
      </trkpt>
      <trkpt lat="45.82619963938364" lon="6.1207098159055775">
        <ele>1245</ele>
      </trkpt>
      <trkpt lat="45.82616959235881" lon="6.120779884497737">
        <ele>1244</ele>
      </trkpt>
      <trkpt lat="45.826069435492286" lon="6.120879597494275">
        <ele>1244</ele>
      </trkpt>
      <trkpt lat="45.82605941979573" lon="6.120909241898651">
        <ele>1243</ele>
      </trkpt>
      <trkpt lat="45.82599995156026" lon="6.120969429022687">
        <ele>1244</ele>
      </trkpt>
      <trkpt lat="45.82594987299693" lon="6.121059260551099">
        <ele>1242</ele>
      </trkpt>
      <trkpt lat="45.82590981011382" lon="6.121109566207011">
        <ele>1240</ele>
      </trkpt>
      <trkpt lat="45.82588977866144" lon="6.1211194476751345">
        <ele>1239</ele>
      </trkpt>
      <trkpt lat="45.825829684261095" lon="6.121129329143261">
        <ele>1239</ele>
      </trkpt>
      <trkpt lat="45.82581966852138" lon="6.121159871862922">
        <ele>1239</ele>
      </trkpt>
      <trkpt lat="45.825829684261095" lon="6.121199397735423">
        <ele>1239</ele>
      </trkpt>
      <trkpt lat="45.82588977866144" lon="6.121259584859458">
        <ele>1236</ele>
      </trkpt>
      <trkpt lat="45.8259198258373" lon="6.121269466327583">
        <ele>1237</ele>
      </trkpt>
      <trkpt lat="45.82593985727884" lon="6.121299110731959">
        <ele>1237</ele>
      </trkpt>
      <trkpt lat="45.82594987299693" lon="6.12134941638787">
        <ele>1234</ele>
      </trkpt>
      <trkpt lat="45.825959888713214" lon="6.1213691793241205">
        <ele>1234</ele>
      </trkpt>
      <trkpt lat="45.82600996726754" lon="6.121419484980032">
        <ele>1231</ele>
      </trkpt>
      <trkpt lat="45.82605941979573" lon="6.121409603511906">
        <ele>1234</ele>
      </trkpt>
      <trkpt lat="45.826109498260514" lon="6.12137995910753">
        <ele>1234</ele>
      </trkpt>
      <trkpt lat="45.82613954531778" lon="6.12137995910753">
        <ele>1234</ele>
      </trkpt>
      <trkpt lat="45.826239702058146" lon="6.121489553572192">
        <ele>1232</ele>
      </trkpt>
      <trkpt lat="45.82633985861834" lon="6.121569503632479">
        <ele>1225</ele>
      </trkpt>
      <trkpt lat="45.82641998373674" lon="6.1216099278202645">
        <ele>1224</ele>
      </trkpt>
      <trkpt lat="45.8264393890215" lon="6.121669216629016">
        <ele>1224</ele>
      </trkpt>
      <trkpt lat="45.82641998373674" lon="6.121729403753052">
        <ele>1222</ele>
      </trkpt>
      <trkpt lat="45.82637992119194" lon="6.121779709408964">
        <ele>1222</ele>
      </trkpt>
      <trkpt lat="45.82629979601589" lon="6.1218398965329985">
        <ele>1221</ele>
      </trkpt>
      <trkpt lat="45.826279764703855" lon="6.1218398965329985">
        <ele>1220</ele>
      </trkpt>
      <trkpt lat="45.82624971772229" lon="6.12185965946925">
        <ele>1220</ele>
      </trkpt>
      <trkpt lat="45.826239702058146" lon="6.1218794224055">
        <ele>1220</ele>
      </trkpt>
      <trkpt lat="45.82617960803558" lon="6.121919846593285">
        <ele>1221</ele>
      </trkpt>
      <trkpt lat="45.82614956099994" lon="6.121959372465787">
        <ele>1221</ele>
      </trkpt>
      <trkpt lat="45.82607945118707" lon="6.122129154054487">
        <ele>1218</ele>
      </trkpt>
      <trkpt lat="45.826069435492286" lon="6.122179459710396">
        <ele>1218</ele>
      </trkpt>
      <trkpt lat="45.82605941979573" lon="6.122199222646646">
        <ele>1215</ele>
      </trkpt>
      <trkpt lat="45.82605941979573" lon="6.122249528302558">
        <ele>1215</ele>
      </trkpt>
      <trkpt lat="45.82607945118707" lon="6.122279172706933">
        <ele>1215</ele>
      </trkpt>
      <trkpt lat="45.82613954531778" lon="6.122319596894719">
        <ele>1209</ele>
      </trkpt>
      <trkpt lat="45.82617960803558" lon="6.122329478362844">
        <ele>1209</ele>
      </trkpt>
      <trkpt lat="45.826229686392224" lon="6.122319596894719">
        <ele>1207</ele>
      </trkpt>
      <trkpt lat="45.8262597333846" lon="6.122329478362844">
        <ele>1207</ele>
      </trkpt>
      <trkpt lat="45.82630981166919" lon="6.122379784018754">
        <ele>1204</ele>
      </trkpt>
      <trkpt lat="45.82634987426445" lon="6.12245973407904">
        <ele>1199</ele>
      </trkpt>
      <trkpt lat="45.82636990555126" lon="6.122479497015293">
        <ele>1199</ele>
      </trkpt>
      <trkpt lat="45.82637992119194" lon="6.122519921203079">
        <ele>1196</ele>
      </trkpt>
      <trkpt lat="45.82641998373674" lon="6.12257921001183">
        <ele>1197</ele>
      </trkpt>
      <trkpt lat="45.82656959204753" lon="6.12264927860399">
        <ele>1197</ele>
      </trkpt>
      <trkpt lat="45.82658962325526" lon="6.12264927860399">
        <ele>1197</ele>
      </trkpt>
      <trkpt lat="45.8266797636009" lon="6.122609752731489">
        <ele>1197</ele>
      </trkpt>
      <trkpt lat="45.82673985708357" lon="6.122599871263365">
        <ele>1196</ele>
      </trkpt>
      <trkpt lat="45.82676990380058" lon="6.122569328543704">
        <ele>1198</ele>
      </trkpt>
      <trkpt lat="45.826819981626215" lon="6.122559447075578">
        <ele>1197</ele>
      </trkpt>
      <trkpt lat="45.82682999718593" lon="6.122539684139329">
        <ele>1197</ele>
      </trkpt>
      <trkpt lat="45.82686943343481" lon="6.1225298026712025">
        <ele>1197</ele>
      </trkpt>
      <trkpt lat="45.826899480081885" lon="6.1225298026712025">
        <ele>1197</ele>
      </trkpt>
      <trkpt lat="45.826979604394765" lon="6.122549565607453">
        <ele>1192</ele>
      </trkpt>
      <trkpt lat="45.827109806157225" lon="6.122539684139329">
        <ele>1188</ele>
      </trkpt>
      <trkpt lat="45.827249397131574" lon="6.122549565607453">
        <ele>1187</ele>
      </trkpt>
      <trkpt lat="45.827279443573545" lon="6.12264927860399">
        <ele>1184</ele>
      </trkpt>
      <trkpt lat="45.827249397131574" lon="6.122689702791775">
        <ele>1184</ele>
      </trkpt>
      <trkpt lat="45.82711982166479" lon="6.122969977160421">
        <ele>1178</ele>
      </trkpt>
      <trkpt lat="45.82709979064783" lon="6.1229897400966715">
        <ele>1178</ele>
      </trkpt>
      <trkpt lat="45.827079759623686" lon="6.123049927220708">
        <ele>1176</ele>
      </trkpt>
      <trkpt lat="45.82712983717056" lon="6.123069690156958">
        <ele>1175</ele>
      </trkpt>
      <trkpt lat="45.82716989917563" lon="6.123099334561335">
        <ele>1173</ele>
      </trkpt>
      <trkpt lat="45.82731950547094" lon="6.123129877280994">
        <ele>1171</ele>
      </trkpt>
      <trkpt lat="45.82736958280214" lon="6.1231199958128695">
        <ele>1171</ele>
      </trkpt>
      <trkpt lat="45.82750979908984" lon="6.123039147437298">
        <ele>1168</ele>
      </trkpt>
      <trkpt lat="45.82752982995926" lon="6.123039147437298">
        <ele>1168</ele>
      </trkpt>
      <trkpt lat="45.82754986082145" lon="6.123059808688834">
        <ele>1168</ele>
      </trkpt>
      <trkpt lat="45.82756989167645" lon="6.123129877280994">
        <ele>1165</ele>
      </trkpt>
      <trkpt lat="45.82764938906114" lon="6.123199945873155">
        <ele>1160</ele>
      </trkpt>
      <trkpt lat="45.82769946609557" lon="6.1232197088094065">
        <ele>1158</ele>
      </trkpt>
      <trkpt lat="45.82771949689673" lon="6.123259234681909">
        <ele>1158</ele>
      </trkpt>
      <trkpt lat="45.82769946609557" lon="6.123299658869692">
        <ele>1158</ele>
      </trkpt>
      <trkpt lat="45.82766941988031" lon="6.1233391847421945">
        <ele>1158</ele>
      </trkpt>
      <trkpt lat="45.82762998419819" lon="6.123369727461855">
        <ele>1158</ele>
      </trkpt>
      <trkpt lat="45.82756989167645" lon="6.123389490398105">
        <ele>1160</ele>
      </trkpt>
      <trkpt lat="45.82754986082145" lon="6.12337960892998">
        <ele>1160</ele>
      </trkpt>
      <trkpt lat="45.82751981452543" lon="6.123389490398105">
        <ele>1160</ele>
      </trkpt>
      <trkpt lat="45.82748976821323" lon="6.123419134802481">
        <ele>1161</ele>
      </trkpt>
      <trkpt lat="45.82745972188477" lon="6.123509864646177">
        <ele>1158</ele>
      </trkpt>
      <trkpt lat="45.82745972188477" lon="6.1235691534549295">
        <ele>1158</ele>
      </trkpt>
      <trkpt lat="45.827449706438365" lon="6.123629340578965">
        <ele>1151</ele>
      </trkpt>
      <trkpt lat="45.82740964463468" lon="6.123729951890787">
        <ele>1148</ele>
      </trkpt>
      <trkpt lat="45.827389613722005" lon="6.1237991221676635">
        <ele>1151</ele>
      </trkpt>
      <trkpt lat="45.827389613722005" lon="6.123829664887324">
        <ele>1147</ele>
      </trkpt>
      <trkpt lat="45.827449706438365" lon="6.123829664887324">
        <ele>1145</ele>
      </trkpt>
      <trkpt lat="45.82751981452543" lon="6.1238593092917">
        <ele>1142</ele>
      </trkpt>
      <trkpt lat="45.82756989167645" lon="6.123829664887324">
        <ele>1142</ele>
      </trkpt>
      <trkpt lat="45.827659404471625" lon="6.123829664887324">
        <ele>1141</ele>
      </trkpt>
      <trkpt lat="45.82768945069228" lon="6.123839546355449">
        <ele>1141</ele>
      </trkpt>
      <trkpt lat="45.82773952769068" lon="6.123879970543235">
        <ele>1141</ele>
      </trkpt>
      <trkpt lat="45.827779589256934" lon="6.123979683539772">
        <ele>1138</ele>
      </trkpt>
      <trkpt lat="45.82787974304649" lon="6.124099159472559">
        <ele>1131</ele>
      </trkpt>
      <trkpt lat="45.82792981987367" lon="6.12414946512847">
        <ele>1130</ele>
      </trkpt>
      <trkpt lat="45.828039988734915" lon="6.124209652252507">
        <ele>1127</ele>
      </trkpt>
      <trkpt lat="45.82806940879168" lon="6.124219533720632">
        <ele>1127</ele>
      </trkpt>
      <trkpt lat="45.82819960800504" lon="6.124229415188757">
        <ele>1130</ele>
      </trkpt>
      <trkpt lat="45.828249684544474" lon="6.124249178125008">
        <ele>1130</ele>
      </trkpt>
      <trkpt lat="45.82834983748817" lon="6.124259957908418">
        <ele>1130</ele>
      </trkpt>
      <trkpt lat="45.82852948637944" lon="6.124309365249043">
        <ele>1125</ele>
      </trkpt>
      <trkpt lat="45.82860960834606" lon="6.124359670904954">
        <ele>1125</ele>
      </trkpt>
      <trkpt lat="45.82866969974534" lon="6.124349789436829">
        <ele>1125</ele>
      </trkpt>
      <trkpt lat="45.82867971497225" lon="6.124329128185293">
        <ele>1125</ele>
      </trkpt>
      <trkpt lat="45.82871977586186" lon="6.124319246717169">
        <ele>1123</ele>
      </trkpt>
      <trkpt lat="45.82887939318261" lon="6.124359670904954">
        <ele>1119</ele>
      </trkpt>
      <trkpt lat="45.82884997355397" lon="6.124369552373079">
        <ele>1119</ele>
      </trkpt>
      <trkpt lat="45.82888940837178" lon="6.124329128185293">
        <ele>1119</ele>
      </trkpt>
      <trkpt lat="45.82893948429064" lon="6.124309365249043">
        <ele>1115</ele>
      </trkpt>
      <trkpt lat="45.828969529820334" lon="6.1242896023127935">
        <ele>1118</ele>
      </trkpt>
      <trkpt lat="45.829029620831044" lon="6.124279720844668">
        <ele>1119</ele>
      </trkpt>
      <trkpt lat="45.82905966631208" lon="6.124259957908418">
        <ele>1116</ele>
      </trkpt>
      <trkpt lat="45.8290897117769" lon="6.124219533720632">
        <ele>1116</ele>
      </trkpt>
      <trkpt lat="45.829249953982014" lon="6.12414946512847">
        <ele>1119</ele>
      </trkpt>
      <trkpt lat="45.82938953958943" lon="6.1241395836603445">
        <ele>1119</ele>
      </trkpt>
      <trkpt lat="45.829409569782385" lon="6.12414946512847">
        <ele>1119</ele>
      </trkpt>
      <trkpt lat="45.82942959996814" lon="6.124179109532847">
        <ele>1119</ele>
      </trkpt>
      <trkpt lat="45.8294596452333" lon="6.124189889316256">
        <ele>1119</ele>
      </trkpt>
      <trkpt lat="45.829489690482184" lon="6.124069515068184">
        <ele>1122</ele>
      </trkpt>
      <trkpt lat="45.82953976586101" lon="6.124029989195682">
        <ele>1121</ele>
      </trkpt>
      <trkpt lat="45.82958984119476" lon="6.124009327944147">
        <ele>1121</ele>
      </trkpt>
      <trkpt lat="45.82967997668201" lon="6.124009327944147">
        <ele>1125</ele>
      </trkpt>
      <trkpt lat="45.82977950111292" lon="6.123979683539772">
        <ele>1123</ele>
      </trkpt>
      <trkpt lat="45.829929726332004" lon="6.124019209412273">
        <ele>1125</ele>
      </trkpt>
      <trkpt lat="45.82998981630611" lon="6.123999446476023">
        <ele>1125</ele>
      </trkpt>
      <trkpt lat="45.8300899661188" lon="6.124019209412273">
        <ele>1125</ele>
      </trkpt>
      <trkpt lat="45.83011938509203" lon="6.124009327944147">
        <ele>1125</ele>
      </trkpt>
      <trkpt lat="45.83021953467157" lon="6.124049752131933">
        <ele>1124</ele>
      </trkpt>
      <trkpt lat="45.830409818376225" lon="6.124049752131933">
        <ele>1124</ele>
      </trkpt>
      <trkpt lat="45.83050996743319" lon="6.124079396536309">
        <ele>1123</ele>
      </trkpt>
      <trkpt lat="45.83058946061886" lon="6.124119820724094">
        <ele>1120</ele>
      </trkpt>
      <trkpt lat="45.830669579620235" lon="6.1241395836603445">
        <ele>1119</ele>
      </trkpt>
      <trkpt lat="45.83069962421601" lon="6.124159346596596">
        <ele>1118</ele>
      </trkpt>
      <trkpt lat="45.830759713358944" lon="6.1241395836603445">
        <ele>1118</ele>
      </trkpt>
      <trkpt lat="45.83081980243698" lon="6.124159346596596">
        <ele>1116</ele>
      </trkpt>
      <trkpt lat="45.83086987661914" lon="6.124199770784382">
        <ele>1112</ele>
      </trkpt>
      <trkpt lat="45.83091995075623" lon="6.124209652252507">
        <ele>1111</ele>
      </trkpt>
      <trkpt lat="45.831059532175566" lon="6.124179109532847">
        <ele>1113</ele>
      </trkpt>
      <trkpt lat="45.831079561767545" lon="6.124169228064721">
        <ele>1113</ele>
      </trkpt>
      <trkpt lat="45.83111962092992" lon="6.124179109532847">
        <ele>1110</ele>
      </trkpt>
      <trkpt lat="45.83117970961941" lon="6.124179109532847">
        <ele>1110</ele>
      </trkpt>
      <trkpt lat="45.831299886803755" lon="6.12412970219222">
        <ele>1109</ele>
      </trkpt>
      <trkpt lat="45.831359975298604" lon="6.124119820724094">
        <ele>1108</ele>
      </trkpt>
      <trkpt lat="45.83147952617358" lon="6.124119820724094">
        <ele>1107</ele>
      </trkpt>
      <trkpt lat="45.83152959976217" lon="6.12412970219222">
        <ele>1106</ele>
      </trkpt>
      <trkpt lat="45.83163976149852" lon="6.124179109532847">
        <ele>1104</ele>
      </trkpt>
      <trkpt lat="45.83171987898802" lon="6.1241395836603445">
        <ele>1102</ele>
      </trkpt>
      <trkpt lat="45.831889502354706" lon="6.124179109532847">
        <ele>1101</ele>
      </trkpt>
      <trkpt lat="45.83202970725649" lon="6.124199770784382">
        <ele>1097</ele>
      </trkpt>
      <trkpt lat="45.83212985339864" lon="6.124249178125008">
        <ele>1096</ele>
      </trkpt>
      <trkpt lat="45.8322694317837" lon="6.124299483780919">
        <ele>1094</ele>
      </trkpt>
      <trkpt lat="45.832349548366764" lon="6.124299483780919">
        <ele>1092</ele>
      </trkpt>
      <trkpt lat="45.83241965028231" lon="6.124309365249043">
        <ele>1090</ele>
      </trkpt>
      <trkpt lat="45.83247973756824" lon="6.124299483780919">
        <ele>1092</ele>
      </trkpt>
      <trkpt lat="45.83249976664916" lon="6.124309365249043">
        <ele>1090</ele>
      </trkpt>
      <trkpt lat="45.832579882900625" lon="6.124379433841205">
        <ele>1089</ele>
      </trkpt>
      <trkpt lat="45.83260992646521" lon="6.124379433841205">
        <ele>1088</ele>
      </trkpt>
      <trkpt lat="45.83262995549925" lon="6.124369552373079">
        <ele>1088</ele>
      </trkpt>
      <trkpt lat="45.83278956160665" lon="6.124379433841205">
        <ele>1086</ele>
      </trkpt>
      <trkpt lat="45.83282961953825" lon="6.124349789436829">
        <ele>1084</ele>
      </trkpt>
      <trkpt lat="45.832879691912176" lon="6.124339907968704">
        <ele>1084</ele>
      </trkpt>
      <trkpt lat="45.83289972084912" lon="6.124349789436829">
        <ele>1081</ele>
      </trkpt>
      <trkpt lat="45.83292976424104" lon="6.124349789436829">
        <ele>1081</ele>
      </trkpt>
      <trkpt lat="45.83302990876364" lon="6.124319246717169">
        <ele>1082</ele>
      </trkpt>
      <trkpt lat="45.833059952085264" lon="6.124319246717169">
        <ele>1075</ele>
      </trkpt>
      <trkpt lat="45.83306996652222" lon="6.124329128185293">
        <ele>1075</ele>
      </trkpt>
      <trkpt lat="45.833089995390694" lon="6.124239296656882">
        <ele>1078</ele>
      </trkpt>
      <trkpt lat="45.833109398350146" lon="6.124189889316256">
        <ele>1078</ele>
      </trkpt>
      <trkpt lat="45.83318951372407" lon="6.12414946512847">
        <ele>1078</ele>
      </trkpt>
      <trkpt lat="45.833219556959534" lon="6.12414946512847">
        <ele>1074</ele>
      </trkpt>
      <trkpt lat="45.83335975851067" lon="6.124199770784382">
        <ele>1068</ele>
      </trkpt>
      <trkpt lat="45.833419844781616" lon="6.124249178125008">
        <ele>1069</ele>
      </trkpt>
      <trkpt lat="45.83346991662449" lon="6.124309365249043">
        <ele>1066</ele>
      </trkpt>
      <trkpt lat="45.83347993098766" lon="6.124339907968704">
        <ele>1066</ele>
      </trkpt>
      <trkpt lat="45.833549405582566" lon="6.124399196777455">
        <ele>1065</ele>
      </trkpt>
      <trkpt lat="45.83357944862376" lon="6.124479146837742">
        <ele>1065</ele>
      </trkpt>
      <trkpt lat="45.83360949164874" lon="6.124529452493653">
        <ele>1064</ele>
      </trkpt>
      <trkpt lat="45.833709634948214" lon="6.12460940255394">
        <ele>1064</ele>
      </trkpt>
      <trkpt lat="45.83375970653035" lon="6.12462916549019">
        <ele>1064</ele>
      </trkpt>
      <trkpt lat="45.83379976376365" lon="6.124659708209849">
        <ele>1064</ele>
      </trkpt>
      <trkpt lat="45.83385984955953" lon="6.1246794711460995">
        <ele>1064</ele>
      </trkpt>
      <trkpt lat="45.833929949572706" lon="6.124669589677976">
        <ele>1062</ele>
      </trkpt>
      <trkpt lat="45.834049494927235" lon="6.124699234082351">
        <ele>1058</ele>
      </trkpt>
      <trkpt lat="45.834019452139806" lon="6.12460940255394">
        <ele>1061</ele>
      </trkpt>
      <trkpt lat="45.834019452139806" lon="6.124459383901491">
        <ele>1068</ele>
      </trkpt>
      <trkpt lat="45.8340094378737" lon="6.124429739497116">
        <ele>1068</ele>
      </trkpt>
      <trkpt lat="45.83399942360583" lon="6.124319246717169">
        <ele>1071</ele>
      </trkpt>
      <trkpt lat="45.8340094378737" lon="6.124259957908418">
        <ele>1071</ele>
      </trkpt>
      <trkpt lat="45.83399942360583" lon="6.124179109532847">
        <ele>1072</ele>
      </trkpt>
      <trkpt lat="45.83399942360583" lon="6.12410993925597">
        <ele>1072</ele>
      </trkpt>
      <trkpt lat="45.83397939506462" lon="6.1240398706638075">
        <ele>1074</ele>
      </trkpt>
      <trkpt lat="45.833969380791345" lon="6.123939259351987">
        <ele>1077</ele>
      </trkpt>
      <trkpt lat="45.83393996385313" lon="6.123869190759825">
        <ele>1082</ele>
      </trkpt>
      <trkpt lat="45.8339499781317" lon="6.123699409171126">
        <ele>1086</ele>
      </trkpt>
      <trkpt lat="45.833929949572706" lon="6.123589814706463">
        <ele>1094</ele>
      </trkpt>
      <trkpt lat="45.83395999240848" lon="6.1234999831780526">
        <ele>1095</ele>
      </trkpt>
      <trkpt lat="45.83395999240848" lon="6.123469440458392">
        <ele>1095</ele>
      </trkpt>
      <trkpt lat="45.834079537698486" lon="6.123229590277533">
        <ele>1095</ele>
      </trkpt>
      <trkpt lat="45.834079537698486" lon="6.123069690156958">
        <ele>1096</ele>
      </trkpt>
      <trkpt lat="45.83409956620362" lon="6.123029265969173">
        <ele>1096</ele>
      </trkpt>
      <trkpt lat="45.83411959470156" lon="6.122969977160421">
        <ele>1099</ele>
      </trkpt>
      <trkpt lat="45.83411959470156" lon="6.122929552972636">
        <ele>1099</ele>
      </trkpt>
      <trkpt lat="45.834149637434955" lon="6.122819958507973">
        <ele>1102</ele>
      </trkpt>
      <trkpt lat="45.834149637434955" lon="6.122789415788314">
        <ele>1103</ele>
      </trkpt>
      <trkpt lat="45.83415965167581" lon="6.122769652852063">
        <ele>1103</ele>
      </trkpt>
      <trkpt lat="45.83417968015211" lon="6.122559447075578">
        <ele>1107</ele>
      </trkpt>
      <trkpt lat="45.834199708621206" lon="6.122539684139329">
        <ele>1107</ele>
      </trkpt>
      <trkpt lat="45.83422975131137" lon="6.122539684139329">
        <ele>1105</ele>
      </trkpt>
      <trkpt lat="45.83424977976245" lon="6.122519921203079">
        <ele>1105</ele>
      </trkpt>
      <trkpt lat="45.83428983664301" lon="6.122349241299095">
        <ele>1112</ele>
      </trkpt>
      <trkpt lat="45.8343198792845" lon="6.122329478362844">
        <ele>1112</ele>
      </trkpt>
      <trkpt lat="45.83432989349469" lon="6.122289952490342">
        <ele>1114</ele>
      </trkpt>
      <trkpt lat="45.83432989349469" lon="6.122239646834432">
        <ele>1114</ele>
      </trkpt>
      <trkpt lat="45.83429985085863" lon="6.122199222646646">
        <ele>1118</ele>
      </trkpt>
      <trkpt lat="45.83426980820634" lon="6.122179459710396">
        <ele>1118</ele>
      </trkpt>
      <trkpt lat="45.83428983664301" lon="6.122209104114773">
        <ele>1115</ele>
      </trkpt>
      <trkpt lat="45.8343198792845" lon="6.122239646834432">
        <ele>1114</ele>
      </trkpt>
      <trkpt lat="45.83432989349469" lon="6.122209104114773">
        <ele>1114</ele>
      </trkpt>
      <trkpt lat="45.83432989349469" lon="6.122179459710396">
        <ele>1117</ele>
      </trkpt>
      <trkpt lat="45.83433990770314" lon="6.122139933837894">
        <ele>1117</ele>
      </trkpt>
      <trkpt lat="45.83437996451882" lon="6.1220896281819845">
        <ele>1122</ele>
      </trkpt>
      <trkpt lat="45.83440938122445" lon="6.122019559589822">
        <ele>1121</ele>
      </trkpt>
      <trkpt lat="45.83440938122445" lon="6.121949490997662">
        <ele>1122</ele>
      </trkpt>
      <trkpt lat="45.8344294096109" lon="6.121889303873625">
        <ele>1124</ele>
      </trkpt>
      <trkpt lat="45.83441939541856" lon="6.121809353813338">
        <ele>1124</ele>
      </trkpt>
      <trkpt lat="45.8344294096109" lon="6.121789590877087">
        <ele>1127</ele>
      </trkpt>
      <trkpt lat="45.8344294096109" lon="6.121759946472713">
        <ele>1127</ele>
      </trkpt>
      <trkpt lat="45.834449437990116" lon="6.121719522284927">
        <ele>1127</ele>
      </trkpt>
      <trkpt lat="45.834449437990116" lon="6.12168987788055">
        <ele>1130</ele>
      </trkpt>
      <trkpt lat="45.834479480545454" lon="6.1215991480368555">
        <ele>1132</ele>
      </trkpt>
      <trkpt lat="45.834479480545454" lon="6.121569503632479">
        <ele>1132</ele>
      </trkpt>
      <trkpt lat="45.83450952308455" lon="6.1215191979765695">
        <ele>1135</ele>
      </trkpt>
      <trkpt lat="45.834519537260654" lon="6.121489553572192">
        <ele>1140</ele>
      </trkpt>
      <trkpt lat="45.83453956560743" lon="6.121469790635942">
        <ele>1140</ele>
      </trkpt>
      <trkpt lat="45.83454957977815" lon="6.121439247916282">
        <ele>1140</ele>
      </trkpt>
      <trkpt lat="45.83453956560743" lon="6.121409603511906">
        <ele>1140</ele>
      </trkpt>
      <trkpt lat="45.83453956560743" lon="6.121259584859458">
        <ele>1144</ele>
      </trkpt>
      <trkpt lat="45.83454957977815" lon="6.121239821923208">
        <ele>1144</ele>
      </trkpt>
      <trkpt lat="45.834519537260654" lon="6.1211194476751345">
        <ele>1148</ele>
      </trkpt>
      <trkpt lat="45.834519537260654" lon="6.121039497614849">
        <ele>1150</ele>
      </trkpt>
      <trkpt lat="45.8345796222794" lon="6.120859834558025">
        <ele>1151</ele>
      </trkpt>
      <trkpt lat="45.83460966476445" lon="6.120829291838364">
        <ele>1153</ele>
      </trkpt>
      <trkpt lat="45.834699792122294" lon="6.120669391717792">
        <ele>1154</ele>
      </trkpt>
      <trkpt lat="45.83471982040422" lon="6.120589441657505">
        <ele>1154</ele>
      </trkpt>
      <trkpt lat="45.834699792122294" lon="6.120539136001594">
        <ele>1154</ele>
      </trkpt>
      <trkpt lat="45.834709806264144" lon="6.120499610129093">
        <ele>1155</ele>
      </trkpt>
      <trkpt lat="45.83485939229368" lon="6.120459185941308">
        <ele>1158</ele>
      </trkpt>
      <trkpt lat="45.83486940640684" lon="6.120439423005057">
        <ele>1158</ele>
      </trkpt>
      <trkpt lat="45.83490946284139" lon="6.120419660068807">
        <ele>1161</ele>
      </trkpt>
      <trkpt lat="45.83491947694551" lon="6.120379235881021">
        <ele>1161</ele>
      </trkpt>
      <trkpt lat="45.834939505148355" lon="6.120349591476645">
        <ele>1161</ele>
      </trkpt>
      <trkpt lat="45.834959533344" lon="6.120299285820734">
        <ele>1165</ele>
      </trkpt>
      <trkpt lat="45.83504966013521" lon="6.120229217228573">
        <ele>1165</ele>
      </trkpt>
      <trkpt lat="45.835069688291206" lon="6.120239997011982">
        <ele>1165</ele>
      </trkpt>
      <trkpt lat="45.83516982896311" lon="6.120209454292322">
        <ele>1167</ele>
      </trkpt>
      <trkpt lat="45.83531941375611" lon="6.120239997011982">
        <ele>1163</ele>
      </trkpt>
      <trkpt lat="45.83539952594855" lon="6.120239997011982">
        <ele>1166</ele>
      </trkpt>
      <trkpt lat="45.83547963802564" lon="6.120269641416359">
        <ele>1166</ele>
      </trkpt>
      <trkpt lat="45.83557977795983" lon="6.12031994707227">
        <ele>1164</ele>
      </trkpt>
      <trkpt lat="45.83560981990495" lon="6.12031994707227">
        <ele>1162</ele>
      </trkpt>
      <trkpt lat="45.83572998752322" lon="6.120269641416359">
        <ele>1166</ele>
      </trkpt>
      <trkpt lat="45.83577943141584" lon="6.120219335760447">
        <ele>1166</ele>
      </trkpt>
      <trkpt lat="45.83579945930919" lon="6.1201393857001625">
        <ele>1167</ele>
      </trkpt>
      <trkpt lat="45.83585954294601" lon="6.120069317108">
        <ele>1169</ele>
      </trkpt>
      <trkpt lat="45.83586955687917" lon="6.1200199097673735">
        <ele>1169</ele>
      </trkpt>
      <trkpt lat="45.83592964044031" lon="6.119939959707085">
        <ele>1166</ele>
      </trkpt>
      <trkpt lat="45.83600975175424" lon="6.119869891114925">
        <ele>1164</ele>
      </trkpt>
      <trkpt lat="45.83603979346726" lon="6.119789941054639">
        <ele>1165</ele>
      </trkpt>
      <trkpt lat="45.8361098907345" lon="6.119489903749742">
        <ele>1168</ele>
      </trkpt>
      <trkpt lat="45.8360998768446" lon="6.119429716625707">
        <ele>1169</ele>
      </trkpt>
      <trkpt lat="45.8361098907345" lon="6.1193991739060465">
        <ele>1168</ele>
      </trkpt>
      <trkpt lat="45.8361098907345" lon="6.1191494422570605">
        <ele>1174</ele>
      </trkpt>
      <trkpt lat="45.83612991850892" lon="6.119019186540863">
        <ele>1175</ele>
      </trkpt>
      <trkpt lat="45.83616997403616" lon="6.118939236480576">
        <ele>1172</ele>
      </trkpt>
      <trkpt lat="45.83616997403616" lon="6.118909592076202">
        <ele>1172</ele>
      </trkpt>
      <trkpt lat="45.83618937592178" lon="6.11883952348404">
        <ele>1172</ele>
      </trkpt>
      <trkpt lat="45.83625947300061" lon="6.118709267767843">
        <ele>1174</ele>
      </trkpt>
      <trkpt lat="45.83626948686181" lon="6.118669741895341">
        <ele>1176</ele>
      </trkpt>
      <trkpt lat="45.83624945913762" lon="6.118449654650732">
        <ele>1174</ele>
      </trkpt>
      <trkpt lat="45.83624945913762" lon="6.118419111931072">
        <ele>1174</ele>
      </trkpt>
      <trkpt lat="45.83626948686181" lon="6.118339161870785">
        <ele>1174</ele>
      </trkpt>
      <trkpt lat="45.836289514578795" lon="6.118329280402661">
        <ele>1174</ele>
      </trkpt>
      <trkpt lat="45.83634959768649" lon="6.118319398934535">
        <ele>1178</ele>
      </trkpt>
      <trkpt lat="45.836469763707285" lon="6.118249330342373">
        <ele>1173</ele>
      </trkpt>
      <trkpt lat="45.836549874243666" lon="6.118169380282087">
        <ele>1176</ele>
      </trkpt>
      <trkpt lat="45.83658992946861" lon="6.1180894302218">
        <ele>1177</ele>
      </trkpt>
      <trkpt lat="45.83662998466469" lon="6.118039124565889">
        <ele>1172</ele>
      </trkpt>
      <trkpt lat="45.83664938638995" lon="6.117979835757137">
        <ele>1173</ele>
      </trkpt>
      <trkpt lat="45.83664938638995" lon="6.117929530101227">
        <ele>1173</ele>
      </trkpt>
      <trkpt lat="45.836749524219144" lon="6.117839698572816">
        <ele>1172</ele>
      </trkpt>
      <trkpt lat="45.836809606830165" lon="6.117729205792868">
        <ele>1169</ele>
      </trkpt>
      <trkpt lat="45.83689973062509" lon="6.117679798452241">
        <ele>1172</ele>
      </trkpt>
      <trkpt lat="45.836959813073925" lon="6.117599848391954">
        <ele>1166</ele>
      </trkpt>
      <trkpt lat="45.837009881731746" lon="6.117569305672295">
        <ele>1165</ele>
      </trkpt>
      <trkpt lat="45.8370399229048" lon="6.117559424204169">
        <ele>1165</ele>
      </trkpt>
      <trkpt lat="45.83707997777699" lon="6.117559424204169">
        <ele>1165</ele>
      </trkpt>
      <trkpt lat="45.83715946157862" lon="6.117519898331667">
        <ele>1163</ele>
      </trkpt>
      <trkpt lat="45.83732969422061" lon="6.117479474143883">
        <ele>1164</ele>
      </trkpt>
      <trkpt lat="45.8374999263418" lon="6.11738964261547">
        <ele>1164</ele>
      </trkpt>
      <trkpt lat="45.83765951848245" lon="6.117249505431149">
        <ele>1164</ele>
      </trkpt>
      <trkpt lat="45.83772961370937" lon="6.117199199775238">
        <ele>1165</ele>
      </trkpt>
      <trkpt lat="45.837839763173264" lon="6.117159673902736">
        <ele>1168</ele>
      </trkpt>
      <trkpt lat="45.837899844607115" lon="6.117129131183076">
        <ele>1165</ele>
      </trkpt>
      <trkpt lat="45.837929885299744" lon="6.117129131183076">
        <ele>1165</ele>
      </trkpt>
      <trkpt lat="45.837979953084684" lon="6.117159673902736">
        <ele>1165</ele>
      </trkpt>
      <trkpt lat="45.83802939497814" lon="6.117159673902736">
        <ele>1163</ele>
      </trkpt>
      <trkpt lat="45.83820963847082" lon="6.11704918112279">
        <ele>1159</ele>
      </trkpt>
      <trkpt lat="45.838249692501016" lon="6.117039299654664">
        <ele>1159</ele>
      </trkpt>
      <trkpt lat="45.83832980047491" lon="6.117029418186538">
        <ele>1157</ele>
      </trkpt>
      <trkpt lat="45.838369854418595" lon="6.1170797238424495">
        <ele>1157</ele>
      </trkpt>
      <trkpt lat="45.83843994875072" lon="6.117199199775238">
        <ele>1156</ele>
      </trkpt>
      <trkpt lat="45.838509417153446" lon="6.117299811087058">
        <ele>1156</ele>
      </trkpt>
      <trkpt lat="45.83860955163537" lon="6.1173599982110956">
        <ele>1155</ele>
      </trkpt>
      <trkpt lat="45.838639591944826" lon="6.1173599982110956">
        <ele>1155</ele>
      </trkpt>
      <trkpt lat="45.83875161712246" lon="6.117293522880071">
        <ele>1157</ele>
      </trkpt>
      <trkpt lat="45.838684652378596" lon="6.117416592073994">
        <ele>1136</ele>
      </trkpt>
      <trkpt lat="45.838719699357405" lon="6.117407608921153">
        <ele>1136</ele>
      </trkpt>
      <trkpt lat="45.83874160370794" lon="6.117393235876608">
        <ele>1136</ele>
      </trkpt>
      <trkpt lat="45.83876475972629" lon="6.117371676309789">
        <ele>1135</ele>
      </trkpt>
      <trkpt lat="45.83886677125992" lon="6.117234234071319">
        <ele>1134</ele>
      </trkpt>
      <trkpt lat="45.83892747742123" lon="6.117165962109725">
        <ele>1133</ele>
      </trkpt>
      <trkpt lat="45.8389975710509" lon="6.117041994600517">
        <ele>1131</ele>
      </trkpt>
      <trkpt lat="45.839052644555096" lon="6.116881196164659">
        <ele>1129</ele>
      </trkpt>
      <trkpt lat="45.83906891626182" lon="6.11680933094193">
        <ele>1129</ele>
      </trkpt>
      <trkpt lat="45.83910083382658" lon="6.116716804467665">
        <ele>1128</ele>
      </trkpt>
      <trkpt lat="45.8391139763479" lon="6.116644939244936">
        <ele>1127</ele>
      </trkpt>
      <trkpt lat="45.839138383879316" lon="6.116549717824818">
        <ele>1126</ele>
      </trkpt>
      <trkpt lat="45.83919658641095" lon="6.116422157054474">
        <ele>1124</ele>
      </trkpt>
      <trkpt lat="45.83920597391035" lon="6.1163574783540176">
        <ele>1124</ele>
      </trkpt>
      <trkpt lat="45.83922850390245" lon="6.116254172096344">
        <ele>1123</ele>
      </trkpt>
      <trkpt lat="45.83924790472171" lon="6.116061932625542">
        <ele>1122</ele>
      </trkpt>
      <trkpt lat="45.839257918045114" lon="6.116021508437758">
        <ele>1121</ele>
      </trkpt>
      <trkpt lat="45.83926667970161" lon="6.115944253323323">
        <ele>1121</ele>
      </trkpt>
      <trkpt lat="45.83933051458591" lon="6.115647809279563">
        <ele>1117</ele>
      </trkpt>
      <trkpt lat="45.83944566752532" lon="6.115449281601773">
        <ele>1115</ele>
      </trkpt>
      <trkpt lat="45.83952264462907" lon="6.115362145019213">
        <ele>1114</ele>
      </trkpt>
      <trkpt lat="45.83955769108005" lon="6.115306449471598">
        <ele>1113</ele>
      </trkpt>
      <trkpt lat="45.83958647921971" lon="6.115216617943187">
        <ele>1112</ele>
      </trkpt>
      <trkpt lat="45.83963779717086" lon="6.115122294838354">
        <ele>1111</ele>
      </trkpt>
      <trkpt lat="45.839657823675516" lon="6.115065700975453">
        <ele>1111</ele>
      </trkpt>
      <trkpt lat="45.83966095281622" lon="6.115035158255793">
        <ele>1111</ele>
      </trkpt>
      <trkpt lat="45.839695999180094" lon="6.114967784609484">
        <ele>1110</ele>
      </trkpt>
      <trkpt lat="45.83972165811108" lon="6.1148734615046525">
        <ele>1109</ele>
      </trkpt>
      <trkpt lat="45.8397247872482" lon="6.11473781589675">
        <ele>1108</ele>
      </trkpt>
      <trkpt lat="45.839679727656765" lon="6.114351540324579">
        <ele>1105</ele>
      </trkpt>
      <trkpt lat="45.83968285679623" lon="6.114227572815369">
        <ele>1104</ele>
      </trkpt>
      <trkpt lat="45.839705386595256" lon="6.114134148025822">
        <ele>1103</ele>
      </trkpt>
      <trkpt lat="45.8397247872482" lon="6.11407935079349">
        <ele>1103</ele>
      </trkpt>
      <trkpt lat="45.83977860837903" lon="6.113981434427521">
        <ele>1101</ele>
      </trkpt>
      <trkpt lat="45.83979738317985" lon="6.1139275355104745">
        <ele>1101</ele>
      </trkpt>
      <trkpt lat="45.8398017639658" lon="6.113897891106098">
        <ele>1101</ele>
      </trkpt>
      <trkpt lat="45.83981740962708" lon="6.113846687134903">
        <ele>1100</ele>
      </trkpt>
      <trkpt lat="45.83982366789039" lon="6.1137146347881375">
        <ele>1099</ele>
      </trkpt>
      <trkpt lat="45.83985245589241" lon="6.11357988749552">
        <ele>1103</ele>
      </trkpt>
      <trkpt lat="45.83985245589241" lon="6.113551141406428">
        <ele>1103</ele>
      </trkpt>
      <trkpt lat="45.83987498562276" lon="6.113549344775859">
        <ele>1106</ele>
      </trkpt>
      <trkpt lat="45.83986184328116" lon="6.113471191346142">
        <ele>1106</ele>
      </trkpt>
      <trkpt lat="45.83987498562276" lon="6.113137916375734">
        <ele>1104</ele>
      </trkpt>
      <trkpt lat="45.83986559823622" lon="6.113044491586185">
        <ele>1103</ele>
      </trkpt>
      <trkpt lat="45.83985245589241" lon="6.112736369443731">
        <ele>1100</ele>
      </trkpt>
      <trkpt lat="45.839842442676" lon="6.112694148625378">
        <ele>1100</ele>
      </trkpt>
      <trkpt lat="45.839839939371636" lon="6.112609706988671">
        <ele>1099</ele>
      </trkpt>
      <trkpt lat="45.83982679702176" lon="6.1125629945938975">
        <ele>1099</ele>
      </trkpt>
      <trkpt lat="45.83978862160692" lon="6.112339314088151">
        <ele>1096</ele>
      </trkpt>
      <trkpt lat="45.83978549247338" lon="6.1122413977221814">
        <ele>1095</ele>
      </trkpt>
      <trkpt lat="45.839775479244935" lon="6.112156956085474">
        <ele>1094</ele>
      </trkpt>
      <trkpt lat="45.839737929622146" lon="6.1120249037387095">
        <ele>1093</ele>
      </trkpt>
      <trkpt lat="45.839698502490975" lon="6.111949445254843">
        <ele>1092</ele>
      </trkpt>
      <trkpt lat="45.83964781042408" lon="6.1118272743762025">
        <ele>1091</ele>
      </trkpt>
      <trkpt lat="45.83962152563048" lon="6.111697916975289">
        <ele>1089</ele>
      </trkpt>
      <trkpt lat="45.83958960836442" lon="6.1115955090329">
        <ele>1089</ele>
      </trkpt>
      <trkpt lat="45.8395839759038" lon="6.111555983160399">
        <ele>1088</ele>
      </trkpt>
      <trkpt lat="45.839548929469366" lon="6.111426625759485">
        <ele>1087</ele>
      </trkpt>
      <trkpt lat="45.83951951548059" lon="6.111346675699199">
        <ele>1086</ele>
      </trkpt>
      <trkpt lat="45.8394394092195" lon="6.111024180512199">
        <ele>1081</ele>
      </trkpt>
      <trkpt lat="45.83938558776056" lon="6.1109073995252645">
        <ele>1081</ele>
      </trkpt>
      <trkpt lat="45.83927669302163" lon="6.110736719621281">
        <ele>1078</ele>
      </trkpt>
      <trkpt lat="45.839257918045114" lon="6.110696295433497">
        <ele>1077</ele>
      </trkpt>
      <trkpt lat="45.839231633067314" lon="6.110607362220367">
        <ele>1077</ele>
      </trkpt>
      <trkpt lat="45.83924477555776" lon="6.110482496395877">
        <ele>1075</ele>
      </trkpt>
      <trkpt lat="45.839250408052706" lon="6.1103477491032585">
        <ele>1074</ele>
      </trkpt>
      <trkpt lat="45.83924790472171" lon="6.1102821720875165">
        <ele>1080</ele>
      </trkpt>
      <trkpt lat="45.839298597152904" lon="6.110387274975759">
        <ele>1065</ele>
      </trkpt>
      <trkpt lat="45.83932738542659" lon="6.110429495794113">
        <ele>1065</ele>
      </trkpt>
      <trkpt lat="45.83934991536955" lon="6.110471716612466">
        <ele>1066</ele>
      </trkpt>
      <trkpt lat="45.83938183277311" lon="6.1105795144465604">
        <ele>1065</ele>
      </trkpt>
      <trkpt lat="45.83940498852503" lon="6.11062712515662">
        <ele>1065</ele>
      </trkpt>
      <trkpt lat="45.83945880996519" lon="6.110679227443097">
        <ele>1064</ele>
      </trkpt>
      <trkpt lat="45.83951951548059" lon="6.110704380271054">
        <ele>1065</ele>
      </trkpt>
      <trkpt lat="45.839548929469366" lon="6.110687312280656">
        <ele>1064</ele>
      </trkpt>
      <trkpt lat="45.83957771761357" lon="6.110626226841335">
        <ele>1064</ele>
      </trkpt>
      <trkpt lat="45.83959962162635" lon="6.110624430210766">
        <ele>1064</ele>
      </trkpt>
      <trkpt lat="45.839657823675516" lon="6.110646888092869">
        <ele>1063</ele>
      </trkpt>
      <trkpt lat="45.8396765985171" lon="6.110632515048325">
        <ele>1062</ele>
      </trkpt>
      <trkpt lat="45.839679727656765" lon="6.110596582436959">
        <ele>1062</ele>
      </trkpt>
      <trkpt lat="45.83972165811108" lon="6.110659464506847">
        <ele>1062</ele>
      </trkpt>
      <trkpt lat="45.83975983357187" lon="6.110673837551393">
        <ele>1061</ele>
      </trkpt>
      <trkpt lat="45.8398017639658" lon="6.110673837551393">
        <ele>1061</ele>
      </trkpt>
      <trkpt lat="45.8398849988333" lon="6.1107034819557695">
        <ele>1060</ele>
      </trkpt>
      <trkpt lat="45.83997073687491" lon="6.11070797353219">
        <ele>1058</ele>
      </trkpt>
      <trkpt lat="45.83998638248869" lon="6.110721448261452">
        <ele>1058</ele>
      </trkpt>
      <trkpt lat="45.84001266710992" lon="6.110726838153157">
        <ele>1057</ele>
      </trkpt>
      <trkpt lat="45.84006398466797" lon="6.110726838153157">
        <ele>1057</ele>
      </trkpt>
      <trkpt lat="45.84011780547072" lon="6.110777143809067">
        <ele>1056</ele>
      </trkpt>
      <trkpt lat="45.840121560408484" lon="6.110805889898159">
        <ele>1053</ele>
      </trkpt>
      <trkpt lat="45.84015973559488" lon="6.1108355343025345">
        <ele>1053</ele>
      </trkpt>
      <trkpt lat="45.84022044034553" lon="6.110867873652763">
        <ele>1053</ele>
      </trkpt>
      <trkpt lat="45.84024985396381" lon="6.1109397388754925">
        <ele>1051</ele>
      </trkpt>
      <trkpt lat="45.840261744571016" lon="6.110997231053676">
        <ele>1050</ele>
      </trkpt>
      <trkpt lat="45.84027488681815" lon="6.111016993989927">
        <ele>1049</ele>
      </trkpt>
      <trkpt lat="45.84033246234043" lon="6.1110268754580535">
        <ele>1048</ele>
      </trkpt>
      <trkpt lat="45.8403518627747" lon="6.111019688935779">
        <ele>1048</ele>
      </trkpt>
      <trkpt lat="45.84038065050345" lon="6.110994536107825">
        <ele>1047</ele>
      </trkpt>
      <trkpt lat="45.840441980832445" lon="6.111004417575949">
        <ele>1046</ele>
      </trkpt>
      <trkpt lat="45.840527718015764" lon="6.111044841763735">
        <ele>1046</ele>
      </trkpt>
      <trkpt lat="45.8405533765632" lon="6.111067299645837">
        <ele>1045</ele>
      </trkpt>
      <trkpt lat="45.840636610306326" lon="6.111116706986464">
        <ele>1044</ele>
      </trkpt>
      <trkpt lat="45.84061783578868" lon="6.111244267756809">
        <ele>1044</ele>
      </trkpt>
      <trkpt lat="45.840607822709984" lon="6.111281996998743">
        <ele>1043</ele>
      </trkpt>
      <trkpt lat="45.840607822709984" lon="6.1113197262406755">
        <ele>1042</ele>
      </trkpt>
      <trkpt lat="45.84061783578868" lon="6.111352963906187">
        <ele>1042</ele>
      </trkpt>
      <trkpt lat="45.84065538481762" lon="6.111387998202268">
        <ele>1041</ele>
      </trkpt>
      <trkpt lat="45.840687927288876" lon="6.111393388093973">
        <ele>1040</ele>
      </trkpt>
      <trkpt lat="45.8407968192659" lon="6.111374523473007">
        <ele>1040</ele>
      </trkpt>
      <trkpt lat="45.84081559372314" lon="6.111389794832838">
        <ele>1039</ele>
      </trkpt>
      <trkpt lat="45.84082873583946" lon="6.111413151030224">
        <ele>1039</ele>
      </trkpt>
      <trkpt lat="45.84083749724861" lon="6.111457168479146">
        <ele>1039</ele>
      </trkpt>
      <trkpt lat="45.84086065239471" lon="6.111502982558636">
        <ele>1038</ele>
      </trkpt>
      <trkpt lat="45.84091447242679" lon="6.111539813485284">
        <ele>1037</ele>
      </trkpt>
      <trkpt lat="45.84093387265815" lon="6.111542508431137">
        <ele>1037</ele>
      </trkpt>
      <trkpt lat="45.840953898696334" lon="6.111555983160399">
        <ele>1036</ele>
      </trkpt>
      <trkpt lat="45.840991447498524" lon="6.1115955090329">
        <ele>1035</ele>
      </trkpt>
      <trkpt lat="45.84103963509083" lon="6.111684442246028">
        <ele>1035</ele>
      </trkpt>
      <trkpt lat="45.841151655436335" lon="6.1118578170958635">
        <ele>1034</ele>
      </trkpt>
      <trkpt lat="45.84118670086126" lon="6.111921597481035">
        <ele>1034</ele>
      </trkpt>
      <trkpt lat="45.84120985586205" lon="6.111935970525581">
        <ele>1034</ele>
      </trkpt>
      <trkpt lat="45.84122550112736" lon="6.111922495796319">
        <ele>1034</ele>
      </trkpt>
      <trkpt lat="45.84123488828446" lon="6.111875783401545">
        <ele>1033</ele>
      </trkpt>
      <trkpt lat="45.841257417455004" lon="6.111844342366601">
        <ele>1032</ele>
      </trkpt>
      <trkpt lat="45.841301849959095" lon="6.111821884484498">
        <ele>1031</ele>
      </trkpt>
      <trkpt lat="45.84132187586484" lon="6.1118164945927935">
        <ele>1031</ele>
      </trkpt>
      <trkpt lat="45.841381953538786" lon="6.111819189538645">
        <ele>1031</ele>
      </trkpt>
      <trkpt lat="45.841407611692254" lon="6.111849732258305">
        <ele>1030</ele>
      </trkpt>
      <trkpt lat="45.84148771511968" lon="6.111891953076659">
        <ele>1028</ele>
      </trkpt>
      <trkpt lat="45.8415415345452" lon="6.111867698563988">
        <ele>1027</ele>
      </trkpt>
      <trkpt lat="45.84156781843177" lon="6.111833562583191">
        <ele>1026</ele>
      </trkpt>
      <trkpt lat="45.84163165067603" lon="6.111776968720292">
        <ele>1025</ele>
      </trkpt>
      <trkpt lat="45.841653553880214" lon="6.111767985567451">
        <ele>1025</ele>
      </trkpt>
      <trkpt lat="45.841679837713876" lon="6.111773375459156">
        <ele>1025</ele>
      </trkpt>
      <trkpt lat="45.841701740899076" lon="6.111811104701088">
        <ele>1024</ele>
      </trkpt>
      <trkpt lat="45.841701740899076" lon="6.111852427204159">
        <ele>1023</ele>
      </trkpt>
      <trkpt lat="45.84171175378087" lon="6.111894648022512">
        <ele>1023</ele>
      </trkpt>
      <trkpt lat="45.84173365695352" lon="6.111927885688024">
        <ele>1023</ele>
      </trkpt>
      <trkpt lat="45.84175994074933" lon="6.111952140200696">
        <ele>1023</ele>
      </trkpt>
      <trkpt lat="45.84178184390303" lon="6.111961123353537">
        <ele>1023</ele>
      </trkpt>
      <trkpt lat="45.8418657016117" lon="6.111969208191094">
        <ele>1021</ele>
      </trkpt>
      <trkpt lat="45.84195143660111" lon="6.112019513847004">
        <ele>1020</ele>
      </trkpt>
      <trkpt lat="45.84212165458269" lon="6.112081497601609">
        <ele>1017</ele>
      </trkpt>
      <trkpt lat="45.84220738917769" lon="6.112146176302066">
        <ele>1016</ele>
      </trkpt>
      <trkpt lat="45.84232253616307" lon="6.112184803859282">
        <ele>1015</ele>
      </trkpt>
      <trkpt lat="45.842415780014655" lon="6.112205465110817">
        <ele>1014</ele>
      </trkpt>
      <trkpt lat="45.8424476956595" lon="6.112239601091614">
        <ele>1013</ele>
      </trkpt>
      <trkpt lat="45.84249588199052" lon="6.112274635387695">
        <ele>1012</ele>
      </trkpt>
      <trkpt lat="45.84253781032257" lon="6.112292601693376">
        <ele>1012</ele>
      </trkpt>
      <trkpt lat="45.84256284214752" lon="6.112297991585082">
        <ele>1012</ele>
      </trkpt>
      <trkpt lat="45.84258599657558" lon="6.112292601693376">
        <ele>1011</ele>
      </trkpt>
      <trkpt lat="45.84265545980192" lon="6.112249482559738">
        <ele>1011</ele>
      </trkpt>
      <trkpt lat="45.842738690400346" lon="6.112239601091614">
        <ele>1010</ele>
      </trkpt>
      <trkpt lat="45.842770605859926" lon="6.11222792299292">
        <ele>1009</ele>
      </trkpt>
      <trkpt lat="45.84284444940214" lon="6.112181210598146">
        <ele>1007</ele>
      </trkpt>
      <trkpt lat="45.84289889330695" lon="6.112169532499451">
        <ele>1006</ele>
      </trkpt>
      <trkpt lat="45.84291766705489" lon="6.112177617337009">
        <ele>1007</ele>
      </trkpt>
      <trkpt lat="45.84291453809733" lon="6.1122548724514445">
        <ele>1006</ele>
      </trkpt>
      <trkpt lat="45.842972736678895" lon="6.112297991585082">
        <ele>1005</ele>
      </trkpt>
      <trkpt lat="45.84298149775043" lon="6.112344703979855">
        <ele>1004</ele>
      </trkpt>
      <trkpt lat="45.84301090990903" lon="6.1124066877344605">
        <ele>1004</ele>
      </trkpt>
      <trkpt lat="45.84303656731129" lon="6.112499214208725">
        <ele>1003</ele>
      </trkpt>
      <trkpt lat="45.843042825212464" lon="6.112535146820089">
        <ele>1002</ele>
      </trkpt>
      <trkpt lat="45.84303343836041" lon="6.11258994405242">
        <ele>1001</ele>
      </trkpt>
      <trkpt lat="45.84303656731129" lon="6.112641148023615">
        <ele>1000</ele>
      </trkpt>
      <trkpt lat="45.84304970890296" lon="6.112672589058559">
        <ele>1000</ele>
      </trkpt>
      <trkpt lat="45.84307786944613" lon="6.112696843571231">
        <ele>1000</ele>
      </trkpt>
      <trkpt lat="45.84310978471115" lon="6.112707623354639">
        <ele>1000</ele>
      </trkpt>
      <trkpt lat="45.84316485414502" lon="6.112684267157254">
        <ele>999</ele>
      </trkpt>
      <trkpt lat="45.843183627803185" lon="6.112699538517083">
        <ele>999</ele>
      </trkpt>
      <trkpt lat="45.843209910914005" lon="6.112734572813164">
        <ele>999</ele>
      </trkpt>
      <trkpt lat="45.843231813496836" lon="6.112751640803562">
        <ele>998</ele>
      </trkpt>
      <trkpt lat="45.843247458193595" lon="6.112749844172993">
        <ele>997</ele>
      </trkpt>
      <trkpt lat="45.84333068790638" lon="6.112694148625378">
        <ele>996</ele>
      </trkpt>
      <trkpt lat="45.84343394264017" lon="6.1127273862908895">
        <ele>995</ele>
      </trkpt>
      <trkpt lat="45.843452716207516" lon="6.112767810478675">
        <ele>994</ele>
      </trkpt>
      <trkpt lat="45.84346898662744" lon="6.112781285207938">
        <ele>994</ele>
      </trkpt>
      <trkpt lat="45.84348150233184" lon="6.112813624558166">
        <ele>994</ele>
      </trkpt>
      <trkpt lat="45.8435065337322" lon="6.112843268962542">
        <ele>994</ele>
      </trkpt>
      <trkpt lat="45.843519675212875" lon="6.112876506628054">
        <ele>994</ele>
      </trkpt>
      <trkpt lat="45.84353281669046" lon="6.112957355003625">
        <ele>994</ele>
      </trkpt>
      <trkpt lat="45.843557848067725" lon="6.11299777919141">
        <ele>994</ele>
      </trkpt>
      <trkpt lat="45.8435897630574" lon="6.113014847181808">
        <ele>993</ele>
      </trkpt>
      <trkpt lat="45.843605407653506" lon="6.113036406748628">
        <ele>993</ele>
      </trkpt>
      <trkpt lat="45.84362856164763" lon="6.113092102296244">
        <ele>993</ele>
      </trkpt>
      <trkpt lat="45.84364796093261" lon="6.113123543331188">
        <ele>993</ele>
      </trkpt>
      <trkpt lat="45.84370553296435" lon="6.1131747473023825">
        <ele>992</ele>
      </trkpt>
      <trkpt lat="45.84380440653194" lon="6.113281646821193">
        <ele>991</ele>
      </trkpt>
      <trkpt lat="45.84385259168791" lon="6.1132897316587504">
        <ele>990</ele>
      </trkpt>
      <trkpt lat="45.84387762292132" lon="6.113312189540853">
        <ele>990</ele>
      </trkpt>
      <trkpt lat="45.84389076431432" lon="6.113339138999377">
        <ele>989</ele>
      </trkpt>
      <trkpt lat="45.84397086416655" lon="6.11340741096097">
        <ele>987</ele>
      </trkpt>
      <trkpt lat="45.84400590781563" lon="6.113452326725175">
        <ele>987</ele>
      </trkpt>
      <trkpt lat="45.84406973726261" lon="6.113516107110347">
        <ele>987</ele>
      </trkpt>
      <trkpt lat="45.844089762172054" lon="6.113576294234383">
        <ele>987</ele>
      </trkpt>
      <trkpt lat="45.844089762172054" lon="6.113602345377623">
        <ele>986</ele>
      </trkpt>
      <trkpt lat="45.844121676856595" lon="6.113661634186374">
        <ele>986</ele>
      </trkpt>
      <trkpt lat="45.84414357908048" lon="6.113722719625695">
        <ele>986</ele>
      </trkpt>
      <trkpt lat="45.844194892828405" lon="6.113761347182913">
        <ele>985</ele>
      </trkpt>
      <trkpt lat="45.84421053725431" lon="6.113787398326152">
        <ele>984</ele>
      </trkpt>
      <trkpt lat="45.84433256362556" lon="6.113844890504335">
        <ele>984</ele>
      </trkpt>
      <trkpt lat="45.84438950917388" lon="6.113861958494734">
        <ele>984</ele>
      </trkpt>
      <trkpt lat="45.844441448469304" lon="6.113867348386438">
        <ele>983</ele>
      </trkpt>
      <trkpt lat="45.84449276194248" lon="6.113913162465928">
        <ele>983</ele>
      </trkpt>
      <trkpt lat="45.84456284856107" lon="6.1139275355104745">
        <ele>983</ele>
      </trkpt>
      <trkpt lat="45.844623548507606" lon="6.113959874860703">
        <ele>983</ele>
      </trkpt>
      <trkpt lat="45.844661720605" lon="6.11397245127468">
        <ele>982</ele>
      </trkpt>
      <trkpt lat="45.84475746361931" lon="6.113985926003942">
        <ele>982</ele>
      </trkpt>
      <trkpt lat="45.84478937792081" lon="6.114001197363772">
        <ele>982</ele>
      </trkpt>
      <trkpt lat="45.844828801444415" lon="6.11400299399434">
        <ele>983</ele>
      </trkpt>
      <trkpt lat="45.84485070338991" lon="6.114029943452863">
        <ele>982</ele>
      </trkpt>
      <trkpt lat="45.84486947647919" lon="6.11403982492099">
        <ele>982</ele>
      </trkpt>
      <trkpt lat="45.844898887639665" lon="6.114041621551557">
        <ele>982</ele>
      </trkpt>
      <trkpt lat="45.8450847407834" lon="6.114127859818833">
        <ele>981</ele>
      </trkpt>
      <trkpt lat="45.84510664262813" lon="6.1141422328633785">
        <ele>981</ele>
      </trkpt>
      <trkpt lat="45.845148568992556" lon="6.114189843573437">
        <ele>981</ele>
      </trkpt>
      <trkpt lat="45.845177980005474" lon="6.1142248778695185">
        <ele>981</ele>
      </trkpt>
      <trkpt lat="45.8451867407297" lon="6.114246437436337">
        <ele>981</ele>
      </trkpt>
      <trkpt lat="45.84521552595681" lon="6.11426440374202">
        <ele>981</ele>
      </trkpt>
      <trkpt lat="45.8452349246884" lon="6.114286861624123">
        <ele>980</ele>
      </trkpt>
      <trkpt lat="45.84525369764801" lon="6.114312912767361">
        <ele>980</ele>
      </trkpt>
      <trkpt lat="45.845266838715965" lon="6.11434974369401">
        <ele>980</ele>
      </trkpt>
      <trkpt lat="45.845321906014604" lon="6.114409930818046">
        <ele>979</ele>
      </trkpt>
      <trkpt lat="45.84534067894486" lon="6.114427897123729">
        <ele>980</ele>
      </trkpt>
      <trkpt lat="45.845375721731095" lon="6.114444965114127">
        <ele>980</ele>
      </trkpt>
      <trkpt lat="45.84548147571991" lon="6.114516830336856">
        <ele>977</ele>
      </trkpt>
      <trkpt lat="45.84555781871115" lon="6.1145195252827085">
        <ele>976</ele>
      </trkpt>
      <trkpt lat="45.845583474938785" lon="6.114512338760436">
        <ele>976</ele>
      </trkpt>
      <trkpt lat="45.84561538876642" lon="6.114492575824186">
        <ele>975</ele>
      </trkpt>
      <trkpt lat="45.84565043137954" lon="6.1144916775089015">
        <ele>975</ele>
      </trkpt>
      <trkpt lat="45.845714884699674" lon="6.1145024572923115">
        <ele>974</ele>
      </trkpt>
      <trkpt lat="45.845733657497334" lon="6.114499762346458">
        <ele>974</ele>
      </trkpt>
      <trkpt lat="45.845778712185826" lon="6.114516830336856">
        <ele>974</ele>
      </trkpt>
      <trkpt lat="45.84581062590146" lon="6.114516830336856">
        <ele>974</ele>
      </trkpt>
      <trkpt lat="45.845935777550686" lon="6.114561746101064">
        <ele>974</ele>
      </trkpt>
      <trkpt lat="45.84594140936829" lon="6.114586898929018">
        <ele>974</ele>
      </trkpt>
      <trkpt lat="45.8459645623902" lon="6.114619238279247">
        <ele>974</ele>
      </trkpt>
      <trkpt lat="45.845996475999186" lon="6.114637204584929">
        <ele>974</ele>
      </trkpt>
      <trkpt lat="45.84605341984425" lon="6.114652475944759">
        <ele>973</ele>
      </trkpt>
      <trkpt lat="45.846095971250875" lon="6.114652475944759">
        <ele>973</ele>
      </trkpt>
      <trkpt lat="45.846169810379216" lon="6.1146713405657245">
        <ele>972</ele>
      </trkpt>
      <trkpt lat="45.84619171179676" lon="6.114684815294986">
        <ele>972</ele>
      </trkpt>
      <trkpt lat="45.84630685053566" lon="6.114806986173627">
        <ele>970</ele>
      </trkpt>
      <trkpt lat="45.84635190475992" lon="6.114862681721243">
        <ele>970</ele>
      </trkpt>
      <trkpt lat="45.846393830185825" lon="6.114893224440903">
        <ele>969</ele>
      </trkpt>
      <trkpt lat="45.8464589083963" lon="6.114994734068008">
        <ele>969</ele>
      </trkpt>
      <trkpt lat="45.846508968506384" lon="6.115052226246192">
        <ele>969</ele>
      </trkpt>
      <trkpt lat="45.84654964231265" lon="6.115131277991195">
        <ele>969</ele>
      </trkpt>
      <trkpt lat="45.84656966632943" lon="6.115151939242729">
        <ele>969</ele>
      </trkpt>
      <trkpt lat="45.846604708341445" lon="6.11520673647506">
        <ele>968</ele>
      </trkpt>
      <trkpt lat="45.846613468841" lon="6.115239974140573">
        <ele>968</ele>
      </trkpt>
      <trkpt lat="45.84663975033139" lon="6.115267821914381">
        <ele>968</ele>
      </trkpt>
      <trkpt lat="45.846684804286014" lon="6.1152965680034725">
        <ele>967</ele>
      </trkpt>
      <trkpt lat="45.846745501917226" lon="6.115326212407848">
        <ele>966</ele>
      </trkpt>
      <trkpt lat="45.846805573734414" lon="6.115341483767677">
        <ele>964</ele>
      </trkpt>
      <trkpt lat="45.84692196269564" lon="6.115354958496939">
        <ele>963</ele>
      </trkpt>
      <trkpt lat="45.84701457309297" lon="6.11530914441745">
        <ele>962</ele>
      </trkpt>
      <trkpt lat="45.847023959273294" lon="6.115303754525745">
        <ele>961</ele>
      </trkpt>
      <trkpt lat="45.84703647417791" lon="6.115277703382505">
        <ele>962</ele>
      </trkpt>
      <trkpt lat="45.84708152781122" lon="6.115217516258471">
        <ele>961</ele>
      </trkpt>
      <trkpt lat="45.84709091398024" lon="6.11518697353881">
        <ele>961</ele>
      </trkpt>
      <trkpt lat="45.84712595566391" lon="6.11515643081915">
        <ele>962</ele>
      </trkpt>
      <trkpt lat="45.84714159926555" lon="6.115132176306479">
        <ele>962</ele>
      </trkpt>
      <trkpt lat="45.84715161116829" lon="6.115027971733522">
        <ele>960</ele>
      </trkpt>
      <trkpt lat="45.84722294592322" lon="6.1149929374374405">
        <ele>960</ele>
      </trkpt>
      <trkpt lat="45.84725047861118" lon="6.114963293033064">
        <ele>960</ele>
      </trkpt>
      <trkpt lat="45.847273631088235" lon="6.1149641913483475">
        <ele>959</ele>
      </trkpt>
      <trkpt lat="45.84732494194895" lon="6.114943530096814">
        <ele>958</ele>
      </trkpt>
      <trkpt lat="45.847420680379656" lon="6.114943530096814">
        <ele>957</ele>
      </trkpt>
      <trkpt lat="45.84746886240337" lon="6.114951614934371">
        <ele>956</ele>
      </trkpt>
      <trkpt lat="45.84754144823041" lon="6.114989344176304">
        <ele>956</ele>
      </trkpt>
      <trkpt lat="45.84773042123241" lon="6.115007310481986">
        <ele>954</ele>
      </trkpt>
      <trkpt lat="45.84780738687372" lon="6.1150297683640895">
        <ele>954</ele>
      </trkpt>
      <trkpt lat="45.847842428106034" lon="6.11504953130034">
        <ele>953</ele>
      </trkpt>
      <trkpt lat="45.84788184946602" lon="6.1150818706505685">
        <ele>954</ele>
      </trkpt>
      <trkpt lat="45.84794567446577" lon="6.115149244296877">
        <ele>954</ele>
      </trkpt>
      <trkpt lat="45.84798947589384" lon="6.115214821312617">
        <ele>952</ele>
      </trkpt>
      <trkpt lat="45.84802889714958" lon="6.115241770771141">
        <ele>952</ele>
      </trkpt>
      <trkpt lat="45.84806393824238" lon="6.115276805067222">
        <ele>952</ele>
      </trkpt>
      <trkpt lat="45.84808959331416" lon="6.115314534309155">
        <ele>952</ele>
      </trkpt>
      <trkpt lat="45.84815654673845" lon="6.115375619748476">
        <ele>952</ele>
      </trkpt>
      <trkpt lat="45.84820159946457" lon="6.115439400133647">
        <ele>952</ele>
      </trkpt>
      <trkpt lat="45.84822099715486" lon="6.115477129375581">
        <ele>952</ele>
      </trkpt>
      <trkpt lat="45.84820159946457" lon="6.115477129375581">
        <ele>951</ele>
      </trkpt>
      <trkpt lat="45.84825541239516" lon="6.115531926607912">
        <ele>951</ele>
      </trkpt>
      <trkpt lat="45.84831986269703" lon="6.115629842973881">
        <ele>949</ele>
      </trkpt>
      <trkpt lat="45.84853073355114" lon="6.1157627936359304">
        <ele>947</ele>
      </trkpt>
      <trkpt lat="45.84874848659117" lon="6.115989169087529">
        <ele>945</ele>
      </trkpt>
      <trkpt lat="45.8488604914148" lon="6.116125713010715">
        <ele>945</ele>
      </trkpt>
      <trkpt lat="45.84896999311931" lon="6.116287409761855">
        <ele>943</ele>
      </trkpt>
      <trkpt lat="45.849068857330195" lon="6.116409580640497">
        <ele>943</ele>
      </trkpt>
      <trkpt lat="45.84912955235997" lon="6.116557802662377">
        <ele>943</ele>
      </trkpt>
      <trkpt lat="45.84913893818341" lon="6.116596430219594">
        <ele>942</ele>
      </trkpt>
      <trkpt lat="45.84913893818341" lon="6.116762618547155">
        <ele>942</ele>
      </trkpt>
      <trkpt lat="45.84914894972667" lon="6.116876704588239">
        <ele>941</ele>
      </trkpt>
      <trkpt lat="45.84914144106939" lon="6.116924315298297">
        <ele>942</ele>
      </trkpt>
      <trkpt lat="45.84915145261219" lon="6.11697731590006">
        <ele>941</ele>
      </trkpt>
      <trkpt lat="45.84916146415319" lon="6.1171794368389865">
        <ele>941</ele>
      </trkpt>
      <trkpt lat="45.84917397857689" lon="6.117279149835524">
        <ele>941</ele>
      </trkpt>
      <trkpt lat="45.84917397857689" lon="6.117364489787516">
        <ele>939</ele>
      </trkpt>
      <trkpt lat="45.84918962160259" lon="6.117447134793654">
        <ele>939</ele>
      </trkpt>
      <trkpt lat="45.84923154488972" lon="6.117515406755246">
        <ele>938</ele>
      </trkpt>
      <trkpt lat="45.84926658522485" lon="6.117534271376214">
        <ele>938</ele>
      </trkpt>
      <trkpt lat="45.84928598254375" lon="6.117524389908088">
        <ele>937</ele>
      </trkpt>
      <trkpt lat="45.849305379855885" lon="6.1175073219176905">
        <ele>936</ele>
      </trkpt>
      <trkpt lat="45.84933791726749" lon="6.1174615078382">
        <ele>937</ele>
      </trkpt>
      <trkpt lat="45.849372957535614" lon="6.117391439246039">
        <ele>936</ele>
      </trkpt>
      <trkpt lat="45.84939798628505" lon="6.117364489787516">
        <ele>936</ele>
      </trkpt>
      <trkpt lat="45.84942364074155" lon="6.1173599982110956">
        <ele>936</ele>
      </trkpt>
      <trkpt lat="45.84947494961903" lon="6.117373472940357">
        <ele>937</ele>
      </trkpt>
      <trkpt lat="45.849548784262076" lon="6.117453423000644">
        <ele>938</ele>
      </trkpt>
      <trkpt lat="45.849589455845624" lon="6.117481270774451">
        <ele>937</ele>
      </trkpt>
      <trkpt lat="45.849708967557525" lon="6.117524389908088">
        <ele>936</ele>
      </trkpt>
      <trkpt lat="45.849756521884544" lon="6.117532474745646">
        <ele>935</ele>
      </trkpt>
      <trkpt lat="45.84981095902477" lon="6.117552237681897">
        <ele>935</ele>
      </trkpt>
      <trkpt lat="45.849865396111724" lon="6.1175396612679185">
        <ele>935</ele>
      </trkpt>
      <trkpt lat="45.85001556710991" lon="6.117531576430362">
        <ele>934</ele>
      </trkpt>
      <trkpt lat="45.85006061833029" lon="6.117529779799793">
        <ele>934</ele>
      </trkpt>
      <trkpt lat="45.8500987866968" lon="6.1175396612679185">
        <ele>933</ele>
      </trkpt>
      <trkpt lat="45.85011442946237" lon="6.117522593277521">
        <ele>932</ele>
      </trkpt>
      <trkpt lat="45.85012444083002" lon="6.117499237080133">
        <ele>930</ele>
      </trkpt>
      <trkpt lat="45.85018576041767" lon="6.117497440449565">
        <ele>931</ele>
      </trkpt>
      <trkpt lat="45.850252711318824" lon="6.117469592675757">
        <ele>930</ele>
      </trkpt>
      <trkpt lat="45.850287751010626" lon="6.117467796045189">
        <ele>930</ele>
      </trkpt>
      <trkpt lat="45.85029087955347" lon="6.117434558379677">
        <ele>929</ele>
      </trkpt>
      <trkpt lat="45.85031966213936" lon="6.117446236478371">
        <ele>928</ele>
      </trkpt>
      <trkpt lat="45.85036784165196" lon="6.117499237080133">
        <ele>927</ele>
      </trkpt>
      <trkpt lat="45.85044980929824" lon="6.1175288814845095">
        <ele>927</ele>
      </trkpt>
      <trkpt lat="45.850498614404295" lon="6.117537864637351">
        <ele>926</ele>
      </trkpt>
      <trkpt lat="45.850578704741956" lon="6.117675306875821">
        <ele>924</ele>
      </trkpt>
      <trkpt lat="45.85061749845782" lon="6.117696866442641">
        <ele>924</ele>
      </trkpt>
      <trkpt lat="45.850642526647235" lon="6.117731900738721">
        <ele>921</ele>
      </trkpt>
      <trkpt lat="45.850636895305605" lon="6.117767833350086">
        <ele>921</ele>
      </trkpt>
      <trkpt lat="45.850645655170126" lon="6.117789392916904">
        <ele>921</ele>
      </trkpt>
      <trkpt lat="45.85066880623399" lon="6.1178154440601435">
        <ele>921</ele>
      </trkpt>
      <trkpt lat="45.85068194602273" lon="6.117845986779803">
        <ele>920</ele>
      </trkpt>
      <trkpt lat="45.8506875773598" lon="6.117884614337021">
        <ele>920</ele>
      </trkpt>
      <trkpt lat="45.850703845663695" lon="6.117922343578954">
        <ele>919</ele>
      </trkpt>
      <trkpt lat="45.85073888507134" lon="6.117974445865434">
        <ele>917</ele>
      </trkpt>
      <trkpt lat="45.85075765617346" lon="6.118039124565889">
        <ele>917</ele>
      </trkpt>
      <trkpt lat="45.85075765617346" lon="6.118077752123107">
        <ele>917</ele>
      </trkpt>
      <trkpt lat="45.85073888507134" lon="6.118172973543223">
        <ele>917</ele>
      </trkpt>
      <trkpt lat="45.85073575655368" lon="6.118214296046293">
        <ele>918</ele>
      </trkpt>
      <trkpt lat="45.85069758862429" lon="6.118326585456808">
        <ele>918</ele>
      </trkpt>
      <trkpt lat="45.85068444883927" lon="6.118383179319707">
        <ele>919</ele>
      </trkpt>
      <trkpt lat="45.85066567771239" lon="6.118419111931072">
        <ele>920</ele>
      </trkpt>
      <trkpt lat="45.8506293868492" lon="6.118467620956413">
        <ele>921</ele>
      </trkpt>
      <trkpt lat="45.85062062698209" lon="6.118522418188745">
        <ele>922</ele>
      </trkpt>
      <trkpt lat="45.850607487178905" lon="6.118561944061246">
        <ele>924</ele>
      </trkpt>
      <trkpt lat="45.85059184455199" lon="6.118582605312781">
        <ele>924</ele>
      </trkpt>
      <trkpt lat="45.85061749845782" lon="6.118651775589658">
        <ele>925</ele>
      </trkpt>
      <trkpt lat="45.85062062698209" lon="6.118684114939888">
        <ele>926</ele>
      </trkpt>
      <trkpt lat="45.850607487178905" lon="6.118704776191422">
        <ele>926</ele>
      </trkpt>
      <trkpt lat="45.85059747589817" lon="6.118774844783584">
        <ele>927</ele>
      </trkpt>
      <trkpt lat="45.850607487178905" lon="6.118919473544326">
        <ele>928</ele>
      </trkpt>
      <trkpt lat="45.850607487178905" lon="6.119010203388022">
        <ele>929</ele>
      </trkpt>
      <trkpt lat="45.85061749845782" lon="6.119036254531262">
        <ele>930</ele>
      </trkpt>
      <trkpt lat="45.85062062698209" lon="6.11908386524132">
        <ele>930</ele>
      </trkpt>
      <trkpt lat="45.85061061570375" lon="6.11915123888763">
        <ele>929</ele>
      </trkpt>
      <trkpt lat="45.850569944866905" lon="6.11926262998286">
        <ele>930</ele>
      </trkpt>
      <trkpt lat="45.85056556492884" lon="6.119304850801213">
        <ele>931</ele>
      </trkpt>
      <trkpt lat="45.85053052541204" lon="6.119436903147979">
        <ele>931</ele>
      </trkpt>
      <trkpt lat="45.85050862570281" lon="6.119464750921787">
        <ele>931</ele>
      </trkpt>
      <trkpt lat="45.850476714682515" lon="6.11949170038031">
        <ele>932</ele>
      </trkpt>
      <trkpt lat="45.850460446312184" lon="6.119524938045823">
        <ele>933</ele>
      </trkpt>
      <trkpt lat="45.85046670337825" lon="6.1195554807654835">
        <ele>932</ele>
      </trkpt>
      <trkpt lat="45.850447932177914" lon="6.119579735278155">
        <ele>933</ele>
      </trkpt>
      <trkpt lat="45.850447932177914" lon="6.119614769574236">
        <ele>934</ele>
      </trkpt>
      <trkpt lat="45.85046670337825" lon="6.119617464520087">
        <ele>934</ele>
      </trkpt>
      <trkpt lat="45.850492983048085" lon="6.119652498816167">
        <ele>934</ele>
      </trkpt>
      <trkpt lat="45.85050862570281" lon="6.1196875331122484">
        <ele>934</ele>
      </trkpt>
      <trkpt lat="45.85050174293528" lon="6.119721669093046">
        <ele>935</ele>
      </trkpt>
      <trkpt lat="45.850476714682515" lon="6.119764788226682">
        <ele>936</ele>
      </trkpt>
      <trkpt lat="45.850450435004994" lon="6.119777364640661">
        <ele>936</ele>
      </trkpt>
      <trkpt lat="45.85042540672915" lon="6.119806110729752">
        <ele>937</ele>
      </trkpt>
      <trkpt lat="45.85042540672915" lon="6.119841145025833">
        <ele>937</ele>
      </trkpt>
      <trkpt lat="45.85043792086846" lon="6.11987348437606">
        <ele>938</ele>
      </trkpt>
      <trkpt lat="45.85043792086846" lon="6.119932773184813">
        <ele>939</ele>
      </trkpt>
      <trkpt lat="45.85042540672915" lon="6.119959722643338">
        <ele>940</ele>
      </trkpt>
      <trkpt lat="45.85036784165196" lon="6.119967807480894">
        <ele>942</ele>
      </trkpt>
      <trkpt lat="45.85028149392443" lon="6.120037876073056">
        <ele>944</ele>
      </trkpt>
      <trkpt lat="45.85026147124385" lon="6.1200477575411805">
        <ele>945</ele>
      </trkpt>
      <trkpt lat="45.850249582773834" lon="6.120069317108">
        <ele>944</ele>
      </trkpt>
      <trkpt lat="45.85024582851961" lon="6.120096266566523">
        <ele>946</ele>
      </trkpt>
      <trkpt lat="45.85016949196223" lon="6.120159148636411">
        <ele>948</ele>
      </trkpt>
      <trkpt lat="45.850165737702596" lon="6.120194182932492">
        <ele>949</ele>
      </trkpt>
      <trkpt lat="45.85014070929864" lon="6.120241793642551">
        <ele>950</ele>
      </trkpt>
      <trkpt lat="45.85014070929864" lon="6.120269641416359">
        <ele>951</ele>
      </trkpt>
      <trkpt lat="45.85010191525025" lon="6.120305574027722">
        <ele>952</ele>
      </trkpt>
      <trkpt lat="45.85008251821591" lon="6.120334320116814">
        <ele>952</ele>
      </trkpt>
      <trkpt lat="45.85006687544135" lon="6.120381930826873">
        <ele>953</ele>
      </trkpt>
      <trkpt lat="45.85006061833029" lon="6.120422355014659">
        <ele>954</ele>
      </trkpt>
      <trkpt lat="45.850047478394764" lon="6.120454694364888">
        <ele>954</ele>
      </trkpt>
      <trkpt lat="45.850041846992895" lon="6.1205166781194915">
        <ele>955</ele>
      </trkpt>
      <trkpt lat="45.85003183561035" lon="6.1205597972531285">
        <ele>955</ele>
      </trkpt>
      <trkpt lat="45.85001556710991" lon="6.120603814702051">
        <ele>956</ele>
      </trkpt>
      <trkpt lat="45.84999992431651" lon="6.120621781007734">
        <ele>956</ele>
      </trkpt>
      <trkpt lat="45.849989912926425" lon="6.12064513720512">
        <ele>956</ele>
      </trkpt>
      <trkpt lat="45.84998365580672" lon="6.120781681128307">
        <ele>958</ele>
      </trkpt>
      <trkpt lat="45.849989912926425" lon="6.120822105316092">
        <ele>958</ele>
      </trkpt>
      <trkpt lat="45.85000242716374" lon="6.120861631188593">
        <ele>959</ele>
      </trkpt>
      <trkpt lat="45.84999992431651" lon="6.120911936844504">
        <ele>960</ele>
      </trkpt>
      <trkpt lat="45.84998678436666" lon="6.120954157662857">
        <ele>961</ele>
      </trkpt>
      <trkpt lat="45.85000242716374" lon="6.121012548156326">
        <ele>961</ele>
      </trkpt>
      <trkpt lat="45.8500099357048" lon="6.1211913128978654">
        <ele>962</ele>
      </trkpt>
      <trkpt lat="45.85002182422602" lon="6.121279347795708">
        <ele>964</ele>
      </trkpt>
      <trkpt lat="45.8500099357048" lon="6.121304500623664">
        <ele>963</ele>
      </trkpt>
      <trkpt lat="45.85000242716374" lon="6.121341331550313">
        <ele>964</ele>
      </trkpt>
      <trkpt lat="45.85000242716374" lon="6.121422179925883">
        <ele>965</ele>
      </trkpt>
      <trkpt lat="45.84998678436666" lon="6.12150212998617">
        <ele>966</ele>
      </trkpt>
      <trkpt lat="45.8500099357048" lon="6.121601842982706">
        <ele>966</ele>
      </trkpt>
      <trkpt lat="45.8500099357048" lon="6.121631487387084">
        <ele>966</ele>
      </trkpt>
      <trkpt lat="45.84998678436666" lon="6.12171143744737">
        <ele>967</ele>
      </trkpt>
      <trkpt lat="45.84999366719793" lon="6.121782404354815">
        <ele>968</ele>
      </trkpt>
      <trkpt lat="45.849989912926425" lon="6.1218398965329985">
        <ele>967</ele>
      </trkpt>
      <trkpt lat="45.85002557849536" lon="6.1219548808893665">
        <ele>968</ele>
      </trkpt>
      <trkpt lat="45.8500349641676" lon="6.122045610733063">
        <ele>968</ele>
      </trkpt>
      <trkpt lat="45.85005060695112" lon="6.122102204595962">
        <ele>969</ele>
      </trkpt>
      <trkpt lat="45.850044975549544" lon="6.122199222646646">
        <ele>968</ele>
      </trkpt>
      <trkpt lat="45.85005060695112" lon="6.122227968735739">
        <ele>969</ele>
      </trkpt>
      <trkpt lat="45.85006374688591" lon="6.122253121563694">
        <ele>969</ele>
      </trkpt>
      <trkpt lat="45.85008564677028" lon="6.122334868254549">
        <ele>969</ele>
      </trkpt>
      <trkpt lat="45.85014383784976" lon="6.122432784620518">
        <ele>970</ele>
      </trkpt>
      <trkpt lat="45.850172620511735" lon="6.122541480769896">
        <ele>969</ele>
      </trkpt>
      <trkpt lat="45.850268979749906" lon="6.122722940457289">
        <ele>967</ele>
      </trkpt>
      <trkpt lat="45.85039662419799" lon="6.122841518074792">
        <ele>967</ele>
      </trkpt>
      <trkpt lat="45.850460446312184" lon="6.1229744687368415">
        <ele>965</ele>
      </trkpt>
      <trkpt lat="45.85046357484531" lon="6.123029265969173">
        <ele>965</ele>
      </trkpt>
      <trkpt lat="45.850492983048085" lon="6.123069690156958">
        <ele>965</ele>
      </trkpt>
      <trkpt lat="45.850569944866905" lon="6.123142453694972">
        <ele>965</ele>
      </trkpt>
      <trkpt lat="45.85059184455199" lon="6.123172996414632">
        <ele>964</ele>
      </trkpt>
      <trkpt lat="45.85058183326844" lon="6.123209827341282">
        <ele>965</ele>
      </trkpt>
      <trkpt lat="45.850578704741956" lon="6.123254743105488">
        <ele>964</ele>
      </trkpt>
      <trkpt lat="45.85060498435887" lon="6.123297862239125">
        <ele>964</ele>
      </trkpt>
      <trkpt lat="45.850642526647235" lon="6.123387693767537">
        <ele>964</ele>
      </trkpt>
      <trkpt lat="45.85065566644215" lon="6.123434406162311">
        <ele>964</ele>
      </trkpt>
      <trkpt lat="45.850661923486285" lon="6.123479321926517">
        <ele>964</ele>
      </trkpt>
      <trkpt lat="45.850674437572415" lon="6.123517949483735">
        <ele>964</ele>
      </trkpt>
      <trkpt lat="45.85070071714406" lon="6.1235646618785085">
        <ele>964</ele>
      </trkpt>
      <trkpt lat="45.850706974183126" lon="6.123602391120442">
        <ele>963</ele>
      </trkpt>
      <trkpt lat="45.85073575655368" lon="6.123673358027887">
        <ele>962</ele>
      </trkpt>
      <trkpt lat="45.85074889632658" lon="6.123845834562437">
        <ele>961</ele>
      </trkpt>
      <trkpt lat="45.85076453890934" lon="6.123884462119655">
        <ele>960</ele>
      </trkpt>
      <trkpt lat="45.85078080719071" lon="6.123899733479486">
        <ele>961</ele>
      </trkpt>
      <trkpt lat="45.85081584654986" lon="6.123989565007896">
        <ele>961</ele>
      </trkpt>
      <trkpt lat="45.85078393570582" lon="6.124049752131933">
        <ele>961</ele>
      </trkpt>
      <trkpt lat="45.85079957827871" lon="6.12408388811273">
        <ele>961</ele>
      </trkpt>
      <trkpt lat="45.85080958952305" lon="6.124121617354661">
        <ele>961</ele>
      </trkpt>
      <trkpt lat="45.85080958952305" lon="6.124151261759039">
        <ele>961</ele>
      </trkpt>
      <trkpt lat="45.85089843923764" lon="6.124277924214099">
        <ele>961</ele>
      </trkpt>
      <trkpt lat="45.8509215901963" lon="6.124463875477911">
        <ele>960</ele>
      </trkpt>
      <trkpt lat="45.85091470747986" lon="6.12451597776439">
        <ele>960</ele>
      </trkpt>
      <trkpt lat="45.850924718703496" lon="6.124571673312006">
        <ele>961</ele>
      </trkpt>
      <trkpt lat="45.85100167992489" lon="6.124652521687577">
        <ele>961</ele>
      </trkpt>
      <trkpt lat="45.851033590644" lon="6.1247342683784325">
        <ele>960</ele>
      </trkpt>
      <trkpt lat="45.851039847645595" lon="6.1247818790884905">
        <ele>960</ele>
      </trkpt>
      <trkpt lat="45.8510554901465" lon="6.1248034386553085">
        <ele>960</ele>
      </trkpt>
      <trkpt lat="45.8511036690217" lon="6.124837574636106">
        <ele>959</ele>
      </trkpt>
      <trkpt lat="45.851125568496606" lon="6.124862727464061">
        <ele>959</ele>
      </trkpt>
      <trkpt lat="45.851135579682285" lon="6.124891473553154">
        <ele>959</ele>
      </trkpt>
      <trkpt lat="45.851218797593404" lon="6.124977711820429">
        <ele>958</ele>
      </trkpt>
      <trkpt lat="45.851257590862765" lon="6.125009152855373">
        <ele>958</ele>
      </trkpt>
      <trkpt lat="45.85133768010754" lon="6.125177137813504">
        <ele>955</ele>
      </trkpt>
      <trkpt lat="45.85135645100761" lon="6.125195104119185">
        <ele>955</ele>
      </trkpt>
      <trkpt lat="45.85137897607931" lon="6.125239121568107">
        <ele>954</ele>
      </trkpt>
      <trkpt lat="45.85138585873826" lon="6.125277749125325">
        <ele>954</ele>
      </trkpt>
      <trkpt lat="45.85141088658194" lon="6.125301105322711">
        <ele>954</ele>
      </trkpt>
      <trkpt lat="45.85144279706627" lon="6.125314580051974">
        <ele>954</ele>
      </trkpt>
      <trkpt lat="45.85151662909707" lon="6.125366682338452">
        <ele>954</ele>
      </trkpt>
      <trkpt lat="45.85153539993672" lon="6.125406208210953">
        <ele>953</ele>
      </trkpt>
      <trkpt lat="45.85154165688185" lon="6.125449327344591">
        <ele>953</ele>
      </trkpt>
      <trkpt lat="45.85159358949944" lon="6.125514904360331">
        <ele>953</ele>
      </trkpt>
      <trkpt lat="45.851615488781434" lon="6.125529277404878">
        <ele>951</ele>
      </trkpt>
      <trkpt lat="45.85159358949944" lon="6.12563438029312">
        <ele>948</ele>
      </trkpt>
      <trkpt lat="45.85162862834652" lon="6.125711635407554">
        <ele>948</ele>
      </trkpt>
      <trkpt lat="45.85163175681393" lon="6.125783500630283">
        <ele>949</ele>
      </trkpt>
      <trkpt lat="45.85161861724959" lon="6.125895790040799">
        <ele>948</ele>
      </trkpt>
      <trkpt lat="45.85159984643803" lon="6.1259559771648355">
        <ele>949</ele>
      </trkpt>
      <trkpt lat="45.85159671796879" lon="6.126099707610295">
        <ele>947</ele>
      </trkpt>
      <trkpt lat="45.851615488781434" lon="6.126199420606831">
        <ele>948</ele>
      </trkpt>
      <trkpt lat="45.85161298600679" lon="6.126252421208594">
        <ele>948</ele>
      </trkpt>
      <trkpt lat="45.85161861724959" lon="6.126307218440926">
        <ele>947</ele>
      </trkpt>
      <trkpt lat="45.85164176790849" lon="6.126354829150983">
        <ele>947</ele>
      </trkpt>
      <trkpt lat="45.851634885281186" lon="6.126484186551897">
        <ele>946</ele>
      </trkpt>
      <trkpt lat="45.85162174571755" lon="6.126517424217409">
        <ele>945</ele>
      </trkpt>
      <trkpt lat="45.85163175681393" lon="6.126551560198206">
        <ele>944</ele>
      </trkpt>
      <trkpt lat="45.851589835335915" lon="6.126592882701274">
        <ele>944</ele>
      </trkpt>
      <trkpt lat="45.85155166799264" lon="6.126602764169401">
        <ele>944</ele>
      </trkpt>
      <trkpt lat="45.851529768685474" lon="6.126624323736219">
        <ele>944</ele>
      </trkpt>
      <trkpt lat="45.851529768685474" lon="6.1266521715100275">
        <ele>943</ele>
      </trkpt>
      <trkpt lat="45.851538528409385" lon="6.126687205806107">
        <ele>943</ele>
      </trkpt>
      <trkpt lat="45.85157043882047" lon="6.126757274398269">
        <ele>939</ele>
      </trkpt>
      <trkpt lat="45.851589835335915" lon="6.126771647442815">
        <ele>938</ele>
      </trkpt>
      <trkpt lat="45.85161298600679" lon="6.126806681738896">
        <ele>939</ele>
      </trkpt>
      <trkpt lat="45.85162174571755" lon="6.126841716034977">
        <ele>939</ele>
      </trkpt>
      <trkpt lat="45.85166366717153" lon="6.1268974115825925">
        <ele>938</ele>
      </trkpt>
      <trkpt lat="45.85167367826033" lon="6.1269297509328196">
        <ele>937</ele>
      </trkpt>
      <trkpt lat="45.851676806725216" lon="6.127025870668222">
        <ele>936</ele>
      </trkpt>
      <trkpt lat="45.851669924102225" lon="6.127057311703165">
        <ele>935</ele>
      </trkpt>
      <trkpt lat="45.851669924102225" lon="6.127087854422825">
        <ele>935</ele>
      </trkpt>
      <trkpt lat="45.85165365608092" lon="6.12714983817743">
        <ele>935</ele>
      </trkpt>
      <trkpt lat="45.851657410240115" lon="6.127191160680499">
        <ele>935</ele>
      </trkpt>
      <trkpt lat="45.85164739914839" lon="6.127224398346012">
        <ele>935</ele>
      </trkpt>
      <trkpt lat="45.851660538705914" lon="6.127271110740786">
        <ele>933</ele>
      </trkpt>
      <trkpt lat="45.851660538705914" lon="6.127299856829878">
        <ele>933</ele>
      </trkpt>
      <trkpt lat="45.851669924102225" lon="6.127324111342548">
        <ele>930</ele>
      </trkpt>
      <trkpt lat="45.85166366717153" lon="6.127361840584482">
        <ele>930</ele>
      </trkpt>
      <trkpt lat="45.85167367826033" lon="6.1273896883582895">
        <ele>930</ele>
      </trkpt>
      <trkpt lat="45.85168243796157" lon="6.127446282221188">
        <ele>930</ele>
      </trkpt>
      <trkpt lat="45.85171497398261" lon="6.127501977768804">
        <ele>928</ele>
      </trkpt>
      <trkpt lat="45.85169557751083" lon="6.127543300271874">
        <ele>929</ele>
      </trkpt>
      <trkpt lat="45.85169870597446" lon="6.127571148045681">
        <ele>929</ele>
      </trkpt>
      <trkpt lat="45.851692449046986" lon="6.127597199188921">
        <ele>928</ele>
      </trkpt>
      <trkpt lat="45.85167367826033" lon="6.127623250332161">
        <ele>928</ele>
      </trkpt>
      <trkpt lat="45.85166366717153" lon="6.1276493014754">
        <ele>927</ele>
      </trkpt>
      <trkpt lat="45.851657410240115" lon="6.127697810500742">
        <ele>927</ele>
      </trkpt>
      <trkpt lat="45.85161861724959" lon="6.127762489201199">
        <ele>925</ele>
      </trkpt>
      <trkpt lat="45.85160985753833" lon="6.127804710019553">
        <ele>924</ele>
      </trkpt>
      <trkpt lat="45.85158357839621" lon="6.127831659478076">
        <ele>924</ele>
      </trkpt>
      <trkpt lat="45.851554796464384" lon="6.127886456710407">
        <ele>923</ele>
      </trkpt>
      <trkpt lat="45.85154853952071" lon="6.12794125394274">
        <ele>922</ele>
      </trkpt>
      <trkpt lat="45.85153539993672" lon="6.127971796662399">
        <ele>922</ele>
      </trkpt>
      <trkpt lat="45.85150098672584" lon="6.128021204003024">
        <ele>921</ele>
      </trkpt>
      <trkpt lat="45.85147157905602" lon="6.128127205206551">
        <ele>919</ele>
      </trkpt>
      <trkpt lat="45.851474707532276" lon="6.128224223257237">
        <ele>918</ele>
      </trkpt>
      <trkpt lat="45.851481590179404" lon="6.128259257553316">
        <ele>918</ele>
      </trkpt>
      <trkpt lat="45.851493478386075" lon="6.128279918804852">
        <ele>918</ele>
      </trkpt>
      <trkpt lat="45.8514847186551" lon="6.128307766578659">
        <ele>917</ele>
      </trkpt>
      <trkpt lat="45.85150786936972" lon="6.128345495820593">
        <ele>914</ele>
      </trkpt>
      <trkpt lat="45.85158044992606" lon="6.128345495820593">
        <ele>913</ele>
      </trkpt>
      <trkpt lat="45.85168994627581" lon="6.128374241909684">
        <ele>913</ele>
      </trkpt>
      <trkpt lat="45.85173061629366" lon="6.12839939473764">
        <ele>911</ele>
      </trkpt>
      <trkpt lat="45.851746884292474" lon="6.128447903762981">
        <ele>910</ele>
      </trkpt>
      <trkpt lat="45.85173061629366" lon="6.128524260562132">
        <ele>910</ele>
      </trkpt>
      <trkpt lat="45.8517118455199" lon="6.128534142030257">
        <ele>909</ele>
      </trkpt>
      <trkpt lat="45.85169870597446" lon="6.128559294858212">
        <ele>908</ele>
      </trkpt>
      <trkpt lat="45.85170871705698" lon="6.12859792241543">
        <ele>907</ele>
      </trkpt>
      <trkpt lat="45.851769409206064" lon="6.128604210622419">
        <ele>905</ele>
      </trkpt>
      <trkpt lat="45.851833855436205" lon="6.1286437364949204">
        <ele>904</ele>
      </trkpt>
      <trkpt lat="45.851925831965396" lon="6.128656312908898">
        <ele>901</ele>
      </trkpt>
      <trkpt lat="45.85195461370519" lon="6.128657211224183">
        <ele>901</ele>
      </trkpt>
      <trkpt lat="45.851980892671996" lon="6.128636549972647">
        <ele>901</ele>
      </trkpt>
      <trkpt lat="45.85201593127509" lon="6.128636549972647">
        <ele>899</ele>
      </trkpt>
      <trkpt lat="45.852050969856116" lon="6.128653617963045">
        <ele>898</ele>
      </trkpt>
      <trkpt lat="45.8521054047507" lon="6.128663499431171">
        <ele>898</ele>
      </trkpt>
      <trkpt lat="45.85216547077943" lon="6.128651821332478">
        <ele>897</ele>
      </trkpt>
      <trkpt lat="45.85224993852259" lon="6.128679669106285">
        <ele>896</ele>
      </trkpt>
      <trkpt lat="45.8523644390363" lon="6.128682364052138">
        <ele>894</ele>
      </trkpt>
      <trkpt lat="45.852495832777926" lon="6.128751534329015">
        <ele>892</ele>
      </trkpt>
      <trkpt lat="45.85257279182531" lon="6.1288045349307785">
        <ele>891</ele>
      </trkpt>
      <trkpt lat="45.85259156230852" lon="6.128819806290608">
        <ele>890</ele>
      </trkpt>
      <trkpt lat="45.85261346119758" lon="6.128851247325552">
        <ele>890</ele>
      </trkpt>
      <trkpt lat="45.85271669870133" lon="6.12903630027408">
        <ele>890</ele>
      </trkpt>
      <trkpt lat="45.852751736840844" lon="6.129059656471468">
        <ele>889</ele>
      </trkpt>
      <trkpt lat="45.85286373360307" lon="6.129177335773688">
        <ele>888</ele>
      </trkpt>
      <trkpt lat="45.853039549294444" lon="6.129283336977213">
        <ele>888</ele>
      </trkpt>
      <trkpt lat="45.85307145884433" lon="6.129319269588577">
        <ele>889</ele>
      </trkpt>
      <trkpt lat="45.853122764356726" lon="6.129359693776363">
        <ele>888</ele>
      </trkpt>
      <trkpt lat="45.853164684679264" lon="6.129422575846252">
        <ele>887</ele>
      </trkpt>
      <trkpt lat="45.853202850915615" lon="6.129467491610457">
        <ele>887</ele>
      </trkpt>
      <trkpt lat="45.853202850915615" lon="6.129501627591255">
        <ele>885</ele>
      </trkpt>
      <trkpt lat="45.85318971172246" lon="6.129534865256766">
        <ele>885</ele>
      </trkpt>
      <trkpt lat="45.8531515454771" lon="6.1295312719956305">
        <ele>886</ele>
      </trkpt>
      <trkpt lat="45.85312589274008" lon="6.129537560202619">
        <ele>886</ele>
      </trkpt>
      <trkpt lat="45.8531039940528" lon="6.129567204606995">
        <ele>886</ele>
      </trkpt>
      <trkpt lat="45.85309773728342" lon="6.1296291883616">
        <ele>883</ele>
      </trkpt>
      <trkpt lat="45.85308459806542" lon="6.1296633243423955">
        <ele>882</ele>
      </trkpt>
      <trkpt lat="45.853087726450944" lon="6.129819631201833">
        <ele>880</ele>
      </trkpt>
      <trkpt lat="45.853077715616664" lon="6.129879818325869">
        <ele>877</ele>
      </trkpt>
      <trkpt lat="45.85308146967973" lon="6.129907666099676">
        <ele>875</ele>
      </trkpt>
      <trkpt lat="45.85313840627183" lon="6.1299265307206445">
        <ele>873</ele>
      </trkpt>
      <trkpt lat="45.85321286172735" lon="6.129973243115417">
        <ele>870</ele>
      </trkpt>
      <trkpt lat="45.85323163199454" lon="6.129987616159963">
        <ele>870</ele>
      </trkpt>
      <trkpt lat="45.85331797514197" lon="6.1300873291565">
        <ele>867</ele>
      </trkpt>
      <trkpt lat="45.853375537165775" lon="6.130119668506729">
        <ele>864</ele>
      </trkpt>
      <trkpt lat="45.85341745729778" lon="6.1301322449207065">
        <ele>863</ele>
      </trkpt>
      <trkpt lat="45.85350943120808" lon="6.130134939866559">
        <ele>863</ele>
      </trkpt>
      <trkpt lat="45.85353570944021" lon="6.130141228073548">
        <ele>863</ele>
      </trkpt>
      <trkpt lat="45.853577629451514" lon="6.130167279216788">
        <ele>862</ele>
      </trkpt>
      <trkpt lat="45.85364144791547" lon="6.1301816522613315">
        <ele>861</ele>
      </trkpt>
      <trkpt lat="45.853695881253365" lon="6.1301825505766185">
        <ele>860</ele>
      </trkpt>
      <trkpt lat="45.853746560520044" lon="6.1301951269905945">
        <ele>860</ele>
      </trkpt>
      <trkpt lat="45.85406690247045" lon="6.130292145041279">
        <ele>856</ele>
      </trkpt>
      <trkpt lat="45.854178896584195" lon="6.13027687368145">
        <ele>855</ele>
      </trkpt>
      <trkpt lat="45.85423645771693" lon="6.13030112819412">
        <ele>853</ele>
      </trkpt>
      <trkpt lat="45.854348451489216" lon="6.130329874283213">
        <ele>851</ele>
      </trkpt>
      <trkpt lat="45.854441675183544" lon="6.130401739505942">
        <ele>850</ele>
      </trkpt>
      <trkpt lat="45.85454365797216" lon="6.130452943477137">
        <ele>848</ele>
      </trkpt>
      <trkpt lat="45.854885893325395" lon="6.13064787789379">
        <ele>847</ele>
      </trkpt>
      <trkpt lat="45.85491780181588" lon="6.130676623982883">
        <ele>846</ele>
      </trkpt>
      <trkpt lat="45.85507171310112" lon="6.130749387520896">
        <ele>845</ele>
      </trkpt>
      <trkpt lat="45.855103621484986" lon="6.130757472358455">
        <ele>845</ele>
      </trkpt>
      <trkpt lat="45.855215613510964" lon="6.130749387520896">
        <ele>846</ele>
      </trkpt>
      <trkpt lat="45.855250650076115" lon="6.130757472358455">
        <ele>846</ele>
      </trkpt>
      <trkpt lat="45.85532447705183" lon="6.130834727472888">
        <ele>845</ele>
      </trkpt>
      <trkpt lat="45.855365770063344" lon="6.130841913995161">
        <ele>844</ele>
      </trkpt>
      <trkpt lat="45.85541081695001" lon="6.130871558399537">
        <ele>843</ele>
      </trkpt>
      <trkpt lat="45.85546587420635" lon="6.130892219651073">
        <ele>842</ele>
      </trkpt>
      <trkpt lat="45.85549340281408" lon="6.1308913213357865">
        <ele>840</ele>
      </trkpt>
      <trkpt lat="45.85552969050347" lon="6.130912880902605">
        <ele>840</ele>
      </trkpt>
      <trkpt lat="45.85555471648236" lon="6.130912880902605">
        <ele>838</ele>
      </trkpt>
      <trkpt lat="45.855583496344146" lon="6.130897609542776">
        <ele>837</ele>
      </trkpt>
      <trkpt lat="45.85562541481184" lon="6.130895812912207">
        <ele>836</ele>
      </trkpt>
      <trkpt lat="45.85570174388079" lon="6.130851795463287">
        <ele>835</ele>
      </trkpt>
      <trkpt lat="45.8557649342603" lon="6.1308329308423195">
        <ele>834</ele>
      </trkpt>
      <trkpt lat="45.85599955137763" lon="6.13081765948249">
        <ele>832</ele>
      </trkpt>
      <trkpt lat="45.856178485367096" lon="6.130797896546238">
        <ele>831</ele>
      </trkpt>
      <trkpt lat="45.856197880275424" lon="6.130809574644932">
        <ele>831</ele>
      </trkpt>
      <trkpt lat="45.85622978801311" lon="6.130795201600386">
        <ele>831</ele>
      </trkpt>
      <trkpt lat="45.85625543931839" lon="6.130801489807375">
        <ele>830</ele>
      </trkpt>
      <trkpt lat="45.85637368542623" lon="6.130771845403">
        <ele>828</ele>
      </trkpt>
      <trkpt lat="45.85640246486419" lon="6.130767353826578">
        <ele>827</ele>
      </trkpt>
      <trkpt lat="45.856425613531705" lon="6.130774540348851">
        <ele>827</ele>
      </trkpt>
      <trkpt lat="45.85648567489443" lon="6.130753879097317">
        <ele>825</ele>
      </trkpt>
      <trkpt lat="45.85652759268206" lon="6.130773642033568">
        <ele>825</ele>
      </trkpt>
      <trkpt lat="45.85664271002584" lon="6.130779930240557">
        <ele>824</ele>
      </trkpt>
      <trkpt lat="45.85668775587811" lon="6.130802388122659">
        <ele>823</ele>
      </trkpt>
      <trkpt lat="45.8567134069721" lon="6.130807778014365">
        <ele>822</ele>
      </trkpt>
      <trkpt lat="45.85676470912464" lon="6.130807778014365">
        <ele>821</ele>
      </trkpt>
      <trkpt lat="45.85683478028084" lon="6.130767353826578">
        <ele>818</ele>
      </trkpt>
      <trkpt lat="45.85687982597753" lon="6.130769150457147">
        <ele>817</ele>
      </trkpt>
      <trkpt lat="45.85693738431461" lon="6.130799693176807">
        <ele>817</ele>
      </trkpt>
      <trkpt lat="45.85698555809443" lon="6.130807778014365">
        <ele>816</ele>
      </trkpt>
      <trkpt lat="45.857029978036216" lon="6.130795201600386">
        <ele>816</ele>
      </trkpt>
      <trkpt lat="45.85711944344511" lon="6.130753879097317">
        <ele>815</ele>
      </trkpt>
      <trkpt lat="45.857244569649644" lon="6.130736811106919">
        <ele>814</ele>
      </trkpt>
      <trkpt lat="45.85733090656663" lon="6.130707166702543">
        <ele>815</ele>
      </trkpt>
      <trkpt lat="45.85743350968495" lon="6.13068920039686">
        <ele>815</ele>
      </trkpt>
      <trkpt lat="45.857461662946505" lon="6.130659555992484">
        <ele>815</ele>
      </trkpt>
      <trkpt lat="45.85749356995904" lon="6.1305921823461755">
        <ele>815</ele>
      </trkpt>
      <trkpt lat="45.85750670813535" lon="6.130544571636117">
        <ele>815</ele>
      </trkpt>
      <trkpt lat="45.857490441821376" lon="6.130485282827365">
        <ele>815</ele>
      </trkpt>
      <trkpt lat="45.85749356995904" lon="6.130447553585432">
        <ele>814</ele>
      </trkpt>
      <trkpt lat="45.85753861512206" lon="6.130406231082362">
        <ele>814</ele>
      </trkpt>
      <trkpt lat="45.85758678838097" lon="6.1303316709137805">
        <ele>813</ele>
      </trkpt>
      <trkpt lat="45.857609936555505" lon="6.130314602923383">
        <ele>812</ele>
      </trkpt>
      <trkpt lat="45.85765373037281" lon="6.130376586677987">
        <ele>814</ele>
      </trkpt>
      <trkpt lat="45.857685637275154" lon="6.13040353613651">
        <ele>814</ele>
      </trkpt>
      <trkpt lat="45.85773381040672" lon="6.130421502442193">
        <ele>814</ele>
      </trkpt>
      <trkpt lat="45.85775695852003" lon="6.130416112550488">
        <ele>814</ele>
      </trkpt>
      <trkpt lat="45.857797624101174" lon="6.130393654668386">
        <ele>813</ele>
      </trkpt>
      <trkpt lat="45.85793275874177" lon="6.130359518687588">
        <ele>815</ele>
      </trkpt>
      <trkpt lat="45.858057883116174" lon="6.130312806292815">
        <ele>816</ele>
      </trkpt>
      <trkpt lat="45.858137962568044" lon="6.130314602923383">
        <ele>817</ele>
      </trkpt>
      <trkpt lat="45.85820177579867" lon="6.130329874283213">
        <ele>818</ele>
      </trkpt>
      <trkpt lat="45.85826371209955" lon="6.130318196184519">
        <ele>818</ele>
      </trkpt>
      <trkpt lat="45.85830062359957" lon="6.130302924824688">
        <ele>818</ele>
      </trkpt>
      <trkpt lat="45.85838070270183" lon="6.130229262971391">
        <ele>818</ele>
      </trkpt>
      <trkpt lat="45.85845077182175" lon="6.1301843472071855">
        <ele>817</ele>
      </trkpt>
      <trkpt lat="45.85849268812803" lon="6.130197821936448">
        <ele>816</ele>
      </trkpt>
      <trkpt lat="45.85855399848929" lon="6.1302319579172435">
        <ele>815</ele>
      </trkpt>
      <trkpt lat="45.85862969792369" lon="6.130262500636903">
        <ele>815</ele>
      </trkpt>
      <trkpt lat="45.85876795860811" lon="6.1303532304806">
        <ele>814</ele>
      </trkpt>
      <trkpt lat="45.858921859237164" lon="6.130475401359241">
        <ele>812</ele>
      </trkpt>
      <trkpt lat="45.85894938613401" lon="6.130517622177594">
        <ele>812</ele>
      </trkpt>
      <trkpt lat="45.85897566179558" lon="6.130541876690266">
        <ele>813</ele>
      </trkpt>
      <trkpt lat="45.85899192767508" lon="6.1305724194099245">
        <ele>813</ele>
      </trkpt>
      <trkpt lat="45.85899192767508" lon="6.130599368868448">
        <ele>814</ele>
      </trkpt>
      <trkpt lat="45.85902070575795" lon="6.130654166100781">
        <ele>814</ele>
      </trkpt>
      <trkpt lat="45.85906199602474" lon="6.130693691973281">
        <ele>814</ele>
      </trkpt>
      <trkpt lat="45.85910391187028" lon="6.1307179464859525">
        <ele>814</ele>
      </trkpt>
      <trkpt lat="45.85918398981569" lon="6.130882338182945">
        <ele>813</ele>
      </trkpt>
      <trkpt lat="45.85922590556924" lon="6.130942525306982">
        <ele>812</ele>
      </trkpt>
      <trkpt lat="45.85933788929319" lon="6.130956898351528">
        <ele>808</ele>
      </trkpt>
      <trkpt lat="45.859362913558215" lon="6.13097486465721">
        <ele>808</ele>
      </trkpt>
      <trkpt lat="45.8593754256865" lon="6.130996424224029">
        <ele>807</ele>
      </trkpt>
      <trkpt lat="45.85939794751032" lon="6.131009898953291">
        <ele>807</ele>
      </trkpt>
      <trkpt lat="45.85943360704608" lon="6.131007204007438">
        <ele>807</ele>
      </trkpt>
      <trkpt lat="45.85945863126801" lon="6.130991932647609">
        <ele>807</ele>
      </trkpt>
      <trkpt lat="45.85946551292709" lon="6.130964983189085">
        <ele>806</ele>
      </trkpt>
      <trkpt lat="45.85946864095363" lon="6.130882338182945">
        <ele>805</ele>
      </trkpt>
      <trkpt lat="45.859484906688934" lon="6.130842812310445">
        <ele>804</ele>
      </trkpt>
      <trkpt lat="45.85950680286352" lon="6.130829337581183">
        <ele>804</ele>
      </trkpt>
      <trkpt lat="45.85953870870255" lon="6.130849998832717">
        <ele>804</ele>
      </trkpt>
      <trkpt lat="45.8595993923066" lon="6.130929948893004">
        <ele>802</ele>
      </trkpt>
      <trkpt lat="45.859660701447574" lon="6.1309847461253355">
        <ele>801</ele>
      </trkpt>
      <trkpt lat="45.85972138491847" lon="6.131017983790849">
        <ele>799</ele>
      </trkpt>
      <trkpt lat="45.85978144272138" lon="6.131037746727099">
        <ele>796</ele>
      </trkpt>
      <trkpt lat="45.859813974004204" lon="6.131074577653747">
        <ele>795</ele>
      </trkpt>
      <trkpt lat="45.85983399324572" lon="6.131104222058124">
        <ele>796</ele>
      </trkpt>
      <trkpt lat="45.85981084599707" lon="6.131126679940227">
        <ele>794</ele>
      </trkpt>
      <trkpt lat="45.85982961403723" lon="6.131137459723636">
        <ele>793</ele>
      </trkpt>
      <trkpt lat="45.85983399324572" lon="6.131174290650284">
        <ele>792</ele>
      </trkpt>
      <trkpt lat="45.85981772761253" lon="6.131189562010115">
        <ele>792</ele>
      </trkpt>
      <trkpt lat="45.85981084599707" lon="6.131162612551592">
        <ele>790</ele>
      </trkpt>
      <trkpt lat="45.85981772761253" lon="6.131136561408352">
        <ele>790</ele>
      </trkpt>
      <trkpt lat="45.85985839168655" lon="6.131189562010115">
        <ele>788</ele>
      </trkpt>
      <trkpt lat="45.85993846854538" lon="6.13125154576472">
        <ele>788</ele>
      </trkpt>
      <trkpt lat="45.859964743739546" lon="6.131257833971707">
        <ele>788</ele>
      </trkpt>
      <trkpt lat="45.86011738986006" lon="6.131255139025855">
        <ele>787</ele>
      </trkpt>
      <trkpt lat="45.86014992094633" lon="6.131264122178696">
        <ele>787</ele>
      </trkpt>
      <trkpt lat="45.86019183597171" lon="6.131296461528925">
        <ele>786</ele>
      </trkpt>
      <trkpt lat="45.860226869401544" lon="6.131312631204039">
        <ele>785</ele>
      </trkpt>
      <trkpt lat="45.86029380821498" lon="6.131286580060799">
        <ele>785</ele>
      </trkpt>
      <trkpt lat="45.86055968588389" lon="6.131241664296593">
        <ele>786</ele>
      </trkpt>
      <trkpt lat="45.86066541100362" lon="6.131244359242446">
        <ele>787</ele>
      </trkpt>
      <trkpt lat="45.86071670951" lon="6.131255139025855">
        <ele>787</ele>
      </trkpt>
      <trkpt lat="45.86078990363837" lon="6.131294664898357">
        <ele>786</ele>
      </trkpt>
      <trkpt lat="45.860825562281384" lon="6.131299156474777">
        <ele>786</ele>
      </trkpt>
      <trkpt lat="45.86086685120787" lon="6.131294664898357">
        <ele>786</ele>
      </trkpt>
      <trkpt lat="45.86104576953504" lon="6.131212918207502">
        <ele>786</ele>
      </trkpt>
      <trkpt lat="45.86119340800082" lon="6.1311715957044335">
        <ele>788</ele>
      </trkpt>
      <trkpt lat="45.86128286671095" lon="6.131165307497443">
        <ele>788</ele>
      </trkpt>
      <trkpt lat="45.86134354841143" lon="6.131134764777784">
        <ele>789</ele>
      </trkpt>
      <trkpt lat="45.8614498976236" lon="6.131114103526248">
        <ele>789</ele>
      </trkpt>
      <trkpt lat="45.86156187686835" lon="6.131124883309657">
        <ele>789</ele>
      </trkpt>
      <trkpt lat="45.86169262329887" lon="6.131123984994375">
        <ele>790</ele>
      </trkpt>
      <trkpt lat="45.86179146489392" lon="6.131089849013578">
        <ele>791</ele>
      </trkpt>
      <trkpt lat="45.86193847580207" lon="6.13106649281619">
        <ele>791</ele>
      </trkpt>
      <trkpt lat="45.86202543100733" lon="6.131043136618803">
        <ele>791</ele>
      </trkpt>
      <trkpt lat="45.86207672825887" lon="6.131016187160281">
        <ele>790</ele>
      </trkpt>
      <trkpt lat="45.86213365564115" lon="6.131006305692154">
        <ele>791</ele>
      </trkpt>
      <trkpt lat="45.86221372922307" lon="6.131007204007438">
        <ele>791</ele>
      </trkpt>
      <trkpt lat="45.86230068399783" lon="6.1310934422747145">
        <ele>790</ele>
      </trkpt>
      <trkpt lat="45.86238075733917" lon="6.13110332374284">
        <ele>790</ele>
      </trkpt>
      <trkpt lat="45.8624858534247" lon="6.131074577653747">
        <ele>789</ele>
      </trkpt>
      <trkpt lat="45.862597830582935" lon="6.131074577653747">
        <ele>789</ele>
      </trkpt>
      <trkpt lat="45.86263661591476" lon="6.131057509663349">
        <ele>790</ele>
      </trkpt>
      <trkpt lat="45.8626779034963" lon="6.131051221456361">
        <ele>791</ele>
      </trkpt>
      <trkpt lat="45.86280989843773" lon="6.130991932647609">
        <ele>791</ele>
      </trkpt>
      <trkpt lat="45.862844930217896" lon="6.130982949494768">
        <ele>791</ele>
      </trkpt>
      <trkpt lat="45.86286369723392" lon="6.130994627593461">
        <ele>791</ele>
      </trkpt>
      <trkpt lat="45.862889971045675" lon="6.130986542755904">
        <ele>791</ele>
      </trkpt>
      <trkpt lat="45.86291749597804" lon="6.130962288243232">
        <ele>792</ele>
      </trkpt>
      <trkpt lat="45.8629569066529" lon="6.130959593297381">
        <ele>791</ele>
      </trkpt>
      <trkpt lat="45.86301070530682" lon="6.130976661287779">
        <ele>791</ele>
      </trkpt>
      <trkpt lat="45.86310641673685" lon="6.131029661889542">
        <ele>790</ele>
      </trkpt>
      <trkpt lat="45.863151457352785" lon="6.1310368484118145">
        <ele>791</ele>
      </trkpt>
      <trkpt lat="45.86327656998339" lon="6.131033255150679">
        <ele>791</ele>
      </trkpt>
      <trkpt lat="45.863324738271096" lon="6.131059306293919">
        <ele>791</ele>
      </trkpt>
      <trkpt lat="45.86345297831415" lon="6.131081764176021">
        <ele>793</ele>
      </trkpt>
      <trkpt lat="45.86350990428722" lon="6.131116798472102">
        <ele>793</ele>
      </trkpt>
      <trkpt lat="45.86358997588699" lon="6.131136561408352">
        <ele>793</ele>
      </trkpt>
      <trkpt lat="45.863648152836326" lon="6.131131171516648">
        <ele>792</ele>
      </trkpt>
      <trkpt lat="45.863686937435425" lon="6.131140154669488">
        <ele>792</ele>
      </trkpt>
      <trkpt lat="45.8637376075967" lon="6.131147341191761">
        <ele>791</ele>
      </trkpt>
      <trkpt lat="45.86379140549512" lon="6.131145544561193">
        <ele>789</ele>
      </trkpt>
      <trkpt lat="45.863925900013484" lon="6.131107815319261">
        <ele>789</ele>
      </trkpt>
      <trkpt lat="45.863970939965526" lon="6.131106917003976">
        <ele>790</ele>
      </trkpt>
      <trkpt lat="45.86404162759442" lon="6.131133866462498">
        <ele>790</ele>
      </trkpt>
      <trkpt lat="45.864140465013364" lon="6.131157222659886">
        <ele>790</ele>
      </trkpt>
      <trkpt lat="45.86414672054029" lon="6.131185968748978">
        <ele>790</ele>
      </trkpt>
      <trkpt lat="45.864127953957386" lon="6.131175188965569">
        <ele>789</ele>
      </trkpt>
      <trkpt lat="45.86415985714455" lon="6.131204833369945">
        <ele>789</ele>
      </trkpt>
      <trkpt lat="45.86422366346397" lon="6.1312452575577305">
        <ele>788</ele>
      </trkpt>
      <trkpt lat="45.86424243001456" lon="6.13125154576472">
        <ele>786</ele>
      </trkpt>
      <trkpt lat="45.86426182211021" lon="6.131231782828469">
        <ele>785</ele>
      </trkpt>
      <trkpt lat="45.8642718309311" lon="6.131207528315798">
        <ele>785</ele>
      </trkpt>
      <trkpt lat="45.86430998954427" lon="6.131227291252048">
        <ele>785</ele>
      </trkpt>
      <trkpt lat="45.86434189262696" lon="6.131227291252048">
        <ele>782</ele>
      </trkpt>
      <trkpt lat="45.86442884407314" lon="6.13132161435688">
        <ele>779</ele>
      </trkpt>
      <trkpt lat="45.86448264130268" lon="6.131346767184836">
        <ele>778</ele>
      </trkpt>
      <trkpt lat="45.86460462320006" lon="6.131376411589211">
        <ele>778</ele>
      </trkpt>
      <trkpt lat="45.86472285155288" lon="6.131341377293131">
        <ele>779</ele>
      </trkpt>
      <trkpt lat="45.864748498940116" lon="6.131339580662563">
        <ele>780</ele>
      </trkpt>
      <trkpt lat="45.86488299114304" lon="6.131391682949042">
        <ele>779</ele>
      </trkpt>
      <trkpt lat="45.864988708041544" lon="6.131383598111485">
        <ele>779</ele>
      </trkpt>
      <trkpt lat="45.86516198323334" lon="6.1314231239839865">
        <ele>778</ele>
      </trkpt>
      <trkpt lat="45.8651863793361" lon="6.1314231239839865">
        <ele>777</ele>
      </trkpt>
      <trkpt lat="45.86521265205019" lon="6.131413242515862">
        <ele>777</ele>
      </trkpt>
      <trkpt lat="45.865234545969116" lon="6.131377309904496">
        <ele>777</ele>
      </trkpt>
      <trkpt lat="45.86525769095972" lon="6.131364733490518">
        <ele>777</ele>
      </trkpt>
      <trkpt lat="45.865282712560344" lon="6.131366530121087">
        <ele>775</ele>
      </trkpt>
      <trkpt lat="45.86533776004212" lon="6.131322512672164">
        <ele>775</ele>
      </trkpt>
      <trkpt lat="45.86533087910987" lon="6.1312973598442095">
        <ele>775</ele>
      </trkpt>
      <trkpt lat="45.86540469270218" lon="6.131265918809265">
        <ele>773</ele>
      </trkpt>
      <trkpt lat="45.86542971423667" lon="6.131272207016253">
        <ele>773</ele>
      </trkpt>
      <trkpt lat="45.86544285053774" lon="6.131306342997052">
        <ele>772</ele>
      </trkpt>
      <trkpt lat="45.865490391410994" lon="6.13137371664336">
        <ele>768</ele>
      </trkpt>
      <trkpt lat="45.86553292794733" lon="6.131397971156031">
        <ele>767</ele>
      </trkpt>
      <trkpt lat="45.865621754138814" lon="6.131512955512398">
        <ele>765</ele>
      </trkpt>
      <trkpt lat="45.865673673607546" lon="6.1315596679071716">
        <ele>762</ele>
      </trkpt>
      <trkpt lat="45.86571183125849" lon="6.131571346005867">
        <ele>763</ele>
      </trkpt>
      <trkpt lat="45.8658269295879" lon="6.131589312311548">
        <ele>761</ele>
      </trkpt>
      <trkpt lat="45.865913878711325" lon="6.131617160085357">
        <ele>762</ele>
      </trkpt>
      <trkpt lat="45.86609590845021" lon="6.131644109543879">
        <ele>762</ele>
      </trkpt>
      <trkpt lat="45.86631984799854" lon="6.131754602323826">
        <ele>763</ele>
      </trkpt>
      <trkpt lat="45.86637364339813" lon="6.1318013147186">
        <ele>763</ele>
      </trkpt>
      <trkpt lat="45.86640241766023" lon="6.131814789447862">
        <ele>763</ele>
      </trkpt>
      <trkpt lat="45.866428689799584" lon="6.131813891132579">
        <ele>763</ele>
      </trkpt>
      <trkpt lat="45.866489991409814" lon="6.131786941674055">
        <ele>763</ele>
      </trkpt>
      <trkpt lat="45.86662385387472" lon="6.131691720253938">
        <ele>764</ele>
      </trkpt>
      <trkpt lat="45.86669391260635" lon="6.13167465226354">
        <ele>765</ele>
      </trkpt>
      <trkpt lat="45.86677085200454" lon="6.131644109543879">
        <ele>766</ele>
      </trkpt>
      <trkpt lat="45.86692473048142" lon="6.131617160085357">
        <ele>766</ele>
      </trkpt>
      <trkpt lat="45.867087991326564" lon="6.131605481986661">
        <ele>767</ele>
      </trkpt>
      <trkpt lat="45.86722560545962" lon="6.131582125789276">
        <ele>766</ele>
      </trkpt>
      <trkpt lat="45.867381984742735" lon="6.131591108942117">
        <ele>766</ele>
      </trkpt>
      <trkpt lat="45.86742952395758" lon="6.131582125789276">
        <ele>766</ele>
      </trkpt>
      <trkpt lat="45.86744578736386" lon="6.131567752744729">
        <ele>766</ele>
      </trkpt>
      <trkpt lat="45.867500832703655" lon="6.131481514477454">
        <ele>767</ele>
      </trkpt>
      <trkpt lat="45.867535861527855" lon="6.131474327955181">
        <ele>767</ele>
      </trkpt>
      <trkpt lat="45.86756588621677" lon="6.131441988604952">
        <ele>768</ele>
      </trkpt>
      <trkpt lat="45.86759403434788" lon="6.131412344200577">
        <ele>768</ele>
      </trkpt>
      <trkpt lat="45.867635943761144" lon="6.131372818328076">
        <ele>767</ele>
      </trkpt>
      <trkpt lat="45.86764782851438" lon="6.131351258761256">
        <ele>767</ele>
      </trkpt>
      <trkpt lat="45.86767972968151" lon="6.131264122178696">
        <ele>766</ele>
      </trkpt>
      <trkpt lat="45.867733523765054" lon="6.131239867666026">
        <ele>766</ele>
      </trkpt>
      <trkpt lat="45.86776542488303" lon="6.131232681143752">
        <ele>767</ele>
      </trkpt>
      <trkpt lat="45.867833605642446" lon="6.1312344777743215">
        <ele>768</ele>
      </trkpt>
      <trkpt lat="45.86785549852909" lon="6.131252444080003">
        <ele>769</ele>
      </trkpt>
      <trkpt lat="45.86802563724006" lon="6.1312928682677885">
        <ele>771</ele>
      </trkpt>
      <trkpt lat="45.86813760324001" lon="6.131262325548129">
        <ele>770</ele>
      </trkpt>
      <trkpt lat="45.86817263166294" lon="6.131277596907958">
        <ele>770</ele>
      </trkpt>
      <trkpt lat="45.868233931349984" lon="6.131357546968245">
        <ele>769</ele>
      </trkpt>
      <trkpt lat="45.86827458926835" lon="6.131389886318472">
        <ele>767</ele>
      </trkpt>
      <trkpt lat="45.868377797696866" lon="6.131364733490518">
        <ele>767</ele>
      </trkpt>
      <trkpt lat="45.868431591104844" lon="6.131324309302733">
        <ele>767</ele>
      </trkpt>
      <trkpt lat="45.8684734998866" lon="6.1313449705542675">
        <ele>768</ele>
      </trkpt>
      <trkpt lat="45.86849289050629" lon="6.1313449705542675">
        <ele>768</ele>
      </trkpt>
      <trkpt lat="45.86851165561566" lon="6.131331495825006">
        <ele>768</ele>
      </trkpt>
      <trkpt lat="45.86853354823526" lon="6.1313494621306885">
        <ele>767</ele>
      </trkpt>
      <trkpt lat="45.8686079830774" lon="6.13136293685995">
        <ele>767</ele>
      </trkpt>
      <trkpt lat="45.86865552124375" lon="6.1313494621306885">
        <ele>765</ele>
      </trkpt>
      <trkpt lat="45.86868179231823" lon="6.131314427834608">
        <ele>765</ele>
      </trkpt>
      <trkpt lat="45.868713692892" lon="6.1313018514206306">
        <ele>766</ele>
      </trkpt>
      <trkpt lat="45.86880939450342" lon="6.131307241312334">
        <ele>766</ele>
      </trkpt>
      <trkpt lat="45.8689119764399" lon="6.131336885716711">
        <ele>766</ele>
      </trkpt>
      <trkpt lat="45.86901080519961" lon="6.131354852022394">
        <ele>766</ele>
      </trkpt>
      <trkpt lat="45.869068976476036" lon="6.131356648652961">
        <ele>765</ele>
      </trkpt>
      <trkpt lat="45.86917781289423" lon="6.131332394140291">
        <ele>764</ele>
      </trkpt>
      <trkpt lat="45.86920971318331" lon="6.131336885716711">
        <ele>764</ele>
      </trkpt>
      <trkpt lat="45.86922847805067" lon="6.1313449705542675">
        <ele>764</ele>
      </trkpt>
      <trkpt lat="45.869263505786165" lon="6.131384496426769">
        <ele>763</ele>
      </trkpt>
      <trkpt lat="45.869305413940694" lon="6.131416835776997">
        <ele>763</ele>
      </trkpt>
      <trkpt lat="45.86940174002685" lon="6.131477921216318">
        <ele>761</ele>
      </trkpt>
      <trkpt lat="45.86946554032967" lon="6.131535413394501">
        <ele>760</ele>
      </trkpt>
      <trkpt lat="45.86948493060328" lon="6.131571346005867">
        <ele>757</ele>
      </trkpt>
      <trkpt lat="45.86954185039962" lon="6.131636923021605">
        <ele>756</ele>
      </trkpt>
      <trkpt lat="45.86962566625737" lon="6.131691720253938">
        <ele>753</ele>
      </trkpt>
      <trkpt lat="45.869765776065655" lon="6.13176628042252">
        <ele>749</ele>
      </trkpt>
      <trkpt lat="45.869964681347646" lon="6.132107640230485">
        <ele>745</ele>
      </trkpt>
      <trkpt lat="45.870082898300616" lon="6.132269336981627">
        <ele>743</ele>
      </trkpt>
      <trkpt lat="45.870098535444875" lon="6.132311557799981">
        <ele>743</ele>
      </trkpt>
      <trkpt lat="45.87010541578697" lon="6.132361863455891">
        <ele>744</ele>
      </trkpt>
      <trkpt lat="45.87018860531019" lon="6.132483136019248">
        <ele>744</ele>
      </trkpt>
      <trkpt lat="45.87019173273345" lon="6.1325514079808405">
        <ele>744</ele>
      </trkpt>
      <trkpt lat="45.87020799533156" lon="6.132604408582603">
        <ele>742</ele>
      </trkpt>
      <trkpt lat="45.87025865954897" lon="6.132652917607945">
        <ele>742</ele>
      </trkpt>
      <trkpt lat="45.87030056695317" lon="6.13267986706647">
        <ele>741</ele>
      </trkpt>
      <trkpt lat="45.87034184884284" lon="6.132677172120617">
        <ele>740</ele>
      </trkpt>
      <trkpt lat="45.870389385526316" lon="6.13269963000272">
        <ele>740</ele>
      </trkpt>
      <trkpt lat="45.87042191060207" lon="6.132689748534595">
        <ele>739</ele>
      </trkpt>
      <trkpt lat="45.870460690475255" lon="6.13269963000272">
        <ele>740</ele>
      </trkpt>
      <trkpt lat="45.870479454920286" lon="6.132712206416698">
        <ele>739</ele>
      </trkpt>
      <trkpt lat="45.8704957174342" lon="6.1327445457669265">
        <ele>739</ele>
      </trkpt>
      <trkpt lat="45.870517609272326" lon="6.132766105333745">
        <ele>739</ele>
      </trkpt>
      <trkpt lat="45.87052761696691" lon="6.132794851422837">
        <ele>739</ele>
      </trkpt>
      <trkpt lat="45.87054638138933" lon="6.132797546368689">
        <ele>738</ele>
      </trkpt>
      <trkpt lat="45.8705857866559" lon="6.132777783432438">
        <ele>738</ele>
      </trkpt>
      <trkpt lat="45.87061393325772" lon="6.13278496995471">
        <ele>737</ele>
      </trkpt>
      <trkpt lat="45.870639577926994" lon="6.1328478520246">
        <ele>736</ele>
      </trkpt>
      <trkpt lat="45.87064583272258" lon="6.1329224121931825">
        <ele>734</ele>
      </trkpt>
      <trkpt lat="45.8706527129969" lon="6.132949361651705">
        <ele>732</ele>
      </trkpt>
      <trkpt lat="45.87070337680894" lon="6.133049972963526">
        <ele>729</ele>
      </trkpt>
      <trkpt lat="45.87073840361497" lon="6.133077820737334">
        <ele>728</ele>
      </trkpt>
      <trkpt lat="45.87075466605311" lon="6.133114651663983">
        <ele>726</ele>
      </trkpt>
      <trkpt lat="45.87079970047239" lon="6.133159567428188">
        <ele>724</ele>
      </trkpt>
      <trkpt lat="45.870821592190794" lon="6.133169448896315">
        <ele>724</ele>
      </trkpt>
      <trkpt lat="45.87091166088439" lon="6.133252992217738">
        <ele>722</ele>
      </trkpt>
      <trkpt lat="45.870933552558704" lon="6.133261975370579">
        <ele>722</ele>
      </trkpt>
      <trkpt lat="45.87102049369441" lon="6.133254788848306">
        <ele>719</ele>
      </trkpt>
      <trkpt lat="45.87106177504937" lon="6.13323412759677">
        <ele>720</ele>
      </trkpt>
      <trkpt lat="45.87118374250985" lon="6.133207178138248">
        <ele>723</ele>
      </trkpt>
      <trkpt lat="45.871228776581454" lon="6.133231432650918">
        <ele>723</ele>
      </trkpt>
      <trkpt lat="45.87136262763442" lon="6.1333473153225695">
        <ele>717</ele>
      </trkpt>
      <trkpt lat="45.871413916270235" lon="6.1333715698352425">
        <ele>716</ele>
      </trkpt>
      <trkpt lat="45.87148772178506" lon="6.133372468150526">
        <ele>715</ele>
      </trkpt>
      <trkpt lat="45.871561527201855" lon="6.133399417609049">
        <ele>712</ele>
      </trkpt>
      <trkpt lat="45.87161281565412" lon="6.133407502446606">
        <ele>712</ele>
      </trkpt>
      <trkpt lat="45.87166660593125" lon="6.133406604131321">
        <ele>712</ele>
      </trkpt>
      <trkpt lat="45.87183986030721" lon="6.133439841796835">
        <ele>711</ele>
      </trkpt>
      <trkpt lat="45.871945563975274" lon="6.133439841796835">
        <ele>710</ele>
      </trkpt>
      <trkpt lat="45.87205752207903" lon="6.133412892338311">
        <ele>711</ele>
      </trkpt>
      <trkpt lat="45.87213758136687" lon="6.133421875491152">
        <ele>711</ele>
      </trkpt>
      <trkpt lat="45.87217260726904" lon="6.133417383914732">
        <ele>710</ele>
      </trkpt>
      <trkpt lat="45.872335852700466" lon="6.133436248535698">
        <ele>710</ele>
      </trkpt>
      <trkpt lat="45.872463446496894" lon="6.133422773806436">
        <ele>710</ele>
      </trkpt>
      <trkpt lat="45.87261042918365" lon="6.133389536140924">
        <ele>709</ele>
      </trkpt>
      <trkpt lat="45.8726585893837" lon="6.1333473153225695">
        <ele>709</ele>
      </trkpt>
      <trkpt lat="45.87268173128317" lon="6.133312281026489">
        <ele>709</ele>
      </trkpt>
      <trkpt lat="45.87272551322876" lon="6.133297907981944">
        <ele>709</ele>
      </trkpt>
      <trkpt lat="45.8727999424571" lon="6.133282636622113">
        <ele>709</ele>
      </trkpt>
      <trkpt lat="45.872857484313236" lon="6.133279941676262">
        <ele>710</ele>
      </trkpt>
      <trkpt lat="45.872876873403484" lon="6.133264670316431">
        <ele>710</ele>
      </trkpt>
      <trkpt lat="45.8730019641459" lon="6.133261975370579">
        <ele>712</ele>
      </trkpt>
      <trkpt lat="45.87302072773297" lon="6.133244907380181">
        <ele>711</ele>
      </trkpt>
      <trkpt lat="45.87308452388166" lon="6.1332368225426235">
        <ele>712</ele>
      </trkpt>
      <trkpt lat="45.87313581092847" lon="6.133213466345236">
        <ele>712</ele>
      </trkpt>
      <trkpt lat="45.87319960694502" lon="6.133199991615974">
        <ele>713</ele>
      </trkpt>
      <trkpt lat="45.873234632177876" lon="6.133211669714668">
        <ele>713</ele>
      </trkpt>
      <trkpt lat="45.87325777383747" lon="6.133206279822963">
        <ele>712</ele>
      </trkpt>
      <trkpt lat="45.87330593347655" lon="6.133177533733871">
        <ele>713</ele>
      </trkpt>
      <trkpt lat="45.873388492760725" lon="6.133161364058758">
        <ele>714</ele>
      </trkpt>
      <trkpt lat="45.873433525045876" lon="6.133137109546086">
        <ele>714</ele>
      </trkpt>
      <trkpt lat="45.87356799623571" lon="6.133137109546086">
        <ele>716</ele>
      </trkpt>
      <trkpt lat="45.87361240292926" lon="6.133129923023814">
        <ele>715</ele>
      </trkpt>
      <trkpt lat="45.87363179175616" lon="6.133136211230801">
        <ele>716</ele>
      </trkpt>
      <trkpt lat="45.87367682384414" lon="6.133206279822963">
        <ele>716</ele>
      </trkpt>
      <trkpt lat="45.87369871442929" lon="6.133221551182793">
        <ele>717</ele>
      </trkpt>
      <trkpt lat="45.8737374920161" lon="6.133269161892851">
        <ele>718</ele>
      </trkpt>
      <trkpt lat="45.87375688079937" lon="6.133284433252682">
        <ele>718</ele>
      </trkpt>
      <trkpt lat="45.87376563702185" lon="6.133311382711205">
        <ele>719</ele>
      </trkpt>
      <trkpt lat="45.87378565123949" lon="6.1333455186920025">
        <ele>717</ele>
      </trkpt>
      <trkpt lat="45.87381754888395" lon="6.133361688367116">
        <ele>718</ele>
      </trkpt>
      <trkpt lat="45.87389072576378" lon="6.133431756959278">
        <ele>718</ele>
      </trkpt>
      <trkpt lat="45.87392950321664" lon="6.133484757561041">
        <ele>718</ele>
      </trkpt>
      <trkpt lat="45.87394138662419" lon="6.133526978379393">
        <ele>718</ele>
      </trkpt>
      <trkpt lat="45.87396452798948" lon="6.133557521099054">
        <ele>717</ele>
      </trkpt>
      <trkpt lat="45.874018941432084" lon="6.133599741917408">
        <ele>718</ele>
      </trkpt>
      <trkpt lat="45.874034577468954" lon="6.13362219979951">
        <ele>717</ele>
      </trkpt>
      <trkpt lat="45.874069602175595" lon="6.133652742519171">
        <ele>716</ele>
      </trkpt>
      <trkpt lat="45.87414965856501" lon="6.133739879101731">
        <ele>712</ele>
      </trkpt>
      <trkpt lat="45.87419469023336" lon="6.133809947693891">
        <ele>711</ele>
      </trkpt>
      <trkpt lat="45.87425598327889" lon="6.133851270196962">
        <ele>709</ele>
      </trkpt>
      <trkpt lat="45.874300389422686" lon="6.1338943893305995">
        <ele>708</ele>
      </trkpt>
      <trkpt lat="45.874389827041284" lon="6.133951881508783">
        <ele>706</ele>
      </trkpt>
      <trkpt lat="45.874434858515016" lon="6.134012966948101">
        <ele>703</ele>
      </trkpt>
      <trkpt lat="45.87445049443487" lon="6.134024645046796">
        <ele>702</ele>
      </trkpt>
      <trkpt lat="45.87449865304036" lon="6.134027339992648">
        <ele>701</ele>
      </trkpt>
      <trkpt lat="45.874521794173624" lon="6.134037221460774">
        <ele>701</ele>
      </trkpt>
      <trkpt lat="45.874578708811704" lon="6.134086628801401">
        <ele>699</ele>
      </trkpt>
      <trkpt lat="45.87470692289272" lon="6.134122561412765">
        <ele>697</ele>
      </trkpt>
      <trkpt lat="45.87481574827089" lon="6.1341719687533915">
        <ele>696</ele>
      </trkpt>
      <trkpt lat="45.87496272473643" lon="6.134183646852085">
        <ele>694</ele>
      </trkpt>
      <trkpt lat="45.875106573666756" lon="6.134352530125501">
        <ele>693</ele>
      </trkpt>
      <trkpt lat="45.87512596197236" lon="6.134384869475728">
        <ele>692</ele>
      </trkpt>
      <trkpt lat="45.875186628562325" lon="6.1344279886093664">
        <ele>691</ele>
      </trkpt>
      <trkpt lat="45.87532484807156" lon="6.134484582472265">
        <ele>690</ele>
      </trkpt>
      <trkpt lat="45.87539489583636" lon="6.134494463940391">
        <ele>690</ele>
      </trkpt>
      <trkpt lat="45.87546181638637" lon="6.134517820137778">
        <ele>690</ele>
      </trkpt>
      <trkpt lat="45.87556438604487" lon="6.134537583074028">
        <ele>689</ele>
      </trkpt>
      <trkpt lat="45.875631931814176" lon="6.1345618375867">
        <ele>689</ele>
      </trkpt>
      <trkpt lat="45.875660701283564" lon="6.134594176936927">
        <ele>688</ele>
      </trkpt>
      <trkpt lat="45.8756638283989" lon="6.13462741460244">
        <ele>687</ele>
      </trkpt>
      <trkpt lat="45.875676962281396" lon="6.134649872484543">
        <ele>686</ele>
      </trkpt>
      <trkpt lat="45.87567946397297" lon="6.134684906780624">
        <ele>685</ele>
      </trkpt>
      <trkpt lat="45.875666955514056" lon="6.134717246130853">
        <ele>685</ele>
      </trkpt>
      <trkpt lat="45.875682591087255" lon="6.134732517490682">
        <ele>685</ele>
      </trkpt>
      <trkpt lat="45.87570885884032" lon="6.134742398958808">
        <ele>683</ele>
      </trkpt>
      <trkpt lat="45.87573762826989" lon="6.134724432653125">
        <ele>681</ele>
      </trkpt>
      <trkpt lat="45.87574638418027" lon="6.134695686564033">
        <ele>681</ele>
      </trkpt>
      <trkpt lat="45.87576577226267" lon="6.134661550583237">
        <ele>680</ele>
      </trkpt>
      <trkpt lat="45.875785785759945" lon="6.134654364060963">
        <ele>680</ele>
      </trkpt>
      <trkpt lat="45.87585896004812" lon="6.134644482592839">
        <ele>680</ele>
      </trkpt>
      <trkpt lat="45.87590086322958" lon="6.134631906178861">
        <ele>679</ele>
      </trkpt>
      <trkpt lat="45.875957776455266" lon="6.134654364060963">
        <ele>679</ele>
      </trkpt>
      <trkpt lat="45.875989672852974" lon="6.1346579573221005">
        <ele>679</ele>
      </trkpt>
      <trkpt lat="45.876124763275605" lon="6.13462741460244">
        <ele>682</ele>
      </trkpt>
      <trkpt lat="45.87622045212627" lon="6.134629211233008">
        <ele>682</ele>
      </trkpt>
      <trkpt lat="45.87627799044079" lon="6.134617533134315">
        <ele>681</ele>
      </trkpt>
      <trkpt lat="45.876303632496565" lon="6.134623821341304">
        <ele>682</ele>
      </trkpt>
      <trkpt lat="45.87636742487662" lon="6.134586990414655">
        <ele>683</ele>
      </trkpt>
      <trkpt lat="45.876447477955864" lon="6.1345735156853936">
        <ele>682</ele>
      </trkpt>
      <trkpt lat="45.876553798273434" lon="6.134537583074028">
        <ele>683</ele>
      </trkpt>
      <trkpt lat="45.876597577168596" lon="6.134544769596302">
        <ele>683</ele>
      </trkpt>
      <trkpt lat="45.876642606853345" lon="6.134533989812891">
        <ele>684</ele>
      </trkpt>
      <trkpt lat="45.876722659536135" lon="6.134492667309822">
        <ele>683</ele>
      </trkpt>
      <trkpt lat="45.87691466042254" lon="6.134477395949992">
        <ele>683</ele>
      </trkpt>
      <trkpt lat="45.87699471271342" lon="6.134446853230332">
        <ele>682</ele>
      </trkpt>
      <trkpt lat="45.877052875633666" lon="6.1344342768163544">
        <ele>683</ele>
      </trkpt>
      <trkpt lat="45.87707789192475" lon="6.1344324801857875">
        <ele>683</ele>
      </trkpt>
      <trkpt lat="45.877193592124414" lon="6.134457633013741">
        <ele>682</ele>
      </trkpt>
      <trkpt lat="45.87742686801072" lon="6.1344675144818686">
        <ele>681</ele>
      </trkpt>
      <trkpt lat="45.87750942117287" lon="6.13445942964431">
        <ele>681</ele>
      </trkpt>
      <trkpt lat="45.87757383757027" lon="6.134487277418118">
        <ele>679</ele>
      </trkpt>
      <trkpt lat="45.87763450148788" lon="6.13449626057096">
        <ele>678</ele>
      </trkpt>
      <trkpt lat="45.87765764131531" lon="6.1344971588862425">
        <ele>678</ele>
      </trkpt>
      <trkpt lat="45.87771142574183" lon="6.134484582472265">
        <ele>676</ele>
      </trkpt>
      <trkpt lat="45.8777889752884" lon="6.134494463940391">
        <ele>674</ele>
      </trkpt>
      <trkpt lat="45.877829626217135" lon="6.134482785841697">
        <ele>674</ele>
      </trkpt>
      <trkpt lat="45.877890915253516" lon="6.13448098921113">
        <ele>673</ele>
      </trkpt>
      <trkpt lat="45.87793594389021" lon="6.134512430246073">
        <ele>671</ele>
      </trkpt>
      <trkpt lat="45.87798347407825" lon="6.134527701605903">
        <ele>669</ele>
      </trkpt>
      <trkpt lat="45.878015994709784" lon="6.134529498236471">
        <ele>669</ele>
      </trkpt>
      <trkpt lat="45.878085413686534" lon="6.134527701605903">
        <ele>667</ele>
      </trkpt>
      <trkpt lat="45.878159835736454" lon="6.134484582472265">
        <ele>666</ele>
      </trkpt>
      <trkpt lat="45.87819485784311" lon="6.13447470100414">
        <ele>665</ele>
      </trkpt>
      <trkpt lat="45.87822049901433" lon="6.13447649763471">
        <ele>666</ele>
      </trkpt>
      <trkpt lat="45.878277409864296" lon="6.13445493806789">
        <ele>666</ele>
      </trkpt>
      <trkpt lat="45.878322438187794" lon="6.134449548176185">
        <ele>666</ele>
      </trkpt>
      <trkpt lat="45.87837747275583" lon="6.134461226274879">
        <ele>666</ele>
      </trkpt>
      <trkpt lat="45.87850567807231" lon="6.134541176335165">
        <ele>665</ele>
      </trkpt>
      <trkpt lat="45.87854945542971" lon="6.134559142640846">
        <ele>665</ele>
      </trkpt>
      <trkpt lat="45.878639511599296" lon="6.134536684758744">
        <ele>664</ele>
      </trkpt>
      <trkpt lat="45.878700799742354" lon="6.134507938669652">
        <ele>664</ele>
      </trkpt>
      <trkpt lat="45.87875458315916" lon="6.134491768994539">
        <ele>663</ele>
      </trkpt>
      <trkpt lat="45.8788096172992" lon="6.134444158284479">
        <ele>664</ele>
      </trkpt>
      <trkpt lat="45.87887653373695" lon="6.134425293663513">
        <ele>663</ele>
      </trkpt>
      <trkpt lat="45.87896283706104" lon="6.134412717249536">
        <ele>663</ele>
      </trkpt>
      <trkpt lat="45.87901349329753" lon="6.134425293663513">
        <ele>663</ele>
      </trkpt>
      <trkpt lat="45.879167963264436" lon="6.1344172088259565">
        <ele>662</ele>
      </trkpt>
      <trkpt lat="45.87933368967446" lon="6.134424395348229">
        <ele>662</ele>
      </trkpt>
      <trkpt lat="45.87942061766926" lon="6.134412717249536">
        <ele>661</ele>
      </trkpt>
      <trkpt lat="45.87950379324921" lon="6.134389361052149">
        <ele>660</ele>
      </trkpt>
      <trkpt lat="45.8795544489925" lon="6.134347140233794">
        <ele>660</ele>
      </trkpt>
      <trkpt lat="45.879644503533264" lon="6.134297732893169">
        <ele>659</ele>
      </trkpt>
      <trkpt lat="45.8798014732519" lon="6.1342546137595315">
        <ele>659</ele>
      </trkpt>
      <trkpt lat="45.87990090802354" lon="6.134233952507997">
        <ele>658</ele>
      </trkpt>
      <trkpt lat="45.87993280215786" lon="6.134251918813679">
        <ele>657</ele>
      </trkpt>
      <trkpt lat="45.87995156340481" lon="6.134273478380497">
        <ele>656</ele>
      </trkpt>
      <trkpt lat="45.87996782314701" lon="6.134257308705384">
        <ele>655</ele>
      </trkpt>
      <trkpt lat="45.87998658438213" lon="6.134251918813679">
        <ele>654</ele>
      </trkpt>
      <trkpt lat="45.88003473818993" lon="6.134277969956917">
        <ele>653</ele>
      </trkpt>
      <trkpt lat="45.88006037851212" lon="6.1342761733263504">
        <ele>651</ele>
      </trkpt>
      <trkpt lat="45.880226727632085" lon="6.134244732291406">
        <ele>647</ele>
      </trkpt>
      <trkpt lat="45.88031365422973" lon="6.134209697995325">
        <ele>645</ele>
      </trkpt>
      <trkpt lat="45.880335542200534" lon="6.1342132912564615">
        <ele>644</ele>
      </trkpt>
      <trkpt lat="45.88036493460486" lon="6.134201613157768">
        <ele>642</ele>
      </trkpt>
      <trkpt lat="45.88040245680058" lon="6.134196223266063">
        <ele>642</ele>
      </trkpt>
      <trkpt lat="45.88043747749372" lon="6.1341998165271985">
        <ele>642</ele>
      </trkpt>
      <trkpt lat="45.880572557103335" lon="6.134236647453849">
        <ele>641</ele>
      </trkpt>
      <trkpt lat="45.88068762465991" lon="6.134279766587486">
        <ele>640</ele>
      </trkpt>
      <trkpt lat="45.88073577786012" lon="6.134271681749929">
        <ele>640</ele>
      </trkpt>
      <trkpt lat="45.8808289573109" lon="6.134271681749929">
        <ele>639</ele>
      </trkpt>
      <trkpt lat="45.880962785241934" lon="6.134307614361293">
        <ele>639</ele>
      </trkpt>
      <trkpt lat="45.88118979169623" lon="6.134344445287943">
        <ele>636</ele>
      </trkpt>
      <trkpt lat="45.88131173692925" lon="6.134415412195389">
        <ele>635</ele>
      </trkpt>
      <trkpt lat="45.88139741111234" lon="6.134442361653911">
        <ele>632</ele>
      </trkpt>
      <trkpt lat="45.88144994120307" lon="6.1344693111124355">
        <ele>631</ele>
      </trkpt>
      <trkpt lat="45.88150997553167" lon="6.134484582472265">
        <ele>630</ele>
      </trkpt>
      <trkpt lat="45.88158376763837" lon="6.134487277418118">
        <ele>629</ele>
      </trkpt>
      <trkpt lat="45.881621914366946" lon="6.13447470100414">
        <ele>628</ele>
      </trkpt>
      <trkpt lat="45.88165755964705" lon="6.134447751545616">
        <ele>627</ele>
      </trkpt>
      <trkpt lat="45.88166944140201" lon="6.1344279886093664">
        <ele>627</ele>
      </trkpt>
      <trkpt lat="45.88176261928692" lon="6.134364208224193">
        <ele>624</ele>
      </trkpt>
      <trkpt lat="45.88178888416584" lon="6.134352530125501">
        <ele>623</ele>
      </trkpt>
      <trkpt lat="45.88187768437885" lon="6.134339953711522">
        <ele>623</ele>
      </trkpt>
      <trkpt lat="45.88196773515411" lon="6.134297732893169">
        <ele>622</ele>
      </trkpt>
      <trkpt lat="45.882063413942916" lon="6.134277969956917">
        <ele>622</ele>
      </trkpt>
      <trkpt lat="45.88204778016515" lon="6.134249223867826">
        <ele>621</ele>
      </trkpt>
      <trkpt lat="45.88218223051009" lon="6.134376784638171">
        <ele>626</ele>
      </trkpt>
      <trkpt lat="45.882299170778104" lon="6.134435175131639">
        <ele>624</ele>
      </trkpt>
      <trkpt lat="45.882375463226715" lon="6.134507938669652">
        <ele>622</ele>
      </trkpt>
      <trkpt lat="45.88245175557052" lon="6.134551057803289">
        <ele>620</ele>
      </trkpt>
      <trkpt lat="45.8825274224638" lon="6.134419903771809">
        <ele>623</ele>
      </trkpt>
      <trkpt lat="45.882588706318344" lon="6.1343327671892505">
        <ele>624</ele>
      </trkpt>
      <trkpt lat="45.88267000112314" lon="6.134187240113222">
        <ele>624</ele>
      </trkpt>
      <trkpt lat="45.882725656728596" lon="6.134106391737651">
        <ele>626</ele>
      </trkpt>
      <trkpt lat="45.88278131227829" lon="6.134012068632819">
        <ele>628</ele>
      </trkpt>
      <trkpt lat="45.882860730775135" lon="6.133910559005713">
        <ele>630</ele>
      </trkpt>
      <trkpt lat="45.8829695401849" lon="6.1337488622545715">
        <ele>635</ele>
      </trkpt>
      <trkpt lat="45.88310899101344" lon="6.13369855659866">
        <ele>635</ele>
      </trkpt>
      <trkpt lat="45.883289088426515" lon="6.13355213120735">
        <ele>636</ele>
      </trkpt>
      <trkpt lat="45.88341540640261" lon="6.133587165503431">
        <ele>640</ele>
      </trkpt>
      <trkpt lat="45.88342978912426" lon="6.133609623385533">
        <ele>633</ele>
      </trkpt>
      <trkpt lat="45.88346543324443" lon="6.13364196273576">
        <ele>633</ele>
      </trkpt>
      <trkpt lat="45.88356486145882" lon="6.133695861652809">
        <ele>633</ele>
      </trkpt>
      <trkpt lat="45.88363489883637" lon="6.133769523506106">
        <ele>632</ele>
      </trkpt>
      <trkpt lat="45.88377497332656" lon="6.133873728079063">
        <ele>632</ele>
      </trkpt>
      <trkpt lat="45.8838237491822" lon="6.133926728680827">
        <ele>631</ele>
      </trkpt>
      <trkpt lat="45.883849387755795" lon="6.1339851191742945">
        <ele>630</ele>
      </trkpt>
      <trkpt lat="45.883881904954116" lon="6.1340048821105455">
        <ele>629</ele>
      </trkpt>
      <trkpt lat="45.883932556705844" lon="6.134011170317534">
        <ele>629</ele>
      </trkpt>
      <trkpt lat="45.88401259888606" lon="6.1339851191742945">
        <ele>628</ele>
      </trkpt>
      <trkpt lat="45.884146419148514" lon="6.133967152868612">
        <ele>625</ele>
      </trkpt>
      <trkpt lat="45.884322761245095" lon="6.133992305696568">
        <ele>624</ele>
      </trkpt>
      <trkpt lat="45.88440968143424" lon="6.134027339992648">
        <ele>624</ele>
      </trkpt>
      <trkpt lat="45.884485970984606" lon="6.134037221460774">
        <ele>622</ele>
      </trkpt>
      <trkpt lat="45.8845816454366" lon="6.134064170919298">
        <ele>621</ele>
      </trkpt>
      <trkpt lat="45.88471671497065" lon="6.134055187766457">
        <ele>620</ele>
      </trkpt>
      <trkpt lat="45.884841779061226" lon="6.134064170919298">
        <ele>617</ele>
      </trkpt>
      <trkpt lat="45.885058764590326" lon="6.134062374288729">
        <ele>614</ele>
      </trkpt>
      <trkpt lat="45.885145683627925" lon="6.13407135744157">
        <ele>613</ele>
      </trkpt>
      <trkpt lat="45.8852769999016" lon="6.134062374288729">
        <ele>611</ele>
      </trkpt>
      <trkpt lat="45.885394558969026" lon="6.134041713037195">
        <ele>609</ele>
      </trkpt>
      <trkpt lat="45.885468971228875" lon="6.1340614759734455">
        <ele>606</ele>
      </trkpt>
      <trkpt lat="45.885561517429764" lon="6.134064170919298">
        <ele>604</ele>
      </trkpt>
      <trkpt lat="45.88564343319515" lon="6.1341198664669125">
        <ele>603</ele>
      </trkpt>
      <trkpt lat="45.88568595430819" lon="6.134156697393561">
        <ele>602</ele>
      </trkpt>
      <trkpt lat="45.88577599891071" lon="6.1342546137595315">
        <ele>599</ele>
      </trkpt>
      <trkpt lat="45.88581789461352" lon="6.134314800883567">
        <ele>598</ele>
      </trkpt>
      <trkpt lat="45.88587479768168" lon="6.1343651065394775">
        <ele>595</ele>
      </trkpt>
      <trkpt lat="45.885906688386676" lon="6.1344279886093664">
        <ele>595</ele>
      </trkpt>
      <trkpt lat="45.88594858399094" lon="6.134482785841697">
        <ele>594</ele>
      </trkpt>
      <trkpt lat="45.88598985425677" lon="6.134549261172722">
        <ele>593</ele>
      </trkpt>
      <trkpt lat="45.88601549183071" lon="6.134659753952669">
        <ele>591</ele>
      </trkpt>
      <trkpt lat="45.88605363551636" lon="6.134707364662727">
        <ele>590</ele>
      </trkpt>
      <trkpt lat="45.88616243867257" lon="6.134762161895058">
        <ele>587</ele>
      </trkpt>
      <trkpt lat="45.88621058712769" lon="6.134812467550968">
        <ele>586</ele>
      </trkpt>
      <trkpt lat="45.886313762248164" lon="6.134886129404268">
        <ele>584</ele>
      </trkpt>
      <trkpt lat="45.886351905729015" lon="6.1349247569614835">
        <ele>583</ele>
      </trkpt>
      <trkpt lat="45.886421939592914" lon="6.134959791257565">
        <ele>583</ele>
      </trkpt>
      <trkpt lat="45.88649259866967" lon="6.1349768592479625">
        <ele>582</ele>
      </trkpt>
      <trkpt lat="45.8865595058542" lon="6.134983147454951">
        <ele>581</ele>
      </trkpt>
      <trkpt lat="45.88660765396516" lon="6.1350074019676235">
        <ele>581</ele>
      </trkpt>
      <trkpt lat="45.8867039500619" lon="6.13508735202791">
        <ele>577</ele>
      </trkpt>
      <trkpt lat="45.886828384381225" lon="6.1351223863239905">
        <ele>575</ele>
      </trkpt>
      <trkpt lat="45.88689841764438" lon="6.1351223863239905">
        <ele>573</ele>
      </trkpt>
      <trkpt lat="45.88696970141087" lon="6.135134962737967">
        <ele>572</ele>
      </trkpt>
      <trkpt lat="45.88700159148732" lon="6.135129572846263">
        <ele>571</ele>
      </trkpt>
      <trkpt lat="45.88705599216368" lon="6.1351071149641605">
        <ele>570</ele>
      </trkpt>
      <trkpt lat="45.88710351455005" lon="6.135064894145807">
        <ele>569</ele>
      </trkpt>
      <trkpt lat="45.887148535720634" lon="6.135057707623534">
        <ele>568</ele>
      </trkpt>
      <trkpt lat="45.88718355216147" lon="6.13506130088467">
        <ele>567</ele>
      </trkpt>
      <trkpt lat="45.88726046319502" lon="6.135092741919614">
        <ele>566</ele>
      </trkpt>
      <trkpt lat="45.8873755169001" lon="6.135049622785976">
        <ele>565</ele>
      </trkpt>
      <trkpt lat="45.88743992185921" lon="6.135051419416546">
        <ele>563</ele>
      </trkpt>
      <trkpt lat="45.88760562359531" lon="6.1350074019676235">
        <ele>559</ele>
      </trkpt>
      <trkpt lat="45.88764189032446" lon="6.1350091985981905">
        <ele>557</ele>
      </trkpt>
      <trkpt lat="45.88791639117886" lon="6.13510262338774">
        <ele>552</ele>
      </trkpt>
      <trkpt lat="45.88793577501482" lon="6.135101725072456">
        <ele>551</ele>
      </trkpt>
      <trkpt lat="45.88804144806598" lon="6.135049622785976">
        <ele>549</ele>
      </trkpt>
      <trkpt lat="45.888117732628814" lon="6.135001113760634">
        <ele>548</ele>
      </trkpt>
      <trkpt lat="45.8882365362476" lon="6.134964282833986">
        <ele>546</ele>
      </trkpt>
      <trkpt lat="45.888415991758386" lon="6.134864569837448">
        <ele>546</ele>
      </trkpt>
      <trkpt lat="45.888469765770665" lon="6.134822349019095">
        <ele>546</ele>
      </trkpt>
      <trkpt lat="45.888495402200036" lon="6.134784619777161">
        <ele>545</ele>
      </trkpt>
      <trkpt lat="45.888540422242556" lon="6.134752280426934">
        <ele>543</ele>
      </trkpt>
      <trkpt lat="45.888604825851026" lon="6.134721737707273">
        <ele>543</ele>
      </trkpt>
      <trkpt lat="45.88866860410816" lon="6.134671432051363">
        <ele>541</ele>
      </trkpt>
      <trkpt lat="45.88877365048967" lon="6.134619329764882">
        <ele>541</ele>
      </trkpt>
      <trkpt lat="45.888959982272894" lon="6.134739704012955">
        <ele>540</ele>
      </trkpt>
      <trkpt lat="45.88914193653182" lon="6.134820552388526">
        <ele>540</ele>
      </trkpt>
      <trkpt lat="45.889305757382175" lon="6.134748687165796">
        <ele>537</ele>
      </trkpt>
      <trkpt lat="45.88944394176962" lon="6.134631007863578">
        <ele>537</ele>
      </trkpt>
      <trkpt lat="45.889538357148865" lon="6.1344863791028335">
        <ele>536</ele>
      </trkpt>
      <trkpt lat="45.88964465241686" lon="6.1343327671892505">
        <ele>533</ele>
      </trkpt>
      <trkpt lat="45.88975094748147" lon="6.134118968151629">
        <ele>534</ele>
      </trkpt>
      <trkpt lat="45.88985474128944" lon="6.133905169114008">
        <ele>533</ele>
      </trkpt>
      <trkpt lat="45.88998729695492" lon="6.133634776213489">
        <ele>532</ele>
      </trkpt>
      <trkpt lat="45.89000292849839" lon="6.133736285840595">
        <ele>519</ele>
      </trkpt>
      <trkpt lat="45.890021686344745" lon="6.133797371279913">
        <ele>519</ele>
      </trkpt>
      <trkpt lat="45.890025437913266" lon="6.133824320738437">
        <ele>519</ele>
      </trkpt>
      <trkpt lat="45.890021686344745" lon="6.133869236502643">
        <ele>518</ele>
      </trkpt>
      <trkpt lat="45.89006045254049" lon="6.13400578042583">
        <ele>516</ele>
      </trkpt>
      <trkpt lat="45.890095467145635" lon="6.134065967549866">
        <ele>515</ele>
      </trkpt>
      <trkpt lat="45.89010171975139" lon="6.134099205215379">
        <ele>514</ele>
      </trkpt>
      <trkpt lat="45.890098593448606" lon="6.1341611889699825">
        <ele>514</ele>
      </trkpt>
      <trkpt lat="45.890121728085006" lon="6.134314800883567">
        <ele>511</ele>
      </trkpt>
      <trkpt lat="45.890121728085006" lon="6.134364208224193">
        <ele>510</ele>
      </trkpt>
      <trkpt lat="45.89016299525039" lon="6.134492667309822">
        <ele>509</ele>
      </trkpt>
      <trkpt lat="45.890181753042704" lon="6.134526803290619">
        <ele>508</ele>
      </trkpt>
      <trkpt lat="45.89022677171836" lon="6.134546566226869">
        <ele>507</ele>
      </trkpt>
      <trkpt lat="45.89024990630141" lon="6.134527701605903">
        <ele>505</ele>
      </trkpt>
      <trkpt lat="45.890268664064365" lon="6.134501650462663">
        <ele>504</ele>
      </trkpt>
      <trkpt lat="45.89032243628304" lon="6.13447919258056">
        <ele>502</ele>
      </trkpt>
      <trkpt lat="45.89052189324418" lon="6.134482785841697">
        <ele>500</ele>
      </trkpt>
      <trkpt lat="45.890559408580046" lon="6.1344675144818686">
        <ele>499</ele>
      </trkpt>
      <trkpt lat="45.89069758984855" lon="6.1343695981158985">
        <ele>498</ele>
      </trkpt>
      <trkpt lat="45.890796379865996" lon="6.13432198740584">
        <ele>495</ele>
      </trkpt>
      <trkpt lat="45.890812636434305" lon="6.134299529523736">
        <ele>495</ele>
      </trkpt>
      <trkpt lat="45.89084139804351" lon="6.134314800883567">
        <ele>495</ele>
      </trkpt>
      <trkpt lat="45.89091142624711" lon="6.134397445889706">
        <ele>494</ele>
      </trkpt>
      <trkpt lat="45.89097270085283" lon="6.1344324801857875">
        <ele>492</ele>
      </trkpt>
      <trkpt lat="45.89103647639106" lon="6.134437870077491">
        <ele>490</ele>
      </trkpt>
      <trkpt lat="45.891061486386086" lon="6.134424395348229">
        <ele>490</ele>
      </trkpt>
      <trkpt lat="45.891093999362745" lon="6.134425293663513">
        <ele>490</ele>
      </trkpt>
      <trkpt lat="45.891093999362745" lon="6.134477395949992">
        <ele>490</ele>
      </trkpt>
      <trkpt lat="45.89110087710537" lon="6.134491768994539">
        <ele>486</ele>
      </trkpt>
      <trkpt lat="45.89111338208977" lon="6.134517820137778">
        <ele>484</ele>
      </trkpt>
      <trkpt lat="45.891122760826235" lon="6.1345995668286335">
        <ele>483</ele>
      </trkpt>
      <trkpt lat="45.891122760826235" lon="6.134672330366646">
        <ele>481</ele>
      </trkpt>
      <trkpt lat="45.8911415182944" lon="6.13483223048722">
        <ele>476</ele>
      </trkpt>
      <trkpt lat="45.89112963856528" lon="6.1349238586462">
        <ele>474</ele>
      </trkpt>
      <trkpt lat="45.89112963856528" lon="6.134979554193815">
        <ele>472</ele>
      </trkpt>
      <trkpt lat="45.89115464851836" lon="6.135071182352796">
        <ele>471</ele>
      </trkpt>
      <trkpt lat="45.89118090895696" lon="6.1351376576838215">
        <ele>470</ele>
      </trkpt>
      <trkpt lat="45.8911677787392" lon="6.1353218123170645">
        <ele>467</ele>
      </trkpt>
      <trkpt lat="45.89115464851836" lon="6.1353891859633745">
        <ele>465</ele>
      </trkpt>
      <trkpt lat="45.89115464851836" lon="6.135542797876958">
        <ele>462</ele>
      </trkpt>
      <trkpt lat="45.8911677787392" lon="6.135613764784404">
        <ele>460</ele>
      </trkpt>
      <trkpt lat="45.891196540164486" lon="6.1356838333765635">
        <ele>459</ele>
      </trkpt>
      <trkpt lat="45.891228427814234" lon="6.135696409790542">
        <ele>458</ele>
      </trkpt>
      <trkpt lat="45.891257814455685" lon="6.135681138430713">
        <ele>458</ele>
      </trkpt>
      <trkpt lat="45.891285950587125" lon="6.135686528322418">
        <ele>457</ele>
      </trkpt>
      <trkpt lat="45.89143350873208" lon="6.1357341390324756">
        <ele>455</ele>
      </trkpt>
      <trkpt lat="45.89149040604764" lon="6.135737732293612">
        <ele>455</ele>
      </trkpt>
      <trkpt lat="45.8915898198987" lon="6.135755698599294">
        <ele>455</ele>
      </trkpt>
      <trkpt lat="45.89162858499993" lon="6.135779953111966">
        <ele>455</ele>
      </trkpt>
      <trkpt lat="45.891663598616496" lon="6.135821275615036">
        <ele>454</ele>
      </trkpt>
      <trkpt lat="45.89167672871704" lon="6.1358599031722525">
        <ele>454</ele>
      </trkpt>
      <trkpt lat="45.891733625783445" lon="6.136121312919932">
        <ele>452</ele>
      </trkpt>
      <trkpt lat="45.891788647066946" lon="6.13623450064573">
        <ele>450</ele>
      </trkpt>
      <trkpt lat="45.891836790645314" lon="6.136296484400335">
        <ele>449</ele>
      </trkpt>
      <trkpt lat="45.89186867792747" lon="6.1363243321741425">
        <ele>448</ele>
      </trkpt>
      <trkpt lat="45.891970592059494" lon="6.136384519298177">
        <ele>448</ele>
      </trkpt>
      <trkpt lat="45.892105643627296" lon="6.136495910393409">
        <ele>446</ele>
      </trkpt>
      <trkpt lat="45.892127526952294" lon="6.136524656482501">
        <ele>446</ele>
      </trkpt>
      <trkpt lat="45.892127526952294" lon="6.136554300886877">
        <ele>445</ele>
      </trkpt>
      <trkpt lat="45.89214065694313" lon="6.136574962138412">
        <ele>444</ele>
      </trkpt>
      <trkpt lat="45.89216941786461" lon="6.136599216651082">
        <ele>443</ele>
      </trkpt>
      <trkpt lat="45.89226570431945" lon="6.136727675736712">
        <ele>443</ele>
      </trkpt>
      <trkpt lat="45.8923257269601" lon="6.1368318803096695">
        <ele>442</ele>
      </trkpt>
      <trkpt lat="45.8923326045502" lon="6.136869609551602">
        <ele>442</ele>
      </trkpt>
      <trkpt lat="45.89235761396153" lon="6.136896559010126">
        <ele>442</ele>
      </trkpt>
      <trkpt lat="45.89240575704668" lon="6.1369271017297855">
        <ele>442</ele>
      </trkpt>
      <trkpt lat="45.89243139165942" lon="6.136931593306207">
        <ele>442</ele>
      </trkpt>
      <trkpt lat="45.892457651494354" lon="6.136907338793536">
        <ele>442</ele>
      </trkpt>
      <trkpt lat="45.892492664588225" lon="6.136844456723647">
        <ele>442</ele>
      </trkpt>
      <trkpt lat="45.89248953842004" lon="6.136807625796999">
        <ele>443</ele>
      </trkpt>
      <trkpt lat="45.892457651494354" lon="6.136751930249383">
        <ele>443</ele>
      </trkpt>
    </trkseg>
  </trk>
</gpx>
