<?xml version="1.0" encoding="UTF-8"?>
<gpx version="1.1" creator="TrailCompareMVP" xmlns="http://www.topografix.com/GPX/1/1">
  <trk>
    <trkseg>
      <trkpt lat="48.89959" lon="2.10075">
        <ele>86.86</ele>
      </trkpt>
      <trkpt lat="48.899813904486216" lon="2.100744731659148">
        <ele>86.71000000000001</ele>
      </trkpt>
      <trkpt lat="48.900352534153846" lon="2.1007320580199096">
        <ele>86.29</ele>
      </trkpt>
      <trkpt lat="48.90044" lon="2.10073">
        <ele>86.19174834850402</ele>
      </trkpt>
      <trkpt lat="48.90044155550857" lon="2.1007300888862037">
        <ele>86.19</ele>
      </trkpt>
      <trkpt lat="48.90057006797042" lon="2.1007374324554524">
        <ele>85.96000000000001</ele>
      </trkpt>
      <trkpt lat="48.90065903813631" lon="2.1007425164649325">
        <ele>85.84000000000002</ele>
      </trkpt>
      <trkpt lat="48.90079" lon="2.10075">
        <ele>85.63322728970459</ele>
      </trkpt>
      <trkpt lat="48.90079046611849" lon="2.1007530297701793">
        <ele>85.63000000000001</ele>
      </trkpt>
      <trkpt lat="48.90081000000001" lon="2.10088">
        <ele>85.55297576659534</ele>
      </trkpt>
      <trkpt lat="48.90081177298573" lon="2.1008842551657594">
        <ele>85.55</ele>
      </trkpt>
      <trkpt lat="48.90085943763083" lon="2.1009986503139877">
        <ele>85.44</ele>
      </trkpt>
      <trkpt lat="48.90086" lon="2.101">
        <ele>85.43843945131215</ele>
      </trkpt>
      <trkpt lat="48.90097" lon="2.1011100000000003">
        <ele>85.24287718569033</ele>
      </trkpt>
      <trkpt lat="48.901050000000005" lon="2.1011200000000003">
        <ele>85.1236287140844</ele>
      </trkpt>
      <trkpt lat="48.901059119316564" lon="2.1011184801139082">
        <ele>85.11</ele>
      </trkpt>
      <trkpt lat="48.90111" lon="2.1011100000000003">
        <ele>85.05244526723864</ele>
      </trkpt>
      <trkpt lat="48.90113588013825" lon="2.1010905898963106">
        <ele>85.02000000000001</ele>
      </trkpt>
      <trkpt lat="48.90119000000001" lon="2.1010500000000003">
        <ele>84.93200680414486</ele>
      </trkpt>
      <trkpt lat="48.90122" lon="2.101">
        <ele>84.8671118656943</ele>
      </trkpt>
      <trkpt lat="48.901223767964275" lon="2.1009952900446636">
        <ele>84.86</ele>
      </trkpt>
      <trkpt lat="48.90126" lon="2.10095">
        <ele>84.79742647793641</ele>
      </trkpt>
      <trkpt lat="48.90129" lon="2.1008400000000003">
        <ele>84.69296679327431</ele>
      </trkpt>
      <trkpt lat="48.90129923191255" lon="2.100844615956278">
        <ele>84.68</ele>
      </trkpt>
      <trkpt lat="48.90142140523337" lon="2.100905702616685">
        <ele>84.47</ele>
      </trkpt>
      <trkpt lat="48.90150256932762" lon="2.100946284663808">
        <ele>84.36</ele>
      </trkpt>
      <trkpt lat="48.9022680748902" lon="2.1013290374450975">
        <ele>82.81</ele>
      </trkpt>
      <trkpt lat="48.902650827671486" lon="2.1015204138357424">
        <ele>82.15</ele>
      </trkpt>
      <trkpt lat="48.90290542661975" lon="2.1016477133098768">
        <ele>81.67</ele>
      </trkpt>
      <trkpt lat="48.90303" lon="2.10171">
        <ele>81.46039928433959</ele>
      </trkpt>
      <trkpt lat="48.903020000000005" lon="2.10171">
        <ele>81.44441502714204</ele>
      </trkpt>
      <trkpt lat="48.90302262603181" lon="2.101711302677196">
        <ele>81.44000000000001</ele>
      </trkpt>
      <trkpt lat="48.90302262603181" lon="2.101711302677196">
        <ele>81.45</ele>
      </trkpt>
      <trkpt lat="48.90340225332455" lon="2.101899621727924">
        <ele>80.82000000000001</ele>
      </trkpt>
      <trkpt lat="48.90361344238154" lon="2.102004384803442">
        <ele>80.42</ele>
      </trkpt>
      <trkpt lat="48.903739984812454" lon="2.1020671578203514">
        <ele>80.21000000000001</ele>
      </trkpt>
      <trkpt lat="48.90450094943078" lon="2.1024446442058196">
        <ele>78.99000000000001</ele>
      </trkpt>
      <trkpt lat="48.90483868091869" lon="2.1026121802982467">
        <ele>78.49000000000001</ele>
      </trkpt>
      <trkpt lat="48.90509176578051" lon="2.102737726332066">
        <ele>78.05000000000001</ele>
      </trkpt>
      <trkpt lat="48.90556" lon="2.10297">
        <ele>77.37</ele>
      </trkpt>
      <trkpt lat="48.90555966890693" lon="2.10297">
        <ele>77.37</ele>
      </trkpt>
      <trkpt lat="48.90555966890693" lon="2.10297">
        <ele>77.38000000000001</ele>
      </trkpt>
      <trkpt lat="48.905550000000005" lon="2.10297">
        <ele>77.3660232776424</ele>
      </trkpt>
      <trkpt lat="48.90571168777612" lon="2.1030508438880564">
        <ele>77.12</ele>
      </trkpt>
      <trkpt lat="48.90600729867275" lon="2.1031986493363704">
        <ele>76.75000000000001</ele>
      </trkpt>
      <trkpt lat="48.906175608923135" lon="2.103282804461567">
        <ele>76.49</ele>
      </trkpt>
      <trkpt lat="48.90651393815743" lon="2.1034519690787126">
        <ele>76.04</ele>
      </trkpt>
      <trkpt lat="48.906724966745486" lon="2.1035574833727404">
        <ele>75.81</ele>
      </trkpt>
      <trkpt lat="48.907233314963676" lon="2.1038116574818355">
        <ele>75.19000000000001</ele>
      </trkpt>
      <trkpt lat="48.90765622650654" lon="2.104023113253268">
        <ele>74.76</ele>
      </trkpt>
      <trkpt lat="48.90786810946135" lon="2.1041290547306724">
        <ele>74.52</ele>
      </trkpt>
      <trkpt lat="48.90795269176992" lon="2.104171345884959">
        <ele>74.45</ele>
      </trkpt>
      <trkpt lat="48.9081961862946" lon="2.1042930931472985">
        <ele>74.3</ele>
      </trkpt>
      <trkpt lat="48.908210000000004" lon="2.1043000000000003">
        <ele>74.29198551343201</ele>
      </trkpt>
      <trkpt lat="48.908210000000004" lon="2.10429">
        <ele>74.28836277632234</ele>
      </trkpt>
      <trkpt lat="48.90858650650407" lon="2.1044775534258204">
        <ele>74.07000000000001</ele>
      </trkpt>
      <trkpt lat="48.90909504132617" lon="2.104730875604855">
        <ele>73.9</ele>
      </trkpt>
      <trkpt lat="48.90926426804007" lon="2.104815174414012">
        <ele>73.88</ele>
      </trkpt>
      <trkpt lat="48.90951810811093" lon="2.1049416226277486">
        <ele>73.91</ele>
      </trkpt>
      <trkpt lat="48.909856561538746" lon="2.105110220246064">
        <ele>73.81</ele>
      </trkpt>
      <trkpt lat="48.910195014966554" lon="2.105278817864379">
        <ele>73.68</ele>
      </trkpt>
      <trkpt lat="48.910365096360835" lon="2.105363542425098">
        <ele>73.53000000000002</ele>
      </trkpt>
      <trkpt lat="48.910618081751316" lon="2.105489564887273">
        <ele>73.41</ele>
      </trkpt>
      <trkpt lat="48.91088303266704" lon="2.1056215478713076">
        <ele>73.38</ele>
      </trkpt>
      <trkpt lat="48.910900000000005" lon="2.10563">
        <ele>73.38</ele>
      </trkpt>
      <trkpt lat="48.91089" lon="2.10562">
        <ele>73.38</ele>
      </trkpt>
      <trkpt lat="48.91102680963246" lon="2.1056871380603726">
        <ele>73.38</ele>
      </trkpt>
      <trkpt lat="48.91145048362506" lon="2.1058950521493327">
        <ele>73.18</ele>
      </trkpt>
      <trkpt lat="48.91183136226488" lon="2.106081964815165">
        <ele>73.12</ele>
      </trkpt>
      <trkpt lat="48.91221224090468" lon="2.106268877480998">
        <ele>72.9</ele>
      </trkpt>
      <trkpt lat="48.91250838474597" lon="2.106414207329039">
        <ele>72.84</ele>
      </trkpt>
      <trkpt lat="48.913050000000005" lon="2.1066800000000003">
        <ele>72.66244758433972</ele>
      </trkpt>
      <trkpt lat="48.91327075345521" lon="2.1067896048623735">
        <ele>72.59</ele>
      </trkpt>
      <trkpt lat="48.91399233987623" lon="2.107147875043439">
        <ele>72.50000000000001</ele>
      </trkpt>
      <trkpt lat="48.91433175908137" lon="2.107316397865575">
        <ele>72.39000000000001</ele>
      </trkpt>
      <trkpt lat="48.91458653722529" lon="2.1074428961048612">
        <ele>72.34</ele>
      </trkpt>
      <trkpt lat="48.914967849480945" lon="2.1076322189730545">
        <ele>72.36</ele>
      </trkpt>
      <trkpt lat="48.915265375635585" lon="2.1077799417491336">
        <ele>72.3</ele>
      </trkpt>
      <trkpt lat="48.91560479484073" lon="2.10794846457127">
        <ele>72.29</ele>
      </trkpt>
      <trkpt lat="48.91587325234807" lon="2.10808175466233">
        <ele>72.18</ele>
      </trkpt>
      <trkpt lat="48.915910000000004" lon="2.1081000000000003">
        <ele>72.18477574554619</ele>
      </trkpt>
      <trkpt lat="48.915910000000004" lon="2.1081100000000004">
        <ele>72.1855876735517</ele>
      </trkpt>
      <trkpt lat="48.91609780315056" lon="2.108203460722814">
        <ele>72.21000000000001</ele>
      </trkpt>
      <trkpt lat="48.91630978704975" lon="2.108308955057621">
        <ele>72.28000000000002</ele>
      </trkpt>
      <trkpt lat="48.91652262572273" lon="2.1084148747728104">
        <ele>72.31</ele>
      </trkpt>
      <trkpt lat="48.91669187093257" lon="2.108499100088503">
        <ele>72.36</ele>
      </trkpt>
      <trkpt lat="48.91677649353748" lon="2.108541212746349">
        <ele>72.34</ele>
      </trkpt>
      <trkpt lat="48.916989332210456" lon="2.108647132461538">
        <ele>72.24000000000001</ele>
      </trkpt>
      <trkpt lat="48.91720131610964" lon="2.1087526267963455">
        <ele>72.2</ele>
      </trkpt>
      <trkpt lat="48.91738423770007" lon="2.108843658198155">
        <ele>72.14000000000001</ele>
      </trkpt>
      <trkpt lat="48.91779025524892" lon="2.1090457138797407">
        <ele>72.2</ele>
      </trkpt>
      <trkpt lat="48.918040000000005" lon="2.10917">
        <ele>72.29623729483257</ele>
      </trkpt>
      <trkpt lat="48.918240000000004" lon="2.10916">
        <ele>72.36952770195404</ele>
      </trkpt>
      <trkpt lat="48.91836000000001" lon="2.1091">
        <ele>72.41578981485043</ele>
      </trkpt>
      <trkpt lat="48.918400000000005" lon="2.10903">
        <ele>72.43811614616254</ele>
      </trkpt>
      <trkpt lat="48.918413934759016" lon="2.108985408771163">
        <ele>72.45</ele>
      </trkpt>
      <trkpt lat="48.91845000000001" lon="2.10887">
        <ele>72.45</ele>
      </trkpt>
      <trkpt lat="48.91845053753109" lon="2.1088637288039953">
        <ele>72.45</ele>
      </trkpt>
      <trkpt lat="48.918473219805094" lon="2.1085991022739186">
        <ele>72.3</ele>
      </trkpt>
      <trkpt lat="48.91848" lon="2.1085200000000004">
        <ele>72.22713814725229</ele>
      </trkpt>
      <trkpt lat="48.91846732827463" lon="2.1084721290374815">
        <ele>72.18</ele>
      </trkpt>
      <trkpt lat="48.91845086298645" lon="2.108409926837667">
        <ele>72.07000000000001</ele>
      </trkpt>
      <trkpt lat="48.91843473372455" lon="2.1083489940705014">
        <ele>71.93</ele>
      </trkpt>
      <trkpt lat="48.918411547910566" lon="2.1082614032177007">
        <ele>71.64000000000001</ele>
      </trkpt>
      <trkpt lat="48.918411547910566" lon="2.1082614032177007">
        <ele>71.60000000000001</ele>
      </trkpt>
      <trkpt lat="48.918405499437355" lon="2.108238553430014">
        <ele>71.53000000000002</ele>
      </trkpt>
      <trkpt lat="48.91839" lon="2.1081800000000004">
        <ele>71.30257482717722</ele>
      </trkpt>
      <trkpt lat="48.91839" lon="2.1081700000000003">
        <ele>71.26654731065187</ele>
      </trkpt>
      <trkpt lat="48.91835937339103" lon="2.1080551502163267">
        <ele>70.82000000000001</ele>
      </trkpt>
      <trkpt lat="48.91832657148905" lon="2.1079321430838958">
        <ele>70.42000000000002</ele>
      </trkpt>
      <trkpt lat="48.91828294834105" lon="2.1077685562789106">
        <ele>70.02</ele>
      </trkpt>
      <trkpt lat="48.91827000000001" lon="2.10772">
        <ele>69.93732812906524</ele>
      </trkpt>
      <trkpt lat="48.91828" lon="2.10768">
        <ele>69.8698096480748</ele>
      </trkpt>
      <trkpt lat="48.918350000000004" lon="2.1077600000000003">
        <ele>69.65963784933238</ele>
      </trkpt>
      <trkpt lat="48.91835765763722" lon="2.1077643757926996">
        <ele>69.64</ele>
      </trkpt>
      <trkpt lat="48.918420000000005" lon="2.1078">
        <ele>68.92944144023429</ele>
      </trkpt>
      <trkpt lat="48.918510000000005" lon="2.10778">
        <ele>67.95893722165522</ele>
      </trkpt>
      <trkpt lat="48.91852898011023" lon="2.107768137431112">
        <ele>67.74000000000001</ele>
      </trkpt>
      <trkpt lat="48.918670000000006" lon="2.10768">
        <ele>66.16103271568825</ele>
      </trkpt>
      <trkpt lat="48.91873138515998" lon="2.1076269855436545">
        <ele>65.43</ele>
      </trkpt>
      <trkpt lat="48.91904737145222" lon="2.1073540882912667">
        <ele>61.34</ele>
      </trkpt>
      <trkpt lat="48.91904737145222" lon="2.1073540882912667">
        <ele>61.35</ele>
      </trkpt>
      <trkpt lat="48.91911" lon="2.1073">
        <ele>60.56595302384541</ele>
      </trkpt>
      <trkpt lat="48.91920175952459" lon="2.1072370277772463">
        <ele>59.47</ele>
      </trkpt>
      <trkpt lat="48.91932391195279" lon="2.1071531976794633">
        <ele>58.07</ele>
      </trkpt>
      <trkpt lat="48.919445244566035" lon="2.1070699301997857">
        <ele>56.800000000000004</ele>
      </trkpt>
      <trkpt lat="48.91948377586888" lon="2.107043487148807">
        <ele>56.25</ele>
      </trkpt>
      <trkpt lat="48.91952230717174" lon="2.1070170440978284">
        <ele>55.66</ele>
      </trkpt>
      <trkpt lat="48.919560838474595" lon="2.1069906010468498">
        <ele>55.010000000000005</ele>
      </trkpt>
      <trkpt lat="48.91962" lon="2.1069500000000003">
        <ele>53.94089649262167</ele>
      </trkpt>
      <trkpt lat="48.91969" lon="2.10698">
        <ele>52.74290942972631</ele>
      </trkpt>
      <trkpt lat="48.91971550392964" lon="2.1070102859164455">
        <ele>52.21000000000001</ele>
      </trkpt>
      <trkpt lat="48.919782859501694" lon="2.1070902706582566">
        <ele>50.96</ele>
      </trkpt>
      <trkpt lat="48.919816182784714" lon="2.1071298420568367">
        <ele>50.38</ele>
      </trkpt>
      <trkpt lat="48.919850000000004" lon="2.10717">
        <ele>49.84</ele>
      </trkpt>
      <trkpt lat="48.91985018647642" lon="2.1071703030241746">
        <ele>49.84</ele>
      </trkpt>
      <trkpt lat="48.919879078921944" lon="2.1072172532481606">
        <ele>49.36</ele>
      </trkpt>
      <trkpt lat="48.91990797136748" lon="2.1072642034721474">
        <ele>48.92</ele>
      </trkpt>
      <trkpt lat="48.91996637099142" lon="2.1073591028610554">
        <ele>48.160000000000004</ele>
      </trkpt>
      <trkpt lat="48.920010000000005" lon="2.1074300000000004">
        <ele>47.75557681995414</ele>
      </trkpt>
      <trkpt lat="48.920080000000006" lon="2.1074200000000003">
        <ele>47.31008991446154</ele>
      </trkpt>
      <trkpt lat="48.92010050542634" lon="2.1073936358804257">
        <ele>47.14</ele>
      </trkpt>
      <trkpt lat="48.92012386238534" lon="2.1073636055045704">
        <ele>47.06</ele>
      </trkpt>
      <trkpt lat="48.92015000000001" lon="2.10733">
        <ele>47.50785330158763</ele>
      </trkpt>
      <trkpt lat="48.92013000000001" lon="2.1072900000000003">
        <ele>47.940146710711694</ele>
      </trkpt>
      <trkpt lat="48.920144581943916" lon="2.1072712517864076">
        <ele>48.190000000000005</ele>
      </trkpt>
      <trkpt lat="48.920177556488014" lon="2.1072288559439913">
        <ele>48.830000000000005</ele>
      </trkpt>
      <trkpt lat="48.9202" lon="2.1072">
        <ele>49.313248334412165</ele>
      </trkpt>
      <trkpt lat="48.92020563222394" lon="2.1071808504386187">
        <ele>49.54</ele>
      </trkpt>
      <trkpt lat="48.920240535817655" lon="2.107062178219989">
        <ele>51.09</ele>
      </trkpt>
      <trkpt lat="48.92025" lon="2.10703">
        <ele>51.5398570346367</ele>
      </trkpt>
      <trkpt lat="48.92024431965209" lon="2.1068766306064006">
        <ele>53.50000000000001</ele>
      </trkpt>
      <trkpt lat="48.92024431965209" lon="2.1068766306064006">
        <ele>53.62</ele>
      </trkpt>
      <trkpt lat="48.92024000000001" lon="2.10676">
        <ele>55.12043259891696</ele>
      </trkpt>
      <trkpt lat="48.92024000000001" lon="2.1067500000000003">
        <ele>55.24887702121862</ele>
      </trkpt>
      <trkpt lat="48.92024051722543" lon="2.1067468966474565">
        <ele>55.290000000000006</ele>
      </trkpt>
      <trkpt lat="48.92026152169747" lon="2.1066208698152122">
        <ele>56.870000000000005</ele>
      </trkpt>
      <trkpt lat="48.92027213448334" lon="2.106557193099974">
        <ele>57.59</ele>
      </trkpt>
      <trkpt lat="48.92028274726921" lon="2.1064935163847345">
        <ele>58.25</ele>
      </trkpt>
      <trkpt lat="48.92029" lon="2.10645">
        <ele>58.65054173697072</ele>
      </trkpt>
      <trkpt lat="48.92033906112289" lon="2.106409115730925">
        <ele>59.410000000000004</ele>
      </trkpt>
      <trkpt lat="48.920410000000004" lon="2.1063500000000004">
        <ele>60.21515426296668</ele>
      </trkpt>
      <trkpt lat="48.92048267969858" lon="2.106266937487341">
        <ele>61.120000000000005</ele>
      </trkpt>
      <trkpt lat="48.920550000000006" lon="2.1061900000000002">
        <ele>61.88062063889033</ele>
      </trkpt>
      <trkpt lat="48.920551919402456" lon="2.1061885426759153">
        <ele>61.900000000000006</ele>
      </trkpt>
      <trkpt lat="48.920628368711604" lon="2.106130497830083">
        <ele>62.59</ele>
      </trkpt>
      <trkpt lat="48.92066699573096" lon="2.106101169907979">
        <ele>62.90000000000001</ele>
      </trkpt>
      <trkpt lat="48.92070562275032" lon="2.1060718419858744">
        <ele>63.17</ele>
      </trkpt>
      <trkpt lat="48.92078207205946" lon="2.1060137971400423">
        <ele>63.67</ele>
      </trkpt>
      <trkpt lat="48.92095428418743" lon="2.105883043487326">
        <ele>63.97</ele>
      </trkpt>
      <trkpt lat="48.921073384163776" lon="2.1057926157275038">
        <ele>64.91000000000001</ele>
      </trkpt>
      <trkpt lat="48.921272152367564" lon="2.1056416991283404">
        <ele>66.57000000000001</ele>
      </trkpt>
      <trkpt lat="48.92139125234391" lon="2.105551271368518">
        <ele>67.62</ele>
      </trkpt>
      <trkpt lat="48.921509547590695" lon="2.105461454607073">
        <ele>68.75</ele>
      </trkpt>
      <trkpt lat="48.92163000000001" lon="2.10537">
        <ele>69.56985859309368</ele>
      </trkpt>
      <trkpt lat="48.921668874080005" lon="2.105337498720002">
        <ele>69.84</ele>
      </trkpt>
      <trkpt lat="48.92174769516127" lon="2.1052715991274664">
        <ele>70.42000000000002</ele>
      </trkpt>
      <trkpt lat="48.92198337019426" lon="2.105074559345785">
        <ele>72.34</ele>
      </trkpt>
      <trkpt lat="48.922140224145984" lon="2.1049434191566387">
        <ele>73.71000000000001</ele>
      </trkpt>
      <trkpt lat="48.92216859973524" lon="2.104919695303326">
        <ele>73.94</ele>
      </trkpt>
      <trkpt lat="48.92224" lon="2.10486">
        <ele>74.46571790427201</ele>
      </trkpt>
      <trkpt lat="48.922256368915114" lon="2.1048445576272496">
        <ele>74.59</ele>
      </trkpt>
      <trkpt lat="48.92229458768168" lon="2.1048085021870997">
        <ele>74.83000000000001</ele>
      </trkpt>
      <trkpt lat="48.92233280644823" lon="2.1047724467469497">
        <ele>75.02</ele>
      </trkpt>
      <trkpt lat="48.922371025214794" lon="2.1047363913068002">
        <ele>75.17</ele>
      </trkpt>
      <trkpt lat="48.92240847960603" lon="2.1047010569754536">
        <ele>75.28</ele>
      </trkpt>
      <trkpt lat="48.922484917139144" lon="2.104628946095154">
        <ele>75.43</ele>
      </trkpt>
      <trkpt lat="48.922561354672254" lon="2.1045568352148543">
        <ele>75.52</ele>
      </trkpt>
      <trkpt lat="48.922675246596604" lon="2.104449390003208">
        <ele>75.59</ele>
      </trkpt>
      <trkpt lat="48.92277000000001" lon="2.1043600000000002">
        <ele>75.62316705830676</ele>
      </trkpt>
      <trkpt lat="48.92290023338962" lon="2.1042254254974013">
        <ele>75.67</ele>
      </trkpt>
      <trkpt lat="48.92297463626251" lon="2.1041485425287534">
        <ele>75.68</ele>
      </trkpt>
      <trkpt lat="48.923159899415985" lon="2.1039571039368186">
        <ele>75.66</ele>
      </trkpt>
      <trkpt lat="48.92341956544236" lon="2.103688782376235">
        <ele>75.68</ele>
      </trkpt>
      <trkpt lat="48.92360482859584" lon="2.1034973437843">
        <ele>75.66</ele>
      </trkpt>
      <trkpt lat="48.92367" lon="2.1034300000000004">
        <ele>75.77103286186852</ele>
      </trkpt>
      <trkpt lat="48.92365575196662" lon="2.103358759833084">
        <ele>75.84</ele>
      </trkpt>
      <trkpt lat="48.92365" lon="2.10333">
        <ele>75.85470420533159</ele>
      </trkpt>
      <trkpt lat="48.923660000000005" lon="2.10318">
        <ele>75.9284487678008</ele>
      </trkpt>
      <trkpt lat="48.92371000000001" lon="2.1030900000000003">
        <ele>75.98609556434873</ele>
      </trkpt>
      <trkpt lat="48.923727109221005" lon="2.103078593852671">
        <ele>76.00000000000001</ele>
      </trkpt>
      <trkpt lat="48.92380000000001" lon="2.10303">
        <ele>76.02969322550183</ele>
      </trkpt>
      <trkpt lat="48.92378" lon="2.10297">
        <ele>76.0461883876634</ele>
      </trkpt>
      <trkpt lat="48.923773237626584" lon="2.1029583479104303">
        <ele>76.05000000000001</ele>
      </trkpt>
      <trkpt lat="48.92368453010843" lon="2.1028054980329935">
        <ele>76.03</ele>
      </trkpt>
      <trkpt lat="48.923624994861356" lon="2.1027029142226334">
        <ele>76.04</ele>
      </trkpt>
      <trkpt lat="48.92318562473787" lon="2.101945845702175">
        <ele>76.18</ele>
      </trkpt>
      <trkpt lat="48.92318562473787" lon="2.101945845702175">
        <ele>76.19000000000001</ele>
      </trkpt>
      <trkpt lat="48.92313" lon="2.10185">
        <ele>76.2169255350555</ele>
      </trkpt>
      <trkpt lat="48.92313" lon="2.10184">
        <ele>76.21903109581821</ele>
      </trkpt>
      <trkpt lat="48.92298311647428" lon="2.1015877435101764">
        <ele>76.29</ele>
      </trkpt>
      <trkpt lat="48.92283519637311" lon="2.1013337068146862">
        <ele>76.33000000000001</ele>
      </trkpt>
      <trkpt lat="48.922597808468815" lon="2.1009260188920846">
        <ele>76.48</ele>
      </trkpt>
      <trkpt lat="48.92236042056451" lon="2.100518330969483">
        <ele>76.58000000000001</ele>
      </trkpt>
      <trkpt lat="48.922271549213406" lon="2.1003657040838855">
        <ele>76.64</ele>
      </trkpt>
      <trkpt lat="48.92221000000001" lon="2.10026">
        <ele>76.69352911003833</ele>
      </trkpt>
      <trkpt lat="48.922063754230116" lon="2.1000113821911914">
        <ele>76.82</ele>
      </trkpt>
      <trkpt lat="48.92194438597511" lon="2.0998084561576666">
        <ele>76.98</ele>
      </trkpt>
      <trkpt lat="48.92176563351282" lon="2.0995045769717855">
        <ele>77.11000000000001</ele>
      </trkpt>
      <trkpt lat="48.921526897002785" lon="2.099098724904737">
        <ele>77.36000000000001</ele>
      </trkpt>
      <trkpt lat="48.92137813656438" lon="2.0988458321594394">
        <ele>77.48</ele>
      </trkpt>
      <trkpt lat="48.92126956543796" lon="2.098661261244525">
        <ele>77.65</ele>
      </trkpt>
      <trkpt lat="48.92126956543796" lon="2.098661261244525">
        <ele>77.66000000000001</ele>
      </trkpt>
      <trkpt lat="48.92121" lon="2.09856">
        <ele>77.77370473069502</ele>
      </trkpt>
      <trkpt lat="48.921200000000006" lon="2.09856">
        <ele>77.78643696344447</ele>
      </trkpt>
      <trkpt lat="48.92110919392045" lon="2.0984052770197947">
        <ele>77.96</ele>
      </trkpt>
      <trkpt lat="48.921019932474444" lon="2.098253185915174">
        <ele>78.09</ele>
      </trkpt>
      <trkpt lat="48.920930671028415" lon="2.0981010948105534">
        <ele>78.17</ele>
      </trkpt>
      <trkpt lat="48.92075214813639" lon="2.097796912601312">
        <ele>78.27000000000001</ele>
      </trkpt>
      <trkpt lat="48.92060297967962" lon="2.0975427469298316">
        <ele>78.33000000000001</ele>
      </trkpt>
      <trkpt lat="48.92048436379834" lon="2.09734063928745">
        <ele>78.33000000000001</ele>
      </trkpt>
      <trkpt lat="48.920424456787586" lon="2.0972385647205902">
        <ele>78.31</ele>
      </trkpt>
      <trkpt lat="48.92036514884694" lon="2.0971375108993993">
        <ele>78.26</ele>
      </trkpt>
      <trkpt lat="48.92018662595491" lon="2.096833328690158">
        <ele>78.01</ele>
      </trkpt>
      <trkpt lat="48.92003805656826" lon="2.0965801837643467">
        <ele>77.89</ele>
      </trkpt>
      <trkpt lat="48.91994879512224" lon="2.096428092659726">
        <ele>77.77000000000001</ele>
      </trkpt>
      <trkpt lat="48.91983137738117" lon="2.0962280265086815">
        <ele>77.59</ele>
      </trkpt>
      <trkpt lat="48.919655250769566" lon="2.0959279272821143">
        <ele>77.2</ele>
      </trkpt>
      <trkpt lat="48.91950847859323" lon="2.0956778445933084">
        <ele>76.9</ele>
      </trkpt>
      <trkpt lat="48.919449769722696" lon="2.0955778115177863">
        <ele>76.80000000000001</ele>
      </trkpt>
      <trkpt lat="48.91933235198162" lon="2.0953777453667417">
        <ele>76.66000000000001</ele>
      </trkpt>
      <trkpt lat="48.91920534911884" lon="2.0951613472849995">
        <ele>76.56</ele>
      </trkpt>
      <trkpt lat="48.91920534911884" lon="2.0951613472849995">
        <ele>76.55000000000001</ele>
      </trkpt>
      <trkpt lat="48.919140000000006" lon="2.09505">
        <ele>76.50944823081376</ele>
      </trkpt>
      <trkpt lat="48.91913" lon="2.09504">
        <ele>76.5045019891118</ele>
      </trkpt>
      <trkpt lat="48.91904206033432" lon="2.0948905025683366">
        <ele>76.45</ele>
      </trkpt>
      <trkpt lat="48.918983877896785" lon="2.094791592424537">
        <ele>76.45</ele>
      </trkpt>
      <trkpt lat="48.91889510469314" lon="2.094640677978327">
        <ele>76.48</ele>
      </trkpt>
      <trkpt lat="48.91865997566724" lon="2.094240958634311">
        <ele>76.66000000000001</ele>
      </trkpt>
      <trkpt lat="48.918513020026055" lon="2.0939911340443014">
        <ele>76.82</ele>
      </trkpt>
      <trkpt lat="48.91836486474699" lon="2.093739270069883">
        <ele>77.06</ele>
      </trkpt>
      <trkpt lat="48.91821670946793" lon="2.0934874060954654">
        <ele>77.38000000000001</ele>
      </trkpt>
      <trkpt lat="48.91815792721145" lon="2.093387476259461">
        <ele>77.48</ele>
      </trkpt>
      <trkpt lat="48.918038563241666" lon="2.093184557510841">
        <ele>77.61000000000001</ele>
      </trkpt>
      <trkpt lat="48.917902404341476" lon="2.0929530873805056">
        <ele>77.84</ele>
      </trkpt>
      <trkpt lat="48.917832825344014" lon="2.0928348030848274">
        <ele>77.93</ele>
      </trkpt>
      <trkpt lat="48.91783" lon="2.09283">
        <ele>77.93190316286264</ele>
      </trkpt>
      <trkpt lat="48.91783" lon="2.09282">
        <ele>77.93485551485735</ele>
      </trkpt>
      <trkpt lat="48.917777515746465" lon="2.0927317310281444">
        <ele>77.97000000000001</ele>
      </trkpt>
      <trkpt lat="48.917687610941236" lon="2.0925805274920757">
        <ele>77.96</ele>
      </trkpt>
      <trkpt lat="48.91761" lon="2.0924500000000004">
        <ele>78.03603464497398</ele>
      </trkpt>
      <trkpt lat="48.917848902266705" lon="2.092559212464781">
        <ele>78.2</ele>
      </trkpt>
      <trkpt lat="48.91796" lon="2.09261">
        <ele>78.27206075075256</ele>
      </trkpt>
      <trkpt lat="48.91796" lon="2.0926">
        <ele>78.27614290280276</ele>
      </trkpt>
      <trkpt lat="48.91815138797752" lon="2.092685061323339">
        <ele>78.4</ele>
      </trkpt>
      <trkpt lat="48.9182351240253" lon="2.092722277344577">
        <ele>78.42</ele>
      </trkpt>
      <trkpt lat="48.9184880586851" lon="2.092834692748933">
        <ele>78.37</ele>
      </trkpt>
      <trkpt lat="48.91874185660313" lon="2.0929474918236117">
        <ele>78.37</ele>
      </trkpt>
      <trkpt lat="48.91877" lon="2.09296">
        <ele>78.37660838489228</ele>
      </trkpt>
      <trkpt lat="48.91882563676671" lon="2.0928266817099686">
        <ele>78.4</ele>
      </trkpt>
      <trkpt lat="48.918968828406534" lon="2.092483562120208">
        <ele>78.52000000000001</ele>
      </trkpt>
      <trkpt lat="48.9191602327197" lon="2.0920249140490466">
        <ele>78.58000000000001</ele>
      </trkpt>
      <trkpt lat="48.91923448023664" lon="2.091847000187689">
        <ele>78.58000000000001</ele>
      </trkpt>
      <trkpt lat="48.91925472955944" lon="2.0917984782255004">
        <ele>78.58000000000001</ele>
      </trkpt>
      <trkpt lat="48.91930000000001" lon="2.0916900000000003">
        <ele>78.60705976576193</ele>
      </trkpt>
      <trkpt lat="48.91942101834731" lon="2.0913966221883564">
        <ele>78.67999999999999</ele>
      </trkpt>
      <trkpt lat="48.91949178298779" lon="2.0912250715447587">
        <ele>78.66000000000001</ele>
      </trkpt>
      <trkpt lat="48.91956446018613" lon="2.091048884397279">
        <ele>78.75</ele>
      </trkpt>
      <trkpt lat="48.919630000000005" lon="2.0908900000000004">
        <ele>78.7374245331542</ele>
      </trkpt>
      <trkpt lat="48.91976776680316" lon="2.0905386946519515">
        <ele>78.71</ele>
      </trkpt>
      <trkpt lat="48.91981846254992" lon="2.090409420497711">
        <ele>78.71</ele>
      </trkpt>
      <trkpt lat="48.919830000000005" lon="2.09038">
        <ele>78.71807549777235</ele>
      </trkpt>
      <trkpt lat="48.91993212521735" lon="2.090117392298257">
        <ele>78.79</ele>
      </trkpt>
      <trkpt lat="48.91997747024068" lon="2.0900007908097007">
        <ele>78.79</ele>
      </trkpt>
      <trkpt lat="48.92004000000001" lon="2.08984">
        <ele>78.69991148084095</ele>
      </trkpt>
      <trkpt lat="48.92006986519982" lon="2.089770818587761">
        <ele>78.66000000000001</ele>
      </trkpt>
      <trkpt lat="48.92011875068207" lon="2.0896575775339437">
        <ele>78.63000000000001</ele>
      </trkpt>
      <trkpt lat="48.920314292611074" lon="2.089204613318674">
        <ele>78.65</ele>
      </trkpt>
      <trkpt lat="48.92043625942031" lon="2.0889220826086445">
        <ele>78.69000000000001</ele>
      </trkpt>
      <trkpt lat="48.92060711171181" lon="2.0885263108447982">
        <ele>78.78</ele>
      </trkpt>
      <trkpt lat="48.920729078521056" lon="2.088243780134769">
        <ele>78.76</ele>
      </trkpt>
      <trkpt lat="48.920760681257065" lon="2.0881705737969476">
        <ele>78.73</ele>
      </trkpt>
      <trkpt lat="48.920760681257065" lon="2.0881705737969476">
        <ele>78.72000000000001</ele>
      </trkpt>
      <trkpt lat="48.92083" lon="2.08801">
        <ele>78.65971400893551</ele>
      </trkpt>
      <trkpt lat="48.92092231922665" lon="2.087798341285245">
        <ele>78.58000000000001</ele>
      </trkpt>
      <trkpt lat="48.920996425369765" lon="2.0876284393961577">
        <ele>78.48</ele>
      </trkpt>
      <trkpt lat="48.921070034156216" lon="2.087459677788205">
        <ele>78.31</ele>
      </trkpt>
      <trkpt lat="48.92116851077592" lon="2.087233902123512">
        <ele>77.98</ele>
      </trkpt>
      <trkpt lat="48.921240000000004" lon="2.08707">
        <ele>77.68665643813408</ele>
      </trkpt>
      <trkpt lat="48.921241543067175" lon="2.0870662035649">
        <ele>77.68</ele>
      </trkpt>
      <trkpt lat="48.921566085111145" lon="2.0862677271075163">
        <ele>76.18</ele>
      </trkpt>
      <trkpt lat="48.92163562983485" lon="2.0860966250095054">
        <ele>75.9</ele>
      </trkpt>
      <trkpt lat="48.92172835613312" lon="2.0858684888788246">
        <ele>75.58000000000001</ele>
      </trkpt>
      <trkpt lat="48.9218210824314" lon="2.0856403527481433">
        <ele>75.31</ele>
      </trkpt>
      <trkpt lat="48.92186744558054" lon="2.0855262846828024">
        <ele>75.2</ele>
      </trkpt>
      <trkpt lat="48.921870000000006" lon="2.0855200000000003">
        <ele>75.19595963394774</ele>
      </trkpt>
      <trkpt lat="48.92187990840493" lon="2.0853267861038653">
        <ele>75.09</ele>
      </trkpt>
      <trkpt lat="48.921890000000005" lon="2.0851300000000004">
        <ele>74.89000000000001</ele>
      </trkpt>
      <trkpt lat="48.921890000000005" lon="2.0851300000000004">
        <ele>74.89000000000001</ele>
      </trkpt>
      <trkpt lat="48.921960000000006" lon="2.08508">
        <ele>74.79018739571991</ele>
      </trkpt>
      <trkpt lat="48.92196787779155" lon="2.0850811253987924">
        <ele>74.78</ele>
      </trkpt>
      <trkpt lat="48.92209502262959" lon="2.0850992889470836">
        <ele>74.75000000000001</ele>
      </trkpt>
      <trkpt lat="48.92210000000001" lon="2.0851">
        <ele>74.75116620470972</ele>
      </trkpt>
      <trkpt lat="48.92221541594782" lon="2.085167325969556">
        <ele>74.78</ele>
      </trkpt>
      <trkpt lat="48.922340000000005" lon="2.08524">
        <ele>74.82802981758161</ele>
      </trkpt>
      <trkpt lat="48.922410000000006" lon="2.08523">
        <ele>74.85333942092137</ele>
      </trkpt>
      <trkpt lat="48.922446832891865" lon="2.085187351388373">
        <ele>74.87</ele>
      </trkpt>
      <trkpt lat="48.922496217604376" lon="2.085130169089674">
        <ele>74.93</ele>
      </trkpt>
      <trkpt lat="48.9226" lon="2.08501">
        <ele>74.67624284248116</ele>
      </trkpt>
      <trkpt lat="48.92259407391745" lon="2.084991563298729">
        <ele>74.65</ele>
      </trkpt>
      <trkpt lat="48.92257984744023" lon="2.084947303147379">
        <ele>74.47000000000001</ele>
      </trkpt>
      <trkpt lat="48.92256838722247" lon="2.084911649136569">
        <ele>74.55</ele>
      </trkpt>
      <trkpt lat="48.92251" lon="2.08473">
        <ele>74.4635514367447</ele>
      </trkpt>
      <trkpt lat="48.922488757929735" lon="2.084685391652425">
        <ele>74.44</ele>
      </trkpt>
      <trkpt lat="48.92246289901161" lon="2.0846310879243775">
        <ele>74.2</ele>
      </trkpt>
      <trkpt lat="48.922439151025586" lon="2.0845812171537217">
        <ele>74.32000000000001</ele>
      </trkpt>
      <trkpt lat="48.922410000000006" lon="2.0845200000000004">
        <ele>74.34896385348665</ele>
      </trkpt>
      <trkpt lat="48.92230000000001" lon="2.08435">
        <ele>74.44036939521419</ele>
      </trkpt>
      <trkpt lat="48.92227081133087" lon="2.084324459914509">
        <ele>74.46000000000001</ele>
      </trkpt>
      <trkpt lat="48.92222" lon="2.08428">
        <ele>74.32440658232221</ele>
      </trkpt>
      <trkpt lat="48.922270000000005" lon="2.08421">
        <ele>74.16723470192728</ele>
      </trkpt>
      <trkpt lat="48.92227088427814" lon="2.0841987424591024">
        <ele>74.15</ele>
      </trkpt>
      <trkpt lat="48.92228155909754" lon="2.0840628437967217">
        <ele>73.99</ele>
      </trkpt>
      <trkpt lat="48.92229223391694" lon="2.0839269451343405">
        <ele>73.89000000000001</ele>
      </trkpt>
      <trkpt lat="48.92231358355575" lon="2.0836551478095786">
        <ele>73.74</ele>
      </trkpt>
      <trkpt lat="48.92235628283335" lon="2.083111553160055">
        <ele>73.18</ele>
      </trkpt>
      <trkpt lat="48.922388307291556" lon="2.0827038571729117">
        <ele>72.82000000000001</ele>
      </trkpt>
      <trkpt lat="48.92243100656916" lon="2.082160262523388">
        <ele>72.39000000000001</ele>
      </trkpt>
      <trkpt lat="48.922457693617666" lon="2.081820515867436">
        <ele>72.09</ele>
      </trkpt>
      <trkpt lat="48.92247370584677" lon="2.081616667873864">
        <ele>71.85000000000001</ele>
      </trkpt>
      <trkpt lat="48.92248438066617" lon="2.0814807692114834">
        <ele>71.66</ele>
      </trkpt>
      <trkpt lat="48.92250573030498" lon="2.0812089718867215">
        <ele>71.24000000000001</ele>
      </trkpt>
      <trkpt lat="48.922514483656876" lon="2.081097534983569">
        <ele>71.10000000000001</ele>
      </trkpt>
      <trkpt lat="48.92252120879311" lon="2.0810119188262695">
        <ele>71</ele>
      </trkpt>
      <trkpt lat="48.92253" lon="2.0809">
        <ele>70.91764538052982</ele>
      </trkpt>
      <trkpt lat="48.92253685452156" lon="2.080808005105398">
        <ele>70.85000000000001</ele>
      </trkpt>
      <trkpt lat="48.92255195272493" lon="2.0806053713233363">
        <ele>70.78</ele>
      </trkpt>
      <trkpt lat="48.922567253588745" lon="2.080400017624737">
        <ele>70.76</ele>
      </trkpt>
      <trkpt lat="48.92258245312234" lon="2.0801960238844064">
        <ele>70.79</ele>
      </trkpt>
      <trkpt lat="48.92259755132571" lon="2.079993390102345">
        <ele>70.87</ele>
      </trkpt>
      <trkpt lat="48.9226127508593" lon="2.079789396362014">
        <ele>71</ele>
      </trkpt>
      <trkpt lat="48.92264314992649" lon="2.0793814088813534">
        <ele>71.36</ele>
      </trkpt>
      <trkpt lat="48.922703948060864" lon="2.0785654339200317">
        <ele>71.97</ele>
      </trkpt>
      <trkpt lat="48.92272928061685" lon="2.078225444352814">
        <ele>72.33</ele>
      </trkpt>
      <trkpt lat="48.922769812706434" lon="2.077681461045266">
        <ele>72.97</ele>
      </trkpt>
      <trkpt lat="48.92277994572883" lon="2.077545465218379">
        <ele>73.11000000000001</ele>
      </trkpt>
      <trkpt lat="48.922790078751234" lon="2.077409469391492">
        <ele>73.21000000000001</ele>
      </trkpt>
      <trkpt lat="48.922840237212085" lon="2.0767362900484017">
        <ele>73.41</ele>
      </trkpt>
      <trkpt lat="48.92286536710762" lon="2.076399020397722">
        <ele>73.46000000000001</ele>
      </trkpt>
      <trkpt lat="48.922905493876314" lon="2.0758604769232494">
        <ele>73.68</ele>
      </trkpt>
      <trkpt lat="48.922935690283055" lon="2.0754552093591263">
        <ele>73.96000000000001</ele>
      </trkpt>
      <trkpt lat="48.922965785359565" lon="2.075051301753272">
        <ele>74.14000000000001</ele>
      </trkpt>
      <trkpt lat="48.922985848743906" lon="2.074782030016036">
        <ele>74.36000000000001</ele>
      </trkpt>
      <trkpt lat="48.922995981766306" lon="2.074646034189149">
        <ele>74.44</ele>
      </trkpt>
      <trkpt lat="48.92303114335402" lon="2.074174128669851">
        <ele>74.55</ele>
      </trkpt>
      <trkpt lat="48.92306123843053" lon="2.0737702210639966">
        <ele>74.75000000000001</ele>
      </trkpt>
      <trkpt lat="48.9230763366339" lon="2.0735675872819352">
        <ele>74.87</ele>
      </trkpt>
      <trkpt lat="48.92308484837272" lon="2.07345335078735">
        <ele>74.89000000000001</ele>
      </trkpt>
      <trkpt lat="48.923100000000005" lon="2.0732500000000003">
        <ele>74.94642536828245</ele>
      </trkpt>
      <trkpt lat="48.923100979936905" lon="2.073237120829343">
        <ele>74.95</ele>
      </trkpt>
      <trkpt lat="48.92312663497199" lon="2.07289994036821">
        <ele>75.16</ele>
      </trkpt>
      <trkpt lat="48.92316253133157" lon="2.0724281596423495">
        <ele>75.36000000000001</ele>
      </trkpt>
      <trkpt lat="48.923203600077244" lon="2.071888398984809">
        <ele>75.7</ele>
      </trkpt>
      <trkpt lat="48.923224082726236" lon="2.0716191984553562">
        <ele>75.9</ele>
      </trkpt>
      <trkpt lat="48.92324000000001" lon="2.07141">
        <ele>75.85591180416279</ele>
      </trkpt>
      <trkpt lat="48.923300000000005" lon="2.07117">
        <ele>75.80215423570998</ele>
      </trkpt>
      <trkpt lat="48.92330333125562" lon="2.07116104534041">
        <ele>75.80000000000001</ele>
      </trkpt>
      <trkpt lat="48.923435814360914" lon="2.0708049210298607">
        <ele>75.78</ele>
      </trkpt>
      <trkpt lat="48.92363564673711" lon="2.070267756936022">
        <ele>75.69000000000001</ele>
      </trkpt>
      <trkpt lat="48.92383503602602" lon="2.0697317838933893">
        <ele>75.43</ele>
      </trkpt>
      <trkpt lat="48.92387934475688" lon="2.0696126787728044">
        <ele>75.36000000000001</ele>
      </trkpt>
      <trkpt lat="48.92392365348775" lon="2.069493573652219">
        <ele>75.26</ele>
      </trkpt>
      <trkpt lat="48.92396796221861" lon="2.069374468531634">
        <ele>75.13</ele>
      </trkpt>
      <trkpt lat="48.924012270949476" lon="2.069255363411049">
        <ele>74.96000000000001</ele>
      </trkpt>
      <trkpt lat="48.92412304277664" lon="2.0689576006095862">
        <ele>74.46000000000001</ele>
      </trkpt>
      <trkpt lat="48.92418950587294" lon="2.068778942928709">
        <ele>74.04</ele>
      </trkpt>
      <trkpt lat="48.92427812333467" lon="2.0685407326875387">
        <ele>73.42</ele>
      </trkpt>
      <trkpt lat="48.92432243206554" lon="2.068421627566954">
        <ele>73.08</ele>
      </trkpt>
      <trkpt lat="48.92439" lon="2.0682400000000003">
        <ele>72.43027832118108</ele>
      </trkpt>
      <trkpt lat="48.92449288675681" lon="2.067941138468325">
        <ele>71.38</ele>
      </trkpt>
      <trkpt lat="48.924534624705615" lon="2.0678198996646553">
        <ele>70.92000000000002</ele>
      </trkpt>
      <trkpt lat="48.92461810060322" lon="2.0675774220573166">
        <ele>69.9</ele>
      </trkpt>
      <trkpt lat="48.924659838552024" lon="2.067456183253647">
        <ele>69.42</ele>
      </trkpt>
      <trkpt lat="48.92474748824451" lon="2.067201581765941">
        <ele>68.48</ele>
      </trkpt>
      <trkpt lat="48.92474748824451" lon="2.067201581765941">
        <ele>68.5</ele>
      </trkpt>
      <trkpt lat="48.924806756131815" lon="2.0670294226647306">
        <ele>67.9</ele>
      </trkpt>
      <trkpt lat="48.92481" lon="2.0670200000000003">
        <ele>67.87124364605543</ele>
      </trkpt>
      <trkpt lat="48.924848747090735" lon="2.066908385246102">
        <ele>67.53</ele>
      </trkpt>
      <trkpt lat="48.92491176551057" lon="2.066726854574015">
        <ele>67.04</ele>
      </trkpt>
      <trkpt lat="48.925037802350275" lon="2.066363793229842">
        <ele>66.2</ele>
      </trkpt>
      <trkpt lat="48.9251424129272" lon="2.0660624523141786">
        <ele>65.57000000000001</ele>
      </trkpt>
      <trkpt lat="48.92518442520711" lon="2.0659414318661207">
        <ele>65.25</ele>
      </trkpt>
      <trkpt lat="48.925226437487" lon="2.065820411418063">
        <ele>64.89</ele>
      </trkpt>
      <trkpt lat="48.92528945590684" lon="2.0656388807459765">
        <ele>64.30000000000001</ele>
      </trkpt>
      <trkpt lat="48.92545666478083" lon="2.0651572193627072">
        <ele>62.6</ele>
      </trkpt>
      <trkpt lat="48.92548000000001" lon="2.06509">
        <ele>62.35033339795061</ele>
      </trkpt>
      <trkpt lat="48.92554870639463" lon="2.0649254242175217">
        <ele>61.71000000000001</ele>
      </trkpt>
      <trkpt lat="48.925572821314674" lon="2.0648676605718412">
        <ele>61.50000000000001</ele>
      </trkpt>
      <trkpt lat="48.925596453936315" lon="2.0648110521990746">
        <ele>61.32000000000001</ele>
      </trkpt>
      <trkpt lat="48.92564420147799" lon="2.0646966801806275">
        <ele>61.01</ele>
      </trkpt>
      <trkpt lat="48.92569194901968" lon="2.06458230816218">
        <ele>60.79</ele>
      </trkpt>
      <trkpt lat="48.92571558164131" lon="2.064525699789413">
        <ele>60.71000000000001</ele>
      </trkpt>
      <trkpt lat="48.92573969656136" lon="2.0644679361437324">
        <ele>60.65</ele>
      </trkpt>
      <trkpt lat="48.92578696180464" lon="2.0643547193981986">
        <ele>60.61</ele>
      </trkpt>
      <trkpt lat="48.92583470934632" lon="2.0642403473797515">
        <ele>60.660000000000004</ele>
      </trkpt>
      <trkpt lat="48.925882456888" lon="2.064125975361304">
        <ele>60.77</ele>
      </trkpt>
      <trkpt lat="48.92590608950964" lon="2.0640693669885373">
        <ele>60.85000000000001</ele>
      </trkpt>
      <trkpt lat="48.92591" lon="2.06406">
        <ele>60.86637986050165</ele>
      </trkpt>
      <trkpt lat="48.925966300462065" lon="2.063969804361795">
        <ele>61.050000000000004</ele>
      </trkpt>
      <trkpt lat="48.925997271549306" lon="2.0639201874159054">
        <ele>61.18000000000001</ele>
      </trkpt>
      <trkpt lat="48.92608894596755" lon="2.063773321256072">
        <ele>61.620000000000005</ele>
      </trkpt>
      <trkpt lat="48.92633423697852" lon="2.0633803550446252">
        <ele>62.95</ele>
      </trkpt>
      <trkpt lat="48.926487234149505" lon="2.0631352473319304">
        <ele>63.72</ele>
      </trkpt>
      <trkpt lat="48.92657890856774" lon="2.062988381172097">
        <ele>64.11</ele>
      </trkpt>
      <trkpt lat="48.92679322849146" lon="2.06264503190654">
        <ele>64.89</ele>
      </trkpt>
      <trkpt lat="48.92689000000001" lon="2.0624900000000004">
        <ele>64.80848932793295</ele>
      </trkpt>
      <trkpt lat="48.92675995129458" lon="2.062323913701502">
        <ele>64.71000000000001</ele>
      </trkpt>
      <trkpt lat="48.92665799078793" lon="2.062193699078552">
        <ele>64.69000000000001</ele>
      </trkpt>
      <trkpt lat="48.92635142034564" lon="2.061802175381168">
        <ele>64.78</ele>
      </trkpt>
      <trkpt lat="48.92616954484729" lon="2.0615699006483377">
        <ele>64.87</ele>
      </trkpt>
      <trkpt lat="48.92616954484729" lon="2.0615699006483377">
        <ele>64.88000000000001</ele>
      </trkpt>
      <trkpt lat="48.92606000000001" lon="2.06143">
        <ele>64.90578524196462</ele>
      </trkpt>
      <trkpt lat="48.926050000000004" lon="2.06143">
        <ele>64.90758840141474</ele>
      </trkpt>
      <trkpt lat="48.92591233485431" lon="2.06125409453606">
        <ele>64.94000000000001</ele>
      </trkpt>
      <trkpt lat="48.92574220911452" lon="2.061036711646335">
        <ele>64.95</ele>
      </trkpt>
      <trkpt lat="48.925572083374746" lon="2.06081932875661">
        <ele>65.05000000000001</ele>
      </trkpt>
      <trkpt lat="48.92550389532519" lon="2.0607321995821857">
        <ele>65.05000000000001</ele>
      </trkpt>
      <trkpt lat="48.92516984275922" lon="2.0603053546367747">
        <ele>64.95</ele>
      </trkpt>
      <trkpt lat="48.92515" lon="2.06028">
        <ele>64.93597312005642</ele>
      </trkpt>
      <trkpt lat="48.92479611332909" lon="2.059846364220145">
        <ele>64.69000000000001</ele>
      </trkpt>
      <trkpt lat="48.92466021617055" lon="2.059679842349827">
        <ele>64.58</ele>
      </trkpt>
      <trkpt lat="48.92455794305124" lon="2.05955452176701">
        <ele>64.53</ele>
      </trkpt>
      <trkpt lat="48.924440000000004" lon="2.05941">
        <ele>64.44453319155843</ele>
      </trkpt>
      <trkpt lat="48.924420284223075" lon="2.0593847963264023">
        <ele>64.43</ele>
      </trkpt>
      <trkpt lat="48.92425088095719" lon="2.059168239574133">
        <ele>64.25</ele>
      </trkpt>
      <trkpt lat="48.924147586282864" lon="2.0590361927739687">
        <ele>64.16000000000001</ele>
      </trkpt>
      <trkpt lat="48.92358704051688" lon="2.058319618805078">
        <ele>63.94000000000001</ele>
      </trkpt>
      <trkpt lat="48.92347" lon="2.05817">
        <ele>63.88869098558298</ele>
      </trkpt>
      <trkpt lat="48.923460000000006" lon="2.05817">
        <ele>63.885334160445524</ele>
      </trkpt>
      <trkpt lat="48.923403395354015" lon="2.0580940306066906">
        <ele>63.86</ele>
      </trkpt>
      <trkpt lat="48.923269841979675" lon="2.057914787920082">
        <ele>63.74</ele>
      </trkpt>
      <trkpt lat="48.923105935565715" lon="2.057694808259244">
        <ele>63.660000000000004</ele>
      </trkpt>
      <trkpt lat="48.923080000000006" lon="2.0576600000000003">
        <ele>63.652055607574624</ele>
      </trkpt>
      <trkpt lat="48.92298504065365" lon="2.0574218232788004">
        <ele>63.61</ele>
      </trkpt>
      <trkpt lat="48.922804964689796" lon="2.056970157336687">
        <ele>63.410000000000004</ele>
      </trkpt>
      <trkpt lat="48.9226244222079" lon="2.0565173212755528">
        <ele>63.34</ele>
      </trkpt>
      <trkpt lat="48.92260202934193" lon="2.056461155562544">
        <ele>63.36</ele>
      </trkpt>
      <trkpt lat="48.92255677709195" lon="2.0563476540175047">
        <ele>63.45</ele>
      </trkpt>
      <trkpt lat="48.92247560295281" lon="2.0561440533078477">
        <ele>63.86</ele>
      </trkpt>
      <trkpt lat="48.922470000000004" lon="2.05613">
        <ele>63.883033169115926</ele>
      </trkpt>
      <trkpt lat="48.922434586566105" lon="2.056066255818986">
        <ele>64</ele>
      </trkpt>
      <trkpt lat="48.92238813498725" lon="2.055982642977054">
        <ele>64.12</ele>
      </trkpt>
      <trkpt lat="48.92237" lon="2.05595">
        <ele>64.12289189823531</ele>
      </trkpt>
      <trkpt lat="48.92235" lon="2.05586">
        <ele>64.12931934738552</ele>
      </trkpt>
      <trkpt lat="48.922116765320766" lon="2.055374619721593">
        <ele>64.17</ele>
      </trkpt>
      <trkpt lat="48.9220387286392" lon="2.0552122190599533">
        <ele>64.21000000000001</ele>
      </trkpt>
      <trkpt lat="48.921980000000005" lon="2.0550900000000003">
        <ele>64.26615678720404</ele>
      </trkpt>
      <trkpt lat="48.92193662535877" lon="2.0549919355937347">
        <ele>64.31</ele>
      </trkpt>
      <trkpt lat="48.92183819629156" lon="2.0547694003113524">
        <ele>64.48</ele>
      </trkpt>
      <trkpt lat="48.92183819629156" lon="2.0547694003113524">
        <ele>64.5</ele>
      </trkpt>
      <trkpt lat="48.92175" lon="2.05457">
        <ele>64.7111322702242</ele>
      </trkpt>
      <trkpt lat="48.921744456039995" lon="2.05456445603999">
        <ele>64.72</ele>
      </trkpt>
      <trkpt lat="48.92174000000001" lon="2.0545600000000004">
        <ele>64.724406571485</ele>
      </trkpt>
      <trkpt lat="48.921517095338736" lon="2.0540656371868935">
        <ele>65.05000000000001</ele>
      </trkpt>
      <trkpt lat="48.921366989873405" lon="2.0537327300162627">
        <ele>65.17</ele>
      </trkpt>
      <trkpt lat="48.92116701886367" lon="2.053289229955049">
        <ele>65.43</ele>
      </trkpt>
      <trkpt lat="48.921041846170546" lon="2.053011619229709">
        <ele>65.66000000000001</ele>
      </trkpt>
      <trkpt lat="48.9208673167651" lon="2.0526245441126703">
        <ele>65.9</ele>
      </trkpt>
      <trkpt lat="48.920827119030314" lon="2.0525353927008743">
        <ele>65.92</ele>
      </trkpt>
      <trkpt lat="48.920730000000006" lon="2.0523200000000004">
        <ele>65.98454424764789</ele>
      </trkpt>
      <trkpt lat="48.920730000000006" lon="2.0523100000000003">
        <ele>65.9870150944432</ele>
      </trkpt>
      <trkpt lat="48.920725458715204" lon="2.052300091742245">
        <ele>65.99000000000001</ele>
      </trkpt>
      <trkpt lat="48.92057368454911" lon="2.0519689481071324">
        <ele>66.23</ele>
      </trkpt>
      <trkpt lat="48.92042191038301" lon="2.0516378044720196">
        <ele>66.29</ele>
      </trkpt>
      <trkpt lat="48.92021971632445" lon="2.051196653798802">
        <ele>66.48</ele>
      </trkpt>
      <trkpt lat="48.91989095804604" lon="2.050479363009524">
        <ele>66.91000000000001</ele>
      </trkpt>
      <trkpt lat="48.919840023664875" lon="2.0503682334506217">
        <ele>66.95</ele>
      </trkpt>
      <trkpt lat="48.919740000000004" lon="2.0501500000000004">
        <ele>66.98</ele>
      </trkpt>
      <trkpt lat="48.919740000000004" lon="2.0501500000000004">
        <ele>66.98</ele>
      </trkpt>
      <trkpt lat="48.919740000000004" lon="2.0501400000000003">
        <ele>66.98315123173404</ele>
      </trkpt>
      <trkpt lat="48.91969083621495" lon="2.0500416724298876">
        <ele>67.02000000000001</ele>
      </trkpt>
      <trkpt lat="48.91969" lon="2.05004">
        <ele>67.02070151660642</ele>
      </trkpt>
      <trkpt lat="48.91961754086701" lon="2.0497962738253968">
        <ele>67.11</ele>
      </trkpt>
      <trkpt lat="48.91954488320738" lon="2.049551879879368">
        <ele>67.25</ele>
      </trkpt>
      <trkpt lat="48.919470000000004" lon="2.0493">
        <ele>67.25</ele>
      </trkpt>
      <trkpt lat="48.91938028602159" lon="2.0491695069404963">
        <ele>67.25</ele>
      </trkpt>
      <trkpt lat="48.91928406852183" lon="2.0490295542135706">
        <ele>67.11</ele>
      </trkpt>
      <trkpt lat="48.919250000000005" lon="2.0489800000000002">
        <ele>67.07824025590206</ele>
      </trkpt>
      <trkpt lat="48.919225664622" lon="2.0489280845269144">
        <ele>67.05000000000001</ele>
      </trkpt>
      <trkpt lat="48.91920007395505" lon="2.0488734911040924">
        <ele>67.04</ele>
      </trkpt>
      <trkpt lat="48.91914837036264" lon="2.0487631901069636">
        <ele>67.05000000000001</ele>
      </trkpt>
      <trkpt lat="48.91904496317784" lon="2.048542588112706">
        <ele>67.13000000000001</ele>
      </trkpt>
      <trkpt lat="48.918993781843945" lon="2.0484334012670633">
        <ele>67.13000000000001</ele>
      </trkpt>
      <trkpt lat="48.91875615422229" lon="2.0479264623408646">
        <ele>66.99000000000001</ele>
      </trkpt>
      <trkpt lat="48.91865000000001" lon="2.0477000000000003">
        <ele>66.99000000000001</ele>
      </trkpt>
      <trkpt lat="48.91865000000001" lon="2.0476900000000002">
        <ele>66.99000000000001</ele>
      </trkpt>
      <trkpt lat="48.91863999711112" lon="2.0476681918999105">
        <ele>66.99000000000001</ele>
      </trkpt>
      <trkpt lat="48.91843667725667" lon="2.0472249179829984">
        <ele>67.10000000000001</ele>
      </trkpt>
      <trkpt lat="48.91828431604928" lon="2.046892743098427">
        <ele>67.27000000000001</ele>
      </trkpt>
      <trkpt lat="48.91810621815146" lon="2.0465044575914613">
        <ele>67.35000000000001</ele>
      </trkpt>
      <trkpt lat="48.918055774238205" lon="2.046394480771569">
        <ele>67.42</ele>
      </trkpt>
      <trkpt lat="48.91795385694407" lon="2.0461722827068893">
        <ele>67.60000000000001</ele>
      </trkpt>
      <trkpt lat="48.917902898297" lon="2.0460611836745493">
        <ele>67.67</ele>
      </trkpt>
      <trkpt lat="48.91772531513299" lon="2.0456740203800314">
        <ele>67.77000000000001</ele>
      </trkpt>
      <trkpt lat="48.9176491345293" lon="2.045507932937746">
        <ele>67.87</ele>
      </trkpt>
      <trkpt lat="48.91754" lon="2.0452700000000004">
        <ele>67.53657941332557</ele>
      </trkpt>
      <trkpt lat="48.917518012415044" lon="2.045306122461005">
        <ele>67.48</ele>
      </trkpt>
      <trkpt lat="48.91742695437771" lon="2.0454557178080446">
        <ele>67.31</ele>
      </trkpt>
      <trkpt lat="48.91724483830306" lon="2.0457549085021234">
        <ele>67.14</ele>
      </trkpt>
      <trkpt lat="48.91712322387736" lon="2.045954703630048">
        <ele>66.99000000000001</ele>
      </trkpt>
      <trkpt lat="48.917001609451674" lon="2.046154498757973">
        <ele>66.87</ele>
      </trkpt>
      <trkpt lat="48.91697410870214" lon="2.0461996785607703">
        <ele>66.82000000000001</ele>
      </trkpt>
      <trkpt lat="48.91697410870214" lon="2.0461996785607703">
        <ele>66.81</ele>
      </trkpt>
      <trkpt lat="48.91684" lon="2.0464200000000003">
        <ele>66.58086103684144</ele>
      </trkpt>
      <trkpt lat="48.9168219033198" lon="2.046449624017593">
        <ele>66.55000000000001</ele>
      </trkpt>
      <trkpt lat="48.91667005357006" lon="2.0466981999777727">
        <ele>66.37</ele>
      </trkpt>
      <trkpt lat="48.916456974082536" lon="2.0470470081799603">
        <ele>66</ele>
      </trkpt>
      <trkpt lat="48.91633512690433" lon="2.0472464703415563">
        <ele>65.85000000000001</ele>
      </trkpt>
      <trkpt lat="48.9161220474168" lon="2.047595278543744">
        <ele>65.71000000000001</ele>
      </trkpt>
      <trkpt lat="48.91596958536968" lon="2.0478448568263437">
        <ele>65.59</ele>
      </trkpt>
      <trkpt lat="48.915878353060364" lon="2.047994202866936">
        <ele>65.57000000000001</ele>
      </trkpt>
      <trkpt lat="48.915757118179535" lon="2.0481926627061116">
        <ele>65.61</ele>
      </trkpt>
      <trkpt lat="48.91560465613243" lon="2.0484422409887113">
        <ele>65.77000000000001</ele>
      </trkpt>
      <trkpt lat="48.915513423823114" lon="2.048591587029303">
        <ele>65.84</ele>
      </trkpt>
      <trkpt lat="48.91539218894227" lon="2.0487900468684788">
        <ele>65.83</ele>
      </trkpt>
      <trkpt lat="48.915380000000006" lon="2.04881">
        <ele>65.82599189946204</ele>
      </trkpt>
      <trkpt lat="48.91529896121661" lon="2.0489364995643276">
        <ele>65.80000000000001</ele>
      </trkpt>
      <trkpt lat="48.91508050262759" lon="2.049277508093524">
        <ele>65.59</ele>
      </trkpt>
      <trkpt lat="48.9149562072235" lon="2.049471530187722">
        <ele>65.53</ele>
      </trkpt>
      <trkpt lat="48.91486267179314" lon="2.049617536713154">
        <ele>65.53</ele>
      </trkpt>
      <trkpt lat="48.91469568907854" lon="2.0498781926578844">
        <ele>65.59</ele>
      </trkpt>
      <trkpt lat="48.91456" lon="2.05009">
        <ele>65.59647155350338</ele>
      </trkpt>
      <trkpt lat="48.9144861481048" lon="2.050205671643081">
        <ele>65.60000000000001</ele>
      </trkpt>
      <trkpt lat="48.91439277583637" lon="2.0503519173647202">
        <ele>65.68</ele>
      </trkpt>
      <trkpt lat="48.91417532498305" lon="2.050692503038604">
        <ele>65.99000000000001</ele>
      </trkpt>
      <trkpt lat="48.91395724747021" lon="2.051034070227398">
        <ele>66.41000000000001</ele>
      </trkpt>
      <trkpt lat="48.91377363623094" lon="2.0513216540961245">
        <ele>66.87</ele>
      </trkpt>
      <trkpt lat="48.91373" lon="2.05139">
        <ele>66.99162982979638</ele>
      </trkpt>
      <trkpt lat="48.913670833317475" lon="2.051588631005628">
        <ele>67.27000000000001</ele>
      </trkpt>
      <trkpt lat="48.913590000000006" lon="2.05186">
        <ele>67.64539058522601</ele>
      </trkpt>
      <trkpt lat="48.91354103713771" lon="2.0520219540829627">
        <ele>67.87</ele>
      </trkpt>
      <trkpt lat="48.91346" lon="2.05229">
        <ele>67.8830148183454</ele>
      </trkpt>
      <trkpt lat="48.913597182401816" lon="2.052613571534715">
        <ele>67.9</ele>
      </trkpt>
      <trkpt lat="48.91379072812501" lon="2.0530700869904965">
        <ele>68.03</ele>
      </trkpt>
      <trkpt lat="48.91383948019634" lon="2.053185078289182">
        <ele>68.09</ele>
      </trkpt>
      <trkpt lat="48.91393649681828" lon="2.053413910973566">
        <ele>68.24000000000001</ele>
      </trkpt>
      <trkpt lat="48.91413004254147" lon="2.0538704264293473">
        <ele>68.59000000000002</ele>
      </trkpt>
      <trkpt lat="48.91427678627618" lon="2.0542165502383902">
        <ele>68.75</ele>
      </trkpt>
      <trkpt lat="48.91427678627618" lon="2.0542165502383902">
        <ele>68.74000000000001</ele>
      </trkpt>
      <trkpt lat="48.91430506247755" lon="2.0542832451916277">
        <ele>68.77000000000001</ele>
      </trkpt>
      <trkpt lat="48.91438" lon="2.05446">
        <ele>68.77686211891655</ele>
      </trkpt>
      <trkpt lat="48.914370000000005" lon="2.05446">
        <ele>68.7773585244196</ele>
      </trkpt>
      <trkpt lat="48.91450932492476" lon="2.0547843658404426">
        <ele>68.79</ele>
      </trkpt>
      <trkpt lat="48.91463134596121" lon="2.0550684460659365">
        <ele>68.69</ele>
      </trkpt>
      <trkpt lat="48.91472925800256" lon="2.0552963975372003">
        <ele>68.66</ele>
      </trkpt>
      <trkpt lat="48.91499839311119" lon="2.05592297771198">
        <ele>68.82000000000001</ele>
      </trkpt>
      <trkpt lat="48.91501" lon="2.05595">
        <ele>68.83191427459171</ele>
      </trkpt>
      <trkpt lat="48.91496229699243" lon="2.0560233497858436">
        <ele>68.87</ele>
      </trkpt>
      <trkpt lat="48.91480478352708" lon="2.0562655479099723">
        <ele>69.08</ele>
      </trkpt>
      <trkpt lat="48.914742157691464" lon="2.056361843549686">
        <ele>69.14</ele>
      </trkpt>
      <trkpt lat="48.91445939255489" lon="2.056796632953243">
        <ele>69.3</ele>
      </trkpt>
      <trkpt lat="48.91430187908954" lon="2.0570388310773717">
        <ele>69.46000000000001</ele>
      </trkpt>
      <trkpt lat="48.91422470381737" lon="2.0571574984313625">
        <ele>69.47</ele>
      </trkpt>
      <trkpt lat="48.91417599483411" lon="2.0572323950400286">
        <ele>69.48</ele>
      </trkpt>
      <trkpt lat="48.91411336899849" lon="2.0573286906797428">
        <ele>69.52000000000001</ele>
      </trkpt>
      <trkpt lat="48.914080000000006" lon="2.05738">
        <ele>69.54754031088174</ele>
      </trkpt>
      <trkpt lat="48.913956585609185" lon="2.0575719779412758">
        <ele>69.65</ele>
      </trkpt>
      <trkpt lat="48.91383144166123" lon="2.057766646304754">
        <ele>69.81000000000002</ele>
      </trkpt>
      <trkpt lat="48.91376918411928" lon="2.0578634913700027">
        <ele>69.87</ele>
      </trkpt>
      <trkpt lat="48.91358178262939" lon="2.058155004798729">
        <ele>69.9</ele>
      </trkpt>
      <trkpt lat="48.91342519547844" lon="2.0583985848113233">
        <ele>70.04</ele>
      </trkpt>
      <trkpt lat="48.9133314947335" lon="2.0585443415256868">
        <ele>70.10000000000001</ele>
      </trkpt>
      <trkpt lat="48.91323779398854" lon="2.0586900982400502">
        <ele>70.13000000000001</ele>
      </trkpt>
      <trkpt lat="48.91314409324359" lon="2.0588358549544137">
        <ele>70.12</ele>
      </trkpt>
      <trkpt lat="48.913051021362705" lon="2.058980633435795">
        <ele>70.41</ele>
      </trkpt>
      <trkpt lat="48.913000000000004" lon="2.05906">
        <ele>70.58849167264847</ele>
      </trkpt>
      <trkpt lat="48.91299094214638" lon="2.0590381682502397">
        <ele>70.63000000000001</ele>
      </trkpt>
      <trkpt lat="48.912800830846294" lon="2.0585799512705343">
        <ele>71.63</ele>
      </trkpt>
      <trkpt lat="48.9127206576465" lon="2.0583867133018208">
        <ele>71.96000000000001</ele>
      </trkpt>
      <trkpt lat="48.9127206576465" lon="2.0583867133018208">
        <ele>71.97</ele>
      </trkpt>
      <trkpt lat="48.91261" lon="2.05812">
        <ele>72.45497385085883</ele>
      </trkpt>
      <trkpt lat="48.912600000000005" lon="2.05812">
        <ele>72.47836945395193</ele>
      </trkpt>
      <trkpt lat="48.912512368245466" lon="2.0579106574752783">
        <ele>72.86000000000001</ele>
      </trkpt>
      <trkpt lat="48.912464537933644" lon="2.05779639617481">
        <ele>73.05</ele>
      </trkpt>
      <trkpt lat="48.91239255089867" lon="2.0576244271468322">
        <ele>73.25000000000001</ele>
      </trkpt>
      <trkpt lat="48.91234472058686" lon="2.057510165846364">
        <ele>73.35000000000001</ele>
      </trkpt>
      <trkpt lat="48.912177072928245" lon="2.057109674217449">
        <ele>73.48</ele>
      </trkpt>
      <trkpt lat="48.91210653529666" lon="2.0569411676531217">
        <ele>73.42</ele>
      </trkpt>
      <trkpt lat="48.912060000000004" lon="2.05683">
        <ele>73.3978858163652</ele>
      </trkpt>
      <trkpt lat="48.911930571303245" lon="2.0564765600973134">
        <ele>73.33</ele>
      </trkpt>
      <trkpt lat="48.91190693379271" lon="2.0564120115108486">
        <ele>73.28000000000002</ele>
      </trkpt>
      <trkpt lat="48.91190693379271" lon="2.0564120115108486">
        <ele>73.27</ele>
      </trkpt>
      <trkpt lat="48.9118268288959" lon="2.056193263523384">
        <ele>73.14000000000001</ele>
      </trkpt>
      <trkpt lat="48.91180000000001" lon="2.05612">
        <ele>73.12123753031507</ele>
      </trkpt>
      <trkpt lat="48.91179" lon="2.05612">
        <ele>73.11783360686331</ele>
      </trkpt>
      <trkpt lat="48.911734515215684" lon="2.0559734632619184">
        <ele>73.08</ele>
      </trkpt>
      <trkpt lat="48.91164652236131" lon="2.0557410718772777">
        <ele>72.98</ele>
      </trkpt>
      <trkpt lat="48.911515430966006" lon="2.055394856140977">
        <ele>72.86000000000001</ele>
      </trkpt>
      <trkpt lat="48.91144898738209" lon="2.055219376932167">
        <ele>73.16</ele>
      </trkpt>
      <trkpt lat="48.91140000000001" lon="2.0550900000000003">
        <ele>73.34674406516507</ele>
      </trkpt>
      <trkpt lat="48.91128209335764" lon="2.055276054518231">
        <ele>73.67</ele>
      </trkpt>
      <trkpt lat="48.911158495521555" lon="2.055471089635726">
        <ele>74.04</ele>
      </trkpt>
      <trkpt lat="48.91106548502874" lon="2.0556178584867695">
        <ele>74.26</ele>
      </trkpt>
      <trkpt lat="48.91084887669984" lon="2.0559596624553076">
        <ele>74.68</ele>
      </trkpt>
      <trkpt lat="48.910663479945704" lon="2.0562522151315497">
        <ele>75.2</ele>
      </trkpt>
      <trkpt lat="48.91046435009868" lon="2.056566438376402">
        <ele>75.54</ele>
      </trkpt>
      <trkpt lat="48.91046435009868" lon="2.056566438376402">
        <ele>75.53</ele>
      </trkpt>
      <trkpt lat="48.91031" lon="2.05681">
        <ele>75.8037567881641</ele>
      </trkpt>
      <trkpt lat="48.91028948456849" lon="2.0568421258130893">
        <ele>75.84</ele>
      </trkpt>
      <trkpt lat="48.91022744156184" lon="2.0569392810707585">
        <ele>75.93</ele>
      </trkpt>
      <trkpt lat="48.90994730798634" lon="2.0573779517796296">
        <ele>76.27</ele>
      </trkpt>
      <trkpt lat="48.90969913595974" lon="2.0577665728103067">
        <ele>76.7</ele>
      </trkpt>
      <trkpt lat="48.909637092953076" lon="2.057863728067976">
        <ele>76.76</ele>
      </trkpt>
      <trkpt lat="48.909450963933125" lon="2.0581551938409843">
        <ele>76.85</ele>
      </trkpt>
      <trkpt lat="48.909295543067984" lon="2.058398572668277">
        <ele>76.85</ele>
      </trkpt>
      <trkpt lat="48.90920216520948" lon="2.058544796237901">
        <ele>76.82</ele>
      </trkpt>
      <trkpt lat="48.90914012220283" lon="2.05864195149557">
        <ele>76.77000000000001</ele>
      </trkpt>
      <trkpt lat="48.90892265833103" lon="2.0589824855805325">
        <ele>76.46</ele>
      </trkpt>
      <trkpt lat="48.90873590261404" lon="2.0592749327197795">
        <ele>76.17</ele>
      </trkpt>
      <trkpt lat="48.90864377814961" lon="2.0594191935569253">
        <ele>75.97000000000001</ele>
      </trkpt>
      <trkpt lat="48.90849" lon="2.05966">
        <ele>75.60715920865084</ele>
      </trkpt>
      <trkpt lat="48.90839390095022" lon="2.059811012792508">
        <ele>75.38</ele>
      </trkpt>
      <trkpt lat="48.90833197066832" lon="2.059908331806925">
        <ele>75.25000000000001</ele>
      </trkpt>
      <trkpt lat="48.908114901902465" lon="2.06024943986756">
        <ele>74.87</ele>
      </trkpt>
      <trkpt lat="48.90786655521646" lon="2.0606396989455766">
        <ele>74.49</ele>
      </trkpt>
      <trkpt lat="48.907804624934556" lon="2.060737017959994">
        <ele>74.37</ele>
      </trkpt>
      <trkpt lat="48.907743320211054" lon="2.060833353954064">
        <ele>74.18</ele>
      </trkpt>
      <trkpt lat="48.9076507375674" lon="2.060978840965516">
        <ele>73.96000000000001</ele>
      </trkpt>
      <trkpt lat="48.907650000000004" lon="2.0609800000000003">
        <ele>73.95880903594112</ele>
      </trkpt>
      <trkpt lat="48.907725769588495" lon="2.061048010052324">
        <ele>73.86000000000001</ele>
      </trkpt>
      <trkpt lat="48.90791631486138" lon="2.0612190416526843">
        <ele>73.66</ele>
      </trkpt>
      <trkpt lat="48.90822227170199" lon="2.0614936655638325">
        <ele>73.19</ele>
      </trkpt>
      <trkpt lat="48.90837486283515" lon="2.061630629894202">
        <ele>72.99</ele>
      </trkpt>
      <trkpt lat="48.90879545666921" lon="2.06200815086573">
        <ele>72.64000000000001</ele>
      </trkpt>
      <trkpt lat="48.90887136494865" lon="2.062076285405711">
        <ele>72.62</ele>
      </trkpt>
      <trkpt lat="48.9089860019421" lon="2.0621791824660907">
        <ele>72.62</ele>
      </trkpt>
      <trkpt lat="48.90906268479581" lon="2.0622480122564797">
        <ele>72.59</ele>
      </trkpt>
      <trkpt lat="48.90912077786682" lon="2.062300156037077">
        <ele>72.52</ele>
      </trkpt>
      <trkpt lat="48.90912077786682" lon="2.062300156037077">
        <ele>72.53000000000002</ele>
      </trkpt>
      <trkpt lat="48.909260201237224" lon="2.062425301110512">
        <ele>72.38</ele>
      </trkpt>
      <trkpt lat="48.909310000000005" lon="2.0624700000000002">
        <ele>72.34501127367432</ele>
      </trkpt>
      <trkpt lat="48.9093" lon="2.0624700000000002">
        <ele>72.33895985420452</ele>
      </trkpt>
      <trkpt lat="48.90935549660328" lon="2.0625196548555667">
        <ele>72.3</ele>
      </trkpt>
      <trkpt lat="48.90943224281129" lon="2.0625883225153623">
        <ele>72.29</ele>
      </trkpt>
      <trkpt lat="48.9095089890193" lon="2.0626569901751575">
        <ele>72.33</ele>
      </trkpt>
      <trkpt lat="48.909584960013085" lon="2.0627249642222276">
        <ele>72.41</ele>
      </trkpt>
      <trkpt lat="48.90966170622109" lon="2.0627936318820232">
        <ele>72.53000000000002</ele>
      </trkpt>
      <trkpt lat="48.909738452429096" lon="2.0628622995418184">
        <ele>72.73</ele>
      </trkpt>
      <trkpt lat="48.90977643792599" lon="2.062896286565354">
        <ele>72.87</ele>
      </trkpt>
      <trkpt lat="48.909870000000005" lon="2.06298">
        <ele>73.26143317505402</ele>
      </trkpt>
      <trkpt lat="48.909888259964205" lon="2.0630049873194354">
        <ele>73.35000000000001</ele>
      </trkpt>
      <trkpt lat="48.9100534201342" lon="2.0632309959731137">
        <ele>74.67</ele>
      </trkpt>
      <trkpt lat="48.91006" lon="2.06324">
        <ele>74.71418097227063</ele>
      </trkpt>
      <trkpt lat="48.910019689972415" lon="2.0633438758403218">
        <ele>75.11000000000001</ele>
      </trkpt>
      <trkpt lat="48.9099744233362" lon="2.0634605244798028">
        <ele>75.47000000000001</ele>
      </trkpt>
      <trkpt lat="48.909951561398714" lon="2.0635194379340858">
        <ele>75.62</ele>
      </trkpt>
      <trkpt lat="48.909861485365035" lon="2.0637515569439624">
        <ele>76.12</ele>
      </trkpt>
      <trkpt lat="48.909816218728814" lon="2.0638682055834434">
        <ele>76.33000000000001</ele>
      </trkpt>
      <trkpt lat="48.909800000000004" lon="2.0639100000000004">
        <ele>76.39427636073586</ele>
      </trkpt>
      <trkpt lat="48.90973539828062" lon="2.064030292856798">
        <ele>76.6</ele>
      </trkpt>
      <trkpt lat="48.90967963305674" lon="2.064134131549525">
        <ele>76.74</ele>
      </trkpt>
      <trkpt lat="48.90962329879997" lon="2.0642390298207496">
        <ele>76.86000000000001</ele>
      </trkpt>
      <trkpt lat="48.909538512898365" lon="2.0643969070168344">
        <ele>77.01</ele>
      </trkpt>
      <trkpt lat="48.909510000000004" lon="2.0644500000000003">
        <ele>77.03708521350228</ele>
      </trkpt>
      <trkpt lat="48.909359088808316" lon="2.064695929349419">
        <ele>77.17</ele>
      </trkpt>
      <trkpt lat="48.90920749782313" lon="2.064942966510462">
        <ele>77.34</ele>
      </trkpt>
      <trkpt lat="48.909116665977756" lon="2.065090988776998">
        <ele>77.38000000000001</ele>
      </trkpt>
      <trkpt lat="48.90905590683794" lon="2.065190003671505">
        <ele>77.43</ele>
      </trkpt>
      <trkpt lat="48.908812870278695" lon="2.0655860632495338">
        <ele>77.75</ele>
      </trkpt>
      <trkpt lat="48.90875211113889" lon="2.065685078144041">
        <ele>77.81</ele>
      </trkpt>
      <trkpt lat="48.90869196572776" lon="2.0657830928880982">
        <ele>77.81</ele>
      </trkpt>
      <trkpt lat="48.908584563207896" lon="2.0659581192167726">
        <ele>77.66000000000001</ele>
      </trkpt>
      <trkpt lat="48.908584563207896" lon="2.0659581192167726">
        <ele>77.67</ele>
      </trkpt>
      <trkpt lat="48.90853607864178" lon="2.0660371311022883">
        <ele>77.64</ele>
      </trkpt>
      <trkpt lat="48.908475933230655" lon="2.066135145846346">
        <ele>77.65</ele>
      </trkpt>
      <trkpt lat="48.90843" lon="2.0662100000000003">
        <ele>77.69157938531859</ele>
      </trkpt>
      <trkpt lat="48.90835229772634" lon="2.066330085332037">
        <ele>77.76</ele>
      </trkpt>
      <trkpt lat="48.90828983665269" lon="2.0664266160822033">
        <ele>77.78</ele>
      </trkpt>
      <trkpt lat="48.908134630348506" lon="2.066666480370495">
        <ele>77.65</ele>
      </trkpt>
      <trkpt lat="48.90804062327808" lon="2.0668117640247856">
        <ele>77.64</ele>
      </trkpt>
      <trkpt lat="48.90795671092663" lon="2.066941446749756">
        <ele>77.61000000000001</ele>
      </trkpt>
      <trkpt lat="48.907880000000006" lon="2.06706">
        <ele>77.52120135712642</ele>
      </trkpt>
      <trkpt lat="48.90784367976042" lon="2.067113894549061">
        <ele>77.48</ele>
      </trkpt>
      <trkpt lat="48.907723286510034" lon="2.067292542598031">
        <ele>77.37</ele>
      </trkpt>
      <trkpt lat="48.9076325087116" lon="2.0674272451376288">
        <ele>77.31</ele>
      </trkpt>
      <trkpt lat="48.90754366235569" lon="2.067559081665746">
        <ele>77.22000000000001</ele>
      </trkpt>
      <trkpt lat="48.90742520054782" lon="2.0677348637032353">
        <ele>77.06</ele>
      </trkpt>
      <trkpt lat="48.90732927223601" lon="2.067877208940115">
        <ele>76.86000000000001</ele>
      </trkpt>
      <trkpt lat="48.90726" lon="2.0679800000000004">
        <ele>76.74588236109275</ele>
      </trkpt>
      <trkpt lat="48.90718776260484" lon="2.0679232420466613">
        <ele>76.65</ele>
      </trkpt>
      <trkpt lat="48.90702875037122" lon="2.0677983038631003">
        <ele>76.35</ele>
      </trkpt>
      <trkpt lat="48.906980000000004" lon="2.0677600000000003">
        <ele>76.26835103457955</ele>
      </trkpt>
      <trkpt lat="48.90683228107656" lon="2.0675854230904793">
        <ele>75.99</ele>
      </trkpt>
      <trkpt lat="48.906650000000006" lon="2.0673700000000004">
        <ele>75.59673980897124</ele>
      </trkpt>
      <trkpt lat="48.906650000000006" lon="2.0673600000000003">
        <ele>75.5855409844785</ele>
      </trkpt>
      <trkpt lat="48.90657360191253" lon="2.067268673550598">
        <ele>75.42</ele>
      </trkpt>
      <trkpt lat="48.90636216536573" lon="2.0670159218164983">
        <ele>74.92</ele>
      </trkpt>
      <trkpt lat="48.906256800665155" lon="2.0668899686112114">
        <ele>74.75000000000001</ele>
      </trkpt>
      <trkpt lat="48.906151435964574" lon="2.0667640154059246">
        <ele>74.67</ele>
      </trkpt>
      <trkpt lat="48.906081428546074" lon="2.0666803283769086">
        <ele>74.66</ele>
      </trkpt>
      <trkpt lat="48.90601071398193" lon="2.066595796024367">
        <ele>74.71000000000001</ele>
      </trkpt>
      <trkpt lat="48.90583534186284" lon="2.0663861557900636">
        <ele>75.00000000000001</ele>
      </trkpt>
      <trkpt lat="48.90548389047905" lon="2.0659660299979317">
        <ele>75.44000000000001</ele>
      </trkpt>
      <trkpt lat="48.9054131759149" lon="2.06588149764539">
        <ele>75.55000000000001</ele>
      </trkpt>
      <trkpt lat="48.90520244651375" lon="2.0656295912348157">
        <ele>75.95</ele>
      </trkpt>
      <trkpt lat="48.90509708181317" lon="2.065503638029529">
        <ele>76.08000000000001</ele>
      </trkpt>
      <trkpt lat="48.90491" lon="2.06528">
        <ele>76.19698191414783</ele>
      </trkpt>
      <trkpt lat="48.90489056438909" lon="2.0652526461772416">
        <ele>76.21</ele>
      </trkpt>
      <trkpt lat="48.9047611736606" lon="2.0650705407075156">
        <ele>76.34</ele>
      </trkpt>
      <trkpt lat="48.90464" lon="2.0649">
        <ele>76.5228215675962</ele>
      </trkpt>
      <trkpt lat="48.90459329802963" lon="2.064841114906927">
        <ele>76.59</ele>
      </trkpt>
      <trkpt lat="48.90459329802963" lon="2.064841114906927">
        <ele>76.6</ele>
      </trkpt>
      <trkpt lat="48.90449843604796" lon="2.064721506321338">
        <ele>76.79</ele>
      </trkpt>
      <trkpt lat="48.90443057857202" lon="2.0646359468951507">
        <ele>76.96</ele>
      </trkpt>
      <trkpt lat="48.904410000000006" lon="2.06461">
        <ele>77.02604365431024</ele>
      </trkpt>
      <trkpt lat="48.9044" lon="2.06461">
        <ele>77.05075361714523</ele>
      </trkpt>
      <trkpt lat="48.904359456235916" lon="2.0645597257325363">
        <ele>77.18</ele>
      </trkpt>
      <trkpt lat="48.904188667494104" lon="2.064347947692682">
        <ele>77.80000000000001</ele>
      </trkpt>
      <trkpt lat="48.90415" lon="2.0643000000000002">
        <ele>77.80000000000001</ele>
      </trkpt>
      <trkpt lat="48.904090000000004" lon="2.06426">
        <ele>77.80000000000001</ele>
      </trkpt>
      <trkpt lat="48.90408507652478" lon="2.064250768483958">
        <ele>77.80000000000001</ele>
      </trkpt>
      <trkpt lat="48.90401481420985" lon="2.064119026643463">
        <ele>77.75</ele>
      </trkpt>
      <trkpt lat="48.90401000000001" lon="2.0641100000000003">
        <ele>77.74481939596416</ele>
      </trkpt>
      <trkpt lat="48.903960000000005" lon="2.06413">
        <ele>77.70976629896879</ele>
      </trkpt>
      <trkpt lat="48.903946961432155" lon="2.064120686737249">
        <ele>77.7</ele>
      </trkpt>
      <trkpt lat="48.903890000000004" lon="2.06408">
        <ele>77.77983393286914</ele>
      </trkpt>
      <trkpt lat="48.90386" lon="2.064">
        <ele>77.85664100094633</ele>
      </trkpt>
      <trkpt lat="48.90385741199375" lon="2.0639844719624563">
        <ele>77.87</ele>
      </trkpt>
      <trkpt lat="48.903830000000006" lon="2.06382">
        <ele>77.98236577931095</ele>
      </trkpt>
      <trkpt lat="48.9037" lon="2.0637100000000004">
        <ele>78.13223228373207</ele>
      </trkpt>
      <trkpt lat="48.90369480209931" lon="2.0637013368321755">
        <ele>78.14</ele>
      </trkpt>
      <trkpt lat="48.903580000000005" lon="2.06351">
        <ele>78.37370783836481</ele>
      </trkpt>
      <trkpt lat="48.903464637311075" lon="2.063286599237315">
        <ele>78.63000000000001</ele>
      </trkpt>
      <trkpt lat="48.90340963628216" lon="2.0631800893082954">
        <ele>78.80000000000001</ele>
      </trkpt>
      <trkpt lat="48.9033268569558" lon="2.063019786485831">
        <ele>79.13000000000001</ele>
      </trkpt>
      <trkpt lat="48.903189076600526" lon="2.062752973734346">
        <ele>79.75</ele>
      </trkpt>
      <trkpt lat="48.90310074161468" lon="2.0625819123331928">
        <ele>80.12</ele>
      </trkpt>
      <trkpt lat="48.90310074161468" lon="2.0625819123331928">
        <ele>80.13000000000001</ele>
      </trkpt>
      <trkpt lat="48.90299685078228" lon="2.0623807269117105">
        <ele>80.58000000000001</ele>
      </trkpt>
      <trkpt lat="48.902950000000004" lon="2.06229">
        <ele>80.79422497260546</ele>
      </trkpt>
      <trkpt lat="48.902950000000004" lon="2.0622800000000003">
        <ele>80.81279281947576</ele>
      </trkpt>
      <trkpt lat="48.9027248430502" lon="2.06184557953215">
        <ele>81.84</ele>
      </trkpt>
      <trkpt lat="48.9026697176985" lon="2.061739220030051">
        <ele>82.12</ele>
      </trkpt>
      <trkpt lat="48.90258675126009" lon="2.0615791436076996">
        <ele>82.59</ele>
      </trkpt>
      <trkpt lat="48.9024765005567" lon="2.061366424603501">
        <ele>83.27000000000001</ele>
      </trkpt>
      <trkpt lat="48.90242081838326" lon="2.0612589907629966">
        <ele>83.63000000000001</ele>
      </trkpt>
      <trkpt lat="48.90236569303157" lon="2.061152631260897">
        <ele>84.04</ele>
      </trkpt>
      <trkpt lat="48.90225544232817" lon="2.0609399122566985">
        <ele>84.97</ele>
      </trkpt>
      <trkpt lat="48.90223094217186" lon="2.0608926413668764">
        <ele>84.99000000000001</ele>
      </trkpt>
      <trkpt lat="48.90216078263334" lon="2.060757274727841">
        <ele>85.10000000000001</ele>
      </trkpt>
      <trkpt lat="48.90213238472489" lon="2.060702483469184">
        <ele>85.12</ele>
      </trkpt>
      <trkpt lat="48.902100000000004" lon="2.0606400000000002">
        <ele>85.05788743078308</ele>
      </trkpt>
      <trkpt lat="48.902102661401074" lon="2.060578787775384">
        <ele>85.01</ele>
      </trkpt>
      <trkpt lat="48.902107112892224" lon="2.0604764034790546">
        <ele>85.03</ele>
      </trkpt>
      <trkpt lat="48.90211000000001" lon="2.06041">
        <ele>85.12569079405603</ele>
      </trkpt>
      <trkpt lat="48.90210327211648" lon="2.060396544232943">
        <ele>85.15</ele>
      </trkpt>
      <trkpt lat="48.90205100478404" lon="2.0602920095680712">
        <ele>85.38000000000001</ele>
      </trkpt>
      <trkpt lat="48.90205100478404" lon="2.0602920095680712">
        <ele>85.41000000000001</ele>
      </trkpt>
      <trkpt lat="48.90203" lon="2.0602500000000004">
        <ele>85.5267117705352</ele>
      </trkpt>
      <trkpt lat="48.90196" lon="2.0602300000000002">
        <ele>85.76630021723109</ele>
      </trkpt>
      <trkpt lat="48.90195939931674" lon="2.0602314015942773">
        <ele>85.77000000000001</ele>
      </trkpt>
      <trkpt lat="48.90195939931674" lon="2.0602314015942773">
        <ele>85.82000000000001</ele>
      </trkpt>
      <trkpt lat="48.90193000000001" lon="2.0603000000000002">
        <ele>86.03092342653525</ele>
      </trkpt>
      <trkpt lat="48.90190263044862" lon="2.060254384081027">
        <ele>86.19</ele>
      </trkpt>
      <trkpt lat="48.90190263044862" lon="2.060254384081027">
        <ele>86.25</ele>
      </trkpt>
      <trkpt lat="48.90187" lon="2.0602">
        <ele>86.4634268285005</ele>
      </trkpt>
      <trkpt lat="48.90187" lon="2.06019">
        <ele>86.49241240246185</ele>
      </trkpt>
      <trkpt lat="48.901838730558026" lon="2.0601319281792008">
        <ele>86.71000000000001</ele>
      </trkpt>
      <trkpt lat="48.901838730558026" lon="2.0601319281792008">
        <ele>86.74000000000001</ele>
      </trkpt>
      <trkpt lat="48.9018" lon="2.06006">
        <ele>87.03705365899884</ele>
      </trkpt>
      <trkpt lat="48.901790000000005" lon="2.0600500000000004">
        <ele>87.0952157577035</ele>
      </trkpt>
      <trkpt lat="48.90175642682182" lon="2.0599694243723508">
        <ele>87.4</ele>
      </trkpt>
      <trkpt lat="48.90175642682182" lon="2.0599694243723508">
        <ele>87.43</ele>
      </trkpt>
      <trkpt lat="48.901740000000004" lon="2.05993">
        <ele>87.5732589057739</ele>
      </trkpt>
      <trkpt lat="48.90173" lon="2.0599100000000004">
        <ele>87.65038081261437</ele>
      </trkpt>
      <trkpt lat="48.90166000000001" lon="2.05979">
        <ele>88.14278255727346</ele>
      </trkpt>
      <trkpt lat="48.90166000000001" lon="2.0597800000000004">
        <ele>88.1734741130906</ele>
      </trkpt>
      <trkpt lat="48.901657698740415" lon="2.059775908871831">
        <ele>88.19</ele>
      </trkpt>
      <trkpt lat="48.901657698740415" lon="2.059775908871831">
        <ele>88.2</ele>
      </trkpt>
      <trkpt lat="48.90160156718376" lon="2.0596761194377766">
        <ele>88.60000000000001</ele>
      </trkpt>
      <trkpt lat="48.90157000000001" lon="2.0596200000000002">
        <ele>88.84594688826772</ele>
      </trkpt>
      <trkpt lat="48.90157000000001" lon="2.05961">
        <ele>88.8792454914649</ele>
      </trkpt>
      <trkpt lat="48.9015538669777" lon="2.0595793472576283">
        <ele>89.01</ele>
      </trkpt>
      <trkpt lat="48.9015538669777" lon="2.0595793472576283">
        <ele>89.05</ele>
      </trkpt>
      <trkpt lat="48.90147" lon="2.0594200000000003">
        <ele>89.78259526514037</ele>
      </trkpt>
      <trkpt lat="48.90147" lon="2.05941">
        <ele>89.81848407539619</ele>
      </trkpt>
      <trkpt lat="48.901432210066325" lon="2.0593412910296798">
        <ele>90.14000000000001</ele>
      </trkpt>
      <trkpt lat="48.901432210066325" lon="2.0593412910296798">
        <ele>90.35000000000001</ele>
      </trkpt>
      <trkpt lat="48.90136584416374" lon="2.0592206257522467">
        <ele>90.95</ele>
      </trkpt>
      <trkpt lat="48.90136584416374" lon="2.0592206257522467">
        <ele>90.96000000000001</ele>
      </trkpt>
      <trkpt lat="48.901360000000004" lon="2.05921">
        <ele>91.01340883188374</ele>
      </trkpt>
      <trkpt lat="48.901360000000004" lon="2.0592">
        <ele>91.05195883016955</ele>
      </trkpt>
      <trkpt lat="48.901286474156784" lon="2.0590642599817452">
        <ele>91.73</ele>
      </trkpt>
      <trkpt lat="48.901230000000005" lon="2.0589600000000003">
        <ele>92.25348292513058</ele>
      </trkpt>
      <trkpt lat="48.901210000000006" lon="2.05892">
        <ele>92.44822067886547</ele>
      </trkpt>
      <trkpt lat="48.90115" lon="2.0588">
        <ele>93.03243423628727</ele>
      </trkpt>
      <trkpt lat="48.90115" lon="2.058795466807789">
        <ele>93.05000000000001</ele>
      </trkpt>
      <trkpt lat="48.90115" lon="2.05879">
        <ele>93.06625946053782</ele>
      </trkpt>
      <trkpt lat="48.901070000000004" lon="2.05864">
        <ele>93.64</ele>
      </trkpt>
      <trkpt lat="48.901070000000004" lon="2.05864">
        <ele>93.64</ele>
      </trkpt>
      <trkpt lat="48.901070000000004" lon="2.05863">
        <ele>93.67269735606774</ele>
      </trkpt>
      <trkpt lat="48.900935791411634" lon="2.058380755478737">
        <ele>94.7</ele>
      </trkpt>
      <trkpt lat="48.90093" lon="2.05837">
        <ele>94.73944676230886</ele>
      </trkpt>
      <trkpt lat="48.9008511224304" lon="2.058217503365445">
        <ele>95.29</ele>
      </trkpt>
      <trkpt lat="48.9008511224304" lon="2.058217503365445">
        <ele>95.30000000000001</ele>
      </trkpt>
      <trkpt lat="48.90077493502383" lon="2.0580702077127406">
        <ele>95.84</ele>
      </trkpt>
      <trkpt lat="48.900667049207236" lon="2.057861628467306">
        <ele>96.53</ele>
      </trkpt>
      <trkpt lat="48.90063000000001" lon="2.0577900000000002">
        <ele>96.7508457122241</ele>
      </trkpt>
      <trkpt lat="48.90063000000001" lon="2.05778">
        <ele>96.77507638721288</ele>
      </trkpt>
      <trkpt lat="48.900467950451954" lon="2.057472521370364">
        <ele>97.73</ele>
      </trkpt>
      <trkpt lat="48.900467950451954" lon="2.057472521370364">
        <ele>97.75</ele>
      </trkpt>
      <trkpt lat="48.900240000000004" lon="2.05704">
        <ele>99.15164052919924</ele>
      </trkpt>
      <trkpt lat="48.900240000000004" lon="2.05703">
        <ele>99.17692444189498</ele>
      </trkpt>
      <trkpt lat="48.90021859905365" lon="2.0569886441171854">
        <ele>99.31</ele>
      </trkpt>
      <trkpt lat="48.900086207677774" lon="2.056732806728655">
        <ele>100.21000000000001</ele>
      </trkpt>
      <trkpt lat="48.900033362380675" lon="2.056630686762645">
        <ele>100.59000000000002</ele>
      </trkpt>
      <trkpt lat="48.899927671786486" lon="2.056426446830626">
        <ele>101.44</ele>
      </trkpt>
      <trkpt lat="48.89987482648938" lon="2.0563243268646154">
        <ele>101.83</ele>
      </trkpt>
      <trkpt lat="48.89985424463683" lon="2.056284553825222">
        <ele>101.87</ele>
      </trkpt>
      <trkpt lat="48.89982698758885" lon="2.0562318814217013">
        <ele>101.86</ele>
      </trkpt>
      <trkpt lat="48.89972908472266" lon="2.05604269074783">
        <ele>101.65</ele>
      </trkpt>
      <trkpt lat="48.899678464490705" lon="2.055944870569863">
        <ele>101.4</ele>
      </trkpt>
      <trkpt lat="48.899626175459886" lon="2.0558438255508635">
        <ele>101.10000000000001</ele>
      </trkpt>
      <trkpt lat="48.89957444269537" lon="2.055743855478875">
        <ele>100.75</ele>
      </trkpt>
      <trkpt lat="48.8995" lon="2.0556">
        <ele>100.17784687276814</ele>
      </trkpt>
      <trkpt lat="48.89949767796923" lon="2.0555955128324244">
        <ele>100.16000000000001</ele>
      </trkpt>
      <trkpt lat="48.8994620772524" lon="2.0555267168525946">
        <ele>100.06</ele>
      </trkpt>
      <trkpt lat="48.89937919433351" lon="2.055366551212053">
        <ele>99.06</ele>
      </trkpt>
      <trkpt lat="48.89924068529458" lon="2.055098891853027">
        <ele>97.49000000000001</ele>
      </trkpt>
      <trkpt lat="48.899186171696925" lon="2.054993548008913">
        <ele>96.9</ele>
      </trkpt>
      <trkpt lat="48.89899203653793" lon="2.0546183949314027">
        <ele>94.94000000000001</ele>
      </trkpt>
      <trkpt lat="48.89891193492505" lon="2.0544636039767856">
        <ele>94.06</ele>
      </trkpt>
      <trkpt lat="48.89877731971452" lon="2.054203469178054">
        <ele>92.52</ele>
      </trkpt>
      <trkpt lat="48.89876" lon="2.05417">
        <ele>92.29945376912204</ele>
      </trkpt>
      <trkpt lat="48.898701715474445" lon="2.0541663572171527">
        <ele>91.84</ele>
      </trkpt>
      <trkpt lat="48.89865768582713" lon="2.0541636053641956">
        <ele>91.47000000000001</ele>
      </trkpt>
      <trkpt lat="48.89861455474405" lon="2.054160909671503">
        <ele>91.04</ele>
      </trkpt>
      <trkpt lat="48.8986" lon="2.05416">
        <ele>90.8813967558077</ele>
      </trkpt>
      <trkpt lat="48.89857307802682" lon="2.0541746847126454">
        <ele>90.57000000000001</ele>
      </trkpt>
      <trkpt lat="48.89853159738149" lon="2.0541973105191875">
        <ele>90.05</ele>
      </trkpt>
      <trkpt lat="48.89849096327995" lon="2.054219474574576">
        <ele>89.50000000000001</ele>
      </trkpt>
      <trkpt lat="48.89849" lon="2.0542200000000004">
        <ele>89.48557781237965</ele>
      </trkpt>
      <trkpt lat="48.898424754871016" lon="2.0542802262729056">
        <ele>88.41</ele>
      </trkpt>
      <trkpt lat="48.898424754871016" lon="2.0542802262729056">
        <ele>88.4</ele>
      </trkpt>
      <trkpt lat="48.898380162321885" lon="2.0543213886259513">
        <ele>87.61</ele>
      </trkpt>
      <trkpt lat="48.898360000000004" lon="2.0543400000000003">
        <ele>87.22209681164446</ele>
      </trkpt>
      <trkpt lat="48.8983440486014" lon="2.0543572806818204">
        <ele>86.9</ele>
      </trkpt>
      <trkpt lat="48.89823783076391" lon="2.0544723500057698">
        <ele>84.55</ele>
      </trkpt>
      <trkpt lat="48.89813674068409" lon="2.0545818642589078">
        <ele>81.68</ele>
      </trkpt>
      <trkpt lat="48.898120000000006" lon="2.0546">
        <ele>81.53212746721675</ele>
      </trkpt>
      <trkpt lat="48.898111359222305" lon="2.0546077312221502">
        <ele>81.46000000000001</ele>
      </trkpt>
      <trkpt lat="48.89799043299267" lon="2.05471592837498">
        <ele>79.35000000000001</ele>
      </trkpt>
      <trkpt lat="48.89795244975387" lon="2.054749913378112">
        <ele>79.03</ele>
      </trkpt>
      <trkpt lat="48.89793" lon="2.05477">
        <ele>78.86781760959212</ele>
      </trkpt>
      <trkpt lat="48.897911382954476" lon="2.054764864263305">
        <ele>78.75</ele>
      </trkpt>
      <trkpt lat="48.89786713852648" lon="2.0547526589038547">
        <ele>78.52000000000001</ele>
      </trkpt>
      <trkpt lat="48.89782289409847" lon="2.0547404535444045">
        <ele>78.34</ele>
      </trkpt>
      <trkpt lat="48.89777864967046" lon="2.0547282481849543">
        <ele>78.22000000000001</ele>
      </trkpt>
      <trkpt lat="48.89773440524245" lon="2.0547160428255036">
        <ele>78.13000000000001</ele>
      </trkpt>
      <trkpt lat="48.89764" lon="2.0546900000000003">
        <ele>78.00197677081418</ele>
      </trkpt>
      <trkpt lat="48.89762492764227" lon="2.0547446372967864">
        <ele>77.95</ele>
      </trkpt>
      <trkpt lat="48.897503134961624" lon="2.0551861357640933">
        <ele>77.63000000000001</ele>
      </trkpt>
      <trkpt lat="48.89741614018975" lon="2.05550149181217">
        <ele>77.29</ele>
      </trkpt>
      <trkpt lat="48.897329145417864" lon="2.055816847860247">
        <ele>77.02000000000001</ele>
      </trkpt>
      <trkpt lat="48.89732" lon="2.05585">
        <ele>76.98439278513926</ele>
      </trkpt>
      <trkpt lat="48.89727676299589" lon="2.0560133397933384">
        <ele>76.81</ele>
      </trkpt>
      <trkpt lat="48.89727676299589" lon="2.0560133397933384">
        <ele>76.82</ele>
      </trkpt>
      <trkpt lat="48.89722772106817" lon="2.056198609298047">
        <ele>76.63</ele>
      </trkpt>
      <trkpt lat="48.89719446661033" lon="2.0563242372498696">
        <ele>76.55000000000001</ele>
      </trkpt>
      <trkpt lat="48.89714000000001" lon="2.05653">
        <ele>76.4608177632282</ele>
      </trkpt>
      <trkpt lat="48.89712808680965" lon="2.0565785037035904">
        <ele>76.44000000000001</ele>
      </trkpt>
      <trkpt lat="48.8970849669565" lon="2.0567540631056973">
        <ele>76.27</ele>
      </trkpt>
      <trkpt lat="48.89702705416103" lon="2.0569898509158255">
        <ele>76.08000000000001</ele>
      </trkpt>
      <trkpt lat="48.897000000000006" lon="2.0571">
        <ele>76.00770036639985</ele>
      </trkpt>
      <trkpt lat="48.89694004732083" lon="2.0574083280643043">
        <ele>75.81</ele>
      </trkpt>
      <trkpt lat="48.896869137783916" lon="2.0577730056827006">
        <ele>75.54</ele>
      </trkpt>
      <trkpt lat="48.896860000000004" lon="2.05782">
        <ele>75.48882203760185</ele>
      </trkpt>
      <trkpt lat="48.89681465985021" lon="2.0580977084175247">
        <ele>75.19000000000001</ele>
      </trkpt>
      <trkpt lat="48.89678000000001" lon="2.05831">
        <ele>74.8843046496716</ele>
      </trkpt>
      <trkpt lat="48.89677507494329" lon="2.0585562528355483">
        <ele>74.54</ele>
      </trkpt>
      <trkpt lat="48.89677507494329" lon="2.0585562528355483">
        <ele>74.56</ele>
      </trkpt>
      <trkpt lat="48.89677206682111" lon="2.0587066589448444">
        <ele>74.35</ele>
      </trkpt>
      <trkpt lat="48.896770000000004" lon="2.0588100000000003">
        <ele>74.24203025898812</ele>
      </trkpt>
      <trkpt lat="48.896764714498865" lon="2.0588395988063732">
        <ele>74.21000000000001</ele>
      </trkpt>
      <trkpt lat="48.89672" lon="2.0590900000000003">
        <ele>74.06520639146152</ele>
      </trkpt>
      <trkpt lat="48.896640000000005" lon="2.0593000000000004">
        <ele>73.92976768189047</ele>
      </trkpt>
      <trkpt lat="48.89662119433357" lon="2.059320895184925">
        <ele>73.91</ele>
      </trkpt>
      <trkpt lat="48.89654929963225" lon="2.0594007781863937">
        <ele>73.89000000000001</ele>
      </trkpt>
      <trkpt lat="48.896460000000005" lon="2.0595000000000003">
        <ele>73.90673018109808</ele>
      </trkpt>
      <trkpt lat="48.89644122074177" lon="2.0595162753571334">
        <ele>73.91</ele>
      </trkpt>
      <trkpt lat="48.89631000000001" lon="2.0596300000000003">
        <ele>73.86201924811809</ele>
      </trkpt>
      <trkpt lat="48.89624475943899" lon="2.059665585760552">
        <ele>73.84</ele>
      </trkpt>
      <trkpt lat="48.89620327901018" lon="2.0596882114489974">
        <ele>73.81</ele>
      </trkpt>
      <trkpt lat="48.89620000000001" lon="2.0596900000000002">
        <ele>73.80525702564027</ele>
      </trkpt>
      <trkpt lat="48.896159524508775" lon="2.059685502723197">
        <ele>73.75000000000001</ele>
      </trkpt>
      <trkpt lat="48.89612723493627" lon="2.059681914992918">
        <ele>73.68</ele>
      </trkpt>
      <trkpt lat="48.89612723493627" lon="2.059681914992918">
        <ele>73.7</ele>
      </trkpt>
      <trkpt lat="48.89611000000001" lon="2.05968">
        <ele>73.66314850910194</ele>
      </trkpt>
      <trkpt lat="48.896082909967156" lon="2.0597409525739057">
        <ele>73.56</ele>
      </trkpt>
      <trkpt lat="48.89607" lon="2.0597700000000003">
        <ele>73.4841517949901</ele>
      </trkpt>
      <trkpt lat="48.8960052025063" lon="2.059760743215186">
        <ele>73.27</ele>
      </trkpt>
      <trkpt lat="48.89593000000001" lon="2.05975">
        <ele>72.96146791900475</ele>
      </trkpt>
      <trkpt lat="48.895917927374384" lon="2.0597554875571005">
        <ele>72.91</ele>
      </trkpt>
      <trkpt lat="48.89582" lon="2.0598">
        <ele>72.46706342620985</ele>
      </trkpt>
      <trkpt lat="48.8957522757285" lon="2.0598420988714765">
        <ele>72.15</ele>
      </trkpt>
      <trkpt lat="48.89571065140587" lon="2.059867973450405">
        <ele>72.06</ele>
      </trkpt>
      <trkpt lat="48.89567984940713" lon="2.0598871206388116">
        <ele>71.96000000000001</ele>
      </trkpt>
      <trkpt lat="48.89549253995533" lon="2.0600035562439887">
        <ele>71.60000000000001</ele>
      </trkpt>
      <trkpt lat="48.895450000000004" lon="2.0600300000000002">
        <ele>71.5542389161225</ele>
      </trkpt>
      <trkpt lat="48.8952201648217" lon="2.0601991239991317">
        <ele>71.3</ele>
      </trkpt>
      <trkpt lat="48.89499105835012" lon="2.0603677117801014">
        <ele>71.2</ele>
      </trkpt>
      <trkpt lat="48.894920000000006" lon="2.06042">
        <ele>71.14680384363055</ele>
      </trkpt>
      <trkpt lat="48.89491136895029" lon="2.060427967122815">
        <ele>71.14</ele>
      </trkpt>
      <trkpt lat="48.894759142352775" lon="2.060568483982058">
        <ele>70.95</ele>
      </trkpt>
      <trkpt lat="48.89464458799404" lon="2.060674226467044">
        <ele>70.84</ele>
      </trkpt>
      <trkpt lat="48.89456001766209" lon="2.060752291388846">
        <ele>70.74000000000001</ele>
      </trkpt>
      <trkpt lat="48.89444623212456" lon="2.0608573241927246">
        <ele>70.79</ele>
      </trkpt>
      <trkpt lat="48.894270000000006" lon="2.06102">
        <ele>70.90969911747683</ele>
      </trkpt>
      <trkpt lat="48.894195630019254" lon="2.0608426561997613">
        <ele>70.99000000000001</ele>
      </trkpt>
      <trkpt lat="48.894195630019254" lon="2.0608426561997613">
        <ele>70.92000000000002</ele>
      </trkpt>
      <trkpt lat="48.894148234787835" lon="2.0607296368017662">
        <ele>70.8</ele>
      </trkpt>
      <trkpt lat="48.89408439631287" lon="2.060577406592222">
        <ele>70.8</ele>
      </trkpt>
      <trkpt lat="48.8940205578379" lon="2.0604251763826773">
        <ele>71.11</ele>
      </trkpt>
      <trkpt lat="48.89401" lon="2.0604">
        <ele>71.13152316368246</ele>
      </trkpt>
      <trkpt lat="48.894070000000006" lon="2.0603100000000003">
        <ele>71.22390571251383</ele>
      </trkpt>
      <trkpt lat="48.894085035548585" lon="2.060338066357342">
        <ele>71.25</ele>
      </trkpt>
      <trkpt lat="48.89416627174183" lon="2.0604897072514077">
        <ele>71.03000000000002</ele>
      </trkpt>
      <trkpt lat="48.894220000000004" lon="2.0605900000000004">
        <ele>70.93740634385289</ele>
      </trkpt>
      <trkpt lat="48.89425798275419" lon="2.06055760294496">
        <ele>70.89</ele>
      </trkpt>
      <trkpt lat="48.8943685842757" lon="2.0604632663530795">
        <ele>72.33</ele>
      </trkpt>
      <trkpt lat="48.89447997020517" lon="2.0603682607073566">
        <ele>73.56</ele>
      </trkpt>
      <trkpt lat="48.89447997020517" lon="2.0603682607073566">
        <ele>71.2</ele>
      </trkpt>
      <trkpt lat="48.894560000000006" lon="2.0603000000000002">
        <ele>71.2360514950179</ele>
      </trkpt>
      <trkpt lat="48.894560000000006" lon="2.06029">
        <ele>71.23863470160086</ele>
      </trkpt>
      <trkpt lat="48.894652575819535" lon="2.0604813233603654">
        <ele>71.3</ele>
      </trkpt>
      <trkpt lat="48.89471" lon="2.0606">
        <ele>71.39646793322835</ele>
      </trkpt>
      <trkpt lat="48.89470000000001" lon="2.06062">
        <ele>71.41291762953585</ele>
      </trkpt>
      <trkpt lat="48.89486126761065" lon="2.060473393081229">
        <ele>71.60000000000001</ele>
      </trkpt>
      <trkpt lat="48.894920000000006" lon="2.06042">
        <ele>71.72173260528938</ele>
      </trkpt>
      <trkpt lat="48.89504055786682" lon="2.060331287607439">
        <ele>71.96000000000001</ele>
      </trkpt>
      <trkpt lat="48.89507051171646" lon="2.0603092460954393">
        <ele>72.06</ele>
      </trkpt>
      <trkpt lat="48.89511098989165" lon="2.060279460268413">
        <ele>72.15</ele>
      </trkpt>
      <trkpt lat="48.89511098989165" lon="2.060279460268413">
        <ele>74.2</ele>
      </trkpt>
      <trkpt lat="48.89534333461724" lon="2.0601084896212813">
        <ele>74.1</ele>
      </trkpt>
      <trkpt lat="48.895450000000004" lon="2.0600300000000002">
        <ele>74.23724652012389</ele>
      </trkpt>
      <trkpt lat="48.895450000000004" lon="2.06002">
        <ele>74.2448614622922</ele>
      </trkpt>
      <trkpt lat="48.895454049214514" lon="2.0600172430879953">
        <ele>74.25000000000001</ele>
      </trkpt>
      <trkpt lat="48.89557225058047" lon="2.059936765562232">
        <ele>74.75000000000001</ele>
      </trkpt>
      <trkpt lat="48.895639559691645" lon="2.059890938082284">
        <ele>75.08000000000001</ele>
      </trkpt>
      <trkpt lat="48.89570686880282" lon="2.0598451106023354">
        <ele>75.33000000000001</ele>
      </trkpt>
      <trkpt lat="48.89570686880282" lon="2.0598451106023354">
        <ele>73.87</ele>
      </trkpt>
      <trkpt lat="48.89586693315257" lon="2.0597361306195316">
        <ele>73.94</ele>
      </trkpt>
      <trkpt lat="48.895920000000004" lon="2.0597000000000003">
        <ele>73.979813302214</ele>
      </trkpt>
      <trkpt lat="48.896060000000006" lon="2.0596300000000003">
        <ele>74.08072879316734</ele>
      </trkpt>
      <trkpt lat="48.896060000000006" lon="2.05961">
        <ele>74.08973262664745</ele>
      </trkpt>
      <trkpt lat="48.89613923774183" lon="2.059551736954541">
        <ele>74.15</ele>
      </trkpt>
      <trkpt lat="48.89619753488038" lon="2.059508871411487">
        <ele>74.16</ele>
      </trkpt>
      <trkpt lat="48.89640000000001" lon="2.0593600000000003">
        <ele>74.17582626325161</ele>
      </trkpt>
      <trkpt lat="48.89637594953422" lon="2.0592775412601396">
        <ele>74.18</ele>
      </trkpt>
      <trkpt lat="48.896340573178996" lon="2.0591562508993984">
        <ele>74.21000000000001</ele>
      </trkpt>
      <trkpt lat="48.896330000000006" lon="2.05912">
        <ele>74.22787120704149</ele>
      </trkpt>
      <trkpt lat="48.896330000000006" lon="2.05911">
        <ele>74.23237750444876</ele>
      </trkpt>
      <trkpt lat="48.89629280589294" lon="2.0589710114946334">
        <ele>74.3</ele>
      </trkpt>
      <trkpt lat="48.89625211906403" lon="2.0588189712392553">
        <ele>74.56</ele>
      </trkpt>
      <trkpt lat="48.89622024771472" lon="2.058699873039209">
        <ele>74.92</ele>
      </trkpt>
      <trkpt lat="48.89617786560128" lon="2.0585414977731906">
        <ele>75.32000000000001</ele>
      </trkpt>
      <trkpt lat="48.89617786560128" lon="2.0585414977731906">
        <ele>75.29</ele>
      </trkpt>
      <trkpt lat="48.89614" lon="2.0584000000000002">
        <ele>75.59104825511399</ele>
      </trkpt>
      <trkpt lat="48.896142570265674" lon="2.058397686760894">
        <ele>75.6</ele>
      </trkpt>
      <trkpt lat="48.896240000000006" lon="2.05831">
        <ele>75.82319180350122</ele>
      </trkpt>
      <trkpt lat="48.896253588534506" lon="2.058309245081417">
        <ele>75.85</ele>
      </trkpt>
      <trkpt lat="48.896420000000006" lon="2.0583">
        <ele>76.09425932779112</ele>
      </trkpt>
      <trkpt lat="48.896420000000006" lon="2.0582800000000003">
        <ele>76.11354581984291</ele>
      </trkpt>
      <trkpt lat="48.89643157207152" lon="2.0582351582228497">
        <ele>76.16000000000001</ele>
      </trkpt>
      <trkpt lat="48.896496965365984" lon="2.057981759206822">
        <ele>76.39</ele>
      </trkpt>
      <trkpt lat="48.89652982631797" lon="2.0578544230178637">
        <ele>76.57000000000001</ele>
      </trkpt>
      <trkpt lat="48.89656235866045" lon="2.0577283601907945">
        <ele>76.80000000000001</ele>
      </trkpt>
      <trkpt lat="48.89658000000001" lon="2.0576600000000003">
        <ele>77.01244256267539</ele>
      </trkpt>
      <trkpt lat="48.896624093019824" lon="2.0574904114622536">
        <ele>77.54</ele>
      </trkpt>
      <trkpt lat="48.89663831495393" lon="2.057435711715662">
        <ele>77.57</ele>
      </trkpt>
      <trkpt lat="48.896687926352" lon="2.057244898646156">
        <ele>77.73</ele>
      </trkpt>
      <trkpt lat="48.896710000000006" lon="2.05716">
        <ele>77.68655999300343</ele>
      </trkpt>
      <trkpt lat="48.89672068770291" lon="2.0570210598622394">
        <ele>77.62</ele>
      </trkpt>
      <trkpt lat="48.896730000000005" lon="2.0569">
        <ele>77.59054531664546</ele>
      </trkpt>
      <trkpt lat="48.89675216423421" lon="2.0568722947072526">
        <ele>77.58000000000001</ele>
      </trkpt>
      <trkpt lat="48.89681" lon="2.0568">
        <ele>77.5884080167701</ele>
      </trkpt>
      <trkpt lat="48.896813778162795" lon="2.0567792201046586">
        <ele>77.59</ele>
      </trkpt>
      <trkpt lat="48.89687000000001" lon="2.05647">
        <ele>77.66870127822133</ele>
      </trkpt>
      <trkpt lat="48.89688468305785" lon="2.056386096812317">
        <ele>77.69000000000001</ele>
      </trkpt>
      <trkpt lat="48.89694" lon="2.05607">
        <ele>77.8225084682724</ele>
      </trkpt>
      <trkpt lat="48.896990468533836" lon="2.0558681258646674">
        <ele>77.91000000000001</ele>
      </trkpt>
      <trkpt lat="48.89708540723626" lon="2.0554883710549685">
        <ele>78.15</ele>
      </trkpt>
      <trkpt lat="48.897090000000006" lon="2.05547">
        <ele>78.15977148388914</ele>
      </trkpt>
      <trkpt lat="48.89724075168223" lon="2.054999472022151">
        <ele>78.42</ele>
      </trkpt>
      <trkpt lat="48.897278968302174" lon="2.0548801898447255">
        <ele>78.47000000000001</ele>
      </trkpt>
      <trkpt lat="48.897298273605045" lon="2.054819933899428">
        <ele>78.52000000000001</ele>
      </trkpt>
      <trkpt lat="48.8973175789079" lon="2.054759677954131">
        <ele>78.60000000000001</ele>
      </trkpt>
      <trkpt lat="48.897336884210766" lon="2.0546994220088335">
        <ele>78.72000000000001</ele>
      </trkpt>
      <trkpt lat="48.89735618951363" lon="2.054639166063536">
        <ele>78.87</ele>
      </trkpt>
      <trkpt lat="48.89739480011935" lon="2.0545186541729414">
        <ele>79.25</ele>
      </trkpt>
      <trkpt lat="48.897420000000004" lon="2.05444">
        <ele>79.53782628914023</ele>
      </trkpt>
      <trkpt lat="48.89732681767143" lon="2.0543194111041885">
        <ele>80.15</ele>
      </trkpt>
      <trkpt lat="48.89732681767143" lon="2.0543194111041885">
        <ele>80.21000000000001</ele>
      </trkpt>
      <trkpt lat="48.897305583608926" lon="2.0542919317291886">
        <ele>80.36</ele>
      </trkpt>
      <trkpt lat="48.89725000000001" lon="2.0542200000000004">
        <ele>80.68743743077795</ele>
      </trkpt>
      <trkpt lat="48.89717" lon="2.05419">
        <ele>81.0571290426281</ele>
      </trkpt>
      <trkpt lat="48.89714000000001" lon="2.0541300000000002">
        <ele>81.27948162975864</ele>
      </trkpt>
      <trkpt lat="48.897130000000004" lon="2.05399">
        <ele>81.694868375138</ele>
      </trkpt>
      <trkpt lat="48.897123219228455" lon="2.0539786987140785">
        <ele>81.74000000000001</ele>
      </trkpt>
      <trkpt lat="48.89707000000001" lon="2.05389">
        <ele>82.0744168428157</ele>
      </trkpt>
      <trkpt lat="48.89707000000001" lon="2.0538800000000004">
        <ele>82.10226487168356</ele>
      </trkpt>
      <trkpt lat="48.897039018391666" lon="2.053826888671423">
        <ele>82.30000000000001</ele>
      </trkpt>
      <trkpt lat="48.897000000000006" lon="2.05376">
        <ele>82.52236519326186</ele>
      </trkpt>
      <trkpt lat="48.89688244227395" lon="2.0535934598880905">
        <ele>83.13000000000001</ele>
      </trkpt>
      <trkpt lat="48.89685019500947" lon="2.0535477762634056">
        <ele>83.32000000000001</ele>
      </trkpt>
      <trkpt lat="48.8967857004805" lon="2.053456409014036">
        <ele>83.74000000000001</ele>
      </trkpt>
      <trkpt lat="48.89668764247217" lon="2.05331749350224">
        <ele>83.48</ele>
      </trkpt>
      <trkpt lat="48.896622489835764" lon="2.053225193933999">
        <ele>83.38000000000001</ele>
      </trkpt>
      <trkpt lat="48.89658958446385" lon="2.053178577990443">
        <ele>83.38000000000001</ele>
      </trkpt>
      <trkpt lat="48.89655667909192" lon="2.0531319620468875">
        <ele>83.42</ele>
      </trkpt>
      <trkpt lat="48.89652377372" lon="2.053085346103331">
        <ele>83.49000000000001</ele>
      </trkpt>
      <trkpt lat="48.89652" lon="2.05308">
        <ele>83.50170244998812</ele>
      </trkpt>
      <trkpt lat="48.896481090098845" lon="2.05308">
        <ele>83.59</ele>
      </trkpt>
      <trkpt lat="48.896460000000005" lon="2.05308">
        <ele>83.65281544676337</ele>
      </trkpt>
      <trkpt lat="48.89663" lon="2.05275">
        <ele>84.4737337844209</ele>
      </trkpt>
      <trkpt lat="48.896638052664244" lon="2.052588946715306">
        <ele>84.79</ele>
      </trkpt>
      <trkpt lat="48.896640000000005" lon="2.05255">
        <ele>84.8746510665142</ele>
      </trkpt>
      <trkpt lat="48.89659" lon="2.0524400000000003">
        <ele>85.16448270335886</ele>
      </trkpt>
      <trkpt lat="48.896391848062486" lon="2.0521641414203162">
        <ele>86.05</ele>
      </trkpt>
      <trkpt lat="48.896391848062486" lon="2.0521641414203162">
        <ele>86.04</ele>
      </trkpt>
      <trkpt lat="48.89617690278891" lon="2.0518649038825916">
        <ele>86.99000000000001</ele>
      </trkpt>
      <trkpt lat="48.896110561655085" lon="2.051772546617862">
        <ele>87.26</ele>
      </trkpt>
      <trkpt lat="48.896080000000005" lon="2.05173">
        <ele>87.37167861708608</ele>
      </trkpt>
      <trkpt lat="48.89607" lon="2.05173">
        <ele>87.39863494017878</ele>
      </trkpt>
      <trkpt lat="48.89604233209259" lon="2.051691264929632">
        <ele>87.5</ele>
      </trkpt>
      <trkpt lat="48.89597616164388" lon="2.051598626301431">
        <ele>87.72</ele>
      </trkpt>
      <trkpt lat="48.89581139722658" lon="2.051367956117212">
        <ele>88.09</ele>
      </trkpt>
      <trkpt lat="48.89574588848235" lon="2.0512762438752934">
        <ele>88.31000000000002</ele>
      </trkpt>
      <trkpt lat="48.895350850903526" lon="2.0507231912649364">
        <ele>90.10000000000001</ele>
      </trkpt>
      <trkpt lat="48.895284680454814" lon="2.0506305526367363">
        <ele>90.34</ele>
      </trkpt>
      <trkpt lat="48.89518608648623" lon="2.0504925210807174">
        <ele>90.66</ele>
      </trkpt>
      <trkpt lat="48.89497" lon="2.05019">
        <ele>91.41079736288444</ele>
      </trkpt>
      <trkpt lat="48.89486649743283" lon="2.0501369864899868">
        <ele>91.69000000000001</ele>
      </trkpt>
      <trkpt lat="48.89478126776096" lon="2.0500933322678065">
        <ele>91.96000000000001</ele>
      </trkpt>
      <trkpt lat="48.89461166071392" lon="2.050006460365668">
        <ele>92.62</ele>
      </trkpt>
      <trkpt lat="48.89456904587799" lon="2.049984633254578">
        <ele>92.77000000000001</ele>
      </trkpt>
      <trkpt lat="48.894527283338775" lon="2.0499632426857093">
        <ele>92.89000000000001</ele>
      </trkpt>
      <trkpt lat="48.894419893952204" lon="2.049908238365762">
        <ele>93.15</ele>
      </trkpt>
      <trkpt lat="48.89435938088518" lon="2.049877243868014">
        <ele>93.30000000000001</ele>
      </trkpt>
      <trkpt lat="48.89415" lon="2.04977">
        <ele>93.98076302380096</ele>
      </trkpt>
      <trkpt lat="48.89414705377816" lon="2.0497708417776694">
        <ele>93.99000000000001</ele>
      </trkpt>
      <trkpt lat="48.89401" lon="2.0498100000000004">
        <ele>94.36401912438534</ele>
      </trkpt>
      <trkpt lat="48.89397133215719" lon="2.049822373709698">
        <ele>94.47000000000001</ele>
      </trkpt>
      <trkpt lat="48.89376000000001" lon="2.04989">
        <ele>95.0964384387251</ele>
      </trkpt>
      <trkpt lat="48.89370817525495" lon="2.0498735677637616">
        <ele>95.25</ele>
      </trkpt>
      <trkpt lat="48.89362013565312" lon="2.0498456527680595">
        <ele>95.56</ele>
      </trkpt>
      <trkpt lat="48.893401797440575" lon="2.0497764235787175">
        <ele>96.43</ele>
      </trkpt>
      <trkpt lat="48.89326973803783" lon="2.0497345510851646">
        <ele>96.9</ele>
      </trkpt>
      <trkpt lat="48.89318433962406" lon="2.0497074735393332">
        <ele>97.11</ele>
      </trkpt>
      <trkpt lat="48.89309894121028" lon="2.0496803959935024">
        <ele>97.35000000000001</ele>
      </trkpt>
      <trkpt lat="48.89296952299559" lon="2.04963936094982">
        <ele>97.77000000000001</ele>
      </trkpt>
      <trkpt lat="48.89294" lon="2.04963">
        <ele>97.88408395206042</ele>
      </trkpt>
      <trkpt lat="48.89288325206775" lon="2.0496393029397137">
        <ele>98.10000000000001</ele>
      </trkpt>
      <trkpt lat="48.89275181294268" lon="2.0496608503372666">
        <ele>98.65</ele>
      </trkpt>
      <trkpt lat="48.89275181294268" lon="2.0496608503372666">
        <ele>98.66000000000001</ele>
      </trkpt>
      <trkpt lat="48.892624844536144" lon="2.0496816648301404">
        <ele>99.2</ele>
      </trkpt>
      <trkpt lat="48.89253811259647" lon="2.0496958831809065">
        <ele>99.53</ele>
      </trkpt>
      <trkpt lat="48.892494299554784" lon="2.0497030656467574">
        <ele>99.67</ele>
      </trkpt>
      <trkpt lat="48.89236375457342" lon="2.0497244664633745">
        <ele>100.03</ele>
      </trkpt>
      <trkpt lat="48.89233" lon="2.0497300000000003">
        <ele>100.11089441116613</ele>
      </trkpt>
      <trkpt lat="48.89227611382432" lon="2.0497386217881086">
        <ele>100.24000000000001</ele>
      </trkpt>
      <trkpt lat="48.892101708334906" lon="2.049766526666416">
        <ele>100.62000000000002</ele>
      </trkpt>
      <trkpt lat="48.89201495278376" lon="2.0497804075545996">
        <ele>100.83</ele>
      </trkpt>
      <trkpt lat="48.891884372263476" lon="2.0498013004378453">
        <ele>101.20000000000002</ele>
      </trkpt>
      <trkpt lat="48.89175289735606" lon="2.0498223364230306">
        <ele>101.60000000000001</ele>
      </trkpt>
      <trkpt lat="48.89162231683578" lon="2.0498432293062763">
        <ele>101.83</ele>
      </trkpt>
      <trkpt lat="48.891491736315494" lon="2.049864122189522">
        <ele>101.96000000000001</ele>
      </trkpt>
      <trkpt lat="48.891447911346354" lon="2.049871134184584">
        <ele>102.02000000000001</ele>
      </trkpt>
      <trkpt lat="48.89140408637722" lon="2.049878146179646">
        <ele>102.13000000000001</ele>
      </trkpt>
      <trkpt lat="48.89136115579521" lon="2.049885015072767">
        <ele>102.28</ele>
      </trkpt>
      <trkpt lat="48.89133" lon="2.04989">
        <ele>102.41507370810092</ele>
      </trkpt>
      <trkpt lat="48.891324148496004" lon="2.049872789694114">
        <ele>102.47</ele>
      </trkpt>
      <trkpt lat="48.891284078760016" lon="2.049754937529447">
        <ele>102.95000000000002</ele>
      </trkpt>
      <trkpt lat="48.89124442211409" lon="2.0496383003355496">
        <ele>103.64000000000001</ele>
      </trkpt>
      <trkpt lat="48.89116510882224" lon="2.0494050259477548">
        <ele>105.10000000000001</ele>
      </trkpt>
      <trkpt lat="48.89112545217631" lon="2.0492883887538578">
        <ele>105.81000000000002</ele>
      </trkpt>
      <trkpt lat="48.89108620862045" lon="2.0491729665307297">
        <ele>106.48</ele>
      </trkpt>
      <trkpt lat="48.891046551974526" lon="2.0490563293368327">
        <ele>107.12</ele>
      </trkpt>
      <trkpt lat="48.891017222580146" lon="2.0489700664121795">
        <ele>107.54</ele>
      </trkpt>
      <trkpt lat="48.891017222580146" lon="2.0489700664121795">
        <ele>107.60000000000001</ele>
      </trkpt>
      <trkpt lat="48.890971782673354" lon="2.0488364196275053">
        <ele>108.24</ele>
      </trkpt>
      <trkpt lat="48.89083339750268" lon="2.0484294044196343">
        <ele>109.95</ele>
      </trkpt>
      <trkpt lat="48.890820000000005" lon="2.0483900000000004">
        <ele>110.10714668695508</ele>
      </trkpt>
      <trkpt lat="48.890820000000005" lon="2.0483800000000003">
        <ele>110.14257122424277</ele>
      </trkpt>
      <trkpt lat="48.89079691391403" lon="2.048309997029633">
        <ele>110.42</ele>
      </trkpt>
      <trkpt lat="48.89069974172878" lon="2.048015345887251">
        <ele>111.53</ele>
      </trkpt>
      <trkpt lat="48.890641277136" lon="2.0478380661542834">
        <ele>112.16000000000001</ele>
      </trkpt>
      <trkpt lat="48.890602569543525" lon="2.0477206947448696">
        <ele>112.55000000000001</ele>
      </trkpt>
      <trkpt lat="48.89056345874697" lon="2.0476021007166083">
        <ele>112.86000000000001</ele>
      </trkpt>
      <trkpt lat="48.8905247511545" lon="2.047484729307195">
        <ele>113.11000000000001</ele>
      </trkpt>
      <trkpt lat="48.890510000000006" lon="2.0474400000000004">
        <ele>113.24066012024049</ele>
      </trkpt>
      <trkpt lat="48.89050724922126" lon="2.047356101248178">
        <ele>113.46000000000001</ele>
      </trkpt>
      <trkpt lat="48.890496275697394" lon="2.0470214087703447">
        <ele>114.45</ele>
      </trkpt>
      <trkpt lat="48.89049000000001" lon="2.0468300000000004">
        <ele>114.98016161124366</ele>
      </trkpt>
      <trkpt lat="48.8904853098274" lon="2.0468219094522437">
        <ele>115.01000000000002</ele>
      </trkpt>
      <trkpt lat="48.890339594292655" lon="2.0465705501548213">
        <ele>115.85000000000001</ele>
      </trkpt>
      <trkpt lat="48.89031045118571" lon="2.046520278295337">
        <ele>116.04</ele>
      </trkpt>
      <trkpt lat="48.890281308078755" lon="2.046470006435852">
        <ele>116.25</ele>
      </trkpt>
      <trkpt lat="48.89025216497181" lon="2.046419734576368">
        <ele>116.5</ele>
      </trkpt>
      <trkpt lat="48.89010585467978" lon="2.0461673493226296">
        <ele>117.86</ele>
      </trkpt>
      <trkpt lat="48.89009" lon="2.0461400000000003">
        <ele>117.98512654732167</ele>
      </trkpt>
      <trkpt lat="48.890080999690944" lon="2.0461126776332312">
        <ele>118.09000000000002</ele>
      </trkpt>
      <trkpt lat="48.89006126093887" lon="2.0460527564215574">
        <ele>118.28</ele>
      </trkpt>
      <trkpt lat="48.890041522186785" lon="2.0459928352098835">
        <ele>118.43</ele>
      </trkpt>
      <trkpt lat="48.889942828426385" lon="2.0456932291515137">
        <ele>119.04</ele>
      </trkpt>
      <trkpt lat="48.889902948090544" lon="2.0455721638462956">
        <ele>119.36</ele>
      </trkpt>
      <trkpt lat="48.889843731834304" lon="2.045392400211274">
        <ele>119.91000000000001</ele>
      </trkpt>
      <trkpt lat="48.889764776825984" lon="2.0451527153645785">
        <ele>120.71000000000001</ele>
      </trkpt>
      <trkpt lat="48.88972529932182" lon="2.045032872941231">
        <ele>121.04</ele>
      </trkpt>
      <trkpt lat="48.889624994234715" lon="2.044728375355378">
        <ele>122.46000000000001</ele>
      </trkpt>
      <trkpt lat="48.88953" lon="2.0444400000000003">
        <ele>123.67052315804469</ele>
      </trkpt>
      <trkpt lat="48.889516849311875" lon="2.044354520527211">
        <ele>124.00000000000001</ele>
      </trkpt>
      <trkpt lat="48.88951" lon="2.0443100000000003">
        <ele>124.18526937288543</ele>
      </trkpt>
      <trkpt lat="48.889385477322996" lon="2.0440840144009793">
        <ele>125.38000000000001</ele>
      </trkpt>
      <trkpt lat="48.88924973163181" lon="2.043837661109568">
        <ele>126.81</ele>
      </trkpt>
      <trkpt lat="48.88924973163181" lon="2.043837661109568">
        <ele>126.85000000000002</ele>
      </trkpt>
      <trkpt lat="48.889015209288736" lon="2.043412046486959">
        <ele>129.47</ele>
      </trkpt>
      <trkpt lat="48.88897" lon="2.04333">
        <ele>129.99437778678296</ele>
      </trkpt>
      <trkpt lat="48.88897" lon="2.04332">
        <ele>130.04336344343096</ele>
      </trkpt>
      <trkpt lat="48.88896167908422" lon="2.0433048666385525">
        <ele>130.14000000000001</ele>
      </trkpt>
      <trkpt lat="48.88873149389403" lon="2.0428862257370812">
        <ele>132.98000000000002</ele>
      </trkpt>
      <trkpt lat="48.88867380337017" lon="2.0427813032053836">
        <ele>133.72</ele>
      </trkpt>
      <trkpt lat="48.888415349823276" lon="2.0423112502633805">
        <ele>137.38</ele>
      </trkpt>
      <trkpt lat="48.88832246807986" lon="2.0421423249873483">
        <ele>138.27</ele>
      </trkpt>
      <trkpt lat="48.88826650827172" lon="2.0420405501316017">
        <ele>138.98000000000002</ele>
      </trkpt>
      <trkpt lat="48.88823881682027" lon="2.0419901873163875">
        <ele>139.31</ele>
      </trkpt>
      <trkpt lat="48.888071514301075" lon="2.041685911974466">
        <ele>141.19</ele>
      </trkpt>
      <trkpt lat="48.88801555449293" lon="2.0415841371187193">
        <ele>141.75</ele>
      </trkpt>
      <trkpt lat="48.88796017159003" lon="2.04148341148829">
        <ele>142.26000000000002</ele>
      </trkpt>
      <trkpt lat="48.88790421178189" lon="2.041381636632544">
        <ele>142.72</ele>
      </trkpt>
      <trkpt lat="48.88787652033044" lon="2.0413312738173293">
        <ele>142.92000000000002</ele>
      </trkpt>
      <trkpt lat="48.887792869070836" lon="2.0411791361463685">
        <ele>143.45000000000002</ele>
      </trkpt>
      <trkpt lat="48.88776517761938" lon="2.041128773331154">
        <ele>143.6</ele>
      </trkpt>
      <trkpt lat="48.88773748616793" lon="2.041078410515939">
        <ele>143.72</ele>
      </trkpt>
      <trkpt lat="48.887681526359785" lon="2.0409766356601926">
        <ele>143.86</ele>
      </trkpt>
      <trkpt lat="48.887653834908335" lon="2.0409262728449784">
        <ele>143.88</ele>
      </trkpt>
      <trkpt lat="48.88762556655165" lon="2.0408748608044465">
        <ele>143.88</ele>
      </trkpt>
      <trkpt lat="48.88759787510019" lon="2.040824497989232">
        <ele>143.87000000000003</ele>
      </trkpt>
      <trkpt lat="48.88754249219729" lon="2.040723772358803">
        <ele>143.8</ele>
      </trkpt>
      <trkpt lat="48.88748537857867" lon="2.0406198990524227">
        <ele>143.57</ele>
      </trkpt>
      <trkpt lat="48.88745653331674" lon="2.040567437786574">
        <ele>143.43</ele>
      </trkpt>
      <trkpt lat="48.88739941969811" lon="2.0404635644801936">
        <ele>143.1</ele>
      </trkpt>
      <trkpt lat="48.8873140377228" lon="2.040308279133282">
        <ele>142.56000000000003</ele>
      </trkpt>
      <trkpt lat="48.887260000000005" lon="2.04021">
        <ele>142.18154229336966</ele>
      </trkpt>
      <trkpt lat="48.887193486770585" lon="2.040109354981803">
        <ele>141.76000000000002</ele>
      </trkpt>
      <trkpt lat="48.887130372601064" lon="2.0400138532779124">
        <ele>141.32</ele>
      </trkpt>
      <trkpt lat="48.88703538258834" lon="2.039870118390238">
        <ele>140.63</ele>
      </trkpt>
      <trkpt lat="48.88700414426201" lon="2.0398228498701303">
        <ele>140.42000000000002</ele>
      </trkpt>
      <trkpt lat="48.88697226841881" lon="2.0397746166863473">
        <ele>140.23000000000002</ele>
      </trkpt>
      <trkpt lat="48.88694103009247" lon="2.0397273481662395">
        <ele>140.08</ele>
      </trkpt>
      <trkpt lat="48.88690915424928" lon="2.039679114982456">
        <ele>139.97</ele>
      </trkpt>
      <trkpt lat="48.88687791592295" lon="2.0396318464623486">
        <ele>139.90000000000003</ele>
      </trkpt>
      <trkpt lat="48.88681480175342" lon="2.039536344758458">
        <ele>139.84</ele>
      </trkpt>
      <trkpt lat="48.886722999325016" lon="2.039397433189162">
        <ele>140.06</ele>
      </trkpt>
      <trkpt lat="48.88666179770608" lon="2.039304825476298">
        <ele>140.25</ele>
      </trkpt>
      <trkpt lat="48.88660378367146" lon="2.0392170410818125">
        <ele>140.48000000000002</ele>
      </trkpt>
      <trkpt lat="48.88660378367146" lon="2.0392170410818125">
        <ele>140.5</ele>
      </trkpt>
      <trkpt lat="48.88654321956939" lon="2.0391253980326245">
        <ele>140.83</ele>
      </trkpt>
      <trkpt lat="48.886500000000005" lon="2.03906">
        <ele>141.1195352076706</ele>
      </trkpt>
      <trkpt lat="48.8864846460393" lon="2.0390292920785993">
        <ele>141.24</ele>
      </trkpt>
      <trkpt lat="48.88643238907886" lon="2.0389247781577193">
        <ele>141.74</ele>
      </trkpt>
      <trkpt lat="48.886380132118425" lon="2.03882026423684">
        <ele>142.34000000000003</ele>
      </trkpt>
      <trkpt lat="48.886328419501325" lon="2.038716839002636">
        <ele>143.02</ele>
      </trkpt>
      <trkpt lat="48.886320000000005" lon="2.0387">
        <ele>143.09856387320337</ele>
      </trkpt>
      <trkpt lat="48.88631" lon="2.0387">
        <ele>143.1550437882549</ele>
      </trkpt>
      <trkpt lat="48.88625588521509" lon="2.0385917704301826">
        <ele>143.66</ele>
      </trkpt>
      <trkpt lat="48.88621070484972" lon="2.0385014096994305">
        <ele>144.13</ele>
      </trkpt>
      <trkpt lat="48.886050000000004" lon="2.03818">
        <ele>148.49423791158011</ele>
      </trkpt>
      <trkpt lat="48.88603826920933" lon="2.038114307572232">
        <ele>149.23</ele>
      </trkpt>
      <trkpt lat="48.886" lon="2.0379">
        <ele>151.77777297720226</ele>
      </trkpt>
      <trkpt lat="48.88597073305145" lon="2.037794638985209">
        <ele>153.09</ele>
      </trkpt>
      <trkpt lat="48.88596268392963" lon="2.0377656621466276">
        <ele>153.42</ele>
      </trkpt>
      <trkpt lat="48.88596268392963" lon="2.0377656621466276">
        <ele>153.55</ele>
      </trkpt>
      <trkpt lat="48.885939586449595" lon="2.037682511218523">
        <ele>154.49</ele>
      </trkpt>
      <trkpt lat="48.88592208835866" lon="2.0376195180911707">
        <ele>155.11</ele>
      </trkpt>
      <trkpt lat="48.885904940229544" lon="2.0375577848263653">
        <ele>155.67</ele>
      </trkpt>
      <trkpt lat="48.885887792100434" lon="2.0374960515615608">
        <ele>156.17</ele>
      </trkpt>
      <trkpt lat="48.88587064397132" lon="2.037434318296756">
        <ele>156.63000000000002</ele>
      </trkpt>
      <trkpt lat="48.88585349584221" lon="2.037372585031951">
        <ele>157.04000000000002</ele>
      </trkpt>
      <trkpt lat="48.8858" lon="2.03718">
        <ele>158.22720186211066</ele>
      </trkpt>
      <trkpt lat="48.88577" lon="2.03714">
        <ele>158.57000000000002</ele>
      </trkpt>
      <trkpt lat="48.88577" lon="2.03714">
        <ele>158.57000000000002</ele>
      </trkpt>
      <trkpt lat="48.885760000000005" lon="2.03714">
        <ele>158.6630334336653</ele>
      </trkpt>
      <trkpt lat="48.88573328897667" lon="2.0371061660371117">
        <ele>158.98000000000002</ele>
      </trkpt>
      <trkpt lat="48.88569942897277" lon="2.037063276698827">
        <ele>159.42000000000002</ele>
      </trkpt>
      <trkpt lat="48.88566556896885" lon="2.037020387360542">
        <ele>159.92000000000002</ele>
      </trkpt>
      <trkpt lat="48.885631708964944" lon="2.036977498022257">
        <ele>160.48000000000002</ele>
      </trkpt>
      <trkpt lat="48.88559715794055" lon="2.036933733391354">
        <ele>161.09</ele>
      </trkpt>
      <trkpt lat="48.885563297936635" lon="2.0368908440530693">
        <ele>161.75</ele>
      </trkpt>
      <trkpt lat="48.88546171792491" lon="2.0367621760382146">
        <ele>163.84</ele>
      </trkpt>
      <trkpt lat="48.88546" lon="2.03676">
        <ele>163.85126779666885</ele>
      </trkpt>
      <trkpt lat="48.88534887706935" lon="2.036680626478103">
        <ele>164.47</ele>
      </trkpt>
      <trkpt lat="48.88530980486149" lon="2.0366527177582023">
        <ele>164.64000000000001</ele>
      </trkpt>
      <trkpt lat="48.885272360662285" lon="2.03662597190163">
        <ele>164.77</ele>
      </trkpt>
      <trkpt lat="48.885235730467414" lon="2.036599807476723">
        <ele>164.87</ele>
      </trkpt>
      <trkpt lat="48.885040000000004" lon="2.0364600000000004">
        <ele>164.99914400638795</ele>
      </trkpt>
      <trkpt lat="48.88495045662941" lon="2.03630557012898">
        <ele>165.08</ele>
      </trkpt>
      <trkpt lat="48.88480532783641" lon="2.0360552755439474">
        <ele>165.27</ele>
      </trkpt>
      <trkpt lat="48.884747038403155" lon="2.0359547473909423">
        <ele>165.36</ele>
      </trkpt>
      <trkpt lat="48.88465781988286" lon="2.035800877768996">
        <ele>165.56</ele>
      </trkpt>
      <trkpt lat="48.88465781988286" lon="2.035800877768996">
        <ele>165.57000000000002</ele>
      </trkpt>
      <trkpt lat="48.884576333634335" lon="2.0356603435142855">
        <ele>165.8</ele>
      </trkpt>
      <trkpt lat="48.88448889948445" lon="2.035509551284778">
        <ele>166.10000000000002</ele>
      </trkpt>
      <trkpt lat="48.88440206012471" lon="2.03535978485275">
        <ele>166.47</ele>
      </trkpt>
      <trkpt lat="48.884350000000005" lon="2.03527">
        <ele>166.73198521859626</ele>
      </trkpt>
      <trkpt lat="48.88434" lon="2.03527">
        <ele>166.76526802568017</ele>
      </trkpt>
      <trkpt lat="48.88431179588738" lon="2.035219666506696">
        <ele>166.91</ele>
      </trkpt>
      <trkpt lat="48.884169473532204" lon="2.0349656758420864">
        <ele>167.71000000000004</ele>
      </trkpt>
      <trkpt lat="48.884112311274805" lon="2.034863663198104">
        <ele>168</ele>
      </trkpt>
      <trkpt lat="48.8840551490174" lon="2.0347616505541213">
        <ele>168.25</ele>
      </trkpt>
      <trkpt lat="48.883998570048334" lon="2.0346606788554853">
        <ele>168.45000000000002</ele>
      </trkpt>
      <trkpt lat="48.88388366224518" lon="2.034455612622174">
        <ele>168.9</ele>
      </trkpt>
      <trkpt lat="48.883825916699436" lon="2.034352559032844">
        <ele>169.17000000000002</ele>
      </trkpt>
      <trkpt lat="48.88379733557074" lon="2.034301552710853">
        <ele>169.34</ele>
      </trkpt>
      <trkpt lat="48.883739590024994" lon="2.0341984991215236">
        <ele>169.76000000000002</ele>
      </trkpt>
      <trkpt lat="48.88369" lon="2.03411">
        <ele>170.17430105430077</ele>
      </trkpt>
      <trkpt lat="48.88360021831606" lon="2.0340406232442287">
        <ele>170.72</ele>
      </trkpt>
      <trkpt lat="48.88348155913292" lon="2.0339489320572555">
        <ele>171.34</ele>
      </trkpt>
      <trkpt lat="48.88347" lon="2.0339400000000003">
        <ele>171.40407713725136</ele>
      </trkpt>
      <trkpt lat="48.883395014895555" lon="2.033920559417366">
        <ele>171.78</ele>
      </trkpt>
      <trkpt lat="48.88322302795409" lon="2.033875970210321">
        <ele>172.32</ele>
      </trkpt>
      <trkpt lat="48.88305015448201" lon="2.033831151162002">
        <ele>172.8</ele>
      </trkpt>
      <trkpt lat="48.88293" lon="2.0338000000000003">
        <ele>173.1806074046146</ele>
      </trkpt>
      <trkpt lat="48.882920621560814" lon="2.0337987767253236">
        <ele>173.21</ele>
      </trkpt>
      <trkpt lat="48.882833706434525" lon="2.0337874399697204">
        <ele>173.46</ele>
      </trkpt>
      <trkpt lat="48.88252367928301" lon="2.0337470016456103">
        <ele>174.22</ele>
      </trkpt>
      <trkpt lat="48.88252367928301" lon="2.0337470016456103">
        <ele>174.23000000000002</ele>
      </trkpt>
      <trkpt lat="48.88224" lon="2.03371">
        <ele>174.91506891410904</ele>
      </trkpt>
      <trkpt lat="48.88212746325888" lon="2.0335749559106513">
        <ele>175.26000000000002</ele>
      </trkpt>
      <trkpt lat="48.882090000000005" lon="2.0335300000000003">
        <ele>175.39266406212596</ele>
      </trkpt>
      <trkpt lat="48.88208" lon="2.0335300000000003">
        <ele>175.42046277031534</ele>
      </trkpt>
      <trkpt lat="48.882057897235484" lon="2.033502371544345">
        <ele>175.5</ele>
      </trkpt>
      <trkpt lat="48.882000000000005" lon="2.03343">
        <ele>175.73810780830962</ele>
      </trkpt>
      <trkpt lat="48.88194371367395" lon="2.0334140699077183">
        <ele>175.92000000000002</ele>
      </trkpt>
      <trkpt lat="48.88181639758353" lon="2.03337803705194">
        <ele>175.70000000000002</ele>
      </trkpt>
      <trkpt lat="48.88164752693582" lon="2.033330243472401">
        <ele>175.48000000000002</ele>
      </trkpt>
      <trkpt lat="48.88147000000001" lon="2.03328">
        <ele>175.21956026302976</ele>
      </trkpt>
      <trkpt lat="48.881486336536085" lon="2.033325970252679">
        <ele>175.17000000000002</ele>
      </trkpt>
      <trkpt lat="48.88156799919825" lon="2.03355576518577">
        <ele>174.97</ele>
      </trkpt>
      <trkpt lat="48.881670184414276" lon="2.0338433096308424">
        <ele>174.68</ele>
      </trkpt>
      <trkpt lat="48.88181683516362" lon="2.0342559780185403">
        <ele>174.04000000000002</ele>
      </trkpt>
      <trkpt lat="48.8819" lon="2.0344900000000004">
        <ele>173.65097315891546</ele>
      </trkpt>
      <trkpt lat="48.881920320362156" lon="2.034551742638846">
        <ele>173.55</ele>
      </trkpt>
      <trkpt lat="48.88194527476522" lon="2.0346275656327886">
        <ele>173.44</ele>
      </trkpt>
      <trkpt lat="48.88194527476522" lon="2.0346275656327886">
        <ele>173.45000000000002</ele>
      </trkpt>
      <trkpt lat="48.882100636048854" lon="2.0350996249176587">
        <ele>172.83</ele>
      </trkpt>
      <trkpt lat="48.882160000000006" lon="2.03528">
        <ele>172.61327764100017</ele>
      </trkpt>
      <trkpt lat="48.882160000000006" lon="2.03527">
        <ele>172.6025330549233</ele>
      </trkpt>
      <trkpt lat="48.88219690155966" lon="2.03537984650315">
        <ele>172.47</ele>
      </trkpt>
      <trkpt lat="48.8823171845621" lon="2.0357378982313645">
        <ele>171.99</ele>
      </trkpt>
      <trkpt lat="48.882377326063335" lon="2.035916924095472">
        <ele>171.61</ele>
      </trkpt>
      <trkpt lat="48.882498018191626" lon="2.0362761936867075">
        <ele>170.77</ele>
      </trkpt>
      <trkpt lat="48.88253811252578" lon="2.0363955442627786">
        <ele>170.52</ele>
      </trkpt>
      <trkpt lat="48.88257861598579" lon="2.0365161127018716">
        <ele>170.33</ele>
      </trkpt>
      <trkpt lat="48.88261871031994" lon="2.036635463277943">
        <ele>170.23000000000002</ele>
      </trkpt>
      <trkpt lat="48.8826993081141" lon="2.036875382293107">
        <ele>170.15000000000003</ele>
      </trkpt>
      <trkpt lat="48.882739402448244" lon="2.0369947328691786">
        <ele>170.09</ele>
      </trkpt>
      <trkpt lat="48.88279954394947" lon="2.037173758733286">
        <ele>169.88</ele>
      </trkpt>
      <trkpt lat="48.88283963828361" lon="2.037293109309357">
        <ele>169.33</ele>
      </trkpt>
      <trkpt lat="48.88286009457654" lon="2.037354002460414">
        <ele>169.03</ele>
      </trkpt>
      <trkpt lat="48.88288014174362" lon="2.03741367774845">
        <ele>168.68</ele>
      </trkpt>
      <trkpt lat="48.882900188910696" lon="2.0374733530364857">
        <ele>168.31</ele>
      </trkpt>
      <trkpt lat="48.88296073953778" lon="2.037653596763614">
        <ele>167.13</ele>
      </trkpt>
      <trkpt lat="48.88302" lon="2.03783">
        <ele>165.99769715252216</ele>
      </trkpt>
      <trkpt lat="48.88304308711536" lon="2.0378920856210248">
        <ele>165.59</ele>
      </trkpt>
      <trkpt lat="48.88310860324065" lon="2.0380682708768756">
        <ele>164.33</ele>
      </trkpt>
      <trkpt lat="48.88313029439024" lon="2.038126602481853">
        <ele>163.88000000000002</ele>
      </trkpt>
      <trkpt lat="48.883151985539826" lon="2.0381849340868308">
        <ele>163.4</ele>
      </trkpt>
      <trkpt lat="48.88317411936594" lon="2.038244456132726">
        <ele>162.88000000000002</ele>
      </trkpt>
      <trkpt lat="48.88319581051553" lon="2.038302787737704">
        <ele>162.31</ele>
      </trkpt>
      <trkpt lat="48.88328301779041" lon="2.0385373045985324">
        <ele>159.8</ele>
      </trkpt>
      <trkpt lat="48.88330470894" lon="2.03859563620351">
        <ele>159.27</ele>
      </trkpt>
      <trkpt lat="48.88332684276612" lon="2.0386551582494055">
        <ele>158.83</ele>
      </trkpt>
      <trkpt lat="48.8833485339157" lon="2.038713489854383">
        <ele>158.47</ele>
      </trkpt>
      <trkpt lat="48.88337022506529" lon="2.0387718214593606">
        <ele>158.19000000000003</ele>
      </trkpt>
      <trkpt lat="48.88343574119058" lon="2.0389480067152115">
        <ele>157.55</ele>
      </trkpt>
      <trkpt lat="48.88345743234017" lon="2.039006338320189">
        <ele>157.31</ele>
      </trkpt>
      <trkpt lat="48.88347956616629" lon="2.039065860366084">
        <ele>157.03</ele>
      </trkpt>
      <trkpt lat="48.88350125731587" lon="2.0391241919710623">
        <ele>156.72000000000003</ele>
      </trkpt>
      <trkpt lat="48.883519407053285" lon="2.0391730000486965">
        <ele>156.43</ele>
      </trkpt>
      <trkpt lat="48.883519407053285" lon="2.0391730000486965">
        <ele>156.47000000000003</ele>
      </trkpt>
      <trkpt lat="48.88354685299767" lon="2.0392468073856067">
        <ele>156.04000000000002</ele>
      </trkpt>
      <trkpt lat="48.883568986823775" lon="2.0393063294315024">
        <ele>155.67</ele>
      </trkpt>
      <trkpt lat="48.883590677973366" lon="2.0393646610364797">
        <ele>155.28</ele>
      </trkpt>
      <trkpt lat="48.883634502949064" lon="2.039482514687353">
        <ele>154.45</ele>
      </trkpt>
      <trkpt lat="48.883743401373536" lon="2.0397753631531588">
        <ele>152.3</ele>
      </trkpt>
      <trkpt lat="48.88376" lon="2.03982">
        <ele>151.95544158953055</ele>
      </trkpt>
      <trkpt lat="48.88376" lon="2.03981">
        <ele>151.88824974365895</ele>
      </trkpt>
      <trkpt lat="48.883805296290696" lon="2.03993317412381">
        <ele>150.94000000000003</ele>
      </trkpt>
      <trkpt lat="48.88387026119656" lon="2.0401098330783753">
        <ele>149.50000000000003</ele>
      </trkpt>
      <trkpt lat="48.883935226102444" lon="2.04028649203294">
        <ele>148.00000000000003</ele>
      </trkpt>
      <trkpt lat="48.88399975205624" lon="2.0404619573459204">
        <ele>146.47000000000003</ele>
      </trkpt>
      <trkpt lat="48.88404320831084" lon="2.0405801278628255">
        <ele>145.54</ele>
      </trkpt>
      <trkpt lat="48.88408622561339" lon="2.040697104738146">
        <ele>144.69</ele>
      </trkpt>
      <trkpt lat="48.88417313812259" lon="2.040933445771956">
        <ele>143.15</ele>
      </trkpt>
      <trkpt lat="48.88421659437719" lon="2.0410516162888612">
        <ele>142.31000000000003</ele>
      </trkpt>
      <trkpt lat="48.88426048958387" lon="2.041170980447351">
        <ele>141.43</ele>
      </trkpt>
      <trkpt lat="48.884303945838475" lon="2.041289150964256">
        <ele>140.51000000000002</ele>
      </trkpt>
      <trkpt lat="48.884330000000006" lon="2.04136">
        <ele>139.92244180995738</ele>
      </trkpt>
      <trkpt lat="48.88432358953371" lon="2.041413335079604">
        <ele>139.53</ele>
      </trkpt>
      <trkpt lat="48.8842754034649" lon="2.041814243172109">
        <ele>136.49</ele>
      </trkpt>
      <trkpt lat="48.88425923364315" lon="2.041948776089057">
        <ele>135.57000000000002</ele>
      </trkpt>
      <trkpt lat="48.884251310430486" lon="2.0420146972183617">
        <ele>135.16</ele>
      </trkpt>
      <trkpt lat="48.88424322551961" lon="2.0420819636768357">
        <ele>134.78</ele>
      </trkpt>
      <trkpt lat="48.88423514060874" lon="2.04214923013531">
        <ele>134.43</ele>
      </trkpt>
      <trkpt lat="48.884219132485214" lon="2.0422824177230883">
        <ele>133.79000000000002</ele>
      </trkpt>
      <trkpt lat="48.8841950394508" lon="2.0424828717693413">
        <ele>132.89000000000001</ele>
      </trkpt>
      <trkpt lat="48.884170299623534" lon="2.042688707132272">
        <ele>132.05</ele>
      </trkpt>
      <trkpt lat="48.884170299623534" lon="2.042688707132272">
        <ele>132.04000000000002</ele>
      </trkpt>
      <trkpt lat="48.8841552616893" lon="2.0428138227450336">
        <ele>131.54000000000002</ele>
      </trkpt>
      <trkpt lat="48.88412308374403" lon="2.04308154324976">
        <ele>130.29999999999998</ele>
      </trkpt>
      <trkpt lat="48.88411516053137" lon="2.043147464379065">
        <ele>130.02</ele>
      </trkpt>
      <trkpt lat="48.88410707562049" lon="2.043214730837539">
        <ele>129.76000000000002</ele>
      </trkpt>
      <trkpt lat="48.884080000000004" lon="2.0434400000000004">
        <ele>128.97708980462713</ele>
      </trkpt>
      <trkpt lat="48.88403538497558" lon="2.0438162533726607">
        <ele>127.67</ele>
      </trkpt>
      <trkpt lat="48.88401160558396" lon="2.0440167929086783">
        <ele>127.02000000000002</ele>
      </trkpt>
      <trkpt lat="48.88396404680071" lon="2.044417871980714">
        <ele>125.87</ele>
      </trkpt>
      <trkpt lat="48.883948247070705" lon="2.0445511163704166">
        <ele>125.53</ele>
      </trkpt>
      <trkpt lat="48.88394026740909" lon="2.0446184115167316">
        <ele>125.38000000000001</ele>
      </trkpt>
      <trkpt lat="48.883932447340705" lon="2.0446843607601197">
        <ele>125.25</ele>
      </trkpt>
      <trkpt lat="48.88391648801746" lon="2.0448189510527492">
        <ele>125.03</ele>
      </trkpt>
      <trkpt lat="48.883868929234225" lon="2.0452200301247845">
        <ele>124.51</ele>
      </trkpt>
      <trkpt lat="48.883853289097445" lon="2.045351928611561">
        <ele>124.49</ele>
      </trkpt>
      <trkpt lat="48.88381402916229" lon="2.0456830207314294">
        <ele>124.39000000000001</ele>
      </trkpt>
      <trkpt lat="48.883798389025515" lon="2.045814919218206">
        <ele>124.42000000000002</ele>
      </trkpt>
      <trkpt lat="48.883790568957124" lon="2.0458808684615946">
        <ele>124.46000000000001</ele>
      </trkpt>
      <trkpt lat="48.88378" lon="2.04597">
        <ele>124.54109103349131</ele>
      </trkpt>
      <trkpt lat="48.88373603193101" lon="2.046057936137983">
        <ele>124.64000000000001</ele>
      </trkpt>
      <trkpt lat="48.88365547208743" lon="2.0462190558251367">
        <ele>124.91000000000001</ele>
      </trkpt>
      <trkpt lat="48.883602128407226" lon="2.046325743185549">
        <ele>125.13000000000001</ele>
      </trkpt>
      <trkpt lat="48.88354878472702" lon="2.0464324305459614">
        <ele>125.42</ele>
      </trkpt>
      <trkpt lat="48.88351830262405" lon="2.0464933947519115">
        <ele>125.62</ele>
      </trkpt>
      <trkpt lat="48.88351830262405" lon="2.0464933947519115">
        <ele>125.59</ele>
      </trkpt>
      <trkpt lat="48.88343828710374" lon="2.04665342579253">
        <ele>126.25</ele>
      </trkpt>
      <trkpt lat="48.88338494342353" lon="2.0467601131529425">
        <ele>126.79</ele>
      </trkpt>
      <trkpt lat="48.88333105542006" lon="2.04686788915989">
        <ele>127.41000000000003</ele>
      </trkpt>
      <trkpt lat="48.88327771173985" lon="2.0469745765203022">
        <ele>128.12</ele>
      </trkpt>
      <trkpt lat="48.88322436805964" lon="2.0470812638807145">
        <ele>128.88000000000002</ele>
      </trkpt>
      <trkpt lat="48.88322" lon="2.0470900000000003">
        <ele>128.94714589044474</ele>
      </trkpt>
      <trkpt lat="48.883171024677296" lon="2.047187950645417">
        <ele>129.70000000000002</ele>
      </trkpt>
      <trkpt lat="48.88309046532366" lon="2.0473490693526886">
        <ele>131.01999999999998</ele>
      </trkpt>
      <trkpt lat="48.882983778612086" lon="2.047562442775832">
        <ele>133.11</ele>
      </trkpt>
      <trkpt lat="48.88282" lon="2.04789">
        <ele>136.20710312411686</ele>
      </trkpt>
      <trkpt lat="48.88278787231367" lon="2.047914950224488">
        <ele>136.62</ele>
      </trkpt>
      <trkpt lat="48.88274862710239" lon="2.047945427888577">
        <ele>137.15</ele>
      </trkpt>
      <trkpt lat="48.882631692391186" lon="2.0480362388876987">
        <ele>138.8</ele>
      </trkpt>
      <trkpt lat="48.88259244717989" lon="2.0480667165517876">
        <ele>139.3</ele>
      </trkpt>
      <trkpt lat="48.882553201968605" lon="2.0480971942158765">
        <ele>139.74</ele>
      </trkpt>
      <trkpt lat="48.88251395675731" lon="2.0481276718799655">
        <ele>140.09</ele>
      </trkpt>
      <trkpt lat="48.882475512468694" lon="2.0481575275509094">
        <ele>140.37000000000003</ele>
      </trkpt>
      <trkpt lat="48.882397022046106" lon="2.0482184828790873">
        <ele>140.77</ele>
      </trkpt>
      <trkpt lat="48.8823193325462" lon="2.04827881621412">
        <ele>141.1</ele>
      </trkpt>
      <trkpt lat="48.88224084212362" lon="2.048339771542298">
        <ele>141.32</ele>
      </trkpt>
      <trkpt lat="48.88212390741242" lon="2.0484305825414197">
        <ele>141.54</ele>
      </trkpt>
      <trkpt lat="48.88204541698983" lon="2.0484915378695976">
        <ele>141.63</ele>
      </trkpt>
      <trkpt lat="48.88196692656725" lon="2.048552493197775">
        <ele>141.66</ele>
      </trkpt>
      <trkpt lat="48.88192848227864" lon="2.0485823488687194">
        <ele>141.64000000000001</ele>
      </trkpt>
      <trkpt lat="48.88188" lon="2.04862">
        <ele>141.55970107925205</ele>
      </trkpt>
      <trkpt lat="48.88184762205251" lon="2.048634184624618">
        <ele>141.51000000000002</ele>
      </trkpt>
      <trkpt lat="48.881805277567864" lon="2.0486527355417015">
        <ele>141.41</ele>
      </trkpt>
      <trkpt lat="48.88172058859856" lon="2.0486898373758686">
        <ele>141.15</ele>
      </trkpt>
      <trkpt lat="48.881636763802426" lon="2.0487265606198912">
        <ele>140.85</ele>
      </trkpt>
      <trkpt lat="48.88155207483313" lon="2.0487636624540584">
        <ele>140.51000000000002</ele>
      </trkpt>
      <trkpt lat="48.881467385863836" lon="2.0488007642882256">
        <ele>140.12000000000003</ele>
      </trkpt>
      <trkpt lat="48.88129973627156" lon="2.0488742107762707">
        <ele>139.26000000000002</ele>
      </trkpt>
      <trkpt lat="48.881172702817615" lon="2.0489298635275213">
        <ele>138.62</ele>
      </trkpt>
      <trkpt lat="48.88108801384833" lon="2.0489669653616884">
        <ele>138.25</ele>
      </trkpt>
      <trkpt lat="48.88104566936367" lon="2.048985516278772">
        <ele>138.09</ele>
      </trkpt>
      <trkpt lat="48.88100332487903" lon="2.0490040671958556">
        <ele>137.94</ele>
      </trkpt>
      <trkpt lat="48.88091950008289" lon="2.0490407904398777">
        <ele>137.72</ele>
      </trkpt>
      <trkpt lat="48.880834811113594" lon="2.049077892274045">
        <ele>137.55</ele>
      </trkpt>
      <trkpt lat="48.88083" lon="2.04908">
        <ele>137.54199223576276</ele>
      </trkpt>
      <trkpt lat="48.88070869694371" lon="2.0491334555841343">
        <ele>137.34</ele>
      </trkpt>
      <trkpt lat="48.88057999361646" lon="2.0491901723046144">
        <ele>137.37</ele>
      </trkpt>
      <trkpt lat="48.880537668361185" lon="2.049208824112021">
        <ele>137.41</ele>
      </trkpt>
      <trkpt lat="48.88049447932519" lon="2.0492278565685584">
        <ele>137.49</ele>
      </trkpt>
      <trkpt lat="48.88045129028921" lon="2.0492468890250954">
        <ele>137.6</ele>
      </trkpt>
      <trkpt lat="48.88040896503394" lon="2.0492655408325016">
        <ele>137.74</ele>
      </trkpt>
      <trkpt lat="48.88032258696197" lon="2.0493036057455756">
        <ele>138.1</ele>
      </trkpt>
      <trkpt lat="48.88024" lon="2.0493400000000004">
        <ele>138.50094946925051</ele>
      </trkpt>
      <trkpt lat="48.88019669843349" lon="2.0491422834132718">
        <ele>139.14000000000001</ele>
      </trkpt>
      <trkpt lat="48.88016856742763" lon="2.0490138361789536">
        <ele>139.59</ele>
      </trkpt>
      <trkpt lat="48.8801543598489" lon="2.0489489638383884">
        <ele>139.85</ele>
      </trkpt>
      <trkpt lat="48.88014043642176" lon="2.048885388944635">
        <ele>140.13</ele>
      </trkpt>
      <trkpt lat="48.88011230541589" lon="2.048756941710317">
        <ele>140.75</ele>
      </trkpt>
      <trkpt lat="48.880041551673884" lon="2.048433877454304">
        <ele>142.38</ele>
      </trkpt>
      <trkpt lat="48.88001342066802" lon="2.048305430219986">
        <ele>143.06000000000003</ele>
      </trkpt>
      <trkpt lat="48.87998528966215" lon="2.0481769829856673">
        <ele>143.84000000000003</ele>
      </trkpt>
      <trkpt lat="48.87997108208343" lon="2.0481121106451026">
        <ele>144.28000000000003</ele>
      </trkpt>
      <trkpt lat="48.87994295107757" lon="2.047983663410784">
        <ele>145.23000000000002</ele>
      </trkpt>
      <trkpt lat="48.879914820071704" lon="2.047855216176466">
        <ele>146.29</ele>
      </trkpt>
      <trkpt lat="48.879865093546194" lon="2.047628162984489">
        <ele>148.37</ele>
      </trkpt>
      <trkpt lat="48.879865093546194" lon="2.047628162984489">
        <ele>148.44000000000003</ele>
      </trkpt>
      <trkpt lat="48.87981764023327" lon="2.047411489367003">
        <ele>150.46</ele>
      </trkpt>
      <trkpt lat="48.87978950922741" lon="2.047283042132684">
        <ele>151.73</ele>
      </trkpt>
      <trkpt lat="48.87974717064283" lon="2.0470897225578013">
        <ele>153.81</ele>
      </trkpt>
      <trkpt lat="48.87973324721568" lon="2.0470261476640474">
        <ele>154.47000000000003</ele>
      </trkpt>
      <trkpt lat="48.87971903963696" lon="2.0469612753234827">
        <ele>155.06</ele>
      </trkpt>
      <trkpt lat="48.87971" lon="2.04692">
        <ele>155.39085237905837</ele>
      </trkpt>
      <trkpt lat="48.87971" lon="2.04691">
        <ele>155.46690389686654</ele>
      </trkpt>
      <trkpt lat="48.879706923463054" lon="2.046895884124624">
        <ele>155.58</ele>
      </trkpt>
      <trkpt lat="48.879693060887945" lon="2.0468322793682048">
        <ele>156.03</ele>
      </trkpt>
      <trkpt lat="48.879678915403126" lon="2.046767376555533">
        <ele>156.41000000000003</ele>
      </trkpt>
      <trkpt lat="48.87966505282801" lon="2.0467037717991143">
        <ele>156.74</ele>
      </trkpt>
      <trkpt lat="48.8796509073432" lon="2.0466388689864425">
        <ele>157.03</ele>
      </trkpt>
      <trkpt lat="48.879608753798465" lon="2.04644545860468">
        <ele>157.81</ele>
      </trkpt>
      <trkpt lat="48.87958074573852" lon="2.0463169510355885">
        <ele>158.27</ele>
      </trkpt>
      <trkpt lat="48.879552737678594" lon="2.046188443466498">
        <ele>158.70000000000002</ele>
      </trkpt>
      <trkpt lat="48.879524729618666" lon="2.046059935897407">
        <ele>158.97</ele>
      </trkpt>
      <trkpt lat="48.87949672155874" lon="2.0459314283283163">
        <ele>159.28</ele>
      </trkpt>
      <trkpt lat="48.87945485092369" lon="2.0457393160028072">
        <ele>159.81</ele>
      </trkpt>
      <trkpt lat="48.87941269737895" lon="2.0455459056210445">
        <ele>160.38000000000002</ele>
      </trkpt>
      <trkpt lat="48.879398551894134" lon="2.045481002808372">
        <ele>160.59</ele>
      </trkpt>
      <trkpt lat="48.879384689319025" lon="2.0454173980519537">
        <ele>160.82999999999998</ele>
      </trkpt>
      <trkpt lat="48.879328673199154" lon="2.0451603829137723">
        <ele>161.9</ele>
      </trkpt>
      <trkpt lat="48.87931452771434" lon="2.0450954801011">
        <ele>162.13000000000002</ele>
      </trkpt>
      <trkpt lat="48.879300665139226" lon="2.0450318753446814">
        <ele>162.32000000000002</ele>
      </trkpt>
      <trkpt lat="48.879286519654414" lon="2.044966972532009">
        <ele>162.44</ele>
      </trkpt>
      <trkpt lat="48.8792726570793" lon="2.0449033677755906">
        <ele>162.48000000000002</ele>
      </trkpt>
      <trkpt lat="48.879258511594486" lon="2.0448384649629188">
        <ele>162.45000000000002</ele>
      </trkpt>
      <trkpt lat="48.87924464901937" lon="2.0447748602065">
        <ele>162.35000000000002</ele>
      </trkpt>
      <trkpt lat="48.87923050353456" lon="2.044709957393828">
        <ele>162.17000000000002</ele>
      </trkpt>
      <trkpt lat="48.87918834998981" lon="2.044516547012065">
        <ele>161.49</ele>
      </trkpt>
      <trkpt lat="48.8791744874147" lon="2.0444529422556466">
        <ele>161.34</ele>
      </trkpt>
      <trkpt lat="48.87916034192988" lon="2.0443880394429743">
        <ele>161.26000000000002</ele>
      </trkpt>
      <trkpt lat="48.87914647935476" lon="2.0443244346865557">
        <ele>161.28</ele>
      </trkpt>
      <trkpt lat="48.879132333869954" lon="2.044259531873884">
        <ele>161.4</ele>
      </trkpt>
      <trkpt lat="48.87911847129483" lon="2.044195927117465">
        <ele>161.61</ele>
      </trkpt>
      <trkpt lat="48.879104325810026" lon="2.044131024304793">
        <ele>161.88000000000002</ele>
      </trkpt>
      <trkpt lat="48.87907631775009" lon="2.044002516735702">
        <ele>162.47</ele>
      </trkpt>
      <trkpt lat="48.879062455174974" lon="2.0439389119792835">
        <ele>162.71</ele>
      </trkpt>
      <trkpt lat="48.87901690671388" lon="2.0437299249224794">
        <ele>163.27</ele>
      </trkpt>
      <trkpt lat="48.87901690671388" lon="2.0437299249224794">
        <ele>163.31</ele>
      </trkpt>
      <trkpt lat="48.87900870233268" lon="2.0436922812911296">
        <ele>163.45000000000002</ele>
      </trkpt>
      <trkpt lat="48.87899455684787" lon="2.0436273784784573">
        <ele>163.79000000000002</ele>
      </trkpt>
      <trkpt lat="48.87898041136305" lon="2.0435624756657855">
        <ele>164.25</ele>
      </trkpt>
      <trkpt lat="48.87896654878794" lon="2.043498870909367">
        <ele>164.82000000000002</ele>
      </trkpt>
      <trkpt lat="48.87893854072801" lon="2.043370363340276">
        <ele>166.08</ele>
      </trkpt>
      <trkpt lat="48.878924395243196" lon="2.0433054605276038">
        <ele>166.66</ele>
      </trkpt>
      <trkpt lat="48.87891053266808" lon="2.043241855771185">
        <ele>167.14000000000001</ele>
      </trkpt>
      <trkpt lat="48.87889638718327" lon="2.0431769529585133">
        <ele>167.51000000000002</ele>
      </trkpt>
      <trkpt lat="48.87888252460815" lon="2.0431133482020947">
        <ele>167.8</ele>
      </trkpt>
      <trkpt lat="48.87886837912334" lon="2.0430484453894224">
        <ele>168.01000000000002</ele>
      </trkpt>
      <trkpt lat="48.87886" lon="2.04301">
        <ele>168.10671072815805</ele>
      </trkpt>
      <trkpt lat="48.87886" lon="2.043">
        <ele>168.13058916150385</ele>
      </trkpt>
      <trkpt lat="48.878856664209295" lon="2.042984293985413">
        <ele>168.17000000000002</ele>
      </trkpt>
      <trkpt lat="48.87882930256347" lon="2.042855466236319">
        <ele>168.45000000000002</ele>
      </trkpt>
      <trkpt lat="48.878815483550426" lon="2.0427904017165743">
        <ele>168.63</ele>
      </trkpt>
      <trkpt lat="48.87880194091764" lon="2.042726638487225">
        <ele>168.85</ele>
      </trkpt>
      <trkpt lat="48.878788121904606" lon="2.04266157396748">
        <ele>169.11</ele>
      </trkpt>
      <trkpt lat="48.87877457927182" lon="2.04259781073813">
        <ele>169.39000000000001</ele>
      </trkpt>
      <trkpt lat="48.87873422775374" lon="2.0424078223404765">
        <ele>170.64000000000001</ele>
      </trkpt>
      <trkpt lat="48.878720961501216" lon="2.042345360401521">
        <ele>171.03</ele>
      </trkpt>
      <trkpt lat="48.87870741886843" lon="2.0422815971721717">
        <ele>171.40000000000003</ele>
      </trkpt>
      <trkpt lat="48.87868060998313" lon="2.0421553720038674">
        <ele>172.05</ele>
      </trkpt>
      <trkpt lat="48.87865352471756" lon="2.042027845545168">
        <ele>172.59</ele>
      </trkpt>
      <trkpt lat="48.87862671583226" lon="2.0419016203768634">
        <ele>173.06</ele>
      </trkpt>
      <trkpt lat="48.878620000000005" lon="2.0418700000000003">
        <ele>173.1669966847912</ele>
      </trkpt>
      <trkpt lat="48.87854434128817" lon="2.0415939479432845">
        <ele>174.13</ele>
      </trkpt>
      <trkpt lat="48.87847688176361" lon="2.0413478118401964">
        <ele>175.02</ele>
      </trkpt>
      <trkpt lat="48.878443324974484" lon="2.0412253749068654">
        <ele>175.43</ele>
      </trkpt>
      <trkpt lat="48.87839143303252" lon="2.041036039442951">
        <ele>175.71</ele>
      </trkpt>
      <trkpt lat="48.87832258972285" lon="2.0407848543941585">
        <ele>175.98000000000002</ele>
      </trkpt>
      <trkpt lat="48.87825374641317" lon="2.040533669345366">
        <ele>176.29</ele>
      </trkpt>
      <trkpt lat="48.87825" lon="2.0405200000000003">
        <ele>176.3039062152589</ele>
      </trkpt>
      <trkpt lat="48.87807843712399" lon="2.039724572120302">
        <ele>177.09000000000003</ele>
      </trkpt>
      <trkpt lat="48.87807843712399" lon="2.039724572120302">
        <ele>177.11</ele>
      </trkpt>
      <trkpt lat="48.87796381348189" lon="2.039193135234227">
        <ele>177.65</ele>
      </trkpt>
      <trkpt lat="48.877922055724746" lon="2.0389995310874665">
        <ele>177.91</ele>
      </trkpt>
      <trkpt lat="48.87792" lon="2.03899">
        <ele>177.92662653405998</ele>
      </trkpt>
      <trkpt lat="48.87792" lon="2.03897">
        <ele>177.95977838201537</ele>
      </trkpt>
      <trkpt lat="48.87788493988868" lon="2.0388032275785837">
        <ele>178.25000000000003</ele>
      </trkpt>
      <trkpt lat="48.8778578313327" lon="2.0386742787717176">
        <ele>178.45000000000002</ele>
      </trkpt>
      <trkpt lat="48.8778441401428" lon="2.0386091531116843">
        <ele>178.52</ele>
      </trkpt>
      <trkpt lat="48.87778937538323" lon="2.038348650471551">
        <ele>178.71</ele>
      </trkpt>
      <trkpt lat="48.877707775891466" lon="2.0379605015377518">
        <ele>179.12</ele>
      </trkpt>
      <trkpt lat="48.87766724996938" lon="2.0377677295840533">
        <ele>179.28000000000003</ele>
      </trkpt>
      <trkpt lat="48.8776264502235" lon="2.037573655117154">
        <ele>179.42000000000002</ele>
      </trkpt>
      <trkpt lat="48.877599341667505" lon="2.0374447063102883">
        <ele>179.49</ele>
      </trkpt>
      <trkpt lat="48.877558815745424" lon="2.0372519343565894">
        <ele>179.56000000000003</ele>
      </trkpt>
      <trkpt lat="48.87755000000001" lon="2.03721">
        <ele>179.566504031733</ele>
      </trkpt>
      <trkpt lat="48.87761129366399" lon="2.037003312063299">
        <ele>179.6</ele>
      </trkpt>
      <trkpt lat="48.877702602919356" lon="2.0366954087603277">
        <ele>179.53000000000003</ele>
      </trkpt>
      <trkpt lat="48.87773920055612" lon="2.0365719981247232">
        <ele>179.52</ele>
      </trkpt>
      <trkpt lat="48.877766556365415" lon="2.0364797517910396">
        <ele>179.54</ele>
      </trkpt>
      <trkpt lat="48.877766556365415" lon="2.0364797517910396">
        <ele>179.55</ele>
      </trkpt>
      <trkpt lat="48.87779280315542" lon="2.036391245173586">
        <ele>179.58</ele>
      </trkpt>
      <trkpt lat="48.877847514774025" lon="2.036206752506218">
        <ele>179.69000000000003</ele>
      </trkpt>
      <trkpt lat="48.87790185671952" lon="2.036023506410927">
        <ele>179.83</ele>
      </trkpt>
      <trkpt lat="48.87795730768431" lon="2.035836520599406">
        <ele>180.03000000000003</ele>
      </trkpt>
      <trkpt lat="48.87798" lon="2.0357600000000002">
        <ele>180.1253953244561</ele>
      </trkpt>
      <trkpt lat="48.878012354960404" lon="2.0356522579818526">
        <ele>180.26</ele>
      </trkpt>
      <trkpt lat="48.878116948504506" lon="2.0353039614799884">
        <ele>180.4</ele>
      </trkpt>
      <trkpt lat="48.87816924527656" lon="2.035129813229056">
        <ele>180.42000000000002</ele>
      </trkpt>
      <trkpt lat="48.87827645365927" lon="2.0347728093146458">
        <ele>180.4</ele>
      </trkpt>
      <trkpt lat="48.87836759946199" lon="2.034469293791593">
        <ele>180.42000000000002</ele>
      </trkpt>
      <trkpt lat="48.87840420720242" lon="2.034347390015941">
        <ele>180.41000000000003</ele>
      </trkpt>
      <trkpt lat="48.87847704913493" lon="2.0341048263807133">
        <ele>180.31000000000003</ele>
      </trkpt>
      <trkpt lat="48.87856856848602" lon="2.0338000669415823">
        <ele>180.15</ele>
      </trkpt>
      <trkpt lat="48.87867801815895" lon="2.0334355995307036">
        <ele>180.05</ele>
      </trkpt>
      <trkpt lat="48.878762813639355" lon="2.033153230580978">
        <ele>180.07</ele>
      </trkpt>
      <trkpt lat="48.8787859736384" lon="2.0330761077841366">
        <ele>180.08</ele>
      </trkpt>
      <trkpt lat="48.8788588155709" lon="2.03283354414891">
        <ele>180.00000000000003</ele>
      </trkpt>
      <trkpt lat="48.87889542331134" lon="2.0327116403732575">
        <ele>179.98</ele>
      </trkpt>
      <trkpt lat="48.878932031051775" lon="2.032589736597605">
        <ele>180.00000000000003</ele>
      </trkpt>
      <trkpt lat="48.878980000000006" lon="2.03243">
        <ele>180.07036399347126</ele>
      </trkpt>
      <trkpt lat="48.87898650470984" lon="2.032408080018904">
        <ele>180.08</ele>
      </trkpt>
      <trkpt lat="48.87909562109998" lon="2.0320403727316143">
        <ele>180.16000000000003</ele>
      </trkpt>
      <trkpt lat="48.879149994352005" lon="2.0318571423206593">
        <ele>180.12</ele>
      </trkpt>
      <trkpt lat="48.87916848865542" lon="2.031794819051627">
        <ele>180.08</ele>
      </trkpt>
      <trkpt lat="48.879204737490106" lon="2.031672665444324">
        <ele>179.95000000000002</ele>
      </trkpt>
      <trkpt lat="48.879313853880234" lon="2.031304958157034">
        <ele>179.45000000000002</ele>
      </trkpt>
      <trkpt lat="48.879368597018335" lon="2.031120481280699">
        <ele>179.27</ele>
      </trkpt>
      <trkpt lat="48.87949398839547" lon="2.03069792951666">
        <ele>179.03000000000003</ele>
      </trkpt>
      <trkpt lat="48.87964083316456" lon="2.0302030827605444">
        <ele>178.72000000000003</ele>
      </trkpt>
      <trkpt lat="48.87971" lon="2.02997">
        <ele>178.63125662285154</ele>
      </trkpt>
      <trkpt lat="48.879749521374464" lon="2.0298350822044373">
        <ele>178.58</ele>
      </trkpt>
      <trkpt lat="48.87978538169332" lon="2.0297126624952226">
        <ele>178.51</ele>
      </trkpt>
      <trkpt lat="48.87985820009591" lon="2.029464075534674">
        <ele>178.98000000000002</ele>
      </trkpt>
      <trkpt lat="48.87989442633639" lon="2.029340406644753">
        <ele>179.17000000000002</ele>
      </trkpt>
      <trkpt lat="48.87993065257687" lon="2.029216737754832">
        <ele>179.31000000000003</ele>
      </trkpt>
      <trkpt lat="48.8799851748984" lon="2.029030609829597">
        <ele>179.43</ele>
      </trkpt>
      <trkpt lat="48.88" lon="2.0289800000000002">
        <ele>179.4786173018934</ele>
      </trkpt>
      <trkpt lat="48.87994651151052" lon="2.0289785736402806">
        <ele>179.55</ele>
      </trkpt>
      <trkpt lat="48.87977476734682" lon="2.0289739937959155">
        <ele>179.93</ele>
      </trkpt>
      <trkpt lat="48.87977476734682" lon="2.0289739937959155">
        <ele>179.94000000000003</ele>
      </trkpt>
      <trkpt lat="48.87964078891545" lon="2.0289704210377453">
        <ele>180.25000000000003</ele>
      </trkpt>
      <trkpt lat="48.87950681048408" lon="2.0289668482795755">
        <ele>180.53000000000003</ele>
      </trkpt>
      <trkpt lat="48.8792829136424" lon="2.0289608776971306">
        <ele>180.91000000000003</ele>
      </trkpt>
      <trkpt lat="48.879250000000006" lon="2.02896">
        <ele>180.9690385437122</ele>
      </trkpt>
      <trkpt lat="48.87924" lon="2.02896">
        <ele>180.986973194157</ele>
      </trkpt>
      <trkpt lat="48.879059941505545" lon="2.028953247806458">
        <ele>181.31000000000003</ele>
      </trkpt>
      <trkpt lat="48.878970935654614" lon="2.028949910087048">
        <ele>181.45000000000002</ele>
      </trkpt>
      <trkpt lat="48.878970935654614" lon="2.028949910087048">
        <ele>184.62</ele>
      </trkpt>
      <trkpt lat="48.87884416974571" lon="2.028945156365464">
        <ele>184.8</ele>
      </trkpt>
      <trkpt lat="48.8787165047878" lon="2.028940368929543">
        <ele>185.08</ele>
      </trkpt>
      <trkpt lat="48.87858973887891" lon="2.028935615207959">
        <ele>185.32000000000002</ele>
      </trkpt>
      <trkpt lat="48.87846207392101" lon="2.028930827772038">
        <ele>185.39000000000001</ele>
      </trkpt>
      <trkpt lat="48.87846207392101" lon="2.028930827772038">
        <ele>181.99</ele>
      </trkpt>
      <trkpt lat="48.878440000000005" lon="2.0289300000000003">
        <ele>181.97910976813932</ele>
      </trkpt>
      <trkpt lat="48.878240388521576" lon="2.028894774444983">
        <ele>181.88000000000002</ele>
      </trkpt>
      <trkpt lat="48.87815284255719" lon="2.028879325157151">
        <ele>181.86</ele>
      </trkpt>
      <trkpt lat="48.878063509940475" lon="2.02886356057773">
        <ele>181.86</ele>
      </trkpt>
      <trkpt lat="48.877930000000006" lon="2.02884">
        <ele>181.91032074908256</ele>
      </trkpt>
      <trkpt lat="48.87791000000001" lon="2.02889">
        <ele>181.92473033195625</ele>
      </trkpt>
      <trkpt lat="48.87788446680065" lon="2.0290278792765104">
        <ele>181.96</ele>
      </trkpt>
      <trkpt lat="48.877860000000005" lon="2.02916">
        <ele>181.96</ele>
      </trkpt>
      <trkpt lat="48.8777684324927" lon="2.029391611930224">
        <ele>181.96</ele>
      </trkpt>
      <trkpt lat="48.87769939453814" lon="2.0295662373447154">
        <ele>181.89000000000001</ele>
      </trkpt>
      <trkpt lat="48.87769" lon="2.0295900000000002">
        <ele>181.87656083928408</ele>
      </trkpt>
      <trkpt lat="48.877501110599894" lon="2.0299322231484296">
        <ele>181.66000000000003</ele>
      </trkpt>
      <trkpt lat="48.8774727821962" lon="2.029983547550416">
        <ele>181.64000000000001</ele>
      </trkpt>
      <trkpt lat="48.877414969127436" lon="2.0300882912279405">
        <ele>181.66000000000003</ele>
      </trkpt>
      <trkpt lat="48.87720915460264" lon="2.0304611787199263">
        <ele>181.8</ele>
      </trkpt>
      <trkpt lat="48.877183716852386" lon="2.030507265938037">
        <ele>181.82</ele>
      </trkpt>
      <trkpt lat="48.87709757537993" lon="2.030663334017548">
        <ele>181.94000000000003</ele>
      </trkpt>
      <trkpt lat="48.87695419896939" lon="2.0309230983378077">
        <ele>182.26</ele>
      </trkpt>
      <trkpt lat="48.87684" lon="2.03113">
        <ele>182.55470411846613</ele>
      </trkpt>
      <trkpt lat="48.87681041286067" lon="2.0311823322526843">
        <ele>182.63000000000002</ele>
      </trkpt>
      <trkpt lat="48.876693749394846" lon="2.031388680757873">
        <ele>182.86</ele>
      </trkpt>
      <trkpt lat="48.876548945997556" lon="2.031644801766826">
        <ele>183.19000000000003</ele>
      </trkpt>
      <trkpt lat="48.876432282531724" lon="2.031851150272015">
        <ele>183.12</ele>
      </trkpt>
      <trkpt lat="48.87637365767452" lon="2.0319548429881897">
        <ele>183.10000000000002</ele>
      </trkpt>
      <trkpt lat="48.87622826802867" lon="2.0322120009243045">
        <ele>183.17000000000002</ele>
      </trkpt>
      <trkpt lat="48.876023667277025" lon="2.032573888503756">
        <ele>183.21</ele>
      </trkpt>
      <trkpt lat="48.87584896520257" lon="2.032882892797958">
        <ele>183.32</ele>
      </trkpt>
      <trkpt lat="48.87576161416534" lon="2.0330373949450595">
        <ele>183.43</ele>
      </trkpt>
      <trkpt lat="48.87561681076805" lon="2.033293515954012">
        <ele>183.67000000000002</ele>
      </trkpt>
      <trkpt lat="48.87561681076805" lon="2.033293515954012">
        <ele>183.68</ele>
      </trkpt>
      <trkpt lat="48.87544503993645" lon="2.0335973356124057">
        <ele>183.96</ele>
      </trkpt>
      <trkpt lat="48.87535768889923" lon="2.0337518377595067">
        <ele>184.13000000000002</ele>
      </trkpt>
      <trkpt lat="48.875299064042025" lon="2.033855530475682">
        <ele>184.22000000000003</ele>
      </trkpt>
      <trkpt lat="48.87524102543339" lon="2.0339581862646954">
        <ele>184.28000000000003</ele>
      </trkpt>
      <trkpt lat="48.875240000000005" lon="2.03396">
        <ele>184.2801754994349</ele>
      </trkpt>
      <trkpt lat="48.87506649104336" lon="2.0342692018586295">
        <ele>184.31</ele>
      </trkpt>
      <trkpt lat="48.87500870353365" lon="2.034372182164402">
        <ele>184.35000000000002</ele>
      </trkpt>
      <trkpt lat="48.87495033231172" lon="2.0344762026752843">
        <ele>184.43</ele>
      </trkpt>
      <trkpt lat="48.87483475729229" lon="2.03468216328683">
        <ele>184.7</ele>
      </trkpt>
      <trkpt lat="48.87471976598508" lon="2.034887083693267">
        <ele>184.76</ele>
      </trkpt>
      <trkpt lat="48.874661978475366" lon="2.03499006399904">
        <ele>184.82000000000002</ele>
      </trkpt>
      <trkpt lat="48.87454698716815" lon="2.0351949844054773">
        <ele>185.00000000000003</ele>
      </trkpt>
      <trkpt lat="48.87448919965844" lon="2.0352979647112504">
        <ele>185.06</ele>
      </trkpt>
      <trkpt lat="48.874460000000006" lon="2.03535">
        <ele>185.07326691291163</ele>
      </trkpt>
      <trkpt lat="48.87412272529834" lon="2.035974502189545">
        <ele>185.23</ele>
      </trkpt>
      <trkpt lat="48.87406622520496" lon="2.0360791184914637">
        <ele>185.3</ele>
      </trkpt>
      <trkpt lat="48.87392526032555" lon="2.0363401308810993">
        <ele>185.55</ele>
      </trkpt>
      <trkpt lat="48.8738407955395" lon="2.0364965269688167">
        <ele>185.66000000000003</ele>
      </trkpt>
      <trkpt lat="48.87378486615414" lon="2.0366000865404126">
        <ele>185.71</ele>
      </trkpt>
      <trkpt lat="48.873671865967395" lon="2.0368093191442505">
        <ele>185.72000000000003</ele>
      </trkpt>
      <trkpt lat="48.8735029363953" lon="2.0371221113196842">
        <ele>185.8</ele>
      </trkpt>
      <trkpt lat="48.87344700700994" lon="2.0372256708912806">
        <ele>185.87</ele>
      </trkpt>
      <trkpt lat="48.8733340068232" lon="2.037434903495118">
        <ele>186.07000000000002</ele>
      </trkpt>
      <trkpt lat="48.87327807743784" lon="2.0375384630667144">
        <ele>186.13000000000002</ele>
      </trkpt>
      <trkpt lat="48.87313711255842" lon="2.0377994754563504">
        <ele>185.83</ele>
      </trkpt>
      <trkpt lat="48.873080612465046" lon="2.037904091758269">
        <ele>185.73</ele>
      </trkpt>
      <trkpt lat="48.87291168289295" lon="2.038216883933703">
        <ele>185.60000000000002</ele>
      </trkpt>
      <trkpt lat="48.872910000000005" lon="2.0382200000000004">
        <ele>185.59821885711375</ele>
      </trkpt>
      <trkpt lat="48.87280164542561" lon="2.038107130651674">
        <ele>185.51</ele>
      </trkpt>
      <trkpt lat="48.872728197884825" lon="2.038030622796684">
        <ele>185.43</ele>
      </trkpt>
      <trkpt lat="48.872544949980025" lon="2.0378397395625174">
        <ele>185.19000000000003</ele>
      </trkpt>
      <trkpt lat="48.87243514961601" lon="2.037725364183341">
        <ele>184.98</ele>
      </trkpt>
      <trkpt lat="48.8723268330407" lon="2.037612534417396">
        <ele>184.59</ele>
      </trkpt>
      <trkpt lat="48.872147294607664" lon="2.0374255152163094">
        <ele>183.82</ele>
      </trkpt>
      <trkpt lat="48.87209313632001" lon="2.037369100333337">
        <ele>183.61</ele>
      </trkpt>
      <trkpt lat="48.87200188331478" lon="2.037274045119562">
        <ele>183.3</ele>
      </trkpt>
      <trkpt lat="48.871950000000005" lon="2.03722">
        <ele>183.14859744263435</ele>
      </trkpt>
      <trkpt lat="48.871840535036704" lon="2.03725283948899">
        <ele>182.88000000000002</ele>
      </trkpt>
      <trkpt lat="48.87169936555977" lon="2.0372951903320704">
        <ele>182.27</ele>
      </trkpt>
      <trkpt lat="48.87161378156438" lon="2.037320865530688">
        <ele>182.03000000000003</ele>
      </trkpt>
      <trkpt lat="48.871550000000006" lon="2.0373400000000004">
        <ele>181.83663341507702</ele>
      </trkpt>
      <trkpt lat="48.87117798428379" lon="2.037331348471716">
        <ele>180.73</ele>
      </trkpt>
      <trkpt lat="48.871120000000005" lon="2.0373300000000003">
        <ele>180.5704542596134</ele>
      </trkpt>
      <trkpt lat="48.871091219423334" lon="2.037322123210597">
        <ele>180.49</ele>
      </trkpt>
      <trkpt lat="48.87096199553281" lon="2.037286756672136">
        <ele>180.19000000000003</ele>
      </trkpt>
      <trkpt lat="48.87079028707552" lon="2.0372397627785643">
        <ele>179.85</ele>
      </trkpt>
      <trkpt lat="48.87074337703308" lon="2.0372269242406302">
        <ele>179.84000000000003</ele>
      </trkpt>
      <trkpt lat="48.87056724310008" lon="2.0371787191642343">
        <ele>179.63</ele>
      </trkpt>
      <trkpt lat="48.870479618681166" lon="2.037154737744319">
        <ele>179.55</ele>
      </trkpt>
      <trkpt lat="48.87017160557223" lon="2.037070439419768">
        <ele>179.4</ele>
      </trkpt>
      <trkpt lat="48.87017" lon="2.0370700000000004">
        <ele>179.39963353315235</ele>
      </trkpt>
      <trkpt lat="48.87008462649918" lon="2.0370415421663925">
        <ele>179.38</ele>
      </trkpt>
      <trkpt lat="48.86995900745954" lon="2.0369996691531798">
        <ele>179.4</ele>
      </trkpt>
      <trkpt lat="48.86995900745954" lon="2.0369996691531798">
        <ele>179.41</ele>
      </trkpt>
      <trkpt lat="48.869879068070674" lon="2.036973022690226">
        <ele>179.45000000000002</ele>
      </trkpt>
      <trkpt lat="48.86979034413359" lon="2.03694344804453">
        <ele>179.55</ele>
      </trkpt>
      <trkpt lat="48.86970337710615" lon="2.0369144590353825">
        <ele>179.68</ele>
      </trkpt>
      <trkpt lat="48.869441597569" lon="2.0368271991896654">
        <ele>180.13</ele>
      </trkpt>
      <trkpt lat="48.86939" lon="2.03681">
        <ele>180.19788667978642</ele>
      </trkpt>
      <trkpt lat="48.86938000000001" lon="2.0368000000000004">
        <ele>180.21326938812444</ele>
      </trkpt>
      <trkpt lat="48.86926793611843" lon="2.0367667958869435">
        <ele>180.36</ele>
      </trkpt>
      <trkpt lat="48.86922380045121" lon="2.03675371865221">
        <ele>180.39000000000001</ele>
      </trkpt>
      <trkpt lat="48.86913641183011" lon="2.0367278257274384">
        <ele>180.41000000000003</ele>
      </trkpt>
      <trkpt lat="48.86891749892068" lon="2.036662962643162">
        <ele>180.4</ele>
      </trkpt>
      <trkpt lat="48.868785974632345" lon="2.0366239924836567">
        <ele>180.35</ele>
      </trkpt>
      <trkpt lat="48.86849467922867" lon="2.0365376827344175">
        <ele>180.16000000000003</ele>
      </trkpt>
      <trkpt lat="48.8684814385285" lon="2.036533759563998">
        <ele>180.08</ele>
      </trkpt>
      <trkpt lat="48.86845142627479" lon="2.036524867044379">
        <ele>179.82</ele>
      </trkpt>
      <trkpt lat="48.86842406216111" lon="2.0365167591588444">
        <ele>179.82</ele>
      </trkpt>
      <trkpt lat="48.86836315494033" lon="2.0364987125749128">
        <ele>179.68</ele>
      </trkpt>
      <trkpt lat="48.868300000000005" lon="2.03648">
        <ele>179.5682087884122</ele>
      </trkpt>
      <trkpt lat="48.868285408691186" lon="2.0364549863277475">
        <ele>179.53000000000003</ele>
      </trkpt>
      <trkpt lat="48.868230000000004" lon="2.03636">
        <ele>179.4235983567025</ele>
      </trkpt>
      <trkpt lat="48.86822952961117" lon="2.036364233499551">
        <ele>179.42000000000002</ele>
      </trkpt>
      <trkpt lat="48.86821335261049" lon="2.0365098265056734">
        <ele>179.36</ele>
      </trkpt>
      <trkpt lat="48.86821335261049" lon="2.0365098265056734">
        <ele>185.78000000000003</ele>
      </trkpt>
      <trkpt lat="48.868210000000005" lon="2.03654">
        <ele>185.7104073117721</ele>
      </trkpt>
      <trkpt lat="48.86816938323848" lon="2.036656773189372">
        <ele>185.41000000000003</ele>
      </trkpt>
      <trkpt lat="48.86813" lon="2.03677">
        <ele>185.38657919181742</ele>
      </trkpt>
      <trkpt lat="48.86811472899052" lon="2.0367974878170703">
        <ele>185.38000000000002</ele>
      </trkpt>
      <trkpt lat="48.868080000000006" lon="2.0368600000000003">
        <ele>185.3899748345815</ele>
      </trkpt>
      <trkpt lat="48.868037539211684" lon="2.036910952945991">
        <ele>185.4</ele>
      </trkpt>
      <trkpt lat="48.868037539211684" lon="2.036910952945991">
        <ele>180.07</ele>
      </trkpt>
      <trkpt lat="48.868030000000005" lon="2.0369200000000003">
        <ele>180.04986513662604</ele>
      </trkpt>
      <trkpt lat="48.867960000000004" lon="2.03696">
        <ele>179.89310039379168</ele>
      </trkpt>
      <trkpt lat="48.86788000000001" lon="2.0369900000000003">
        <ele>179.72036982535639</ele>
      </trkpt>
      <trkpt lat="48.86782735007655" lon="2.0369900000000003">
        <ele>179.61</ele>
      </trkpt>
      <trkpt lat="48.86777000000001" lon="2.0369900000000003">
        <ele>179.50953990421175</ele>
      </trkpt>
      <trkpt lat="48.86772169016786" lon="2.0370751173233104">
        <ele>179.38</ele>
      </trkpt>
      <trkpt lat="48.867560000000005" lon="2.03736">
        <ele>179.05235964440038</ele>
      </trkpt>
      <trkpt lat="48.867543954428214" lon="2.037351977214103">
        <ele>179.03000000000003</ele>
      </trkpt>
      <trkpt lat="48.867540000000005" lon="2.03735">
        <ele>179.02385969488188</ele>
      </trkpt>
      <trkpt lat="48.86775498130393" lon="2.0375729435744443">
        <ele>178.64000000000001</ele>
      </trkpt>
      <trkpt lat="48.86790059476574" lon="2.0377239501274325">
        <ele>178.41</ele>
      </trkpt>
      <trkpt lat="48.868080000000006" lon="2.03791">
        <ele>178.0834018143993</ele>
      </trkpt>
      <trkpt lat="48.868081703337204" lon="2.0379122628275215">
        <ele>178.08</ele>
      </trkpt>
      <trkpt lat="48.868148068506336" lon="2.0380004267748273">
        <ele>177.89000000000001</ele>
      </trkpt>
      <trkpt lat="48.868181251090896" lon="2.03804450874848">
        <ele>177.76</ele>
      </trkpt>
      <trkpt lat="48.86834648681811" lon="2.0382640189846284">
        <ele>176.98000000000002</ele>
      </trkpt>
      <trkpt lat="48.86843316785532" lon="2.0383791718953947">
        <ele>176.78000000000003</ele>
      </trkpt>
      <trkpt lat="48.86851917169695" lon="2.038493425174046">
        <ele>176.54</ele>
      </trkpt>
      <trkpt lat="48.86858485967048" lon="2.038580689489236">
        <ele>176.20000000000002</ele>
      </trkpt>
      <trkpt lat="48.86861804225504" lon="2.0386247714628887">
        <ele>176.07</ele>
      </trkpt>
      <trkpt lat="48.868650547643995" lon="2.038667953804426">
        <ele>175.99</ele>
      </trkpt>
      <trkpt lat="48.868683730228554" lon="2.0387120357780786">
        <ele>175.98000000000002</ele>
      </trkpt>
      <trkpt lat="48.86871691281312" lon="2.0387561177517313">
        <ele>176.02</ele>
      </trkpt>
      <trkpt lat="48.86874941820207" lon="2.0387993000932685">
        <ele>176.11</ele>
      </trkpt>
      <trkpt lat="48.8688151061756" lon="2.038886564408459">
        <ele>176.37000000000003</ele>
      </trkpt>
      <trkpt lat="48.868986436663235" lon="2.0391141713336456">
        <ele>176.87000000000003</ele>
      </trkpt>
      <trkpt lat="48.86914760921683" lon="2.0393282837771016">
        <ele>178.06000000000003</ele>
      </trkpt>
      <trkpt lat="48.86917943741018" lon="2.039370566486524">
        <ele>178.25000000000003</ele>
      </trkpt>
      <trkpt lat="48.869211942799154" lon="2.039413748828061">
        <ele>178.42000000000002</ele>
      </trkpt>
      <trkpt lat="48.86923699903647" lon="2.0394470352163294">
        <ele>178.51</ele>
      </trkpt>
      <trkpt lat="48.86923699903647" lon="2.0394470352163294">
        <ele>178.50000000000003</ele>
      </trkpt>
      <trkpt lat="48.869278985163874" lon="2.039502812407482">
        <ele>178.67000000000002</ele>
      </trkpt>
      <trkpt lat="48.86934331874619" lon="2.0395882774584413">
        <ele>178.83</ele>
      </trkpt>
      <trkpt lat="48.869407652328505" lon="2.0396737425094007">
        <ele>178.95000000000002</ele>
      </trkpt>
      <trkpt lat="48.86945" lon="2.03973">
        <ele>179.00642154972894</ele>
      </trkpt>
      <trkpt lat="48.86961" lon="2.04001">
        <ele>179.2511872019073</ele>
      </trkpt>
      <trkpt lat="48.86962244153153" lon="2.040097090720714">
        <ele>179.31000000000003</ele>
      </trkpt>
      <trkpt lat="48.86963" lon="2.04015">
        <ele>179.30461215790564</ele>
      </trkpt>
      <trkpt lat="48.869620000000005" lon="2.04015">
        <ele>179.30309930303926</ele>
      </trkpt>
      <trkpt lat="48.8696408015047" lon="2.040277780671708">
        <ele>179.29</ele>
      </trkpt>
      <trkpt lat="48.86969351830582" lon="2.0406016124500463">
        <ele>179.17000000000002</ele>
      </trkpt>
      <trkpt lat="48.869717068024364" lon="2.0407462750067626">
        <ele>179.07</ele>
      </trkpt>
      <trkpt lat="48.869746667211885" lon="2.0409280985872233">
        <ele>178.4</ele>
      </trkpt>
      <trkpt lat="48.86975638957275" lon="2.0409878216610973">
        <ele>178.16</ele>
      </trkpt>
      <trkpt lat="48.86976000000001" lon="2.04101">
        <ele>178.0582815867623</ele>
      </trkpt>
      <trkpt lat="48.86976270707766" lon="2.041049832714134">
        <ele>177.88</ele>
      </trkpt>
      <trkpt lat="48.869766958676266" lon="2.0411123919506777">
        <ele>177.56000000000003</ele>
      </trkpt>
      <trkpt lat="48.869771117848806" lon="2.041173591203818">
        <ele>177.19</ele>
      </trkpt>
      <trkpt lat="48.86977536944741" lon="2.0412361504403616">
        <ele>176.78000000000003</ele>
      </trkpt>
      <trkpt lat="48.86977952861995" lon="2.0412973496935023">
        <ele>176.33</ele>
      </trkpt>
      <trkpt lat="48.86978793939109" lon="2.041421108183186">
        <ele>175.37000000000003</ele>
      </trkpt>
      <trkpt lat="48.86980023205662" lon="2.041601985975801">
        <ele>173.57</ele>
      </trkpt>
      <trkpt lat="48.86981252472213" lon="2.041782863768416">
        <ele>171.64000000000001</ele>
      </trkpt>
      <trkpt lat="48.86982583407427" lon="2.041978701378465">
        <ele>169.45000000000002</ele>
      </trkpt>
      <trkpt lat="48.86983000000001" lon="2.04204">
        <ele>168.70707153467922</ele>
      </trkpt>
      <trkpt lat="48.869890562642325" lon="2.042140937737192">
        <ele>167.06</ele>
      </trkpt>
      <trkpt lat="48.86992026003572" lon="2.0421904333928564">
        <ele>166.29000000000002</ele>
      </trkpt>
      <trkpt lat="48.869949351359864" lon="2.0422389189330987">
        <ele>165.60000000000002</ele>
      </trkpt>
      <trkpt lat="48.86997844268401" lon="2.042287404473341">
        <ele>165.02</ele>
      </trkpt>
      <trkpt lat="48.869980000000005" lon="2.0422900000000004">
        <ele>164.99273146815375</ele>
      </trkpt>
      <trkpt lat="48.87001647222221" lon="2.0423209086628824">
        <ele>164.5</ele>
      </trkpt>
      <trkpt lat="48.870212067577015" lon="2.042486667438143">
        <ele>161.99</ele>
      </trkpt>
      <trkpt lat="48.87029061992834" lon="2.0425532372274042">
        <ele>161.03</ele>
      </trkpt>
      <trkpt lat="48.870368386756155" lon="2.042619141318773">
        <ele>160.14000000000001</ele>
      </trkpt>
      <trkpt lat="48.87045165224856" lon="2.04268970529539">
        <ele>159.22</ele>
      </trkpt>
      <trkpt lat="48.87045165224856" lon="2.04268970529539">
        <ele>159.21</ele>
      </trkpt>
      <trkpt lat="48.87048464423612" lon="2.0427176646068794">
        <ele>158.85000000000002</ele>
      </trkpt>
      <trkpt lat="48.870523134888266" lon="2.0427502838036173">
        <ele>158.39</ele>
      </trkpt>
      <trkpt lat="48.87057" lon="2.04279">
        <ele>157.79929711282284</ele>
      </trkpt>
      <trkpt lat="48.87056777293417" lon="2.0428464190010343">
        <ele>157.39</ele>
      </trkpt>
      <trkpt lat="48.87055974582317" lon="2.0430497724795154">
        <ele>155.81</ele>
      </trkpt>
      <trkpt lat="48.87055705216177" lon="2.0431180119018246">
        <ele>155.3</ele>
      </trkpt>
      <trkpt lat="48.87055435850037" lon="2.0431862513241335">
        <ele>154.82000000000002</ele>
      </trkpt>
      <trkpt lat="48.870551664838956" lon="2.0432544907464427">
        <ele>154.38000000000002</ele>
      </trkpt>
      <trkpt lat="48.87054627751614" lon="2.0433909695910613">
        <ele>153.58</ele>
      </trkpt>
      <trkpt lat="48.870540000000005" lon="2.04355">
        <ele>152.7332599980195</ele>
      </trkpt>
      <trkpt lat="48.8705380143316" lon="2.043595670373357">
        <ele>152.49</ele>
      </trkpt>
      <trkpt lat="48.87053" lon="2.0437800000000004">
        <ele>151.26170309859668</ele>
      </trkpt>
      <trkpt lat="48.87055271470215" lon="2.043998629008122">
        <ele>149.79</ele>
      </trkpt>
      <trkpt lat="48.870587371713626" lon="2.0443322027435595">
        <ele>147.35</ele>
      </trkpt>
      <trkpt lat="48.87059438730299" lon="2.044399727791219">
        <ele>146.91</ele>
      </trkpt>
      <trkpt lat="48.87060126258057" lon="2.0444659023379255">
        <ele>146.53000000000003</ele>
      </trkpt>
      <trkpt lat="48.87060827816993" lon="2.044533427385585">
        <ele>146.20000000000002</ele>
      </trkpt>
      <trkpt lat="48.870610000000006" lon="2.04455">
        <ele>146.12786373232817</ele>
      </trkpt>
      <trkpt lat="48.870610000000006" lon="2.0447355742184166">
        <ele>145.33</ele>
      </trkpt>
      <trkpt lat="48.870610000000006" lon="2.0448039364856134">
        <ele>145.01</ele>
      </trkpt>
      <trkpt lat="48.870610000000006" lon="2.0448722987528107">
        <ele>144.63</ele>
      </trkpt>
      <trkpt lat="48.870610000000006" lon="2.0449392937746635">
        <ele>144.19</ele>
      </trkpt>
      <trkpt lat="48.870610000000006" lon="2.0450076560418604">
        <ele>143.71</ele>
      </trkpt>
      <trkpt lat="48.870610000000006" lon="2.0453453656418135">
        <ele>141.08</ele>
      </trkpt>
      <trkpt lat="48.870610000000006" lon="2.0454000000000003">
        <ele>140.69655082898228</ele>
      </trkpt>
      <trkpt lat="48.87060073953812" lon="2.045479485631207">
        <ele>140.13</ele>
      </trkpt>
      <trkpt lat="48.87056638957343" lon="2.0457743228280894">
        <ele>139.72</ele>
      </trkpt>
      <trkpt lat="48.87054584233428" lon="2.0459506866307913">
        <ele>139.55</ele>
      </trkpt>
      <trkpt lat="48.87053031426805" lon="2.0460839691992447">
        <ele>139.36</ele>
      </trkpt>
      <trkpt lat="48.87052247181036" lon="2.046151283627757">
        <ele>139.24</ele>
      </trkpt>
      <trkpt lat="48.87049125882875" lon="2.0464191950532347">
        <ele>138.63</ele>
      </trkpt>
      <trkpt lat="48.870490000000004" lon="2.04643">
        <ele>138.6075279597469</ele>
      </trkpt>
      <trkpt lat="48.87048642927233" lon="2.046487131642717">
        <ele>138.49</ele>
      </trkpt>
      <trkpt lat="48.87047792232855" lon="2.046623242743389">
        <ele>138.29000000000002</ele>
      </trkpt>
      <trkpt lat="48.870469500454185" lon="2.0467579927330535">
        <ele>138.15000000000003</ele>
      </trkpt>
      <trkpt lat="48.87046" lon="2.04691">
        <ele>138.02343067414085</ele>
      </trkpt>
      <trkpt lat="48.870438711769225" lon="2.046951203027316">
        <ele>137.98000000000002</ele>
      </trkpt>
      <trkpt lat="48.870383159646146" lon="2.047058723265523">
        <ele>137.95000000000002</ele>
      </trkpt>
      <trkpt lat="48.87035593910585" lon="2.0471114081822446">
        <ele>137.97</ele>
      </trkpt>
      <trkpt lat="48.870328163044306" lon="2.047165168301348">
        <ele>138.01000000000002</ele>
      </trkpt>
      <trkpt lat="48.87027261092123" lon="2.0472726885395556">
        <ele>138.15000000000003</ele>
      </trkpt>
      <trkpt lat="48.87021705879816" lon="2.047380208777763">
        <ele>138.35</ele>
      </trkpt>
      <trkpt lat="48.87018983825785" lon="2.0474328936944843">
        <ele>138.5</ele>
      </trkpt>
      <trkpt lat="48.870162062196314" lon="2.047486653813588">
        <ele>138.69</ele>
      </trkpt>
      <trkpt lat="48.87015" lon="2.0475100000000004">
        <ele>138.78894666035953</ele>
      </trkpt>
      <trkpt lat="48.87013169639858" lon="2.0475832144056914">
        <ele>139.05</ele>
      </trkpt>
      <trkpt lat="48.87013169639858" lon="2.0475832144056914">
        <ele>139.06</ele>
      </trkpt>
      <trkpt lat="48.87007801893478" lon="2.047797924260923">
        <ele>139.98000000000002</ele>
      </trkpt>
      <trkpt lat="48.870070000000005" lon="2.0478300000000003">
        <ele>140.1004689741148</ele>
      </trkpt>
      <trkpt lat="48.870070000000005" lon="2.0478640471822516">
        <ele>140.22</ele>
      </trkpt>
      <trkpt lat="48.87007000000001" lon="2.0479324087116515">
        <ele>140.42000000000002</ele>
      </trkpt>
      <trkpt lat="48.87007" lon="2.0480007702410514">
        <ele>140.59</ele>
      </trkpt>
      <trkpt lat="48.870070000000005" lon="2.048066397309275">
        <ele>140.73000000000002</ele>
      </trkpt>
      <trkpt lat="48.870070000000005" lon="2.0481374932998513">
        <ele>140.84000000000003</ele>
      </trkpt>
      <trkpt lat="48.870070000000005" lon="2.04822">
        <ele>140.93143311511463</ele>
      </trkpt>
      <trkpt lat="48.870081621902756" lon="2.0482698081546395">
        <ele>140.99</ele>
      </trkpt>
      <trkpt lat="48.870096655093946" lon="2.048334236116888">
        <ele>141.05</ele>
      </trkpt>
      <trkpt lat="48.870111688285135" lon="2.0483986640791367">
        <ele>141.08</ele>
      </trkpt>
      <trkpt lat="48.870126721476325" lon="2.0484630920413855">
        <ele>141.07</ele>
      </trkpt>
      <trkpt lat="48.870140000000006" lon="2.0485200000000003">
        <ele>141.0159216059315</ele>
      </trkpt>
      <trkpt lat="48.870140000000006" lon="2.048513388093463">
        <ele>141.01000000000002</ele>
      </trkpt>
      <trkpt lat="48.870140000000006" lon="2.0485100000000003">
        <ele>141.00355702632996</ele>
      </trkpt>
      <trkpt lat="48.87015931881675" lon="2.0485679564502317">
        <ele>140.88</ele>
      </trkpt>
      <trkpt lat="48.870160000000006" lon="2.0485700000000002">
        <ele>140.87363261459544</ele>
      </trkpt>
      <trkpt lat="48.870163294032466" lon="2.048635880649181">
        <ele>140.69</ele>
      </trkpt>
      <trkpt lat="48.870166702284145" lon="2.048704045682783">
        <ele>140.41</ele>
      </trkpt>
      <trkpt lat="48.870170110535824" lon="2.0487722107163857">
        <ele>140.06</ele>
      </trkpt>
      <trkpt lat="48.8701735187875" lon="2.048840375749988">
        <ele>139.62000000000003</ele>
      </trkpt>
      <trkpt lat="48.87017685887415" lon="2.048907177482918">
        <ele>139.11</ele>
      </trkpt>
      <trkpt lat="48.870183675377504" lon="2.0490435075501225">
        <ele>137.94</ele>
      </trkpt>
      <trkpt lat="48.870186947299125" lon="2.049108945982381">
        <ele>137.76000000000002</ele>
      </trkpt>
      <trkpt lat="48.87019021922074" lon="2.049174384414639">
        <ele>137.55</ele>
      </trkpt>
      <trkpt lat="48.870193491142345" lon="2.049239822846897">
        <ele>137.25</ele>
      </trkpt>
      <trkpt lat="48.870196831229" lon="2.049306624579827">
        <ele>136.85</ele>
      </trkpt>
      <trkpt lat="48.87020010315061" lon="2.0493720630120853">
        <ele>136.32000000000002</ele>
      </trkpt>
      <trkpt lat="48.87020337507222" lon="2.0494375014443436">
        <ele>135.66</ele>
      </trkpt>
      <trkpt lat="48.87020671515887" lon="2.0495043031772737">
        <ele>134.91</ele>
      </trkpt>
      <trkpt lat="48.87021000000001" lon="2.04957">
        <ele>134.13193983174688</ele>
      </trkpt>
      <trkpt lat="48.87021836343055" lon="2.0496341196341854">
        <ele>133.36</ele>
      </trkpt>
      <trkpt lat="48.870226934944746" lon="2.04969983457638">
        <ele>132.64000000000001</ele>
      </trkpt>
      <trkpt lat="48.87023533153009" lon="2.049764208397305">
        <ele>131.98000000000002</ele>
      </trkpt>
      <trkpt lat="48.87025212470076" lon="2.0498929560391543">
        <ele>130.76999999999998</ele>
      </trkpt>
      <trkpt lat="48.870269617586885" lon="2.0500270681660817">
        <ele>130.16</ele>
      </trkpt>
      <trkpt lat="48.870270000000005" lon="2.05003">
        <ele>130.14513447582885</ele>
      </trkpt>
      <trkpt lat="48.87023143713896" lon="2.0500010778542204">
        <ele>129.82000000000002</ele>
      </trkpt>
      <trkpt lat="48.870191111139334" lon="2.049970833354495">
        <ele>129.45000000000002</ele>
      </trkpt>
      <trkpt lat="48.8701507851397" lon="2.049940588854769">
        <ele>129.04999999999998</ele>
      </trkpt>
      <trkpt lat="48.870110000000004" lon="2.04991">
        <ele>128.6184754312501</ele>
      </trkpt>
      <trkpt lat="48.87003000000001" lon="2.04989">
        <ele>127.84919045036133</ele>
      </trkpt>
      <trkpt lat="48.87002200391864" lon="2.0498936345824403">
        <ele>127.77000000000002</ele>
      </trkpt>
      <trkpt lat="48.86997892219138" lon="2.0499132171857415">
        <ele>127.37</ele>
      </trkpt>
      <trkpt lat="48.869933255560476" lon="2.0499339747452403">
        <ele>127</ele>
      </trkpt>
      <trkpt lat="48.869933255560476" lon="2.0499339747452403">
        <ele>126.95</ele>
      </trkpt>
      <trkpt lat="48.86992" lon="2.0499400000000003">
        <ele>126.85927265091865</ele>
      </trkpt>
      <trkpt lat="48.86989887541152" lon="2.049943335461339">
        <ele>126.72</ele>
      </trkpt>
      <trkpt lat="48.86985414986577" lon="2.0499503973896154">
        <ele>126.49000000000002</ele>
      </trkpt>
      <trkpt lat="48.869809424320025" lon="2.0499574593178913">
        <ele>126.32000000000001</ele>
      </trkpt>
      <trkpt lat="48.869764698774276" lon="2.0499645212461672">
        <ele>126.22</ele>
      </trkpt>
      <trkpt lat="48.869730000000004" lon="2.04997">
        <ele>126.18120922205398</ele>
      </trkpt>
      <trkpt lat="48.869720077691206" lon="2.0499672939157816">
        <ele>126.17</ele>
      </trkpt>
      <trkpt lat="48.869675818113" lon="2.049955223121727">
        <ele>126.18</ele>
      </trkpt>
      <trkpt lat="48.869631558534806" lon="2.049943152327673">
        <ele>126.24000000000002</ele>
      </trkpt>
      <trkpt lat="48.8695872989566" lon="2.049931081533619">
        <ele>126.37</ele>
      </trkpt>
      <trkpt lat="48.86954303937841" lon="2.049919010739564">
        <ele>126.55000000000003</ele>
      </trkpt>
      <trkpt lat="48.869510000000005" lon="2.04991">
        <ele>126.72169293837946</ele>
      </trkpt>
      <trkpt lat="48.86949907840628" lon="2.0499050356392146">
        <ele>126.78</ele>
      </trkpt>
      <trkpt lat="48.86945599671964" lon="2.049885453054379">
        <ele>127.04</ele>
      </trkpt>
      <trkpt lat="48.86937069498009" lon="2.0498466795364045">
        <ele>127.61</ele>
      </trkpt>
      <trkpt lat="48.86929056304295" lon="2.04981025592861">
        <ele>128.07000000000002</ele>
      </trkpt>
      <trkpt lat="48.86929000000001" lon="2.0498100000000004">
        <ele>128.0735904380479</ele>
      </trkpt>
      <trkpt lat="48.86929000000001" lon="2.0498000000000003">
        <ele>128.11377818103972</ele>
      </trkpt>
      <trkpt lat="48.8692245193851" lon="2.049745432820913">
        <ele>128.57000000000002</ele>
      </trkpt>
      <trkpt lat="48.86915196675899" lon="2.0496849722991612">
        <ele>129.14000000000001</ele>
      </trkpt>
      <trkpt lat="48.86905" lon="2.0496000000000003">
        <ele>130.0019896417564</ele>
      </trkpt>
      <trkpt lat="48.869002618724586" lon="2.0495857856173743">
        <ele>130.36</ele>
      </trkpt>
      <trkpt lat="48.868917034911895" lon="2.049560110473569">
        <ele>130.76999999999998</ele>
      </trkpt>
      <trkpt lat="48.868750000000006" lon="2.04951">
        <ele>131.43988744134023</ele>
      </trkpt>
      <trkpt lat="48.868745729362715" lon="2.049505729362709">
        <ele>131.46</ele>
      </trkpt>
      <trkpt lat="48.868599216938264" lon="2.0493592169382606">
        <ele>132.23000000000002</ele>
      </trkpt>
      <trkpt lat="48.868536855239654" lon="2.0492968552396493">
        <ele>132.5</ele>
      </trkpt>
      <trkpt lat="48.868536855239654" lon="2.0492968552396493">
        <ele>132.52</ele>
      </trkpt>
      <trkpt lat="48.86842189933739" lon="2.04918189933739">
        <ele>132.97</ele>
      </trkpt>
      <trkpt lat="48.868410000000004" lon="2.04917">
        <ele>133.02817807671312</ele>
      </trkpt>
      <trkpt lat="48.868395687781224" lon="2.049059795915391">
        <ele>133.33</ele>
      </trkpt>
      <trkpt lat="48.86838715228668" lon="2.048994072607377">
        <ele>133.55</ele>
      </trkpt>
      <trkpt lat="48.868378790985886" lon="2.0489296905913625">
        <ele>133.8</ele>
      </trkpt>
      <trkpt lat="48.86832792640614" lon="2.0485380333272776">
        <ele>135.43</ele>
      </trkpt>
      <trkpt lat="48.86831085541704" lon="2.0484065867112493">
        <ele>135.91</ele>
      </trkpt>
      <trkpt lat="48.86831" lon="2.0484">
        <ele>135.93305903933643</ele>
      </trkpt>
      <trkpt lat="48.86831" lon="2.0483900000000004">
        <ele>135.96740450661608</ele>
      </trkpt>
      <trkpt lat="48.86828395188051" lon="2.047936762720756">
        <ele>137.53</ele>
      </trkpt>
      <trkpt lat="48.86827628088368" lon="2.0478032873759147">
        <ele>138.01000000000002</ele>
      </trkpt>
      <trkpt lat="48.86826086061454" lon="2.0475349746929172">
        <ele>139.05</ele>
      </trkpt>
      <trkpt lat="48.86826000000001" lon="2.04752">
        <ele>139.10469439198548</ele>
      </trkpt>
      <trkpt lat="48.86821505497416" lon="2.0472750496091163">
        <ele>140.03</ele>
      </trkpt>
      <trkpt lat="48.868191374937766" lon="2.047145993410787">
        <ele>140.58</ele>
      </trkpt>
      <trkpt lat="48.86816745326835" lon="2.0470156203124747">
        <ele>141.19</ele>
      </trkpt>
      <trkpt lat="48.86811985156255" lon="2.0467561910158327">
        <ele>142.49</ele>
      </trkpt>
      <trkpt lat="48.86808433150796" lon="2.0465626067183385">
        <ele>143.42000000000002</ele>
      </trkpt>
      <trkpt lat="48.86806040983854" lon="2.0464322336200262">
        <ele>144.07</ele>
      </trkpt>
      <trkpt lat="48.868048569820346" lon="2.046367705520862">
        <ele>144.42000000000002</ele>
      </trkpt>
      <trkpt lat="48.86802488978395" lon="2.0462386493225324">
        <ele>145.17000000000002</ele>
      </trkpt>
      <trkpt lat="48.86795360804176" lon="2.045850163827561">
        <ele>147.56000000000003</ele>
      </trkpt>
      <trkpt lat="48.86793113617048" lon="2.0457276921291463">
        <ele>148.24</ele>
      </trkpt>
      <trkpt lat="48.86789730754707" lon="2.045543326131533">
        <ele>149.21</ele>
      </trkpt>
      <trkpt lat="48.8678639621897" lon="2.0453615939338854">
        <ele>150.31</ele>
      </trkpt>
      <trkpt lat="48.86784124868541" lon="2.045237805335488">
        <ele>151.14000000000001</ele>
      </trkpt>
      <trkpt lat="48.86781781028205" lon="2.0451100660371413">
        <ele>152.43</ele>
      </trkpt>
      <trkpt lat="48.86780597026385" lon="2.045045537937977">
        <ele>153.12</ele>
      </trkpt>
      <trkpt lat="48.867770691842296" lon="2.0448532705404654">
        <ele>155.39</ele>
      </trkpt>
      <trkpt lat="48.86773565505375" lon="2.0446623200429372">
        <ele>157.82000000000002</ele>
      </trkpt>
      <trkpt lat="48.86771221665038" lon="2.044534580744591">
        <ele>159.32999999999998</ele>
      </trkpt>
      <trkpt lat="48.86770037663219" lon="2.0444700526454263">
        <ele>160.01000000000002</ele>
      </trkpt>
      <trkpt lat="48.86766" lon="2.0442500000000003">
        <ele>162.22363083273862</ele>
      </trkpt>
      <trkpt lat="48.867656556414516" lon="2.044213596382035">
        <ele>162.58</ele>
      </trkpt>
      <trkpt lat="48.867650283949914" lon="2.044147287470461">
        <ele>163.26000000000002</ele>
      </trkpt>
      <trkpt lat="48.86763786703018" lon="2.044016022890405">
        <ele>164.76000000000002</ele>
      </trkpt>
      <trkpt lat="48.867619177645835" lon="2.043818449398775">
        <ele>167.13</ele>
      </trkpt>
      <trkpt lat="48.86761303319071" lon="2.0437534937302937">
        <ele>167.88</ele>
      </trkpt>
      <trkpt lat="48.86760061627098" lon="2.0436222291502384">
        <ele>169.28</ele>
      </trkpt>
      <trkpt lat="48.86759000000001" lon="2.0435100000000004">
        <ele>170.170560789388</ele>
      </trkpt>
      <trkpt lat="48.86759000000001" lon="2.0434196763009673">
        <ele>170.88</ele>
      </trkpt>
      <trkpt lat="48.86759000000001" lon="2.0432843271812304">
        <ele>171.86</ele>
      </trkpt>
      <trkpt lat="48.86759000000001" lon="2.0432173362027743">
        <ele>172.31</ele>
      </trkpt>
      <trkpt lat="48.86759000000001" lon="2.043081987083037">
        <ele>173.11</ele>
      </trkpt>
      <trkpt lat="48.86759000000001" lon="2.04298">
        <ele>173.6299227555538</ele>
      </trkpt>
      <trkpt lat="48.86757097995563" lon="2.0429633574611725">
        <ele>173.8</ele>
      </trkpt>
      <trkpt lat="48.86751" lon="2.04291">
        <ele>174.24254834947243</ele>
      </trkpt>
      <trkpt lat="48.867505227055474" lon="2.0428825555689745">
        <ele>174.36</ele>
      </trkpt>
      <trkpt lat="48.86748522846682" lon="2.042767563684215">
        <ele>174.79</ele>
      </trkpt>
      <trkpt lat="48.86748522846682" lon="2.042767563684215">
        <ele>174.82</ele>
      </trkpt>
      <trkpt lat="48.867470000000004" lon="2.0426800000000003">
        <ele>175.17672272270525</ele>
      </trkpt>
      <trkpt lat="48.86745721315323" lon="2.042632188312052">
        <ele>175.38</ele>
      </trkpt>
      <trkpt lat="48.867390148373275" lon="2.042381424352225">
        <ele>176.57</ele>
      </trkpt>
      <trkpt lat="48.867373212822784" lon="2.0423181001199455">
        <ele>176.84000000000003</ele>
      </trkpt>
      <trkpt lat="48.867339680432806" lon="2.0421927181400323">
        <ele>177.34000000000003</ele>
      </trkpt>
      <trkpt lat="48.86730614804282" lon="2.0420673361601187">
        <ele>177.76</ele>
      </trkpt>
      <trkpt lat="48.86727295436386" lon="2.041943220664851">
        <ele>178.11</ele>
      </trkpt>
      <trkpt lat="48.86724" lon="2.04182">
        <ele>178.42342857472025</ele>
      </trkpt>
      <trkpt lat="48.86724" lon="2.0418100000000003">
        <ele>178.44699196440604</ele>
      </trkpt>
      <trkpt lat="48.86722463318002" lon="2.0417539854626536">
        <ele>178.59000000000003</ele>
      </trkpt>
      <trkpt lat="48.86719036320987" lon="2.041629065894058">
        <ele>178.84000000000003</ele>
      </trkpt>
      <trkpt lat="48.86710486136517" lon="2.0413173978794816">
        <ele>179.03000000000003</ele>
      </trkpt>
      <trkpt lat="48.8670532833293" lon="2.0411293876196757">
        <ele>179.07</ele>
      </trkpt>
      <trkpt lat="48.866933165353124" lon="2.040691538222679">
        <ele>178.98000000000002</ele>
      </trkpt>
      <trkpt lat="48.86693" lon="2.04068">
        <ele>178.97920943894695</ele>
      </trkpt>
      <trkpt lat="48.86671758068482" lon="2.0410102577673968">
        <ele>178.95000000000002</ele>
      </trkpt>
      <trkpt lat="48.8664994121857" lon="2.0413494540470616">
        <ele>178.83</ele>
      </trkpt>
      <trkpt lat="48.86631268006973" lon="2.041639774782106">
        <ele>178.77</ele>
      </trkpt>
      <trkpt lat="48.866250436031066" lon="2.0417365483604537">
        <ele>178.77</ele>
      </trkpt>
      <trkpt lat="48.86602975262129" lon="2.0420796546836884">
        <ele>178.18</ele>
      </trkpt>
      <trkpt lat="48.86602975262129" lon="2.0420796546836884">
        <ele>178.17000000000002</ele>
      </trkpt>
      <trkpt lat="48.86574493898987" lon="2.042522467117948">
        <ele>177.47</ele>
      </trkpt>
      <trkpt lat="48.86571664624502" lon="2.042566455108106">
        <ele>177.66</ele>
      </trkpt>
      <trkpt lat="48.865596559261355" lon="2.0427531596885555">
        <ele>177.98000000000002</ele>
      </trkpt>
      <trkpt lat="48.86556" lon="2.0428100000000002">
        <ele>178.09768049290457</ele>
      </trkpt>
      <trkpt lat="48.86538314018806" lon="2.0430783390250182">
        <ele>178.66</ele>
      </trkpt>
      <trkpt lat="48.86527" lon="2.04325">
        <ele>178.99426968653825</ele>
      </trkpt>
      <trkpt lat="48.86514550791261" lon="2.0433519935173825">
        <ele>179.29</ele>
      </trkpt>
      <trkpt lat="48.86503150809937" lon="2.043445390954731">
        <ele>179.6</ele>
      </trkpt>
      <trkpt lat="48.86468713366356" lon="2.0437275290467225">
        <ele>179.91</ele>
      </trkpt>
      <trkpt lat="48.864553342216084" lon="2.0438371413169447">
        <ele>179.98</ele>
      </trkpt>
      <trkpt lat="48.86444" lon="2.04393">
        <ele>180.01425104057532</ele>
      </trkpt>
      <trkpt lat="48.864391870943294" lon="2.0439824071950827">
        <ele>180.03000000000003</ele>
      </trkpt>
      <trkpt lat="48.86421494375735" lon="2.0441750612420027">
        <ele>180.00000000000003</ele>
      </trkpt>
      <trkpt lat="48.864144026662146" lon="2.0442522820789915">
        <ele>180.01</ele>
      </trkpt>
      <trkpt lat="48.86399" lon="2.04442">
        <ele>179.77332809555836</ele>
      </trkpt>
      <trkpt lat="48.86374787849466" lon="2.0446863336558794">
        <ele>179.4</ele>
      </trkpt>
      <trkpt lat="48.86359" lon="2.0448600000000003">
        <ele>179.04860157777745</ele>
      </trkpt>
      <trkpt lat="48.863432379556016" lon="2.045057863961592">
        <ele>178.68</ele>
      </trkpt>
      <trkpt lat="48.86336372962938" lon="2.0451440415290865">
        <ele>178.47000000000003</ele>
      </trkpt>
      <trkpt lat="48.863329057949244" lon="2.045187565553073">
        <ele>178.33</ele>
      </trkpt>
      <trkpt lat="48.86329438626912" lon="2.0452310895770602">
        <ele>178.17000000000002</ele>
      </trkpt>
      <trkpt lat="48.86322504290887" lon="2.0453181376250344">
        <ele>177.79</ele>
      </trkpt>
      <trkpt lat="48.863156392982226" lon="2.0454043151925285">
        <ele>177.34000000000003</ele>
      </trkpt>
      <trkpt lat="48.86312" lon="2.04545">
        <ele>177.09139968713956</ele>
      </trkpt>
      <trkpt lat="48.862860000000005" lon="2.0456000000000003">
        <ele>175.62663147719937</ele>
      </trkpt>
      <trkpt lat="48.862838630744584" lon="2.0456392848938">
        <ele>175.45000000000002</ele>
      </trkpt>
      <trkpt lat="48.86272401607858" lon="2.045849990643425">
        <ele>174.47</ele>
      </trkpt>
      <trkpt lat="48.862701093145375" lon="2.04589213179335">
        <ele>174.46</ele>
      </trkpt>
      <trkpt lat="48.86250223669987" lon="2.046257706268949">
        <ele>172.08</ele>
      </trkpt>
      <trkpt lat="48.86236011451402" lon="2.0465189813984836">
        <ele>170.52</ele>
      </trkpt>
      <trkpt lat="48.862305099474334" lon="2.0466201201583036">
        <ele>169.89000000000001</ele>
      </trkpt>
      <trkpt lat="48.86213260440199" lon="2.0469372323114885">
        <ele>167.81</ele>
      </trkpt>
      <trkpt lat="48.862104523808824" lon="2.0469888552201465">
        <ele>167.49</ele>
      </trkpt>
      <trkpt lat="48.86199048221615" lon="2.0471985074410233">
        <ele>166.31</ele>
      </trkpt>
      <trkpt lat="48.861877013696805" lon="2.047407106133152">
        <ele>165.09</ele>
      </trkpt>
      <trkpt lat="48.86187" lon="2.0474200000000002">
        <ele>165.02146304314897</ele>
      </trkpt>
      <trkpt lat="48.86182026095129" lon="2.0475131476730524">
        <ele>164.53</ele>
      </trkpt>
      <trkpt lat="48.86179249000257" lon="2.0475651550861054">
        <ele>164.28</ele>
      </trkpt>
      <trkpt lat="48.86173638135108" lon="2.047670231287988">
        <ele>163.83</ele>
      </trkpt>
      <trkpt lat="48.861679705945534" lon="2.0477763688656476">
        <ele>163.44</ele>
      </trkpt>
      <trkpt lat="48.86153915093978" lon="2.0480395900582433">
        <ele>162.58</ele>
      </trkpt>
      <trkpt lat="48.86148360904234" lon="2.0481436048843493">
        <ele>162.28</ele>
      </trkpt>
      <trkpt lat="48.86145470458551" lon="2.048197735048956">
        <ele>162.15</ele>
      </trkpt>
      <trkpt lat="48.86139859593402" lon="2.048302811250839">
        <ele>161.96</ele>
      </trkpt>
      <trkpt lat="48.86125804092826" lon="2.0485660324434347">
        <ele>161.59</ele>
      </trkpt>
      <trkpt lat="48.86120249903083" lon="2.048670047269541">
        <ele>161.46</ele>
      </trkpt>
      <trkpt lat="48.8610908484819" lon="2.04887913829753">
        <ele>161.62</ele>
      </trkpt>
      <trkpt lat="48.86106307753319" lon="2.048931145710583">
        <ele>161.68</ele>
      </trkpt>
      <trkpt lat="48.861006968881696" lon="2.0490362219124663">
        <ele>161.88000000000002</ele>
      </trkpt>
      <trkpt lat="48.86081143873256" lon="2.049402396555392">
        <ele>162.82000000000002</ele>
      </trkpt>
      <trkpt lat="48.86077" lon="2.04948">
        <ele>163.04156333180393</ele>
      </trkpt>
      <trkpt lat="48.86075487976454" lon="2.049506902237111">
        <ele>163.12</ele>
      </trkpt>
      <trkpt lat="48.86069763292012" lon="2.0496087570122605">
        <ele>163.48000000000002</ele>
      </trkpt>
      <trkpt lat="48.860639801924215" lon="2.04971165112185">
        <ele>163.92000000000002</ele>
      </trkpt>
      <trkpt lat="48.860611178502005" lon="2.0497625785094247">
        <ele>164.17000000000002</ele>
      </trkpt>
      <trkpt lat="48.860553347506105" lon="2.0498654726190146">
        <ele>164.74</ele>
      </trkpt>
      <trkpt lat="48.86044703193788" lon="2.0500546314871495">
        <ele>165.9</ele>
      </trkpt>
      <trkpt lat="48.86044703193788" lon="2.0500546314871495">
        <ele>165.93</ele>
      </trkpt>
      <trkpt lat="48.860411982849456" lon="2.0501169915535677">
        <ele>166.32000000000002</ele>
      </trkpt>
      <trkpt lat="48.860296905009136" lon="2.050321740438307">
        <ele>167.68</ele>
      </trkpt>
      <trkpt lat="48.8601818271688" lon="2.050526489323046">
        <ele>169.01000000000002</ele>
      </trkpt>
      <trkpt lat="48.86009537275069" lon="2.050680310820211">
        <ele>170.07000000000002</ele>
      </trkpt>
      <trkpt lat="48.86000891833258" lon="2.0508341323173753">
        <ele>171.18000000000004</ele>
      </trkpt>
      <trkpt lat="48.86000000000001" lon="2.05085">
        <ele>171.22362045008072</ele>
      </trkpt>
      <trkpt lat="48.85998039863526" lon="2.0508851933594365">
        <ele>171.32000000000002</ele>
      </trkpt>
      <trkpt lat="48.85995134480624" lon="2.05093735818881">
        <ele>171.40000000000003</ele>
      </trkpt>
      <trkpt lat="48.85992229097722" lon="2.0509895230181834">
        <ele>171.41</ele>
      </trkpt>
      <trkpt lat="48.8598932371482" lon="2.051041687847557">
        <ele>171.33</ele>
      </trkpt>
      <trkpt lat="48.85986418331918" lon="2.0510938526769302">
        <ele>171.18000000000004</ele>
      </trkpt>
      <trkpt lat="48.859835129490165" lon="2.0511460175063037">
        <ele>170.97</ele>
      </trkpt>
      <trkpt lat="48.859747968003106" lon="2.0513025119944244">
        <ele>170.27</ele>
      </trkpt>
      <trkpt lat="48.859718914174096" lon="2.051354676823798">
        <ele>170.07000000000002</ele>
      </trkpt>
      <trkpt lat="48.85968986034507" lon="2.051406841653171">
        <ele>169.9</ele>
      </trkpt>
      <trkpt lat="48.85963233376362" lon="2.0515101280153303">
        <ele>169.68000000000004</ele>
      </trkpt>
      <trkpt lat="48.859573645028995" lon="2.051615500970665">
        <ele>169.57000000000002</ele>
      </trkpt>
      <trkpt lat="48.85956" lon="2.0516400000000004">
        <ele>169.5535623726362</ele>
      </trkpt>
      <trkpt lat="48.85957234773313" lon="2.0517428977760277">
        <ele>169.5</ele>
      </trkpt>
      <trkpt lat="48.859588323461296" lon="2.0518760288441222">
        <ele>169.36</ele>
      </trkpt>
      <trkpt lat="48.859596392010886" lon="2.051943266757301">
        <ele>169.24</ele>
      </trkpt>
      <trkpt lat="48.85960446056046" lon="2.05201050467048">
        <ele>169.06</ele>
      </trkpt>
      <trkpt lat="48.859612529110045" lon="2.052077742583659">
        <ele>168.81</ele>
      </trkpt>
      <trkpt lat="48.85962000000001" lon="2.05214">
        <ele>168.52296255113677</ele>
      </trkpt>
      <trkpt lat="48.85962023308886" lon="2.0521450502585394">
        <ele>168.5</ele>
      </trkpt>
      <trkpt lat="48.85962337984485" lon="2.0522132299715814">
        <ele>168.13</ele>
      </trkpt>
      <trkpt lat="48.859629610421706" lon="2.052348225803404">
        <ele>167.24000000000004</ele>
      </trkpt>
      <trkpt lat="48.85963275717769" lon="2.0524164055164453">
        <ele>166.74000000000004</ele>
      </trkpt>
      <trkpt lat="48.859639050689665" lon="2.0525527649425284">
        <ele>165.69</ele>
      </trkpt>
      <trkpt lat="48.859642197445645" lon="2.05262094465557">
        <ele>165.13000000000002</ele>
      </trkpt>
      <trkpt lat="48.85964534420163" lon="2.052689124368612">
        <ele>164.52</ele>
      </trkpt>
      <trkpt lat="48.85964849095761" lon="2.0527573040816534">
        <ele>163.86</ele>
      </trkpt>
      <trkpt lat="48.85965" lon="2.0527900000000003">
        <ele>163.50274766050813</ele>
      </trkpt>
      <trkpt lat="48.85965255007041" lon="2.052960854717375">
        <ele>161.64000000000001</ele>
      </trkpt>
      <trkpt lat="48.859653569917015" lon="2.0530291844400548">
        <ele>160.94</ele>
      </trkpt>
      <trkpt lat="48.8596545693667" lon="2.0530961475682803">
        <ele>160.32000000000002</ele>
      </trkpt>
      <trkpt lat="48.859655609610236" lon="2.0531658438854135">
        <ele>159.79000000000002</ele>
      </trkpt>
      <trkpt lat="48.859656629456836" lon="2.053234173608093">
        <ele>159.37</ele>
      </trkpt>
      <trkpt lat="48.85965764930344" lon="2.0533025033307726">
        <ele>159.07000000000002</ele>
      </trkpt>
      <trkpt lat="48.859658648753125" lon="2.0533694664589985">
        <ele>158.92000000000002</ele>
      </trkpt>
      <trkpt lat="48.85965966859973" lon="2.053437796181678">
        <ele>158.92000000000002</ele>
      </trkpt>
      <trkpt lat="48.859660000000005" lon="2.0534600000000003">
        <ele>158.97849119740704</ele>
      </trkpt>
      <trkpt lat="48.859653423126176" lon="2.0535050416207623">
        <ele>159.10000000000002</ele>
      </trkpt>
      <trkpt lat="48.85964368031525" lon="2.0535717651137455">
        <ele>159.46</ele>
      </trkpt>
      <trkpt lat="48.859633937504334" lon="2.0536384886067283">
        <ele>160.01000000000002</ele>
      </trkpt>
      <trkpt lat="48.85962419469341" lon="2.0537052120997115">
        <ele>160.71</ele>
      </trkpt>
      <trkpt lat="48.859614451882486" lon="2.053771935592694">
        <ele>161.53</ele>
      </trkpt>
      <trkpt lat="48.859595161116864" lon="2.0539040481088007">
        <ele>163.25</ele>
      </trkpt>
      <trkpt lat="48.859575675495016" lon="2.054037495094766">
        <ele>164.86</ele>
      </trkpt>
      <trkpt lat="48.859517413485705" lon="2.0544365015828046">
        <ele>169.39000000000001</ele>
      </trkpt>
      <trkpt lat="48.85950767067479" lon="2.0545032250757873">
        <ele>170.07000000000002</ele>
      </trkpt>
      <trkpt lat="48.859497927863856" lon="2.05456994856877">
        <ele>170.67000000000002</ele>
      </trkpt>
      <trkpt lat="48.85948818505294" lon="2.0546366720617533">
        <ele>171.18000000000004</ele>
      </trkpt>
      <trkpt lat="48.859478442242015" lon="2.054703395554736">
        <ele>171.6</ele>
      </trkpt>
      <trkpt lat="48.85946869943109" lon="2.0547701190477192">
        <ele>171.94</ele>
      </trkpt>
      <trkpt lat="48.85945895662017" lon="2.054836842540702">
        <ele>172.21</ele>
      </trkpt>
      <trkpt lat="48.85944921380924" lon="2.0549035660336847">
        <ele>172.43000000000004</ele>
      </trkpt>
      <trkpt lat="48.85943927614211" lon="2.0549716239965274">
        <ele>172.61</ele>
      </trkpt>
      <trkpt lat="48.85943927614211" lon="2.0549716239965274">
        <ele>172.59</ele>
      </trkpt>
      <trkpt lat="48.85942894876253" lon="2.0550423508990896">
        <ele>172.76000000000002</ele>
      </trkpt>
      <trkpt lat="48.85939972032976" lon="2.0552425213780383">
        <ele>173.14000000000001</ele>
      </trkpt>
      <trkpt lat="48.859370491896996" lon="2.055442691856987">
        <ele>173.44</ele>
      </trkpt>
      <trkpt lat="48.85935120113137" lon="2.0555748043730935">
        <ele>173.59000000000003</ele>
      </trkpt>
      <trkpt lat="48.85934145832044" lon="2.0556415278660762">
        <ele>173.65000000000003</ele>
      </trkpt>
      <trkpt lat="48.859331715509526" lon="2.055708251359059">
        <ele>173.68</ele>
      </trkpt>
      <trkpt lat="48.85933000000001" lon="2.05572">
        <ele>173.678826136501</ele>
      </trkpt>
      <trkpt lat="48.85928936516834" lon="2.05590285674248">
        <ele>173.66</ele>
      </trkpt>
      <trkpt lat="48.85927" lon="2.05599">
        <ele>173.629626408843</ele>
      </trkpt>
      <trkpt lat="48.85921356220544" lon="2.0562792436971318">
        <ele>173.53</ele>
      </trkpt>
      <trkpt lat="48.85913991794406" lon="2.0566566705367">
        <ele>173.56</ele>
      </trkpt>
      <trkpt lat="48.8591276439005" lon="2.056719575009961">
        <ele>173.54000000000002</ele>
      </trkpt>
      <trkpt lat="48.85911536985694" lon="2.0567824794832226">
        <ele>173.47</ele>
      </trkpt>
      <trkpt lat="48.85910309581337" lon="2.056845383956484">
        <ele>173.32</ele>
      </trkpt>
      <trkpt lat="48.85909082176981" lon="2.0569082884297454">
        <ele>173.06</ele>
      </trkpt>
      <trkpt lat="48.85907854772624" lon="2.056971192903007">
        <ele>172.67000000000002</ele>
      </trkpt>
      <trkpt lat="48.85906627368268" lon="2.057034097376268">
        <ele>172.21</ele>
      </trkpt>
      <trkpt lat="48.85904095846783" lon="2.05716383785237">
        <ele>169.22</ele>
      </trkpt>
      <trkpt lat="48.8590026020817" lon="2.0573604143313116">
        <ele>164.41</ele>
      </trkpt>
      <trkpt lat="48.858989816619655" lon="2.057425939824292">
        <ele>162.89000000000001</ele>
      </trkpt>
      <trkpt lat="48.85897703115761" lon="2.057491465317273">
        <ele>161.47</ele>
      </trkpt>
      <trkpt lat="48.85896424569556" lon="2.0575569908102533">
        <ele>160.15</ele>
      </trkpt>
      <trkpt lat="48.85895146023352" lon="2.057622516303234">
        <ele>158.96</ele>
      </trkpt>
      <trkpt lat="48.85893893048072" lon="2.057686731286355">
        <ele>157.9</ele>
      </trkpt>
      <trkpt lat="48.85892614501867" lon="2.0577522567793354">
        <ele>156.95000000000002</ele>
      </trkpt>
      <trkpt lat="48.858913359556624" lon="2.0578177822723163">
        <ele>156.11</ele>
      </trkpt>
      <trkpt lat="48.85890057409458" lon="2.0578833077652963">
        <ele>155.35000000000002</ele>
      </trkpt>
      <trkpt lat="48.858887788632536" lon="2.057948833258277">
        <ele>154.66000000000003</ele>
      </trkpt>
      <trkpt lat="48.85887500317049" lon="2.058014358751258">
        <ele>154.03</ele>
      </trkpt>
      <trkpt lat="48.85887" lon="2.05804">
        <ele>153.8030360567455</ele>
      </trkpt>
      <trkpt lat="48.85885828844862" lon="2.0580776002439043">
        <ele>153.45</ele>
      </trkpt>
      <trkpt lat="48.85883904763832" lon="2.058139373371742">
        <ele>152.93</ele>
      </trkpt>
      <trkpt lat="48.858819806828" lon="2.058201146499579">
        <ele>152.46</ele>
      </trkpt>
      <trkpt lat="48.85880056601769" lon="2.0582629196274165">
        <ele>152.03000000000003</ele>
      </trkpt>
      <trkpt lat="48.85878171002359" lon="2.058323457292697">
        <ele>151.65</ele>
      </trkpt>
      <trkpt lat="48.85876246921328" lon="2.058385230420534">
        <ele>151.29</ele>
      </trkpt>
      <trkpt lat="48.85874322840297" lon="2.0584470035483715">
        <ele>150.97000000000003</ele>
      </trkpt>
      <trkpt lat="48.85872398759266" lon="2.058508776676209">
        <ele>150.69000000000003</ele>
      </trkpt>
      <trkpt lat="48.85870474678235" lon="2.0585705498040463">
        <ele>150.45</ele>
      </trkpt>
      <trkpt lat="48.85868550597204" lon="2.0586323229318837">
        <ele>150.26</ele>
      </trkpt>
      <trkpt lat="48.85868000000001" lon="2.05865">
        <ele>150.21993744168446</ele>
      </trkpt>
      <trkpt lat="48.858672691314965" lon="2.0586975064527864">
        <ele>150.12</ele>
      </trkpt>
      <trkpt lat="48.85866245275082" lon="2.058764057119663">
        <ele>150.04</ele>
      </trkpt>
      <trkpt lat="48.85865221418669" lon="2.0588306077865397">
        <ele>150.02</ele>
      </trkpt>
      <trkpt lat="48.858641975622554" lon="2.058897158453416">
        <ele>150.09</ele>
      </trkpt>
      <trkpt lat="48.85864" lon="2.05891">
        <ele>150.12347247034904</ele>
      </trkpt>
      <trkpt lat="48.85864233365108" lon="2.0589636739749">
        <ele>150.26</ele>
      </trkpt>
      <trkpt lat="48.858645298745564" lon="2.05903187114794">
        <ele>150.53000000000003</ele>
      </trkpt>
      <trkpt lat="48.85864826384005" lon="2.05910006832098">
        <ele>150.94000000000003</ele>
      </trkpt>
      <trkpt lat="48.858650000000004" lon="2.05914">
        <ele>151.25618769092307</ele>
      </trkpt>
      <trkpt lat="48.858647720450165" lon="2.059168114448028">
        <ele>151.48</ele>
      </trkpt>
      <trkpt lat="48.85864222049835" lon="2.0592359471869766">
        <ele>152.14000000000001</ele>
      </trkpt>
      <trkpt lat="48.858636720546556" lon="2.0593037799259246">
        <ele>152.89000000000001</ele>
      </trkpt>
      <trkpt lat="48.858625720642934" lon="2.059439445403821">
        <ele>154.48</ele>
      </trkpt>
      <trkpt lat="48.85862022069113" lon="2.059507278142769">
        <ele>155.24</ele>
      </trkpt>
      <trkpt lat="48.85862" lon="2.05951">
        <ele>155.2680882077161</ele>
      </trkpt>
      <trkpt lat="48.8586076244042" lon="2.059572848613991">
        <ele>155.94000000000003</ele>
      </trkpt>
      <trkpt lat="48.85859498932498" lon="2.0596370149966816">
        <ele>156.57000000000002</ele>
      </trkpt>
      <trkpt lat="48.85858209638701" lon="2.059702490897386">
        <ele>157.14</ele>
      </trkpt>
      <trkpt lat="48.85856920344902" lon="2.0597679667980904">
        <ele>157.66000000000003</ele>
      </trkpt>
      <trkpt lat="48.858556826228565" lon="2.0598308236627667">
        <ele>157.72</ele>
      </trkpt>
      <trkpt lat="48.85854419114935" lon="2.059894990045457">
        <ele>157.68</ele>
      </trkpt>
      <trkpt lat="48.85853181392889" lon="2.0599578469101334">
        <ele>157.48000000000002</ele>
      </trkpt>
      <trkpt lat="48.85851917884968" lon="2.0600220132928238">
        <ele>157.10000000000002</ele>
      </trkpt>
      <trkpt lat="48.85850680162922" lon="2.0600848701575">
        <ele>156.57000000000002</ele>
      </trkpt>
      <trkpt lat="48.85849416655" lon="2.0601490365401904">
        <ele>155.91000000000003</ele>
      </trkpt>
      <trkpt lat="48.858481789329545" lon="2.0602118934048668">
        <ele>155.15</ele>
      </trkpt>
      <trkpt lat="48.858444141950656" lon="2.060403083034924">
        <ele>152.65</ele>
      </trkpt>
      <trkpt lat="48.8584317647302" lon="2.0604659398996006">
        <ele>151.93</ele>
      </trkpt>
      <trkpt lat="48.85841912965098" lon="2.060530106282291">
        <ele>151.37</ele>
      </trkpt>
      <trkpt lat="48.858406752430525" lon="2.060592963146967">
        <ele>151.00000000000003</ele>
      </trkpt>
      <trkpt lat="48.8583941173513" lon="2.060657129529657">
        <ele>150.81</ele>
      </trkpt>
      <trkpt lat="48.85838174013085" lon="2.060719986394334">
        <ele>150.78000000000003</ele>
      </trkpt>
      <trkpt lat="48.85836910505163" lon="2.0607841527770243">
        <ele>150.86</ele>
      </trkpt>
      <trkpt lat="48.8583317155315" lon="2.0609740328890673">
        <ele>151.35000000000002</ele>
      </trkpt>
      <trkpt lat="48.858319080452276" lon="2.0610381992717577">
        <ele>151.44000000000003</ele>
      </trkpt>
      <trkpt lat="48.8583087661019" lon="2.061090579992321">
        <ele>151.45</ele>
      </trkpt>
      <trkpt lat="48.85826957157045" lon="2.061289626730463">
        <ele>151.33</ele>
      </trkpt>
      <trkpt lat="48.858257194349996" lon="2.0613524835951393">
        <ele>151.39000000000001</ele>
      </trkpt>
      <trkpt lat="48.85824455927077" lon="2.0614166499778297">
        <ele>151.55</ele>
      </trkpt>
      <trkpt lat="48.85823218205032" lon="2.061479506842506">
        <ele>151.84</ele>
      </trkpt>
      <trkpt lat="48.85821954697111" lon="2.0615436732251964">
        <ele>152.26</ele>
      </trkpt>
      <trkpt lat="48.85820716975065" lon="2.0616065300898727">
        <ele>152.78</ele>
      </trkpt>
      <trkpt lat="48.858194534671426" lon="2.061670696472563">
        <ele>153.37</ele>
      </trkpt>
      <trkpt lat="48.85816952237175" lon="2.0617977197199298">
        <ele>154.98</ele>
      </trkpt>
      <trkpt lat="48.858119755631165" lon="2.062050456696649">
        <ele>158.46</ele>
      </trkpt>
      <trkpt lat="48.85811" lon="2.0621">
        <ele>159.1124302847725</ele>
      </trkpt>
      <trkpt lat="48.85809501262327" lon="2.0621790243500664">
        <ele>160.15</ele>
      </trkpt>
      <trkpt lat="48.85807085018817" lon="2.0623064262805775">
        <ele>161.73000000000002</ele>
      </trkpt>
      <trkpt lat="48.85805889351926" lon="2.0623694705348505">
        <ele>162.48000000000002</ele>
      </trkpt>
      <trkpt lat="48.85803473108416" lon="2.0624968724653616">
        <ele>163.9</ele>
      </trkpt>
      <trkpt lat="48.858010568649064" lon="2.0626242743958723">
        <ele>165.19</ele>
      </trkpt>
      <trkpt lat="48.858000000000004" lon="2.0626800000000003">
        <ele>165.70175799745317</ele>
      </trkpt>
      <trkpt lat="48.85798808404983" lon="2.0627523623155914">
        <ele>166.36</ele>
      </trkpt>
      <trkpt lat="48.85795620465486" lon="2.0629459571868902">
        <ele>167.9</ele>
      </trkpt>
      <trkpt lat="48.8579459421099" lon="2.063008278823541">
        <ele>168</ele>
      </trkpt>
      <trkpt lat="48.857935679564946" lon="2.063070600460192">
        <ele>168.07000000000002</ele>
      </trkpt>
      <trkpt lat="48.857925198667964" lon="2.0631342480891117">
        <ele>168.06</ele>
      </trkpt>
      <trkpt lat="48.85791493612301" lon="2.063196569725763">
        <ele>167.97</ele>
      </trkpt>
      <trkpt lat="48.85790467357805" lon="2.0632588913624135">
        <ele>167.77</ele>
      </trkpt>
      <trkpt lat="48.85789419268107" lon="2.0633225389913337">
        <ele>167.48000000000002</ele>
      </trkpt>
      <trkpt lat="48.85788393013612" lon="2.063384860627985">
        <ele>167.11</ele>
      </trkpt>
      <trkpt lat="48.857863186694175" lon="2.0635108298935556">
        <ele>166.29000000000002</ele>
      </trkpt>
      <trkpt lat="48.8578420065482" lon="2.063639451143665">
        <ele>166.81</ele>
      </trkpt>
      <trkpt lat="48.85783130729921" lon="2.063704424764854">
        <ele>167.14000000000001</ele>
      </trkpt>
      <trkpt lat="48.85779920955221" lon="2.063899345628422">
        <ele>168.23000000000002</ele>
      </trkpt>
      <trkpt lat="48.857788510303216" lon="2.063964319249611">
        <ele>168.57000000000002</ele>
      </trkpt>
      <trkpt lat="48.85777781105422" lon="2.0640292928708">
        <ele>168.88</ele>
      </trkpt>
      <trkpt lat="48.857724533161246" lon="2.064352834984477">
        <ele>170.25</ele>
      </trkpt>
      <trkpt lat="48.857703134663254" lon="2.0644827822268557">
        <ele>170.84</ele>
      </trkpt>
      <trkpt lat="48.85768173616525" lon="2.064612729469234">
        <ele>171.51000000000002</ele>
      </trkpt>
      <trkpt lat="48.85764963841826" lon="2.064807650332802">
        <ele>172.56</ele>
      </trkpt>
      <trkpt lat="48.85763893916926" lon="2.064872623953991">
        <ele>172.89000000000001</ele>
      </trkpt>
      <trkpt lat="48.857617759023285" lon="2.0650012452041">
        <ele>173.49</ele>
      </trkpt>
      <trkpt lat="48.85758522457225" lon="2.065198818052206">
        <ele>173.73000000000002</ele>
      </trkpt>
      <trkpt lat="48.857541990872214" lon="2.0654613645215014">
        <ele>174.14000000000001</ele>
      </trkpt>
      <trkpt lat="48.8575310732712" lon="2.06552766413496">
        <ele>174.23000000000002</ele>
      </trkpt>
      <trkpt lat="48.85750945642118" lon="2.0656589373696073">
        <ele>174.33</ele>
      </trkpt>
      <trkpt lat="48.85749853882016" lon="2.0657252369830656">
        <ele>174.35</ele>
      </trkpt>
      <trkpt lat="48.85747692197014" lon="2.065856510217713">
        <ele>174.33</ele>
      </trkpt>
      <trkpt lat="48.85746600436912" lon="2.0659228098311715">
        <ele>174.29</ele>
      </trkpt>
      <trkpt lat="48.857455305120126" lon="2.065987783452361">
        <ele>174.22</ele>
      </trkpt>
      <trkpt lat="48.85745000000001" lon="2.06602">
        <ele>174.17140763881042</ele>
      </trkpt>
      <trkpt lat="48.85744881058847" lon="2.0660550876403794">
        <ele>174.12000000000003</ele>
      </trkpt>
      <trkpt lat="48.85744163816068" lon="2.06626667425998">
        <ele>173.72</ele>
      </trkpt>
      <trkpt lat="48.85744163816068" lon="2.06626667425998">
        <ele>173.73000000000002</ele>
      </trkpt>
      <trkpt lat="48.85743488219645" lon="2.0664659752048946">
        <ele>173.40000000000003</ele>
      </trkpt>
      <trkpt lat="48.85743256851006" lon="2.066534228953153">
        <ele>173.27</ele>
      </trkpt>
      <trkpt lat="48.85743030109741" lon="2.0666011176264467">
        <ele>173.12000000000003</ele>
      </trkpt>
      <trkpt lat="48.85743" lon="2.0666100000000003">
        <ele>173.0952738711314</ele>
      </trkpt>
      <trkpt lat="48.85743" lon="2.0666694501124896">
        <ele>172.93</ele>
      </trkpt>
      <trkpt lat="48.85743" lon="2.066736427492941">
        <ele>172.70000000000002</ele>
      </trkpt>
      <trkpt lat="48.85743" lon="2.0668731160244747">
        <ele>172.17000000000002</ele>
      </trkpt>
      <trkpt lat="48.85743" lon="2.067008437670693">
        <ele>171.54000000000002</ele>
      </trkpt>
      <trkpt lat="48.857429999999994" lon="2.06707678193646">
        <ele>171.16</ele>
      </trkpt>
      <trkpt lat="48.85743" lon="2.0671437593169117">
        <ele>170.71</ele>
      </trkpt>
      <trkpt lat="48.85743" lon="2.0672121035826785">
        <ele>170.15000000000003</ele>
      </trkpt>
      <trkpt lat="48.85743" lon="2.0672804478484457">
        <ele>169.48000000000002</ele>
      </trkpt>
      <trkpt lat="48.85743" lon="2.06732">
        <ele>169.0075760110316</ele>
      </trkpt>
      <trkpt lat="48.85743" lon="2.06731">
        <ele>168.8881327012739</ele>
      </trkpt>
      <trkpt lat="48.85743000000001" lon="2.067327425228897">
        <ele>168.68</ele>
      </trkpt>
      <trkpt lat="48.85743" lon="2.067395769494664">
        <ele>167.79000000000002</ele>
      </trkpt>
      <trkpt lat="48.85743" lon="2.0675994354066494">
        <ele>164.98000000000002</ele>
      </trkpt>
      <trkpt lat="48.85743" lon="2.067666412787101">
        <ele>164.10000000000002</ele>
      </trkpt>
      <trkpt lat="48.857429999999994" lon="2.0677347570528677">
        <ele>163.29000000000002</ele>
      </trkpt>
      <trkpt lat="48.85743" lon="2.067870078699086">
        <ele>161.79999999999998</ele>
      </trkpt>
      <trkpt lat="48.85743" lon="2.068005400345305">
        <ele>160.49</ele>
      </trkpt>
      <trkpt lat="48.85743" lon="2.068071010840441">
        <ele>160.52</ele>
      </trkpt>
      <trkpt lat="48.85743000000001" lon="2.068137988220893">
        <ele>160.63000000000002</ele>
      </trkpt>
      <trkpt lat="48.85743" lon="2.0682049656013444">
        <ele>160.88000000000002</ele>
      </trkpt>
      <trkpt lat="48.85743" lon="2.068271942981796">
        <ele>161.3</ele>
      </trkpt>
      <trkpt lat="48.85743" lon="2.0683402872475627">
        <ele>161.88000000000002</ele>
      </trkpt>
      <trkpt lat="48.85743" lon="2.0685398525036023">
        <ele>164</ele>
      </trkpt>
      <trkpt lat="48.85743" lon="2.0686068298840534">
        <ele>164.64000000000001</ele>
      </trkpt>
      <trkpt lat="48.85743" lon="2.0686738072645054">
        <ele>165.21</ele>
      </trkpt>
      <trkpt lat="48.85743" lon="2.0687407846449566">
        <ele>165.70000000000002</ele>
      </trkpt>
      <trkpt lat="48.85743" lon="2.0689417167863113">
        <ele>167.04000000000002</ele>
      </trkpt>
      <trkpt lat="48.85743" lon="2.069008694166763">
        <ele>167.51000000000002</ele>
      </trkpt>
      <trkpt lat="48.85743" lon="2.0690756715472145">
        <ele>168.02</ele>
      </trkpt>
      <trkpt lat="48.85743" lon="2.06908">
        <ele>168.05489781906</ele>
      </trkpt>
      <trkpt lat="48.857429058157024" lon="2.069142632558162">
        <ele>168.56</ele>
      </trkpt>
      <trkpt lat="48.85742605795985" lon="2.069342145669905">
        <ele>170.23000000000002</ele>
      </trkpt>
      <trkpt lat="48.85742404412888" lon="2.069476065429842">
        <ele>170.61</ele>
      </trkpt>
      <trkpt lat="48.85742303721339" lon="2.06954302530981">
        <ele>170.74</ele>
      </trkpt>
      <trkpt lat="48.8574220302979" lon="2.069609985189779">
        <ele>170.83</ele>
      </trkpt>
      <trkpt lat="48.85742102338241" lon="2.069676945069747">
        <ele>170.88</ele>
      </trkpt>
      <trkpt lat="48.857419009551435" lon="2.0698108648296842">
        <ele>170.86</ele>
      </trkpt>
      <trkpt lat="48.857418002635946" lon="2.0698778247096525">
        <ele>170.8</ele>
      </trkpt>
      <trkpt lat="48.85741701626976" lon="2.0699434180614587">
        <ele>170.71</ele>
      </trkpt>
      <trkpt lat="48.85741198169231" lon="2.070278217461301">
        <ele>170.06</ele>
      </trkpt>
      <trkpt lat="48.857410974776826" lon="2.0703451773412693">
        <ele>169.92000000000002</ele>
      </trkpt>
      <trkpt lat="48.85741" lon="2.0704100000000003">
        <ele>169.7457452286794</ele>
      </trkpt>
      <trkpt lat="48.85740974884544" lon="2.0704121034194003">
        <ele>169.74</ele>
      </trkpt>
      <trkpt lat="48.857401880086435" lon="2.0704780042761195">
        <ele>169.53</ele>
      </trkpt>
      <trkpt lat="48.85739401132742" lon="2.0705439051328383">
        <ele>169.28</ele>
      </trkpt>
      <trkpt lat="48.8573782738094" lon="2.0706757068462767">
        <ele>168.71000000000004</ele>
      </trkpt>
      <trkpt lat="48.8573626968783" lon="2.0708061636442716">
        <ele>168.08</ele>
      </trkpt>
      <trkpt lat="48.85734792288179" lon="2.07092989586505">
        <ele>167.41</ele>
      </trkpt>
      <trkpt lat="48.85734053588353" lon="2.0709917619754394">
        <ele>167.05</ele>
      </trkpt>
      <trkpt lat="48.857333309472196" lon="2.0710522831703853">
        <ele>166.66</ele>
      </trkpt>
      <trkpt lat="48.857330000000005" lon="2.0710800000000003">
        <ele>166.46287422380664</ele>
      </trkpt>
      <trkpt lat="48.85732408433137" lon="2.0711135221222756">
        <ele>166.22</ele>
      </trkpt>
      <trkpt lat="48.857313367285485" lon="2.0711742520489436">
        <ele>165.73000000000002</ele>
      </trkpt>
      <trkpt lat="48.857302883218864" lon="2.0712336617598144">
        <ele>165.21</ele>
      </trkpt>
      <trkpt lat="48.85724533734205" lon="2.0715597550617053">
        <ele>159.81</ele>
      </trkpt>
      <trkpt lat="48.8572339213584" lon="2.0716244456357646">
        <ele>158.82000000000002</ele>
      </trkpt>
      <trkpt lat="48.85722227239548" lon="2.0716904564256207">
        <ele>157.91000000000003</ele>
      </trkpt>
      <trkpt lat="48.857210856411825" lon="2.07175514699968">
        <ele>157.10999999999999</ele>
      </trkpt>
      <trkpt lat="48.85719944042816" lon="2.0718198375737393">
        <ele>156.46</ele>
      </trkpt>
      <trkpt lat="48.85718779146525" lon="2.0718858483635954">
        <ele>155.97000000000003</ele>
      </trkpt>
      <trkpt lat="48.85717637548159" lon="2.071950538937655">
        <ele>155.63000000000002</ele>
      </trkpt>
      <trkpt lat="48.857164959497936" lon="2.072015229511714">
        <ele>155.44000000000003</ele>
      </trkpt>
      <trkpt lat="48.85715331053502" lon="2.0720812403015705">
        <ele>155.38000000000002</ele>
      </trkpt>
      <trkpt lat="48.85714189455136" lon="2.07214593087563">
        <ele>155.43</ele>
      </trkpt>
      <trkpt lat="48.85712977962993" lon="2.0722145820970805">
        <ele>155.56</ele>
      </trkpt>
      <trkpt lat="48.85712" lon="2.07227">
        <ele>155.76113690408337</ele>
      </trkpt>
      <trkpt lat="48.85711838005237" lon="2.0722778567460542">
        <ele>155.79000000000002</ele>
      </trkpt>
      <trkpt lat="48.85710520231816" lon="2.072341768756945">
        <ele>156.11</ele>
      </trkpt>
      <trkpt lat="48.8570917556506" lon="2.072406985094588">
        <ele>156.54000000000002</ele>
      </trkpt>
      <trkpt lat="48.8570785779164" lon="2.072470897105479">
        <ele>157.10000000000002</ele>
      </trkpt>
      <trkpt lat="48.857065400182194" lon="2.0725348091163696">
        <ele>157.79000000000002</ele>
      </trkpt>
      <trkpt lat="48.85705195351464" lon="2.072600025454013">
        <ele>158.59</ele>
      </trkpt>
      <trkpt lat="48.85701215137867" lon="2.0727930658134377">
        <ele>161.29000000000002</ele>
      </trkpt>
      <trkpt lat="48.85699897364447" lon="2.0728569778243284">
        <ele>162.13000000000002</ele>
      </trkpt>
      <trkpt lat="48.85698552697691" lon="2.072922194161972">
        <ele>162.91000000000003</ele>
      </trkpt>
      <trkpt lat="48.85697234924271" lon="2.0729861061728627">
        <ele>163.61</ele>
      </trkpt>
      <trkpt lat="48.85694572484095" lon="2.0731152345213966">
        <ele>164.89000000000001</ele>
      </trkpt>
      <trkpt lat="48.85692" lon="2.07324">
        <ele>166.0469094015654</ele>
      </trkpt>
      <trkpt lat="48.856902061050555" lon="2.0733061498760854">
        <ele>166.68</ele>
      </trkpt>
      <trkpt lat="48.8568684758046" lon="2.0734299954705393">
        <ele>167.82000000000002</ele>
      </trkpt>
      <trkpt lat="48.85683454785206" lon="2.0735551047955485">
        <ele>168.59</ele>
      </trkpt>
      <trkpt lat="48.856800277192924" lon="2.0736814778511135">
        <ele>169.27</ele>
      </trkpt>
      <trkpt lat="48.85678314186336" lon="2.0737446643788955">
        <ele>169.56</ele>
      </trkpt>
      <trkpt lat="48.85676600653378" lon="2.073807850906678">
        <ele>169.82000000000002</ele>
      </trkpt>
      <trkpt lat="48.85674921391081" lon="2.0738697737039047">
        <ele>170.04000000000002</ele>
      </trkpt>
      <trkpt lat="48.856714943251674" lon="2.0739961467594696">
        <ele>170.44</ele>
      </trkpt>
      <trkpt lat="48.85668067259254" lon="2.0741225198150346">
        <ele>170.76000000000002</ele>
      </trkpt>
      <trkpt lat="48.85666387996956" lon="2.0741844426122613">
        <ele>170.89000000000001</ele>
      </trkpt>
      <trkpt lat="48.856629609310424" lon="2.0743108156678263">
        <ele>171.09</ele>
      </trkpt>
      <trkpt lat="48.85660000000001" lon="2.0744200000000004">
        <ele>171.19472536607455</ele>
      </trkpt>
      <trkpt lat="48.8565962441846" lon="2.074436251124369">
        <ele>171.21</ele>
      </trkpt>
      <trkpt lat="48.856566439846574" lon="2.0745652122023466">
        <ele>171.29000000000002</ele>
      </trkpt>
      <trkpt lat="48.85655153767757" lon="2.0746296927413357">
        <ele>171.3</ele>
      </trkpt>
      <trkpt lat="48.856536635508554" lon="2.074694173280325">
        <ele>171.28</ele>
      </trkpt>
      <trkpt lat="48.85652203138292" lon="2.074757364208534">
        <ele>171.20000000000002</ele>
      </trkpt>
      <trkpt lat="48.85650712921391" lon="2.074821844747523">
        <ele>171.02</ele>
      </trkpt>
      <trkpt lat="48.856492227044896" lon="2.074886325286512">
        <ele>170.73000000000002</ele>
      </trkpt>
      <trkpt lat="48.8564773248759" lon="2.0749508058255013">
        <ele>170.3</ele>
      </trkpt>
      <trkpt lat="48.85646242270688" lon="2.0750152863644904">
        <ele>169.72</ele>
      </trkpt>
      <trkpt lat="48.85644781858125" lon="2.0750784772927">
        <ele>169.03</ele>
      </trkpt>
      <trkpt lat="48.85641801424323" lon="2.0752074383706782">
        <ele>167.56</ele>
      </trkpt>
      <trkpt lat="48.85640311207422" lon="2.075271918909667">
        <ele>166.91</ele>
      </trkpt>
      <trkpt lat="48.856388209905205" lon="2.075336399448656">
        <ele>166.39000000000001</ele>
      </trkpt>
      <trkpt lat="48.85637360577958" lon="2.075399590376865">
        <ele>165.97</ele>
      </trkpt>
      <trkpt lat="48.85635870361057" lon="2.0754640709158543">
        <ele>165.65</ele>
      </trkpt>
      <trkpt lat="48.856343801441554" lon="2.0755285514548434">
        <ele>165.41</ele>
      </trkpt>
      <trkpt lat="48.85632919731592" lon="2.0755917423830526">
        <ele>165.21</ele>
      </trkpt>
      <trkpt lat="48.856314295146916" lon="2.0756562229220417">
        <ele>165.04000000000002</ele>
      </trkpt>
      <trkpt lat="48.85622577626299" lon="2.076039237323637">
        <ele>164.17000000000002</ele>
      </trkpt>
      <trkpt lat="48.85619626996835" lon="2.076166908790835">
        <ele>163.91</ele>
      </trkpt>
      <trkpt lat="48.8561667636737" lon="2.0762945802580335">
        <ele>163.73000000000002</ele>
      </trkpt>
      <trkpt lat="48.856152159548074" lon="2.0763577711862427">
        <ele>163.68</ele>
      </trkpt>
      <trkpt lat="48.85613725737907" lon="2.0764222517252318">
        <ele>163.69</ele>
      </trkpt>
      <trkpt lat="48.85612265325343" lon="2.076485442653441">
        <ele>163.75</ele>
      </trkpt>
      <trkpt lat="48.856107751084416" lon="2.07654992319243">
        <ele>163.89000000000001</ele>
      </trkpt>
      <trkpt lat="48.856080000000006" lon="2.07667">
        <ele>164.28005913414364</ele>
      </trkpt>
      <trkpt lat="48.85610042091158" lon="2.0767383044283907">
        <ele>164.51000000000002</ele>
      </trkpt>
      <trkpt lat="48.85611902288164" lon="2.0768005248109924">
        <ele>164.63000000000002</ele>
      </trkpt>
      <trkpt lat="48.856137252812296" lon="2.0768615007859417">
        <ele>164.64000000000001</ele>
      </trkpt>
      <trkpt lat="48.85615585478235" lon="2.0769237211685434">
        <ele>164.52</ele>
      </trkpt>
      <trkpt lat="48.85617408471301" lon="2.076984697143493">
        <ele>164.29000000000002</ele>
      </trkpt>
      <trkpt lat="48.85619268668306" lon="2.0770469175260953">
        <ele>163.96</ele>
      </trkpt>
      <trkpt lat="48.85621091661372" lon="2.0771078935010445">
        <ele>163.56</ele>
      </trkpt>
      <trkpt lat="48.856247748514434" lon="2.077231089858596">
        <ele>162.68</ele>
      </trkpt>
      <trkpt lat="48.85626635048449" lon="2.0772933102411977">
        <ele>162.29000000000002</ele>
      </trkpt>
      <trkpt lat="48.85628458041514" lon="2.0773542862161474">
        <ele>161.95000000000002</ele>
      </trkpt>
      <trkpt lat="48.856302810345795" lon="2.077415262191097">
        <ele>161.66000000000003</ele>
      </trkpt>
      <trkpt lat="48.856358244216565" lon="2.0776006789312502">
        <ele>161.94</ele>
      </trkpt>
      <trkpt lat="48.856370000000005" lon="2.07764">
        <ele>161.9779178659203</ele>
      </trkpt>
      <trkpt lat="48.8563782813497" lon="2.077661776882521">
        <ele>162</ele>
      </trkpt>
      <trkpt lat="48.85640078284251" lon="2.0777209474747527">
        <ele>161.98000000000002</ele>
      </trkpt>
      <trkpt lat="48.85642283430548" lon="2.07777893465514">
        <ele>161.84</ele>
      </trkpt>
      <trkpt lat="48.8564453357983" lon="2.077838105247372">
        <ele>161.52</ele>
      </trkpt>
      <trkpt lat="48.85646783729112" lon="2.0778972758396037">
        <ele>160.99</ele>
      </trkpt>
      <trkpt lat="48.85649033878394" lon="2.077956446431836">
        <ele>160.25</ele>
      </trkpt>
      <trkpt lat="48.856512390246905" lon="2.078014433612223">
        <ele>159.32000000000002</ele>
      </trkpt>
      <trkpt lat="48.85653489173973" lon="2.078073604204455">
        <ele>158.23000000000002</ele>
      </trkpt>
      <trkpt lat="48.85655919335197" lon="2.0781375084440654">
        <ele>156.94000000000003</ele>
      </trkpt>
      <trkpt lat="48.85655919335197" lon="2.0781375084440654">
        <ele>157.09</ele>
      </trkpt>
      <trkpt lat="48.85660464636747" lon="2.0782570330403742">
        <ele>154.69000000000003</ele>
      </trkpt>
      <trkpt lat="48.856627147860294" lon="2.078316203632606">
        <ele>153.61</ele>
      </trkpt>
      <trkpt lat="48.856640000000006" lon="2.0783500000000004">
        <ele>153.05596673556983</ele>
      </trkpt>
      <trkpt lat="48.85664816865448" lon="2.0783765481270358">
        <ele>152.64000000000001</ele>
      </trkpt>
      <trkpt lat="48.85666721728064" lon="2.0784384561620355">
        <ele>151.78000000000003</ele>
      </trkpt>
      <trkpt lat="48.856685884934265" lon="2.078499126036335">
        <ele>150.99</ele>
      </trkpt>
      <trkpt lat="48.85675407901589" lon="2.078720756801634">
        <ele>149.41000000000003</ele>
      </trkpt>
      <trkpt lat="48.85680000000001" lon="2.07887">
        <ele>148.46549984563484</ele>
      </trkpt>
      <trkpt lat="48.85680660871934" lon="2.0788854203450997">
        <ele>148.36</ele>
      </trkpt>
      <trkpt lat="48.856874837056125" lon="2.079044619797622">
        <ele>147.54</ele>
      </trkpt>
      <trkpt lat="48.85689000000001" lon="2.0790800000000003">
        <ele>147.3805620021783</ele>
      </trkpt>
      <trkpt lat="48.85689000000001" lon="2.07907">
        <ele>147.34280209692184</ele>
      </trkpt>
      <trkpt lat="48.85691677834767" lon="2.079132870903199">
        <ele>147.06000000000003</ele>
      </trkpt>
      <trkpt lat="48.85696174051799" lon="2.0792384342596097">
        <ele>146.63</ele>
      </trkpt>
      <trkpt lat="48.85698471032239" lon="2.0792923633656026">
        <ele>146.45000000000002</ele>
      </trkpt>
      <trkpt lat="48.857007191407554" lon="2.079345145043808">
        <ele>146.3</ele>
      </trkpt>
      <trkpt lat="48.85707512338227" lon="2.0795046375062114">
        <ele>145.91</ele>
      </trkpt>
      <trkpt lat="48.85712" lon="2.07961">
        <ele>145.7341649983542</ele>
      </trkpt>
      <trkpt lat="48.85712143259788" lon="2.079612024323084">
        <ele>145.73</ele>
      </trkpt>
      <trkpt lat="48.85721430212463" lon="2.0797432530021953">
        <ele>145.43</ele>
      </trkpt>
      <trkpt lat="48.8572795083881" lon="2.0798353922875292">
        <ele>144.95000000000002</ele>
      </trkpt>
      <trkpt lat="48.85731178219527" lon="2.07988099658027">
        <ele>144.69</ele>
      </trkpt>
      <trkpt lat="48.85747446852938" lon="2.080110879443679">
        <ele>143.25</ele>
      </trkpt>
      <trkpt lat="48.85753901614372" lon="2.0802020880291607">
        <ele>142.70000000000002</ele>
      </trkpt>
      <trkpt lat="48.85757194860002" lon="2.0802486230217534">
        <ele>142.47</ele>
      </trkpt>
      <trkpt lat="48.857580000000006" lon="2.08026">
        <ele>142.420105669609</ele>
      </trkpt>
      <trkpt lat="48.85761054153442" lon="2.080240710609841">
        <ele>142.27</ele>
      </trkpt>
      <trkpt lat="48.85765123491329" lon="2.080215009528451">
        <ele>142.12000000000003</ele>
      </trkpt>
      <trkpt lat="48.857692758769275" lon="2.0801887839351956">
        <ele>142.02</ele>
      </trkpt>
      <trkpt lat="48.85773345214815" lon="2.0801630828538054">
        <ele>141.96</ele>
      </trkpt>
      <trkpt lat="48.85793774951961" lon="2.0800340529349888">
        <ele>141.9</ele>
      </trkpt>
      <trkpt lat="48.85810301446644" lon="2.0799296750738328">
        <ele>141</ele>
      </trkpt>
      <trkpt lat="48.85814453832242" lon="2.079903449480577">
        <ele>140.8</ele>
      </trkpt>
      <trkpt lat="48.85815" lon="2.0799000000000003">
        <ele>140.7789550273685</ele>
      </trkpt>
      <trkpt lat="48.858187265572724" lon="2.079882254489179">
        <ele>140.64000000000001</ele>
      </trkpt>
      <trkpt lat="48.858229316888995" lon="2.0798622300528598">
        <ele>140.53</ele>
      </trkpt>
      <trkpt lat="48.8582722263954" lon="2.0798417969545753">
        <ele>140.49</ele>
      </trkpt>
      <trkpt lat="48.8583151359018" lon="2.0798213638562904">
        <ele>140.49</ele>
      </trkpt>
      <trkpt lat="48.85835804540819" lon="2.0798009307580054">
        <ele>140.54</ele>
      </trkpt>
      <trkpt lat="48.858360000000005" lon="2.0798">
        <ele>140.5433128353984</ele>
      </trkpt>
      <trkpt lat="48.858406877233605" lon="2.079810817823138">
        <ele>140.62000000000003</ele>
      </trkpt>
      <trkpt lat="48.858406877233605" lon="2.079810817823138">
        <ele>140.61</ele>
      </trkpt>
      <trkpt lat="48.85849579050534" lon="2.0798313362704617">
        <ele>140.77</ele>
      </trkpt>
      <trkpt lat="48.85854024714121" lon="2.0798415954941234">
        <ele>140.8</ele>
      </trkpt>
      <trkpt lat="48.858584703777076" lon="2.0798518547177856">
        <ele>140.78</ele>
      </trkpt>
      <trkpt lat="48.85862" lon="2.07986">
        <ele>140.73236316616493</ele>
      </trkpt>
      <trkpt lat="48.85862896632654" lon="2.0798635491709194">
        <ele>140.72</ele>
      </trkpt>
      <trkpt lat="48.858758640162726" lon="2.079914878397747">
        <ele>140.43</ele>
      </trkpt>
      <trkpt lat="48.85880215487286" lon="2.0799321029705076">
        <ele>140.35</ele>
      </trkpt>
      <trkpt lat="48.85888918429313" lon="2.0799665521160295">
        <ele>140.27</ele>
      </trkpt>
      <trkpt lat="48.85893182870906" lon="2.079983432197335">
        <ele>140.28</ele>
      </trkpt>
      <trkpt lat="48.85897534341919" lon="2.080000656770096">
        <ele>140.34</ele>
      </trkpt>
      <trkpt lat="48.85901885812933" lon="2.0800178813428567">
        <ele>140.44</ele>
      </trkpt>
      <trkpt lat="48.85906237283946" lon="2.0800351059156177">
        <ele>140.59</ele>
      </trkpt>
      <trkpt lat="48.859100000000005" lon="2.08005">
        <ele>140.7542929593613</ele>
      </trkpt>
      <trkpt lat="48.859093916074585" lon="2.08005">
        <ele>140.78</ele>
      </trkpt>
      <trkpt lat="48.85909" lon="2.08005">
        <ele>140.79955069322244</ele>
      </trkpt>
      <trkpt lat="48.859128873260104" lon="2.080065271637897">
        <ele>141</ele>
      </trkpt>
      <trkpt lat="48.85920810777415" lon="2.0800963994826995">
        <ele>142.20000000000002</ele>
      </trkpt>
      <trkpt lat="48.8593256534818" lon="2.080142578153561">
        <ele>144.05</ele>
      </trkpt>
      <trkpt lat="48.859370000000006" lon="2.0801600000000002">
        <ele>144.84962465008437</ele>
      </trkpt>
      <trkpt lat="48.859502208407854" lon="2.080193755338174">
        <ele>147.19000000000003</ele>
      </trkpt>
      <trkpt lat="48.85954655326056" lon="2.080205077428226">
        <ele>147.94000000000003</ele>
      </trkpt>
      <trkpt lat="48.859590898113254" lon="2.080216399518277">
        <ele>148.64000000000001</ele>
      </trkpt>
      <trkpt lat="48.859635242965965" lon="2.080227721608329">
        <ele>149.3</ele>
      </trkpt>
      <trkpt lat="48.85967958781866" lon="2.0802390436983806">
        <ele>149.92000000000002</ele>
      </trkpt>
      <trkpt lat="48.85976827752407" lon="2.080261687878484">
        <ele>151.08</ele>
      </trkpt>
      <trkpt lat="48.859840000000005" lon="2.08028">
        <ele>151.9806480360307</ele>
      </trkpt>
      <trkpt lat="48.859897056758804" lon="2.0805652837940047">
        <ele>154.41000000000003</ele>
      </trkpt>
      <trkpt lat="48.8599" lon="2.0805800000000003">
        <ele>154.54615121515954</ele>
      </trkpt>
      <trkpt lat="48.85983790223408" lon="2.080656210894551">
        <ele>155.62</ele>
      </trkpt>
      <trkpt lat="48.85976793121223" lon="2.080742084421353">
        <ele>156.99</ele>
      </trkpt>
      <trkpt lat="48.85973294570131" lon="2.080785021184754">
        <ele>157.73000000000002</ele>
      </trkpt>
      <trkpt lat="48.859680000000004" lon="2.0808500000000003">
        <ele>158.9529178301561</ele>
      </trkpt>
      <trkpt lat="48.8596775000241" lon="2.0808816663614835">
        <ele>159.32999999999998</ele>
      </trkpt>
      <trkpt lat="48.85967053539536" lon="2.0809698849921423">
        <ele>160.45000000000002</ele>
      </trkpt>
      <trkpt lat="48.85967053539536" lon="2.0809698849921423">
        <ele>160.47</ele>
      </trkpt>
      <trkpt lat="48.85965628469348" lon="2.0811503938825675">
        <ele>162.84</ele>
      </trkpt>
      <trkpt lat="48.859650927286765" lon="2.0812182543676894">
        <ele>163.68</ele>
      </trkpt>
      <trkpt lat="48.85965" lon="2.08123">
        <ele>163.81327545275866</ele>
      </trkpt>
      <trkpt lat="48.85964086888185" lon="2.0812847867089106">
        <ele>164.45000000000002</ele>
      </trkpt>
      <trkpt lat="48.85962982649153" lon="2.08135104105083">
        <ele>165.15</ele>
      </trkpt>
      <trkpt lat="48.85958587777805" lon="2.0816147333316684">
        <ele>167.69</ele>
      </trkpt>
      <trkpt lat="48.85956379299741" lon="2.0817472420155068">
        <ele>169.12</ele>
      </trkpt>
      <trkpt lat="48.85956" lon="2.08177">
        <ele>169.38220059938686</ele>
      </trkpt>
      <trkpt lat="48.85956647491965" lon="2.0819512977501873">
        <ele>171.41</ele>
      </trkpt>
      <trkpt lat="48.859568912301775" lon="2.0820195444495075">
        <ele>172.08</ele>
      </trkpt>
      <trkpt lat="48.859570000000005" lon="2.08205">
        <ele>172.34775405224605</ele>
      </trkpt>
      <trkpt lat="48.859570000000005" lon="2.08204">
        <ele>172.43554113171953</ele>
      </trkpt>
      <trkpt lat="48.859574499014535" lon="2.0820669940872047">
        <ele>172.68000000000004</ele>
      </trkpt>
      <trkpt lat="48.85958" lon="2.0821">
        <ele>172.9290850443017</ele>
      </trkpt>
      <trkpt lat="48.859595688355874" lon="2.082124653130658">
        <ele>173.18</ele>
      </trkpt>
      <trkpt lat="48.85962695065315" lon="2.0821737795978086">
        <ele>173.59000000000003</ele>
      </trkpt>
      <trkpt lat="48.85965758770449" lon="2.0822219235356165">
        <ele>173.95000000000002</ele>
      </trkpt>
      <trkpt lat="48.85970573164229" lon="2.082297578295029">
        <ele>174.04000000000002</ele>
      </trkpt>
      <trkpt lat="48.859790000000004" lon="2.08243">
        <ele>174.10787297501884</ele>
      </trkpt>
      <trkpt lat="48.85979209797418" lon="2.0824348129995744">
        <ele>174.11</ele>
      </trkpt>
      <trkpt lat="48.85990882694301" lon="2.0827026029869082">
        <ele>174.35</ele>
      </trkpt>
      <trkpt lat="48.8599813479194" lon="2.0828689746386138">
        <ele>174.54</ele>
      </trkpt>
      <trkpt lat="48.860030026383" lon="2.082980648760991">
        <ele>174.64000000000001</ele>
      </trkpt>
      <trkpt lat="48.86007820812758" lon="2.083091183351508">
        <ele>174.69</ele>
      </trkpt>
      <trkpt lat="48.860130000000005" lon="2.0832100000000002">
        <ele>174.67571671949227</ele>
      </trkpt>
      <trkpt lat="48.86016651671619" lon="2.0832231699632153">
        <ele>174.67000000000002</ele>
      </trkpt>
      <trkpt lat="48.86024964438059" lon="2.0832531504323426">
        <ele>174.77</ele>
      </trkpt>
      <trkpt lat="48.86041764976548" lon="2.083313742538369">
        <ele>175.13</ele>
      </trkpt>
      <trkpt lat="48.86045877608366" lon="2.08332857498099">
        <ele>175.19</ele>
      </trkpt>
      <trkpt lat="48.86050077742988" lon="2.0833437230074967">
        <ele>175.23000000000002</ele>
      </trkpt>
      <trkpt lat="48.8605427787761" lon="2.083358871034003">
        <ele>175.24</ele>
      </trkpt>
      <trkpt lat="48.86066790778673" lon="2.0834039995296374">
        <ele>175.22</ele>
      </trkpt>
      <trkpt lat="48.86074000000001" lon="2.0834300000000003">
        <ele>175.1087755788651</ele>
      </trkpt>
      <trkpt lat="48.86088" lon="2.08334">
        <ele>174.88059466036816</ele>
      </trkpt>
      <trkpt lat="48.86100742651714" lon="2.0834011647282273">
        <ele>174.68</ele>
      </trkpt>
      <trkpt lat="48.8611326330729" lon="2.0834612638749914">
        <ele>174.70000000000002</ele>
      </trkpt>
      <trkpt lat="48.86134188238526" lon="2.083561703544926">
        <ele>174.64000000000001</ele>
      </trkpt>
      <trkpt lat="48.861380000000004" lon="2.08358">
        <ele>174.63220211820828</ele>
      </trkpt>
      <trkpt lat="48.86155" lon="2.08379">
        <ele>174.5894683629195</ele>
      </trkpt>
      <trkpt lat="48.86156711654316" lon="2.0838590367240952">
        <ele>174.58</ele>
      </trkpt>
      <trkpt lat="48.861597880205956" lon="2.083983116830678">
        <ele>174.49</ele>
      </trkpt>
      <trkpt lat="48.86164418427572" lon="2.0841698765787307">
        <ele>174.29</ele>
      </trkpt>
      <trkpt lat="48.86173710956641" lon="2.0845446752511925">
        <ele>173.98000000000002</ele>
      </trkpt>
      <trkpt lat="48.86182115462455" lon="2.0848836569856717">
        <ele>173.76000000000002</ele>
      </trkpt>
      <trkpt lat="48.861850000000004" lon="2.085">
        <ele>173.69361204040746</ele>
      </trkpt>
      <trkpt lat="48.86192963643495" lon="2.0852190001961097">
        <ele>173.56</ele>
      </trkpt>
      <trkpt lat="48.86193" lon="2.08522">
        <ele>173.55952247244895</ele>
      </trkpt>
      <trkpt lat="48.86201273703887" lon="2.0855291752504685">
        <ele>173.42000000000002</ele>
      </trkpt>
      <trkpt lat="48.862120000000004" lon="2.0859300000000003">
        <ele>173.18812048929362</ele>
      </trkpt>
      <trkpt lat="48.862120000000004" lon="2.08592">
        <ele>173.1827618122594</ele>
      </trkpt>
      <trkpt lat="48.86221227598638" lon="2.086251247130572">
        <ele>172.99</ele>
      </trkpt>
      <trkpt lat="48.86222945879409" lon="2.0863129290043885">
        <ele>172.94</ele>
      </trkpt>
      <trkpt lat="48.86229608600764" lon="2.086552103617148">
        <ele>172.82</ele>
      </trkpt>
      <trkpt lat="48.86236095987347" lon="2.08678498416115">
        <ele>172.8</ele>
      </trkpt>
      <trkpt lat="48.86241005360978" lon="2.086961218086341">
        <ele>172.70000000000002</ele>
      </trkpt>
      <trkpt lat="48.86251000000001" lon="2.08732">
        <ele>172.3573977869519</ele>
      </trkpt>
      <trkpt lat="48.86253202524624" lon="2.087460961575848">
        <ele>172.23000000000002</ele>
      </trkpt>
      <trkpt lat="48.86256" lon="2.0876400000000004">
        <ele>172.09950802225111</ele>
      </trkpt>
      <trkpt lat="48.86258223476806" lon="2.087716811016942">
        <ele>172.04000000000002</ele>
      </trkpt>
      <trkpt lat="48.86269053410677" lon="2.0880909360051803">
        <ele>171.8</ele>
      </trkpt>
      <trkpt lat="48.86279919565061" lon="2.088466312247559">
        <ele>171.64000000000001</ele>
      </trkpt>
      <trkpt lat="48.86285352642254" lon="2.0886540003687486">
        <ele>171.53</ele>
      </trkpt>
      <trkpt lat="48.86289000000001" lon="2.0887800000000003">
        <ele>171.41000859092622</ele>
      </trkpt>
      <trkpt lat="48.862790000000004" lon="2.08903">
        <ele>171.15497356753426</ele>
      </trkpt>
      <trkpt lat="48.86275822232036" lon="2.0891771188872528">
        <ele>171.02</ele>
      </trkpt>
      <trkpt lat="48.86273802320456" lon="2.08927063331227">
        <ele>170.94</ele>
      </trkpt>
      <trkpt lat="48.86265386022204" lon="2.089660276749844">
        <ele>170.5</ele>
      </trkpt>
      <trkpt lat="48.86258400494655" lon="2.0899836808030297">
        <ele>170.28</ele>
      </trkpt>
      <trkpt lat="48.86252789629154" lon="2.090243443094745">
        <ele>170.04000000000002</ele>
      </trkpt>
      <trkpt lat="48.86252" lon="2.0902800000000004">
        <ele>170.0014838332076</ele>
      </trkpt>
      <trkpt lat="48.86250194648715" lon="2.0903671726763475">
        <ele>169.91</ele>
      </trkpt>
      <trkpt lat="48.86243713554201" lon="2.09068011695429">
        <ele>169.49</ele>
      </trkpt>
      <trkpt lat="48.86239851902054" lon="2.0908665795865646">
        <ele>169.28</ele>
      </trkpt>
      <trkpt lat="48.86237178450567" lon="2.0909956691012157">
        <ele>169.29000000000002</ele>
      </trkpt>
      <trkpt lat="48.86234504999081" lon="2.0911247586158677">
        <ele>169.34</ele>
      </trkpt>
      <trkpt lat="48.862264846446195" lon="2.0915120271598213">
        <ele>169.63</ele>
      </trkpt>
      <trkpt lat="48.86223784188572" lon="2.0916424206089643">
        <ele>169.76000000000002</ele>
      </trkpt>
      <trkpt lat="48.86223784188572" lon="2.0916424206089643">
        <ele>169.77</ele>
      </trkpt>
      <trkpt lat="48.862173571031796" lon="2.091952757017924">
        <ele>170.18000000000004</ele>
      </trkpt>
      <trkpt lat="48.862170000000006" lon="2.0919700000000003">
        <ele>170.18978443347004</ele>
      </trkpt>
      <trkpt lat="48.86179016020178" lon="2.092099002195623">
        <ele>170.51000000000002</ele>
      </trkpt>
      <trkpt lat="48.861702392018806" lon="2.092128810257764">
        <ele>170.61</ele>
      </trkpt>
      <trkpt lat="48.86164" lon="2.09215">
        <ele>170.6931262612685</ele>
      </trkpt>
      <trkpt lat="48.861483817284565" lon="2.092196111087414">
        <ele>170.90000000000003</ele>
      </trkpt>
      <trkpt lat="48.861352276571594" lon="2.092234946916958">
        <ele>171.01000000000002</ele>
      </trkpt>
      <trkpt lat="48.861224267152934" lon="2.0922727401738976">
        <ele>171.04000000000002</ele>
      </trkpt>
      <trkpt lat="48.86109625773426" lon="2.0923105334308367">
        <ele>171.14000000000001</ele>
      </trkpt>
      <trkpt lat="48.86101062384729" lon="2.0923358158165133">
        <ele>171.26000000000002</ele>
      </trkpt>
      <trkpt lat="48.860882614428625" lon="2.0923736090734524">
        <ele>171.48000000000002</ele>
      </trkpt>
      <trkpt lat="48.860796980541664" lon="2.0923988914591294">
        <ele>171.6</ele>
      </trkpt>
      <trkpt lat="48.86059" lon="2.09246">
        <ele>171.7778608153984</ele>
      </trkpt>
      <trkpt lat="48.860541118835584" lon="2.092475657247977">
        <ele>171.82</ele>
      </trkpt>
      <trkpt lat="48.86045575934152" lon="2.0925029989609203">
        <ele>171.93000000000004</ele>
      </trkpt>
      <trkpt lat="48.86032816009781" lon="2.092543870593671">
        <ele>172.13</ele>
      </trkpt>
      <trkpt lat="48.860072961610385" lon="2.0926256138591723">
        <ele>172.43000000000004</ele>
      </trkpt>
      <trkpt lat="48.85985208291955" lon="2.092696364064831">
        <ele>172.72</ele>
      </trkpt>
      <trkpt lat="48.85980984316991" lon="2.092709893984638">
        <ele>172.75</ele>
      </trkpt>
      <trkpt lat="48.859767603420266" lon="2.092723423904445">
        <ele>172.75</ele>
      </trkpt>
      <trkpt lat="48.859558164661635" lon="2.0927905097568225">
        <ele>172.65000000000003</ele>
      </trkpt>
      <trkpt lat="48.859558164661635" lon="2.0927905097568225">
        <ele>172.64000000000001</ele>
      </trkpt>
      <trkpt lat="48.85935488586648" lon="2.092855622495894">
        <ele>172.5</ele>
      </trkpt>
      <trkpt lat="48.859312646116834" lon="2.0928691524157013">
        <ele>172.33</ele>
      </trkpt>
      <trkpt lat="48.85931" lon="2.09287">
        <ele>172.3162180598014</ele>
      </trkpt>
      <trkpt lat="48.859270341204116" lon="2.092857797293575">
        <ele>172.11</ele>
      </trkpt>
      <trkpt lat="48.85922803193644" lon="2.0928447790573648">
        <ele>171.84</ele>
      </trkpt>
      <trkpt lat="48.85918572266875" lon="2.0928317608211535">
        <ele>171.5</ele>
      </trkpt>
      <trkpt lat="48.85918" lon="2.09283">
        <ele>171.44589678278862</ele>
      </trkpt>
      <trkpt lat="48.85914434122719" lon="2.0928467805989728">
        <ele>171.1</ele>
      </trkpt>
      <trkpt lat="48.85910310491093" lon="2.0928661859242688">
        <ele>170.66</ele>
      </trkpt>
      <trkpt lat="48.85906186859468" lon="2.092885591249565">
        <ele>170.15000000000003</ele>
      </trkpt>
      <trkpt lat="48.85902063227842" lon="2.0929049965748616">
        <ele>169.59</ele>
      </trkpt>
      <trkpt lat="48.859010000000005" lon="2.0929100000000003">
        <ele>169.43529735846536</ele>
      </trkpt>
      <trkpt lat="48.85893837636795" lon="2.093053247264109">
        <ele>167.79000000000002</ele>
      </trkpt>
      <trkpt lat="48.85893" lon="2.09307">
        <ele>167.62003150637872</ele>
      </trkpt>
      <trkpt lat="48.85890214458982" lon="2.0930839277050923">
        <ele>167.26000000000002</ele>
      </trkpt>
      <trkpt lat="48.858861138824665" lon="2.093104430587668">
        <ele>166.79000000000002</ele>
      </trkpt>
      <trkpt lat="48.858850000000004" lon="2.0931100000000002">
        <ele>166.6813438183757</ele>
      </trkpt>
      <trkpt lat="48.858823733551574" lon="2.093136266448424">
        <ele>166.39000000000001</ele>
      </trkpt>
      <trkpt lat="48.85882" lon="2.09314">
        <ele>166.35272916539148</ele>
      </trkpt>
      <trkpt lat="48.85878230458281" lon="2.093126695735108">
        <ele>166.03</ele>
      </trkpt>
      <trkpt lat="48.858740255856986" lon="2.093111855008347">
        <ele>165.70000000000002</ele>
      </trkpt>
      <trkpt lat="48.858656158405346" lon="2.093082173554827">
        <ele>165.10000000000002</ele>
      </trkpt>
      <trkpt lat="48.858650000000004" lon="2.09308">
        <ele>165.0597238338134</ele>
      </trkpt>
      <trkpt lat="48.85857157806933" lon="2.0931041298248236">
        <ele>164.55</ele>
      </trkpt>
      <trkpt lat="48.858520000000006" lon="2.0931200000000003">
        <ele>164.33265665639794</ele>
      </trkpt>
      <trkpt lat="48.85847920746049" lon="2.0932125294189">
        <ele>164.03</ele>
      </trkpt>
      <trkpt lat="48.85845567844916" lon="2.0932659001031415">
        <ele>163.87</ele>
      </trkpt>
      <trkpt lat="48.858409121043756" lon="2.0933715059251514">
        <ele>163.60000000000002</ele>
      </trkpt>
      <trkpt lat="48.85836156240383" lon="2.0934793828401075">
        <ele>163.41</ele>
      </trkpt>
      <trkpt lat="48.85833803339249" lon="2.093532753524349">
        <ele>163.43</ele>
      </trkpt>
      <trkpt lat="48.8583140037639" lon="2.093587259755064">
        <ele>163.48000000000002</ele>
      </trkpt>
      <trkpt lat="48.8582899741353" lon="2.0936417659857787">
        <ele>163.59</ele>
      </trkpt>
      <trkpt lat="48.858266445123974" lon="2.09369513667002">
        <ele>163.77</ele>
      </trkpt>
      <trkpt lat="48.85824241549538" lon="2.0937496429007347">
        <ele>164.03</ele>
      </trkpt>
      <trkpt lat="48.858218385866785" lon="2.0938041491314494">
        <ele>164.36</ele>
      </trkpt>
      <trkpt lat="48.8582088741388" lon="2.0938257245144407">
        <ele>164.51000000000002</ele>
      </trkpt>
      <trkpt lat="48.8582088741388" lon="2.0938257245144407">
        <ele>164.49</ele>
      </trkpt>
      <trkpt lat="48.858145796363736" lon="2.0939688033700667">
        <ele>165.60000000000002</ele>
      </trkpt>
      <trkpt lat="48.85812176673514" lon="2.0940233096007814">
        <ele>165.97</ele>
      </trkpt>
      <trkpt lat="48.85811" lon="2.09405">
        <ele>166.1022125506475</ele>
      </trkpt>
      <trkpt lat="48.85809687966882" lon="2.0940768966789274">
        <ele>166.24</ele>
      </trkpt>
      <trkpt lat="48.8580717054779" lon="2.0941285037703192">
        <ele>166.38</ele>
      </trkpt>
      <trkpt lat="48.85804599566589" lon="2.094181208884932">
        <ele>166.42000000000002</ele>
      </trkpt>
      <trkpt lat="48.85802028585388" lon="2.094233913999545">
        <ele>166.37</ele>
      </trkpt>
      <trkpt lat="48.85796940185096" lon="2.0943382262055494">
        <ele>166.21</ele>
      </trkpt>
      <trkpt lat="48.85794369203895" lon="2.094390931320162">
        <ele>166.19</ele>
      </trkpt>
      <trkpt lat="48.85791798222694" lon="2.094443636434775">
        <ele>166.25</ele>
      </trkpt>
      <trkpt lat="48.857910000000004" lon="2.09446">
        <ele>166.2912203715014</ele>
      </trkpt>
      <trkpt lat="48.85789531199863" lon="2.0944977691463924">
        <ele>166.38</ele>
      </trkpt>
      <trkpt lat="48.85787334675054" lon="2.094554251212915">
        <ele>166.58</ele>
      </trkpt>
      <trkpt lat="48.85785138150244" lon="2.094610733279438">
        <ele>166.81</ele>
      </trkpt>
      <trkpt lat="48.85777" lon="2.0948200000000003">
        <ele>168.33128675542866</ele>
      </trkpt>
      <trkpt lat="48.857697658422865" lon="2.0949997578583544">
        <ele>169.65</ele>
      </trkpt>
      <trkpt lat="48.85765260901425" lon="2.095111698813062">
        <ele>170.41</ele>
      </trkpt>
      <trkpt lat="48.85763149210398" lon="2.0951641711355813">
        <ele>170.74</ele>
      </trkpt>
      <trkpt lat="48.85763149210398" lon="2.0951641711355813">
        <ele>170.76000000000002</ele>
      </trkpt>
      <trkpt lat="48.85758738122472" lon="2.0952737799870658">
        <ele>171.38</ele>
      </trkpt>
      <trkpt lat="48.85756485652042" lon="2.09532975046442">
        <ele>171.64000000000001</ele>
      </trkpt>
      <trkpt lat="48.85752027637649" lon="2.095440525367516">
        <ele>172.09</ele>
      </trkpt>
      <trkpt lat="48.85749822093686" lon="2.0954953297932586">
        <ele>172.29000000000002</ele>
      </trkpt>
      <trkpt lat="48.85745364079293" lon="2.0956061046963548">
        <ele>172.65000000000003</ele>
      </trkpt>
      <trkpt lat="48.857440000000004" lon="2.0956400000000004">
        <ele>172.69061032339033</ele>
      </trkpt>
      <trkpt lat="48.85734617277771" lon="2.095672038563708">
        <ele>172.84000000000003</ele>
      </trkpt>
      <trkpt lat="48.85722683941654" lon="2.095712786540695">
        <ele>173</ele>
      </trkpt>
      <trkpt lat="48.857183844308466" lon="2.095727467797109">
        <ele>172.86</ele>
      </trkpt>
      <trkpt lat="48.8571408492004" lon="2.0957421490535237">
        <ele>172.68000000000004</ele>
      </trkpt>
      <trkpt lat="48.857096976641145" lon="2.095757129927416">
        <ele>172.44</ele>
      </trkpt>
      <trkpt lat="48.85705398153307" lon="2.09577181118383">
        <ele>172.11</ele>
      </trkpt>
      <trkpt lat="48.85703" lon="2.09578">
        <ele>171.88131285395917</ele>
      </trkpt>
      <trkpt lat="48.85701101757959" lon="2.095786699677794">
        <ele>171.70000000000002</ele>
      </trkpt>
      <trkpt lat="48.856967216907464" lon="2.0958021587385427">
        <ele>171.22</ele>
      </trkpt>
      <trkpt lat="48.85692429224879" lon="2.095817308618077">
        <ele>170.69</ele>
      </trkpt>
      <trkpt lat="48.85683756691799" lon="2.09584791755836">
        <ele>169.55</ele>
      </trkpt>
      <trkpt lat="48.85669000000001" lon="2.0959000000000003">
        <ele>167.54908855818795</ele>
      </trkpt>
      <trkpt lat="48.85666657586019" lon="2.0959159710044215">
        <ele>167.21</ele>
      </trkpt>
      <trkpt lat="48.85647" lon="2.09605">
        <ele>164.46898899207116</ele>
      </trkpt>
      <trkpt lat="48.85665" lon="2.0961000000000003">
        <ele>162.14104476779386</ele>
      </trkpt>
      <trkpt lat="48.856650823586946" lon="2.096100417284053">
        <ele>162.13000000000002</ele>
      </trkpt>
      <trkpt lat="48.856650823586946" lon="2.096100417284053">
        <ele>162.19</ele>
      </trkpt>
      <trkpt lat="48.85686496828603" lon="2.096208917264918">
        <ele>159.26000000000002</ele>
      </trkpt>
      <trkpt lat="48.85737004263604" lon="2.0964648216022574">
        <ele>152.50000000000003</ele>
      </trkpt>
      <trkpt lat="48.857400000000005" lon="2.09648">
        <ele>152.10379062748706</ele>
      </trkpt>
      <trkpt lat="48.85739" lon="2.09648">
        <ele>151.97832078241598</ele>
      </trkpt>
      <trkpt lat="48.85760323963717" lon="2.096587298925706">
        <ele>149.16000000000003</ele>
      </trkpt>
      <trkpt lat="48.857897784438926" lon="2.096735509367356">
        <ele>145.04</ele>
      </trkpt>
      <trkpt lat="48.85810866144193" lon="2.0968416194516686">
        <ele>142.35</ele>
      </trkpt>
      <trkpt lat="48.85819318299373" lon="2.09688414940449">
        <ele>141.37000000000003</ele>
      </trkpt>
      <trkpt lat="48.858321245951025" lon="2.096948588726946">
        <ele>140.07</ele>
      </trkpt>
      <trkpt lat="48.85840576750283" lon="2.096991118679768">
        <ele>139.26000000000002</ele>
      </trkpt>
      <trkpt lat="48.85854066048451" lon="2.0970589947660887">
        <ele>138.28</ele>
      </trkpt>
      <trkpt lat="48.858615790752786" lon="2.0970967991685967">
        <ele>137.42000000000002</ele>
      </trkpt>
      <trkpt lat="48.85865335588692" lon="2.0971157013698507">
        <ele>137.03</ele>
      </trkpt>
      <trkpt lat="48.85869092102106" lon="2.0971346035711047">
        <ele>136.67000000000002</ele>
      </trkpt>
      <trkpt lat="48.858765197536286" lon="2.0971719783781295">
        <ele>136.08</ele>
      </trkpt>
      <trkpt lat="48.858935094392955" lon="2.0972574678792553">
        <ele>135.66</ele>
      </trkpt>
      <trkpt lat="48.85896" lon="2.09727">
        <ele>135.60518030345673</ele>
      </trkpt>
      <trkpt lat="48.859067001253905" lon="2.097250545226564">
        <ele>135.38</ele>
      </trkpt>
      <trkpt lat="48.85918" lon="2.09723">
        <ele>135.16542448405445</ele>
      </trkpt>
      <trkpt lat="48.859268380716436" lon="2.0972741903582195">
        <ele>134.99</ele>
      </trkpt>
      <trkpt lat="48.859268380716436" lon="2.0972741903582195">
        <ele>134.98000000000002</ele>
      </trkpt>
      <trkpt lat="48.859535772721856" lon="2.0974078863609247">
        <ele>134.48000000000002</ele>
      </trkpt>
      <trkpt lat="48.85954" lon="2.09741">
        <ele>134.47428084978446</ele>
      </trkpt>
      <trkpt lat="48.85963" lon="2.09727">
        <ele>134.30878005507282</ele>
      </trkpt>
      <trkpt lat="48.85967218902748" lon="2.0972431524370645">
        <ele>134.25</ele>
      </trkpt>
      <trkpt lat="48.85974" lon="2.0972">
        <ele>134.17618438140929</ele>
      </trkpt>
      <trkpt lat="48.859880000000004" lon="2.09717">
        <ele>134.03422021535695</ele>
      </trkpt>
      <trkpt lat="48.85993399879351" lon="2.09717">
        <ele>133.98000000000002</ele>
      </trkpt>
      <trkpt lat="48.86000000000001" lon="2.09717">
        <ele>133.90464426712072</ele>
      </trkpt>
      <trkpt lat="48.86000000000001" lon="2.09715">
        <ele>133.88962130966414</ele>
      </trkpt>
      <trkpt lat="48.86003" lon="2.09707">
        <ele>133.82045322481247</ele>
      </trkpt>
      <trkpt lat="48.860272199506056" lon="2.0969135794856744">
        <ele>133.52</ele>
      </trkpt>
      <trkpt lat="48.86043277450617" lon="2.096809874798103">
        <ele>133.52</ele>
      </trkpt>
      <trkpt lat="48.860510000000005" lon="2.09676">
        <ele>133.50402386778455</ele>
      </trkpt>
      <trkpt lat="48.86067834341558" lon="2.096851103495486">
        <ele>133.47</ele>
      </trkpt>
      <trkpt lat="48.86100791458015" lon="2.0970294596551367">
        <ele>133.29000000000002</ele>
      </trkpt>
      <trkpt lat="48.86109009556463" lon="2.097073934070268">
        <ele>133.20000000000002</ele>
      </trkpt>
      <trkpt lat="48.86117227654911" lon="2.0971184084853993">
        <ele>133.03</ele>
      </trkpt>
      <trkpt lat="48.86121379065467" lon="2.0971408749425278">
        <ele>132.92000000000002</ele>
      </trkpt>
      <trkpt lat="48.86129597163916" lon="2.097185349357659">
        <ele>132.67000000000002</ele>
      </trkpt>
      <trkpt lat="48.861360000000005" lon="2.09722">
        <ele>132.44327780721838</ele>
      </trkpt>
      <trkpt lat="48.8614268742144" lon="2.097101112507739">
        <ele>132.10000000000002</ele>
      </trkpt>
      <trkpt lat="48.8614268742144" lon="2.097101112507739">
        <ele>132.12</ele>
      </trkpt>
      <trkpt lat="48.861450000000005" lon="2.0970600000000004">
        <ele>132.0040199738646</ele>
      </trkpt>
      <trkpt lat="48.8614642839359" lon="2.097047219636301">
        <ele>131.95000000000002</ele>
      </trkpt>
      <trkpt lat="48.861577437257324" lon="2.0969459771908205">
        <ele>131.47</ele>
      </trkpt>
      <trkpt lat="48.86161541337204" lon="2.096911998561858">
        <ele>130.99</ele>
      </trkpt>
      <trkpt lat="48.86164" lon="2.09689">
        <ele>130.71083099987624</ele>
      </trkpt>
      <trkpt lat="48.86164490892594" lon="2.0968661566454374">
        <ele>130.54999999999998</ele>
      </trkpt>
      <trkpt lat="48.86165807012537" lon="2.0968022308195993">
        <ele>130.17000000000002</ele>
      </trkpt>
      <trkpt lat="48.86167149992072" lon="2.0967370003850707">
        <ele>129.82000000000002</ele>
      </trkpt>
      <trkpt lat="48.86168466112016" lon="2.0966730745592326">
        <ele>129.56</ele>
      </trkpt>
      <trkpt lat="48.8616980909155" lon="2.096607844124704">
        <ele>129.32000000000002</ele>
      </trkpt>
      <trkpt lat="48.86171" lon="2.09655">
        <ele>129.13786963084306</ele>
      </trkpt>
      <trkpt lat="48.86191866643321" lon="2.096686712490727">
        <ele>128.10000000000002</ele>
      </trkpt>
      <trkpt lat="48.862" lon="2.09674">
        <ele>127.71083744745502</ele>
      </trkpt>
      <trkpt lat="48.861990000000006" lon="2.09674">
        <ele>127.66689755389652</ele>
      </trkpt>
      <trkpt lat="48.86216" lon="2.0968500000000003">
        <ele>126.85505685493769</ele>
      </trkpt>
      <trkpt lat="48.862105196163725" lon="2.0970829163042026">
        <ele>126.14</ele>
      </trkpt>
      <trkpt lat="48.862080000000006" lon="2.0971900000000003">
        <ele>125.8031840204047</ele>
      </trkpt>
      <trkpt lat="48.86221934742709" lon="2.0972626455781014">
        <ele>125.14</ele>
      </trkpt>
      <trkpt lat="48.862346099250665" lon="2.0973287247278303">
        <ele>124.61000000000001</ele>
      </trkpt>
      <trkpt lat="48.86243031690525" lon="2.0973726296662414">
        <ele>124.29</ele>
      </trkpt>
      <trkpt lat="48.862598752214424" lon="2.097460439543063">
        <ele>123.7</ele>
      </trkpt>
      <trkpt lat="48.862725504037996" lon="2.097526518692792">
        <ele>123.19000000000001</ele>
      </trkpt>
      <trkpt lat="48.86306237465635" lon="2.0977021384464356">
        <ele>121.65</ele>
      </trkpt>
      <trkpt lat="48.863273344134505" lon="2.097812122534575">
        <ele>120.74000000000001</ele>
      </trkpt>
      <trkpt lat="48.86341200552539" lon="2.097884410463474">
        <ele>120.16</ele>
      </trkpt>
      <trkpt lat="48.86341200552539" lon="2.097884410463474">
        <ele>120.15</ele>
      </trkpt>
      <trkpt lat="48.8638177814975" lon="2.098095952439453">
        <ele>118.35000000000001</ele>
      </trkpt>
      <trkpt lat="48.86398706749005" lon="2.098184205800501">
        <ele>117.54</ele>
      </trkpt>
      <trkpt lat="48.86419" lon="2.09829">
        <ele>116.62434455747145</ele>
      </trkpt>
      <trkpt lat="48.864180000000005" lon="2.09829">
        <ele>116.5816637126049</ele>
      </trkpt>
      <trkpt lat="48.864220241209196" lon="2.0983110787286234">
        <ele>116.4</ele>
      </trkpt>
      <trkpt lat="48.864303566591396" lon="2.098354725357396">
        <ele>115.96000000000001</ele>
      </trkpt>
      <trkpt lat="48.8643877422326" lon="2.098398817359932">
        <ele>115.56</ele>
      </trkpt>
      <trkpt lat="48.86444555984474" lon="2.0984291027758153">
        <ele>115.31</ele>
      </trkpt>
      <trkpt lat="48.86444555984474" lon="2.0984291027758153">
        <ele>122.07000000000001</ele>
      </trkpt>
      <trkpt lat="48.864546740665986" lon="2.0984821022536106">
        <ele>122.3</ele>
      </trkpt>
      <trkpt lat="48.86464877174623" lon="2.0985355471051697">
        <ele>121.96000000000001</ele>
      </trkpt>
      <trkpt lat="48.86464877174623" lon="2.0985355471051697">
        <ele>114.17</ele>
      </trkpt>
      <trkpt lat="48.86472869609243" lon="2.0985774122388907">
        <ele>113.94000000000001</ele>
      </trkpt>
      <trkpt lat="48.86485028312972" lon="2.0986411006869976">
        <ele>113.7</ele>
      </trkpt>
      <trkpt lat="48.86502" lon="2.09873">
        <ele>113.50320526872918</ele>
      </trkpt>
      <trkpt lat="48.86496865733659" lon="2.0990294988699163">
        <ele>113.28</ele>
      </trkpt>
      <trkpt lat="48.86496" lon="2.0990800000000003">
        <ele>113.1629694132663</ele>
      </trkpt>
      <trkpt lat="48.86496" lon="2.09907">
        <ele>113.1405444723732</ele>
      </trkpt>
      <trkpt lat="48.86504038787474" lon="2.0990967959582467">
        <ele>112.86000000000001</ele>
      </trkpt>
      <trkpt lat="48.865170000000006" lon="2.0991400000000002">
        <ele>112.28799111697772</ele>
      </trkpt>
      <trkpt lat="48.865170000000006" lon="2.0991500000000003">
        <ele>112.25963312619844</ele>
      </trkpt>
      <trkpt lat="48.865178688486644" lon="2.099315081246287">
        <ele>111.79</ele>
      </trkpt>
      <trkpt lat="48.86518" lon="2.09934">
        <ele>111.73238738580972</ele>
      </trkpt>
      <trkpt lat="48.86522" lon="2.0994300000000004">
        <ele>111.48206635570656</ele>
      </trkpt>
      <trkpt lat="48.865254069366266" lon="2.0994708832395186">
        <ele>111.33000000000001</ele>
      </trkpt>
      <trkpt lat="48.86527" lon="2.0994900000000003">
        <ele>111.26950788438775</ele>
      </trkpt>
      <trkpt lat="48.86533442669617" lon="2.0995176114412146">
        <ele>111.07000000000001</ele>
      </trkpt>
      <trkpt lat="48.86534" lon="2.09952">
        <ele>111.05423149667018</ele>
      </trkpt>
      <trkpt lat="48.8654" lon="2.09951">
        <ele>110.88986409124698</ele>
      </trkpt>
      <trkpt lat="48.86542013253802" lon="2.099496578307987">
        <ele>110.83000000000001</ele>
      </trkpt>
      <trkpt lat="48.865460000000006" lon="2.09947">
        <ele>110.71973523181791</ele>
      </trkpt>
      <trkpt lat="48.86551" lon="2.0994">
        <ele>110.54756381637583</ele>
      </trkpt>
      <trkpt lat="48.86554" lon="2.09931">
        <ele>110.37945044777534</ele>
      </trkpt>
      <trkpt lat="48.8657557006138" lon="2.0993449784779137">
        <ele>109.83000000000001</ele>
      </trkpt>
      <trkpt lat="48.8657557006138" lon="2.0993449784779137">
        <ele>109.84</ele>
      </trkpt>
      <trkpt lat="48.86584512548619" lon="2.0993594798085704">
        <ele>109.64000000000001</ele>
      </trkpt>
      <trkpt lat="48.86591000000001" lon="2.09937">
        <ele>109.514154226981</ele>
      </trkpt>
      <trkpt lat="48.865918766822126" lon="2.0994021450144555">
        <ele>109.47000000000001</ele>
      </trkpt>
      <trkpt lat="48.86595217590003" lon="2.099524644966725">
        <ele>109.35</ele>
      </trkpt>
      <trkpt lat="48.8659859294014" lon="2.0996484078051">
        <ele>109.27000000000001</ele>
      </trkpt>
      <trkpt lat="48.86608374567069" lon="2.1000070674591678">
        <ele>109.35</ele>
      </trkpt>
      <trkpt lat="48.86618000000001" lon="2.1003600000000002">
        <ele>109.39920159499827</ele>
      </trkpt>
      <trkpt lat="48.86618000000001" lon="2.1003538001727504">
        <ele>109.4</ele>
      </trkpt>
      <trkpt lat="48.86618000000001" lon="2.10035">
        <ele>109.40408205256485</ele>
      </trkpt>
      <trkpt lat="48.86623023715376" lon="2.1005258300381353">
        <ele>109.61000000000001</ele>
      </trkpt>
      <trkpt lat="48.86626463136194" lon="2.100646209766778">
        <ele>109.80000000000001</ele>
      </trkpt>
      <trkpt lat="48.866316222674214" lon="2.1008267793597426">
        <ele>110.13000000000001</ele>
      </trkpt>
      <trkpt lat="48.86632" lon="2.1008400000000003">
        <ele>110.15698544193661</ele>
      </trkpt>
      <trkpt lat="48.86624009907776" lon="2.1012680406548925">
        <ele>110.99000000000001</ele>
      </trkpt>
      <trkpt lat="48.86621653070449" lon="2.101394299797371">
        <ele>111.26</ele>
      </trkpt>
      <trkpt lat="48.86618117814461" lon="2.1015836885110897">
        <ele>111.7</ele>
      </trkpt>
      <trkpt lat="48.86618000000001" lon="2.1015900000000003">
        <ele>111.71165113580305</ele>
      </trkpt>
      <trkpt lat="48.86585874005934" lon="2.1018684252819124">
        <ele>112.71000000000001</ele>
      </trkpt>
      <trkpt lat="48.86575092451592" lon="2.1019618654195407">
        <ele>113.06</ele>
      </trkpt>
      <trkpt lat="48.86567826621493" lon="2.1020248359470726">
        <ele>113.18</ele>
      </trkpt>
      <trkpt lat="48.86553216834087" lon="2.1021514541045834">
        <ele>113.33000000000001</ele>
      </trkpt>
      <trkpt lat="48.865460291311926" lon="2.1022137475296687">
        <ele>113.44000000000001</ele>
      </trkpt>
      <trkpt lat="48.865460291311926" lon="2.1022137475296687">
        <ele>113.46000000000001</ele>
      </trkpt>
      <trkpt lat="48.86543" lon="2.10224">
        <ele>113.53941208930377</ele>
      </trkpt>
      <trkpt lat="48.86539150813154" lon="2.102224763635399">
        <ele>113.63000000000001</ele>
      </trkpt>
      <trkpt lat="48.86522876180847" lon="2.1021603432158513">
        <ele>114.06</ele>
      </trkpt>
      <trkpt lat="48.86515565650827" lon="2.1021314057011886">
        <ele>114.38000000000001</ele>
      </trkpt>
      <trkpt lat="48.86511910385817" lon="2.102116936943857">
        <ele>114.56</ele>
      </trkpt>
      <trkpt lat="48.86500944590787" lon="2.1020735306718628">
        <ele>115.16000000000001</ele>
      </trkpt>
      <trkpt lat="48.86495000000001" lon="2.10205">
        <ele>115.4635777005831</ele>
      </trkpt>
      <trkpt lat="48.86495293222045" lon="2.1020206777956103">
        <ele>115.56</ele>
      </trkpt>
      <trkpt lat="48.86496" lon="2.10195">
        <ele>115.81762160141236</ele>
      </trkpt>
      <trkpt lat="48.864930716281506" lon="2.1018445786134">
        <ele>116.23000000000002</ele>
      </trkpt>
      <trkpt lat="48.86491" lon="2.10177">
        <ele>116.44418875044862</ele>
      </trkpt>
      <trkpt lat="48.864850000000004" lon="2.10171">
        <ele>116.73303861529376</ele>
      </trkpt>
      <trkpt lat="48.86478" lon="2.10168">
        <ele>117.02554948230392</ele>
      </trkpt>
      <trkpt lat="48.864670000000004" lon="2.1017200000000003">
        <ele>117.48044511223655</ele>
      </trkpt>
      <trkpt lat="48.86464996350357" lon="2.1017480510950146">
        <ele>117.59000000000002</ele>
      </trkpt>
      <trkpt lat="48.86464996350357" lon="2.1017480510950146">
        <ele>117.64</ele>
      </trkpt>
      <trkpt lat="48.86462" lon="2.1017900000000003">
        <ele>117.80503571884834</ele>
      </trkpt>
      <trkpt lat="48.864580000000004" lon="2.10188">
        <ele>118.09451826337332</ele>
      </trkpt>
      <trkpt lat="48.86437" lon="2.10177">
        <ele>118.99441901813545</ele>
      </trkpt>
      <trkpt lat="48.86432871431934" lon="2.101941040677014">
        <ele>119.48</ele>
      </trkpt>
      <trkpt lat="48.86430000000001" lon="2.1020600000000003">
        <ele>119.84480520791948</ele>
      </trkpt>
      <trkpt lat="48.864168163806426" lon="2.1019858421411093">
        <ele>120.46000000000001</ele>
      </trkpt>
      <trkpt lat="48.863980000000005" lon="2.10188">
        <ele>121.39367193021084</ele>
      </trkpt>
      <trkpt lat="48.86397" lon="2.10188">
        <ele>121.44020819824624</ele>
      </trkpt>
      <trkpt lat="48.86374737421042" lon="2.1017594476949677">
        <ele>122.54</ele>
      </trkpt>
      <trkpt lat="48.86353727538624" lon="2.1016456787664626">
        <ele>123.52</ele>
      </trkpt>
      <trkpt lat="48.863242459294256" lon="2.1014860352700113">
        <ele>124.99</ele>
      </trkpt>
      <trkpt lat="48.862990001836174" lon="2.1013493290575327">
        <ele>126.15</ele>
      </trkpt>
      <trkpt lat="48.86286377310714" lon="2.101280975951293">
        <ele>126.77000000000002</ele>
      </trkpt>
      <trkpt lat="48.8623580110183" lon="2.101007104780657">
        <ele>129.31</ele>
      </trkpt>
      <trkpt lat="48.86227414092316" lon="2.100961688958391">
        <ele>129.77</ele>
      </trkpt>
      <trkpt lat="48.86223178228926" lon="2.100938751674418">
        <ele>130.03</ele>
      </trkpt>
      <trkpt lat="48.86214791219412" lon="2.100893335852152">
        <ele>130.65</ele>
      </trkpt>
      <trkpt lat="48.86202168346508" lon="2.1008249827459125">
        <ele>131.73000000000002</ele>
      </trkpt>
      <trkpt lat="48.86189884342676" lon="2.100758464622391">
        <ele>132.05</ele>
      </trkpt>
      <trkpt lat="48.86173533909988" lon="2.100669926706256">
        <ele>132.61</ele>
      </trkpt>
      <trkpt lat="48.861611651888865" lon="2.100602949837055">
        <ele>132.97</ele>
      </trkpt>
      <trkpt lat="48.861487117505185" lon="2.100535514222175">
        <ele>133.15</ele>
      </trkpt>
      <trkpt lat="48.86144" lon="2.1005100000000003">
        <ele>133.22865080771837</ele>
      </trkpt>
      <trkpt lat="48.86140785434335" lon="2.1005436068228662">
        <ele>133.29000000000002</ele>
      </trkpt>
      <trkpt lat="48.861371546339434" lon="2.1005815651905975">
        <ele>133.38</ele>
      </trkpt>
      <trkpt lat="48.8613278285388" lon="2.1006272701639874">
        <ele>133.54000000000002</ele>
      </trkpt>
      <trkpt lat="48.8613278285388" lon="2.1006272701639874">
        <ele>133.66</ele>
      </trkpt>
      <trkpt lat="48.86129596641291" lon="2.1006605805683227">
        <ele>133.79000000000002</ele>
      </trkpt>
      <trkpt lat="48.86126039938866" lon="2.1006977642754876">
        <ele>133.9</ele>
      </trkpt>
      <trkpt lat="48.861222609425404" lon="2.1007372719643502">
        <ele>133.99</ele>
      </trkpt>
      <trkpt lat="48.86122" lon="2.10074">
        <ele>133.99281727070652</ele>
      </trkpt>
      <trkpt lat="48.86114456122066" lon="2.1006748483269293">
        <ele>134.07000000000002</ele>
      </trkpt>
      <trkpt lat="48.86114456122066" lon="2.1006748483269293">
        <ele>134.09</ele>
      </trkpt>
      <trkpt lat="48.86105073034834" lon="2.100593812573568">
        <ele>134.20000000000002</ele>
      </trkpt>
      <trkpt lat="48.86105073034834" lon="2.100593812573568">
        <ele>134.48000000000002</ele>
      </trkpt>
      <trkpt lat="48.861000000000004" lon="2.10055">
        <ele>134.74078765044317</ele>
      </trkpt>
      <trkpt lat="48.86097623813755" lon="2.1005143572063196">
        <ele>134.89000000000001</ele>
      </trkpt>
      <trkpt lat="48.86094000000001" lon="2.10046">
        <ele>135.34619166192448</ele>
      </trkpt>
      <trkpt lat="48.86092714372228" lon="2.100399674389119">
        <ele>135.72</ele>
      </trkpt>
      <trkpt lat="48.86092714372228" lon="2.100399674389119">
        <ele>134.85</ele>
      </trkpt>
      <trkpt lat="48.86088806626998" lon="2.100216310959093">
        <ele>135.47</ele>
      </trkpt>
      <trkpt lat="48.860847048802306" lon="2.100023844380057">
        <ele>136.20000000000002</ele>
      </trkpt>
      <trkpt lat="48.86083319154972" lon="2.0999588218871397">
        <ele>136.47</ele>
      </trkpt>
      <trkpt lat="48.86081" lon="2.09985">
        <ele>136.9940577358491</ele>
      </trkpt>
      <trkpt lat="48.86079640520098" lon="2.0998466013002455">
        <ele>137.09</ele>
      </trkpt>
      <trkpt lat="48.86077" lon="2.0998400000000004">
        <ele>137.30640508234265</ele>
      </trkpt>
      <trkpt lat="48.86071144260288" lon="2.0998077934315806">
        <ele>137.81</ele>
      </trkpt>
      <trkpt lat="48.86062772188916" lon="2.099761747039035">
        <ele>138.62</ele>
      </trkpt>
      <trkpt lat="48.86059981498459" lon="2.0997463982415203">
        <ele>138.91</ele>
      </trkpt>
      <trkpt lat="48.86059981498459" lon="2.0997463982415203">
        <ele>138.89000000000001</ele>
      </trkpt>
      <trkpt lat="48.86057" lon="2.09973">
        <ele>139.20108509216988</ele>
      </trkpt>
      <trkpt lat="48.86055" lon="2.09972">
        <ele>139.40765508564297</ele>
      </trkpt>
      <trkpt lat="48.86054195898643" lon="2.099716344993831">
        <ele>139.49</ele>
      </trkpt>
      <trkpt lat="48.86049973955011" lon="2.0996971543409595">
        <ele>139.95000000000002</ele>
      </trkpt>
      <trkpt lat="48.860440000000004" lon="2.09967">
        <ele>140.62368966590427</ele>
      </trkpt>
      <trkpt lat="48.86038711370988" lon="2.0998991739238897">
        <ele>142.35</ele>
      </trkpt>
      <trkpt lat="48.860380000000006" lon="2.09993">
        <ele>142.58656392026896</ele>
      </trkpt>
      <trkpt lat="48.86035872131298" lon="2.100027433987976">
        <ele>143.33</ele>
      </trkpt>
      <trkpt lat="48.86027457239746" lon="2.1004127474432406">
        <ele>146.34000000000003</ele>
      </trkpt>
      <trkpt lat="48.86019" lon="2.1008">
        <ele>149.22433043589012</ele>
      </trkpt>
      <trkpt lat="48.860173450310555" lon="2.1008744736025022">
        <ele>149.78000000000003</ele>
      </trkpt>
      <trkpt lat="48.860173450310555" lon="2.1008744736025022">
        <ele>149.73</ele>
      </trkpt>
      <trkpt lat="48.86001832936307" lon="2.101572517866185">
        <ele>155.02</ele>
      </trkpt>
      <trkpt lat="48.859947244253554" lon="2.1018924008590045">
        <ele>157.51000000000002</ele>
      </trkpt>
      <trkpt lat="48.859890261048356" lon="2.102148825282398">
        <ele>159.46</ele>
      </trkpt>
      <trkpt lat="48.85987" lon="2.10224">
        <ele>160.14498491307808</ele>
      </trkpt>
      <trkpt lat="48.859847185686405" lon="2.102340244711251">
        <ele>160.9</ele>
      </trkpt>
      <trkpt lat="48.859803379159544" lon="2.102532727935317">
        <ele>162.29999999999998</ele>
      </trkpt>
      <trkpt lat="48.85977427280949" lon="2.1026606194734545">
        <ele>163.18</ele>
      </trkpt>
      <trkpt lat="48.85974516645943" lon="2.102788511011592">
        <ele>163.97</ele>
      </trkpt>
      <trkpt lat="48.85971606010938" lon="2.1029164025497296">
        <ele>164.68</ele>
      </trkpt>
      <trkpt lat="48.85967254758606" lon="2.1031075939400767">
        <ele>165.69</ele>
      </trkpt>
      <trkpt lat="48.85962903506274" lon="2.103298785330424">
        <ele>166.65</ele>
      </trkpt>
      <trkpt lat="48.859588168571236" lon="2.103478350217304">
        <ele>167.12</ele>
      </trkpt>
      <trkpt lat="48.85952025375443" lon="2.1037767638062914">
        <ele>167.97</ele>
      </trkpt>
      <trkpt lat="48.85948026927355" lon="2.103952453192016">
        <ele>168.46000000000004</ele>
      </trkpt>
      <trkpt lat="48.859440578796196" lon="2.104126850744022">
        <ele>168.89000000000001</ele>
      </trkpt>
      <trkpt lat="48.85941382447442" lon="2.104244407612411">
        <ele>169.07000000000002</ele>
      </trkpt>
      <trkpt lat="48.8593326794985" lon="2.1046009537187333">
        <ele>169.41</ele>
      </trkpt>
      <trkpt lat="48.85929210701054" lon="2.1047792267718948">
        <ele>169.54000000000002</ele>
      </trkpt>
      <trkpt lat="48.8592238981902" lon="2.1050789321946013">
        <ele>169.96000000000004</ele>
      </trkpt>
      <trkpt lat="48.859210000000004" lon="2.10514">
        <ele>170.01823385381965</ele>
      </trkpt>
      <trkpt lat="48.85918435501767" lon="2.1052577337825347">
        <ele>170.13</ele>
      </trkpt>
      <trkpt lat="48.85915213195513" lon="2.105405666933323">
        <ele>170.13</ele>
      </trkpt>
      <trkpt lat="48.859118495600356" lon="2.1055600883801984">
        <ele>170.16</ele>
      </trkpt>
      <trkpt lat="48.85909644824177" lon="2.105661305799159">
        <ele>170.12</ele>
      </trkpt>
      <trkpt lat="48.85906168125323" lon="2.105820917882904">
        <ele>169.97</ele>
      </trkpt>
      <trkpt lat="48.858992995251484" lon="2.106136249072742">
        <ele>169.33</ele>
      </trkpt>
      <trkpt lat="48.858990000000006" lon="2.10615">
        <ele>169.30337235260268</ele>
      </trkpt>
      <trkpt lat="48.858900000000006" lon="2.1061300000000003">
        <ele>169.04922751528727</ele>
      </trkpt>
      <trkpt lat="48.85884" lon="2.10615">
        <ele>168.8775957650414</ele>
      </trkpt>
      <trkpt lat="48.85882875934341" lon="2.106161240656589">
        <ele>168.84</ele>
      </trkpt>
      <trkpt lat="48.85877000000001" lon="2.10622">
        <ele>168.61423895355142</ele>
      </trkpt>
      <trkpt lat="48.85875825179191" lon="2.1062384614698653">
        <ele>168.56</ele>
      </trkpt>
      <trkpt lat="48.85872761504099" lon="2.1062866049355953">
        <ele>168.4</ele>
      </trkpt>
      <trkpt lat="48.858700000000006" lon="2.1063300000000003">
        <ele>168.21786755258216</ele>
      </trkpt>
      <trkpt lat="48.85869550658484" lon="2.1064018946427496">
        <ele>168</ele>
      </trkpt>
      <trkpt lat="48.8586910840059" lon="2.1064726559057503">
        <ele>167.75</ele>
      </trkpt>
      <trkpt lat="48.8586910840059" lon="2.1064726559057503">
        <ele>167.78</ele>
      </trkpt>
      <trkpt lat="48.85869" lon="2.10649">
        <ele>167.71971688059332</ele>
      </trkpt>
      <trkpt lat="48.85871" lon="2.10665">
        <ele>167.15619148293382</ele>
      </trkpt>
      <trkpt lat="48.858719977886935" lon="2.1066659646190877">
        <ele>167.08</ele>
      </trkpt>
      <trkpt lat="48.858760000000004" lon="2.10673">
        <ele>166.80688619005662</ele>
      </trkpt>
      <trkpt lat="48.858785772871414" lon="2.1067506182971307">
        <ele>166.67000000000002</ele>
      </trkpt>
      <trkpt lat="48.85886000000001" lon="2.1068100000000003">
        <ele>166.50131811914216</ele>
      </trkpt>
      <trkpt lat="48.85885985701775" lon="2.1068109722793764">
        <ele>166.5</ele>
      </trkpt>
      <trkpt lat="48.85881375537254" lon="2.1071244634667754">
        <ele>166.13</ele>
      </trkpt>
      <trkpt lat="48.858810000000005" lon="2.1071500000000003">
        <ele>166.086245129148</ele>
      </trkpt>
      <trkpt lat="48.858830000000005" lon="2.10731">
        <ele>165.81391348547245</ele>
      </trkpt>
      <trkpt lat="48.858830875237174" lon="2.107311925521779">
        <ele>165.81</ele>
      </trkpt>
      <trkpt lat="48.858880000000006" lon="2.1074200000000003">
        <ele>165.28582650014357</ele>
      </trkpt>
      <trkpt lat="48.85888206994002" lon="2.107422414930029">
        <ele>165.27</ele>
      </trkpt>
      <trkpt lat="48.858917739803395" lon="2.1074640297706204">
        <ele>164.98000000000002</ele>
      </trkpt>
      <trkpt lat="48.858988366132856" lon="2.1075464271549906">
        <ele>164.3</ele>
      </trkpt>
      <trkpt lat="48.859" lon="2.1075600000000003">
        <ele>164.17316234929984</ele>
      </trkpt>
      <trkpt lat="48.859044997391436" lon="2.10764999478287">
        <ele>163.53</ele>
      </trkpt>
      <trkpt lat="48.85905" lon="2.10766">
        <ele>163.45330927668797</ele>
      </trkpt>
      <trkpt lat="48.85905" lon="2.10765">
        <ele>163.39228221870962</ele>
      </trkpt>
      <trkpt lat="48.85907" lon="2.1076900000000003">
        <ele>163.08567942009745</ele>
      </trkpt>
      <trkpt lat="48.85905" lon="2.10798">
        <ele>161.30619830529852</ele>
      </trkpt>
      <trkpt lat="48.85898501707332" lon="2.1081099658533606">
        <ele>160.31</ele>
      </trkpt>
      <trkpt lat="48.85898501707332" lon="2.1081099658533606">
        <ele>160.24</ele>
      </trkpt>
      <trkpt lat="48.858920000000005" lon="2.1082400000000003">
        <ele>159.2888931577544</ele>
      </trkpt>
      <trkpt lat="48.85888502517561" lon="2.1083379295082905">
        <ele>158.64</ele>
      </trkpt>
      <trkpt lat="48.85884212033697" lon="2.1084580630564926">
        <ele>157.88000000000002</ele>
      </trkpt>
      <trkpt lat="48.85882" lon="2.1085200000000004">
        <ele>157.52066513147977</ele>
      </trkpt>
      <trkpt lat="48.85881332777141" lon="2.108584053394494">
        <ele>157.19000000000003</ele>
      </trkpt>
      <trkpt lat="48.85879940481041" lon="2.1087177138200817">
        <ele>156.60999999999999</ele>
      </trkpt>
      <trkpt lat="48.85878534121345" lon="2.1088527243509785">
        <ele>156.13000000000002</ele>
      </trkpt>
      <trkpt lat="48.858778450050934" lon="2.108918879511118">
        <ele>155.93</ele>
      </trkpt>
      <trkpt lat="48.858771418252445" lon="2.1089863847765664">
        <ele>155.76000000000002</ele>
      </trkpt>
      <trkpt lat="48.85877000000001" lon="2.109">
        <ele>155.737813959137</ele>
      </trkpt>
      <trkpt lat="48.858756932589635" lon="2.1090508177069913">
        <ele>155.65</ele>
      </trkpt>
      <trkpt lat="48.85874089109861" lon="2.1091132012832188">
        <ele>155.57000000000002</ele>
      </trkpt>
      <trkpt lat="48.85868000000001" lon="2.10935">
        <ele>155.43500242064363</ele>
      </trkpt>
      <trkpt lat="48.85863518040242" lon="2.1094004220472753">
        <ele>155.39</ele>
      </trkpt>
      <trkpt lat="48.8586" lon="2.10944">
        <ele>155.11745643799492</ele>
      </trkpt>
      <trkpt lat="48.8586" lon="2.1094500000000003">
        <ele>155.07648834033273</ele>
      </trkpt>
      <trkpt lat="48.858538049987686" lon="2.1095374588409093">
        <ele>154.55</ele>
      </trkpt>
      <trkpt lat="48.85847281570956" lon="2.1096295542923857">
        <ele>154.49</ele>
      </trkpt>
      <trkpt lat="48.858439869104444" lon="2.109676067146667">
        <ele>154.48</ele>
      </trkpt>
      <trkpt lat="48.8583416882212" lon="2.1098146754524243">
        <ele>154.54000000000002</ele>
      </trkpt>
      <trkpt lat="48.85830940054819" lon="2.1098602580496197">
        <ele>154.50000000000003</ele>
      </trkpt>
      <trkpt lat="48.85827645394308" lon="2.1099067709039008">
        <ele>154.36</ele>
      </trkpt>
      <trkpt lat="48.85826" lon="2.1099300000000003">
        <ele>154.21517040454597</ele>
      </trkpt>
      <trkpt lat="48.85825066118816" lon="2.1099611293728175">
        <ele>154.07000000000002</ele>
      </trkpt>
      <trkpt lat="48.8582323786027" lon="2.1100220713243285">
        <ele>153.61</ele>
      </trkpt>
      <trkpt lat="48.858213722903265" lon="2.1100842569891354">
        <ele>153.00000000000003</ele>
      </trkpt>
      <trkpt lat="48.85819506720382" lon="2.1101464426539422">
        <ele>152.26</ele>
      </trkpt>
      <trkpt lat="48.858140000000006" lon="2.1103300000000003">
        <ele>149.844921161425</ele>
      </trkpt>
      <trkpt lat="48.858140000000006" lon="2.11039890819316">
        <ele>149.02</ele>
      </trkpt>
      <trkpt lat="48.85814000000001" lon="2.1104672534283213">
        <ele>148.27</ele>
      </trkpt>
      <trkpt lat="48.858140000000006" lon="2.1106025769939403">
        <ele>146.86</ele>
      </trkpt>
      <trkpt lat="48.858140000000006" lon="2.1106709222291014">
        <ele>146.19</ele>
      </trkpt>
      <trkpt lat="48.858140000000006" lon="2.1107500000000003">
        <ele>145.48292357654108</ele>
      </trkpt>
      <trkpt lat="48.85811506448931" lon="2.1107915591844786">
        <ele>144.98000000000002</ele>
      </trkpt>
      <trkpt lat="48.85811" lon="2.1108000000000002">
        <ele>144.88806901853317</ele>
      </trkpt>
      <trkpt lat="48.85807808650368" lon="2.1108297859298957">
        <ele>144.43</ele>
      </trkpt>
      <trkpt lat="48.85800221628308" lon="2.110900598135794">
        <ele>143.39000000000001</ele>
      </trkpt>
      <trkpt lat="48.85796543072158" lon="2.1109349313265318">
        <ele>143.09000000000003</ele>
      </trkpt>
      <trkpt lat="48.85792864516007" lon="2.1109692645172706">
        <ele>142.82</ele>
      </trkpt>
      <trkpt lat="48.85789185959856" lon="2.111003597708009">
        <ele>142.6</ele>
      </trkpt>
      <trkpt lat="48.85785507403706" lon="2.1110379308987475">
        <ele>142.43</ele>
      </trkpt>
      <trkpt lat="48.85781" lon="2.1110800000000003">
        <ele>142.29660447773432</ele>
      </trkpt>
      <trkpt lat="48.85779953441285" lon="2.1111297115389727">
        <ele>142.21</ele>
      </trkpt>
      <trkpt lat="48.85777" lon="2.11127">
        <ele>142.05035681988323</ele>
      </trkpt>
      <trkpt lat="48.85777290236051" lon="2.1113440101928194">
        <ele>141.97</ele>
      </trkpt>
      <trkpt lat="48.85777472165815" lon="2.111390402282861">
        <ele>141.92000000000002</ele>
      </trkpt>
      <trkpt lat="48.857779858498574" lon="2.1115213917135662">
        <ele>141.68</ele>
      </trkpt>
      <trkpt lat="48.85778248042754" lon="2.1115882509021557">
        <ele>141.52</ele>
      </trkpt>
      <trkpt lat="48.85779" lon="2.11178">
        <ele>140.98353784175333</ele>
      </trkpt>
      <trkpt lat="48.85781458613647" lon="2.1119121504835325">
        <ele>140.6</ele>
      </trkpt>
      <trkpt lat="48.85784419612391" lon="2.112071304165953">
        <ele>140.53</ele>
      </trkpt>
      <trkpt lat="48.85786768834534" lon="2.112197574856138">
        <ele>140.21</ele>
      </trkpt>
      <trkpt lat="48.857870000000005" lon="2.11221">
        <ele>140.16867164094384</ele>
      </trkpt>
      <trkpt lat="48.85787084972384" lon="2.1122626828777795">
        <ele>140</ele>
      </trkpt>
      <trkpt lat="48.8578719076492" lon="2.1123282742497">
        <ele>139.74</ele>
      </trkpt>
      <trkpt lat="48.85787510346536" lon="2.1125264148523772">
        <ele>138.86</ele>
      </trkpt>
      <trkpt lat="48.85787616139072" lon="2.112592006224298">
        <ele>138.59</ele>
      </trkpt>
      <trkpt lat="48.857877219316066" lon="2.112657597596219">
        <ele>138.38</ele>
      </trkpt>
      <trkpt lat="48.85787827724142" lon="2.1127231889681397">
        <ele>138.25</ele>
      </trkpt>
      <trkpt lat="48.85787933516677" lon="2.1127887803400602">
        <ele>138.20000000000002</ele>
      </trkpt>
      <trkpt lat="48.85788" lon="2.11283">
        <ele>138.23142155647366</ele>
      </trkpt>
      <trkpt lat="48.8578782988404" lon="2.1128542415243414">
        <ele>138.25</ele>
      </trkpt>
      <trkpt lat="48.8578736251431" lon="2.112920841710905">
        <ele>138.39000000000001</ele>
      </trkpt>
      <trkpt lat="48.85786904682737" lon="2.1129860827099876">
        <ele>138.62</ele>
      </trkpt>
      <trkpt lat="48.85786446851165" lon="2.1130513237090702">
        <ele>138.91</ele>
      </trkpt>
      <trkpt lat="48.857859890195925" lon="2.113116564708153">
        <ele>139.28</ele>
      </trkpt>
      <trkpt lat="48.8578553118802" lon="2.113181805707236">
        <ele>139.70000000000002</ele>
      </trkpt>
      <trkpt lat="48.85784186307775" lon="2.1133734511420412">
        <ele>140.99</ele>
      </trkpt>
      <trkpt lat="48.85784" lon="2.1134000000000004">
        <ele>141.1437695503406</ele>
      </trkpt>
      <trkpt lat="48.85784657969457" lon="2.1134361883200903">
        <ele>141.36</ele>
      </trkpt>
      <trkpt lat="48.85785783845572" lon="2.11349811150646">
        <ele>141.65</ele>
      </trkpt>
      <trkpt lat="48.85786909721688" lon="2.11356003469283">
        <ele>141.85</ele>
      </trkpt>
      <trkpt lat="48.85788035597804" lon="2.1136219578792006">
        <ele>141.98000000000002</ele>
      </trkpt>
      <trkpt lat="48.85789137519109" lon="2.113682563550967">
        <ele>142.05</ele>
      </trkpt>
      <trkpt lat="48.85792000000001" lon="2.11384">
        <ele>142.83289848210148</ele>
      </trkpt>
      <trkpt lat="48.857920000000014" lon="2.113874862708204">
        <ele>143</ele>
      </trkpt>
      <trkpt lat="48.85792000000001" lon="2.1139404738455942">
        <ele>143.34000000000003</ele>
      </trkpt>
      <trkpt lat="48.85792000000001" lon="2.1140700000000003">
        <ele>144.0922117853071</ele>
      </trkpt>
      <trkpt lat="48.85791959973435" lon="2.114073001992414">
        <ele>144.11</ele>
      </trkpt>
      <trkpt lat="48.85790995414618" lon="2.114145343903699">
        <ele>144.61</ele>
      </trkpt>
      <trkpt lat="48.85790995414618" lon="2.114145343903699">
        <ele>144.63</ele>
      </trkpt>
      <trkpt lat="48.85790298788805" lon="2.114197590839627">
        <ele>145.00000000000003</ele>
      </trkpt>
      <trkpt lat="48.857894414031904" lon="2.114261894760769">
        <ele>145.49</ele>
      </trkpt>
      <trkpt lat="48.8578772663196" lon="2.1143905026030527">
        <ele>146.57</ele>
      </trkpt>
      <trkpt lat="48.85786" lon="2.11452">
        <ele>147.78323199682706</ele>
      </trkpt>
      <trkpt lat="48.85785945699521" lon="2.114521629014385">
        <ele>147.8</ele>
      </trkpt>
      <trkpt lat="48.857800000000005" lon="2.1147">
        <ele>149.7858460935873</ele>
      </trkpt>
      <trkpt lat="48.857774127359065" lon="2.11475030791295">
        <ele>150.42000000000002</ele>
      </trkpt>
      <trkpt lat="48.85772040416739" lon="2.1148547696745386">
        <ele>151.69000000000003</ele>
      </trkpt>
      <trkpt lat="48.85766668097571" lon="2.1149592314361265">
        <ele>152.88000000000002</ele>
      </trkpt>
      <trkpt lat="48.857620000000004" lon="2.11505">
        <ele>153.86912875449298</ele>
      </trkpt>
      <trkpt lat="48.857522922336784" lon="2.114892826640494">
        <ele>155.72000000000003</ele>
      </trkpt>
      <trkpt lat="48.85741" lon="2.11471">
        <ele>157.7501309149548</ele>
      </trkpt>
      <trkpt lat="48.85741" lon="2.1147">
        <ele>157.83108865255656</ele>
      </trkpt>
      <trkpt lat="48.857406196773056" lon="2.1146937518414446">
        <ele>157.9</ele>
      </trkpt>
      <trkpt lat="48.857315808209975" lon="2.114545256344941">
        <ele>159.39000000000001</ele>
      </trkpt>
      <trkpt lat="48.85719488297016" lon="2.1143465934509704">
        <ele>161.17000000000002</ele>
      </trkpt>
      <trkpt lat="48.857130000000005" lon="2.11424">
        <ele>162.157069934948</ele>
      </trkpt>
      <trkpt lat="48.85704055646127" lon="2.113869448196702">
        <ele>164.84</ele>
      </trkpt>
      <trkpt lat="48.85700989140372" lon="2.113742407243952">
        <ele>165.70000000000002</ele>
      </trkpt>
      <trkpt lat="48.85699" lon="2.1136600000000003">
        <ele>166.21244674502793</ele>
      </trkpt>
      <trkpt lat="48.85697292718585" lon="2.1136201634336285">
        <ele>166.49000000000004</ele>
      </trkpt>
      <trkpt lat="48.856930000000006" lon="2.1135200000000003">
        <ele>166.68434314205604</ele>
      </trkpt>
      <trkpt lat="48.85692806200222" lon="2.1135044960177263">
        <ele>166.71</ele>
      </trkpt>
      <trkpt lat="48.85687770515316" lon="2.1131016412252466">
        <ele>167.22</ele>
      </trkpt>
      <trkpt lat="48.856802169879565" lon="2.112497359036527">
        <ele>168.14000000000001</ele>
      </trkpt>
      <trkpt lat="48.856776991455035" lon="2.112295931640287">
        <ele>168.41</ele>
      </trkpt>
      <trkpt lat="48.85676" lon="2.1121600000000003">
        <ele>168.52742248498214</ele>
      </trkpt>
      <trkpt lat="48.85664268155868" lon="2.112062234632229">
        <ele>168.70000000000002</ele>
      </trkpt>
      <trkpt lat="48.856565401732226" lon="2.111997834776854">
        <ele>168.82000000000002</ele>
      </trkpt>
      <trkpt lat="48.85648654476646" lon="2.111932120638716">
        <ele>168.88</ele>
      </trkpt>
      <trkpt lat="48.8564" lon="2.11186">
        <ele>168.91511969424386</ele>
      </trkpt>
      <trkpt lat="48.856277487246324" lon="2.111814413859098">
        <ele>168.96000000000004</ele>
      </trkpt>
      <trkpt lat="48.85619013471939" lon="2.11178191059326">
        <ele>169.02</ele>
      </trkpt>
      <trkpt lat="48.856146458455925" lon="2.1117656589603415">
        <ele>169.08</ele>
      </trkpt>
      <trkpt lat="48.856059105928985" lon="2.1117331556945036">
        <ele>169.26000000000002</ele>
      </trkpt>
      <trkpt lat="48.855970000000006" lon="2.1117000000000004">
        <ele>169.49971708711394</ele>
      </trkpt>
      <trkpt lat="48.85588802919631" lon="2.111749182482218">
        <ele>169.73000000000002</ele>
      </trkpt>
      <trkpt lat="48.85581274430103" lon="2.1117943534193864">
        <ele>169.73000000000002</ele>
      </trkpt>
      <trkpt lat="48.855720000000005" lon="2.11185">
        <ele>169.8035062999491</ele>
      </trkpt>
      <trkpt lat="48.85566191459352" lon="2.1118873406184564">
        <ele>169.85</ele>
      </trkpt>
      <trkpt lat="48.85554512753845" lon="2.1119624180109993">
        <ele>169.86</ele>
      </trkpt>
      <trkpt lat="48.85544" lon="2.1120300000000003">
        <ele>169.81499178466947</ele>
      </trkpt>
      <trkpt lat="48.85542976146983" lon="2.1120413162701923">
        <ele>169.81</ele>
      </trkpt>
      <trkpt lat="48.855250000000005" lon="2.1122400000000003">
        <ele>169.6711506199974</ele>
      </trkpt>
      <trkpt lat="48.85523219766702" lon="2.1122380219630026">
        <ele>169.66</ele>
      </trkpt>
      <trkpt lat="48.8551523710162" lon="2.112229152335133">
        <ele>169.63</ele>
      </trkpt>
      <trkpt lat="48.85501962557438" lon="2.1122144028415977">
        <ele>170.06</ele>
      </trkpt>
      <trkpt lat="48.854980000000005" lon="2.11221">
        <ele>170.15917775507668</ele>
      </trkpt>
      <trkpt lat="48.85497699443884" lon="2.112214748786634">
        <ele>170.17000000000002</ele>
      </trkpt>
      <trkpt lat="48.854946445164636" lon="2.112263016639874">
        <ele>170.25</ele>
      </trkpt>
      <trkpt lat="48.854915895890436" lon="2.112311284493114">
        <ele>170.29000000000002</ele>
      </trkpt>
      <trkpt lat="48.85488534661623" lon="2.112359552346354">
        <ele>170.29000000000002</ele>
      </trkpt>
      <trkpt lat="48.85482362461326" lon="2.112457073111064">
        <ele>170.22</ele>
      </trkpt>
      <trkpt lat="48.854731976790646" lon="2.1126018766707846">
        <ele>170.07000000000002</ele>
      </trkpt>
      <trkpt lat="48.854670878242246" lon="2.112698412377265">
        <ele>169.93000000000004</ele>
      </trkpt>
      <trkpt lat="48.85458172423794" lon="2.112839275704068">
        <ele>169.68000000000004</ele>
      </trkpt>
      <trkpt lat="48.85458172423794" lon="2.112839275704068">
        <ele>169.69</ele>
      </trkpt>
      <trkpt lat="48.85448446532414" lon="2.1129929447878535">
        <ele>169.48000000000002</ele>
      </trkpt>
      <trkpt lat="48.85448" lon="2.113">
        <ele>169.4744681974827</ele>
      </trkpt>
      <trkpt lat="48.854420000000005" lon="2.11313">
        <ele>169.3847366066006</ele>
      </trkpt>
      <trkpt lat="48.85441555271729" lon="2.113297514315542">
        <ele>169.29000000000002</ele>
      </trkpt>
      <trkpt lat="48.85441022289483" lon="2.113498270961457">
        <ele>169.16</ele>
      </trkpt>
      <trkpt lat="48.85440677845175" lon="2.1136280116509942">
        <ele>169.22</ele>
      </trkpt>
      <trkpt lat="48.85440507435885" lon="2.1136921991500284">
        <ele>169.27</ele>
      </trkpt>
      <trkpt lat="48.85439988956558" lon="2.1138874930300684">
        <ele>169.5</ele>
      </trkpt>
      <trkpt lat="48.85439644512249" lon="2.114017233719605">
        <ele>169.61</ele>
      </trkpt>
      <trkpt lat="48.85439300067941" lon="2.1141469744091426">
        <ele>169.64000000000001</ele>
      </trkpt>
      <trkpt lat="48.85439" lon="2.1142600000000003">
        <ele>169.60515338672516</ele>
      </trkpt>
      <trkpt lat="48.854389554267485" lon="2.1142767149693293">
        <ele>169.6</ele>
      </trkpt>
      <trkpt lat="48.85438609454254" lon="2.1144064546548655">
        <ele>169.52</ele>
      </trkpt>
      <trkpt lat="48.85438263481759" lon="2.1145361943404013">
        <ele>169.37</ele>
      </trkpt>
      <trkpt lat="48.8543792115108" lon="2.114664568345037">
        <ele>169.14000000000001</ele>
      </trkpt>
      <trkpt lat="48.85437327535115" lon="2.1148871743317987">
        <ele>168.8</ele>
      </trkpt>
      <trkpt lat="48.85437" lon="2.1150100000000003">
        <ele>168.57268591662856</ele>
      </trkpt>
      <trkpt lat="48.854367843199064" lon="2.1152601889085494">
        <ele>168.11</ele>
      </trkpt>
      <trkpt lat="48.8543662408795" lon="2.1154460579777434">
        <ele>167.82000000000002</ele>
      </trkpt>
      <trkpt lat="48.85436343682027" lon="2.115771328848833">
        <ele>167.51000000000002</ele>
      </trkpt>
      <trkpt lat="48.854360291089954" lon="2.11613623356556">
        <ele>167.24000000000004</ele>
      </trkpt>
      <trkpt lat="48.854360291089954" lon="2.11613623356556">
        <ele>167.25</ele>
      </trkpt>
      <trkpt lat="48.85436000000001" lon="2.1161700000000003">
        <ele>167.2203275842729</ele>
      </trkpt>
      <trkpt lat="48.85427000000001" lon="2.11634">
        <ele>167.02860287090868</ele>
      </trkpt>
      <trkpt lat="48.85438465844706" lon="2.1165911565983224">
        <ele>166.76000000000002</ele>
      </trkpt>
      <trkpt lat="48.85448" lon="2.1168">
        <ele>166.87233294387568</ele>
      </trkpt>
      <trkpt lat="48.85453135384251" lon="2.11693173376991">
        <ele>166.94</ele>
      </trkpt>
      <trkpt lat="48.85459965658967" lon="2.117106945164804">
        <ele>166.99000000000004</ele>
      </trkpt>
      <trkpt lat="48.85464503895188" lon="2.117223360789599">
        <ele>166.99000000000004</ele>
      </trkpt>
      <trkpt lat="48.854710000000004" lon="2.1173900000000003">
        <ele>166.96151553707224</ele>
      </trkpt>
      <trkpt lat="48.854710000000004" lon="2.1173800000000003">
        <ele>166.9600449239581</ele>
      </trkpt>
      <trkpt lat="48.85473316784359" lon="2.1174385292890703">
        <ele>166.95000000000002</ele>
      </trkpt>
      <trkpt lat="48.854802244632765" lon="2.1176130390722316">
        <ele>166.9</ele>
      </trkpt>
      <trkpt lat="48.8549" lon="2.1178600000000003">
        <ele>166.73845383311897</ele>
      </trkpt>
      <trkpt lat="48.854876092476964" lon="2.1178954490858772">
        <ele>166.71</ele>
      </trkpt>
      <trkpt lat="48.85481236438474" lon="2.117989942463998">
        <ele>166.58</ele>
      </trkpt>
      <trkpt lat="48.85474799257442" lon="2.1180853903206853">
        <ele>166.36</ele>
      </trkpt>
      <trkpt lat="48.8546842644822" lon="2.1181798836988057">
        <ele>166.08</ele>
      </trkpt>
      <trkpt lat="48.85465207857704" lon="2.1182276076271496">
        <ele>165.96</ele>
      </trkpt>
      <trkpt lat="48.85461" lon="2.11829">
        <ele>165.8345462266522</ele>
      </trkpt>
      <trkpt lat="48.85459255280465" lon="2.1183275493987064">
        <ele>165.77</ele>
      </trkpt>
      <trkpt lat="48.85446597341477" lon="2.118599970259516">
        <ele>165.63000000000002</ele>
      </trkpt>
      <trkpt lat="48.854289073529756" lon="2.118980689577286">
        <ele>165.48000000000002</ele>
      </trkpt>
      <trkpt lat="48.854167681819796" lon="2.1192419456487177">
        <ele>165.43</ele>
      </trkpt>
      <trkpt lat="48.854150000000004" lon="2.1192800000000003">
        <ele>165.42338169832502</ele>
      </trkpt>
      <trkpt lat="48.85416314988646" lon="2.119372049205221">
        <ele>165.41</ele>
      </trkpt>
      <trkpt lat="48.85418000000001" lon="2.1194900000000003">
        <ele>165.34391929876082</ele>
      </trkpt>
      <trkpt lat="48.85417336795969" lon="2.119569584483875">
        <ele>165.3</ele>
      </trkpt>
      <trkpt lat="48.85417" lon="2.11961">
        <ele>165.26790152086562</ele>
      </trkpt>
      <trkpt lat="48.854040000000005" lon="2.1196900000000003">
        <ele>165.09995143177096</ele>
      </trkpt>
      <trkpt lat="48.854033408012526" lon="2.1196976906520546">
        <ele>165.09</ele>
      </trkpt>
      <trkpt lat="48.85396421101967" lon="2.1197784204770556">
        <ele>165.04000000000002</ele>
      </trkpt>
      <trkpt lat="48.85392" lon="2.1198300000000003">
        <ele>165.0475887494539</ele>
      </trkpt>
      <trkpt lat="48.85381207239658" lon="2.120018873305997">
        <ele>165.07000000000002</ele>
      </trkpt>
      <trkpt lat="48.85380000000001" lon="2.1200400000000004">
        <ele>165.07844228749167</ele>
      </trkpt>
      <trkpt lat="48.85376270563889" lon="2.120127908136922">
        <ele>165.11</ele>
      </trkpt>
      <trkpt lat="48.853714946994714" lon="2.1202404820839105">
        <ele>165.18</ele>
      </trkpt>
      <trkpt lat="48.853660000000005" lon="2.1203700000000003">
        <ele>165.31128469396245</ele>
      </trkpt>
      <trkpt lat="48.85364446702367" lon="2.1204088324408263">
        <ele>165.35000000000002</ele>
      </trkpt>
      <trkpt lat="48.853556173295814" lon="2.1206295667604698">
        <ele>165.46</ele>
      </trkpt>
      <trkpt lat="48.85354" lon="2.12067">
        <ele>165.4891539135894</ele>
      </trkpt>
      <trkpt lat="48.85349777147161" lon="2.12072188076346">
        <ele>165.54000000000002</ele>
      </trkpt>
      <trkpt lat="48.85343133012852" lon="2.120803508699252">
        <ele>165.68</ele>
      </trkpt>
      <trkpt lat="48.853364888785435" lon="2.120885136635044">
        <ele>165.87</ele>
      </trkpt>
      <trkpt lat="48.853199135119" lon="2.121088776853809">
        <ele>166.45000000000002</ele>
      </trkpt>
      <trkpt lat="48.853190000000005" lon="2.1211">
        <ele>166.49474170455878</ele>
      </trkpt>
      <trkpt lat="48.85305680888659" lon="2.12120821777965">
        <ele>167.07000000000002</ele>
      </trkpt>
      <trkpt lat="48.85302111959005" lon="2.1212372153330863">
        <ele>167.18</ele>
      </trkpt>
      <trkpt lat="48.852984637198034" lon="2.1212668572765985">
        <ele>167.27</ele>
      </trkpt>
      <trkpt lat="48.85291246550948" lon="2.1213254967735464">
        <ele>167.39000000000001</ele>
      </trkpt>
      <trkpt lat="48.85279588047413" lon="2.1214202221147707">
        <ele>167.79000000000002</ele>
      </trkpt>
      <trkpt lat="48.852720536403666" lon="2.1214814391720243">
        <ele>168.01000000000002</ele>
      </trkpt>
      <trkpt lat="48.852720536403666" lon="2.1214814391720243">
        <ele>168.02</ele>
      </trkpt>
      <trkpt lat="48.85271" lon="2.12149">
        <ele>168.0446528820286</ele>
      </trkpt>
      <trkpt lat="48.85263595145607" lon="2.121510664709934">
        <ele>168.20000000000002</ele>
      </trkpt>
      <trkpt lat="48.852549267211444" lon="2.1215348556619236">
        <ele>168.33</ele>
      </trkpt>
      <trkpt lat="48.85241835631139" lon="2.1215713889363563">
        <ele>168.46000000000004</ele>
      </trkpt>
      <trkpt lat="48.85228000000001" lon="2.12161">
        <ele>168.5744517084089</ele>
      </trkpt>
      <trkpt lat="48.85219943630565" lon="2.12161">
        <ele>168.64000000000001</ele>
      </trkpt>
      <trkpt lat="48.85211130271382" lon="2.1216099999999996">
        <ele>168.69</ele>
      </trkpt>
      <trkpt lat="48.85193413620782" lon="2.12161">
        <ele>168.76000000000002</ele>
      </trkpt>
      <trkpt lat="48.851870000000005" lon="2.12161">
        <ele>168.8081865871548</ele>
      </trkpt>
      <trkpt lat="48.85180240794594" lon="2.121630797555096">
        <ele>168.86</ele>
      </trkpt>
      <trkpt lat="48.85174000000001" lon="2.1216500000000003">
        <ele>168.63136715541816</ele>
      </trkpt>
      <trkpt lat="48.85171825027325" lon="2.1216596665452263">
        <ele>168.55</ele>
      </trkpt>
      <trkpt lat="48.85167595506061" lon="2.12167846441751">
        <ele>168.37</ele>
      </trkpt>
      <trkpt lat="48.851634523015576" lon="2.1216968786597477">
        <ele>168.17000000000002</ele>
      </trkpt>
      <trkpt lat="48.85159309097054" lon="2.121715292901985">
        <ele>167.94</ele>
      </trkpt>
      <trkpt lat="48.851560000000006" lon="2.1217300000000003">
        <ele>167.73843607157727</ele>
      </trkpt>
      <trkpt lat="48.85151227947213" lon="2.1217641878408666">
        <ele>167.43</ele>
      </trkpt>
      <trkpt lat="48.851355280855074" lon="2.121876664462043">
        <ele>166.31</ele>
      </trkpt>
      <trkpt lat="48.851277188278715" lon="2.121932611382421">
        <ele>165.79000000000002</ele>
      </trkpt>
      <trkpt lat="48.851133205091045" lon="2.122035763516868">
        <ele>165.39000000000001</ele>
      </trkpt>
      <trkpt lat="48.85099898347543" lon="2.1221319222862673">
        <ele>165.12</ele>
      </trkpt>
      <trkpt lat="48.85089000000001" lon="2.1222100000000004">
        <ele>164.64741872620576</ele>
      </trkpt>
      <trkpt lat="48.85094507043499" lon="2.122409100803412">
        <ele>164.09</ele>
      </trkpt>
      <trkpt lat="48.85106390580003" lon="2.122838736353942">
        <ele>162.83</ele>
      </trkpt>
      <trkpt lat="48.851097709408265" lon="2.1229609493991077">
        <ele>162.45000000000002</ele>
      </trkpt>
      <trkpt lat="48.85114858906603" lon="2.123144898931006">
        <ele>161.82000000000002</ele>
      </trkpt>
      <trkpt lat="48.851200862687016" lon="2.1233338881761075">
        <ele>161.01000000000002</ele>
      </trkpt>
      <trkpt lat="48.85128" lon="2.1236200000000003">
        <ele>159.71515547704445</ele>
      </trkpt>
      <trkpt lat="48.851281276712626" lon="2.1237866109982764">
        <ele>159.02</ele>
      </trkpt>
      <trkpt lat="48.85128231346265" lon="2.1239219068751485">
        <ele>158.51000000000002</ele>
      </trkpt>
      <trkpt lat="48.851284397434895" lon="2.124193865253911">
        <ele>157.53</ele>
      </trkpt>
      <trkpt lat="48.8512864604627" lon="2.1244630903826365">
        <ele>156.33</ele>
      </trkpt>
      <trkpt lat="48.851287476268276" lon="2.1245956530094707">
        <ele>155.67</ele>
      </trkpt>
      <trkpt lat="48.85128845018495" lon="2.1247227491362293">
        <ele>154.96</ele>
      </trkpt>
      <trkpt lat="48.85128845018495" lon="2.1247227491362293">
        <ele>155.01000000000002</ele>
      </trkpt>
      <trkpt lat="48.85128907851829" lon="2.1248047466373636">
        <ele>154.53</ele>
      </trkpt>
      <trkpt lat="48.85129010479609" lon="2.124938675889217">
        <ele>153.61</ele>
      </trkpt>
      <trkpt lat="48.85129113107388" lon="2.12507260514107">
        <ele>152.55</ele>
      </trkpt>
      <trkpt lat="48.85129215735167" lon="2.125206534392923">
        <ele>151.41000000000003</ele>
      </trkpt>
      <trkpt lat="48.85129419943503" lon="2.1254730262716106">
        <ele>149.06000000000003</ele>
      </trkpt>
      <trkpt lat="48.8512952152406" lon="2.125605588898445">
        <ele>148.03000000000003</ele>
      </trkpt>
      <trkpt lat="48.85129571790728" lon="2.1256711868993525">
        <ele>147.55</ele>
      </trkpt>
      <trkpt lat="48.85129673371284" lon="2.125803749526187">
        <ele>146.67000000000002</ele>
      </trkpt>
      <trkpt lat="48.851297749518416" lon="2.125936312153021">
        <ele>145.88</ele>
      </trkpt>
      <trkpt lat="48.85129825218509" lon="2.1260019101539287">
        <ele>145.51</ele>
      </trkpt>
      <trkpt lat="48.85129926799066" lon="2.126134472780763">
        <ele>144.81000000000003</ele>
      </trkpt>
      <trkpt lat="48.8513" lon="2.12623">
        <ele>144.35073904243043</ele>
      </trkpt>
      <trkpt lat="48.8513" lon="2.12622">
        <ele>144.30266586166755</ele>
      </trkpt>
      <trkpt lat="48.85127676149949" lon="2.126442425647703">
        <ele>143.22</ele>
      </trkpt>
      <trkpt lat="48.85126308209628" lon="2.126573357078432">
        <ele>142.56000000000003</ele>
      </trkpt>
      <trkpt lat="48.85125617188229" lon="2.1266394976980787">
        <ele>142.21</ele>
      </trkpt>
      <trkpt lat="48.85124263350385" lon="2.126769079320243">
        <ele>141.47</ele>
      </trkpt>
      <trkpt lat="48.85123" lon="2.1268900000000004">
        <ele>140.66748045399083</ele>
      </trkpt>
      <trkpt lat="48.85122831046567" lon="2.126898385096314">
        <ele>140.61</ele>
      </trkpt>
      <trkpt lat="48.85115221270227" lon="2.1272760554776324">
        <ele>137.94</ele>
      </trkpt>
      <trkpt lat="48.85112693455249" lon="2.1274015099987627">
        <ele>137.01000000000002</ele>
      </trkpt>
      <trkpt lat="48.85110139308865" lon="2.1275282713378214">
        <ele>136.01000000000002</ele>
      </trkpt>
      <trkpt lat="48.85107611493887" lon="2.127653725858951">
        <ele>134.88</ele>
      </trkpt>
      <trkpt lat="48.85106347586398" lon="2.1277164531195165">
        <ele>134.27</ele>
      </trkpt>
      <trkpt lat="48.85103793440014" lon="2.127843214458575">
        <ele>132.96</ele>
      </trkpt>
      <trkpt lat="48.850987378100584" lon="2.128094123500835">
        <ele>130.26999999999998</ele>
      </trkpt>
      <trkpt lat="48.8509620999508" lon="2.128219578021965">
        <ele>129</ele>
      </trkpt>
      <trkpt lat="48.85096" lon="2.1282300000000003">
        <ele>128.9029835581331</ele>
      </trkpt>
      <trkpt lat="48.85092712812823" lon="2.128340942567229">
        <ele>127.82000000000001</ele>
      </trkpt>
      <trkpt lat="48.85089131150997" lon="2.1284618236538777">
        <ele>126.7</ele>
      </trkpt>
      <trkpt lat="48.850802323829534" lon="2.128762157075345">
        <ele>124.13</ele>
      </trkpt>
      <trkpt lat="48.85080000000001" lon="2.1287700000000003">
        <ele>124.05751637736458</ele>
      </trkpt>
      <trkpt lat="48.850727194367344" lon="2.1289239319090525">
        <ele>122.46000000000001</ele>
      </trkpt>
      <trkpt lat="48.85067680494694" lon="2.1290304695407505">
        <ele>121.4</ele>
      </trkpt>
      <trkpt lat="48.85062641552655" lon="2.129137007172448">
        <ele>120.41</ele>
      </trkpt>
      <trkpt lat="48.85060122081635" lon="2.129190275988297">
        <ele>119.96000000000001</ele>
      </trkpt>
      <trkpt lat="48.850576026106154" lon="2.129243544804146">
        <ele>119.54</ele>
      </trkpt>
      <trkpt lat="48.85055030650616" lon="2.1292979233869915">
        <ele>119.16000000000001</ele>
      </trkpt>
      <trkpt lat="48.85051356422045" lon="2.1293756070767715">
        <ele>118.65</ele>
      </trkpt>
      <trkpt lat="48.85051356422045" lon="2.1293756070767715">
        <ele>118.66000000000001</ele>
      </trkpt>
      <trkpt lat="48.85045" lon="2.1295100000000002">
        <ele>117.84932973456249</ele>
      </trkpt>
      <trkpt lat="48.85034" lon="2.12962">
        <ele>116.86916255939015</ele>
      </trkpt>
      <trkpt lat="48.850280000000005" lon="2.1296500000000003">
        <ele>116.39899302420545</ele>
      </trkpt>
      <trkpt lat="48.85025729693339" lon="2.1296500000000003">
        <ele>116.23000000000002</ele>
      </trkpt>
      <trkpt lat="48.85018714978887" lon="2.1296500000000003">
        <ele>115.86</ele>
      </trkpt>
      <trkpt lat="48.85018" lon="2.1296500000000003">
        <ele>115.82410833945461</ele>
      </trkpt>
      <trkpt lat="48.850080000000005" lon="2.12962">
        <ele>115.31242421955812</ele>
      </trkpt>
      <trkpt lat="48.8500584118739" lon="2.1297310246485024">
        <ele>114.93</ele>
      </trkpt>
      <trkpt lat="48.85002502647414" lon="2.12990272099014">
        <ele>114.44000000000001</ele>
      </trkpt>
      <trkpt lat="48.85000208993995" lon="2.1300206803088226">
        <ele>114.96000000000001</ele>
      </trkpt>
      <trkpt lat="48.84995570717082" lon="2.13025922026438">
        <ele>116.10000000000001</ele>
      </trkpt>
      <trkpt lat="48.84994398405335" lon="2.130319510582818">
        <ele>116.36</ele>
      </trkpt>
      <trkpt lat="48.849940000000004" lon="2.1303400000000003">
        <ele>116.4373056045107</ele>
      </trkpt>
      <trkpt lat="48.84992194862305" lon="2.130439282573275">
        <ele>116.81</ele>
      </trkpt>
      <trkpt lat="48.849900000000005" lon="2.13056">
        <ele>116.62672269910897</ele>
      </trkpt>
      <trkpt lat="48.84990032621867" lon="2.1305645670613167">
        <ele>116.62000000000002</ele>
      </trkpt>
      <trkpt lat="48.84990488756435" lon="2.130628425900869">
        <ele>116.49000000000001</ele>
      </trkpt>
      <trkpt lat="48.849909545959946" lon="2.1306936434391344">
        <ele>116.32000000000001</ele>
      </trkpt>
      <trkpt lat="48.84991" lon="2.1307">
        <ele>116.30145048200741</ele>
      </trkpt>
      <trkpt lat="48.849970000000006" lon="2.13091">
        <ele>115.63726434493903</ele>
      </trkpt>
      <trkpt lat="48.849970000000006" lon="2.13106">
        <ele>115.20209581738685</ele>
      </trkpt>
      <trkpt lat="48.84996973229294" lon="2.1310641494595632">
        <ele>115.19000000000001</ele>
      </trkpt>
      <trkpt lat="48.84996139583035" lon="2.1311933646297465">
        <ele>114.85000000000001</ele>
      </trkpt>
      <trkpt lat="48.84995314711999" lon="2.1313212196402427">
        <ele>114.54</ele>
      </trkpt>
      <trkpt lat="48.84995000000001" lon="2.13137">
        <ele>114.21452463492798</ele>
      </trkpt>
      <trkpt lat="48.85017576794044" lon="2.131439467058596">
        <ele>111.89</ele>
      </trkpt>
      <trkpt lat="48.850210000000004" lon="2.13145">
        <ele>111.51364472460489</ele>
      </trkpt>
      <trkpt lat="48.850259687334386" lon="2.131474843667191">
        <ele>110.95</ele>
      </trkpt>
      <trkpt lat="48.850301546681585" lon="2.1314957733407893">
        <ele>110.43</ele>
      </trkpt>
      <trkpt lat="48.85031000000001" lon="2.1315000000000004">
        <ele>110.31661586025157</ele>
      </trkpt>
      <trkpt lat="48.85029852848158" lon="2.1315490726065884">
        <ele>109.88000000000001</ele>
      </trkpt>
      <trkpt lat="48.85028227162363" lon="2.131618615832317">
        <ele>109.22000000000001</ele>
      </trkpt>
      <trkpt lat="48.850269025294914" lon="2.1316752806829107">
        <ele>108.65</ele>
      </trkpt>
      <trkpt lat="48.85025487580742" lon="2.131735809046045">
        <ele>107.95</ele>
      </trkpt>
      <trkpt lat="48.85023982316116" lon="2.13180020092172">
        <ele>107.19000000000001</ele>
      </trkpt>
      <trkpt lat="48.85022507156783" lon="2.1318633049598805">
        <ele>106.35000000000001</ele>
      </trkpt>
      <trkpt lat="48.850195869434074" lon="2.1319882251986897">
        <ele>104.50000000000001</ele>
      </trkpt>
      <trkpt lat="48.850151915706995" lon="2.13217624947566">
        <ele>101.58</ele>
      </trkpt>
      <trkpt lat="48.85013716411366" lon="2.132239353513821">
        <ele>100.66000000000001</ele>
      </trkpt>
      <trkpt lat="48.85013000000001" lon="2.13227">
        <ele>100.24234086309502</ele>
      </trkpt>
      <trkpt lat="48.85012622622251" lon="2.13230396399754">
        <ele>99.80000000000001</ele>
      </trkpt>
      <trkpt lat="48.850120000000004" lon="2.1323600000000003">
        <ele>99.15028474975566</ele>
      </trkpt>
      <trkpt lat="48.85011436198196" lon="2.132361879339347">
        <ele>99.05000000000001</ele>
      </trkpt>
      <trkpt lat="48.85007131847263" lon="2.1323762271757922">
        <ele>98.39</ele>
      </trkpt>
      <trkpt lat="48.850060000000006" lon="2.1323800000000004">
        <ele>98.23485700743528</ele>
      </trkpt>
      <trkpt lat="48.85004934277504" lon="2.1324266253592357">
        <ele>97.80000000000001</ele>
      </trkpt>
      <trkpt lat="48.84998" lon="2.13273">
        <ele>97.36783623005657</ele>
      </trkpt>
      <trkpt lat="48.84996906843974" lon="2.1327614282357557">
        <ele>97.32000000000001</ele>
      </trkpt>
      <trkpt lat="48.849919476859796" lon="2.1329040040280995">
        <ele>97.67</ele>
      </trkpt>
      <trkpt lat="48.849900000000005" lon="2.13296">
        <ele>97.92344344943182</ele>
      </trkpt>
      <trkpt lat="48.849890895605824" lon="2.1329797695416564">
        <ele>98.02000000000001</ele>
      </trkpt>
      <trkpt lat="48.84981406333857" lon="2.1331466053219716">
        <ele>100.14</ele>
      </trkpt>
      <trkpt lat="48.849686181444085" lon="2.1334242917214232">
        <ele>103.81000000000002</ele>
      </trkpt>
      <trkpt lat="48.84955" lon="2.1337200000000003">
        <ele>107.53929861431149</ele>
      </trkpt>
      <trkpt lat="48.8495931301143" lon="2.1338124216735">
        <ele>108.71000000000001</ele>
      </trkpt>
      <trkpt lat="48.84969" lon="2.13402">
        <ele>111.25889438286461</ele>
      </trkpt>
      <trkpt lat="48.849720000000005" lon="2.13417">
        <ele>112.82917189446879</ele>
      </trkpt>
      <trkpt lat="48.84972447239886" lon="2.134232613584021">
        <ele>113.46000000000001</ele>
      </trkpt>
      <trkpt lat="48.849740000000004" lon="2.13445">
        <ele>115.62351670035333</ele>
      </trkpt>
      <trkpt lat="48.849726229483196" lon="2.1345670493928544">
        <ele>116.80000000000001</ele>
      </trkpt>
      <trkpt lat="48.84972179776622" lon="2.1346047189872084">
        <ele>116.28</ele>
      </trkpt>
      <trkpt lat="48.849700000000006" lon="2.13479">
        <ele>118.12916601217853</ele>
      </trkpt>
      <trkpt lat="48.849632554836425" lon="2.1350701568333426">
        <ele>121.06000000000002</ele>
      </trkpt>
      <trkpt lat="48.849632554836425" lon="2.1350701568333426">
        <ele>121.10000000000001</ele>
      </trkpt>
      <trkpt lat="48.84957000000001" lon="2.13533">
        <ele>123.79653279284662</ele>
      </trkpt>
      <trkpt lat="48.849554490885474" lon="2.1353724814876385">
        <ele>124.27</ele>
      </trkpt>
      <trkpt lat="48.84951129776324" lon="2.135490793083316">
        <ele>125.55000000000003</ele>
      </trkpt>
      <trkpt lat="48.849446289932814" lon="2.1356688580101437">
        <ele>127.36</ele>
      </trkpt>
      <trkpt lat="48.84940571457556" lon="2.135779999206083">
        <ele>128.04999999999998</ele>
      </trkpt>
      <trkpt lat="48.84938564504402" lon="2.1358349722707413">
        <ele>128.37</ele>
      </trkpt>
      <trkpt lat="48.84934506968677" lon="2.135946113466681">
        <ele>128.96</ele>
      </trkpt>
      <trkpt lat="48.849340000000005" lon="2.1359600000000003">
        <ele>129.02567759475332</ele>
      </trkpt>
      <trkpt lat="48.84932215389014" lon="2.135998369136218">
        <ele>129.22</ele>
      </trkpt>
      <trkpt lat="48.849297237940824" lon="2.136051938427236">
        <ele>129.43</ele>
      </trkpt>
      <trkpt lat="48.84925000145359" lon="2.1361534968747926">
        <ele>129.77</ele>
      </trkpt>
      <trkpt lat="48.84917732993477" lon="2.136309740640264">
        <ele>129.79999999999998</ele>
      </trkpt>
      <trkpt lat="48.849140000000006" lon="2.13639">
        <ele>129.99747221883143</ele>
      </trkpt>
      <trkpt lat="48.84905381993447" lon="2.1365853414818905">
        <ele>130.47</ele>
      </trkpt>
      <trkpt lat="48.84900774632075" lon="2.136689775006308">
        <ele>131.41</ele>
      </trkpt>
      <trkpt lat="48.848961672707034" lon="2.136794208530726">
        <ele>132.41</ele>
      </trkpt>
      <trkpt lat="48.84891559909333" lon="2.1368986420551437">
        <ele>133.46</ele>
      </trkpt>
      <trkpt lat="48.848846488672756" lon="2.1370552923417696">
        <ele>135.08</ele>
      </trkpt>
      <trkpt lat="48.848800915859194" lon="2.1371585907191832">
        <ele>136.1</ele>
      </trkpt>
      <trkpt lat="48.84870376063027" lon="2.1373788092380632">
        <ele>137.98000000000002</ele>
      </trkpt>
      <trkpt lat="48.848690000000005" lon="2.13741">
        <ele>138.2529163132277</ele>
      </trkpt>
      <trkpt lat="48.84860493528181" lon="2.137307922338166">
        <ele>139.45000000000002</ele>
      </trkpt>
      <trkpt lat="48.84860493528181" lon="2.137307922338166">
        <ele>139.46</ele>
      </trkpt>
      <trkpt lat="48.84859" lon="2.13729">
        <ele>139.67012859367412</ele>
      </trkpt>
      <trkpt lat="48.84854000000001" lon="2.1373800000000003">
        <ele>140.525955766407</ele>
      </trkpt>
      <trkpt lat="48.848650000000006" lon="2.1375300000000004">
        <ele>142.15786208967194</ele>
      </trkpt>
      <trkpt lat="48.84864494089491" lon="2.1375479879292594">
        <ele>142.3</ele>
      </trkpt>
      <trkpt lat="48.84859510581082" lon="2.13772517933934">
        <ele>143</ele>
      </trkpt>
      <trkpt lat="48.84851240077766" lon="2.1380192416794728">
        <ele>143.98000000000002</ele>
      </trkpt>
      <trkpt lat="48.84847917738826" lon="2.138137369286193">
        <ele>144.43</ele>
      </trkpt>
      <trkpt lat="48.848470000000006" lon="2.13817">
        <ele>144.57364103066848</ele>
      </trkpt>
      <trkpt lat="48.848438219419045" lon="2.138249451452413">
        <ele>144.95000000000002</ele>
      </trkpt>
      <trkpt lat="48.84835086665369" lon="2.1384678333657816">
        <ele>146.08</ele>
      </trkpt>
      <trkpt lat="48.848310000000005" lon="2.13857">
        <ele>146.48243139827227</ele>
      </trkpt>
      <trkpt lat="48.84830421903333" lon="2.1385846747615607">
        <ele>146.54</ele>
      </trkpt>
      <trkpt lat="48.84825802641112" lon="2.138701932956398">
        <ele>146.9</ele>
      </trkpt>
      <trkpt lat="48.84823493010002" lon="2.138760562053817">
        <ele>147.02</ele>
      </trkpt>
      <trkpt lat="48.84821137186269" lon="2.138820363733184">
        <ele>147.11</ele>
      </trkpt>
      <trkpt lat="48.84818873747781" lon="2.1388778202486542">
        <ele>147.16</ele>
      </trkpt>
      <trkpt lat="48.848180000000006" lon="2.1389">
        <ele>147.16756612409955</ele>
      </trkpt>
      <trkpt lat="48.848156647533706" lon="2.1388766475337">
        <ele>147.18</ele>
      </trkpt>
      <trkpt lat="48.848060000000004" lon="2.13878">
        <ele>147.1885765633536</ele>
      </trkpt>
      <trkpt lat="48.84804264729301" lon="2.1387675060509643">
        <ele>147.19000000000003</ele>
      </trkpt>
      <trkpt lat="48.84800282429867" lon="2.13873883349504">
        <ele>147.22000000000003</ele>
      </trkpt>
      <trkpt lat="48.84792155288165" lon="2.138680318074786">
        <ele>147.35</ele>
      </trkpt>
      <trkpt lat="48.84784028146463" lon="2.1386218026545323">
        <ele>147.57</ele>
      </trkpt>
      <trkpt lat="48.84781" lon="2.1386000000000003">
        <ele>147.66566672925023</ele>
      </trkpt>
      <trkpt lat="48.84774" lon="2.1386000000000003">
        <ele>147.8655169015778</ele>
      </trkpt>
      <trkpt lat="48.84771627932748" lon="2.138626883428858">
        <ele>147.95000000000002</ele>
      </trkpt>
      <trkpt lat="48.84771627932748" lon="2.138626883428858">
        <ele>147.96</ele>
      </trkpt>
      <trkpt lat="48.847590000000004" lon="2.13877">
        <ele>148.3905460659593</ele>
      </trkpt>
      <trkpt lat="48.84748188650558" lon="2.1387429716263933">
        <ele>148.69000000000003</ele>
      </trkpt>
      <trkpt lat="48.84747" lon="2.1387400000000003">
        <ele>148.73018455472237</ele>
      </trkpt>
      <trkpt lat="48.84743709890101" lon="2.138741687235846">
        <ele>148.84</ele>
      </trkpt>
      <trkpt lat="48.847347217831256" lon="2.1387462965214747">
        <ele>149.2</ele>
      </trkpt>
      <trkpt lat="48.84730227729638" lon="2.138748601164289">
        <ele>149.42000000000002</ele>
      </trkpt>
      <trkpt lat="48.847257336761494" lon="2.1387509058071035">
        <ele>149.67000000000002</ele>
      </trkpt>
      <trkpt lat="48.84716835450243" lon="2.1387554689998756">
        <ele>150.21</ele>
      </trkpt>
      <trkpt lat="48.84709105678244" lon="2.138759432985516">
        <ele>150.36</ele>
      </trkpt>
      <trkpt lat="48.847080000000005" lon="2.13876">
        <ele>150.37144332064298</ele>
      </trkpt>
      <trkpt lat="48.84697748784994" lon="2.1387941707166878">
        <ele>150.48</ele>
      </trkpt>
      <trkpt lat="48.84689052264545" lon="2.1388231591181865">
        <ele>150.59</ele>
      </trkpt>
      <trkpt lat="48.846847479261406" lon="2.138837506912868">
        <ele>150.62</ele>
      </trkpt>
      <trkpt lat="48.84680355744095" lon="2.138852147519685">
        <ele>150.61</ele>
      </trkpt>
      <trkpt lat="48.84675000000001" lon="2.1388700000000003">
        <ele>150.5360981107249</ele>
      </trkpt>
      <trkpt lat="48.84671792493463" lon="2.138888042224272">
        <ele>150.49</ele>
      </trkpt>
      <trkpt lat="48.846676598631696" lon="2.138911288269676">
        <ele>150.38000000000002</ele>
      </trkpt>
      <trkpt lat="48.84663442893481" lon="2.1389350087241694">
        <ele>150.22000000000003</ele>
      </trkpt>
      <trkpt lat="48.84659310263187" lon="2.138958254769573">
        <ele>150.02</ele>
      </trkpt>
      <trkpt lat="48.846590000000006" lon="2.13896">
        <ele>150.00234202036157</ele>
      </trkpt>
      <trkpt lat="48.84654964891611" lon="2.138975730083551">
        <ele>149.78000000000003</ele>
      </trkpt>
      <trkpt lat="48.84637716838334" lon="2.139042968257345">
        <ele>148.66000000000003</ele>
      </trkpt>
      <trkpt lat="48.84633448380704" lon="2.139059608007425">
        <ele>148.41000000000003</ele>
      </trkpt>
      <trkpt lat="48.84624824354066" lon="2.139093227094322">
        <ele>147.99</ele>
      </trkpt>
      <trkpt lat="48.846162003274266" lon="2.1391268461812185">
        <ele>147.63</ele>
      </trkpt>
      <trkpt lat="48.846000000000004" lon="2.13919">
        <ele>147.03189725579745</ele>
      </trkpt>
      <trkpt lat="48.84598828696048" lon="2.139190390434651">
        <ele>146.99</ele>
      </trkpt>
      <trkpt lat="48.84581026395922" lon="2.139196324534693">
        <ele>146.27</ele>
      </trkpt>
      <trkpt lat="48.84572125245859" lon="2.139199291584714">
        <ele>145.93</ele>
      </trkpt>
      <trkpt lat="48.8457" lon="2.1392">
        <ele>145.86553457946897</ele>
      </trkpt>
      <trkpt lat="48.845633290588836" lon="2.139218193475773">
        <ele>145.66</ele>
      </trkpt>
      <trkpt lat="48.84559" lon="2.13923">
        <ele>145.56000000000003</ele>
      </trkpt>
      <trkpt lat="48.84558991888153" lon="2.1392300358430436">
        <ele>145.56000000000003</ele>
      </trkpt>
      <trkpt lat="48.845546741197445" lon="2.139249114354618">
        <ele>145.49</ele>
      </trkpt>
      <trkpt lat="48.84550442706704" lon="2.1392678112959613">
        <ele>145.45000000000002</ele>
      </trkpt>
      <trkpt lat="48.84546124938295" lon="2.1392868898075363">
        <ele>145.45000000000002</ele>
      </trkpt>
      <trkpt lat="48.84541893525254" lon="2.139305586748879">
        <ele>145.49</ele>
      </trkpt>
      <trkpt lat="48.84537575756845" lon="2.139324665260454">
        <ele>145.56000000000003</ele>
      </trkpt>
      <trkpt lat="48.845333443438044" lon="2.1393433622017977">
        <ele>145.68</ele>
      </trkpt>
      <trkpt lat="48.84529026575395" lon="2.139362440713372">
        <ele>145.85</ele>
      </trkpt>
      <trkpt lat="48.84524795162355" lon="2.1393811376547154">
        <ele>146.06000000000003</ele>
      </trkpt>
      <trkpt lat="48.845162459809046" lon="2.139418913107633">
        <ele>146.54</ele>
      </trkpt>
      <trkpt lat="48.84516000000001" lon="2.1394200000000003">
        <ele>146.55253327964465</ele>
      </trkpt>
      <trkpt lat="48.84511843907731" lon="2.1394327879762125">
        <ele>146.76</ele>
      </trkpt>
      <trkpt lat="48.845075248849426" lon="2.1394460772771025">
        <ele>146.94000000000003</ele>
      </trkpt>
      <trkpt lat="48.84503117718831" lon="2.139459637788214">
        <ele>147.06000000000003</ele>
      </trkpt>
      <trkpt lat="48.84498798696042" lon="2.1394729270891037">
        <ele>147.12</ele>
      </trkpt>
      <trkpt lat="48.8449439152993" lon="2.139486487600215">
        <ele>147.13</ele>
      </trkpt>
      <trkpt lat="48.84490072507141" lon="2.1394997769011046">
        <ele>147.11</ele>
      </trkpt>
      <trkpt lat="48.8449" lon="2.1395">
        <ele>147.1089198115665</ele>
      </trkpt>
      <trkpt lat="48.84481707543004" lon="2.139546069205533">
        <ele>146.98</ele>
      </trkpt>
      <trkpt lat="48.84481" lon="2.1395500000000003">
        <ele>146.9664616447595</ele>
      </trkpt>
      <trkpt lat="48.84474045757955" lon="2.1396145751047113">
        <ele>146.82</ele>
      </trkpt>
      <trkpt lat="48.844516382512516" lon="2.1398226448098097">
        <ele>145.65</ele>
      </trkpt>
      <trkpt lat="48.84447494397272" lon="2.139861123453903">
        <ele>145.46</ele>
      </trkpt>
      <trkpt lat="48.84447494397272" lon="2.139861123453903">
        <ele>145.42000000000002</ele>
      </trkpt>
      <trkpt lat="48.8444158556845" lon="2.1399159911501107">
        <ele>145.26</ele>
      </trkpt>
      <trkpt lat="48.844390000000004" lon="2.13994">
        <ele>145.24624757542537</ele>
      </trkpt>
      <trkpt lat="48.84437709061607" lon="2.1399472615284605">
        <ele>145.24</ele>
      </trkpt>
      <trkpt lat="48.84433660794479" lon="2.13997003303106">
        <ele>145.28000000000003</ele>
      </trkpt>
      <trkpt lat="48.84429528188451" lon="2.1399932789399636">
        <ele>145.4</ele>
      </trkpt>
      <trkpt lat="48.84425479921322" lon="2.140016050442563">
        <ele>145.6</ele>
      </trkpt>
      <trkpt lat="48.84421347315295" lon="2.1400392963514667">
        <ele>145.88</ele>
      </trkpt>
      <trkpt lat="48.84417214709268" lon="2.1400625422603703">
        <ele>146.24</ele>
      </trkpt>
      <trkpt lat="48.84413166442138" lon="2.14008531376297">
        <ele>146.68</ele>
      </trkpt>
      <trkpt lat="48.84409033836111" lon="2.1401085596718734">
        <ele>147.19000000000003</ele>
      </trkpt>
      <trkpt lat="48.84407" lon="2.14012">
        <ele>147.46773876387897</ele>
      </trkpt>
      <trkpt lat="48.843977667385744" lon="2.1402072030245813">
        <ele>148.86</ele>
      </trkpt>
      <trkpt lat="48.84390357823719" lon="2.1402771761093256">
        <ele>149.89000000000001</ele>
      </trkpt>
      <trkpt lat="48.84389" lon="2.1402900000000002">
        <ele>150.00609524153236</ele>
      </trkpt>
      <trkpt lat="48.843862845648246" lon="2.1403008617407018">
        <ele>150.21</ele>
      </trkpt>
      <trkpt lat="48.84384000000001" lon="2.1403100000000004">
        <ele>150.3601064866573</ele>
      </trkpt>
      <trkpt lat="48.84382000283903" lon="2.140303549302912">
        <ele>150.49</ele>
      </trkpt>
      <trkpt lat="48.84377689672135" lon="2.1402896441036585">
        <ele>150.7</ele>
      </trkpt>
      <trkpt lat="48.84373291088697" lon="2.140275455124829">
        <ele>150.83</ele>
      </trkpt>
      <trkpt lat="48.843689804769284" lon="2.1402615499255755">
        <ele>150.89000000000001</ele>
      </trkpt>
      <trkpt lat="48.8436466986516" lon="2.1402476447263217">
        <ele>150.88000000000002</ele>
      </trkpt>
      <trkpt lat="48.84360359253392" lon="2.1402337395270687">
        <ele>150.82</ele>
      </trkpt>
      <trkpt lat="48.84356048641623" lon="2.1402198343278154">
        <ele>150.73</ele>
      </trkpt>
      <trkpt lat="48.84353" lon="2.14021">
        <ele>150.63098625204537</ele>
      </trkpt>
      <trkpt lat="48.843520000000005" lon="2.14021">
        <ele>150.5992162998516</ele>
      </trkpt>
      <trkpt lat="48.843517101502336" lon="2.1402101811561045">
        <ele>150.59</ele>
      </trkpt>
      <trkpt lat="48.84347307193727" lon="2.140212933003921">
        <ele>150.42000000000002</ele>
      </trkpt>
      <trkpt lat="48.84342814380966" lon="2.1402157410118967">
        <ele>150.2</ele>
      </trkpt>
      <trkpt lat="48.84338501280715" lon="2.140218436699554">
        <ele>149.93</ele>
      </trkpt>
      <trkpt lat="48.84334008467954" lon="2.1402212447075293">
        <ele>149.61</ele>
      </trkpt>
      <trkpt lat="48.84329605511447" lon="2.1402239965553456">
        <ele>149.25000000000003</ele>
      </trkpt>
      <trkpt lat="48.8431639664193" lon="2.140232252098795">
        <ele>148.06000000000003</ele>
      </trkpt>
      <trkpt lat="48.843075008726615" lon="2.140237811954587">
        <ele>147.32</ele>
      </trkpt>
      <trkpt lat="48.84304" lon="2.1402400000000004">
        <ele>147.06419668928302</ele>
      </trkpt>
      <trkpt lat="48.84298725958078" lon="2.1402575801397408">
        <ele>146.67000000000002</ele>
      </trkpt>
      <trkpt lat="48.84295" lon="2.14027">
        <ele>146.4239874908048</ele>
      </trkpt>
      <trkpt lat="48.84294446704053" lon="2.1402760599079924">
        <ele>146.38</ele>
      </trkpt>
      <trkpt lat="48.84287224138569" lon="2.1403551641966314">
        <ele>145.88</ele>
      </trkpt>
      <trkpt lat="48.842800015730845" lon="2.14043426848527">
        <ele>145.48</ele>
      </trkpt>
      <trkpt lat="48.842740000000006" lon="2.1405000000000003">
        <ele>145.20852943586448</ele>
      </trkpt>
      <trkpt lat="48.842728232000745" lon="2.140516360389218">
        <ele>145.15</ele>
      </trkpt>
      <trkpt lat="48.8426957204029" lon="2.140561559439873">
        <ele>145.02</ele>
      </trkpt>
      <trkpt lat="48.84266254530307" lon="2.1406076809201338">
        <ele>144.92000000000002</ele>
      </trkpt>
      <trkpt lat="48.84262937020323" lon="2.1406538024003945">
        <ele>144.85</ele>
      </trkpt>
      <trkpt lat="48.84259685860539" lon="2.14069900145105">
        <ele>144.82</ele>
      </trkpt>
      <trkpt lat="48.84256368350555" lon="2.140745122931311">
        <ele>144.82</ele>
      </trkpt>
      <trkpt lat="48.842530508405716" lon="2.140791244411571">
        <ele>144.85</ele>
      </trkpt>
      <trkpt lat="48.842464821708035" lon="2.1408825649424874">
        <ele>144.94</ele>
      </trkpt>
      <trkpt lat="48.84239913501036" lon="2.1409738854734037">
        <ele>145.06000000000003</ele>
      </trkpt>
      <trkpt lat="48.84233278481069" lon="2.1410661284339247">
        <ele>145.24</ele>
      </trkpt>
      <trkpt lat="48.842330000000004" lon="2.14107">
        <ele>145.24957736615065</ele>
      </trkpt>
      <trkpt lat="48.8422294334938" lon="2.141195708132757">
        <ele>145.58</ele>
      </trkpt>
      <trkpt lat="48.84216067736491" lon="2.141281653293867">
        <ele>145.87</ele>
      </trkpt>
      <trkpt lat="48.84209192123602" lon="2.1413675984549774">
        <ele>146.23</ele>
      </trkpt>
      <trkpt lat="48.8420571959184" lon="2.141411005102003">
        <ele>146.43</ele>
      </trkpt>
      <trkpt lat="48.84198843978951" lon="2.141496950263113">
        <ele>146.89000000000001</ele>
      </trkpt>
      <trkpt lat="48.84191898915427" lon="2.141583763557164">
        <ele>147.44000000000003</ele>
      </trkpt>
      <trkpt lat="48.84185023302538" lon="2.141669708718274">
        <ele>148.11</ele>
      </trkpt>
      <trkpt lat="48.84181620221411" lon="2.1417122472323586">
        <ele>148.49</ele>
      </trkpt>
      <trkpt lat="48.84181" lon="2.1417200000000003">
        <ele>148.56501529448843</ele>
      </trkpt>
      <trkpt lat="48.841777318366226" lon="2.1417461453070183">
        <ele>148.91000000000003</ele>
      </trkpt>
      <trkpt lat="48.84173753026558" lon="2.141777975787536">
        <ele>149.37</ele>
      </trkpt>
      <trkpt lat="48.841710000000006" lon="2.1418000000000004">
        <ele>149.73714233112136</ele>
      </trkpt>
      <trkpt lat="48.84170008421302" lon="2.141812664718039">
        <ele>149.89000000000001</ele>
      </trkpt>
      <trkpt lat="48.84163124320511" lon="2.1419005903617943">
        <ele>151.06</ele>
      </trkpt>
      <trkpt lat="48.84159751111124" lon="2.1419436739272344">
        <ele>151.69000000000003</ele>
      </trkpt>
      <trkpt lat="48.84152867010334" lon="2.1420315995709895">
        <ele>153.03</ele>
      </trkpt>
      <trkpt lat="48.84148805390868" lon="2.142083475700805">
        <ele>153.9</ele>
      </trkpt>
      <trkpt lat="48.84148805390868" lon="2.142083475700805">
        <ele>153.93</ele>
      </trkpt>
      <trkpt lat="48.84142816223181" lon="2.142159971010872">
        <ele>155.23</ele>
      </trkpt>
      <trkpt lat="48.84132558913003" lon="2.142290980220067">
        <ele>157.62</ele>
      </trkpt>
      <trkpt lat="48.841223016028266" lon="2.1424219894292627">
        <ele>160.18</ele>
      </trkpt>
      <trkpt lat="48.84108671083261" lon="2.1425960822038976">
        <ele>163.84</ele>
      </trkpt>
      <trkpt lat="48.84105229032866" lon="2.142640045025775">
        <ele>164.71</ele>
      </trkpt>
      <trkpt lat="48.84101786982471" lon="2.142684007847653">
        <ele>165.51000000000002</ele>
      </trkpt>
      <trkpt lat="48.84098413773084" lon="2.142727091413093">
        <ele>166.22</ele>
      </trkpt>
      <trkpt lat="48.84094971722689" lon="2.14277105423497">
        <ele>166.85000000000002</ele>
      </trkpt>
      <trkpt lat="48.840915985133016" lon="2.1428141378004106">
        <ele>167.42000000000002</ele>
      </trkpt>
      <trkpt lat="48.840700000000005" lon="2.1430900000000004">
        <ele>167.87</ele>
      </trkpt>
      <trkpt lat="48.8406998242916" lon="2.1430902241796943">
        <ele>167.87</ele>
      </trkpt>
      <trkpt lat="48.84064197262095" lon="2.1431640349318988">
        <ele>167.97</ele>
      </trkpt>
      <trkpt lat="48.84054555316987" lon="2.14328705285224">
        <ele>167.99</ele>
      </trkpt>
      <trkpt lat="48.84044913371879" lon="2.143410070772581">
        <ele>167.94</ele>
      </trkpt>
      <trkpt lat="48.84033136424641" lon="2.143560328375283">
        <ele>167.72</ele>
      </trkpt>
      <trkpt lat="48.84028866420379" lon="2.1436148077400055">
        <ele>167.66</ele>
      </trkpt>
      <trkpt lat="48.84022254800876" lon="2.143699162885382">
        <ele>167.15</ele>
      </trkpt>
      <trkpt lat="48.840189489911246" lon="2.14374134045807">
        <ele>166.87</ele>
      </trkpt>
      <trkpt lat="48.840120000000006" lon="2.1438300000000003">
        <ele>166.2252537628226</ele>
      </trkpt>
      <trkpt lat="48.84006" lon="2.14384">
        <ele>165.79637275173695</ele>
      </trkpt>
      <trkpt lat="48.84" lon="2.1438800000000002">
        <ele>165.33</ele>
      </trkpt>
      <trkpt lat="48.83999996400791" lon="2.1438801655636293">
        <ele>165.33</ele>
      </trkpt>
      <trkpt lat="48.83998642524972" lon="2.14394244385133">
        <ele>165.05</ele>
      </trkpt>
      <trkpt lat="48.83995934773333" lon="2.1440670004267313">
        <ele>164.53</ele>
      </trkpt>
      <trkpt lat="48.83993198815947" lon="2.14419285446646">
        <ele>164.25</ele>
      </trkpt>
      <trkpt lat="48.839918449401274" lon="2.144255132754161">
        <ele>164.13000000000002</ele>
      </trkpt>
      <trkpt lat="48.839904628585614" lon="2.1443187085061886">
        <ele>164.03</ele>
      </trkpt>
      <trkpt lat="48.839877269011765" lon="2.1444445625459174">
        <ele>163.89000000000001</ele>
      </trkpt>
      <trkpt lat="48.839850000000006" lon="2.1445700000000003">
        <ele>163.79000000000002</ele>
      </trkpt>
      <trkpt lat="48.8398497468282" lon="2.144570210976501">
        <ele>163.79000000000002</ele>
      </trkpt>
      <trkpt lat="48.83979" lon="2.14462">
        <ele>163.74079744240552</ele>
      </trkpt>
      <trkpt lat="48.839788895577" lon="2.1446200000000006">
        <ele>163.74</ele>
      </trkpt>
      <trkpt lat="48.839788895577" lon="2.1446200000000006">
        <ele>163.73000000000002</ele>
      </trkpt>
      <trkpt lat="48.839710000000004" lon="2.14462">
        <ele>163.70114216945072</ele>
      </trkpt>
      <trkpt lat="48.839690000000004" lon="2.1447000000000003">
        <ele>163.68054041358806</ele>
      </trkpt>
      <trkpt lat="48.83961000000001" lon="2.14472">
        <ele>163.65088514158958</ele>
      </trkpt>
      <trkpt lat="48.83955549593074" lon="2.1447458544943983">
        <ele>163.63000000000002</ele>
      </trkpt>
      <trkpt lat="48.839429302933596" lon="2.144805715275091">
        <ele>163.97</ele>
      </trkpt>
      <trkpt lat="48.83934431581308" lon="2.1448460296784146">
        <ele>164.24</ele>
      </trkpt>
      <trkpt lat="48.83926018714831" lon="2.1448859368655433">
        <ele>164.57000000000002</ele>
      </trkpt>
      <trkpt lat="48.83913399415118" lon="2.144945797646236">
        <ele>165.10000000000002</ele>
      </trkpt>
      <trkpt lat="48.83900694269828" lon="2.1450060656431242">
        <ele>165.58</ele>
      </trkpt>
      <trkpt lat="48.83887903278962" lon="2.1450667408562074">
        <ele>166.01000000000002</ele>
      </trkpt>
      <trkpt lat="48.83883" lon="2.14509">
        <ele>166.15351113848388</ele>
      </trkpt>
      <trkpt lat="48.83870753406127" lon="2.1451444293061037">
        <ele>166.51000000000002</ele>
      </trkpt>
      <trkpt lat="48.838622082210485" lon="2.1451824079064528">
        <ele>166.72</ele>
      </trkpt>
      <trkpt lat="48.83856" lon="2.14521">
        <ele>166.83927289386935</ele>
      </trkpt>
      <trkpt lat="48.83845209249639" lon="2.1452671748713152">
        <ele>167.05</ele>
      </trkpt>
      <trkpt lat="48.83836802515748" lon="2.145311718013577">
        <ele>167.17000000000002</ele>
      </trkpt>
      <trkpt lat="48.83828395781856" lon="2.145356261155838">
        <ele>167.23000000000002</ele>
      </trkpt>
      <trkpt lat="48.83819989047965" lon="2.1454008042980997">
        <ele>167.24000000000004</ele>
      </trkpt>
      <trkpt lat="48.838032604966855" lon="2.1454894406518923">
        <ele>167.56</ele>
      </trkpt>
      <trkpt lat="48.837907777706036" lon="2.145555580469189">
        <ele>167.78</ele>
      </trkpt>
      <trkpt lat="48.83783050368744" lon="2.1455965241656116">
        <ele>168.38</ele>
      </trkpt>
      <trkpt lat="48.83762415658283" lon="2.14570585733298">
        <ele>169.08</ele>
      </trkpt>
      <trkpt lat="48.837500178487055" lon="2.1457715472195473">
        <ele>169.47</ele>
      </trkpt>
      <trkpt lat="48.83722" lon="2.1459200000000003">
        <ele>170.2150390328457</ele>
      </trkpt>
      <trkpt lat="48.836920000000006" lon="2.14584">
        <ele>170.9798093149429</ele>
      </trkpt>
      <trkpt lat="48.836907975915615" lon="2.14584">
        <ele>171.01000000000002</ele>
      </trkpt>
      <trkpt lat="48.836830000000006" lon="2.14584">
        <ele>171.19911008284015</ele>
      </trkpt>
      <trkpt lat="48.836689575711034" lon="2.145849361619265">
        <ele>171.54000000000002</ele>
      </trkpt>
      <trkpt lat="48.83655929933293" lon="2.1458580467111377">
        <ele>171.83</ele>
      </trkpt>
      <trkpt lat="48.836255620603325" lon="2.1458782919597787">
        <ele>172.41</ele>
      </trkpt>
      <trkpt lat="48.83616847019867" lon="2.1458841019867556">
        <ele>172.63</ele>
      </trkpt>
      <trkpt lat="48.836038193820585" lon="2.1458927870786284">
        <ele>173.03</ele>
      </trkpt>
      <trkpt lat="48.835963621824845" lon="2.1458977585450105">
        <ele>173.23000000000002</ele>
      </trkpt>
      <trkpt lat="48.835930000000005" lon="2.1459">
        <ele>173.30840738854153</ele>
      </trkpt>
      <trkpt lat="48.83587063737319" lon="2.1459197875422715">
        <ele>173.45000000000002</ele>
      </trkpt>
      <trkpt lat="48.835786308337646" lon="2.145947897220787">
        <ele>173.61</ele>
      </trkpt>
      <trkpt lat="48.835660000000004" lon="2.1459900000000003">
        <ele>173.7197186291654</ele>
      </trkpt>
      <trkpt lat="48.835640465084225" lon="2.1458493486064025">
        <ele>173.8</ele>
      </trkpt>
      <trkpt lat="48.835603701638675" lon="2.145584651798438">
        <ele>173.91</ele>
      </trkpt>
      <trkpt lat="48.83558513424194" lon="2.1454509665418904">
        <ele>173.99</ele>
      </trkpt>
      <trkpt lat="48.83555728314683" lon="2.1452504386570688">
        <ele>174.20000000000002</ele>
      </trkpt>
      <trkpt lat="48.835510000000006" lon="2.1449100000000003">
        <ele>174.6700042448362</ele>
      </trkpt>
      <trkpt lat="48.835510000000006" lon="2.1449000000000003">
        <ele>174.6835126615806</ele>
      </trkpt>
      <trkpt lat="48.83550436410835" lon="2.1448515313317777">
        <ele>174.75</ele>
      </trkpt>
      <trkpt lat="48.83548105335112" lon="2.144651058819597">
        <ele>174.97</ele>
      </trkpt>
      <trkpt lat="48.83545774259389" lon="2.144450586307416">
        <ele>175.16</ele>
      </trkpt>
      <trkpt lat="48.835426765882936" lon="2.1441841865932423">
        <ele>175.46</ele>
      </trkpt>
      <trkpt lat="48.83541" lon="2.1440400000000004">
        <ele>175.6700234784309</ele>
      </trkpt>
      <trkpt lat="48.83538280877721" lon="2.143921523957826">
        <ele>175.85</ele>
      </trkpt>
      <trkpt lat="48.835323886775626" lon="2.1436647923794787">
        <ele>176.27</ele>
      </trkpt>
      <trkpt lat="48.83527" lon="2.1434300000000004">
        <ele>176.71582495952856</ele>
      </trkpt>
      <trkpt lat="48.835222867048415" lon="2.1432886011452394">
        <ele>177.00000000000003</ele>
      </trkpt>
      <trkpt lat="48.83518223719057" lon="2.1431667115717183">
        <ele>177.23000000000002</ele>
      </trkpt>
      <trkpt lat="48.835170000000005" lon="2.14313">
        <ele>177.28659892513443</ele>
      </trkpt>
      <trkpt lat="48.83509991218812" lon="2.1430073463292048">
        <ele>177.51</ele>
      </trkpt>
      <trkpt lat="48.83509" lon="2.14299">
        <ele>177.53802136447183</ele>
      </trkpt>
      <trkpt lat="48.83492725610024" lon="2.142977684245424">
        <ele>177.84000000000003</ele>
      </trkpt>
      <trkpt lat="48.834826656727586" lon="2.142970071319926">
        <ele>177.83</ele>
      </trkpt>
      <trkpt lat="48.834698212885726" lon="2.142960351245406">
        <ele>177.79</ele>
      </trkpt>
      <trkpt lat="48.8346128830607" lon="2.1429538938532424">
        <ele>177.72000000000003</ele>
      </trkpt>
      <trkpt lat="48.834479948175414" lon="2.1429438339159774">
        <ele>177.51</ele>
      </trkpt>
      <trkpt lat="48.834346115081445" lon="2.142933706006163">
        <ele>177.23000000000002</ele>
      </trkpt>
      <trkpt lat="48.83428324047354" lon="2.142928947927727">
        <ele>177.05</ele>
      </trkpt>
      <trkpt lat="48.83428324047354" lon="2.142928947927727">
        <ele>177.04</ele>
      </trkpt>
      <trkpt lat="48.83421677303089" lon="2.142923917959094">
        <ele>176.86</ele>
      </trkpt>
      <trkpt lat="48.8340838381456" lon="2.142913858021829">
        <ele>176.43</ele>
      </trkpt>
      <trkpt lat="48.83401108324217" lon="2.142908352245353">
        <ele>176.25</ele>
      </trkpt>
      <trkpt lat="48.83390329820004" lon="2.1429001955394624">
        <ele>175.95000000000002</ele>
      </trkpt>
      <trkpt lat="48.8337272492979" lon="2.142886872919841">
        <ele>175.21</ele>
      </trkpt>
      <trkpt lat="48.833683237072364" lon="2.1428835422649355">
        <ele>175</ele>
      </trkpt>
      <trkpt lat="48.8335952126213" lon="2.142876880955125">
        <ele>174.54</ele>
      </trkpt>
      <trkpt lat="48.83346227773601" lon="2.1428668210178596">
        <ele>173.81</ele>
      </trkpt>
      <trkpt lat="48.83324" lon="2.14285">
        <ele>172.50149673775147</ele>
      </trkpt>
      <trkpt lat="48.83323000000001" lon="2.14285">
        <ele>172.44270169635382</ele>
      </trkpt>
      <trkpt lat="48.832978421786514" lon="2.142823518082791">
        <ele>170.96</ele>
      </trkpt>
      <trkpt lat="48.83285" lon="2.1428100000000003">
        <ele>170.78046750098608</ele>
      </trkpt>
      <trkpt lat="48.83271431582958" lon="2.1427864027529706">
        <ele>170.59</ele>
      </trkpt>
      <trkpt lat="48.83253829898378" lon="2.142755791127613">
        <ele>170.27</ele>
      </trkpt>
      <trkpt lat="48.83245699170982" lon="2.1427416507321433">
        <ele>170.18000000000004</ele>
      </trkpt>
      <trkpt lat="48.832390000000004" lon="2.1427300000000002">
        <ele>170.09527925159037</ele>
      </trkpt>
      <trkpt lat="48.83214326218359" lon="2.1426606049891364">
        <ele>169.78</ele>
      </trkpt>
      <trkpt lat="48.832057485591136" lon="2.142636480322505">
        <ele>170.51000000000002</ele>
      </trkpt>
      <trkpt lat="48.83201415514751" lon="2.1426242936352375">
        <ele>170.90000000000003</ele>
      </trkpt>
      <trkpt lat="48.831797502929426" lon="2.1425633601989">
        <ele>172.98000000000002</ele>
      </trkpt>
      <trkpt lat="48.83171084204219" lon="2.1425389868243654">
        <ele>173.77</ele>
      </trkpt>
      <trkpt lat="48.831667511598575" lon="2.142526800137098">
        <ele>174.14000000000001</ele>
      </trkpt>
      <trkpt lat="48.83162418115496" lon="2.1425146134498307">
        <ele>174.48000000000002</ele>
      </trkpt>
      <trkpt lat="48.83153840456249" lon="2.1424904887831993">
        <ele>175.1</ele>
      </trkpt>
      <trkpt lat="48.83145085938049" lon="2.1424658667007606">
        <ele>175.01000000000002</ele>
      </trkpt>
      <trkpt lat="48.8314066446421" lon="2.14245343130559">
        <ele>174.92000000000002</ele>
      </trkpt>
      <trkpt lat="48.83136331419848" lon="2.1424412446183223">
        <ele>174.78</ele>
      </trkpt>
      <trkpt lat="48.831319099460096" lon="2.1424288092231514">
        <ele>174.6</ele>
      </trkpt>
      <trkpt lat="48.83127488472171" lon="2.142416373827981">
        <ele>174.35</ele>
      </trkpt>
      <trkpt lat="48.83123155427809" lon="2.142404187140713">
        <ele>174.04000000000002</ele>
      </trkpt>
      <trkpt lat="48.83118733953971" lon="2.1423917517455426">
        <ele>173.67000000000002</ele>
      </trkpt>
      <trkpt lat="48.83114312480132" lon="2.1423793163503717">
        <ele>173.22</ele>
      </trkpt>
      <trkpt lat="48.83114312480132" lon="2.1423793163503717">
        <ele>173.18</ele>
      </trkpt>
      <trkpt lat="48.83111" lon="2.14237">
        <ele>172.77211306656946</ele>
      </trkpt>
      <trkpt lat="48.83111131814777" lon="2.1423598942004567">
        <ele>172.69</ele>
      </trkpt>
      <trkpt lat="48.83112005802631" lon="2.142292888464978">
        <ele>172.09</ele>
      </trkpt>
      <trkpt lat="48.83112879790485" lon="2.1422258827294987">
        <ele>171.42000000000002</ele>
      </trkpt>
      <trkpt lat="48.8311375377834" lon="2.14215887699402">
        <ele>170.69</ele>
      </trkpt>
      <trkpt lat="48.83116358262144" lon="2.141959199902292">
        <ele>168.37</ele>
      </trkpt>
      <trkpt lat="48.831180712783386" lon="2.141827868660753">
        <ele>167.05</ele>
      </trkpt>
      <trkpt lat="48.83122388778337" lon="2.1414968603274858">
        <ele>163.89000000000001</ele>
      </trkpt>
      <trkpt lat="48.831230000000005" lon="2.1414500000000003">
        <ele>163.4047381184156</ele>
      </trkpt>
      <trkpt lat="48.83117392511136" lon="2.141437383150055">
        <ele>162.53</ele>
      </trkpt>
      <trkpt lat="48.831130333865616" lon="2.141427575119763">
        <ele>161.81</ele>
      </trkpt>
      <trkpt lat="48.83104226175688" lon="2.141407758895296">
        <ele>160.27</ele>
      </trkpt>
      <trkpt lat="48.83095418964814" lon="2.1413879426708284">
        <ele>158.66000000000003</ele>
      </trkpt>
      <trkpt lat="48.83086700715665" lon="2.1413683266102455">
        <ele>157.01000000000002</ele>
      </trkpt>
      <trkpt lat="48.830830000000006" lon="2.14136">
        <ele>156.89733613834287</ele>
      </trkpt>
      <trkpt lat="48.830830000000006" lon="2.141351255164278">
        <ele>156.88000000000002</ele>
      </trkpt>
      <trkpt lat="48.830830000000006" lon="2.14135">
        <ele>156.87846874361043</ele>
      </trkpt>
      <trkpt lat="48.83078825683935" lon="2.141339227571443">
        <ele>156.8</ele>
      </trkpt>
      <trkpt lat="48.83074569909344" lon="2.1413282449273363">
        <ele>156.83</ele>
      </trkpt>
      <trkpt lat="48.83070314134752" lon="2.1413172622832297">
        <ele>156.98000000000002</ele>
      </trkpt>
      <trkpt lat="48.83066058360161" lon="2.1413062796391236">
        <ele>157.24</ele>
      </trkpt>
      <trkpt lat="48.83053291036387" lon="2.141273331706804">
        <ele>158.19000000000003</ele>
      </trkpt>
      <trkpt lat="48.83052000000001" lon="2.14127">
        <ele>158.2749411030719</ele>
      </trkpt>
      <trkpt lat="48.83049026260649" lon="2.141263202881481">
        <ele>158.47</ele>
      </trkpt>
      <trkpt lat="48.830319514789956" lon="2.1412241748091327">
        <ele>159.52</ele>
      </trkpt>
      <trkpt lat="48.83019145392757" lon="2.1411949037548714">
        <ele>160.32999999999998</ele>
      </trkpt>
      <trkpt lat="48.83010696933085" lon="2.1411755929899075">
        <ele>160.8</ele>
      </trkpt>
      <trkpt lat="48.83006517168826" lon="2.1411660392430303">
        <ele>160.66000000000003</ele>
      </trkpt>
      <trkpt lat="48.83002248473413" lon="2.1411562822249435">
        <ele>160.49</ele>
      </trkpt>
      <trkpt lat="48.82998068709154" lon="2.1411467284780668">
        <ele>160.25</ele>
      </trkpt>
      <trkpt lat="48.8298535155407" lon="2.1411176606950155">
        <ele>159.35999999999999</ele>
      </trkpt>
      <trkpt lat="48.829820000000005" lon="2.1411100000000003">
        <ele>159.15151837183302</ele>
      </trkpt>
      <trkpt lat="48.82981414844705" lon="2.141119102415711">
        <ele>159.10000000000002</ele>
      </trkpt>
      <trkpt lat="48.829784617161124" lon="2.1411650399715887">
        <ele>158.9</ele>
      </trkpt>
      <trkpt lat="48.829754457549974" lon="2.1412119549222717">
        <ele>158.76000000000002</ele>
      </trkpt>
      <trkpt lat="48.82972492626405" lon="2.141257892478149">
        <ele>158.66000000000003</ele>
      </trkpt>
      <trkpt lat="48.8296947666529" lon="2.1413048074288326">
        <ele>158.60000000000002</ele>
      </trkpt>
      <trkpt lat="48.829665235366974" lon="2.14135074498471">
        <ele>158.58</ele>
      </trkpt>
      <trkpt lat="48.829635075755824" lon="2.141397659935393">
        <ele>158.58</ele>
      </trkpt>
      <trkpt lat="48.829550000000005" lon="2.1415300000000004">
        <ele>158.61563179646657</ele>
      </trkpt>
      <trkpt lat="48.82951990466607" lon="2.1415889366956335">
        <ele>158.63000000000002</ele>
      </trkpt>
      <trkpt lat="48.829468091402006" lon="2.141690404337757">
        <ele>158.59</ele>
      </trkpt>
      <trkpt lat="48.829414624523125" lon="2.1417951103088844">
        <ele>157.95000000000002</ele>
      </trkpt>
      <trkpt lat="48.829334148602356" lon="2.1419527089870765">
        <ele>156.92</ele>
      </trkpt>
      <trkpt lat="48.82931000000001" lon="2.1420000000000003">
        <ele>156.58918549355715</ele>
      </trkpt>
      <trkpt lat="48.82930614726639" lon="2.142004000915688">
        <ele>156.55</ele>
      </trkpt>
      <trkpt lat="48.82926976871626" lon="2.1420417786408135">
        <ele>156.15</ele>
      </trkpt>
      <trkpt lat="48.82923339016614" lon="2.142079556365939">
        <ele>155.7</ele>
      </trkpt>
      <trkpt lat="48.829161375485285" lon="2.1421543408422075">
        <ele>154.64</ele>
      </trkpt>
      <trkpt lat="48.82907599725541" lon="2.1422430028501545">
        <ele>153.24</ele>
      </trkpt>
      <trkpt lat="48.82907599725541" lon="2.1422430028501545">
        <ele>153.18</ele>
      </trkpt>
      <trkpt lat="48.82905" lon="2.1422700000000003">
        <ele>152.7488665741421</ele>
      </trkpt>
      <trkpt lat="48.82893516886077" lon="2.1423414504866374">
        <ele>151.05</ele>
      </trkpt>
      <trkpt lat="48.82877455197121" lon="2.142441389884583">
        <ele>148.77</ele>
      </trkpt>
      <trkpt lat="48.828692162996774" lon="2.142492654135343">
        <ele>147.8</ele>
      </trkpt>
      <trkpt lat="48.82865138461549" lon="2.1425180273503655">
        <ele>147.39000000000001</ele>
      </trkpt>
      <trkpt lat="48.8286" lon="2.14255">
        <ele>146.9426664393897</ele>
      </trkpt>
      <trkpt lat="48.82856815250239" lon="2.142560615832536">
        <ele>146.68</ele>
      </trkpt>
      <trkpt lat="48.828456592960904" lon="2.142597802346367">
        <ele>146.4</ele>
      </trkpt>
      <trkpt lat="48.82842" lon="2.1426100000000003">
        <ele>146.10445600772283</ele>
      </trkpt>
      <trkpt lat="48.82833136146066" lon="2.1426645467934415">
        <ele>145.35</ele>
      </trkpt>
      <trkpt lat="48.82824884293729" lon="2.1427153274232085">
        <ele>144.72</ele>
      </trkpt>
      <trkpt lat="48.82816632441392" lon="2.1427661080529763">
        <ele>144.16</ele>
      </trkpt>
      <trkpt lat="48.828160000000004" lon="2.14277">
        <ele>144.12357955318166</ele>
      </trkpt>
      <trkpt lat="48.82812185757389" lon="2.14277">
        <ele>143.92000000000002</ele>
      </trkpt>
      <trkpt lat="48.82808000000001" lon="2.14277">
        <ele>143.72052803173608</ele>
      </trkpt>
      <trkpt lat="48.828070000000004" lon="2.14277">
        <ele>143.6728731034114</ele>
      </trkpt>
      <trkpt lat="48.82803372398207" lon="2.14277">
        <ele>143.5</ele>
      </trkpt>
      <trkpt lat="48.82799000000001" lon="2.14277">
        <ele>143.33302631351506</ele>
      </trkpt>
      <trkpt lat="48.82794696261993" lon="2.1427915186900357">
        <ele>143.16</ele>
      </trkpt>
      <trkpt lat="48.82790425086682" lon="2.14281287456659">
        <ele>143.02</ele>
      </trkpt>
      <trkpt lat="48.82773" lon="2.1429">
        <ele>142.5081972800295</ele>
      </trkpt>
      <trkpt lat="48.827540000000006" lon="2.1429">
        <ele>141.9781150540119</ele>
      </trkpt>
      <trkpt lat="48.82744" lon="2.1428200000000004">
        <ele>141.66279710860118</ele>
      </trkpt>
      <trkpt lat="48.82742830127142" lon="2.142818245190713">
        <ele>141.63</ele>
      </trkpt>
      <trkpt lat="48.82742830127142" lon="2.142818245190713">
        <ele>141.62000000000003</ele>
      </trkpt>
      <trkpt lat="48.827356703726636" lon="2.142807505558996">
        <ele>141.42000000000002</ele>
      </trkpt>
      <trkpt lat="48.82726810176497" lon="2.1427942152647463">
        <ele>141.22</ele>
      </trkpt>
      <trkpt lat="48.82724" lon="2.14279">
        <ele>141.1697604851134</ele>
      </trkpt>
      <trkpt lat="48.82722338673731" lon="2.1427929666540524">
        <ele>141.14000000000001</ele>
      </trkpt>
      <trkpt lat="48.82713585591985" lon="2.1428085971571718">
        <ele>141.02</ele>
      </trkpt>
      <trkpt lat="48.82705279096041" lon="2.1428234301856417">
        <ele>140.95000000000002</ele>
      </trkpt>
      <trkpt lat="48.827010811894894" lon="2.142830926447342">
        <ele>140.93</ele>
      </trkpt>
      <trkpt lat="48.82696883282937" lon="2.1428384227090413">
        <ele>140.94</ele>
      </trkpt>
      <trkpt lat="48.82696000000001" lon="2.14284">
        <ele>140.94841641352176</ele>
      </trkpt>
      <trkpt lat="48.82688437440519" lon="2.142837560464683">
        <ele>141.02</ele>
      </trkpt>
      <trkpt lat="48.826758497655874" lon="2.142833499924383">
        <ele>141.21</ele>
      </trkpt>
      <trkpt lat="48.826677576888464" lon="2.142830889577047">
        <ele>141.38</ele>
      </trkpt>
      <trkpt lat="48.82665" lon="2.14283">
        <ele>141.45236974915764</ele>
      </trkpt>
      <trkpt lat="48.82659907244838" lon="2.1428490978318604">
        <ele>141.59000000000003</ele>
      </trkpt>
      <trkpt lat="48.82641" lon="2.14292">
        <ele>141.82698026875514</ele>
      </trkpt>
      <trkpt lat="48.826370000000004" lon="2.14291">
        <ele>141.87630908053444</ele>
      </trkpt>
      <trkpt lat="48.82636696682241" lon="2.1429100000000005">
        <ele>141.88</ele>
      </trkpt>
      <trkpt lat="48.82636" lon="2.14291">
        <ele>141.89060081103116</ele>
      </trkpt>
      <trkpt lat="48.82628171254618" lon="2.14290190129788">
        <ele>142.01000000000002</ele>
      </trkpt>
      <trkpt lat="48.82619647437089" lon="2.1428930835556095">
        <ele>142.17000000000002</ele>
      </trkpt>
      <trkpt lat="48.82610944170771" lon="2.1428840801766595">
        <ele>142.39000000000001</ele>
      </trkpt>
      <trkpt lat="48.82607" lon="2.1428800000000003">
        <ele>142.51158798630195</ele>
      </trkpt>
      <trkpt lat="48.82606726980646" lon="2.1428802481994134">
        <ele>142.52</ele>
      </trkpt>
      <trkpt lat="48.82598019135595" lon="2.142888164422186">
        <ele>142.83</ele>
      </trkpt>
      <trkpt lat="48.825937100988696" lon="2.142892081728301">
        <ele>143.01</ele>
      </trkpt>
      <trkpt lat="48.82585092025417" lon="2.14289991634053">
        <ele>143.43</ele>
      </trkpt>
      <trkpt lat="48.82580782988691" lon="2.1429038336466446">
        <ele>143.66</ele>
      </trkpt>
      <trkpt lat="48.82574" lon="2.14291">
        <ele>144.09288605055616</ele>
      </trkpt>
      <trkpt lat="48.82572290192303" lon="2.1428997411538155">
        <ele>144.21</ele>
      </trkpt>
      <trkpt lat="48.82569" lon="2.1428800000000003">
        <ele>144.4722405973826</ele>
      </trkpt>
      <trkpt lat="48.825663539518416" lon="2.142946151203968">
        <ele>144.85</ele>
      </trkpt>
      <trkpt lat="48.82565" lon="2.14298">
        <ele>145.06141647234514</ele>
      </trkpt>
      <trkpt lat="48.825645805297924" lon="2.143005168212455">
        <ele>145.20000000000002</ele>
      </trkpt>
      <trkpt lat="48.825630000000004" lon="2.1431">
        <ele>145.76692907447554</ele>
      </trkpt>
      <trkpt lat="48.82563560164317" lon="2.1431322094482312">
        <ele>145.96</ele>
      </trkpt>
      <trkpt lat="48.82566867691433" lon="2.1433223922573936">
        <ele>147.19000000000003</ele>
      </trkpt>
      <trkpt lat="48.82567" lon="2.14333">
        <ele>147.2205248031911</ele>
      </trkpt>
      <trkpt lat="48.825630000000004" lon="2.1434200000000003">
        <ele>147.64176881627733</ele>
      </trkpt>
      <trkpt lat="48.825632482903906" lon="2.1434632025278573">
        <ele>147.81000000000003</ele>
      </trkpt>
      <trkpt lat="48.82564929793588" lon="2.1437557840842474">
        <ele>149.54</ele>
      </trkpt>
      <trkpt lat="48.82565704067154" lon="2.1438905076846315">
        <ele>150.55</ele>
      </trkpt>
      <trkpt lat="48.82567260435229" lon="2.144161315729849">
        <ele>152.64000000000001</ele>
      </trkpt>
      <trkpt lat="48.82568034708794" lon="2.144296039330233">
        <ele>153.60000000000002</ele>
      </trkpt>
      <trkpt lat="48.825686838472386" lon="2.144408989419444">
        <ele>154.3</ele>
      </trkpt>
      <trkpt lat="48.825686838472386" lon="2.144408989419444">
        <ele>154.27</ele>
      </trkpt>
      <trkpt lat="48.82568848087086" lon="2.144437567152859">
        <ele>154.45</ele>
      </trkpt>
      <trkpt lat="48.82570787681472" lon="2.1447750565760435">
        <ele>156.3</ele>
      </trkpt>
      <trkpt lat="48.82571569775982" lon="2.1449111410208763">
        <ele>157.13000000000002</ele>
      </trkpt>
      <trkpt lat="48.82572735096803" lon="2.145113906843677">
        <ele>158.55</ele>
      </trkpt>
      <trkpt lat="48.82573126144058" lon="2.1451819490660933">
        <ele>159.07999999999998</ele>
      </trkpt>
      <trkpt lat="48.825739004176235" lon="2.1453166726664774">
        <ele>160.18</ele>
      </trkpt>
      <trkpt lat="48.82575448964755" lon="2.145586119867246">
        <ele>162.65</ele>
      </trkpt>
      <trkpt lat="48.825765908227396" lon="2.145784803156702">
        <ele>164.9</ele>
      </trkpt>
      <trkpt lat="48.82578" lon="2.14603">
        <ele>167.89687009143788</ele>
      </trkpt>
      <trkpt lat="48.82578" lon="2.14602">
        <ele>168.01862988158263</ele>
      </trkpt>
      <trkpt lat="48.825780619947125" lon="2.1460315723463324">
        <ele>168.16</ele>
      </trkpt>
      <trkpt lat="48.82578776794859" lon="2.146165001707031">
        <ele>169.72</ele>
      </trkpt>
      <trkpt lat="48.825794915950055" lon="2.1462984310677284">
        <ele>171.16</ele>
      </trkpt>
      <trkpt lat="48.82580199101274" lon="2.1464304989043375">
        <ele>172.5</ele>
      </trkpt>
      <trkpt lat="48.82580884725904" lon="2.1465584821686807">
        <ele>173.41</ele>
      </trkpt>
      <trkpt lat="48.82581577644413" lon="2.146687826957112">
        <ele>174.26000000000002</ele>
      </trkpt>
      <trkpt lat="48.82582270562923" lon="2.1468171717455435">
        <ele>175.01000000000002</ele>
      </trkpt>
      <trkpt lat="48.82582963481432" lon="2.1469465165339754">
        <ele>175.62000000000003</ele>
      </trkpt>
      <trkpt lat="48.82583656399942" lon="2.147075861322407">
        <ele>176.14000000000001</ele>
      </trkpt>
      <trkpt lat="48.825843493184514" lon="2.1472052061108386">
        <ele>176.6</ele>
      </trkpt>
      <trkpt lat="48.825853850492756" lon="2.1473985425314415">
        <ele>177.22</ele>
      </trkpt>
      <trkpt lat="48.82586099849422" lon="2.1475319718921395">
        <ele>177.36</ele>
      </trkpt>
      <trkpt lat="48.82587179343521" lon="2.147733477457275">
        <ele>177.65</ele>
      </trkpt>
      <trkpt lat="48.82587901437547" lon="2.1478682683420613">
        <ele>177.77</ele>
      </trkpt>
      <trkpt lat="48.82588266131499" lon="2.1479363445464994">
        <ele>177.81000000000003</ele>
      </trkpt>
      <trkpt lat="48.82590505352367" lon="2.1483543324417465">
        <ele>178.00000000000003</ele>
      </trkpt>
      <trkpt lat="48.82590505352367" lon="2.1483543324417465">
        <ele>178.01</ele>
      </trkpt>
      <trkpt lat="48.825918620138694" lon="2.148607575922255">
        <ele>178.1</ele>
      </trkpt>
      <trkpt lat="48.82594042883704" lon="2.1490146716247924">
        <ele>178.32</ele>
      </trkpt>
      <trkpt lat="48.82595202610473" lon="2.1492311539549043">
        <ele>178.21</ele>
      </trkpt>
      <trkpt lat="48.82596" lon="2.1493800000000003">
        <ele>178.06348449433773</ele>
      </trkpt>
      <trkpt lat="48.82588748666037" lon="2.1494153270116145">
        <ele>177.95000000000002</ele>
      </trkpt>
      <trkpt lat="48.825575774042875" lon="2.149567187004757">
        <ele>177.6</ele>
      </trkpt>
      <trkpt lat="48.825570000000006" lon="2.14957">
        <ele>177.5948133892814</ele>
      </trkpt>
      <trkpt lat="48.82550885118955" lon="2.1495991184811705">
        <ele>177.54</ele>
      </trkpt>
      <trkpt lat="48.8252170836849" lon="2.149738055388147">
        <ele>177.16</ele>
      </trkpt>
      <trkpt lat="48.82515" lon="2.14977">
        <ele>177.10956555940993</ele>
      </trkpt>
      <trkpt lat="48.82515473351995" lon="2.1497889340797918">
        <ele>177.1</ele>
      </trkpt>
      <trkpt lat="48.825184743796235" lon="2.149908975184931">
        <ele>177.06000000000003</ele>
      </trkpt>
      <trkpt lat="48.8252" lon="2.14997">
        <ele>177.06146135788734</ele>
      </trkpt>
      <trkpt lat="48.82544215726198" lon="2.149869101140843">
        <ele>177.07</ele>
      </trkpt>
      <trkpt lat="48.825481185005984" lon="2.1498528395808423">
        <ele>176.86</ele>
      </trkpt>
      <trkpt lat="48.825523681882785" lon="2.149835132548841">
        <ele>176.82</ele>
      </trkpt>
      <trkpt lat="48.825680000000006" lon="2.14977">
        <ele>176.72723000924452</ele>
      </trkpt>
      <trkpt lat="48.825680000000006" lon="2.1497800000000002">
        <ele>176.72346208328295</ele>
      </trkpt>
      <trkpt lat="48.825753233973174" lon="2.1497494858445125">
        <ele>176.68</ele>
      </trkpt>
      <trkpt lat="48.82591021232446" lon="2.149684078198146">
        <ele>176.61</ele>
      </trkpt>
      <trkpt lat="48.82603943759705" lon="2.149630234334562">
        <ele>176.42000000000002</ele>
      </trkpt>
      <trkpt lat="48.826040000000006" lon="2.14963">
        <ele>176.4193449850592</ele>
      </trkpt>
      <trkpt lat="48.82607667689289" lon="2.1497522563096285">
        <ele>176.32</ele>
      </trkpt>
      <trkpt lat="48.82613224142504" lon="2.1499374714168047">
        <ele>176.21</ele>
      </trkpt>
      <trkpt lat="48.82616878722472" lon="2.150059290749042">
        <ele>176.16</ele>
      </trkpt>
      <trkpt lat="48.82619302678572" lon="2.1501400892857294">
        <ele>176.09000000000003</ele>
      </trkpt>
      <trkpt lat="48.82624635381993" lon="2.150317846066442">
        <ele>176.16</ele>
      </trkpt>
      <trkpt lat="48.82625" lon="2.1503300000000003">
        <ele>176.16717612852</ele>
      </trkpt>
      <trkpt lat="48.82633125061851" lon="2.1502739650906855">
        <ele>176.24</ele>
      </trkpt>
      <trkpt lat="48.8265179535979" lon="2.150145204415246">
        <ele>176.52</ele>
      </trkpt>
      <trkpt lat="48.82657036145176" lon="2.1501090610677545">
        <ele>176.54</ele>
      </trkpt>
      <trkpt lat="48.82685123479355" lon="2.1499153553147905">
        <ele>176.47</ele>
      </trkpt>
      <trkpt lat="48.82697160908289" lon="2.1498323385635207">
        <ele>176.42000000000002</ele>
      </trkpt>
      <trkpt lat="48.827065779445306" lon="2.1497673934859964">
        <ele>176.42000000000002</ele>
      </trkpt>
      <trkpt lat="48.82712" lon="2.1497300000000004">
        <ele>176.42597865949972</ele>
      </trkpt>
      <trkpt lat="48.827220000000004" lon="2.15004">
        <ele>176.4487965742892</ele>
      </trkpt>
      <trkpt lat="48.82721" lon="2.15004">
        <ele>176.4498005908378</ele>
      </trkpt>
      <trkpt lat="48.82725588906462" lon="2.1501776671938653">
        <ele>176.46</ele>
      </trkpt>
      <trkpt lat="48.827316013660656" lon="2.150358040981968">
        <ele>176.45000000000002</ele>
      </trkpt>
      <trkpt lat="48.82733" lon="2.1504000000000003">
        <ele>176.44056763190508</ele>
      </trkpt>
      <trkpt lat="48.82742126768618" lon="2.1503366714014303">
        <ele>176.41</ele>
      </trkpt>
      <trkpt lat="48.82758977920825" lon="2.150219745039173">
        <ele>176.39000000000001</ele>
      </trkpt>
      <trkpt lat="48.8277034835848" lon="2.150140848124834">
        <ele>176.41</ele>
      </trkpt>
      <trkpt lat="48.827779559174864" lon="2.1500880609807083">
        <ele>176.45000000000002</ele>
      </trkpt>
      <trkpt lat="48.82782" lon="2.1500600000000003">
        <ele>176.49252699201304</ele>
      </trkpt>
      <trkpt lat="48.827932002542454" lon="2.149983464929323">
        <ele>176.61</ele>
      </trkpt>
      <trkpt lat="48.82798531272714" lon="2.149947036303128">
        <ele>176.70000000000002</ele>
      </trkpt>
      <trkpt lat="48.82821987753971" lon="2.1497867503478707">
        <ele>176.98000000000002</ele>
      </trkpt>
      <trkpt lat="48.82831419555875" lon="2.149722299701526">
        <ele>177.12000000000003</ele>
      </trkpt>
      <trkpt lat="48.82831419555875" lon="2.149722299701526">
        <ele>177.1</ele>
      </trkpt>
      <trkpt lat="48.82842" lon="2.1496500000000003">
        <ele>177.26392920354905</ele>
      </trkpt>
      <trkpt lat="48.82846261307416" lon="2.1496207557334217">
        <ele>177.33</ele>
      </trkpt>
      <trkpt lat="48.82861833013072" lon="2.149513891086758">
        <ele>177.49</ele>
      </trkpt>
      <trkpt lat="48.82869618865901" lon="2.149460458763426">
        <ele>177.51</ele>
      </trkpt>
      <trkpt lat="48.828764212425824" lon="2.149413775786199">
        <ele>177.50000000000003</ele>
      </trkpt>
      <trkpt lat="48.828883868690355" lon="2.1493316587419207">
        <ele>177.32</ele>
      </trkpt>
      <trkpt lat="48.82892402729968" lon="2.149304098911991">
        <ele>177.22</ele>
      </trkpt>
      <trkpt lat="48.82893000000001" lon="2.1493">
        <ele>177.20121736950853</ele>
      </trkpt>
      <trkpt lat="48.82896329452945" lon="2.149411634598745">
        <ele>176.97</ele>
      </trkpt>
      <trkpt lat="48.82898147967494" lon="2.1494726083218354">
        <ele>176.81000000000003</ele>
      </trkpt>
      <trkpt lat="48.82899966482042" lon="2.1495335820449255">
        <ele>176.62000000000003</ele>
      </trkpt>
      <trkpt lat="48.829017478840484" lon="2.1495933114063197">
        <ele>176.41</ele>
      </trkpt>
      <trkpt lat="48.82903566398597" lon="2.1496542851294107">
        <ele>176.18</ele>
      </trkpt>
      <trkpt lat="48.829053849131455" lon="2.149715258852501">
        <ele>175.92000000000002</ele>
      </trkpt>
      <trkpt lat="48.829089848297" lon="2.1498359619369856">
        <ele>175.35</ele>
      </trkpt>
      <trkpt lat="48.829100000000004" lon="2.1498700000000004">
        <ele>175.17798104516112</ele>
      </trkpt>
      <trkpt lat="48.829100000000004" lon="2.1498600000000003">
        <ele>175.13194778968946</ele>
      </trkpt>
      <trkpt lat="48.82912270513914" lon="2.149937846191309">
        <ele>174.74</ele>
      </trkpt>
      <trkpt lat="48.829158406118026" lon="2.150060249547505">
        <ele>174.39000000000001</ele>
      </trkpt>
      <trkpt lat="48.82917625660747" lon="2.1501214512256035">
        <ele>174.25</ele>
      </trkpt>
      <trkpt lat="48.82919410709691" lon="2.150182652903702">
        <ele>174.17000000000002</ele>
      </trkpt>
      <trkpt lat="48.82921195758637" lon="2.1502438545817997">
        <ele>174.14000000000001</ele>
      </trkpt>
      <trkpt lat="48.82922980807581" lon="2.150305056259898">
        <ele>174.18</ele>
      </trkpt>
      <trkpt lat="48.829240000000006" lon="2.1503400000000004">
        <ele>174.21996723428478</ele>
      </trkpt>
      <trkpt lat="48.82923215980499" lon="2.1503661339833933">
        <ele>174.25</ele>
      </trkpt>
      <trkpt lat="48.829213885975115" lon="2.1504270467496305">
        <ele>174.36</ele>
      </trkpt>
      <trkpt lat="48.82921" lon="2.15044">
        <ele>174.42834604746136</ele>
      </trkpt>
      <trkpt lat="48.82925" lon="2.15044">
        <ele>174.72008302792557</ele>
      </trkpt>
      <trkpt lat="48.82927862106215" lon="2.1504686210621466">
        <ele>174.97</ele>
      </trkpt>
      <trkpt lat="48.82934" lon="2.1505300000000003">
        <ele>175.5828352665807</ele>
      </trkpt>
      <trkpt lat="48.82938" lon="2.15065">
        <ele>176.32127725146137</ele>
      </trkpt>
      <trkpt lat="48.82938127925468" lon="2.150660518316316">
        <ele>176.38</ele>
      </trkpt>
      <trkpt lat="48.82938895834479" lon="2.1507236575016173">
        <ele>176.71</ele>
      </trkpt>
      <trkpt lat="48.82939663743489" lon="2.1507867966869187">
        <ele>177.02</ele>
      </trkpt>
      <trkpt lat="48.82941183223021" lon="2.1509117316706003">
        <ele>177.56000000000003</ele>
      </trkpt>
      <trkpt lat="48.829442875360414" lon="2.1511669751856486">
        <ele>177.97000000000003</ele>
      </trkpt>
      <trkpt lat="48.8294672197099" lon="2.151367139836923">
        <ele>177.78000000000003</ele>
      </trkpt>
      <trkpt lat="48.82947" lon="2.15139">
        <ele>177.75118120498706</ele>
      </trkpt>
      <trkpt lat="48.829499467952516" lon="2.151702360296725">
        <ele>177.36</ele>
      </trkpt>
      <trkpt lat="48.82952" lon="2.15192">
        <ele>177.15781468860212</ele>
      </trkpt>
      <trkpt lat="48.829529112530174" lon="2.1519701189159357">
        <ele>177.11</ele>
      </trkpt>
      <trkpt lat="48.829600000000006" lon="2.1523600000000003">
        <ele>176.6560150324047</ele>
      </trkpt>
      <trkpt lat="48.82960197404527" lon="2.152364441601848">
        <ele>176.65</ele>
      </trkpt>
      <trkpt lat="48.829640000000005" lon="2.15245">
        <ele>176.55176465683104</ele>
      </trkpt>
      <trkpt lat="48.82965835433503" lon="2.1524683543350243">
        <ele>176.52</ele>
      </trkpt>
      <trkpt lat="48.82968" lon="2.1524900000000002">
        <ele>176.49169861068228</ele>
      </trkpt>
      <trkpt lat="48.829570000000004" lon="2.15269">
        <ele>176.30433429792657</ele>
      </trkpt>
      <trkpt lat="48.82967000000001" lon="2.15289">
        <ele>176.1237774011776</ele>
      </trkpt>
      <trkpt lat="48.82968098070522" lon="2.1529485637611288">
        <ele>176.08</ele>
      </trkpt>
      <trkpt lat="48.829730000000005" lon="2.15321">
        <ele>175.9266350100688</ele>
      </trkpt>
      <trkpt lat="48.82973361544367" lon="2.153629391465633">
        <ele>175.69</ele>
      </trkpt>
      <trkpt lat="48.8297389028542" lon="2.1542427310873613">
        <ele>175.33</ele>
      </trkpt>
      <trkpt lat="48.82974" lon="2.15437">
        <ele>175.22588655101697</ele>
      </trkpt>
      <trkpt lat="48.82972086328434" lon="2.154718288225138">
        <ele>174.94</ele>
      </trkpt>
      <trkpt lat="48.82969000000001" lon="2.1552800000000003">
        <ele>174.53291967875245</ele>
      </trkpt>
      <trkpt lat="48.8296715807552" lon="2.155531729678958">
        <ele>174.35</ele>
      </trkpt>
      <trkpt lat="48.82965677779792" lon="2.155734036761879">
        <ele>174.24</ele>
      </trkpt>
      <trkpt lat="48.829627072534635" lon="2.156140008693379">
        <ele>174.09000000000003</ele>
      </trkpt>
      <trkpt lat="48.829600000000006" lon="2.1565100000000004">
        <ele>174.04133926400888</ele>
      </trkpt>
      <trkpt lat="48.82956982905574" lon="2.1567453333652438">
        <ele>174.01000000000002</ele>
      </trkpt>
      <trkpt lat="48.8295323517315" lon="2.1570376564943325">
        <ele>174.03</ele>
      </trkpt>
      <trkpt lat="48.8295" lon="2.15729">
        <ele>174.06941051145802</ele>
      </trkpt>
      <trkpt lat="48.82949930496545" lon="2.1572936975837873">
        <ele>174.07</ele>
      </trkpt>
      <trkpt lat="48.82943782169018" lon="2.1576207886082552">
        <ele>174.06000000000003</ele>
      </trkpt>
      <trkpt lat="48.82941337653254" lon="2.1577508368468994">
        <ele>174.1</ele>
      </trkpt>
      <trkpt lat="48.8293763384149" lon="2.157947879632723">
        <ele>174.31000000000003</ele>
      </trkpt>
      <trkpt lat="48.82935189325727" lon="2.158077927871367">
        <ele>174.42000000000002</ele>
      </trkpt>
      <trkpt lat="48.829339547218055" lon="2.158143608799975">
        <ele>174.45000000000002</ele>
      </trkpt>
      <trkpt lat="48.82925" lon="2.15862">
        <ele>174.57872037037868</ele>
      </trkpt>
      <trkpt lat="48.829260000000005" lon="2.15862">
        <ele>174.5826671005537</ele>
      </trkpt>
      <trkpt lat="48.82917651240504" lon="2.1589725031787195">
        <ele>174.68</ele>
      </trkpt>
      <trkpt lat="48.829170000000005" lon="2.1590000000000003">
        <ele>174.6584801173128</ele>
      </trkpt>
      <trkpt lat="48.82905" lon="2.1592700000000002">
        <ele>174.41857352307687</ele>
      </trkpt>
      <trkpt lat="48.8288736065129" lon="2.1594520835995867">
        <ele>174.18</ele>
      </trkpt>
      <trkpt lat="48.82874" lon="2.15959">
        <ele>174.05944993656004</ele>
      </trkpt>
      <trkpt lat="48.82864523740804" lon="2.159663704238196">
        <ele>173.98000000000002</ele>
      </trkpt>
      <trkpt lat="48.82856" lon="2.15973">
        <ele>173.88612484555637</ele>
      </trkpt>
      <trkpt lat="48.828306722628184" lon="2.1598274143737797">
        <ele>173.63</ele>
      </trkpt>
      <trkpt lat="48.828300000000006" lon="2.1598300000000004">
        <ele>173.6242166678501</ele>
      </trkpt>
      <trkpt lat="48.828390000000006" lon="2.1599600000000003">
        <ele>173.52064365386013</ele>
      </trkpt>
      <trkpt lat="48.82841658939029" lon="2.16002204191065">
        <ele>173.48000000000002</ele>
      </trkpt>
      <trkpt lat="48.82841658939029" lon="2.16002204191065">
        <ele>173.49</ele>
      </trkpt>
      <trkpt lat="48.828450000000004" lon="2.1601000000000004">
        <ele>173.44311575154848</ele>
      </trkpt>
      <trkpt lat="48.828457350991755" lon="2.1604234436371605">
        <ele>173.28</ele>
      </trkpt>
      <trkpt lat="48.82846000000001" lon="2.16054">
        <ele>173.2071066709423</ele>
      </trkpt>
      <trkpt lat="48.82842" lon="2.16109">
        <ele>172.86125480280555</ele>
      </trkpt>
      <trkpt lat="48.82843559844798" lon="2.161362972839626">
        <ele>172.69</ele>
      </trkpt>
      <trkpt lat="48.82844" lon="2.1614400000000002">
        <ele>172.60063634983436</ele>
      </trkpt>
      <trkpt lat="48.82844805505092" lon="2.1614910153225058">
        <ele>172.54000000000002</ele>
      </trkpt>
      <trkpt lat="48.82847" lon="2.16163">
        <ele>172.31857335975133</ele>
      </trkpt>
      <trkpt lat="48.82847" lon="2.16162">
        <ele>172.30308101203087</ele>
      </trkpt>
      <trkpt lat="48.82848539527056" lon="2.1617226351370924">
        <ele>172.14000000000001</ele>
      </trkpt>
      <trkpt lat="48.82852335610201" lon="2.161975707346692">
        <ele>171.71</ele>
      </trkpt>
      <trkpt lat="48.82854233651773" lon="2.162102243451491">
        <ele>171.52</ele>
      </trkpt>
      <trkpt lat="48.828561316933445" lon="2.1622287795562904">
        <ele>171.37</ele>
      </trkpt>
      <trkpt lat="48.8285896876601" lon="2.162417917733991">
        <ele>171.25</ele>
      </trkpt>
      <trkpt lat="48.82861925714985" lon="2.1626150476656787">
        <ele>171.21</ele>
      </trkpt>
      <trkpt lat="48.82864862684576" lon="2.1628108456383686">
        <ele>171.15000000000003</ele>
      </trkpt>
      <trkpt lat="48.82865" lon="2.16282">
        <ele>171.1375038992179</ele>
      </trkpt>
      <trkpt lat="48.82865027547944" lon="2.1628406609579196">
        <ele>171.11</ele>
      </trkpt>
      <trkpt lat="48.82865369913513" lon="2.1630974351343673">
        <ele>170.66</ele>
      </trkpt>
      <trkpt lat="48.82865542917391" lon="2.1632271880426783">
        <ele>170.49</ele>
      </trkpt>
      <trkpt lat="48.82865714100175" lon="2.163355575130902">
        <ele>170.37</ele>
      </trkpt>
      <trkpt lat="48.82865885282959" lon="2.163483962219126">
        <ele>170.29000000000002</ele>
      </trkpt>
      <trkpt lat="48.828660000000006" lon="2.16357">
        <ele>170.26347642315113</ele>
      </trkpt>
      <trkpt lat="48.8286591035309" lon="2.1636137028688203">
        <ele>170.25</ele>
      </trkpt>
      <trkpt lat="48.82865647068812" lon="2.1637420539546754">
        <ele>170.26000000000002</ele>
      </trkpt>
      <trkpt lat="48.82865383784532" lon="2.16387040504053">
        <ele>170.32000000000002</ele>
      </trkpt>
      <trkpt lat="48.82864694763973" lon="2.1642063025630875">
        <ele>169.99</ele>
      </trkpt>
      <trkpt lat="48.82864140186451" lon="2.1644766591056337">
        <ele>169.8</ele>
      </trkpt>
      <trkpt lat="48.82863862897689" lon="2.1646118373769063">
        <ele>169.73000000000002</ele>
      </trkpt>
      <trkpt lat="48.82863448364995" lon="2.164813922065274">
        <ele>169.69</ele>
      </trkpt>
      <trkpt lat="48.828630338323" lon="2.1650160067536417">
        <ele>169.69</ele>
      </trkpt>
      <trkpt lat="48.82862" lon="2.1655200000000003">
        <ele>169.6078100418164</ele>
      </trkpt>
      <trkpt lat="48.82873217253593" lon="2.1655113044545793">
        <ele>169.58</ele>
      </trkpt>
      <trkpt lat="48.828948627562326" lon="2.165494524995169">
        <ele>169.49</ele>
      </trkpt>
      <trkpt lat="48.82921358288508" lon="2.1654739858228624">
        <ele>169.35</ele>
      </trkpt>
      <trkpt lat="48.82934022254783" lon="2.1654641687947427">
        <ele>169.32000000000002</ele>
      </trkpt>
      <trkpt lat="48.82990067041698" lon="2.1654207232234906">
        <ele>169.09</ele>
      </trkpt>
      <trkpt lat="48.829910000000005" lon="2.16542">
        <ele>169.09142294705526</ele>
      </trkpt>
      <trkpt lat="48.83003195934215" lon="2.16542">
        <ele>169.11</ele>
      </trkpt>
      <trkpt lat="48.830162361085165" lon="2.16542">
        <ele>169.21000000000004</ele>
      </trkpt>
      <trkpt lat="48.8303" lon="2.16542">
        <ele>169.36252142516662</ele>
      </trkpt>
      <trkpt lat="48.830424045281916" lon="2.165416735650476">
        <ele>169.5</ele>
      </trkpt>
      <trkpt lat="48.83068" lon="2.16541">
        <ele>169.74454563830307</ele>
      </trkpt>
      <trkpt lat="48.8306857004563" lon="2.1654095069875634">
        <ele>169.75</ele>
      </trkpt>
      <trkpt lat="48.83077279369495" lon="2.165401974599356">
        <ele>169.82000000000002</ele>
      </trkpt>
      <trkpt lat="48.830903882487135" lon="2.1653906371903022">
        <ele>169.9</ele>
      </trkpt>
      <trkpt lat="48.83103497127932" lon="2.1653792997812484">
        <ele>169.85</ele>
      </trkpt>
      <trkpt lat="48.83116695793995" lon="2.1653678847187074">
        <ele>169.73000000000002</ele>
      </trkpt>
      <trkpt lat="48.83125494904703" lon="2.1653602746770138">
        <ele>169.6</ele>
      </trkpt>
      <trkpt lat="48.83151802449984" lon="2.165337522205419">
        <ele>169.14000000000001</ele>
      </trkpt>
      <trkpt lat="48.831781099952664" lon="2.165314769733824">
        <ele>168.78</ele>
      </trkpt>
      <trkpt lat="48.831825095506204" lon="2.1653109647129773">
        <ele>167.76000000000002</ele>
      </trkpt>
      <trkpt lat="48.83186998892819" lon="2.1653070820386437">
        <ele>166.65</ele>
      </trkpt>
      <trkpt lat="48.83191398448173" lon="2.165303277017797">
        <ele>165.4</ele>
      </trkpt>
      <trkpt lat="48.83195798003527" lon="2.16529947199695">
        <ele>164.01000000000002</ele>
      </trkpt>
      <trkpt lat="48.832002873457256" lon="2.165295589322616">
        <ele>162.52</ele>
      </trkpt>
      <trkpt lat="48.83217975353986" lon="2.1652802915857423">
        <ele>156.23000000000002</ele>
      </trkpt>
      <trkpt lat="48.83231263806893" lon="2.1652687988697146">
        <ele>153.26</ele>
      </trkpt>
      <trkpt lat="48.832445522598" lon="2.1652573061536873">
        <ele>150.16000000000003</ele>
      </trkpt>
      <trkpt lat="48.83247425438807" lon="2.165254821242114">
        <ele>149.52</ele>
      </trkpt>
      <trkpt lat="48.83247425438807" lon="2.165254821242114">
        <ele>149.6</ele>
      </trkpt>
      <trkpt lat="48.832530000000006" lon="2.1652500000000003">
        <ele>148.41148480273722</ele>
      </trkpt>
      <trkpt lat="48.83253711135518" lon="2.1652504183150105">
        <ele>148.26</ele>
      </trkpt>
      <trkpt lat="48.83258204380175" lon="2.165253061400103">
        <ele>147.42000000000002</ele>
      </trkpt>
      <trkpt lat="48.83262607759939" lon="2.1652556516234935">
        <ele>146.66</ele>
      </trkpt>
      <trkpt lat="48.832670111397036" lon="2.1652582418468844">
        <ele>146.00000000000003</ele>
      </trkpt>
      <trkpt lat="48.832715043843606" lon="2.1652608849319765">
        <ele>145.42000000000002</ele>
      </trkpt>
      <trkpt lat="48.832759077641256" lon="2.1652634751553674">
        <ele>144.93</ele>
      </trkpt>
      <trkpt lat="48.83280311143889" lon="2.1652660653787583">
        <ele>144.53000000000003</ele>
      </trkpt>
      <trkpt lat="48.83284804388546" lon="2.1652687084638504">
        <ele>144.21</ele>
      </trkpt>
      <trkpt lat="48.83287000000001" lon="2.16527">
        <ele>144.0753727081559</ele>
      </trkpt>
      <trkpt lat="48.83287285289059" lon="2.1653032837234116">
        <ele>143.94</ele>
      </trkpt>
      <trkpt lat="48.83287854296258" lon="2.1653696678967314">
        <ele>143.72</ele>
      </trkpt>
      <trkpt lat="48.832884349158505" lon="2.165437406849099">
        <ele>143.54</ele>
      </trkpt>
      <trkpt lat="48.8328957293025" lon="2.1655701751957395">
        <ele>143.22</ele>
      </trkpt>
      <trkpt lat="48.83290722557041" lon="2.165704298321427">
        <ele>142.38</ele>
      </trkpt>
      <trkpt lat="48.83293010198233" lon="2.165971189793755">
        <ele>140.48000000000002</ele>
      </trkpt>
      <trkpt lat="48.83293579205433" lon="2.166037573967075">
        <ele>140.05</ele>
      </trkpt>
      <trkpt lat="48.83294148212632" lon="2.166103958140395">
        <ele>139.65000000000003</ele>
      </trkpt>
      <trkpt lat="48.832947288322245" lon="2.1661716970927625">
        <ele>139.29000000000002</ele>
      </trkpt>
      <trkpt lat="48.83295297839424" lon="2.1662380812660826">
        <ele>138.97</ele>
      </trkpt>
      <trkpt lat="48.83295866846625" lon="2.166304465439403">
        <ele>138.68</ele>
      </trkpt>
      <trkpt lat="48.83296000000001" lon="2.1663200000000002">
        <ele>138.62149749925152</ele>
      </trkpt>
      <trkpt lat="48.83296000000001" lon="2.16631">
        <ele>138.58415322195137</ele>
      </trkpt>
      <trkpt lat="48.832963188406815" lon="2.16635099380178">
        <ele>138.43</ele>
      </trkpt>
      <trkpt lat="48.832968464774524" lon="2.1664188328152134">
        <ele>138.23000000000002</ele>
      </trkpt>
      <trkpt lat="48.83297880645523" lon="2.1665517972815436">
        <ele>137.95000000000002</ele>
      </trkpt>
      <trkpt lat="48.83298397729559" lon="2.166618279514709">
        <ele>137.85</ele>
      </trkpt>
      <trkpt lat="48.8329892536633" lon="2.1666861185281427">
        <ele>137.79000000000002</ele>
      </trkpt>
      <trkpt lat="48.83299442450367" lon="2.166752600761308">
        <ele>137.76000000000002</ele>
      </trkpt>
      <trkpt lat="48.83299959534402" lon="2.166819082994473">
        <ele>137.77</ele>
      </trkpt>
      <trkpt lat="48.833004766184374" lon="2.1668855652276378">
        <ele>137.81</ele>
      </trkpt>
      <trkpt lat="48.83301004255209" lon="2.1669534042410716">
        <ele>137.9</ele>
      </trkpt>
      <trkpt lat="48.83301521339244" lon="2.167019886474237">
        <ele>138.02</ele>
      </trkpt>
      <trkpt lat="48.83302555507316" lon="2.167152850940567">
        <ele>138.36</ele>
      </trkpt>
      <trkpt lat="48.83303" lon="2.1672100000000003">
        <ele>138.5301862091975</ele>
      </trkpt>
      <trkpt lat="48.83306783390629" lon="2.1672622998116466">
        <ele>138.76000000000002</ele>
      </trkpt>
      <trkpt lat="48.83336250234386" lon="2.167669635592982">
        <ele>140.66</ele>
      </trkpt>
      <trkpt lat="48.83349354000119" lon="2.1678507758840047">
        <ele>141.44</ele>
      </trkpt>
      <trkpt lat="48.83352613312408" lon="2.1678958310832943">
        <ele>141.61</ele>
      </trkpt>
      <trkpt lat="48.833591984535644" lon="2.167986860975737">
        <ele>141.87000000000003</ele>
      </trkpt>
      <trkpt lat="48.83365717078142" lon="2.168076971374317">
        <ele>142.02</ele>
      </trkpt>
      <trkpt lat="48.83375095915545" lon="2.168206620009008">
        <ele>141.3</ele>
      </trkpt>
      <trkpt lat="48.83381281957237" lon="2.1682921329382725">
        <ele>140.78</ele>
      </trkpt>
      <trkpt lat="48.83393787073775" lon="2.1684649977845276">
        <ele>139.67000000000002</ele>
      </trkpt>
      <trkpt lat="48.834050000000005" lon="2.16862">
        <ele>138.6370395335266</ele>
      </trkpt>
      <trkpt lat="48.834062670081636" lon="2.1687086905714135">
        <ele>138.23000000000002</ele>
      </trkpt>
      <trkpt lat="48.83408040872488" lon="2.1688328610741334">
        <ele>137.68000000000004</ele>
      </trkpt>
      <trkpt lat="48.834097765891926" lon="2.168954361243461">
        <ele>137.55</ele>
      </trkpt>
      <trkpt lat="48.83413057284503" lon="2.169184009915158">
        <ele>137.06</ele>
      </trkpt>
      <trkpt lat="48.83415517805985" lon="2.169356246418931">
        <ele>136.73000000000002</ele>
      </trkpt>
      <trkpt lat="48.83417000000001" lon="2.1694600000000004">
        <ele>136.4905743187682</ele>
      </trkpt>
      <trkpt lat="48.83418296939012" lon="2.169605257169293">
        <ele>136.16</ele>
      </trkpt>
      <trkpt lat="48.83419191449195" lon="2.169705442309876">
        <ele>136</ele>
      </trkpt>
      <trkpt lat="48.83422" lon="2.17002">
        <ele>135.4401384810175</ele>
      </trkpt>
      <trkpt lat="48.834237792946745" lon="2.1701534471005193">
        <ele>135.20000000000002</ele>
      </trkpt>
      <trkpt lat="48.83427135865937" lon="2.1704051899452126">
        <ele>134.53</ele>
      </trkpt>
      <trkpt lat="48.83428000000001" lon="2.1704700000000003">
        <ele>134.38480075533073</ele>
      </trkpt>
      <trkpt lat="48.83435997768145" lon="2.1704400083694577">
        <ele>134.11</ele>
      </trkpt>
      <trkpt lat="48.83454158589124" lon="2.170371905290789">
        <ele>133.55</ele>
      </trkpt>
      <trkpt lat="48.83464723297482" lon="2.170332287634448">
        <ele>133.25</ele>
      </trkpt>
      <trkpt lat="48.834680000000006" lon="2.1703200000000002">
        <ele>133.08102208127647</ele>
      </trkpt>
      <trkpt lat="48.83478" lon="2.17035">
        <ele>132.57068596410187</ele>
      </trkpt>
      <trkpt lat="48.834814985254525" lon="2.170336544132874">
        <ele>132.39000000000001</ele>
      </trkpt>
      <trkpt lat="48.83485596068856" lon="2.1703207843505576">
        <ele>132.14000000000001</ele>
      </trkpt>
      <trkpt lat="48.83489780794032" lon="2.170304689253723">
        <ele>131.86</ele>
      </trkpt>
      <trkpt lat="48.83498063062611" lon="2.1702728343745727">
        <ele>131.23000000000002</ele>
      </trkpt>
      <trkpt lat="48.83510442874593" lon="2.1702252197131053">
        <ele>130.23000000000002</ele>
      </trkpt>
      <trkpt lat="48.83522997050123" lon="2.170176934422603">
        <ele>129.32000000000002</ele>
      </trkpt>
      <trkpt lat="48.83531540864026" lon="2.1701440735999">
        <ele>128.95000000000002</ele>
      </trkpt>
      <trkpt lat="48.835358127709775" lon="2.170127643188549">
        <ele>128.79000000000002</ele>
      </trkpt>
      <trkpt lat="48.83543" lon="2.1701">
        <ele>128.55541582444636</ele>
      </trkpt>
      <trkpt lat="48.835478665819274" lon="2.1703108852168507">
        <ele>128.09</ele>
      </trkpt>
      <trkpt lat="48.83549000000001" lon="2.17036">
        <ele>127.96115628745463</ele>
      </trkpt>
      <trkpt lat="48.835516848078875" lon="2.170357559265557">
        <ele>127.86</ele>
      </trkpt>
      <trkpt lat="48.83560000000001" lon="2.17035">
        <ele>127.53031414511113</ele>
      </trkpt>
      <trkpt lat="48.835665418439625" lon="2.1704084093210914">
        <ele>127.23</ele>
      </trkpt>
      <trkpt lat="48.835779393284675" lon="2.170510172575599">
        <ele>126.78</ele>
      </trkpt>
      <trkpt lat="48.83588" lon="2.1706000000000003">
        <ele>126.57199044088394</ele>
      </trkpt>
      <trkpt lat="48.835880183880576" lon="2.170601673313264">
        <ele>126.57000000000001</ele>
      </trkpt>
      <trkpt lat="48.835912616251" lon="2.1708968078840707">
        <ele>126.28</ele>
      </trkpt>
      <trkpt lat="48.83594756620269" lon="2.1712148524443915">
        <ele>125.5</ele>
      </trkpt>
      <trkpt lat="48.83596163503917" lon="2.171342878856385">
        <ele>125.24000000000001</ele>
      </trkpt>
      <trkpt lat="48.835980000000006" lon="2.17151">
        <ele>124.97614971240532</ele>
      </trkpt>
      <trkpt lat="48.835988172639" lon="2.1715296143335934">
        <ele>124.94000000000001</ele>
      </trkpt>
      <trkpt lat="48.83603" lon="2.1716300000000004">
        <ele>124.83303785758794</ele>
      </trkpt>
      <trkpt lat="48.836020000000005" lon="2.1716300000000004">
        <ele>124.81936013329494</ele>
      </trkpt>
      <trkpt lat="48.83623" lon="2.1719500000000003">
        <ele>124.41254369373158</ele>
      </trkpt>
      <trkpt lat="48.83622414831815" lon="2.1719607280833877">
        <ele>124.4</ele>
      </trkpt>
      <trkpt lat="48.83617" lon="2.17206">
        <ele>124.24114019565755</ele>
      </trkpt>
      <trkpt lat="48.83614000000001" lon="2.1721700000000004">
        <ele>124.09442898115888</ele>
      </trkpt>
      <trkpt lat="48.83615" lon="2.17231">
        <ele>123.92091424771854</ele>
      </trkpt>
      <trkpt lat="48.836157526466636" lon="2.1723225441110547">
        <ele>123.9</ele>
      </trkpt>
      <trkpt lat="48.836180000000006" lon="2.1723600000000003">
        <ele>123.82731493324005</ele>
      </trkpt>
      <trkpt lat="48.83627935794307" lon="2.172373247725743">
        <ele>123.61000000000001</ele>
      </trkpt>
      <trkpt lat="48.836330000000004" lon="2.17238">
        <ele>123.48235659540265</ele>
      </trkpt>
      <trkpt lat="48.836360000000006" lon="2.1725000000000003">
        <ele>123.27021255029088</ele>
      </trkpt>
      <trkpt lat="48.83641" lon="2.1725600000000003">
        <ele>123.11023221725614</ele>
      </trkpt>
      <trkpt lat="48.836433198201675" lon="2.1725692792806703">
        <ele>123.05</ele>
      </trkpt>
      <trkpt lat="48.83647581275055" lon="2.172586325100219">
        <ele>122.96000000000001</ele>
      </trkpt>
      <trkpt lat="48.836510000000004" lon="2.1726">
        <ele>122.90496608847099</ele>
      </trkpt>
      <trkpt lat="48.83651960320528" lon="2.1726006859432343">
        <ele>122.89000000000001</ele>
      </trkpt>
      <trkpt lat="48.836563621379014" lon="2.1726038300985007">
        <ele>122.85000000000001</ele>
      </trkpt>
      <trkpt lat="48.836650000000006" lon="2.17261">
        <ele>122.83057481662183</ele>
      </trkpt>
      <trkpt lat="48.83665009631957" lon="2.1726138848890315">
        <ele>122.83000000000001</ele>
      </trkpt>
      <trkpt lat="48.83665344763403" lon="2.1727490545721655">
        <ele>122.9</ele>
      </trkpt>
      <trkpt lat="48.83665679894848" lon="2.172884224255299">
        <ele>123.02</ele>
      </trkpt>
      <trkpt lat="48.836662012104306" lon="2.17309448820684">
        <ele>123.09</ele>
      </trkpt>
      <trkpt lat="48.83666370468737" lon="2.173162755723575">
        <ele>122.98</ele>
      </trkpt>
      <trkpt lat="48.83666536341876" lon="2.1732296578899737">
        <ele>122.84</ele>
      </trkpt>
      <trkpt lat="48.83666705600182" lon="2.1732979254067084">
        <ele>122.64000000000001</ele>
      </trkpt>
      <trkpt lat="48.83667206604768" lon="2.1734999972562417">
        <ele>121.9</ele>
      </trkpt>
      <trkpt lat="48.836673724779075" lon="2.173566899422641">
        <ele>121.69</ele>
      </trkpt>
      <trkpt lat="48.836675383510475" lon="2.17363380158904">
        <ele>121.53000000000002</ele>
      </trkpt>
      <trkpt lat="48.83667707609354" lon="2.1737020691057745">
        <ele>121.43</ele>
      </trkpt>
      <trkpt lat="48.83667873482493" lon="2.173768971272174">
        <ele>121.36000000000001</ele>
      </trkpt>
      <trkpt lat="48.83668" lon="2.17382">
        <ele>121.33357387496211</ele>
      </trkpt>
      <trkpt lat="48.836663275956" lon="2.1739002754112047">
        <ele>121.29</ele>
      </trkpt>
      <trkpt lat="48.83664997833215" lon="2.173964104005717">
        <ele>121.23</ele>
      </trkpt>
      <trkpt lat="48.83660981408049" lon="2.174156892413632">
        <ele>120.97</ele>
      </trkpt>
      <trkpt lat="48.836582947452705" lon="2.174285852227034">
        <ele>120.85000000000001</ele>
      </trkpt>
      <trkpt lat="48.836569649828846" lon="2.1743496808215466">
        <ele>120.83</ele>
      </trkpt>
      <trkpt lat="48.836542783201054" lon="2.174478640634949">
        <ele>120.84</ele>
      </trkpt>
      <trkpt lat="48.83653" lon="2.1745400000000004">
        <ele>120.87051298424605</ele>
      </trkpt>
      <trkpt lat="48.83653" lon="2.17475">
        <ele>120.97007450151045</ele>
      </trkpt>
      <trkpt lat="48.83651586756192" lon="2.1748093562399498">
        <ele>121.00000000000001</ele>
      </trkpt>
      <trkpt lat="48.83644030691273" lon="2.1751267109665644">
        <ele>121.05</ele>
      </trkpt>
      <trkpt lat="48.83643000000001" lon="2.17517">
        <ele>121.07382279516719</ele>
      </trkpt>
      <trkpt lat="48.83638585641221" lon="2.1752288581170673">
        <ele>121.12</ele>
      </trkpt>
      <trkpt lat="48.83635273575755" lon="2.175273018989938">
        <ele>121.19</ele>
      </trkpt>
      <trkpt lat="48.8363196151029" lon="2.175317179862808">
        <ele>121.32000000000001</ele>
      </trkpt>
      <trkpt lat="48.83628581851652" lon="2.175362241977982">
        <ele>121.52</ele>
      </trkpt>
      <trkpt lat="48.83625269786187" lon="2.1754064028508524">
        <ele>121.82000000000001</ele>
      </trkpt>
      <trkpt lat="48.83625000000001" lon="2.1754100000000003">
        <ele>121.85339678440998</ele>
      </trkpt>
      <trkpt lat="48.836232639818874" lon="2.1754655525796434">
        <ele>122.23</ele>
      </trkpt>
      <trkpt lat="48.83621335444735" lon="2.1755272657684817">
        <ele>122.76</ele>
      </trkpt>
      <trkpt lat="48.83619445478327" lon="2.1755877446935434">
        <ele>123.37</ele>
      </trkpt>
      <trkpt lat="48.83617555511919" lon="2.175648223618605">
        <ele>124.03000000000002</ele>
      </trkpt>
      <trkpt lat="48.83615125555109" lon="2.175725982236542">
        <ele>124.60000000000001</ele>
      </trkpt>
      <trkpt lat="48.83615" lon="2.17573">
        <ele>124.61851754954067</ele>
      </trkpt>
      <trkpt lat="48.836103557711084" lon="2.1759423076064923">
        <ele>125.55000000000003</ele>
      </trkpt>
      <trkpt lat="48.83608654014979" lon="2.1760201021723895">
        <ele>125</ele>
      </trkpt>
      <trkpt lat="48.83608" lon="2.17605">
        <ele>124.83745251935824</ele>
      </trkpt>
      <trkpt lat="48.836076098575596" lon="2.1761014988021214">
        <ele>124.57000000000001</ele>
      </trkpt>
      <trkpt lat="48.8360558412854" lon="2.1763688950327045">
        <ele>123.95</ele>
      </trkpt>
      <trkpt lat="48.83604082826831" lon="2.1765670668584156">
        <ele>123.91</ele>
      </trkpt>
      <trkpt lat="48.83603" lon="2.1767100000000004">
        <ele>123.91</ele>
      </trkpt>
      <trkpt lat="48.83603" lon="2.176764237022443">
        <ele>123.91</ele>
      </trkpt>
      <trkpt lat="48.83603" lon="2.177">
        <ele>124.25967219462046</ele>
      </trkpt>
      <trkpt lat="48.8360157651404" lon="2.177071174298023">
        <ele>124.37</ele>
      </trkpt>
      <trkpt lat="48.8360157651404" lon="2.177071174298023">
        <ele>124.38</ele>
      </trkpt>
      <trkpt lat="48.83597497785689" lon="2.17727511071556">
        <ele>124.76</ele>
      </trkpt>
      <trkpt lat="48.83597" lon="2.1773000000000002">
        <ele>124.79966440884247</ele>
      </trkpt>
      <trkpt lat="48.835910000000005" lon="2.17729">
        <ele>124.93949182426702</ele>
      </trkpt>
      <trkpt lat="48.835859096580634" lon="2.1773062890941994">
        <ele>125.06</ele>
      </trkpt>
      <trkpt lat="48.83572797460764" lon="2.177348248125557">
        <ele>125.24000000000001</ele>
      </trkpt>
      <trkpt lat="48.835660000000004" lon="2.1773700000000002">
        <ele>125.37399245616808</ele>
      </trkpt>
      <trkpt lat="48.83564144383195" lon="2.1773730926946753">
        <ele>125.41000000000003</ele>
      </trkpt>
      <trkpt lat="48.83555294188207" lon="2.1773878430196563">
        <ele>125.62</ele>
      </trkpt>
      <trkpt lat="48.835480000000004" lon="2.1774">
        <ele>125.82398551482555</ele>
      </trkpt>
      <trkpt lat="48.83542156204321" lon="2.1774187001461724">
        <ele>125.99000000000001</ele>
      </trkpt>
      <trkpt lat="48.835291320130956" lon="2.177460377558095">
        <ele>126.42</ele>
      </trkpt>
      <trkpt lat="48.83523" lon="2.17748">
        <ele>126.64447552396148</ele>
      </trkpt>
      <trkpt lat="48.83517041597074" lon="2.17753958402927">
        <ele>126.9</ele>
      </trkpt>
      <trkpt lat="48.835150000000006" lon="2.17756">
        <ele>126.99916302075187</ele>
      </trkpt>
      <trkpt lat="48.83507267949504" lon="2.177675980757438">
        <ele>127.44</ele>
      </trkpt>
      <trkpt lat="48.83507" lon="2.17768">
        <ele>127.45751709279008</ele>
      </trkpt>
      <trkpt lat="48.83501048180096" lon="2.1777708435669614">
        <ele>127.85000000000002</ele>
      </trkpt>
      <trkpt lat="48.83491658548995" lon="2.177914158989031">
        <ele>128.86</ele>
      </trkpt>
      <trkpt lat="48.834880000000005" lon="2.17797">
        <ele>129.28898098622537</ele>
      </trkpt>
      <trkpt lat="48.83471095911906" lon="2.1779860991315187">
        <ele>130.69</ele>
      </trkpt>
      <trkpt lat="48.83467" lon="2.1779900000000003">
        <ele>131.01595591841152</ele>
      </trkpt>
      <trkpt lat="48.83462342422738" lon="2.1780005854028692">
        <ele>131.39000000000001</ele>
      </trkpt>
      <trkpt lat="48.83457984241117" lon="2.1780104903610984">
        <ele>131.72</ele>
      </trkpt>
      <trkpt lat="48.834450000000004" lon="2.17804">
        <ele>132.61760859768734</ele>
      </trkpt>
      <trkpt lat="48.83444826483808" lon="2.1780407952825493">
        <ele>132.63</ele>
      </trkpt>
      <trkpt lat="48.8343216989813" lon="2.1780988046335756">
        <ele>133.48000000000002</ele>
      </trkpt>
      <trkpt lat="48.834226989836765" lon="2.178142212991487">
        <ele>134.07000000000002</ele>
      </trkpt>
      <trkpt lat="48.834226989836765" lon="2.178142212991487">
        <ele>134.09</ele>
      </trkpt>
      <trkpt lat="48.83415552748225" lon="2.178174966570638">
        <ele>134.49</ele>
      </trkpt>
      <trkpt lat="48.83407028925217" lon="2.1782140340927576">
        <ele>134.91</ele>
      </trkpt>
      <trkpt lat="48.83397" lon="2.1782600000000003">
        <ele>135.35509007560302</ele>
      </trkpt>
      <trkpt lat="48.83385552755736" lon="2.1782927064121824">
        <ele>135.85</ele>
      </trkpt>
      <trkpt lat="48.833768912457714" lon="2.178317453583512">
        <ele>136.18</ele>
      </trkpt>
      <trkpt lat="48.833760000000005" lon="2.1783200000000003">
        <ele>136.2081531122342</ele>
      </trkpt>
      <trkpt lat="48.833600000000004" lon="2.1783300000000003">
        <ele>136.70528116538537</ele>
      </trkpt>
      <trkpt lat="48.83344" lon="2.1783">
        <ele>137.20575791114234</ele>
      </trkpt>
      <trkpt lat="48.83341700815389" lon="2.178290003545167">
        <ele>137.28</ele>
      </trkpt>
      <trkpt lat="48.83321" lon="2.1782000000000004">
        <ele>137.88531526180896</ele>
      </trkpt>
      <trkpt lat="48.83314000000001" lon="2.17815">
        <ele>138.10276923800726</ele>
      </trkpt>
      <trkpt lat="48.833130000000004" lon="2.17815">
        <ele>138.1308817013681</ele>
      </trkpt>
      <trkpt lat="48.83304250523873" lon="2.17809099190519">
        <ele>138.40000000000003</ele>
      </trkpt>
      <trkpt lat="48.83292167644128" lon="2.178009502716211">
        <ele>138.83</ele>
      </trkpt>
      <trkpt lat="48.83280495746687" lon="2.1779307852683543">
        <ele>138.94</ele>
      </trkpt>
      <trkpt lat="48.8327" lon="2.1778600000000004">
        <ele>139.08485951579252</ele>
      </trkpt>
      <trkpt lat="48.832610911774466" lon="2.1777937017856477">
        <ele>139.21</ele>
      </trkpt>
      <trkpt lat="48.832342780564204" lon="2.177594162280335">
        <ele>139.53</ele>
      </trkpt>
      <trkpt lat="48.83227" lon="2.17754">
        <ele>139.66132610226475</ele>
      </trkpt>
      <trkpt lat="48.83214" lon="2.17747">
        <ele>139.8848231722651</ele>
      </trkpt>
      <trkpt lat="48.832004511467886" lon="2.177423100123497">
        <ele>140.11</ele>
      </trkpt>
      <trkpt lat="48.831880000000005" lon="2.1773800000000003">
        <ele>140.25256937708045</ele>
      </trkpt>
      <trkpt lat="48.83193326428079" lon="2.1775017469275086">
        <ele>140.36</ele>
      </trkpt>
      <trkpt lat="48.83198254577073" lon="2.177614390333079">
        <ele>140.49</ele>
      </trkpt>
      <trkpt lat="48.83202000000001" lon="2.1777">
        <ele>140.62224104836736</ele>
      </trkpt>
      <trkpt lat="48.83207811916954" lon="2.1777851030696724">
        <ele>140.78</ele>
      </trkpt>
      <trkpt lat="48.83207811916954" lon="2.1777851030696724">
        <ele>140.75</ele>
      </trkpt>
      <trkpt lat="48.83210855164637" lon="2.1778296649107496">
        <ele>140.86</ele>
      </trkpt>
      <trkpt lat="48.83217265409757" lon="2.177923529214295">
        <ele>141.16</ele>
      </trkpt>
      <trkpt lat="48.832205029072924" lon="2.1779709354282066">
        <ele>141.35</ele>
      </trkpt>
      <trkpt lat="48.83226977902363" lon="2.1780657478560297">
        <ele>141.79</ele>
      </trkpt>
      <trkpt lat="48.832300000000004" lon="2.17811">
        <ele>142.04372765146718</ele>
      </trkpt>
      <trkpt lat="48.83235490291572" lon="2.1782221929147267">
        <ele>142.6</ele>
      </trkpt>
      <trkpt lat="48.83246167550227" lon="2.1784403803742007">
        <ele>143.87000000000003</ele>
      </trkpt>
      <trkpt lat="48.832488502785324" lon="2.178495201343918">
        <ele>144.13</ele>
      </trkpt>
      <trkpt lat="48.832515330068375" lon="2.178550022313635">
        <ele>144.33</ele>
      </trkpt>
      <trkpt lat="48.832530000000006" lon="2.17858">
        <ele>144.4025385173836</ele>
      </trkpt>
      <trkpt lat="48.83254032966087" lon="2.178605086319263">
        <ele>144.46</ele>
      </trkpt>
      <trkpt lat="48.832564176263396" lon="2.1786629994968125">
        <ele>144.51</ele>
      </trkpt>
      <trkpt lat="48.83258802286592" lon="2.1787209126743625">
        <ele>144.50000000000003</ele>
      </trkpt>
      <trkpt lat="48.832600000000006" lon="2.17875">
        <ele>144.46484197758167</ele>
      </trkpt>
      <trkpt lat="48.83260730439168" lon="2.178782139323368">
        <ele>144.43</ele>
      </trkpt>
      <trkpt lat="48.83262197943175" lon="2.1788467094996875">
        <ele>144.32</ele>
      </trkpt>
      <trkpt lat="48.83265" lon="2.17897">
        <ele>144.01296029187827</ele>
      </trkpt>
      <trkpt lat="48.83265671784642" lon="2.1791110747747755">
        <ele>143.68</ele>
      </trkpt>
      <trkpt lat="48.83265996224745" lon="2.179179207196184">
        <ele>143.54</ele>
      </trkpt>
      <trkpt lat="48.832660000000004" lon="2.17918">
        <ele>143.53869389372082</ele>
      </trkpt>
      <trkpt lat="48.8326578687067" lon="2.1792460700926686">
        <ele>143.43</ele>
      </trkpt>
      <trkpt lat="48.83265566778452" lon="2.179314298679904">
        <ele>143.34000000000003</ele>
      </trkpt>
      <trkpt lat="48.83265" lon="2.1794900000000004">
        <ele>143.15973696209983</ele>
      </trkpt>
      <trkpt lat="48.832644087015815" lon="2.179517593926186">
        <ele>143.13</ele>
      </trkpt>
      <trkpt lat="48.83260984626611" lon="2.1796773840914767">
        <ele>143.16</ele>
      </trkpt>
      <trkpt lat="48.83259676240241" lon="2.1797384421221158">
        <ele>143.66</ele>
      </trkpt>
      <trkpt lat="48.83259" lon="2.17977">
        <ele>143.93834556690223</ele>
      </trkpt>
      <trkpt lat="48.832580367870904" lon="2.1797988963872945">
        <ele>144.21</ele>
      </trkpt>
      <trkpt lat="48.83256127264467" lon="2.179856182066003">
        <ele>144.81000000000003</ele>
      </trkpt>
      <trkpt lat="48.832530000000006" lon="2.1799500000000003">
        <ele>145.86988816133123</ele>
      </trkpt>
      <trkpt lat="48.83247" lon="2.18007">
        <ele>147.3886763830179</ele>
      </trkpt>
      <trkpt lat="48.83246730618791" lon="2.1800730305386113">
        <ele>147.44000000000003</ele>
      </trkpt>
      <trkpt lat="48.83243333816396" lon="2.1801112445655515">
        <ele>148.04</ele>
      </trkpt>
      <trkpt lat="48.8323986474161" lon="2.1801502716568955">
        <ele>148.55</ele>
      </trkpt>
      <trkpt lat="48.832390000000004" lon="2.1801600000000003">
        <ele>148.65469404619947</ele>
      </trkpt>
      <trkpt lat="48.832360205688914" lon="2.1801793663022075">
        <ele>148.97000000000003</ele>
      </trkpt>
      <trkpt lat="48.83232134530493" lon="2.180204625551793">
        <ele>149.3</ele>
      </trkpt>
      <trkpt lat="48.83228165810428" lon="2.18023042223222">
        <ele>149.57</ele>
      </trkpt>
      <trkpt lat="48.832190000000004" lon="2.1802900000000003">
        <ele>150.23513973256615</ele>
      </trkpt>
      <trkpt lat="48.83210478319755" lon="2.1803886720870462">
        <ele>150.95</ele>
      </trkpt>
      <trkpt lat="48.83206043795701" lon="2.18044001920767">
        <ele>151.10000000000002</ele>
      </trkpt>
      <trkpt lat="48.832" lon="2.1805100000000004">
        <ele>151.84917136092832</ele>
      </trkpt>
      <trkpt lat="48.83199472233517" lon="2.1805250790423925">
        <ele>151.96</ele>
      </trkpt>
      <trkpt lat="48.83197445681476" lon="2.180582980529254">
        <ele>152.42</ele>
      </trkpt>
      <trkpt lat="48.83193000000001" lon="2.1807100000000004">
        <ele>153.48609180209192</ele>
      </trkpt>
      <trkpt lat="48.83184000000001" lon="2.18082">
        <ele>154.78652221822935</ele>
      </trkpt>
      <trkpt lat="48.83183380039588" lon="2.1808169001979354">
        <ele>154.86</ele>
      </trkpt>
      <trkpt lat="48.831700000000005" lon="2.18075">
        <ele>156.38572840881068</ele>
      </trkpt>
      <trkpt lat="48.83167268012071" lon="2.180722680120707">
        <ele>156.74</ele>
      </trkpt>
      <trkpt lat="48.831564510456744" lon="2.1806145104567314">
        <ele>158.17000000000002</ele>
      </trkpt>
      <trkpt lat="48.83155000000001" lon="2.1806">
        <ele>158.3512206784901</ele>
      </trkpt>
      <trkpt lat="48.831481277330525" lon="2.1805809103695877">
        <ele>159.07999999999998</ele>
      </trkpt>
      <trkpt lat="48.83143881391973" lon="2.1805691149777027">
        <ele>159.5</ele>
      </trkpt>
      <trkpt lat="48.83137000000001" lon="2.18055">
        <ele>160.12391029371264</ele>
      </trkpt>
      <trkpt lat="48.831368402287694" lon="2.1805747645408586">
        <ele>160.27</ele>
      </trkpt>
      <trkpt lat="48.83135568289251" lon="2.1807719151661744">
        <ele>161.27</ele>
      </trkpt>
      <trkpt lat="48.831351472334106" lon="2.180837178821451">
        <ele>161.56</ele>
      </trkpt>
      <trkpt lat="48.83135" lon="2.18086">
        <ele>161.6509159377845</ele>
      </trkpt>
      <trkpt lat="48.83136543564893" lon="2.18089562072829">
        <ele>161.82000000000002</ele>
      </trkpt>
      <trkpt lat="48.831412906340944" lon="2.1810051684790843">
        <ele>162.27</ele>
      </trkpt>
      <trkpt lat="48.831480000000006" lon="2.18116">
        <ele>162.26593761873204</ele>
      </trkpt>
      <trkpt lat="48.831554435843785" lon="2.1814062108678733">
        <ele>162.26000000000002</ele>
      </trkpt>
      <trkpt lat="48.831608109277425" lon="2.1815837460714707">
        <ele>162.23000000000002</ele>
      </trkpt>
      <trkpt lat="48.831610000000005" lon="2.1815900000000004">
        <ele>162.2267709120769</ele>
      </trkpt>
      <trkpt lat="48.83163146265466" lon="2.1816841972065353">
        <ele>162.18</ele>
      </trkpt>
      <trkpt lat="48.83163146265466" lon="2.1816841972065353">
        <ele>162.19</ele>
      </trkpt>
      <trkpt lat="48.831652347985" lon="2.1817758606008004">
        <ele>162.15</ele>
      </trkpt>
      <trkpt lat="48.83175030312589" lon="2.1822057748302397">
        <ele>161.9</ele>
      </trkpt>
      <trkpt lat="48.831790000000005" lon="2.18238">
        <ele>161.8907568403507</ele>
      </trkpt>
      <trkpt lat="48.83179105341202" lon="2.1823950111212174">
        <ele>161.89000000000001</ele>
      </trkpt>
      <trkpt lat="48.83180954792347" lon="2.1826585579093827">
        <ele>161.96</ele>
      </trkpt>
      <trkpt lat="48.831830000000004" lon="2.1829500000000004">
        <ele>161.94234287474742</ele>
      </trkpt>
      <trkpt lat="48.83182687042677" lon="2.182988598069859">
        <ele>161.94</ele>
      </trkpt>
      <trkpt lat="48.831810819037585" lon="2.183186565203178">
        <ele>162</ele>
      </trkpt>
      <trkpt lat="48.8318" lon="2.18332">
        <ele>162.0734994895088</ele>
      </trkpt>
      <trkpt lat="48.83178566031121" lon="2.183513585798641">
        <ele>162.18</ele>
      </trkpt>
      <trkpt lat="48.8317607203841" lon="2.183850274814636">
        <ele>162.52</ele>
      </trkpt>
      <trkpt lat="48.83176" lon="2.18386">
        <ele>162.5279593593153</ele>
      </trkpt>
      <trkpt lat="48.83174421132058" lon="2.183983151699512">
        <ele>162.63000000000002</ele>
      </trkpt>
      <trkpt lat="48.83171876694274" lon="2.184181617846655">
        <ele>162.72</ele>
      </trkpt>
      <trkpt lat="48.83170157479555" lon="2.184315716594724">
        <ele>162.73000000000002</ele>
      </trkpt>
      <trkpt lat="48.83166000000001" lon="2.1846400000000004">
        <ele>162.68104770553884</ele>
      </trkpt>
      <trkpt lat="48.83165887824881" lon="2.1846468624779165">
        <ele>162.68</ele>
      </trkpt>
      <trkpt lat="48.831605127807535" lon="2.1849756887068548">
        <ele>162.66000000000003</ele>
      </trkpt>
      <trkpt lat="48.83156221414879" lon="2.18523821932512">
        <ele>162.54000000000002</ele>
      </trkpt>
      <trkpt lat="48.83150846370751" lon="2.1855670455540586">
        <ele>162.33</ele>
      </trkpt>
      <trkpt lat="48.83149" lon="2.18568">
        <ele>162.27243919709986</ele>
      </trkpt>
      <trkpt lat="48.831457074540026" lon="2.1857497245034807">
        <ele>162.23000000000002</ele>
      </trkpt>
      <trkpt lat="48.83135328151567" lon="2.1859695214962493">
        <ele>162.15</ele>
      </trkpt>
      <trkpt lat="48.831320000000005" lon="2.18604">
        <ele>162.14038041837654</ele>
      </trkpt>
      <trkpt lat="48.83123820394477" lon="2.1861753865741775">
        <ele>162.12</ele>
      </trkpt>
      <trkpt lat="48.831118408155" lon="2.1863736692606928">
        <ele>161.84</ele>
      </trkpt>
      <trkpt lat="48.831030000000005" lon="2.1865200000000002">
        <ele>161.72930142473973</ele>
      </trkpt>
      <trkpt lat="48.831022793706616" lon="2.1865896608361184">
        <ele>161.69</ele>
      </trkpt>
      <trkpt lat="48.831008971929904" lon="2.1867232713442997">
        <ele>161.57000000000002</ele>
      </trkpt>
      <trkpt lat="48.83099515015319" lon="2.1868568818524805">
        <ele>161.38000000000002</ele>
      </trkpt>
      <trkpt lat="48.83098146799039" lon="2.186989142759569">
        <ele>161.07999999999998</ele>
      </trkpt>
      <trkpt lat="48.83097448729509" lon="2.187056622814206">
        <ele>160.89000000000001</ele>
      </trkpt>
      <trkpt lat="48.83097" lon="2.1871">
        <ele>160.7522539461253</ele>
      </trkpt>
      <trkpt lat="48.830965994185675" lon="2.18712221406125">
        <ele>160.68</ele>
      </trkpt>
      <trkpt lat="48.83094247145948" lon="2.187252658270184">
        <ele>160.20000000000002</ele>
      </trkpt>
      <trkpt lat="48.830907306171824" lon="2.1874476657744486">
        <ele>159.39000000000001</ele>
      </trkpt>
      <trkpt lat="48.83089566361036" lon="2.1875122290697795">
        <ele>159.15</ele>
      </trkpt>
      <trkpt lat="48.83087237848746" lon="2.1876413556604413">
        <ele>158.77</ele>
      </trkpt>
      <trkpt lat="48.83086" lon="2.18771">
        <ele>158.65422824726087</ele>
      </trkpt>
      <trkpt lat="48.83085815408078" lon="2.187835522506814">
        <ele>158.45000000000002</ele>
      </trkpt>
      <trkpt lat="48.83085716988739" lon="2.1879024476578683">
        <ele>158.31</ele>
      </trkpt>
      <trkpt lat="48.83085620577957" lon="2.1879680069895135">
        <ele>158.12</ele>
      </trkpt>
      <trkpt lat="48.830855241671756" lon="2.1880335663211588">
        <ele>157.83</ele>
      </trkpt>
      <trkpt lat="48.83085425747835" lon="2.188100491472213">
        <ele>157.42</ele>
      </trkpt>
      <trkpt lat="48.830853715167706" lon="2.1881373685962635">
        <ele>157.09</ele>
      </trkpt>
      <trkpt lat="48.830853715167706" lon="2.1881373685962635">
        <ele>156.99</ele>
      </trkpt>
      <trkpt lat="48.83085349422633" lon="2.1881523926097657">
        <ele>156.85000000000002</ele>
      </trkpt>
      <trkpt lat="48.830852530118506" lon="2.1882179519414104">
        <ele>156.12</ele>
      </trkpt>
      <trkpt lat="48.830851545925114" lon="2.188284877092465">
        <ele>155.28</ele>
      </trkpt>
      <trkpt lat="48.830850000000005" lon="2.18839">
        <ele>153.82885294081063</ele>
      </trkpt>
      <trkpt lat="48.830842991125216" lon="2.1884137223454365">
        <ele>153.47000000000003</ele>
      </trkpt>
      <trkpt lat="48.8308249470257" lon="2.188474794682269">
        <ele>152.60000000000002</ele>
      </trkpt>
      <trkpt lat="48.83080727117311" lon="2.1885346206448806">
        <ele>151.79</ele>
      </trkpt>
      <trkpt lat="48.83077191946792" lon="2.1886542725701035">
        <ele>150.34</ele>
      </trkpt>
      <trkpt lat="48.83070379378607" lon="2.188884851801002">
        <ele>148.61</ele>
      </trkpt>
      <trkpt lat="48.83058411353416" lon="2.1892899234228507">
        <ele>145.75000000000003</ele>
      </trkpt>
      <trkpt lat="48.8304740077024" lon="2.1896625893149517">
        <ele>144.1</ele>
      </trkpt>
      <trkpt lat="48.83046" lon="2.1897100000000003">
        <ele>143.8963574869798</ele>
      </trkpt>
      <trkpt lat="48.83046" lon="2.18974">
        <ele>143.77879636276913</ele>
      </trkpt>
      <trkpt lat="48.83046888680279" lon="2.189791543456182">
        <ele>143.57</ele>
      </trkpt>
      <trkpt lat="48.83049167255073" lon="2.189923700794199">
        <ele>143.13</ele>
      </trkpt>
      <trkpt lat="48.83050306542469" lon="2.189989779463207">
        <ele>142.96</ele>
      </trkpt>
      <trkpt lat="48.830510000000004" lon="2.19003">
        <ele>142.8930455786471</ele>
      </trkpt>
      <trkpt lat="48.830554517149174" lon="2.1900967757237533">
        <ele>142.74</ele>
      </trkpt>
      <trkpt lat="48.83061000000001" lon="2.1901800000000002">
        <ele>142.65329791726887</ele>
      </trkpt>
      <trkpt lat="48.83062173792197" lon="2.190183477902805">
        <ele>142.64000000000001</ele>
      </trkpt>
      <trkpt lat="48.83066498967071" lon="2.1901962932357635">
        <ele>142.63</ele>
      </trkpt>
      <trkpt lat="48.83070912410819" lon="2.1902093701061287">
        <ele>142.64000000000001</ele>
      </trkpt>
      <trkpt lat="48.83079739298315" lon="2.190235523846859">
        <ele>142.71</ele>
      </trkpt>
      <trkpt lat="48.83088" lon="2.1902600000000003">
        <ele>142.82095208139657</ele>
      </trkpt>
      <trkpt lat="48.83106" lon="2.19037">
        <ele>143.0767252531188</ele>
      </trkpt>
      <trkpt lat="48.831130394311785" lon="2.1903808298941216">
        <ele>143.17000000000002</ele>
      </trkpt>
      <trkpt lat="48.83121718463958" lon="2.190394182252242">
        <ele>143.23000000000002</ele>
      </trkpt>
      <trkpt lat="48.831303080221716" lon="2.1904073969571862">
        <ele>143.24</ele>
      </trkpt>
      <trkpt lat="48.831391660040794" lon="2.19042102462166">
        <ele>143.07</ele>
      </trkpt>
      <trkpt lat="48.831450000000004" lon="2.19043">
        <ele>142.93959431567885</ele>
      </trkpt>
      <trkpt lat="48.83147674372851" lon="2.190454686518616">
        <ele>142.87000000000003</ele>
      </trkpt>
      <trkpt lat="48.83151517176424" lon="2.1904901585516052">
        <ele>142.75</ele>
      </trkpt>
      <trkpt lat="48.831591259275" lon="2.1905603931769235">
        <ele>142.43</ele>
      </trkpt>
      <trkpt lat="48.831629687310745" lon="2.1905958652099127">
        <ele>142.24</ele>
      </trkpt>
      <trkpt lat="48.831706543382225" lon="2.190666809275891">
        <ele>141.81</ele>
      </trkpt>
      <trkpt lat="48.83178263089298" lon="2.190737043901209">
        <ele>141.3</ele>
      </trkpt>
      <trkpt lat="48.831834893021586" lon="2.190785285866074">
        <ele>140.89000000000001</ele>
      </trkpt>
      <trkpt lat="48.83184000000001" lon="2.1907900000000002">
        <ele>140.84462046768041</ele>
      </trkpt>
      <trkpt lat="48.83190372087747" lon="2.1908250464826042">
        <ele>140.33</ele>
      </trkpt>
      <trkpt lat="48.83194515564887" lon="2.1908478356068724">
        <ele>139.95000000000002</ele>
      </trkpt>
      <trkpt lat="48.832040000000006" lon="2.1909">
        <ele>139.03108905786883</ele>
      </trkpt>
      <trkpt lat="48.83216087464866" lon="2.1908649073600683">
        <ele>137.91</ele>
      </trkpt>
      <trkpt lat="48.832350000000005" lon="2.1908100000000004">
        <ele>136.18428262869404</ele>
      </trkpt>
      <trkpt lat="48.83241722002931" lon="2.1907550017942055">
        <ele>135.5</ele>
      </trkpt>
      <trkpt lat="48.832460000000005" lon="2.1907200000000002">
        <ele>135.0954570490647</ele>
      </trkpt>
      <trkpt lat="48.83255405260692" lon="2.1905828399482425">
        <ele>134.01000000000002</ele>
      </trkpt>
      <trkpt lat="48.832617632158716" lon="2.1904901197685374">
        <ele>133.45000000000002</ele>
      </trkpt>
      <trkpt lat="48.83264877316368" lon="2.1904447058029675">
        <ele>133.21</ele>
      </trkpt>
      <trkpt lat="48.83268056293958" lon="2.1903983457131146">
        <ele>133</ele>
      </trkpt>
      <trkpt lat="48.8327" lon="2.19037">
        <ele>132.88382926976792</ele>
      </trkpt>
      <trkpt lat="48.83270740642355" lon="2.1903465463254355">
        <ele>132.81</ele>
      </trkpt>
      <trkpt lat="48.83272646689209" lon="2.190286188175053">
        <ele>132.65</ele>
      </trkpt>
      <trkpt lat="48.83274513837148" lon="2.1902270618236583">
        <ele>132.52</ele>
      </trkpt>
      <trkpt lat="48.83276000000001" lon="2.1901800000000002">
        <ele>132.43423195426706</ele>
      </trkpt>
      <trkpt lat="48.83276434703524" lon="2.190166813993146">
        <ele>132.41</ele>
      </trkpt>
      <trkpt lat="48.83278408023007" lon="2.190106956635459">
        <ele>132.35000000000002</ele>
      </trkpt>
      <trkpt lat="48.83280381342492" lon="2.190047099277772">
        <ele>132.33</ele>
      </trkpt>
      <trkpt lat="48.83282314390149" lon="2.189988463498813">
        <ele>132.38</ele>
      </trkpt>
      <trkpt lat="48.83284287709634" lon="2.1899286061411263">
        <ele>132.49</ele>
      </trkpt>
      <trkpt lat="48.83286261029119" lon="2.1898687487834394">
        <ele>132.65</ele>
      </trkpt>
      <trkpt lat="48.8329016739626" lon="2.1897502556467945">
        <ele>133.03</ele>
      </trkpt>
      <trkpt lat="48.83294114035228" lon="2.1896305409314207">
        <ele>133.73000000000002</ele>
      </trkpt>
      <trkpt lat="48.83298100946023" lon="2.1895096046373186">
        <ele>134.47</ele>
      </trkpt>
      <trkpt lat="48.83302087856817" lon="2.1893886683432164">
        <ele>135.3</ele>
      </trkpt>
      <trkpt lat="48.83306" lon="2.18927">
        <ele>136.18760491075926</ele>
      </trkpt>
      <trkpt lat="48.833118870216296" lon="2.1891669771214985">
        <ele>137.1</ele>
      </trkpt>
      <trkpt lat="48.83314000000001" lon="2.18913">
        <ele>137.38672533403616</ele>
      </trkpt>
      <trkpt lat="48.83314969349555" lon="2.1891174554763526">
        <ele>137.5</ele>
      </trkpt>
      <trkpt lat="48.83318323895094" lon="2.189074043710554">
        <ele>137.86</ele>
      </trkpt>
      <trkpt lat="48.83321678440633" lon="2.189030631944756">
        <ele>138.18000000000004</ele>
      </trkpt>
      <trkpt lat="48.833251014462846" lon="2.188986334224553">
        <ele>138.45000000000002</ele>
      </trkpt>
      <trkpt lat="48.83328455991824" lon="2.1889429224587547">
        <ele>138.67000000000002</ele>
      </trkpt>
      <trkpt lat="48.833310000000004" lon="2.1889100000000004">
        <ele>138.79634550858663</ele>
      </trkpt>
      <trkpt lat="48.83332079924492" lon="2.1889037904341713">
        <ele>138.84</ele>
      </trkpt>
      <trkpt lat="48.83336201274085" lon="2.188880092674019">
        <ele>138.96</ele>
      </trkpt>
      <trkpt lat="48.833403226236754" lon="2.1888563949138664">
        <ele>139.03</ele>
      </trkpt>
      <trkpt lat="48.833445280824435" lon="2.1888322135259553">
        <ele>139.06</ele>
      </trkpt>
      <trkpt lat="48.83348565322859" lon="2.1888089993935607">
        <ele>139.05</ele>
      </trkpt>
      <trkpt lat="48.83352770781626" lon="2.1887848180056504">
        <ele>139</ele>
      </trkpt>
      <trkpt lat="48.83356976240394" lon="2.1887606366177397">
        <ele>138.90000000000003</ele>
      </trkpt>
      <trkpt lat="48.83361097589985" lon="2.188736938857587">
        <ele>138.77</ele>
      </trkpt>
      <trkpt lat="48.833653030487525" lon="2.188712757469676">
        <ele>138.61</ele>
      </trkpt>
      <trkpt lat="48.83369424398344" lon="2.1886890597095237">
        <ele>138.42000000000002</ele>
      </trkpt>
      <trkpt lat="48.83371" lon="2.18868">
        <ele>138.335893481818</ele>
      </trkpt>
      <trkpt lat="48.83371" lon="2.188721352178723">
        <ele>138.20000000000002</ele>
      </trkpt>
      <trkpt lat="48.83371" lon="2.188789664080355">
        <ele>137.95000000000002</ele>
      </trkpt>
      <trkpt lat="48.83371" lon="2.1888566097439544">
        <ele>137.68000000000004</ele>
      </trkpt>
      <trkpt lat="48.83371" lon="2.18888">
        <ele>137.57518250419088</ele>
      </trkpt>
      <trkpt lat="48.83371362792893" lon="2.188923205335349">
        <ele>137.38</ele>
      </trkpt>
      <trkpt lat="48.833727283953976" lon="2.189085836179184">
        <ele>136.57000000000002</ele>
      </trkpt>
      <trkpt lat="48.833727283953976" lon="2.189085836179184">
        <ele>136.58</ele>
      </trkpt>
      <trkpt lat="48.83377553524251" lon="2.1896604651607348">
        <ele>133.63</ele>
      </trkpt>
      <trkpt lat="48.833792377673404" lon="2.189861043201465">
        <ele>132.57000000000002</ele>
      </trkpt>
      <trkpt lat="48.83382" lon="2.1901900000000003">
        <ele>131.04781685252647</ele>
      </trkpt>
      <trkpt lat="48.833821189922055" lon="2.190261395323272">
        <ele>130.72</ele>
      </trkpt>
      <trkpt lat="48.8338223053282" lon="2.190328319691586">
        <ele>130.44</ele>
      </trkpt>
      <trkpt lat="48.833824536140476" lon="2.190462168428215">
        <ele>129.93</ele>
      </trkpt>
      <trkpt lat="48.83382790512228" lon="2.190664307336593">
        <ele>129.23000000000002</ele>
      </trkpt>
      <trkpt lat="48.833830000000006" lon="2.1907900000000002">
        <ele>128.8243239214691</ele>
      </trkpt>
      <trkpt lat="48.833830000000006" lon="2.19078">
        <ele>128.79205902617724</ele>
      </trkpt>
      <trkpt lat="48.833835034156564" lon="2.1909788491840283">
        <ele>128.15</ele>
      </trkpt>
      <trkpt lat="48.83384014945703" lon="2.1911809035522865">
        <ele>127.53</ele>
      </trkpt>
      <trkpt lat="48.83384353661544" lon="2.191314696309646">
        <ele>127.17</ele>
      </trkpt>
      <trkpt lat="48.83384695833669" lon="2.191449854299224">
        <ele>126.83</ele>
      </trkpt>
      <trkpt lat="48.833850000000005" lon="2.19157">
        <ele>126.5495809304821</ele>
      </trkpt>
      <trkpt lat="48.83383624228064" lon="2.191852033246946">
        <ele>125.89</ele>
      </trkpt>
      <trkpt lat="48.833813378784775" lon="2.1923207349121423">
        <ele>124.67000000000002</ele>
      </trkpt>
      <trkpt lat="48.833806865347" lon="2.19245426038653">
        <ele>124.37</ele>
      </trkpt>
      <trkpt lat="48.83380028544558" lon="2.192589148365758">
        <ele>124.12</ele>
      </trkpt>
      <trkpt lat="48.8337937720078" lon="2.1927226738401453">
        <ele>123.93</ele>
      </trkpt>
      <trkpt lat="48.83379" lon="2.1928">
        <ele>123.87208883345332</ele>
      </trkpt>
      <trkpt lat="48.833783772050445" lon="2.1928555533100473">
        <ele>123.83000000000001</ele>
      </trkpt>
      <trkpt lat="48.83373183101963" lon="2.1933188673049395">
        <ele>123.65</ele>
      </trkpt>
      <trkpt lat="48.83369468714294" lon="2.193650190685007">
        <ele>124.03000000000002</ele>
      </trkpt>
      <trkpt lat="48.83362009740683" lon="2.1943155311311604">
        <ele>124.92000000000002</ele>
      </trkpt>
      <trkpt lat="48.83361284982112" lon="2.194380179595564">
        <ele>125.02000000000002</ele>
      </trkpt>
      <trkpt lat="48.833590352107194" lon="2.1945808592038167">
        <ele>125.34</ele>
      </trkpt>
      <trkpt lat="48.83357555495307" lon="2.1947128498186403">
        <ele>125.58</ele>
      </trkpt>
      <trkpt lat="48.833568005384635" lon="2.194780191969061">
        <ele>125.72</ele>
      </trkpt>
      <trkpt lat="48.83356060680757" lon="2.194846187276473">
        <ele>125.87</ele>
      </trkpt>
      <trkpt lat="48.833545658662075" lon="2.1949795247343054">
        <ele>126.22</ele>
      </trkpt>
      <trkpt lat="48.833540000000006" lon="2.19503">
        <ele>126.36940045969598</ele>
      </trkpt>
      <trkpt lat="48.8334721204155" lon="2.195140304324825">
        <ele>126.81</ele>
      </trkpt>
      <trkpt lat="48.83338122391835" lon="2.1952880111326936">
        <ele>127.52000000000002</ele>
      </trkpt>
      <trkpt lat="48.83332042153174" lon="2.1953868150109304">
        <ele>128.03</ele>
      </trkpt>
      <trkpt lat="48.833083353640525" lon="2.1957720503341553">
        <ele>130.14000000000001</ele>
      </trkpt>
      <trkpt lat="48.83306" lon="2.1958100000000003">
        <ele>130.33012497210086</ele>
      </trkpt>
      <trkpt lat="48.833053793880886" lon="2.1958198403330136">
        <ele>130.38000000000002</ele>
      </trkpt>
      <trkpt lat="48.83302392986575" lon="2.1958671922849367">
        <ele>130.58</ele>
      </trkpt>
      <trkpt lat="48.832964824002474" lon="2.195960909689784">
        <ele>130.92000000000002</ele>
      </trkpt>
      <trkpt lat="48.83290820680712" lon="2.1960506810986375">
        <ele>131</ele>
      </trkpt>
      <trkpt lat="48.83282296993059" lon="2.1961858314614173">
        <ele>131.08</ele>
      </trkpt>
      <trkpt lat="48.83274208822293" lon="2.196314076331208">
        <ele>131.09</ele>
      </trkpt>
      <trkpt lat="48.83262325432939" lon="2.196502497639901">
        <ele>131.10000000000002</ele>
      </trkpt>
      <trkpt lat="48.83250068743395" lon="2.1966968379425844">
        <ele>131.17000000000002</ele>
      </trkpt>
      <trkpt lat="48.83243909290273" lon="2.196794501343425">
        <ele>131.26000000000002</ele>
      </trkpt>
      <trkpt lat="48.83237749837152" lon="2.196892164744266">
        <ele>131.41</ele>
      </trkpt>
      <trkpt lat="48.8323159038403" lon="2.1969898281451066">
        <ele>131.63</ele>
      </trkpt>
      <trkpt lat="48.83225430930909" lon="2.1970874915459477">
        <ele>131.9</ele>
      </trkpt>
      <trkpt lat="48.832161606428784" lon="2.197234479896708">
        <ele>132.37</ele>
      </trkpt>
      <trkpt lat="48.832095656728704" lon="2.1973390487905373">
        <ele>132.74</ele>
      </trkpt>
      <trkpt lat="48.832095656728704" lon="2.1973390487905373">
        <ele>132.75</ele>
      </trkpt>
      <trkpt lat="48.831950000000006" lon="2.1975700000000002">
        <ele>133.58203552075005</ele>
      </trkpt>
      <trkpt lat="48.83191751856425" lon="2.1976227823331067">
        <ele>133.77</ele>
      </trkpt>
      <trkpt lat="48.83182662368386" lon="2.1977704865137255">
        <ele>134.20000000000002</ele>
      </trkpt>
      <trkpt lat="48.831705021073624" lon="2.1979680907553636">
        <ele>134.70000000000002</ele>
      </trkpt>
      <trkpt lat="48.83162088189381" lon="2.198104816922558">
        <ele>134.83</ele>
      </trkpt>
      <trkpt lat="48.83157604860823" lon="2.1981776710116465">
        <ele>134.86</ele>
      </trkpt>
      <trkpt lat="48.831508491602534" lon="2.19828745114589">
        <ele>134.86</ele>
      </trkpt>
      <trkpt lat="48.83142435242272" lon="2.1984241773130844">
        <ele>134.78</ele>
      </trkpt>
      <trkpt lat="48.83131" lon="2.1986100000000004">
        <ele>134.3944450088522</ele>
      </trkpt>
      <trkpt lat="48.831302726923255" lon="2.1986217488162865">
        <ele>134.37</ele>
      </trkpt>
      <trkpt lat="48.83109756778248" lon="2.1989531597360106">
        <ele>133.35000000000002</ele>
      </trkpt>
      <trkpt lat="48.831026100934636" lon="2.199068606182521">
        <ele>133.06</ele>
      </trkpt>
      <trkpt lat="48.83094970533867" lon="2.199192014452929">
        <ele>132.8</ele>
      </trkpt>
      <trkpt lat="48.8308887120806" lon="2.1992905420236575">
        <ele>132.64000000000001</ele>
      </trkpt>
      <trkpt lat="48.830857907404805" lon="2.199340303423016">
        <ele>132.54000000000002</ele>
      </trkpt>
      <trkpt lat="48.83079000000001" lon="2.19945">
        <ele>132.29016219629492</ele>
      </trkpt>
      <trkpt lat="48.83076401665813" lon="2.199487351053951">
        <ele>132.20000000000002</ele>
      </trkpt>
      <trkpt lat="48.830630000000006" lon="2.1996800000000003">
        <ele>131.6650458437148</ele>
      </trkpt>
      <trkpt lat="48.8305452040995" lon="2.1998283928258755">
        <ele>131.29000000000002</ele>
      </trkpt>
      <trkpt lat="48.830510000000004" lon="2.1998900000000003">
        <ele>131.13891269410948</ele>
      </trkpt>
      <trkpt lat="48.83051846790594" lon="2.2001482711310647">
        <ele>130.66</ele>
      </trkpt>
      <trkpt lat="48.83053" lon="2.2005000000000003">
        <ele>130.06512570967624</ele>
      </trkpt>
      <trkpt lat="48.83053" lon="2.2004900000000003">
        <ele>130.0482337865453</ele>
      </trkpt>
      <trkpt lat="48.830532713559606" lon="2.200536130513205">
        <ele>129.97</ele>
      </trkpt>
      <trkpt lat="48.830540000000006" lon="2.20066">
        <ele>129.7381268834305</ele>
      </trkpt>
      <trkpt lat="48.83053621308456" lon="2.2006796231073205">
        <ele>129.70000000000002</ele>
      </trkpt>
      <trkpt lat="48.83042388323662" lon="2.2012616959556763">
        <ele>128.51000000000002</ele>
      </trkpt>
      <trkpt lat="48.83039959570195" lon="2.20138754954451">
        <ele>128.37</ele>
      </trkpt>
      <trkpt lat="48.830278664018806" lon="2.2020141955389114">
        <ele>127.77000000000002</ele>
      </trkpt>
      <trkpt lat="48.83021" lon="2.20237">
        <ele>127.47946256343576</ele>
      </trkpt>
      <trkpt lat="48.830182216156715" lon="2.2025164966282524">
        <ele>127.36</ele>
      </trkpt>
      <trkpt lat="48.830146613565205" lon="2.2027042193834574">
        <ele>127.19</ele>
      </trkpt>
      <trkpt lat="48.8301092681895" lon="2.2029011313644418">
        <ele>126.89</ele>
      </trkpt>
      <trkpt lat="48.8301" lon="2.20295">
        <ele>126.79321174073586</ele>
      </trkpt>
      <trkpt lat="48.83014000000001" lon="2.20304">
        <ele>126.58654306821938</ele>
      </trkpt>
      <trkpt lat="48.83015994974396" lon="2.203219547695499">
        <ele>126.24000000000002</ele>
      </trkpt>
      <trkpt lat="48.8301824012106" lon="2.203421610895332">
        <ele>125.74000000000001</ele>
      </trkpt>
      <trkpt lat="48.83020485267725" lon="2.2036236740951654">
        <ele>125.12</ele>
      </trkpt>
      <trkpt lat="48.830220000000004" lon="2.2037600000000004">
        <ele>124.64041556222259</ele>
      </trkpt>
      <trkpt lat="48.830223012887316" lon="2.2039618634500444">
        <ele>123.94000000000001</ele>
      </trkpt>
      <trkpt lat="48.83022708987837" lon="2.2042350218501974">
        <ele>123.06000000000002</ele>
      </trkpt>
      <trkpt lat="48.83023000000001" lon="2.2044300000000003">
        <ele>122.38189805545525</ele>
      </trkpt>
      <trkpt lat="48.83021541725766" lon="2.20450499696065">
        <ele>122.11000000000001</ele>
      </trkpt>
      <trkpt lat="48.830189941523365" lon="2.2046360150227278">
        <ele>121.67000000000002</ele>
      </trkpt>
      <trkpt lat="48.83015147316458" lon="2.2048338522964643">
        <ele>121.10000000000001</ele>
      </trkpt>
      <trkpt lat="48.83011351432049" lon="2.2050290692089605">
        <ele>120.62</ele>
      </trkpt>
      <trkpt lat="48.83010638111489" lon="2.205065754266342">
        <ele>120.55</ele>
      </trkpt>
      <trkpt lat="48.83007581023373" lon="2.2052229759408357">
        <ele>120.26</ele>
      </trkpt>
      <trkpt lat="48.83002485876514" lon="2.205485012064991">
        <ele>119.88000000000001</ele>
      </trkpt>
      <trkpt lat="48.830020000000005" lon="2.2055100000000003">
        <ele>119.8549943185581</ele>
      </trkpt>
      <trkpt lat="48.82993411590152" lon="2.206084067395084">
        <ele>119.29</ele>
      </trkpt>
      <trkpt lat="48.82983" lon="2.20678">
        <ele>118.71381594427903</ele>
      </trkpt>
      <trkpt lat="48.82982575003268" lon="2.206808783869531">
        <ele>118.69</ele>
      </trkpt>
      <trkpt lat="48.829777725852324" lon="2.2071340385455858">
        <ele>118.47</ele>
      </trkpt>
      <trkpt lat="48.82975843745202" lon="2.2072646736203945">
        <ele>118.42000000000002</ele>
      </trkpt>
      <trkpt lat="48.82973934587213" lon="2.2073939756842362">
        <ele>118.41000000000001</ele>
      </trkpt>
      <trkpt lat="48.82972005747182" lon="2.2075246107590445">
        <ele>118.44</ele>
      </trkpt>
      <trkpt lat="48.82968167749162" lon="2.2077845478976954">
        <ele>118.60000000000001</ele>
      </trkpt>
      <trkpt lat="48.829652744891156" lon="2.2079805005099082">
        <ele>118.66000000000001</ele>
      </trkpt>
      <trkpt lat="48.82963365331126" lon="2.20810980257375">
        <ele>118.64</ele>
      </trkpt>
      <trkpt lat="48.82961" lon="2.20827">
        <ele>118.5538662240854</ele>
      </trkpt>
      <trkpt lat="48.829580289308204" lon="2.208501743395997">
        <ele>118.43</ele>
      </trkpt>
      <trkpt lat="48.82956326981067" lon="2.208634495476775">
        <ele>118.38000000000001</ele>
      </trkpt>
      <trkpt lat="48.82950395944047" lon="2.209097116364338">
        <ele>118.31000000000002</ele>
      </trkpt>
      <trkpt lat="48.82947868806534" lon="2.209294233090343">
        <ele>118.22</ele>
      </trkpt>
      <trkpt lat="48.8294532447761" lon="2.209492690746457">
        <ele>118.03</ele>
      </trkpt>
      <trkpt lat="48.82941937769514" lon="2.2097568539779058">
        <ele>117.69</ele>
      </trkpt>
      <trkpt lat="48.82939393440589" lon="2.2099553116340194">
        <ele>117.39</ele>
      </trkpt>
      <trkpt lat="48.829377086822475" lon="2.2100867227846894">
        <ele>117.12000000000002</ele>
      </trkpt>
      <trkpt lat="48.82936866303077" lon="2.2101524283600242">
        <ele>116.94000000000001</ele>
      </trkpt>
      <trkpt lat="48.82936" lon="2.21022">
        <ele>116.73000000000002</ele>
      </trkpt>
      <trkpt lat="48.82936" lon="2.21022">
        <ele>116.73000000000002</ele>
      </trkpt>
      <trkpt lat="48.82936400758946" lon="2.2102861252260597">
        <ele>116.48000000000002</ele>
      </trkpt>
      <trkpt lat="48.829372087343685" lon="2.2104194411708087">
        <ele>115.9</ele>
      </trkpt>
      <trkpt lat="48.82938" lon="2.21055">
        <ele>115.25048402674994</ele>
      </trkpt>
      <trkpt lat="48.82937957743799" lon="2.2105540847660747">
        <ele>115.23</ele>
      </trkpt>
      <trkpt lat="48.82935207438236" lon="2.2108199476372006">
        <ele>113.76</ele>
      </trkpt>
      <trkpt lat="48.82933839265925" lon="2.2109522042939025">
        <ele>113.06</ele>
      </trkpt>
      <trkpt lat="48.82932457132672" lon="2.2110858105083255">
        <ele>112.46000000000001</ele>
      </trkpt>
      <trkpt lat="48.82932" lon="2.2111300000000003">
        <ele>112.28625800285837</ele>
      </trkpt>
      <trkpt lat="48.82932176366946" lon="2.211152045868262">
        <ele>112.2</ele>
      </trkpt>
      <trkpt lat="48.82932707974501" lon="2.211218496812617">
        <ele>111.98</ele>
      </trkpt>
      <trkpt lat="48.82933239582056" lon="2.2112849477569716">
        <ele>111.79</ele>
      </trkpt>
      <trkpt lat="48.82934769309918" lon="2.2114761637397065">
        <ele>111.37</ele>
      </trkpt>
      <trkpt lat="48.829357782793586" lon="2.2116022849198083">
        <ele>111.12</ele>
      </trkpt>
      <trkpt lat="48.82936" lon="2.21163">
        <ele>111.15715766139596</ele>
      </trkpt>
      <trkpt lat="48.829376276399984" lon="2.211734440233207">
        <ele>111.30000000000001</ele>
      </trkpt>
      <trkpt lat="48.82941750435455" lon="2.211998986275066">
        <ele>111.77000000000001</ele>
      </trkpt>
      <trkpt lat="48.82942765596147" lon="2.21206412575271">
        <ele>111.87</ele>
      </trkpt>
      <trkpt lat="48.82943801474402" lon="2.2121305946074483">
        <ele>111.93</ele>
      </trkpt>
      <trkpt lat="48.829448373526574" lon="2.212197063462187">
        <ele>111.93</ele>
      </trkpt>
      <trkpt lat="48.82945852513348" lon="2.2122622029398302">
        <ele>111.88000000000001</ele>
      </trkpt>
      <trkpt lat="48.82946888391604" lon="2.2123286717945687">
        <ele>111.79</ele>
      </trkpt>
      <trkpt lat="48.8294792426986" lon="2.212395140649307">
        <ele>111.67</ele>
      </trkpt>
      <trkpt lat="48.829480000000004" lon="2.2124">
        <ele>111.65867700203962</ele>
      </trkpt>
      <trkpt lat="48.82959464684677" lon="2.2127609252583387">
        <ele>110.75000000000001</ele>
      </trkpt>
      <trkpt lat="48.82970915899876" lon="2.2131214264775787">
        <ele>109.46000000000001</ele>
      </trkpt>
      <trkpt lat="48.829750000000004" lon="2.2132500000000004">
        <ele>109.04589464364253</ele>
      </trkpt>
      <trkpt lat="48.829881328185124" lon="2.213562686155031">
        <ele>107.97000000000001</ele>
      </trkpt>
      <trkpt lat="48.829881328185124" lon="2.213562686155031">
        <ele>107.99</ele>
      </trkpt>
      <trkpt lat="48.82996000000001" lon="2.21375">
        <ele>107.37393204200694</ele>
      </trkpt>
      <trkpt lat="48.830019934008334" lon="2.2138543295700552">
        <ele>106.99000000000001</ele>
      </trkpt>
      <trkpt lat="48.830193187764365" lon="2.214155919441652">
        <ele>105.85000000000001</ele>
      </trkpt>
      <trkpt lat="48.83023000000001" lon="2.21422">
        <ele>105.63401181423785</ele>
      </trkpt>
      <trkpt lat="48.830253984897276" lon="2.2142525128607495">
        <ele>105.51</ele>
      </trkpt>
      <trkpt lat="48.830612974131824" lon="2.2147391427120207">
        <ele>103.96000000000001</ele>
      </trkpt>
      <trkpt lat="48.83068" lon="2.21483">
        <ele>103.70618536019018</ele>
      </trkpt>
      <trkpt lat="48.83068" lon="2.21482">
        <ele>103.68758583931002</ele>
      </trkpt>
      <trkpt lat="48.830769968547266" lon="2.2149474554419584">
        <ele>103.34000000000002</ele>
      </trkpt>
      <trkpt lat="48.8308" lon="2.2149900000000002">
        <ele>103.23462835806018</ele>
      </trkpt>
      <trkpt lat="48.830908536752254" lon="2.2151101656899908">
        <ele>102.89</ele>
      </trkpt>
      <trkpt lat="48.83097976131459" lon="2.215189021455431">
        <ele>102.70000000000002</ele>
      </trkpt>
      <trkpt lat="48.831050259095676" lon="2.215267072570203">
        <ele>102.56000000000002</ele>
      </trkpt>
      <trkpt lat="48.83108000000001" lon="2.2153">
        <ele>102.55542777681939</ele>
      </trkpt>
      <trkpt lat="48.83119645030963" lon="2.2153655032991653">
        <ele>102.54</ele>
      </trkpt>
      <trkpt lat="48.83124" lon="2.21539">
        <ele>102.50004189556886</ele>
      </trkpt>
      <trkpt lat="48.8312476017245" lon="2.215548550253661">
        <ele>102.41000000000001</ele>
      </trkpt>
      <trkpt lat="48.83125576776594" lon="2.2157188705466613">
        <ele>102.13000000000001</ele>
      </trkpt>
      <trkpt lat="48.83126354183739" lon="2.2158810154655977">
        <ele>101.77000000000001</ele>
      </trkpt>
      <trkpt lat="48.83127490896708" lon="2.2161181013134548">
        <ele>101.17</ele>
      </trkpt>
      <trkpt lat="48.83128340165019" lon="2.2162952344181757">
        <ele>100.76</ele>
      </trkpt>
      <trkpt lat="48.831305155984595" lon="2.2167489676787295">
        <ele>100.49000000000001</ele>
      </trkpt>
      <trkpt lat="48.83131" lon="2.21685">
        <ele>100.41194866361027</ele>
      </trkpt>
      <trkpt lat="48.831293185625874" lon="2.216862610780597">
        <ele>100.39</ele>
      </trkpt>
      <trkpt lat="48.831230000000005" lon="2.2169100000000004">
        <ele>100.31775737591585</ele>
      </trkpt>
      <trkpt lat="48.831188572268545" lon="2.216967998824044">
        <ele>100.26</ele>
      </trkpt>
      <trkpt lat="48.83118" lon="2.2169800000000004">
        <ele>100.2410963950887</ele>
      </trkpt>
      <trkpt lat="48.83113976157434" lon="2.2170755662609505">
        <ele>100.12000000000002</ele>
      </trkpt>
      <trkpt lat="48.831116986257555" lon="2.217129657638302">
        <ele>100.03</ele>
      </trkpt>
      <trkpt lat="48.831100000000006" lon="2.2171700000000003">
        <ele>99.94513368064159</ele>
      </trkpt>
      <trkpt lat="48.831090515347356" lon="2.2172506195475927">
        <ele>99.80000000000001</ele>
      </trkpt>
      <trkpt lat="48.83108000000001" lon="2.21734">
        <ele>99.82291754920476</ele>
      </trkpt>
      <trkpt lat="48.831081958017705" lon="2.2173679017521564">
        <ele>99.83</ele>
      </trkpt>
      <trkpt lat="48.83109454173577" lon="2.217547219734665">
        <ele>99.95</ele>
      </trkpt>
      <trkpt lat="48.831103216874745" lon="2.21767084046503">
        <ele>99.41000000000001</ele>
      </trkpt>
      <trkpt lat="48.831120000000006" lon="2.2179100000000003">
        <ele>98.31089886561743</ele>
      </trkpt>
      <trkpt lat="48.83112442025825" lon="2.2179092066203157">
        <ele>98.28</ele>
      </trkpt>
      <trkpt lat="48.83124588322488" lon="2.2178874055750235">
        <ele>97.47</ele>
      </trkpt>
      <trkpt lat="48.83146469518681" lon="2.2178481316331373">
        <ele>95.97000000000001</ele>
      </trkpt>
      <trkpt lat="48.83151" lon="2.2178400000000003">
        <ele>95.63832331695593</ele>
      </trkpt>
      <trkpt lat="48.831790000000005" lon="2.2178">
        <ele>93.59362103256103</ele>
      </trkpt>
      <trkpt lat="48.83180994666289" lon="2.217780053337119">
        <ele>93.42</ele>
      </trkpt>
      <trkpt lat="48.83180994666289" lon="2.217780053337119">
        <ele>93.48</ele>
      </trkpt>
      <trkpt lat="48.83184000000001" lon="2.21775">
        <ele>93.22571533819301</ele>
      </trkpt>
      <trkpt lat="48.831880000000005" lon="2.21746">
        <ele>91.84727143079762</ele>
      </trkpt>
      <trkpt lat="48.83227460871023" lon="2.2174133258514788">
        <ele>89.05</ele>
      </trkpt>
      <trkpt lat="48.83236247637436" lon="2.217402932901959">
        <ele>88.44</ele>
      </trkpt>
      <trkpt lat="48.83249338126171" lon="2.2173874495281845">
        <ele>87.58</ele>
      </trkpt>
      <trkpt lat="48.83257497266411" lon="2.217377798932202">
        <ele>87.18</ele>
      </trkpt>
      <trkpt lat="48.83261890649618" lon="2.217372602457442">
        <ele>87.02000000000001</ele>
      </trkpt>
      <trkpt lat="48.83270946398675" lon="2.2173618913564064">
        <ele>87.17000000000002</ele>
      </trkpt>
      <trkpt lat="48.83281" lon="2.21735">
        <ele>86.78655305650753</ele>
      </trkpt>
      <trkpt lat="48.83288254348673" lon="2.2173421148383996">
        <ele>86.51</ele>
      </trkpt>
      <trkpt lat="48.832968658291726" lon="2.2173327545335084">
        <ele>86.22</ele>
      </trkpt>
      <trkpt lat="48.83310231564532" lon="2.217318226560292">
        <ele>85.82000000000001</ele>
      </trkpt>
      <trkpt lat="48.83319112153797" lon="2.2173085737458726">
        <ele>85.52000000000001</ele>
      </trkpt>
      <trkpt lat="48.83323597299891" lon="2.2173036985870755">
        <ele>85.35000000000001</ele>
      </trkpt>
      <trkpt lat="48.833324778891566" lon="2.217294045772656">
        <ele>84.98000000000002</ele>
      </trkpt>
      <trkpt lat="48.833413584784225" lon="2.2172843929582373">
        <ele>84.57000000000001</ele>
      </trkpt>
      <trkpt lat="48.83363515100125" lon="2.2172603096737777">
        <ele>83.49000000000001</ele>
      </trkpt>
      <trkpt lat="48.83372126580625" lon="2.2172509493688866">
        <ele>83.09</ele>
      </trkpt>
      <trkpt lat="48.83373" lon="2.2172500000000004">
        <ele>83.04618440173618</ele>
      </trkpt>
      <trkpt lat="48.83375" lon="2.21719">
        <ele>82.82466721970523</ele>
      </trkpt>
      <trkpt lat="48.833761642034204" lon="2.2171085057605677">
        <ele>82.55000000000001</ele>
      </trkpt>
      <trkpt lat="48.83377" lon="2.21705">
        <ele>82.35458933784402</ele>
      </trkpt>
      <trkpt lat="48.83379660198536" lon="2.2170418147737365">
        <ele>82.22</ele>
      </trkpt>
      <trkpt lat="48.834030000000006" lon="2.2169700000000003">
        <ele>81.08739141868708</ele>
      </trkpt>
      <trkpt lat="48.83406734309206" lon="2.2168859780428956">
        <ele>80.77000000000001</ele>
      </trkpt>
      <trkpt lat="48.834116158298784" lon="2.2167761438277505">
        <ele>80.39</ele>
      </trkpt>
      <trkpt lat="48.834164973505516" lon="2.216666309612606">
        <ele>80.08000000000001</ele>
      </trkpt>
      <trkpt lat="48.83421378871225" lon="2.2165564753974607">
        <ele>79.83000000000001</ele>
      </trkpt>
      <trkpt lat="48.83426260391897" lon="2.2164466411823156">
        <ele>79.62</ele>
      </trkpt>
      <trkpt lat="48.834311419125704" lon="2.216336806967171">
        <ele>79.45</ele>
      </trkpt>
      <trkpt lat="48.83433607835384" lon="2.2162813237038503">
        <ele>79.38000000000001</ele>
      </trkpt>
      <trkpt lat="48.834360234332436" lon="2.2162269727520263">
        <ele>79.34</ele>
      </trkpt>
      <trkpt lat="48.83438489356058" lon="2.2161714894887057">
        <ele>79.34</ele>
      </trkpt>
      <trkpt lat="48.83440904953917" lon="2.216117138536881">
        <ele>79.36</ele>
      </trkpt>
      <trkpt lat="48.834433205517755" lon="2.216062787585057">
        <ele>79.41000000000001</ele>
      </trkpt>
      <trkpt lat="48.83451" lon="2.2158900000000004">
        <ele>79.79344942137806</ele>
      </trkpt>
      <trkpt lat="48.83453232253611" lon="2.2158430296636067">
        <ele>79.9</ele>
      </trkpt>
      <trkpt lat="48.83461128859245" lon="2.2156768719200577">
        <ele>81.23</ele>
      </trkpt>
      <trkpt lat="48.834795016283536" lon="2.2152902782367336">
        <ele>84.28</ele>
      </trkpt>
      <trkpt lat="48.83495242195584" lon="2.214959070467926">
        <ele>87</ele>
      </trkpt>
      <trkpt lat="48.834990000000005" lon="2.21488">
        <ele>87.6731903160612</ele>
      </trkpt>
      <trkpt lat="48.83506700819692" lon="2.2146720778683044">
        <ele>89.32000000000001</ele>
      </trkpt>
      <trkpt lat="48.83506700819692" lon="2.2146720778683044">
        <ele>89.41</ele>
      </trkpt>
      <trkpt lat="48.83509" lon="2.21461">
        <ele>89.91203754175234</ele>
      </trkpt>
      <trkpt lat="48.83522408298403" lon="2.214447184947967">
        <ele>91.75000000000001</ele>
      </trkpt>
      <trkpt lat="48.83523" lon="2.21444">
        <ele>91.82664741630126</ele>
      </trkpt>
      <trkpt lat="48.83519584434705" lon="2.2143261478234906">
        <ele>92.66000000000001</ele>
      </trkpt>
      <trkpt lat="48.835177195791324" lon="2.2142639859710824">
        <ele>93.08000000000001</ele>
      </trkpt>
      <trkpt lat="48.83515854723561" lon="2.2142018241186743">
        <ele>93.46</ele>
      </trkpt>
      <trkpt lat="48.835121623095276" lon="2.214078743650906">
        <ele>94.13000000000001</ele>
      </trkpt>
      <trkpt lat="48.835114909615214" lon="2.214056365384039">
        <ele>94.19000000000001</ele>
      </trkpt>
      <trkpt lat="48.83511006099073" lon="2.214040203302413">
        <ele>94.21</ele>
      </trkpt>
      <trkpt lat="48.8350731368504" lon="2.213917122834645">
        <ele>94.06</ele>
      </trkpt>
      <trkpt lat="48.83505448829467" lon="2.213854960982237">
        <ele>93.96</ele>
      </trkpt>
      <trkpt lat="48.83503583973896" lon="2.2137927991298287">
        <ele>93.82000000000001</ele>
      </trkpt>
      <trkpt lat="48.834998915598625" lon="2.213669718662061">
        <ele>93.49</ele>
      </trkpt>
      <trkpt lat="48.83492432137574" lon="2.213421071252428">
        <ele>92.67</ele>
      </trkpt>
      <trkpt lat="48.83484000000001" lon="2.21314">
        <ele>91.6759288681141</ele>
      </trkpt>
      <trkpt lat="48.83484000000001" lon="2.21313">
        <ele>91.64374643984179</ele>
      </trkpt>
      <trkpt lat="48.83478016139216" lon="2.2129243047855294">
        <ele>90.92</ele>
      </trkpt>
      <trkpt lat="48.834680000000006" lon="2.21258">
        <ele>89.75301803619232</ele>
      </trkpt>
      <trkpt lat="48.834630000000004" lon="2.21247">
        <ele>89.33859686739393</ele>
      </trkpt>
      <trkpt lat="48.83463818685859" lon="2.212437252565671">
        <ele>89.23</ele>
      </trkpt>
      <trkpt lat="48.83464000000001" lon="2.2124300000000003">
        <ele>89.20415104946521</ele>
      </trkpt>
      <trkpt lat="48.83475467107544" lon="2.21241029090891">
        <ele>88.62</ele>
      </trkpt>
      <trkpt lat="48.83475467107544" lon="2.21241029090891">
        <ele>88.63</ele>
      </trkpt>
      <trkpt lat="48.83508084303695" lon="2.212354230103025">
        <ele>86.99000000000001</ele>
      </trkpt>
      <trkpt lat="48.835169311596374" lon="2.212339024569374">
        <ele>86.51</ele>
      </trkpt>
      <trkpt lat="48.835391823427656" lon="2.2123007803483734">
        <ele>85.12</ele>
      </trkpt>
      <trkpt lat="48.835481185608884" lon="2.2122854212234735">
        <ele>84.59000000000002</ele>
      </trkpt>
      <trkpt lat="48.8355258666995" lon="2.2122777416610235">
        <ele>84.35000000000001</ele>
      </trkpt>
      <trkpt lat="48.835614335258924" lon="2.2122625361273727">
        <ele>83.91000000000001</ele>
      </trkpt>
      <trkpt lat="48.83581361292308" lon="2.2122282852788455">
        <ele>84.31</ele>
      </trkpt>
      <trkpt lat="48.83592" lon="2.2122100000000002">
        <ele>84.4618107228082</ele>
      </trkpt>
      <trkpt lat="48.835946757539794" lon="2.212205332987246">
        <ele>84.5</ele>
      </trkpt>
      <trkpt lat="48.83611025957525" lon="2.2121768151903645">
        <ele>84.71000000000001</ele>
      </trkpt>
      <trkpt lat="48.83633272955791" lon="2.2121380122864105">
        <ele>84.9</ele>
      </trkpt>
      <trkpt lat="48.83665079909137" lon="2.2120825350422035">
        <ele>84.93</ele>
      </trkpt>
      <trkpt lat="48.836724062298515" lon="2.212069756575841">
        <ele>84.95</ele>
      </trkpt>
      <trkpt lat="48.836780000000005" lon="2.21206">
        <ele>84.95324395808525</ele>
      </trkpt>
      <trkpt lat="48.83676956178739" lon="2.211882550385577">
        <ele>84.96000000000001</ele>
      </trkpt>
      <trkpt lat="48.83675106959197" lon="2.2115681830634744">
        <ele>84.91000000000001</ele>
      </trkpt>
      <trkpt lat="48.83675" lon="2.2115500000000003">
        <ele>84.90325197863723</ele>
      </trkpt>
      <trkpt lat="48.83678014841466" lon="2.2114423270905115">
        <ele>84.86</ele>
      </trkpt>
      <trkpt lat="48.83686675051339" lon="2.2111330338807758">
        <ele>84.67</ele>
      </trkpt>
      <trkpt lat="48.8368994903312" lon="2.211016105960022">
        <ele>84.52000000000001</ele>
      </trkpt>
      <trkpt lat="48.83694912811949" lon="2.210838828144686">
        <ele>84.25</ele>
      </trkpt>
      <trkpt lat="48.836960000000005" lon="2.2108000000000003">
        <ele>84.17772198979347</ele>
      </trkpt>
      <trkpt lat="48.83710009073208" lon="2.2107719818535845">
        <ele>83.81</ele>
      </trkpt>
      <trkpt lat="48.837210000000006" lon="2.21075">
        <ele>83.55199760441946</ele>
      </trkpt>
      <trkpt lat="48.837292134518805" lon="2.210738266497314">
        <ele>83.36</ele>
      </trkpt>
      <trkpt lat="48.8373342170466" lon="2.2107322547076294">
        <ele>83.81</ele>
      </trkpt>
      <trkpt lat="48.837474790596886" lon="2.210712172771874">
        <ele>86.19</ele>
      </trkpt>
      <trkpt lat="48.837630000000004" lon="2.21069">
        <ele>86.43763728149379</ele>
      </trkpt>
      <trkpt lat="48.837665878744005" lon="2.2107713251530763">
        <ele>86.54</ele>
      </trkpt>
      <trkpt lat="48.83773948499784" lon="2.2109381659950857">
        <ele>86.72</ele>
      </trkpt>
      <trkpt lat="48.83778" lon="2.21103">
        <ele>86.90853522485828</ele>
      </trkpt>
      <trkpt lat="48.837790838530395" lon="2.2110552899042473">
        <ele>86.96000000000001</ele>
      </trkpt>
      <trkpt lat="48.837864937349096" lon="2.2112281871478814">
        <ele>87.10000000000001</ele>
      </trkpt>
      <trkpt lat="48.837864937349096" lon="2.2112281871478814">
        <ele>87.09</ele>
      </trkpt>
      <trkpt lat="48.83793000000001" lon="2.21138">
        <ele>87.2185681679742</ele>
      </trkpt>
      <trkpt lat="48.837970000000006" lon="2.21183">
        <ele>87.54083097977099</ele>
      </trkpt>
      <trkpt lat="48.837996693155446" lon="2.2118233267111402">
        <ele>87.57000000000001</ele>
      </trkpt>
      <trkpt lat="48.838010000000004" lon="2.2118200000000003">
        <ele>87.58012354478032</ele>
      </trkpt>
      <trkpt lat="48.838150000000006" lon="2.2118">
        <ele>87.68568264051432</ele>
      </trkpt>
      <trkpt lat="48.83815406734881" lon="2.211889481673781">
        <ele>87.73</ele>
      </trkpt>
      <trkpt lat="48.838159953518584" lon="2.2120189774086887">
        <ele>87.77</ele>
      </trkpt>
      <trkpt lat="48.83818052413294" lon="2.2124715309243643">
        <ele>87.85000000000001</ele>
      </trkpt>
      <trkpt lat="48.838190000000004" lon="2.21268">
        <ele>87.86290599317188</ele>
      </trkpt>
      <trkpt lat="48.838190000000004" lon="2.21267">
        <ele>87.86352360618793</ele>
      </trkpt>
      <trkpt lat="48.83819432066465" lon="2.212774656099167">
        <ele>87.87</ele>
      </trkpt>
      <trkpt lat="48.83820546782247" lon="2.2130446650330504">
        <ele>87.95</ele>
      </trkpt>
      <trkpt lat="48.83821577049864" lon="2.2132942187446702">
        <ele>88.12</ele>
      </trkpt>
      <trkpt lat="48.83822094998611" lon="2.2134196774412223">
        <ele>88.15</ele>
      </trkpt>
      <trkpt lat="48.83823378610724" lon="2.213730596819633">
        <ele>88.13000000000001</ele>
      </trkpt>
      <trkpt lat="48.83824228722254" lon="2.2139365127237562">
        <ele>88.12</ele>
      </trkpt>
      <trkpt lat="48.838247691905124" lon="2.2140674261462454">
        <ele>88.15</ele>
      </trkpt>
      <trkpt lat="48.83825838867273" lon="2.2143265256282545">
        <ele>88.31000000000002</ele>
      </trkpt>
      <trkpt lat="48.83826345556265" lon="2.214449256961838">
        <ele>88.14000000000001</ele>
      </trkpt>
      <trkpt lat="48.83826902914156" lon="2.21458426142878">
        <ele>88.34</ele>
      </trkpt>
      <trkpt lat="48.83827460272047" lon="2.2147192658957215">
        <ele>88.60000000000001</ele>
      </trkpt>
      <trkpt lat="48.838280000000005" lon="2.21485">
        <ele>88.90019430648803</ele>
      </trkpt>
      <trkpt lat="48.83828018562849" lon="2.2148542694551066">
        <ele>88.91</ele>
      </trkpt>
      <trkpt lat="48.838286054140454" lon="2.2149892452302886">
        <ele>89.27</ele>
      </trkpt>
      <trkpt lat="48.838294708713654" lon="2.2151883004138906">
        <ele>89.94</ele>
      </trkpt>
      <trkpt lat="48.838306386459685" lon="2.2154568885725863">
        <ele>90.95</ele>
      </trkpt>
      <trkpt lat="48.838306386459685" lon="2.2154568885725863">
        <ele>90.92</ele>
      </trkpt>
      <trkpt lat="48.83831000000001" lon="2.2155400000000003">
        <ele>91.22886054875042</ele>
      </trkpt>
      <trkpt lat="48.83831000000001" lon="2.21553">
        <ele>91.2659419454</ele>
      </trkpt>
      <trkpt lat="48.83831684166772" lon="2.215641177100332">
        <ele>91.68</ele>
      </trkpt>
      <trkpt lat="48.83832496239279" lon="2.21577313888275">
        <ele>92.09</ele>
      </trkpt>
      <trkpt lat="48.83834137128056" lon="2.21603978330908">
        <ele>92.80000000000001</ele>
      </trkpt>
      <trkpt lat="48.838350000000005" lon="2.21618">
        <ele>93.19532879272047</ele>
      </trkpt>
      <trkpt lat="48.83838860460447" lon="2.216180965115112">
        <ele>93.36000000000001</ele>
      </trkpt>
      <trkpt lat="48.83848751667519" lon="2.2161834379168797">
        <ele>93.57000000000001</ele>
      </trkpt>
      <trkpt lat="48.83852708150347" lon="2.216184427037587">
        <ele>93.36000000000001</ele>
      </trkpt>
      <trkpt lat="48.8385675455324" lon="2.21618543863831">
        <ele>93.12</ele>
      </trkpt>
      <trkpt lat="48.83860711036069" lon="2.216186427759017">
        <ele>92.82000000000001</ele>
      </trkpt>
      <trkpt lat="48.838647574389626" lon="2.2161874393597403">
        <ele>92.47000000000001</ele>
      </trkpt>
      <trkpt lat="48.8386871392179" lon="2.216188428480448">
        <ele>92.1</ele>
      </trkpt>
      <trkpt lat="48.838750000000005" lon="2.21619">
        <ele>90.64294119841446</ele>
      </trkpt>
      <trkpt lat="48.83884718818689" lon="2.216193135102803">
        <ele>88.39000000000001</ele>
      </trkpt>
      <trkpt lat="48.838887648574996" lon="2.2161944402766127">
        <ele>87.51</ele>
      </trkpt>
      <trkpt lat="48.83896767023148" lon="2.2161970216203706">
        <ele>85.9</ele>
      </trkpt>
      <trkpt lat="48.83906" lon="2.2162">
        <ele>84.75103139666794</ele>
      </trkpt>
      <trkpt lat="48.83905000000001" lon="2.2162">
        <ele>84.62661759786701</ele>
      </trkpt>
      <trkpt lat="48.839076252521906" lon="2.2162">
        <ele>84.30000000000001</ele>
      </trkpt>
      <trkpt lat="48.83910593015997" lon="2.2162">
        <ele>83.96000000000001</ele>
      </trkpt>
      <trkpt lat="48.83910593015997" lon="2.2162">
        <ele>84</ele>
      </trkpt>
      <trkpt lat="48.83920755358727" lon="2.2162">
        <ele>82.87</ele>
      </trkpt>
      <trkpt lat="48.839292989212" lon="2.2162">
        <ele>82</ele>
      </trkpt>
      <trkpt lat="48.839507027935" lon="2.2162">
        <ele>79.94000000000001</ele>
      </trkpt>
      <trkpt lat="48.839580000000005" lon="2.2162">
        <ele>79.29087067507324</ele>
      </trkpt>
      <trkpt lat="48.839592436651856" lon="2.2162012436651852">
        <ele>79.17999999999999</ele>
      </trkpt>
      <trkpt lat="48.83968" lon="2.2162100000000002">
        <ele>78.84860784542991</ele>
      </trkpt>
      <trkpt lat="48.83968" lon="2.216221509769952">
        <ele>78.82</ele>
      </trkpt>
      <trkpt lat="48.83968" lon="2.21634">
        <ele>78.27124377026294</ele>
      </trkpt>
      <trkpt lat="48.839711215960214" lon="2.2163705373523768">
        <ele>78.01</ele>
      </trkpt>
      <trkpt lat="48.839774732245516" lon="2.216432672848877">
        <ele>77.53</ele>
      </trkpt>
      <trkpt lat="48.83981632028947" lon="2.2164733568049186">
        <ele>77.48</ele>
      </trkpt>
      <trkpt lat="48.83995998807768" lon="2.2166139013803345">
        <ele>77.52000000000001</ele>
      </trkpt>
      <trkpt lat="48.84000762529166" lon="2.21666050300271">
        <ele>77.54</ele>
      </trkpt>
      <trkpt lat="48.84008248377078" lon="2.2167337341235847">
        <ele>77.52000000000001</ele>
      </trkpt>
      <trkpt lat="48.840140000000005" lon="2.21679">
        <ele>77.45014443094792</ele>
      </trkpt>
      <trkpt lat="48.84013" lon="2.21679">
        <ele>77.43993266059263</ele>
      </trkpt>
      <trkpt lat="48.840138124846646" lon="2.216798124846644">
        <ele>77.43</ele>
      </trkpt>
      <trkpt lat="48.84024930511708" lon="2.216909305117073">
        <ele>77.23</ele>
      </trkpt>
      <trkpt lat="48.840361236605546" lon="2.2170212366055457">
        <ele>76.97000000000001</ele>
      </trkpt>
      <trkpt lat="48.840472416875976" lon="2.217132416875975">
        <ele>76.76</ele>
      </trkpt>
      <trkpt lat="48.84054753868032" lon="2.2172075386803187">
        <ele>76.66000000000001</ele>
      </trkpt>
      <trkpt lat="48.84062266048466" lon="2.217282660484663">
        <ele>76.53</ele>
      </trkpt>
      <trkpt lat="48.84069" lon="2.21735">
        <ele>76.368647209468</ele>
      </trkpt>
      <trkpt lat="48.84069444350813" lon="2.217362441822759">
        <ele>76.35</ele>
      </trkpt>
      <trkpt lat="48.840740000000004" lon="2.21749">
        <ele>76.13971834507657</ele>
      </trkpt>
      <trkpt lat="48.840909767796646" lon="2.217536300308176">
        <ele>75.76</ele>
      </trkpt>
      <trkpt lat="48.840909767796646" lon="2.217536300308176">
        <ele>75.78</ele>
      </trkpt>
      <trkpt lat="48.84096" lon="2.21755">
        <ele>75.6692057275619</ele>
      </trkpt>
      <trkpt lat="48.84096" lon="2.21754">
        <ele>75.65491759946269</ele>
      </trkpt>
      <trkpt lat="48.841089499933915" lon="2.217572374983478">
        <ele>75.37</ele>
      </trkpt>
      <trkpt lat="48.841132982074136" lon="2.217583245518533">
        <ele>75.29</ele>
      </trkpt>
      <trkpt lat="48.84117735160497" lon="2.217594337901242">
        <ele>75.23</ele>
      </trkpt>
      <trkpt lat="48.84126609066664" lon="2.2176165226666607">
        <ele>75.19000000000001</ele>
      </trkpt>
      <trkpt lat="48.841310460197484" lon="2.21762761504937">
        <ele>75.22000000000001</ele>
      </trkpt>
      <trkpt lat="48.84132" lon="2.21763">
        <ele>75.23290047788362</ele>
      </trkpt>
      <trkpt lat="48.84135369843804" lon="2.2176459624180205">
        <ele>75.28</ele>
      </trkpt>
      <trkpt lat="48.841439555202264" lon="2.2176866314115977">
        <ele>75.48</ele>
      </trkpt>
      <trkpt lat="48.841567481780956" lon="2.217747228212027">
        <ele>75.84</ele>
      </trkpt>
      <trkpt lat="48.84165333854517" lon="2.2177878972056044">
        <ele>76.05000000000001</ele>
      </trkpt>
      <trkpt lat="48.84169626692728" lon="2.217808231702393">
        <ele>76.13</ele>
      </trkpt>
      <trkpt lat="48.8417" lon="2.21781">
        <ele>76.13521762881666</ele>
      </trkpt>
      <trkpt lat="48.84178488069991" lon="2.217831220174978">
        <ele>76.25000000000001</ele>
      </trkpt>
      <trkpt lat="48.841829250248495" lon="2.217842312562124">
        <ele>76.29</ele>
      </trkpt>
      <trkpt lat="48.84191798934566" lon="2.217864497336415">
        <ele>76.32000000000001</ele>
      </trkpt>
      <trkpt lat="48.8421" lon="2.2179100000000003">
        <ele>76.29921206506866</ele>
      </trkpt>
      <trkpt lat="48.8421" lon="2.2179">
        <ele>76.29847036139196</ele>
      </trkpt>
      <trkpt lat="48.84217404000017" lon="2.2179196432653514">
        <ele>76.29</ele>
      </trkpt>
      <trkpt lat="48.8423618548276" lon="2.2179694716889555">
        <ele>76.39</ele>
      </trkpt>
      <trkpt lat="48.842505373705166" lon="2.2180075481258608">
        <ele>76.21</ele>
      </trkpt>
      <trkpt lat="48.84259" lon="2.21803">
        <ele>76.07671106224173</ele>
      </trkpt>
      <trkpt lat="48.842620101664785" lon="2.218030771837559">
        <ele>76.03</ele>
      </trkpt>
      <trkpt lat="48.84273609773512" lon="2.2180337460957724">
        <ele>75.80000000000001</ele>
      </trkpt>
      <trkpt lat="48.84286468252627" lon="2.2180370431416994">
        <ele>75.38</ele>
      </trkpt>
      <trkpt lat="48.842980000000004" lon="2.2180400000000002">
        <ele>74.89503867481378</ele>
      </trkpt>
      <trkpt lat="48.843078250211185" lon="2.2180543780796858">
        <ele>74.48</ele>
      </trkpt>
      <trkpt lat="48.84316329233205" lon="2.218066823268104">
        <ele>74.17</ele>
      </trkpt>
      <trkpt lat="48.84319372845951" lon="2.2180712773355378">
        <ele>74.05</ele>
      </trkpt>
      <trkpt lat="48.84328593202213" lon="2.218084770539823">
        <ele>73.81</ele>
      </trkpt>
      <trkpt lat="48.84334590909684" lon="2.2180935476727073">
        <ele>73.76</ele>
      </trkpt>
      <trkpt lat="48.84339000000001" lon="2.2181">
        <ele>73.74175790329139</ele>
      </trkpt>
      <trkpt lat="48.84338" lon="2.2181">
        <ele>73.73763957615222</ele>
      </trkpt>
      <trkpt lat="48.843471176781954" lon="2.2181095975559946">
        <ele>73.7</ele>
      </trkpt>
      <trkpt lat="48.84357000000001" lon="2.2181200000000003">
        <ele>73.80013606831362</ele>
      </trkpt>
      <trkpt lat="48.843681152926166" lon="2.2181827476196094">
        <ele>73.92</ele>
      </trkpt>
      <trkpt lat="48.84376292620849" lon="2.2182289099564017">
        <ele>73.94</ele>
      </trkpt>
      <trkpt lat="48.843843856467274" lon="2.2182745963928143">
        <ele>73.91</ele>
      </trkpt>
      <trkpt lat="48.84392562974959" lon="2.2183207587296065">
        <ele>73.83</ele>
      </trkpt>
      <trkpt lat="48.84400656000838" lon="2.218366445166019">
        <ele>73.71000000000001</ele>
      </trkpt>
      <trkpt lat="48.84416926354948" lon="2.218458293939224">
        <ele>73.36000000000001</ele>
      </trkpt>
      <trkpt lat="48.844190000000005" lon="2.2184700000000004">
        <ele>73.32156607399726</ele>
      </trkpt>
      <trkpt lat="48.84424843443855" lon="2.218510454611301">
        <ele>73.21000000000001</ele>
      </trkpt>
      <trkpt lat="48.84432" lon="2.21856">
        <ele>73.20281253534478</ele>
      </trkpt>
      <trkpt lat="48.84449000000001" lon="2.2187">
        <ele>73.18514060353117</ele>
      </trkpt>
      <trkpt lat="48.84454342902242" lon="2.218726714511208">
        <ele>73.18</ele>
      </trkpt>
      <trkpt lat="48.844550000000005" lon="2.2187300000000003">
        <ele>73.15337389507782</ele>
      </trkpt>
      <trkpt lat="48.84458982616208" lon="2.2187319667240533">
        <ele>73.00000000000001</ele>
      </trkpt>
      <trkpt lat="48.84476240494422" lon="2.218740489133048">
        <ele>72.50000000000001</ele>
      </trkpt>
      <trkpt lat="48.84479116807458" lon="2.2187419095345473">
        <ele>72.49000000000001</ele>
      </trkpt>
      <trkpt lat="48.84482442544405" lon="2.2187435518737804">
        <ele>72.16</ele>
      </trkpt>
      <trkpt lat="48.84484599779182" lon="2.218744617174905">
        <ele>71.82000000000001</ele>
      </trkpt>
      <trkpt lat="48.84487655861783" lon="2.2187461263514976">
        <ele>71.38</ele>
      </trkpt>
      <trkpt lat="48.8449170067699" lon="2.218748123791106">
        <ele>71.44</ele>
      </trkpt>
      <trkpt lat="48.84495475837849" lon="2.2187499880680734">
        <ele>71.58</ele>
      </trkpt>
      <trkpt lat="48.845038351226094" lon="2.2187541161099302">
        <ele>71.77</ele>
      </trkpt>
      <trkpt lat="48.84507969822597" lon="2.218756157937085">
        <ele>71.84</ele>
      </trkpt>
      <trkpt lat="48.845121944073696" lon="2.218758244151787">
        <ele>71.85000000000001</ele>
      </trkpt>
      <trkpt lat="48.84515520144316" lon="2.2187598864910205">
        <ele>71.81000000000002</ele>
      </trkpt>
      <trkpt lat="48.84515520144316" lon="2.2187598864910205">
        <ele>71.82000000000001</ele>
      </trkpt>
      <trkpt lat="48.845166886464874" lon="2.2187604635291294">
        <ele>71.81000000000002</ele>
      </trkpt>
      <trkpt lat="48.84520823346476" lon="2.2187625053562843">
        <ele>71.72</ele>
      </trkpt>
      <trkpt lat="48.845250479312476" lon="2.218764591570986">
        <ele>71.60000000000001</ele>
      </trkpt>
      <trkpt lat="48.84529182631236" lon="2.2187666333981415">
        <ele>71.46000000000001</ele>
      </trkpt>
      <trkpt lat="48.84536000000001" lon="2.21877">
        <ele>71.18566470962831</ele>
      </trkpt>
      <trkpt lat="48.845375947429524" lon="2.2187753158098396">
        <ele>71.12</ele>
      </trkpt>
      <trkpt lat="48.8453926376982" lon="2.2187808792327286">
        <ele>71.09</ele>
      </trkpt>
      <trkpt lat="48.84545000000001" lon="2.2188000000000003">
        <ele>70.21230442670566</ele>
      </trkpt>
      <trkpt lat="48.84547483185671" lon="2.218796990077975">
        <ele>69.84</ele>
      </trkpt>
      <trkpt lat="48.84568371047164" lon="2.218771671457984">
        <ele>66.52000000000001</ele>
      </trkpt>
      <trkpt lat="48.84572674125926" lon="2.218766455604939">
        <ele>66.02000000000001</ele>
      </trkpt>
      <trkpt lat="48.845770668521624" lon="2.2187611310882884">
        <ele>65.57000000000001</ele>
      </trkpt>
      <trkpt lat="48.845780000000005" lon="2.21876">
        <ele>65.49140081546547</ele>
      </trkpt>
      <trkpt lat="48.8457873623972" lon="2.2188115367804317">
        <ele>65.2</ele>
      </trkpt>
      <trkpt lat="48.84579" lon="2.21883">
        <ele>65.11359173472033</ele>
      </trkpt>
      <trkpt lat="48.84581814454775" lon="2.218848763031831">
        <ele>64.89999999999999</ele>
      </trkpt>
      <trkpt lat="48.845850000000006" lon="2.2188700000000003">
        <ele>64.71843769719548</ele>
      </trkpt>
      <trkpt lat="48.84585615593506" lon="2.2188805530315325">
        <ele>64.67</ele>
      </trkpt>
      <trkpt lat="48.84588538657867" lon="2.2189306627062884">
        <ele>64.48</ele>
      </trkpt>
      <trkpt lat="48.845914020678535" lon="2.2189797497346206">
        <ele>64.32000000000001</ele>
      </trkpt>
      <trkpt lat="48.84592000000001" lon="2.2189900000000002">
        <ele>64.29116592391019</ele>
      </trkpt>
      <trkpt lat="48.846042266484076" lon="2.2189933962912245">
        <ele>63.9</ele>
      </trkpt>
      <trkpt lat="48.846042266484076" lon="2.2189933962912245">
        <ele>63.92</ele>
      </trkpt>
      <trkpt lat="48.846138477903395" lon="2.21899606883065">
        <ele>63.62000000000001</ele>
      </trkpt>
      <trkpt lat="48.84626975703629" lon="2.2189997154732306">
        <ele>63.17</ele>
      </trkpt>
      <trkpt lat="48.84628000000001" lon="2.2190000000000003">
        <ele>63.139465950558204</ele>
      </trkpt>
      <trkpt lat="48.84631" lon="2.21902">
        <ele>63.04182491998064</ele>
      </trkpt>
      <trkpt lat="48.84630000000001" lon="2.21902">
        <ele>63.01202011946893</ele>
      </trkpt>
      <trkpt lat="48.84633134546933" lon="2.2190408969795516">
        <ele>62.910000000000004</ele>
      </trkpt>
      <trkpt lat="48.846360000000004" lon="2.2190600000000003">
        <ele>62.83467306487709</ele>
      </trkpt>
      <trkpt lat="48.8464157550427" lon="2.219066969380338">
        <ele>62.7</ele>
      </trkpt>
      <trkpt lat="48.84644" lon="2.2190700000000003">
        <ele>62.66190112906498</ele>
      </trkpt>
      <trkpt lat="48.84651" lon="2.21911">
        <ele>62.544777326844205</ele>
      </trkpt>
      <trkpt lat="48.846520000000005" lon="2.2191300000000003">
        <ele>62.51888994137982</ele>
      </trkpt>
      <trkpt lat="48.84653416623353" lon="2.2192433298682186">
        <ele>62.400000000000006</ele>
      </trkpt>
      <trkpt lat="48.846540000000005" lon="2.21929">
        <ele>62.17422964271873</ele>
      </trkpt>
      <trkpt lat="48.84651552301678" lon="2.2193664905725865">
        <ele>61.77</ele>
      </trkpt>
      <trkpt lat="48.846490353288814" lon="2.21944514597247">
        <ele>61.43000000000001</ele>
      </trkpt>
      <trkpt lat="48.846490353288814" lon="2.21944514597247">
        <ele>61.470000000000006</ele>
      </trkpt>
      <trkpt lat="48.84646000000001" lon="2.2195400000000003">
        <ele>61.045931690923865</ele>
      </trkpt>
      <trkpt lat="48.846472098587256" lon="2.219544320924019">
        <ele>60.97</ele>
      </trkpt>
      <trkpt lat="48.84651587197971" lon="2.2195599542784663">
        <ele>60.620000000000005</ele>
      </trkpt>
      <trkpt lat="48.84655876990431" lon="2.219575274965825">
        <ele>60.18</ele>
      </trkpt>
      <trkpt lat="48.846601667828914" lon="2.2195905956531834">
        <ele>59.65</ele>
      </trkpt>
      <trkpt lat="48.84673036160274" lon="2.2196365577152597">
        <ele>57.89</ele>
      </trkpt>
      <trkpt lat="48.846880000000006" lon="2.2196900000000004">
        <ele>57.42442364863783</ele>
      </trkpt>
      <trkpt lat="48.846880000000006" lon="2.2196800000000003">
        <ele>57.40449180359012</ele>
      </trkpt>
      <trkpt lat="48.846956677829965" lon="2.2197183389149786">
        <ele>57.160000000000004</ele>
      </trkpt>
      <trkpt lat="48.84699768264079" lon="2.2197388413203933">
        <ele>56.42</ele>
      </trkpt>
      <trkpt lat="48.84704000000001" lon="2.2197600000000004">
        <ele>55.61633153001359</ele>
      </trkpt>
      <trkpt lat="48.8471041675122" lon="2.2198425010871157">
        <ele>54.1</ele>
      </trkpt>
      <trkpt lat="48.84711" lon="2.21985">
        <ele>53.97408689877528</ele>
      </trkpt>
      <trkpt lat="48.8471526880642" lon="2.219852587155406">
        <ele>53.27</ele>
      </trkpt>
      <trkpt lat="48.8471526880642" lon="2.219852587155406">
        <ele>53.38</ele>
      </trkpt>
      <trkpt lat="48.847194922638494" lon="2.2198551468265753">
        <ele>52.74</ele>
      </trkpt>
      <trkpt lat="48.84732342357729" lon="2.2198629347622605">
        <ele>50.870000000000005</ele>
      </trkpt>
      <trkpt lat="48.84740879133384" lon="2.2198681085656875">
        <ele>49.57</ele>
      </trkpt>
      <trkpt lat="48.847440000000006" lon="2.2198700000000002">
        <ele>49.23885336544066</ele>
      </trkpt>
      <trkpt lat="48.847446860145766" lon="2.219865634452697">
        <ele>49.160000000000004</ele>
      </trkpt>
      <trkpt lat="48.847550000000005" lon="2.2198">
        <ele>48.10146107673345</ele>
      </trkpt>
      <trkpt lat="48.847570000000005" lon="2.2198100000000003">
        <ele>47.900000000000006</ele>
      </trkpt>
      <trkpt lat="48.84756977353051" lon="2.2198100000000003">
        <ele>47.900000000000006</ele>
      </trkpt>
      <trkpt lat="48.84756" lon="2.2198100000000003">
        <ele>47.804496313291835</ele>
      </trkpt>
      <trkpt lat="48.84772" lon="2.2198900000000004">
        <ele>46.160000000000004</ele>
      </trkpt>
      <trkpt lat="48.84772" lon="2.2198900000000004">
        <ele>46.160000000000004</ele>
      </trkpt>
      <trkpt lat="48.84772481695869" lon="2.2200248748431903">
        <ele>45.32000000000001</ele>
      </trkpt>
      <trkpt lat="48.847730000000006" lon="2.22017">
        <ele>44.46572104665348</ele>
      </trkpt>
      <trkpt lat="48.84774405416668" lon="2.2201711711805565">
        <ele>44.34</ele>
      </trkpt>
      <trkpt lat="48.84774405416668" lon="2.2201711711805565">
        <ele>44.410000000000004</ele>
      </trkpt>
      <trkpt lat="48.84786258662403" lon="2.220181048885335">
        <ele>43.45</ele>
      </trkpt>
      <trkpt lat="48.847970000000004" lon="2.22019">
        <ele>43.077278556928505</ele>
      </trkpt>
      <trkpt lat="48.847970000000004" lon="2.2202151219135016">
        <ele>43.02</ele>
      </trkpt>
      <trkpt lat="48.847970000000004" lon="2.22038">
        <ele>42.679043917912395</ele>
      </trkpt>
      <trkpt lat="48.84798544259699" lon="2.2203834316882203">
        <ele>42.63</ele>
      </trkpt>
      <trkpt lat="48.848060000000004" lon="2.2204">
        <ele>42.23641577627294</ele>
      </trkpt>
      <trkpt lat="48.84805" lon="2.2204">
        <ele>42.184181904657265</ele>
      </trkpt>
      <trkpt lat="48.84821" lon="2.22045">
        <ele>41.330951566295504</ele>
      </trkpt>
      <trkpt lat="48.848213673179416" lon="2.220452448786275">
        <ele>41.31</ele>
      </trkpt>
      <trkpt lat="48.84829108746513" lon="2.2205040583100826">
        <ele>40.92</ele>
      </trkpt>
      <trkpt lat="48.8483" lon="2.22051">
        <ele>40.887764221520285</ele>
      </trkpt>
      <trkpt lat="48.8483" lon="2.2205700000000004">
        <ele>40.7569880712187</ele>
      </trkpt>
      <trkpt lat="48.8483342408128" lon="2.220583169543383">
        <ele>40.64</ele>
      </trkpt>
      <trkpt lat="48.848415321162044" lon="2.220614354293092">
        <ele>40.449999999999996</ele>
      </trkpt>
      <trkpt lat="48.848415321162044" lon="2.220614354293092">
        <ele>42.1</ele>
      </trkpt>
      <trkpt lat="48.84844496344026" lon="2.22062575516933">
        <ele>42.620000000000005</ele>
      </trkpt>
      <trkpt lat="48.84852430012609" lon="2.2206562692792606">
        <ele>43</ele>
      </trkpt>
      <trkpt lat="48.848560000000006" lon="2.22067">
        <ele>43.20474062493602</ele>
      </trkpt>
      <trkpt lat="48.84859405359993" lon="2.220691670472681">
        <ele>43.410000000000004</ele>
      </trkpt>
      <trkpt lat="48.84866207473644" lon="2.2207349566504573">
        <ele>43.33</ele>
      </trkpt>
      <trkpt lat="48.84866207473644" lon="2.2207349566504573">
        <ele>43.800000000000004</ele>
      </trkpt>
      <trkpt lat="48.84874419781588" lon="2.2207872167919187">
        <ele>42.410000000000004</ele>
      </trkpt>
      <trkpt lat="48.84874419781588" lon="2.2207872167919187">
        <ele>39.23</ele>
      </trkpt>
      <trkpt lat="48.848780000000005" lon="2.22081">
        <ele>39.75089421797891</ele>
      </trkpt>
      <trkpt lat="48.848780000000005" lon="2.2208">
        <ele>39.839204852237245</ele>
      </trkpt>
      <trkpt lat="48.84885840935185" lon="2.220849896860266">
        <ele>40.980000000000004</ele>
      </trkpt>
      <trkpt lat="48.848890000000004" lon="2.22087">
        <ele>41.39968743906687</ele>
      </trkpt>
      <trkpt lat="48.848983779217164" lon="2.2209129821412006">
        <ele>42.60000000000001</ele>
      </trkpt>
      <trkpt lat="48.849087961843736" lon="2.22096073251171">
        <ele>43.97</ele>
      </trkpt>
      <trkpt lat="48.849087961843736" lon="2.22096073251171">
        <ele>43.93</ele>
      </trkpt>
      <trkpt lat="48.84913" lon="2.2209800000000004">
        <ele>44.48481865621588</ele>
      </trkpt>
      <trkpt lat="48.849242059287825" lon="2.2210147770203577">
        <ele>45.93000000000001</ele>
      </trkpt>
      <trkpt lat="48.84941564303748" lon="2.221068647839218">
        <ele>48.040000000000006</ele>
      </trkpt>
      <trkpt lat="48.84942" lon="2.22107">
        <ele>48.09522013184795</ele>
      </trkpt>
      <trkpt lat="48.849592346874466" lon="2.221087234687446">
        <ele>50.24000000000001</ele>
      </trkpt>
      <trkpt lat="48.84962" lon="2.2210900000000002">
        <ele>50.57119299761304</ele>
      </trkpt>
      <trkpt lat="48.84962" lon="2.22108">
        <ele>50.64983412565985</ele>
      </trkpt>
      <trkpt lat="48.849610000000006" lon="2.2210400000000003">
        <ele>50.9863354262517</ele>
      </trkpt>
      <trkpt lat="48.849643687146425" lon="2.2210362569837323">
        <ele>51.39</ele>
      </trkpt>
      <trkpt lat="48.849643687146425" lon="2.2210362569837323">
        <ele>51.42000000000001</ele>
      </trkpt>
      <trkpt lat="48.849700000000006" lon="2.2210300000000003">
        <ele>52.05229408179196</ele>
      </trkpt>
      <trkpt lat="48.849830000000004" lon="2.22095">
        <ele>53.62291034494164</ele>
      </trkpt>
      <trkpt lat="48.84985020507097" lon="2.2210308202838793">
        <ele>54.26</ele>
      </trkpt>
      <trkpt lat="48.84986000000001" lon="2.22107">
        <ele>54.53569383007912</ele>
      </trkpt>
      <trkpt lat="48.849918685347546" lon="2.221042287474774">
        <ele>55.150000000000006</ele>
      </trkpt>
      <trkpt lat="48.850044931150926" lon="2.2209826714009555">
        <ele>56.43000000000001</ele>
      </trkpt>
      <trkpt lat="48.850044931150926" lon="2.2209826714009555">
        <ele>56.730000000000004</ele>
      </trkpt>
      <trkpt lat="48.85015485946951" lon="2.220930760806066">
        <ele>57.82</ele>
      </trkpt>
      <trkpt lat="48.85022000000001" lon="2.2209000000000003">
        <ele>57.755322287681615</ele>
      </trkpt>
      <trkpt lat="48.850265250409976" lon="2.220876594615532">
        <ele>57.71</ele>
      </trkpt>
      <trkpt lat="48.85037507595832" lon="2.220819788297423">
        <ele>57.89</ele>
      </trkpt>
      <trkpt lat="48.85048490150666" lon="2.220762981979314">
        <ele>56.580000000000005</ele>
      </trkpt>
      <trkpt lat="48.85059472705501" lon="2.220706175661205">
        <ele>55.900000000000006</ele>
      </trkpt>
      <trkpt lat="48.850704552603354" lon="2.220649369343096">
        <ele>55.17</ele>
      </trkpt>
      <trkpt lat="48.85080000000001" lon="2.2206">
        <ele>53.831613867994925</ele>
      </trkpt>
      <trkpt lat="48.85081470839496" lon="2.2205942445411058">
        <ele>53.63</ele>
      </trkpt>
      <trkpt lat="48.85093924927475" lon="2.2205455111533583">
        <ele>53.730000000000004</ele>
      </trkpt>
      <trkpt lat="48.851063790154555" lon="2.220496777765611">
        <ele>52.96000000000001</ele>
      </trkpt>
      <trkpt lat="48.85118833103435" lon="2.220448044377864">
        <ele>52.71000000000001</ele>
      </trkpt>
      <trkpt lat="48.85126" lon="2.2204200000000003">
        <ele>51.37492030102938</ele>
      </trkpt>
      <trkpt lat="48.85126" lon="2.22041">
        <ele>51.25621410333211</ele>
      </trkpt>
      <trkpt lat="48.85130749854889" lon="2.2203993128265007">
        <ele>50.39</ele>
      </trkpt>
      <trkpt lat="48.85138489593458" lon="2.22038189841472">
        <ele>49.190000000000005</ele>
      </trkpt>
      <trkpt lat="48.851463182945395" lon="2.220364283837287">
        <ele>47.400000000000006</ele>
      </trkpt>
      <trkpt lat="48.851463182945395" lon="2.220364283837287">
        <ele>53.36000000000001</ele>
      </trkpt>
      <trkpt lat="48.85155125583256" lon="2.220344467437675">
        <ele>52.440000000000005</ele>
      </trkpt>
      <trkpt lat="48.85159484746357" lon="2.220334659320695">
        <ele>52.010000000000005</ele>
      </trkpt>
      <trkpt lat="48.85163932871973" lon="2.220324651038063">
        <ele>51.61</ele>
      </trkpt>
      <trkpt lat="48.851727401606894" lon="2.220304834638451">
        <ele>50.910000000000004</ele>
      </trkpt>
      <trkpt lat="48.8519026577561" lon="2.2202654020048795">
        <ele>49.64</ele>
      </trkpt>
      <trkpt lat="48.85205211477674" lon="2.220231774175235">
        <ele>48.650000000000006</ele>
      </trkpt>
      <trkpt lat="48.85205211477674" lon="2.220231774175235">
        <ele>48.67</ele>
      </trkpt>
      <trkpt lat="48.85206" lon="2.2202300000000004">
        <ele>48.616902409263865</ele>
      </trkpt>
      <trkpt lat="48.85241167198645" lon="2.22003951100734">
        <ele>46.13</ele>
      </trkpt>
      <trkpt lat="48.8525370463112" lon="2.2199715999147736">
        <ele>45.19</ele>
      </trkpt>
      <trkpt lat="48.852540000000005" lon="2.21997">
        <ele>45.165346380326945</ele>
      </trkpt>
      <trkpt lat="48.85262560814034" lon="2.2199807010175423">
        <ele>44.49</ele>
      </trkpt>
      <trkpt lat="48.852669526631566" lon="2.219986190828945">
        <ele>44.07000000000001</ele>
      </trkpt>
      <trkpt lat="48.852700000000006" lon="2.21999">
        <ele>43.73694628061922</ele>
      </trkpt>
      <trkpt lat="48.852700000000006" lon="2.2199694976102666">
        <ele>43.59</ele>
      </trkpt>
      <trkpt lat="48.852700000000006" lon="2.2199400000000002">
        <ele>43.35655983651212</ele>
      </trkpt>
      <trkpt lat="48.852701643521826" lon="2.2199773901213122">
        <ele>43.06</ele>
      </trkpt>
      <trkpt lat="48.85271051517682" lon="2.2201792202725263">
        <ele>41.35</ele>
      </trkpt>
      <trkpt lat="48.85271345241395" lon="2.220246042417185">
        <ele>40.82</ele>
      </trkpt>
      <trkpt lat="48.85271638965107" lon="2.2203128645618433">
        <ele>40.32</ele>
      </trkpt>
      <trkpt lat="48.852719326888206" lon="2.220379686706502">
        <ele>39.86000000000001</ele>
      </trkpt>
      <trkpt lat="48.85272520136246" lon="2.2205133309958196">
        <ele>39.470000000000006</ele>
      </trkpt>
      <trkpt lat="48.852728198543204" lon="2.2205815168577163">
        <ele>39.32</ele>
      </trkpt>
      <trkpt lat="48.852731135780324" lon="2.2206483390023752">
        <ele>39.190000000000005</ele>
      </trkpt>
      <trkpt lat="48.85273653070566" lon="2.220771073553789">
        <ele>39.06</ele>
      </trkpt>
      <trkpt lat="48.85273653070566" lon="2.220771073553789">
        <ele>39.07</ele>
      </trkpt>
      <trkpt lat="48.852737429859886" lon="2.220791529312358">
        <ele>39.05</ele>
      </trkpt>
      <trkpt lat="48.852740000000004" lon="2.22085">
        <ele>39.029720829071735</ele>
      </trkpt>
      <trkpt lat="48.852740000000004" lon="2.2208400000000004">
        <ele>39.02626028062607</ele>
      </trkpt>
      <trkpt lat="48.852747669480586" lon="2.220973170071904">
        <ele>38.98</ele>
      </trkpt>
      <trkpt lat="48.852763195467084" lon="2.2212427576555815">
        <ele>38.92</ele>
      </trkpt>
      <trkpt lat="48.8527786430395" lon="2.221510983685806">
        <ele>38.89</ele>
      </trkpt>
      <trkpt lat="48.852790248322336" lon="2.2217124935968373">
        <ele>38.82</ele>
      </trkpt>
      <trkpt lat="48.85281737959166" lon="2.2221835910915466">
        <ele>38.53</ele>
      </trkpt>
      <trkpt lat="48.85283674786775" lon="2.222519894794417">
        <ele>38.290000000000006</ele>
      </trkpt>
      <trkpt lat="48.852850000000004" lon="2.22275">
        <ele>38.15868090752161</ele>
      </trkpt>
      <trkpt lat="48.852850000000004" lon="2.2227400000000004">
        <ele>38.15299573328042</ele>
      </trkpt>
      <trkpt lat="48.85285893215825" lon="2.22290301188799">
        <ele>38.06</ele>
      </trkpt>
      <trkpt lat="48.8528773664503" lon="2.2232394377178863">
        <ele>37.910000000000004</ele>
      </trkpt>
      <trkpt lat="48.852899457747654" lon="2.2236426038946036">
        <ele>37.62</ele>
      </trkpt>
      <trkpt lat="48.85290595079789" lon="2.223761102061409">
        <ele>36.83</ele>
      </trkpt>
      <trkpt lat="48.85290923463939" lon="2.2238210321687593">
        <ele>36.4</ele>
      </trkpt>
      <trkpt lat="48.85291438429992" lon="2.2239150134734667">
        <ele>35.660000000000004</ele>
      </trkpt>
      <trkpt lat="48.85291438429992" lon="2.2239150134734667">
        <ele>35.82000000000001</ele>
      </trkpt>
      <trkpt lat="48.85292662407278" lon="2.2241383893281346">
        <ele>34.09</ele>
      </trkpt>
      <trkpt lat="48.85293707265936" lon="2.2243290760333387">
        <ele>32.95</ele>
      </trkpt>
      <trkpt lat="48.85293968480601" lon="2.22437674770964">
        <ele>32.690000000000005</ele>
      </trkpt>
      <trkpt lat="48.85294237158542" lon="2.224425781433835">
        <ele>32.56</ele>
      </trkpt>
      <trkpt lat="48.85294490909931" lon="2.2244720910622418">
        <ele>32.54</ele>
      </trkpt>
      <trkpt lat="48.852948640737374" lon="2.2245401934569573">
        <ele>32.550000000000004</ele>
      </trkpt>
      <trkpt lat="48.852948640737374" lon="2.2245401934569573">
        <ele>31.64</ele>
      </trkpt>
      <trkpt lat="48.85295916395672" lon="2.224732242210056">
        <ele>31.650000000000002</ele>
      </trkpt>
      <trkpt lat="48.852965059944864" lon="2.224839843993707">
        <ele>31.71</ele>
      </trkpt>
      <trkpt lat="48.85297103056577" lon="2.2249488078252524">
        <ele>31.82</ele>
      </trkpt>
      <trkpt lat="48.85297103056577" lon="2.2249488078252524">
        <ele>32.370000000000005</ele>
      </trkpt>
      <trkpt lat="48.85297461293831" lon="2.2250141861241794">
        <ele>32.269999999999996</ele>
      </trkpt>
      <trkpt lat="48.853006630392926" lon="2.225598504670841">
        <ele>31.740000000000002</ele>
      </trkpt>
      <trkpt lat="48.853006630392926" lon="2.225598504670841">
        <ele>31.75</ele>
      </trkpt>
      <trkpt lat="48.853010000000005" lon="2.22566">
        <ele>31.71741812620951</ele>
      </trkpt>
      <trkpt lat="48.85305635271516" lon="2.225667725452526">
        <ele>31.68</ele>
      </trkpt>
      <trkpt lat="48.85313000000001" lon="2.22568">
        <ele>31.63546868056035</ele>
      </trkpt>
      <trkpt lat="48.85318" lon="2.22574">
        <ele>31.59717715573229</ele>
      </trkpt>
      <trkpt lat="48.853170000000006" lon="2.22573">
        <ele>31.58998218873984</ele>
      </trkpt>
      <trkpt lat="48.853210000000004" lon="2.2257900000000004">
        <ele>31.55620199207844</ele>
      </trkpt>
      <trkpt lat="48.85322000000001" lon="2.22593">
        <ele>31.50050845944851</ele>
      </trkpt>
      <trkpt lat="48.853219859143906" lon="2.2259312677049303">
        <ele>31.5</ele>
      </trkpt>
      <trkpt lat="48.8532" lon="2.2261100000000003">
        <ele>31.448812876073216</ele>
      </trkpt>
      <trkpt lat="48.85322000000001" lon="2.2261800000000003">
        <ele>31.427262297775194</ele>
      </trkpt>
      <trkpt lat="48.85322000000001" lon="2.2262500000000003">
        <ele>31.407494863191573</ele>
      </trkpt>
      <trkpt lat="48.853260415666256" lon="2.226241916866749">
        <ele>31.39</ele>
      </trkpt>
      <trkpt lat="48.85327" lon="2.22624">
        <ele>31.38772504349182</ele>
      </trkpt>
      <trkpt lat="48.85325" lon="2.22643">
        <ele>31.357930048416165</ele>
      </trkpt>
      <trkpt lat="48.853277439472826" lon="2.226459726095555">
        <ele>31.35</ele>
      </trkpt>
      <trkpt lat="48.853370000000005" lon="2.22656">
        <ele>31.267013801600235</ele>
      </trkpt>
      <trkpt lat="48.853370000000005" lon="2.22657">
        <ele>31.262210041551565</ele>
      </trkpt>
      <trkpt lat="48.8533686485425" lon="2.2266578447380128">
        <ele>31.22</ele>
      </trkpt>
      <trkpt lat="48.85336448627519" lon="2.2269283921130416">
        <ele>31.150000000000002</ele>
      </trkpt>
      <trkpt lat="48.853361101805305" lon="2.2271483826553626">
        <ele>31.150000000000002</ele>
      </trkpt>
      <trkpt lat="48.85336" lon="2.22722">
        <ele>31.150000000000002</ele>
      </trkpt>
      <trkpt lat="48.85335832508436" lon="2.2272685725537413">
        <ele>31.150000000000002</ele>
      </trkpt>
      <trkpt lat="48.85334204040454" lon="2.2277408282683093">
        <ele>31.230000000000004</ele>
      </trkpt>
      <trkpt lat="48.85334" lon="2.2278000000000002">
        <ele>31.225620969584703</ele>
      </trkpt>
      <trkpt lat="48.85332843752795" lon="2.227873999821158">
        <ele>31.22</ele>
      </trkpt>
      <trkpt lat="48.85329" lon="2.22812">
        <ele>31.26671496165347</ele>
      </trkpt>
      <trkpt lat="48.85328620255349" lon="2.228136817263106">
        <ele>31.27</ele>
      </trkpt>
      <trkpt lat="48.85322000000001" lon="2.2284300000000004">
        <ele>31.39238099794586</ele>
      </trkpt>
      <trkpt lat="48.85309440851697" lon="2.2288927054638177">
        <ele>31.59</ele>
      </trkpt>
      <trkpt lat="48.853030000000004" lon="2.22913">
        <ele>31.64058829765223</ele>
      </trkpt>
      <trkpt lat="48.85299288095766" lon="2.229268165324309">
        <ele>31.67</ele>
      </trkpt>
      <trkpt lat="48.852908914256346" lon="2.2295807080458223">
        <ele>31.77</ele>
      </trkpt>
      <trkpt lat="48.85287695931739" lon="2.229699651429718">
        <ele>31.790000000000006</ele>
      </trkpt>
      <trkpt lat="48.852850000000004" lon="2.2298">
        <ele>31.810869649553048</ele>
      </trkpt>
      <trkpt lat="48.85278508635677" lon="2.2297881975194116">
        <ele>31.830000000000002</ele>
      </trkpt>
      <trkpt lat="48.852740000000004" lon="2.2297800000000003">
        <ele>31.826599919278603</ele>
      </trkpt>
      <trkpt lat="48.85262001280394" lon="2.230063303101801">
        <ele>31.810000000000006</ele>
      </trkpt>
      <trkpt lat="48.85257182494068" lon="2.230177080001172">
        <ele>31.830000000000002</ele>
      </trkpt>
      <trkpt lat="48.852403410792306" lon="2.230574724518168">
        <ele>32</ele>
      </trkpt>
      <trkpt lat="48.852380000000004" lon="2.23063">
        <ele>32.01191580403681</ele>
      </trkpt>
      <trkpt lat="48.852204370763985" lon="2.231100686352536">
        <ele>32.11</ele>
      </trkpt>
      <trkpt lat="48.85213" lon="2.2313">
        <ele>32.18435937936191</ele>
      </trkpt>
      <trkpt lat="48.85209552810211" lon="2.231396521314089">
        <ele>32.220000000000006</ele>
      </trkpt>
      <trkpt lat="48.85208" lon="2.23144">
        <ele>32.244292441694455</ele>
      </trkpt>
      <trkpt lat="48.85204232889842" lon="2.2315831501860126">
        <ele>32.32</ele>
      </trkpt>
      <trkpt lat="48.851980000000005" lon="2.2318200000000004">
        <ele>32.49819978016805</ele>
      </trkpt>
      <trkpt lat="48.851974391073846" lon="2.2318345832080118">
        <ele>32.510000000000005</ele>
      </trkpt>
      <trkpt lat="48.85188" lon="2.2320800000000003">
        <ele>32.7251612381063</ele>
      </trkpt>
      <trkpt lat="48.851832252160015" lon="2.232257064906618">
        <ele>32.870000000000005</ele>
      </trkpt>
      <trkpt lat="48.851696522345705" lon="2.232760396301348">
        <ele>33.17</ele>
      </trkpt>
      <trkpt lat="48.85164570892277" lon="2.2329488294114355">
        <ele>33.36</ele>
      </trkpt>
      <trkpt lat="48.85164" lon="2.2329700000000003">
        <ele>33.39145819116064</ele>
      </trkpt>
      <trkpt lat="48.851615597536856" lon="2.2331469178578107">
        <ele>33.64</ele>
      </trkpt>
      <trkpt lat="48.851600000000005" lon="2.23326">
        <ele>33.84128006142183</ele>
      </trkpt>
      <trkpt lat="48.851564222734005" lon="2.2334226239363666">
        <ele>34.14</ele>
      </trkpt>
      <trkpt lat="48.851564222734005" lon="2.2334226239363666">
        <ele>34.13</ele>
      </trkpt>
      <trkpt lat="48.851537417382794" lon="2.233544466441863">
        <ele>34.370000000000005</ele>
      </trkpt>
      <trkpt lat="48.851509186215026" lon="2.2336727899316946">
        <ele>34.59</ele>
      </trkpt>
      <trkpt lat="48.851490000000005" lon="2.23376">
        <ele>34.70437854842534</ele>
      </trkpt>
      <trkpt lat="48.851483006144626" lon="2.2338034355228675">
        <ele>34.760000000000005</ele>
      </trkpt>
      <trkpt lat="48.85144046821714" lon="2.2340676184409665">
        <ele>35.050000000000004</ele>
      </trkpt>
      <trkpt lat="48.851408618211124" lon="2.2342654237414523">
        <ele>35.35</ele>
      </trkpt>
      <trkpt lat="48.851387456126595" lon="2.234396851424326">
        <ele>35.6</ele>
      </trkpt>
      <trkpt lat="48.85131306819309" lon="2.2348588396429117">
        <ele>36.6</ele>
      </trkpt>
      <trkpt lat="48.851308579266075" lon="2.2348867182423087">
        <ele>36.7</ele>
      </trkpt>
      <trkpt lat="48.8513" lon="2.2349400000000004">
        <ele>36.78636717545326</ele>
      </trkpt>
      <trkpt lat="48.85129560865732" lon="2.234992696112239">
        <ele>36.87</ele>
      </trkpt>
      <trkpt lat="48.8512879252951" lon="2.2350848964588486">
        <ele>36.94</ele>
      </trkpt>
      <trkpt lat="48.85127628726116" lon="2.2352245528662134">
        <ele>37.08</ele>
      </trkpt>
      <trkpt lat="48.85127414043936" lon="2.235250314727766">
        <ele>37.17</ele>
      </trkpt>
      <trkpt lat="48.85126600511466" lon="2.235347938624176">
        <ele>37.32000000000001</ele>
      </trkpt>
      <trkpt lat="48.85126" lon="2.23542">
        <ele>37.32000000000001</ele>
      </trkpt>
      <trkpt lat="48.85127000000001" lon="2.23542">
        <ele>37.32000000000001</ele>
      </trkpt>
      <trkpt lat="48.85126968347058" lon="2.235433294235741">
        <ele>37.32000000000001</ele>
      </trkpt>
      <trkpt lat="48.85126422017841" lon="2.2356627525071024">
        <ele>37.19</ele>
      </trkpt>
      <trkpt lat="48.851262984433745" lon="2.2357146537827677">
        <ele>37.14000000000001</ele>
      </trkpt>
      <trkpt lat="48.85125836665108" lon="2.23590860065499">
        <ele>37.53</ele>
      </trkpt>
      <trkpt lat="48.85125836665108" lon="2.23590860065499">
        <ele>37.51</ele>
      </trkpt>
      <trkpt lat="48.851256513034095" lon="2.235986452568487">
        <ele>37.69</ele>
      </trkpt>
      <trkpt lat="48.85125173265344" lon="2.2361872285559286">
        <ele>38.21</ele>
      </trkpt>
      <trkpt lat="48.85125000000001" lon="2.23626">
        <ele>38.42436383781046</ele>
      </trkpt>
      <trkpt lat="48.851264917558446" lon="2.236655315298694">
        <ele>39.589999999999996</ele>
      </trkpt>
      <trkpt lat="48.85127000000001" lon="2.23679">
        <ele>39.997926236947116</ele>
      </trkpt>
      <trkpt lat="48.85132" lon="2.23687">
        <ele>40.33155570621241</ele>
      </trkpt>
      <trkpt lat="48.851470000000006" lon="2.23686">
        <ele>41.021513115429684</ele>
      </trkpt>
      <trkpt lat="48.851490000000005" lon="2.23686">
        <ele>41.11341904859452</ele>
      </trkpt>
      <trkpt lat="48.851500917351174" lon="2.2368872933779276">
        <ele>41.21</ele>
      </trkpt>
      <trkpt lat="48.851510000000005" lon="2.2369100000000004">
        <ele>41.26917359821272</ele>
      </trkpt>
      <trkpt lat="48.85155" lon="2.23692">
        <ele>41.40636060749972</ele>
      </trkpt>
      <trkpt lat="48.85157248498375" lon="2.2370144369317417">
        <ele>41.63</ele>
      </trkpt>
      <trkpt lat="48.851600000000005" lon="2.23713">
        <ele>41.949280422269496</ele>
      </trkpt>
      <trkpt lat="48.85156078419915" lon="2.237157681741783">
        <ele>42.120000000000005</ele>
      </trkpt>
      <trkpt lat="48.85143" lon="2.2372500000000004">
        <ele>41.81226355718548</ele>
      </trkpt>
      <trkpt lat="48.85143534897294" lon="2.237300815242953">
        <ele>41.74</ele>
      </trkpt>
      <trkpt lat="48.85145000000001" lon="2.2374400000000003">
        <ele>41.517760053593136</ele>
      </trkpt>
      <trkpt lat="48.85145000000001" lon="2.2374300000000003">
        <ele>41.50199326213504</ele>
      </trkpt>
      <trkpt lat="48.85148441913698" lon="2.2376795387430573">
        <ele>41.1</ele>
      </trkpt>
      <trkpt lat="48.851490000000005" lon="2.2377200000000004">
        <ele>41.04372465481404</ele>
      </trkpt>
      <trkpt lat="48.851506490486564" lon="2.2377919584868016">
        <ele>40.940000000000005</ele>
      </trkpt>
      <trkpt lat="48.851506490486564" lon="2.2377919584868016">
        <ele>40.910000000000004</ele>
      </trkpt>
      <trkpt lat="48.8515499705669" lon="2.237981689746441">
        <ele>40.64</ele>
      </trkpt>
      <trkpt lat="48.85156475970987" lon="2.238046224188495">
        <ele>40.53</ele>
      </trkpt>
      <trkpt lat="48.851600000000005" lon="2.2382">
        <ele>40.21710067545104</ele>
      </trkpt>
      <trkpt lat="48.85163499634331" lon="2.238293740205281">
        <ele>40.010000000000005</ele>
      </trkpt>
      <trkpt lat="48.851678931734824" lon="2.238411424289701">
        <ele>39.769999999999996</ele>
      </trkpt>
      <trkpt lat="48.851745056718016" lon="2.2385885447803933">
        <ele>39.440000000000005</ele>
      </trkpt>
      <trkpt lat="48.85179964311354" lon="2.238734758339824">
        <ele>39.21</ele>
      </trkpt>
      <trkpt lat="48.85179964311354" lon="2.238734758339824">
        <ele>39.2</ele>
      </trkpt>
      <trkpt lat="48.85183070854188" lon="2.238817969308605">
        <ele>39.1</ele>
      </trkpt>
      <trkpt lat="48.85187464393339" lon="2.238935653393025">
        <ele>39.010000000000005</ele>
      </trkpt>
      <trkpt lat="48.85188" lon="2.23895">
        <ele>39.00878092207236</ele>
      </trkpt>
      <trkpt lat="48.8518019669387" lon="2.2389572588894233">
        <ele>39</ele>
      </trkpt>
      <trkpt lat="48.85171399798975" lon="2.2389654420474665">
        <ele>39.040000000000006</ele>
      </trkpt>
      <trkpt lat="48.85153626480715" lon="2.2389819753667775">
        <ele>39.2</ele>
      </trkpt>
      <trkpt lat="48.85145000000001" lon="2.2389900000000003">
        <ele>39.239225116663704</ele>
      </trkpt>
      <trkpt lat="48.85144830726432" lon="2.2389903385471377">
        <ele>39.24</ele>
      </trkpt>
      <trkpt lat="48.85137965142675" lon="2.2390040697146514">
        <ele>39.220000000000006</ele>
      </trkpt>
      <trkpt lat="48.851350000000004" lon="2.2390100000000004">
        <ele>39.21379568183253</ele>
      </trkpt>
      <trkpt lat="48.851220000000005" lon="2.23904">
        <ele>39.186517628137125</ele>
      </trkpt>
      <trkpt lat="48.85114402154613" lon="2.2390761802161303">
        <ele>39.17</ele>
      </trkpt>
      <trkpt lat="48.85101" lon="2.2391400000000004">
        <ele>39.22113867744113</ele>
      </trkpt>
      <trkpt lat="48.85081375894213" lon="2.2392792678475244">
        <ele>39.300000000000004</ele>
      </trkpt>
      <trkpt lat="48.85077301634871" lon="2.23930818194608">
        <ele>39.32</ele>
      </trkpt>
      <trkpt lat="48.8507" lon="2.23936">
        <ele>39.32605452017255</ele>
      </trkpt>
      <trkpt lat="48.85065" lon="2.2394000000000003">
        <ele>39.33029981940065</ele>
      </trkpt>
      <trkpt lat="48.85054758911507" lon="2.2395194793657645">
        <ele>39.339999999999996</ele>
      </trkpt>
      <trkpt lat="48.850530000000006" lon="2.2395400000000003">
        <ele>39.33748398439303</ele>
      </trkpt>
      <trkpt lat="48.85048956237855" lon="2.2396191903420175">
        <ele>39.330000000000005</ele>
      </trkpt>
      <trkpt lat="48.85041623295102" lon="2.239762793804263">
        <ele>39.24</ele>
      </trkpt>
      <trkpt lat="48.850345660268886" lon="2.239900998640109">
        <ele>39.13</ele>
      </trkpt>
      <trkpt lat="48.850345660268886" lon="2.239900998640109">
        <ele>38.77</ele>
      </trkpt>
      <trkpt lat="48.85029" lon="2.2400100000000003">
        <ele>38.92601806331548</ele>
      </trkpt>
      <trkpt lat="48.85028320322458" lon="2.2400167967754263">
        <ele>38.940000000000005</ele>
      </trkpt>
      <trkpt lat="48.85023" lon="2.2400700000000002">
        <ele>38.914479854740264</ele>
      </trkpt>
      <trkpt lat="48.850201959152685" lon="2.2401046386937407">
        <ele>38.900000000000006</ele>
      </trkpt>
      <trkpt lat="48.85009867691102" lon="2.2402322226393423">
        <ele>38.8</ele>
      </trkpt>
      <trkpt lat="48.850060000000006" lon="2.2402800000000003">
        <ele>38.72135965312169</ele>
      </trkpt>
      <trkpt lat="48.850004512610354" lon="2.240374328562403">
        <ele>38.59</ele>
      </trkpt>
      <trkpt lat="48.84996" lon="2.24045">
        <ele>38.521708930063255</ele>
      </trkpt>
      <trkpt lat="48.84995339810606" lon="2.240464219463873">
        <ele>38.510000000000005</ele>
      </trkpt>
      <trkpt lat="48.84990777291064" lon="2.240562489115559">
        <ele>38.400000000000006</ele>
      </trkpt>
      <trkpt lat="48.84985229682075" lon="2.240681976078404">
        <ele>38.66</ele>
      </trkpt>
      <trkpt lat="48.84985229682075" lon="2.240681976078404">
        <ele>39.1</ele>
      </trkpt>
      <trkpt lat="48.849830000000004" lon="2.24073">
        <ele>39.11954781390702</ele>
      </trkpt>
      <trkpt lat="48.84981885420932" lon="2.240756471252892">
        <ele>39.13</ele>
      </trkpt>
      <trkpt lat="48.84977716923673" lon="2.240855473062762">
        <ele>39.220000000000006</ele>
      </trkpt>
      <trkpt lat="48.84970543230719" lon="2.241025848270446">
        <ele>39.42</ele>
      </trkpt>
      <trkpt lat="48.84967" lon="2.2411100000000004">
        <ele>39.47877400286157</ele>
      </trkpt>
      <trkpt lat="48.849592025616005" lon="2.241234759014394">
        <ele>39.580000000000005</ele>
      </trkpt>
      <trkpt lat="48.849550530059076" lon="2.241301151905494">
        <ele>39.690000000000005</ele>
      </trkpt>
      <trkpt lat="48.849520000000005" lon="2.24135">
        <ele>39.676307008184864</ele>
      </trkpt>
      <trkpt lat="48.849504088394994" lon="2.2413694475172345">
        <ele>39.67</ele>
      </trkpt>
      <trkpt lat="48.849430000000005" lon="2.24146">
        <ele>39.875357730692514</ele>
      </trkpt>
      <trkpt lat="48.84940750326152" lon="2.24148999565132">
        <ele>39.940000000000005</ele>
      </trkpt>
      <trkpt lat="48.849281765746255" lon="2.241657645671666">
        <ele>40.38</ele>
      </trkpt>
      <trkpt lat="48.84928000000001" lon="2.24166">
        <ele>40.38732868693307</ele>
      </trkpt>
      <trkpt lat="48.84917894716299" lon="2.241765646147784">
        <ele>40.77</ele>
      </trkpt>
      <trkpt lat="48.84906" lon="2.24189">
        <ele>41.30513138482915</ele>
      </trkpt>
      <trkpt lat="48.84898341412757" lon="2.2420083599846734">
        <ele>41.71</ele>
      </trkpt>
      <trkpt lat="48.84895" lon="2.2420600000000004">
        <ele>41.8793584181946</ele>
      </trkpt>
      <trkpt lat="48.84894572918577" lon="2.242119791399316">
        <ele>42.02</ele>
      </trkpt>
      <trkpt lat="48.848940000000006" lon="2.2422">
        <ele>42.18603457548825</ele>
      </trkpt>
      <trkpt lat="48.848940000000006" lon="2.24221">
        <ele>42.20661404146281</ele>
      </trkpt>
      <trkpt lat="48.84894400591092" lon="2.2422500591092542">
        <ele>42.29</ele>
      </trkpt>
      <trkpt lat="48.8489506265052" lon="2.2423162650519695">
        <ele>42.410000000000004</ele>
      </trkpt>
      <trkpt lat="48.848960000000005" lon="2.24241">
        <ele>42.5545304689046</ele>
      </trkpt>
      <trkpt lat="48.84895553144688" lon="2.2424457484249443">
        <ele>42.61</ele>
      </trkpt>
      <trkpt lat="48.848940000000006" lon="2.24257">
        <ele>42.76955584906486</ele>
      </trkpt>
      <trkpt lat="48.8488620614341" lon="2.242812475538384">
        <ele>43.11</ele>
      </trkpt>
      <trkpt lat="48.848850000000006" lon="2.2428500000000002">
        <ele>43.173317719633296</ele>
      </trkpt>
      <trkpt lat="48.84880444919844" lon="2.242935407752936">
        <ele>43.34</ele>
      </trkpt>
      <trkpt lat="48.84880444919844" lon="2.242935407752936">
        <ele>43.32</ele>
      </trkpt>
      <trkpt lat="48.84877" lon="2.2430000000000003">
        <ele>43.46654163957075</ele>
      </trkpt>
      <trkpt lat="48.84875" lon="2.24309">
        <ele>43.63397016098585</ele>
      </trkpt>
      <trkpt lat="48.84875288659794" lon="2.2430979670103133">
        <ele>43.65</ele>
      </trkpt>
      <trkpt lat="48.84877414088732" lon="2.243156628848999">
        <ele>43.75</ele>
      </trkpt>
      <trkpt lat="48.84879496141569" lon="2.2432140935073037">
        <ele>43.82000000000001</ele>
      </trkpt>
      <trkpt lat="48.848815781944054" lon="2.243271558165608">
        <ele>43.86</ele>
      </trkpt>
      <trkpt lat="48.84889949781856" lon="2.243502613979207">
        <ele>43.93</ele>
      </trkpt>
      <trkpt lat="48.84894070511429" lon="2.2436163461154344">
        <ele>44.02</ele>
      </trkpt>
      <trkpt lat="48.848984081215065" lon="2.243736064153569">
        <ele>44.31</ele>
      </trkpt>
      <trkpt lat="48.849000000000004" lon="2.24378">
        <ele>44.395261319153335</ele>
      </trkpt>
      <trkpt lat="48.84900149321334" lon="2.24386511316025">
        <ele>44.54</ele>
      </trkpt>
      <trkpt lat="48.84901606569344" lon="2.2446957445261844">
        <ele>45.86000000000001</ele>
      </trkpt>
      <trkpt lat="48.84901606569344" lon="2.2446957445261844">
        <ele>45.84</ele>
      </trkpt>
      <trkpt lat="48.84902" lon="2.24492">
        <ele>46.18698167689564</ele>
      </trkpt>
      <trkpt lat="48.849019999999996" lon="2.245031862104628">
        <ele>46.36000000000001</ele>
      </trkpt>
      <trkpt lat="48.84902" lon="2.24521">
        <ele>46.705495011675275</ele>
      </trkpt>
      <trkpt lat="48.848992360284655" lon="2.2453666250536672">
        <ele>47.02</ele>
      </trkpt>
      <trkpt lat="48.848960000000005" lon="2.24555">
        <ele>47.37395805559237</ele>
      </trkpt>
      <trkpt lat="48.849062039522245" lon="2.245817246367775">
        <ele>47.95</ele>
      </trkpt>
      <trkpt lat="48.84917" lon="2.2461">
        <ele>47.95</ele>
      </trkpt>
      <trkpt lat="48.84917" lon="2.2461">
        <ele>47.95</ele>
      </trkpt>
      <trkpt lat="48.849380000000004" lon="2.2466000000000004">
        <ele>47.95</ele>
      </trkpt>
      <trkpt lat="48.849380000000004" lon="2.2466000000000004">
        <ele>47.95</ele>
      </trkpt>
      <trkpt lat="48.849380000000004" lon="2.2465900000000003">
        <ele>47.95</ele>
      </trkpt>
      <trkpt lat="48.849380000000004" lon="2.2465900000000003">
        <ele>47.95</ele>
      </trkpt>
      <trkpt lat="48.84985" lon="2.24752">
        <ele>47.95</ele>
      </trkpt>
    </trkseg>
  </trk>
</gpx>
