<?xml version="1.0" encoding="UTF-8"?>
<gpx version="1.1" creator="TrailCompareMVP" xmlns="http://www.topografix.com/GPX/1/1">
  <trk>
    <trkseg>
      <trkpt lat="49.02543000000001" lon="2.05066">
        <ele>25.42</ele>
      </trkpt>
      <trkpt lat="49.02523250918206" lon="2.0504690922093154">
        <ele>25.44</ele>
      </trkpt>
      <trkpt lat="49.02513300419301" lon="2.0503729040532397">
        <ele>25.42</ele>
      </trkpt>
      <trkpt lat="49.02503425878403" lon="2.050277450157897">
        <ele>25.36</ele>
      </trkpt>
      <trkpt lat="49.024934753794994" lon="2.0501812620018214">
        <ele>25.380000000000003</ele>
      </trkpt>
      <trkpt lat="49.02483600838601" lon="2.0500858081064792">
        <ele>25.48</ele>
      </trkpt>
      <trkpt lat="49.02483600838601" lon="2.0500858081064792">
        <ele>23.450000000000003</ele>
      </trkpt>
      <trkpt lat="49.02483" lon="2.0500800000000003">
        <ele>23.41712668366028</ele>
      </trkpt>
      <trkpt lat="49.02485880820568" lon="2.049996044657728">
        <ele>23.13</ele>
      </trkpt>
      <trkpt lat="49.02489800312375" lon="2.0498818194679123">
        <ele>22.770000000000003</ele>
      </trkpt>
      <trkpt lat="49.024937198041826" lon="2.049767594278096">
        <ele>22.47</ele>
      </trkpt>
      <trkpt lat="49.02497597599269" lon="2.0496545842498746">
        <ele>22.230000000000004</ele>
      </trkpt>
      <trkpt lat="49.02505478279606" lon="2.0494249187086493">
        <ele>22.070000000000004</ele>
      </trkpt>
      <trkpt lat="49.02517361845192" lon="2.0490785976544212">
        <ele>21.95</ele>
      </trkpt>
      <trkpt lat="49.025180000000006" lon="2.0490600000000003">
        <ele>21.9306677777463</ele>
      </trkpt>
      <trkpt lat="49.02511115956792" lon="2.04902958213466">
        <ele>21.830000000000002</ele>
      </trkpt>
      <trkpt lat="49.0249876368656" lon="2.048975002335964">
        <ele>21.580000000000002</ele>
      </trkpt>
      <trkpt lat="49.02490471253398" lon="2.0489383613522234">
        <ele>21.44</ele>
      </trkpt>
      <trkpt lat="49.02482265199748" lon="2.0489021020453975">
        <ele>21.36</ele>
      </trkpt>
      <trkpt lat="49.024750000000004" lon="2.04887">
        <ele>21.35114653637721</ele>
      </trkpt>
      <trkpt lat="49.024740252486495" lon="2.048871476895985">
        <ele>21.35</ele>
      </trkpt>
      <trkpt lat="49.02465434052502" lon="2.0488844938598474">
        <ele>21.42</ele>
      </trkpt>
      <trkpt lat="49.024568428563526" lon="2.048897510823709">
        <ele>21.560000000000002</ele>
      </trkpt>
      <trkpt lat="49.02444045553756" lon="2.048916900676128">
        <ele>21.810000000000002</ele>
      </trkpt>
      <trkpt lat="49.024420000000006" lon="2.0489200000000003">
        <ele>21.827862580858692</ele>
      </trkpt>
      <trkpt lat="49.024280000000005" lon="2.0482400000000003">
        <ele>22.233983525120326</ele>
      </trkpt>
      <trkpt lat="49.02417674327622" lon="2.048110929095275">
        <ele>22.35</ele>
      </trkpt>
      <trkpt lat="49.02416" lon="2.04809">
        <ele>22.37188433572376</ele>
      </trkpt>
      <trkpt lat="49.024150000000006" lon="2.04807">
        <ele>22.38855586047513</ele>
      </trkpt>
      <trkpt lat="49.02393106571732" lon="2.048058477143017">
        <ele>22.61</ele>
      </trkpt>
      <trkpt lat="49.02384388335543" lon="2.048053888597654">
        <ele>22.67</ele>
      </trkpt>
      <trkpt lat="49.02379984278087" lon="2.048051570672677">
        <ele>22.680000000000003</ele>
      </trkpt>
      <trkpt lat="49.023770000000006" lon="2.0480500000000004">
        <ele>22.666447596945694</ele>
      </trkpt>
      <trkpt lat="49.023715327643885" lon="2.048019246799682">
        <ele>22.64</ele>
      </trkpt>
      <trkpt lat="49.023610000000005" lon="2.0479600000000002">
        <ele>22.525358115914923</ele>
      </trkpt>
      <trkpt lat="49.02356246629955" lon="2.0478946411618706">
        <ele>22.46</ele>
      </trkpt>
      <trkpt lat="49.023530406576086" lon="2.0478505590421103">
        <ele>22.430000000000003</ele>
      </trkpt>
      <trkpt lat="49.02346495130735" lon="2.0477605580476">
        <ele>22.400000000000002</ele>
      </trkpt>
      <trkpt lat="49.023450000000004" lon="2.04774">
        <ele>22.472008278565585</ele>
      </trkpt>
      <trkpt lat="49.023406672374" lon="2.0475883533089925">
        <ele>22.860000000000003</ele>
      </trkpt>
      <trkpt lat="49.023390000000006" lon="2.04753">
        <ele>22.9883744835098</ele>
      </trkpt>
      <trkpt lat="49.02338966651805" lon="2.047529374721336">
        <ele>22.990000000000002</ele>
      </trkpt>
      <trkpt lat="49.02336242899005" lon="2.047478304356322">
        <ele>23.090000000000003</ele>
      </trkpt>
      <trkpt lat="49.02333519146204" lon="2.047427233991307">
        <ele>23.12</ele>
      </trkpt>
      <trkpt lat="49.02330795393402" lon="2.0473761636262924">
        <ele>23.080000000000002</ele>
      </trkpt>
      <trkpt lat="49.023281283854516" lon="2.0473261572272152">
        <ele>22.97</ele>
      </trkpt>
      <trkpt lat="49.023254046326514" lon="2.047275086862201">
        <ele>22.81</ele>
      </trkpt>
      <trkpt lat="49.023230000000005" lon="2.0472300000000003">
        <ele>22.633432387108925</ele>
      </trkpt>
      <trkpt lat="49.023225365894035" lon="2.04722691059602">
        <ele>22.61</ele>
      </trkpt>
      <trkpt lat="49.023184164852964" lon="2.047199443235301">
        <ele>22.37</ele>
      </trkpt>
      <trkpt lat="49.023184164852964" lon="2.047199443235301">
        <ele>22.320000000000004</ele>
      </trkpt>
      <trkpt lat="49.02317000000001" lon="2.04719">
        <ele>22.239339600741957</ele>
      </trkpt>
      <trkpt lat="49.023160000000004" lon="2.04718">
        <ele>22.176945833926695</ele>
      </trkpt>
      <trkpt lat="49.02307771482776" lon="2.04712633575723">
        <ele>21.71</ele>
      </trkpt>
      <trkpt lat="49.02295947124024" lon="2.0470492203740687">
        <ele>21.1</ele>
      </trkpt>
      <trkpt lat="49.02293" lon="2.0470300000000003">
        <ele>21.031016311993092</ele>
      </trkpt>
      <trkpt lat="49.022897685550234" lon="2.046968685402993">
        <ele>20.92</ele>
      </trkpt>
      <trkpt lat="49.02281543242993" lon="2.0468126153798676">
        <ele>20.77</ele>
      </trkpt>
      <trkpt lat="49.02276134818645" lon="2.0467099939947984">
        <ele>20.740000000000002</ele>
      </trkpt>
      <trkpt lat="49.02270726394297" lon="2.0466073726097296">
        <ele>20.740000000000002</ele>
      </trkpt>
      <trkpt lat="49.02259909545601" lon="2.046402129839591">
        <ele>20.85</ele>
      </trkpt>
      <trkpt lat="49.02255740551833" lon="2.0463230258552674">
        <ele>20.91</ele>
      </trkpt>
      <trkpt lat="49.022540000000006" lon="2.0462900000000004">
        <ele>20.93734065979305</ele>
      </trkpt>
      <trkpt lat="49.022540000000006" lon="2.0462800000000003">
        <ele>20.94379352839417</ele>
      </trkpt>
      <trkpt lat="49.02249715222828" lon="2.0462008964214347">
        <ele>21.01</ele>
      </trkpt>
      <trkpt lat="49.02241467921796" lon="2.0460486385562273">
        <ele>21.2</ele>
      </trkpt>
      <trkpt lat="49.0223047152042" lon="2.0458456280692836">
        <ele>21.490000000000002</ele>
      </trkpt>
      <trkpt lat="49.02228" lon="2.0458000000000003">
        <ele>21.525084051244942</ele>
      </trkpt>
      <trkpt lat="49.02237" lon="2.04555">
        <ele>21.694155140343177</ele>
      </trkpt>
      <trkpt lat="49.022461891288316" lon="2.0454693607061807">
        <ele>21.79</ele>
      </trkpt>
      <trkpt lat="49.022539838467466" lon="2.045400958079567">
        <ele>21.830000000000002</ele>
      </trkpt>
      <trkpt lat="49.022694173882215" lon="2.0452655208788726">
        <ele>21.86</ele>
      </trkpt>
      <trkpt lat="49.02277134158959" lon="2.0451978022785253">
        <ele>21.92</ele>
      </trkpt>
      <trkpt lat="49.02286" lon="2.0451200000000003">
        <ele>22.01145057565178</ele>
      </trkpt>
      <trkpt lat="49.02292975912674" lon="2.0450714719118404">
        <ele>22.080000000000002</ele>
      </trkpt>
      <trkpt lat="49.02309" lon="2.04496">
        <ele>22.198693033485103</ele>
      </trkpt>
      <trkpt lat="49.023091549555026" lon="2.04495822153344">
        <ele>22.2</ele>
      </trkpt>
      <trkpt lat="49.023163404820295" lon="2.0448757512857982">
        <ele>22.310000000000002</ele>
      </trkpt>
      <trkpt lat="49.02319861390028" lon="2.0448353408644535">
        <ele>22.39</ele>
      </trkpt>
      <trkpt lat="49.02327046916556" lon="2.0447528706168123">
        <ele>22.61</ele>
      </trkpt>
      <trkpt lat="49.02334160587817" lon="2.044671225071647">
        <ele>22.910000000000004</ele>
      </trkpt>
      <trkpt lat="49.023376814958155" lon="2.0446308146503025">
        <ele>23.110000000000003</ele>
      </trkpt>
      <trkpt lat="49.02341274259079" lon="2.0445895795264817">
        <ele>23.340000000000003</ele>
      </trkpt>
      <trkpt lat="49.02344867022343" lon="2.044548344402661">
        <ele>23.6</ele>
      </trkpt>
      <trkpt lat="49.02351980693605" lon="2.0444666988574958">
        <ele>24.21</ele>
      </trkpt>
      <trkpt lat="49.0236268712813" lon="2.0443438181885094">
        <ele>25.200000000000003</ele>
      </trkpt>
      <trkpt lat="49.02369800799393" lon="2.0442621726433443">
        <ele>25.79</ele>
      </trkpt>
      <trkpt lat="49.02373393562655" lon="2.0442209375195235">
        <ele>26.050000000000004</ele>
      </trkpt>
      <trkpt lat="49.02376914470655" lon="2.044180527098179">
        <ele>26.28</ele>
      </trkpt>
      <trkpt lat="49.02380507233918" lon="2.044139291974358">
        <ele>26.490000000000002</ele>
      </trkpt>
      <trkpt lat="49.02384099997181" lon="2.044098056850537">
        <ele>26.660000000000004</ele>
      </trkpt>
      <trkpt lat="49.0238762090518" lon="2.044057646429193">
        <ele>26.78</ele>
      </trkpt>
      <trkpt lat="49.02391213668443" lon="2.044016411305372">
        <ele>26.85</ele>
      </trkpt>
      <trkpt lat="49.02394734576441" lon="2.0439760008840278">
        <ele>26.85</ele>
      </trkpt>
      <trkpt lat="49.023970000000006" lon="2.04395">
        <ele>26.79955585119049</ele>
      </trkpt>
      <trkpt lat="49.023980623679634" lon="2.0439305232540277">
        <ele>26.770000000000003</ele>
      </trkpt>
      <trkpt lat="49.02400937921653" lon="2.043877804769699">
        <ele>26.590000000000003</ele>
      </trkpt>
      <trkpt lat="49.02403" lon="2.0438400000000003">
        <ele>26.392429831822923</ele>
      </trkpt>
      <trkpt lat="49.02404033673373" lon="2.0438312535330043">
        <ele>26.320000000000004</ele>
      </trkpt>
      <trkpt lat="49.0240796558312" lon="2.0437979835274507">
        <ele>25.970000000000002</ele>
      </trkpt>
      <trkpt lat="49.024196826741665" lon="2.0436988389109">
        <ele>24.75</ele>
      </trkpt>
      <trkpt lat="49.024235359457194" lon="2.0436662343054572">
        <ele>24.37</ele>
      </trkpt>
      <trkpt lat="49.02427467855466" lon="2.043632964299903">
        <ele>24.03</ele>
      </trkpt>
      <trkpt lat="49.02429" lon="2.04362">
        <ele>23.913099208846244</ele>
      </trkpt>
      <trkpt lat="49.02431607828811" lon="2.043606960855944">
        <ele>23.73</ele>
      </trkpt>
      <trkpt lat="49.02435795185356" lon="2.043586024073221">
        <ele>23.49</ele>
      </trkpt>
      <trkpt lat="49.02440067998157" lon="2.043564660009218">
        <ele>23.3</ele>
      </trkpt>
      <trkpt lat="49.02443" lon="2.04355">
        <ele>23.217656064602764</ele>
      </trkpt>
      <trkpt lat="49.02444247364973" lon="2.04353994060506">
        <ele>23.180000000000003</ele>
      </trkpt>
      <trkpt lat="49.02448142889434" lon="2.043508525085212">
        <ele>23.15</ele>
      </trkpt>
      <trkpt lat="49.024521179143946" lon="2.043476468432305">
        <ele>23.19</ele>
      </trkpt>
      <trkpt lat="49.02456013438855" lon="2.0434450529124564">
        <ele>23.31</ele>
      </trkpt>
      <trkpt lat="49.024599884638164" lon="2.0434129962595495">
        <ele>23.500000000000004</ele>
      </trkpt>
      <trkpt lat="49.02470005526716" lon="2.0433322134942244">
        <ele>24.12</ele>
      </trkpt>
      <trkpt lat="49.02470005526716" lon="2.0433322134942244">
        <ele>24.150000000000002</ele>
      </trkpt>
      <trkpt lat="49.02471357035203" lon="2.0433213142322364">
        <ele>24.240000000000002</ele>
      </trkpt>
      <trkpt lat="49.02474" lon="2.0433000000000003">
        <ele>24.372978525849945</ele>
      </trkpt>
      <trkpt lat="49.02475342345994" lon="2.0432895595311575">
        <ele>24.44</ele>
      </trkpt>
      <trkpt lat="49.02479267950708" lon="2.0432590270500524">
        <ele>24.6</ele>
      </trkpt>
      <trkpt lat="49.02483273669803" lon="2.0432278714570877">
        <ele>24.690000000000005</ele>
      </trkpt>
      <trkpt lat="49.02487199274516" lon="2.043197338975982">
        <ele>24.73</ele>
      </trkpt>
      <trkpt lat="49.02491204993612" lon="2.0431661833830175">
        <ele>24.71</ele>
      </trkpt>
      <trkpt lat="49.02495210712708" lon="2.043135027790053">
        <ele>24.650000000000002</ele>
      </trkpt>
      <trkpt lat="49.02499136317421" lon="2.043104495308947">
        <ele>24.55</ele>
      </trkpt>
      <trkpt lat="49.02501" lon="2.0430900000000003">
        <ele>24.48570590726942</ele>
      </trkpt>
      <trkpt lat="49.02515419655483" lon="2.0429913391993293">
        <ele>24</ele>
      </trkpt>
      <trkpt lat="49.025194402214474" lon="2.0429638300637833">
        <ele>23.900000000000002</ele>
      </trkpt>
      <trkpt lat="49.02523542839778" lon="2.0429357595173077">
        <ele>23.82</ele>
      </trkpt>
      <trkpt lat="49.02539" lon="2.0428300000000004">
        <ele>23.64960453756363</ele>
      </trkpt>
      <trkpt lat="49.02539738543028" lon="2.042820768212145">
        <ele>23.64</ele>
      </trkpt>
      <trkpt lat="49.0255003245589" lon="2.042692094301382">
        <ele>23.450000000000003</ele>
      </trkpt>
      <trkpt lat="49.02553510129153" lon="2.0426486233855834">
        <ele>23.4</ele>
      </trkpt>
      <trkpt lat="49.02555" lon="2.04263">
        <ele>23.393508935718085</ele>
      </trkpt>
      <trkpt lat="49.02560731018216" lon="2.042569318630659">
        <ele>23.37</ele>
      </trkpt>
      <trkpt lat="49.025680444308065" lon="2.042491882497349">
        <ele>23.380000000000003</ele>
      </trkpt>
      <trkpt lat="49.02572000000001" lon="2.04245">
        <ele>23.328732898857268</ele>
      </trkpt>
      <trkpt lat="49.02574156981591" lon="2.0424946803329296">
        <ele>23.290000000000003</ele>
      </trkpt>
      <trkpt lat="49.02579222276056" lon="2.042599604289714">
        <ele>23.160000000000004</ele>
      </trkpt>
      <trkpt lat="49.02596977466129" lon="2.0429673903698093">
        <ele>22.47</ele>
      </trkpt>
      <trkpt lat="49.026" lon="2.0430300000000003">
        <ele>22.398424415638114</ele>
      </trkpt>
      <trkpt lat="49.02606678985673" lon="2.0431948874587946">
        <ele>22.22</ele>
      </trkpt>
      <trkpt lat="49.026184477372155" lon="2.043485428512504">
        <ele>22.01</ele>
      </trkpt>
      <trkpt lat="49.026254900825165" lon="2.0436592864121135">
        <ele>21.85</ele>
      </trkpt>
      <trkpt lat="49.026291766793854" lon="2.0437502992723116">
        <ele>21.800000000000004</ele>
      </trkpt>
      <trkpt lat="49.026320000000005" lon="2.04382">
        <ele>21.714664229901427</ele>
      </trkpt>
      <trkpt lat="49.02629828582534" lon="2.043860714077489">
        <ele>21.66</ele>
      </trkpt>
      <trkpt lat="49.02624210640587" lon="2.0439660504890096">
        <ele>21.57</ele>
      </trkpt>
      <trkpt lat="49.02624" lon="2.0439700000000003">
        <ele>21.567595509688413</ele>
      </trkpt>
      <trkpt lat="49.026168122795035" lon="2.0442851538987044">
        <ele>21.41</ele>
      </trkpt>
      <trkpt lat="49.02613887416255" lon="2.044413397902686">
        <ele>21.37</ele>
      </trkpt>
      <trkpt lat="49.02611" lon="2.04454">
        <ele>21.360128029897435</ele>
      </trkpt>
      <trkpt lat="49.02610955235621" lon="2.044541598727831">
        <ele>21.36</ele>
      </trkpt>
      <trkpt lat="49.02603962434695" lon="2.044791341618047">
        <ele>21.470000000000002</ele>
      </trkpt>
      <trkpt lat="49.02600466034232" lon="2.0449162130631553">
        <ele>21.490000000000002</ele>
      </trkpt>
      <trkpt lat="49.02597" lon="2.04504">
        <ele>21.460260549942873</ele>
      </trkpt>
      <trkpt lat="49.02597" lon="2.045041179243771">
        <ele>21.460000000000004</ele>
      </trkpt>
      <trkpt lat="49.02597" lon="2.04523">
        <ele>21.369608160185145</ele>
      </trkpt>
      <trkpt lat="49.025995546868025" lon="2.045302991051482">
        <ele>21.330000000000002</ele>
      </trkpt>
      <trkpt lat="49.026037047741006" lon="2.045421564974298">
        <ele>21.300000000000004</ele>
      </trkpt>
      <trkpt lat="49.02604" lon="2.04543">
        <ele>21.300000000000004</ele>
      </trkpt>
      <trkpt lat="49.0261486930217" lon="2.045632893640496">
        <ele>21.300000000000004</ele>
      </trkpt>
      <trkpt lat="49.02619000000001" lon="2.04571">
        <ele>21.329233782985725</ele>
      </trkpt>
      <trkpt lat="49.026247459575266" lon="2.045767459575263">
        <ele>21.36</ele>
      </trkpt>
      <trkpt lat="49.026250000000005" lon="2.04577">
        <ele>21.3627575090725</ele>
      </trkpt>
      <trkpt lat="49.026288085032434" lon="2.0457932741864826">
        <ele>21.400000000000002</ele>
      </trkpt>
      <trkpt lat="49.026370729676756" lon="2.045843779246903">
        <ele>21.54</ele>
      </trkpt>
      <trkpt lat="49.02638492118134" lon="2.045852451833036">
        <ele>21.580000000000002</ele>
      </trkpt>
      <trkpt lat="49.02638492118134" lon="2.045852451833036">
        <ele>21.560000000000002</ele>
      </trkpt>
      <trkpt lat="49.026430000000005" lon="2.0458800000000004">
        <ele>21.707063574554628</ele>
      </trkpt>
      <trkpt lat="49.02642" lon="2.0458800000000004">
        <ele>21.73734642262476</ele>
      </trkpt>
      <trkpt lat="49.02653" lon="2.04598">
        <ele>22.125150969874607</ele>
      </trkpt>
      <trkpt lat="49.02654292563445" lon="2.0460121294342017">
        <ele>22.2</ele>
      </trkpt>
      <trkpt lat="49.02663604564022" lon="2.046243599162806">
        <ele>22.63</ele>
      </trkpt>
      <trkpt lat="49.026729165645975" lon="2.046475068891411">
        <ele>23.110000000000003</ele>
      </trkpt>
      <trkpt lat="49.0267752553458" lon="2.0465896347166797">
        <ele>23.31</ele>
      </trkpt>
      <trkpt lat="49.02684533050165" lon="2.04676382153265">
        <ele>23.520000000000003</ele>
      </trkpt>
      <trkpt lat="49.026880000000006" lon="2.04685">
        <ele>23.510426317319222</ele>
      </trkpt>
      <trkpt lat="49.0268346442877" lon="2.046935671901024">
        <ele>23.500000000000004</ele>
      </trkpt>
      <trkpt lat="49.026790000000005" lon="2.0470200000000003">
        <ele>23.52706279939185</ele>
      </trkpt>
      <trkpt lat="49.02677516173458" lon="2.047109029592577">
        <ele>23.55</ele>
      </trkpt>
      <trkpt lat="49.026770000000006" lon="2.04714">
        <ele>23.54762255914585</ele>
      </trkpt>
      <trkpt lat="49.026764328384886" lon="2.047242089072104">
        <ele>23.540000000000003</ele>
      </trkpt>
      <trkpt lat="49.02676" lon="2.04732">
        <ele>23.520476254072435</ele>
      </trkpt>
      <trkpt lat="49.026776394184076" lon="2.047641326007749">
        <ele>23.44</ele>
      </trkpt>
      <trkpt lat="49.026817276625046" lon="2.048442621850848">
        <ele>23.180000000000003</ele>
      </trkpt>
      <trkpt lat="49.02683771784553" lon="2.048843269772397">
        <ele>23.110000000000003</ele>
      </trkpt>
      <trkpt lat="49.02684448507553" lon="2.048975907480214">
        <ele>23.14</ele>
      </trkpt>
      <trkpt lat="49.0268547405684" lon="2.0491769151405133">
        <ele>23.23</ele>
      </trkpt>
      <trkpt lat="49.026860000000006" lon="2.04928">
        <ele>23.30487119347555</ele>
      </trkpt>
      <trkpt lat="49.02685275888045" lon="2.049576885901494">
        <ele>23.520000000000003</ele>
      </trkpt>
      <trkpt lat="49.02685" lon="2.04969">
        <ele>23.5855865647772</ele>
      </trkpt>
      <trkpt lat="49.0268220956081" lon="2.0497737131757274">
        <ele>23.64</ele>
      </trkpt>
      <trkpt lat="49.026790000000005" lon="2.0498700000000003">
        <ele>23.740805646908104</ele>
      </trkpt>
      <trkpt lat="49.026761538877885" lon="2.04991624932344">
        <ele>23.8</ele>
      </trkpt>
      <trkpt lat="49.02671" lon="2.0500000000000003">
        <ele>23.91890616431896</ele>
      </trkpt>
      <trkpt lat="49.026520000000005" lon="2.05033">
        <ele>24.373549303959063</ele>
      </trkpt>
      <trkpt lat="49.02645970366173" lon="2.050410395117699">
        <ele>24.5</ele>
      </trkpt>
      <trkpt lat="49.0264" lon="2.0504900000000004">
        <ele>24.064043856074356</ele>
      </trkpt>
      <trkpt lat="49.026400516961246" lon="2.050490798115603">
        <ele>24.060000000000002</ele>
      </trkpt>
      <trkpt lat="49.026428957477656" lon="2.0505347062812955">
        <ele>23.82</ele>
      </trkpt>
      <trkpt lat="49.026456765982594" lon="2.0505776387099726">
        <ele>23.540000000000003</ele>
      </trkpt>
      <trkpt lat="49.026569264025305" lon="2.050751319898713">
        <ele>22.320000000000004</ele>
      </trkpt>
      <trkpt lat="49.02663120114994" lon="2.0508469421262214">
        <ele>21.85</ele>
      </trkpt>
      <trkpt lat="49.02666216971227" lon="2.0508947532399757">
        <ele>21.650000000000002</ele>
      </trkpt>
      <trkpt lat="49.026724106836895" lon="2.0509903754674843">
        <ele>21.330000000000002</ele>
      </trkpt>
      <trkpt lat="49.026786043961536" lon="2.051085997694993">
        <ele>21.1</ele>
      </trkpt>
      <trkpt lat="49.02684861309765" lon="2.051182595659517">
        <ele>20.950000000000003</ele>
      </trkpt>
      <trkpt lat="49.02691118223376" lon="2.051279193624041">
        <ele>20.87</ele>
      </trkpt>
      <trkpt lat="49.026970000000006" lon="2.0513700000000004">
        <ele>20.8381286315184</ele>
      </trkpt>
      <trkpt lat="49.02699308839541" lon="2.0514334930873477">
        <ele>20.82</ele>
      </trkpt>
      <trkpt lat="49.02705720392191" lon="2.051609810785246">
        <ele>20.810000000000002</ele>
      </trkpt>
      <trkpt lat="49.027170000000005" lon="2.05192">
        <ele>20.83340377117666</ele>
      </trkpt>
      <trkpt lat="49.027287582816385" lon="2.0520963742245746">
        <ele>20.85</ele>
      </trkpt>
      <trkpt lat="49.027350000000006" lon="2.05219">
        <ele>20.847111302261116</ele>
      </trkpt>
      <trkpt lat="49.02747" lon="2.05233">
        <ele>20.842126160238454</ele>
      </trkpt>
      <trkpt lat="49.02752456028793" lon="2.052382286942596">
        <ele>20.84</ele>
      </trkpt>
      <trkpt lat="49.027642587584246" lon="2.0524953964348933">
        <ele>20.8</ele>
      </trkpt>
      <trkpt lat="49.027710000000006" lon="2.05256">
        <ele>20.781932708563883</ele>
      </trkpt>
      <trkpt lat="49.027710000000006" lon="2.05255">
        <ele>20.780444752646773</ele>
      </trkpt>
      <trkpt lat="49.02778534177147" lon="2.05262534177147">
        <ele>20.76</ele>
      </trkpt>
      <trkpt lat="49.027929739085685" lon="2.0527697390856807">
        <ele>20.78</ele>
      </trkpt>
      <trkpt lat="49.02816062437455" lon="2.0530006243745484">
        <ele>20.68</ele>
      </trkpt>
      <trkpt lat="49.02823" lon="2.05307">
        <ele>20.692992438688417</ele>
      </trkpt>
      <trkpt lat="49.0282614289754" lon="2.053118572052892">
        <ele>20.700000000000003</ele>
      </trkpt>
      <trkpt lat="49.02834000000001" lon="2.05324">
        <ele>20.663417066176674</ele>
      </trkpt>
      <trkpt lat="49.02834379824102" lon="2.053395727881502">
        <ele>20.630000000000003</ele>
      </trkpt>
      <trkpt lat="49.0283471412326" lon="2.0535327905363934">
        <ele>20.630000000000003</ele>
      </trkpt>
      <trkpt lat="49.02835" lon="2.05365">
        <ele>20.635412357207947</ele>
      </trkpt>
      <trkpt lat="49.02835" lon="2.05363">
        <ele>20.636335254703493</ele>
      </trkpt>
      <trkpt lat="49.02835251826498" lon="2.053709325346816">
        <ele>20.64</ele>
      </trkpt>
      <trkpt lat="49.02836339104375" lon="2.0540518178779763">
        <ele>20.75</ele>
      </trkpt>
      <trkpt lat="49.028369871219894" lon="2.0542559434265475">
        <ele>20.85</ele>
      </trkpt>
      <trkpt lat="49.02837" lon="2.05426">
        <ele>20.86323029977113</ele>
      </trkpt>
      <trkpt lat="49.02837461471428" lon="2.0543199912856567">
        <ele>21.060000000000002</ele>
      </trkpt>
      <trkpt lat="49.028380000000006" lon="2.05439">
        <ele>21.352882647178212</ele>
      </trkpt>
      <trkpt lat="49.02840393011559" lon="2.054433871878562">
        <ele>21.59</ele>
      </trkpt>
      <trkpt lat="49.02844591541353" lon="2.0545108449248035">
        <ele>22.140000000000004</ele>
      </trkpt>
      <trkpt lat="49.02844591541353" lon="2.0545108449248035">
        <ele>22.05</ele>
      </trkpt>
      <trkpt lat="49.0285" lon="2.0546100000000003">
        <ele>22.79159323069811</ele>
      </trkpt>
      <trkpt lat="49.0285" lon="2.0546">
        <ele>22.849090321658664</ele>
      </trkpt>
      <trkpt lat="49.028509908528704" lon="2.054625597032479">
        <ele>23.020000000000003</ele>
      </trkpt>
      <trkpt lat="49.02853185427605" lon="2.0546822902131354">
        <ele>23.32</ele>
      </trkpt>
      <trkpt lat="49.028552885617266" lon="2.0547366211779305">
        <ele>23.57</ele>
      </trkpt>
      <trkpt lat="49.02857345975541" lon="2.054789771034796">
        <ele>23.78</ele>
      </trkpt>
      <trkpt lat="49.028620000000004" lon="2.05491">
        <ele>23.78</ele>
      </trkpt>
      <trkpt lat="49.02864705690686" lon="2.054958101167747">
        <ele>23.78</ele>
      </trkpt>
      <trkpt lat="49.028710000000004" lon="2.05507">
        <ele>23.836574478583415</ele>
      </trkpt>
      <trkpt lat="49.02873" lon="2.05514">
        <ele>23.865874861103396</ele>
      </trkpt>
      <trkpt lat="49.028722373280445" lon="2.055254400793386">
        <ele>23.91</ele>
      </trkpt>
      <trkpt lat="49.02871782478154" lon="2.055322628277076">
        <ele>23.91</ele>
      </trkpt>
      <trkpt lat="49.0287133672526" lon="2.0553894912110917">
        <ele>23.89</ele>
      </trkpt>
      <trkpt lat="49.028710000000004" lon="2.0554400000000004">
        <ele>23.860388010123074</ele>
      </trkpt>
      <trkpt lat="49.028706324977485" lon="2.055456905103589">
        <ele>23.85</ele>
      </trkpt>
      <trkpt lat="49.02869245698149" lon="2.0555206978851523">
        <ele>23.790000000000003</ele>
      </trkpt>
      <trkpt lat="49.02866" lon="2.05567">
        <ele>23.596934775044907</ele>
      </trkpt>
      <trkpt lat="49.02866" lon="2.0558">
        <ele>23.437370831825046</ele>
      </trkpt>
      <trkpt lat="49.02871155563142" lon="2.055890737911294">
        <ele>23.290000000000003</ele>
      </trkpt>
      <trkpt lat="49.028769861641706" lon="2.0559933564893966">
        <ele>23.14</ele>
      </trkpt>
      <trkpt lat="49.02885290353514" lon="2.0561395102218456">
        <ele>22.97</ele>
      </trkpt>
      <trkpt lat="49.02885290353514" lon="2.0561395102218456">
        <ele>22.990000000000002</ele>
      </trkpt>
      <trkpt lat="49.02891" lon="2.0562400000000003">
        <ele>22.892164318046163</ele>
      </trkpt>
      <trkpt lat="49.02890000000001" lon="2.0562300000000002">
        <ele>22.878745760078186</ele>
      </trkpt>
      <trkpt lat="49.02896652802946" lon="2.0563374683552604">
        <ele>22.770000000000003</ele>
      </trkpt>
      <trkpt lat="49.029030000000006" lon="2.0564400000000003">
        <ele>22.732272592666938</ele>
      </trkpt>
      <trkpt lat="49.029089630292674" lon="2.0565691989674573">
        <ele>22.69</ele>
      </trkpt>
      <trkpt lat="49.029090000000004" lon="2.0565700000000002">
        <ele>22.689017982546037</ele>
      </trkpt>
      <trkpt lat="49.029112150236045" lon="2.0566733677681928">
        <ele>22.580000000000002</ele>
      </trkpt>
      <trkpt lat="49.029120000000006" lon="2.0567100000000003">
        <ele>22.522573658925705</ele>
      </trkpt>
      <trkpt lat="49.029160000000005" lon="2.0567200000000003">
        <ele>22.430456683544755</ele>
      </trkpt>
      <trkpt lat="49.029180000000004" lon="2.05675">
        <ele>22.36670566960176</ele>
      </trkpt>
      <trkpt lat="49.02920889387123" lon="2.056742119853304">
        <ele>22.3</ele>
      </trkpt>
      <trkpt lat="49.02929" lon="2.0567200000000003">
        <ele>22.087032051917753</ele>
      </trkpt>
      <trkpt lat="49.02940238519231" lon="2.056645076538453">
        <ele>21.77</ele>
      </trkpt>
      <trkpt lat="49.02953917540732" lon="2.056553883061783">
        <ele>21.25</ele>
      </trkpt>
      <trkpt lat="49.02953917540732" lon="2.056553883061783">
        <ele>21.28</ele>
      </trkpt>
      <trkpt lat="49.029595209953236" lon="2.0565165266978456">
        <ele>21.07</ele>
      </trkpt>
      <trkpt lat="49.02962" lon="2.0565">
        <ele>20.999214961614268</ele>
      </trkpt>
      <trkpt lat="49.02970547700101" lon="2.0564358922492434">
        <ele>20.75</ele>
      </trkpt>
      <trkpt lat="49.02982" lon="2.05635">
        <ele>20.60809213126621</ele>
      </trkpt>
      <trkpt lat="49.029880000000006" lon="2.05634">
        <ele>20.54097805992103</ele>
      </trkpt>
      <trkpt lat="49.02990487457205" lon="2.056359134286186">
        <ele>20.51</ele>
      </trkpt>
      <trkpt lat="49.029982763035505" lon="2.056419048488845">
        <ele>20.470000000000002</ele>
      </trkpt>
      <trkpt lat="49.030010000000004" lon="2.0564400000000003">
        <ele>20.47</ele>
      </trkpt>
      <trkpt lat="49.03005044595396" lon="2.0565006689309295">
        <ele>20.470000000000002</ele>
      </trkpt>
      <trkpt lat="49.03011" lon="2.0565900000000004">
        <ele>20.49872609615209</ele>
      </trkpt>
      <trkpt lat="49.03011228854624" lon="2.0565944424721265">
        <ele>20.5</ele>
      </trkpt>
      <trkpt lat="49.03016618302779" lon="2.0566990611715763">
        <ele>20.560000000000002</ele>
      </trkpt>
      <trkpt lat="49.03022730048107" lon="2.0568177009338386">
        <ele>20.650000000000002</ele>
      </trkpt>
      <trkpt lat="49.030280000000005" lon="2.0569200000000003">
        <ele>20.74066476299518</ele>
      </trkpt>
      <trkpt lat="49.03027" lon="2.0569200000000003">
        <ele>20.751293680832294</ele>
      </trkpt>
      <trkpt lat="49.03028890815172" lon="2.056949412680445">
        <ele>20.78</ele>
      </trkpt>
      <trkpt lat="49.03036" lon="2.0570600000000003">
        <ele>20.368020281251624</ele>
      </trkpt>
      <trkpt lat="49.030389984425184" lon="2.0570749922125913">
        <ele>20.240000000000002</ele>
      </trkpt>
      <trkpt lat="49.03047458711864" lon="2.057117293559315">
        <ele>19.96</ele>
      </trkpt>
      <trkpt lat="49.030480000000004" lon="2.0571200000000003">
        <ele>19.948483597778843</ele>
      </trkpt>
      <trkpt lat="49.03056271389611" lon="2.05713550885552">
        <ele>19.78</ele>
      </trkpt>
      <trkpt lat="49.030640000000005" lon="2.05715">
        <ele>19.71003222779585</ele>
      </trkpt>
      <trkpt lat="49.03065060942426" lon="2.0571446952878762">
        <ele>19.700000000000003</ele>
      </trkpt>
      <trkpt lat="49.03073692130848" lon="2.057101539345762">
        <ele>19.700000000000003</ele>
      </trkpt>
      <trkpt lat="49.03074" lon="2.0571">
        <ele>19.700000000000003</ele>
      </trkpt>
      <trkpt lat="49.030820000000006" lon="2.05701">
        <ele>19.700000000000003</ele>
      </trkpt>
      <trkpt lat="49.03084696683564" lon="2.0569884265314964">
        <ele>19.700000000000003</ele>
      </trkpt>
      <trkpt lat="49.03087000000001" lon="2.05697">
        <ele>19.708763961604884</ele>
      </trkpt>
      <trkpt lat="49.030912970957935" lon="2.056899683887026">
        <ele>19.73</ele>
      </trkpt>
      <trkpt lat="49.0310043346964" lon="2.0567501795877186">
        <ele>19.87</ele>
      </trkpt>
      <trkpt lat="49.03127781273234" lon="2.0563026700743543">
        <ele>20.37</ele>
      </trkpt>
      <trkpt lat="49.031310000000005" lon="2.0562500000000004">
        <ele>20.449533955586723</ele>
      </trkpt>
      <trkpt lat="49.03136000000001" lon="2.05609">
        <ele>20.64532092019511</ele>
      </trkpt>
      <trkpt lat="49.031364587646934" lon="2.0560687821329484">
        <ele>20.67</ele>
      </trkpt>
      <trkpt lat="49.031378670384726" lon="2.0560036494706577">
        <ele>20.720000000000002</ele>
      </trkpt>
      <trkpt lat="49.03139247146777" lon="2.0559398194616127">
        <ele>20.73</ele>
      </trkpt>
      <trkpt lat="49.03140655420556" lon="2.0558746867993216">
        <ele>20.71</ele>
      </trkpt>
      <trkpt lat="49.03144" lon="2.05572">
        <ele>20.613718253815797</ele>
      </trkpt>
      <trkpt lat="49.031455143245836" lon="2.055687189634026">
        <ele>20.59</ele>
      </trkpt>
      <trkpt lat="49.0315063929055" lon="2.0555761487047537">
        <ele>20.55</ele>
      </trkpt>
      <trkpt lat="49.031532276571994" lon="2.055520067427344">
        <ele>20.55</ele>
      </trkpt>
      <trkpt lat="49.031560000000006" lon="2.05546">
        <ele>20.566228455868746</ele>
      </trkpt>
      <trkpt lat="49.03159147736488" lon="2.0554202391180585">
        <ele>20.580000000000002</ele>
      </trkpt>
      <trkpt lat="49.03175" lon="2.0552200000000003">
        <ele>20.736886918683787</ele>
      </trkpt>
      <trkpt lat="49.03176503678603" lon="2.0552072514205446">
        <ele>20.75</ele>
      </trkpt>
      <trkpt lat="49.03188137147185" lon="2.0551086198390873">
        <ele>20.78</ele>
      </trkpt>
      <trkpt lat="49.032193431406114" lon="2.054844047286125">
        <ele>20.73</ele>
      </trkpt>
      <trkpt lat="49.032210000000006" lon="2.0548300000000004">
        <ele>20.724303128504243</ele>
      </trkpt>
      <trkpt lat="49.032320000000006" lon="2.0548100000000002">
        <ele>20.69101115503823</ele>
      </trkpt>
      <trkpt lat="49.03232332945876" lon="2.0548107398797235">
        <ele>20.69</ele>
      </trkpt>
      <trkpt lat="49.032410000000006" lon="2.0548300000000004">
        <ele>20.682145913889613</ele>
      </trkpt>
      <trkpt lat="49.03252496930482" lon="2.0549392208395787">
        <ele>20.67</ele>
      </trkpt>
      <trkpt lat="49.032810000000005" lon="2.05521">
        <ele>20.569536571077983</ele>
      </trkpt>
      <trkpt lat="49.032860958392156" lon="2.0552722824792933">
        <ele>20.55</ele>
      </trkpt>
      <trkpt lat="49.03289604842434" lon="2.055315170296403">
        <ele>20.55</ele>
      </trkpt>
      <trkpt lat="49.032930436655874" lon="2.0553572003571707">
        <ele>20.57</ele>
      </trkpt>
      <trkpt lat="49.03296552668805" lon="2.055400088174281">
        <ele>20.610000000000003</ele>
      </trkpt>
      <trkpt lat="49.032999914919586" lon="2.0554421182350486">
        <ele>20.69</ele>
      </trkpt>
      <trkpt lat="49.033069393183304" lon="2.055527036112926">
        <ele>20.900000000000002</ele>
      </trkpt>
      <trkpt lat="49.033080000000005" lon="2.05554">
        <ele>20.93969259151877</ele>
      </trkpt>
      <trkpt lat="49.03318" lon="2.05561">
        <ele>21.2610047133156</ele>
      </trkpt>
      <trkpt lat="49.03323444543737" lon="2.05561">
        <ele>21.42</ele>
      </trkpt>
      <trkpt lat="49.03329" lon="2.05561">
        <ele>21.61343312046437</ele>
      </trkpt>
      <trkpt lat="49.03332246219404" lon="2.055597514540754">
        <ele>21.730000000000004</ele>
      </trkpt>
      <trkpt lat="49.03342000000001" lon="2.0555600000000003">
        <ele>21.855548172017713</ele>
      </trkpt>
      <trkpt lat="49.03348517594168" lon="2.0555013416524943">
        <ele>21.95</ele>
      </trkpt>
      <trkpt lat="49.03352" lon="2.05547">
        <ele>21.981790596025025</ele>
      </trkpt>
      <trkpt lat="49.033556096522304" lon="2.055420367281831">
        <ele>22.02</ele>
      </trkpt>
      <trkpt lat="49.033621557731" lon="2.055330358119873">
        <ele>22.02</ele>
      </trkpt>
      <trkpt lat="49.033680000000004" lon="2.05525">
        <ele>21.957505601999404</ele>
      </trkpt>
      <trkpt lat="49.03368604387242" lon="2.055238919567241">
        <ele>21.95</ele>
      </trkpt>
      <trkpt lat="49.03379877861882" lon="2.055032239198848">
        <ele>21.7</ele>
      </trkpt>
      <trkpt lat="49.03380000000001" lon="2.0550300000000004">
        <ele>21.698284051305016</ele>
      </trkpt>
      <trkpt lat="49.03384377115583" lon="2.054915100715956">
        <ele>21.62</ele>
      </trkpt>
      <trkpt lat="49.03388" lon="2.0548200000000003">
        <ele>21.58727204419106</ele>
      </trkpt>
      <trkpt lat="49.0338857088798" lon="2.05479716448082">
        <ele>21.580000000000002</ele>
      </trkpt>
      <trkpt lat="49.033964213350416" lon="2.054483146598361">
        <ele>21.59</ele>
      </trkpt>
      <trkpt lat="49.034000000000006" lon="2.0543400000000003">
        <ele>21.62401557057034</ele>
      </trkpt>
      <trkpt lat="49.034044033792824" lon="2.0542441617450447">
        <ele>21.650000000000002</ele>
      </trkpt>
      <trkpt lat="49.03409461439665" lon="2.0541340745484677">
        <ele>21.720000000000002</ele>
      </trkpt>
      <trkpt lat="49.03417" lon="2.05397">
        <ele>21.85413648290864</ele>
      </trkpt>
      <trkpt lat="49.034208957424084" lon="2.05393591225393">
        <ele>21.900000000000002</ele>
      </trkpt>
      <trkpt lat="49.03425000000001" lon="2.0539">
        <ele>21.93254429107541</ele>
      </trkpt>
      <trkpt lat="49.03428698780523" lon="2.0538771027872413">
        <ele>21.96</ele>
      </trkpt>
      <trkpt lat="49.03436948527158" lon="2.05382603292712">
        <ele>21.980000000000004</ele>
      </trkpt>
      <trkpt lat="49.03444864950696" lon="2.0537770264956903">
        <ele>22.02</ele>
      </trkpt>
      <trkpt lat="49.03446" lon="2.05377">
        <ele>22.02141885520412</ele>
      </trkpt>
      <trkpt lat="49.0345275185166" lon="2.0537234872441226">
        <ele>22.03</ele>
      </trkpt>
      <trkpt lat="49.0346447225254" lon="2.05364274670473">
        <ele>21.94</ele>
      </trkpt>
      <trkpt lat="49.0347234049369" lon="2.0535885432656964">
        <ele>21.810000000000002</ele>
      </trkpt>
      <trkpt lat="49.034826675601984" lon="2.053517401251966">
        <ele>21.580000000000002</ele>
      </trkpt>
      <trkpt lat="49.034826675601984" lon="2.053517401251966">
        <ele>21.59</ele>
      </trkpt>
      <trkpt lat="49.03491" lon="2.0534600000000003">
        <ele>21.410593534924967</ele>
      </trkpt>
      <trkpt lat="49.03492450882347" lon="2.053451294705919">
        <ele>21.380000000000003</ele>
      </trkpt>
      <trkpt lat="49.03501000000001" lon="2.0534000000000003">
        <ele>21.328924052881447</ele>
      </trkpt>
      <trkpt lat="49.035120000000006" lon="2.05343">
        <ele>21.266797012692972</ele>
      </trkpt>
      <trkpt lat="49.03514154110772" lon="2.0534623116615642">
        <ele>21.25</ele>
      </trkpt>
      <trkpt lat="49.035160000000005" lon="2.05349">
        <ele>21.219293637470074</ele>
      </trkpt>
      <trkpt lat="49.035160000000005" lon="2.05358">
        <ele>21.149310671477885</ele>
      </trkpt>
      <trkpt lat="49.03518562877812" lon="2.053645495766291">
        <ele>21.09</ele>
      </trkpt>
      <trkpt lat="49.035250000000005" lon="2.0538100000000004">
        <ele>21.005642401032272</ele>
      </trkpt>
      <trkpt lat="49.035256189124915" lon="2.053818664774878">
        <ele>21</ele>
      </trkpt>
      <trkpt lat="49.03535" lon="2.0539500000000004">
        <ele>21</ele>
      </trkpt>
      <trkpt lat="49.035399916339856" lon="2.0539749581699276">
        <ele>21</ele>
      </trkpt>
      <trkpt lat="49.03557000000001" lon="2.05406">
        <ele>20.924990284922835</ele>
      </trkpt>
      <trkpt lat="49.03573601187931" lon="2.0541618709259355">
        <ele>20.85</ele>
      </trkpt>
      <trkpt lat="49.035902879604265" lon="2.0542642670298856">
        <ele>20.84</ele>
      </trkpt>
      <trkpt lat="49.03598631346674" lon="2.0543154650818605">
        <ele>20.810000000000002</ele>
      </trkpt>
      <trkpt lat="49.036010000000005" lon="2.05433">
        <ele>20.7938587603212</ele>
      </trkpt>
      <trkpt lat="49.03624000000001" lon="2.05444">
        <ele>20.641470288428547</ele>
      </trkpt>
      <trkpt lat="49.03624229844347" lon="2.054440540810226">
        <ele>20.64</ele>
      </trkpt>
      <trkpt lat="49.036410000000004" lon="2.0544800000000003">
        <ele>20.459852350744754</ele>
      </trkpt>
      <trkpt lat="49.0364192801444" lon="2.0544800000000003">
        <ele>20.450000000000003</ele>
      </trkpt>
      <trkpt lat="49.03650921238096" lon="2.0544800000000003">
        <ele>20.39</ele>
      </trkpt>
      <trkpt lat="49.036550000000005" lon="2.0544800000000003">
        <ele>20.394581184320195</ele>
      </trkpt>
      <trkpt lat="49.036597835868136" lon="2.054470432826373">
        <ele>20.400000000000002</ele>
      </trkpt>
      <trkpt lat="49.0367" lon="2.05445">
        <ele>20.45041236114804</ele>
      </trkpt>
      <trkpt lat="49.03681631292971" lon="2.054394904401721">
        <ele>20.51</ele>
      </trkpt>
      <trkpt lat="49.03689000000001" lon="2.05436">
        <ele>20.52232700453668</ele>
      </trkpt>
      <trkpt lat="49.037000000000006" lon="2.05433">
        <ele>20.540179581390717</ele>
      </trkpt>
      <trkpt lat="49.03712392582975" lon="2.0543388518449825">
        <ele>20.560000000000002</ele>
      </trkpt>
      <trkpt lat="49.03728" lon="2.0543500000000003">
        <ele>20.61229529083605</ele>
      </trkpt>
      <trkpt lat="49.03739169621899" lon="2.0543723392437965">
        <ele>20.650000000000002</ele>
      </trkpt>
      <trkpt lat="49.03748" lon="2.05439">
        <ele>20.626137441560353</ele>
      </trkpt>
      <trkpt lat="49.03757" lon="2.05439">
        <ele>20.60202289952417</ele>
      </trkpt>
      <trkpt lat="49.037612211699916" lon="2.054366783565048">
        <ele>20.59</ele>
      </trkpt>
      <trkpt lat="49.037696812705974" lon="2.0543202530117153">
        <ele>20.580000000000002</ele>
      </trkpt>
      <trkpt lat="49.03777" lon="2.0542800000000003">
        <ele>20.59730175501133</ele>
      </trkpt>
      <trkpt lat="49.03785981246348" lon="2.0542060367947843">
        <ele>20.62</ele>
      </trkpt>
      <trkpt lat="49.037940000000006" lon="2.0541400000000003">
        <ele>20.624069426408163</ele>
      </trkpt>
      <trkpt lat="49.03804867552279" lon="2.054023561939874">
        <ele>20.630000000000003</ele>
      </trkpt>
      <trkpt lat="49.038195861246365" lon="2.0538658629503272">
        <ele>20.700000000000003</ele>
      </trkpt>
      <trkpt lat="49.03822" lon="2.05384">
        <ele>20.70331317179965</ele>
      </trkpt>
      <trkpt lat="49.03826345434178" lon="2.0537779223688872">
        <ele>20.71</ele>
      </trkpt>
      <trkpt lat="49.03829" lon="2.0537400000000003">
        <ele>20.701911915531</ele>
      </trkpt>
      <trkpt lat="49.03831930956295" lon="2.0536716110197943">
        <ele>20.69</ele>
      </trkpt>
      <trkpt lat="49.03835" lon="2.0536000000000003">
        <ele>20.65245547130111</ele>
      </trkpt>
      <trkpt lat="49.038430000000005" lon="2.0533400000000004">
        <ele>20.526417594934497</ele>
      </trkpt>
      <trkpt lat="49.03843484393287" lon="2.0533033245083203">
        <ele>20.51</ele>
      </trkpt>
      <trkpt lat="49.0384526058523" lon="2.0531688414040627">
        <ele>20.51</ele>
      </trkpt>
      <trkpt lat="49.03849683303168" lon="2.052833978474461">
        <ele>20.580000000000002</ele>
      </trkpt>
      <trkpt lat="49.038500000000006" lon="2.05281">
        <ele>20.576433979629858</ele>
      </trkpt>
      <trkpt lat="49.038558376754324" lon="2.0525764929827135">
        <ele>20.540000000000003</ele>
      </trkpt>
      <trkpt lat="49.03857000000001" lon="2.05253">
        <ele>20.543627138072353</ele>
      </trkpt>
      <trkpt lat="49.03861248829964" lon="2.0524713256814517">
        <ele>20.55</ele>
      </trkpt>
      <trkpt lat="49.03878" lon="2.0522400000000003">
        <ele>20.591264088489048</ele>
      </trkpt>
      <trkpt lat="49.03895378521697" lon="2.051931048503171">
        <ele>20.64</ele>
      </trkpt>
      <trkpt lat="49.03907091185671" lon="2.0517228233658535">
        <ele>20.73</ele>
      </trkpt>
      <trkpt lat="49.03914" lon="2.0516">
        <ele>20.759641130337922</ele>
      </trkpt>
      <trkpt lat="49.03919486634472" lon="2.051526844873712">
        <ele>20.78</ele>
      </trkpt>
      <trkpt lat="49.0393980040529" lon="2.0512559945961346">
        <ele>20.89</ele>
      </trkpt>
      <trkpt lat="49.039410000000004" lon="2.05124">
        <ele>20.889109749611464</ele>
      </trkpt>
      <trkpt lat="49.039550000000006" lon="2.05113">
        <ele>20.88031030562024</ele>
      </trkpt>
      <trkpt lat="49.03955221883676" lon="2.0511222340713346">
        <ele>20.880000000000003</ele>
      </trkpt>
      <trkpt lat="49.039570000000005" lon="2.05106">
        <ele>20.899794180475407</ele>
      </trkpt>
      <trkpt lat="49.039570000000005" lon="2.0510592940987156">
        <ele>20.900000000000002</ele>
      </trkpt>
      <trkpt lat="49.039570000000005" lon="2.0509600000000003">
        <ele>20.97637870028319</ele>
      </trkpt>
      <trkpt lat="49.039532913542544" lon="2.050795759974083">
        <ele>21.11</ele>
      </trkpt>
      <trkpt lat="49.03951826899757" lon="2.0507309055606466">
        <ele>21.14</ele>
      </trkpt>
      <trkpt lat="49.0395036244526" lon="2.0506660511472106">
        <ele>21.130000000000003</ele>
      </trkpt>
      <trkpt lat="49.039500000000004" lon="2.05065">
        <ele>21.117625246795242</ele>
      </trkpt>
      <trkpt lat="49.039500000000004" lon="2.0505983825983853">
        <ele>21.080000000000002</ele>
      </trkpt>
      <trkpt lat="49.039500000000004" lon="2.05053">
        <ele>20.983631398523336</ele>
      </trkpt>
      <trkpt lat="49.0395525259395" lon="2.0504183823785653">
        <ele>20.790000000000003</ele>
      </trkpt>
      <trkpt lat="49.03960444657271" lon="2.0503080510330003">
        <ele>20.630000000000003</ele>
      </trkpt>
      <trkpt lat="49.039630669114736" lon="2.0502523281312004">
        <ele>20.580000000000002</ele>
      </trkpt>
      <trkpt lat="49.039660000000005" lon="2.05019">
        <ele>20.552036573300093</ele>
      </trkpt>
      <trkpt lat="49.03966429339954" lon="2.0501298924065674">
        <ele>20.53</ele>
      </trkpt>
      <trkpt lat="49.03967" lon="2.05005">
        <ele>20.52414198848135</ele>
      </trkpt>
      <trkpt lat="49.039661691236375" lon="2.0499946082424847">
        <ele>20.52</ele>
      </trkpt>
      <trkpt lat="49.03964163139395" lon="2.049860875959634">
        <ele>20.59</ele>
      </trkpt>
      <trkpt lat="49.039640000000006" lon="2.04985">
        <ele>20.600370475297836</ele>
      </trkpt>
      <trkpt lat="49.03960000000001" lon="2.04976">
        <ele>20.701439565818475</ele>
      </trkpt>
      <trkpt lat="49.039553059369425" lon="2.049715100266397">
        <ele>20.78</ele>
      </trkpt>
      <trkpt lat="49.03947686684253" lon="2.0496422204580647">
        <ele>21</ele>
      </trkpt>
      <trkpt lat="49.039370000000005" lon="2.0495400000000004">
        <ele>21.420776867023932</ele>
      </trkpt>
      <trkpt lat="49.039361628931786" lon="2.0495360606737796">
        <ele>21.45</ele>
      </trkpt>
      <trkpt lat="49.039319520269814" lon="2.0495162448328523">
        <ele>21.580000000000002</ele>
      </trkpt>
      <trkpt lat="49.039276552247394" lon="2.0494960245870084">
        <ele>21.67</ele>
      </trkpt>
      <trkpt lat="49.039233584224974" lon="2.049475804341164">
        <ele>21.69</ele>
      </trkpt>
      <trkpt lat="49.0392" lon="2.0494600000000003">
        <ele>21.658735610267904</ele>
      </trkpt>
      <trkpt lat="49.039192281744064" lon="2.049450738092877">
        <ele>21.650000000000002</ele>
      </trkpt>
      <trkpt lat="49.03915694016769" lon="2.0494083282012303">
        <ele>21.550000000000004</ele>
      </trkpt>
      <trkpt lat="49.03915000000001" lon="2.0494000000000003">
        <ele>21.5166164153188</ele>
      </trkpt>
      <trkpt lat="49.03913651254644" lon="2.0493488600718974">
        <ele>21.380000000000003</ele>
      </trkpt>
      <trkpt lat="49.039102946051514" lon="2.0492215871119495">
        <ele>20.98</ele>
      </trkpt>
      <trkpt lat="49.03908649846899" lon="2.0491592233615754">
        <ele>20.810000000000002</ele>
      </trkpt>
      <trkpt lat="49.03906971522153" lon="2.0490955868816014">
        <ele>20.67</ele>
      </trkpt>
      <trkpt lat="49.039052931974055" lon="2.0490319504016274">
        <ele>20.580000000000002</ele>
      </trkpt>
      <trkpt lat="49.03901936547913" lon="2.04890467744168">
        <ele>20.5</ele>
      </trkpt>
      <trkpt lat="49.0389857989842" lon="2.0487774044817324">
        <ele>20.5</ele>
      </trkpt>
      <trkpt lat="49.03891900165928" lon="2.048524131291437">
        <ele>20.560000000000002</ele>
      </trkpt>
      <trkpt lat="49.03891" lon="2.04849">
        <ele>20.56111275494793</ele>
      </trkpt>
      <trkpt lat="49.03881370992768" lon="2.048235519094561">
        <ele>20.57</ele>
      </trkpt>
      <trkpt lat="49.03877000000001" lon="2.0481200000000004">
        <ele>20.606689086520884</ele>
      </trkpt>
      <trkpt lat="49.03877000000001" lon="2.048107963392107">
        <ele>20.610000000000003</ele>
      </trkpt>
      <trkpt lat="49.03877000000001" lon="2.0481000000000003">
        <ele>20.613361357463834</ele>
      </trkpt>
      <trkpt lat="49.038520000000005" lon="2.0474200000000002">
        <ele>20.942448120940043</ele>
      </trkpt>
      <trkpt lat="49.03840811624773" lon="2.0470097595749843">
        <ele>21.130000000000003</ele>
      </trkpt>
      <trkpt lat="49.0383735722489" lon="2.046883098245931">
        <ele>21.17</ele>
      </trkpt>
      <trkpt lat="49.03835630024948" lon="2.046819767581405">
        <ele>21.17</ele>
      </trkpt>
      <trkpt lat="49.038340000000005" lon="2.0467600000000004">
        <ele>21.155700933000084</ele>
      </trkpt>
      <trkpt lat="49.03833171672934" lon="2.0466900523810208">
        <ele>21.14</ele>
      </trkpt>
      <trkpt lat="49.03831588976414" lon="2.046556402452741">
        <ele>21.07</ele>
      </trkpt>
      <trkpt lat="49.03827576281199" lon="2.046217552634578">
        <ele>20.77</ele>
      </trkpt>
      <trkpt lat="49.0382599358468" lon="2.0460839027062985">
        <ele>20.68</ele>
      </trkpt>
      <trkpt lat="49.038250000000005" lon="2.0460000000000003">
        <ele>20.64685323404533</ele>
      </trkpt>
      <trkpt lat="49.03822358576019" lon="2.0458864187688244">
        <ele>20.6</ele>
      </trkpt>
      <trkpt lat="49.038178785190226" lon="2.0456937763179597">
        <ele>20.57</ele>
      </trkpt>
      <trkpt lat="49.03815" lon="2.04557">
        <ele>20.58973922485811</ele>
      </trkpt>
      <trkpt lat="49.03814951056105" lon="2.0455684337953586">
        <ele>20.59</ele>
      </trkpt>
      <trkpt lat="49.03811197332136" lon="2.045448314628331">
        <ele>20.650000000000002</ele>
      </trkpt>
      <trkpt lat="49.03810000000001" lon="2.04541">
        <ele>20.691466335525497</ele>
      </trkpt>
      <trkpt lat="49.03806646615392" lon="2.0453351937279574">
        <ele>20.78</ele>
      </trkpt>
      <trkpt lat="49.03801722612734" lon="2.045225350591753">
        <ele>20.950000000000003</ele>
      </trkpt>
      <trkpt lat="49.03797" lon="2.0451200000000003">
        <ele>21.502381865030273</ele>
      </trkpt>
      <trkpt lat="49.03796945056643" lon="2.045116016606615">
        <ele>21.52</ele>
      </trkpt>
      <trkpt lat="49.03793408405292" lon="2.0448596093836673">
        <ele>22.78</ele>
      </trkpt>
      <trkpt lat="49.0379251961333" lon="2.044795171966382">
        <ele>23.080000000000002</ele>
      </trkpt>
      <trkpt lat="49.03790760545904" lon="2.0446676395780052">
        <ele>23.610000000000003</ele>
      </trkpt>
      <trkpt lat="49.037890000000004" lon="2.04454">
        <ele>25.02368719136262</ele>
      </trkpt>
      <trkpt lat="49.037890000000004" lon="2.0444619147893475">
        <ele>25.87</ele>
      </trkpt>
      <trkpt lat="49.037890000000004" lon="2.044389207392933">
        <ele>25.810000000000002</ele>
      </trkpt>
      <trkpt lat="49.037890000000004" lon="2.04433">
        <ele>26.047181095625803</ele>
      </trkpt>
      <trkpt lat="49.037940000000006" lon="2.04436">
        <ele>26.3755019990077</ele>
      </trkpt>
      <trkpt lat="49.0379349279379" lon="2.044352029616682">
        <ele>26.42</ele>
      </trkpt>
      <trkpt lat="49.0379349279379" lon="2.044352029616682">
        <ele>26.44</ele>
      </trkpt>
      <trkpt lat="49.03791488317625" lon="2.0443205307055243">
        <ele>26.62</ele>
      </trkpt>
      <trkpt lat="49.037870000000005" lon="2.0442500000000003">
        <ele>27.066001607751282</ele>
      </trkpt>
      <trkpt lat="49.03786" lon="2.0442500000000003">
        <ele>27.13521471793708</ele>
      </trkpt>
      <trkpt lat="49.03779071328196" lon="2.044136171820353">
        <ele>27.840000000000003</ele>
      </trkpt>
      <trkpt lat="49.03773013288455" lon="2.044036646881747">
        <ele>28.39</ele>
      </trkpt>
      <trkpt lat="49.03772000000001" lon="2.04402">
        <ele>28.47112837225186</ele>
      </trkpt>
      <trkpt lat="49.03768" lon="2.04392">
        <ele>28.88949768956092</ele>
      </trkpt>
      <trkpt lat="49.03764144617522" lon="2.0438934111553233">
        <ele>29.120000000000005</ele>
      </trkpt>
      <trkpt lat="49.03756031944492" lon="2.043837461686154">
        <ele>29.550000000000004</ele>
      </trkpt>
      <trkpt lat="49.03739" lon="2.04372">
        <ele>30.396457481571282</ele>
      </trkpt>
      <trkpt lat="49.03736484587142" lon="2.0436804720836554">
        <ele>30.560000000000002</ele>
      </trkpt>
      <trkpt lat="49.03733979007108" lon="2.043641098683125">
        <ele>30.6</ele>
      </trkpt>
      <trkpt lat="49.037322877405856" lon="2.0436145216377666">
        <ele>30.61</ele>
      </trkpt>
      <trkpt lat="49.037309096715674" lon="2.043592866267474">
        <ele>30.7</ele>
      </trkpt>
      <trkpt lat="49.03725000000001" lon="2.0435000000000003">
        <ele>30.718931939988117</ele>
      </trkpt>
      <trkpt lat="49.037397500332965" lon="2.0433320765440155">
        <ele>30.76</ele>
      </trkpt>
      <trkpt lat="49.03764903294555" lon="2.043045716338916">
        <ele>30.770000000000003</ele>
      </trkpt>
      <trkpt lat="49.03781407869994" lon="2.0428578180954555">
        <ele>30.810000000000002</ele>
      </trkpt>
      <trkpt lat="49.0379" lon="2.0427600000000004">
        <ele>30.836375064482542</ele>
      </trkpt>
      <trkpt lat="49.03797674680773" lon="2.042671939917825">
        <ele>30.860000000000003</ele>
      </trkpt>
      <trkpt lat="49.038479840988025" lon="2.0420946844440193">
        <ele>30.860000000000003</ele>
      </trkpt>
      <trkpt lat="49.03883919397395" lon="2.041682359105587">
        <ele>31.05</ele>
      </trkpt>
      <trkpt lat="49.03937750474687" lon="2.041064695748615">
        <ele>31.17</ele>
      </trkpt>
      <trkpt lat="49.03944937534405" lon="2.0409822306809287">
        <ele>31.230000000000004</ele>
      </trkpt>
      <trkpt lat="49.03948531064265" lon="2.0409409981470854">
        <ele>31.290000000000006</ele>
      </trkpt>
      <trkpt lat="49.03955718123983" lon="2.040858533079399">
        <ele>31.46</ele>
      </trkpt>
      <trkpt lat="49.03956436829955" lon="2.0408502865726303">
        <ele>31.490000000000002</ele>
      </trkpt>
      <trkpt lat="49.03966498713561" lon="2.040734835477869">
        <ele>32.150000000000006</ele>
      </trkpt>
      <trkpt lat="49.03973182679099" lon="2.040658142964921">
        <ele>32.67</ele>
      </trkpt>
      <trkpt lat="49.03979938515234" lon="2.0405806258012955">
        <ele>33.25</ele>
      </trkpt>
      <trkpt lat="49.03993378316908" lon="2.040426416124722">
        <ele>34.440000000000005</ele>
      </trkpt>
      <trkpt lat="49.04003440200514" lon="2.0403109650299607">
        <ele>35.26</ele>
      </trkpt>
      <trkpt lat="49.04007249342165" lon="2.0402672585440866">
        <ele>35.51</ele>
      </trkpt>
      <trkpt lat="49.0401299898994" lon="2.0402012864899377">
        <ele>36.06</ele>
      </trkpt>
      <trkpt lat="49.04018820508312" lon="2.0401344897851117">
        <ele>37.27</ele>
      </trkpt>
      <trkpt lat="49.04031972827597" lon="2.0399835787112455">
        <ele>39.25</ele>
      </trkpt>
      <trkpt lat="49.04031972827597" lon="2.0399835787112455">
        <ele>39.28</ele>
      </trkpt>
      <trkpt lat="49.04041" lon="2.03988">
        <ele>40.61752957964808</ele>
      </trkpt>
      <trkpt lat="49.04050798320248" lon="2.0397674235545966">
        <ele>42.07</ele>
      </trkpt>
      <trkpt lat="49.040579101678176" lon="2.0396857129655066">
        <ele>43.06</ele>
      </trkpt>
      <trkpt lat="49.04061502010023" lon="2.039644444991219">
        <ele>43.53000000000001</ele>
      </trkpt>
      <trkpt lat="49.04068685694437" lon="2.039561909042643">
        <ele>44.4</ele>
      </trkpt>
      <trkpt lat="49.04073211415617" lon="2.03950991139504">
        <ele>44.730000000000004</ele>
      </trkpt>
      <trkpt lat="49.04078742852615" lon="2.039446358714637">
        <ele>45.22</ele>
      </trkpt>
      <trkpt lat="49.04079317547368" lon="2.039439755838751">
        <ele>45.56</ele>
      </trkpt>
      <trkpt lat="49.04088" lon="2.03934">
        <ele>46.130227809413455</ele>
      </trkpt>
      <trkpt lat="49.04092683742087" lon="2.039412385104985">
        <ele>46.48</ele>
      </trkpt>
      <trkpt lat="49.04098875115346" lon="2.0395080699644463">
        <ele>46.970000000000006</ele>
      </trkpt>
      <trkpt lat="49.04099" lon="2.0395100000000004">
        <ele>46.98137298829178</ele>
      </trkpt>
      <trkpt lat="49.04104731999826" lon="2.039552989998697">
        <ele>47.39</ele>
      </trkpt>
      <trkpt lat="49.04104731999826" lon="2.039552989998697">
        <ele>47.370000000000005</ele>
      </trkpt>
      <trkpt lat="49.04115" lon="2.0396300000000003">
        <ele>48.17354089657863</ele>
      </trkpt>
      <trkpt lat="49.041140000000006" lon="2.0396300000000003">
        <ele>48.24376921195451</ele>
      </trkpt>
      <trkpt lat="49.04116455944319" lon="2.0396545594431865">
        <ele>48.45</ele>
      </trkpt>
      <trkpt lat="49.04123751601092" lon="2.0397275160109216">
        <ele>49.040000000000006</ele>
      </trkpt>
      <trkpt lat="49.04130000000001" lon="2.03979">
        <ele>49.11417508712913</ele>
      </trkpt>
      <trkpt lat="49.04135" lon="2.03981">
        <ele>49.16549371757016</ele>
      </trkpt>
      <trkpt lat="49.04139247293391" lon="2.0399043842975666">
        <ele>49.24</ele>
      </trkpt>
      <trkpt lat="49.04145507756435" lon="2.040043505698547">
        <ele>49.42</ele>
      </trkpt>
      <trkpt lat="49.04145507756435" lon="2.040043505698547">
        <ele>49.410000000000004</ele>
      </trkpt>
      <trkpt lat="49.04151920913699" lon="2.040186020304429">
        <ele>49.650000000000006</ele>
      </trkpt>
      <trkpt lat="49.04153" lon="2.04021">
        <ele>49.701920635595165</ele>
      </trkpt>
      <trkpt lat="49.04153" lon="2.0402">
        <ele>49.71977114682085</ele>
      </trkpt>
      <trkpt lat="49.04154040390248" lon="2.04022323538221">
        <ele>49.77</ele>
      </trkpt>
      <trkpt lat="49.04159011510307" lon="2.040334257063524">
        <ele>50.07</ele>
      </trkpt>
      <trkpt lat="49.041690044761395" lon="2.040557433300451">
        <ele>50.78</ele>
      </trkpt>
      <trkpt lat="49.041751930133564" lon="2.040695643964944">
        <ele>50.96</ele>
      </trkpt>
      <trkpt lat="49.04180164133415" lon="2.0408066656462576">
        <ele>51.47</ele>
      </trkpt>
      <trkpt lat="49.0418259896773" lon="2.0408610436126153">
        <ele>51.760000000000005</ele>
      </trkpt>
      <trkpt lat="49.041830000000004" lon="2.04087">
        <ele>51.81163034695827</ele>
      </trkpt>
      <trkpt lat="49.04186000000001" lon="2.04088">
        <ele>52.03462129571705</ele>
      </trkpt>
      <trkpt lat="49.041864375480905" lon="2.040886806303619">
        <ele>52.08</ele>
      </trkpt>
      <trkpt lat="49.04189523034795" lon="2.0409348027634673">
        <ele>52.45</ele>
      </trkpt>
      <trkpt lat="49.041926085214996" lon="2.040982799223315">
        <ele>52.85</ele>
      </trkpt>
      <trkpt lat="49.04195000000001" lon="2.04102">
        <ele>53.22195530115301</ele>
      </trkpt>
      <trkpt lat="49.042002041847354" lon="2.0410359311777593">
        <ele>53.800000000000004</ele>
      </trkpt>
      <trkpt lat="49.042045247366985" lon="2.0410491573572402">
        <ele>54.330000000000005</ele>
      </trkpt>
      <trkpt lat="49.04208845288663" lon="2.041062383536721">
        <ele>54.910000000000004</ele>
      </trkpt>
      <trkpt lat="49.0421739821806" lon="2.0410885659736526">
        <ele>56.160000000000004</ele>
      </trkpt>
      <trkpt lat="49.042302716994215" lon="2.041127974590065">
        <ele>58.150000000000006</ele>
      </trkpt>
      <trkpt lat="49.042381192325806" lon="2.041151997650755">
        <ele>60.32000000000001</ele>
      </trkpt>
      <trkpt lat="49.04242087086425" lon="2.041164144142115">
        <ele>61.480000000000004</ele>
      </trkpt>
      <trkpt lat="49.042440000000006" lon="2.04117">
        <ele>62.06816545521067</ele>
      </trkpt>
      <trkpt lat="49.0424859587257" lon="2.041107820547599">
        <ele>63.92</ele>
      </trkpt>
      <trkpt lat="49.042502106934464" lon="2.0410859729710196">
        <ele>64.31</ele>
      </trkpt>
      <trkpt lat="49.04259966902915" lon="2.0409539771958545">
        <ele>70.98</ele>
      </trkpt>
      <trkpt lat="49.04261" lon="2.04094">
        <ele>71.16096055963965</ele>
      </trkpt>
      <trkpt lat="49.04265648319536" lon="2.040878022406188">
        <ele>71.97</ele>
      </trkpt>
      <trkpt lat="49.042721489192225" lon="2.040791347743708">
        <ele>72.52</ele>
      </trkpt>
      <trkpt lat="49.04275466933645" lon="2.0407471075514003">
        <ele>72.82000000000001</ele>
      </trkpt>
      <trkpt lat="49.04276" lon="2.04074">
        <ele>72.874121744347</ele>
      </trkpt>
      <trkpt lat="49.04275299894781" lon="2.040685991883124">
        <ele>73.15</ele>
      </trkpt>
      <trkpt lat="49.042736075444125" lon="2.040555439140369">
        <ele>73.87</ele>
      </trkpt>
      <trkpt lat="49.04271095189225" lon="2.0403616288830833">
        <ele>75.04</ele>
      </trkpt>
      <trkpt lat="49.04269402838857" lon="2.0402310761403286">
        <ele>75.88</ele>
      </trkpt>
      <trkpt lat="49.04265198133301" lon="2.0399067131402884">
        <ele>78.17</ele>
      </trkpt>
      <trkpt lat="49.04262000000001" lon="2.03966">
        <ele>79.8742965599064</ele>
      </trkpt>
      <trkpt lat="49.04260519885924" lon="2.039582705153774">
        <ele>80.42</ele>
      </trkpt>
      <trkpt lat="49.042568885356545" lon="2.0393930679730516">
        <ele>81.72</ele>
      </trkpt>
      <trkpt lat="49.042535850156185" lon="2.0392205508155894">
        <ele>82.48</ele>
      </trkpt>
      <trkpt lat="49.042530000000006" lon="2.03919">
        <ele>82.58544819006765</ele>
      </trkpt>
      <trkpt lat="49.04249601355806" lon="2.039117778810853">
        <ele>82.88000000000001</ele>
      </trkpt>
      <trkpt lat="49.04245038459737" lon="2.039020817269409">
        <ele>83.2</ele>
      </trkpt>
      <trkpt lat="49.04239846198695" lon="2.0389104817222483">
        <ele>84.28</ele>
      </trkpt>
      <trkpt lat="49.04237276291714" lon="2.0388558711989058">
        <ele>84.78</ele>
      </trkpt>
      <trkpt lat="49.042370000000005" lon="2.03885">
        <ele>84.8274120839539</ele>
      </trkpt>
      <trkpt lat="49.04240237695994" lon="2.0388135759200776">
        <ele>85.23</ele>
      </trkpt>
      <trkpt lat="49.04242119572801" lon="2.038792404805988">
        <ele>85.44</ele>
      </trkpt>
      <trkpt lat="49.04242119572801" lon="2.038792404805988">
        <ele>85.38000000000001</ele>
      </trkpt>
      <trkpt lat="49.04247837583103" lon="2.0387280771900986">
        <ele>85.97</ele>
      </trkpt>
      <trkpt lat="49.042530000000006" lon="2.03867">
        <ele>86.40575423603198</ele>
      </trkpt>
      <trkpt lat="49.042530000000006" lon="2.0386800000000003">
        <ele>86.45028530762295</ele>
      </trkpt>
      <trkpt lat="49.04272317365114" lon="2.038459230112991">
        <ele>88.09</ele>
      </trkpt>
      <trkpt lat="49.04292758468109" lon="2.038225617507336">
        <ele>89.66</ele>
      </trkpt>
      <trkpt lat="49.0432673100548" lon="2.0378373599373747">
        <ele>92.09</ele>
      </trkpt>
      <trkpt lat="49.04332201159803" lon="2.037774843887974">
        <ele>92.14000000000001</ele>
      </trkpt>
      <trkpt lat="49.04353218068516" lon="2.0375346506455396">
        <ele>93.52000000000001</ele>
      </trkpt>
      <trkpt lat="49.04353218068516" lon="2.0375346506455396">
        <ele>93.53</ele>
      </trkpt>
      <trkpt lat="49.04363078741439" lon="2.0374219572406993">
        <ele>94.19000000000001</ele>
      </trkpt>
      <trkpt lat="49.04365000000001" lon="2.0374000000000003">
        <ele>94.3258633390614</ele>
      </trkpt>
      <trkpt lat="49.04387089520223" lon="2.037146620209204">
        <ele>95.89</ele>
      </trkpt>
      <trkpt lat="49.04399" lon="2.03701">
        <ele>96.51058882679996</ele>
      </trkpt>
      <trkpt lat="49.04406381871205" lon="2.0369285448694656">
        <ele>96.89</ele>
      </trkpt>
      <trkpt lat="49.044160734990044" lon="2.0368216027696135">
        <ele>97.35000000000001</ele>
      </trkpt>
      <trkpt lat="49.04423724784108" lon="2.0367371747960457">
        <ele>97.47</ele>
      </trkpt>
      <trkpt lat="49.04427441122588" lon="2.0366961669231696">
        <ele>97.4</ele>
      </trkpt>
      <trkpt lat="49.04428" lon="2.03669">
        <ele>97.39891977773955</ele>
      </trkpt>
      <trkpt lat="49.04424685207531" lon="2.0366193425815893">
        <ele>97.39</ele>
      </trkpt>
      <trkpt lat="49.044175144584" lon="2.0364664924027323">
        <ele>97.26</ele>
      </trkpt>
      <trkpt lat="49.044031206189025" lon="2.0361596763502816">
        <ele>96.95</ele>
      </trkpt>
      <trkpt lat="49.04398357566559" lon="2.036058148129289">
        <ele>96.83000000000001</ele>
      </trkpt>
      <trkpt lat="49.043923383245875" lon="2.035929843234628">
        <ele>96.61</ele>
      </trkpt>
      <trkpt lat="49.0439" lon="2.03588">
        <ele>96.50059277557263</ele>
      </trkpt>
      <trkpt lat="49.04389688811289" lon="2.0358835607169814">
        <ele>96.49000000000001</ele>
      </trkpt>
      <trkpt lat="49.043862354623286" lon="2.0359230749983603">
        <ele>96.34</ele>
      </trkpt>
      <trkpt lat="49.043684651041346" lon="2.0361264089046225">
        <ele>95.44000000000001</ele>
      </trkpt>
      <trkpt lat="49.0435076669071" lon="2.036328919596689">
        <ele>94.59</ele>
      </trkpt>
      <trkpt lat="49.04329471038785" lon="2.0365725909985253">
        <ele>93.46</ele>
      </trkpt>
      <trkpt lat="49.043117726253605" lon="2.036775101690592">
        <ele>92.64000000000001</ele>
      </trkpt>
      <trkpt lat="49.04297815339977" lon="2.036934805244498">
        <ele>91.93</ele>
      </trkpt>
      <trkpt lat="49.04297815339977" lon="2.036934805244498">
        <ele>91.91</ele>
      </trkpt>
      <trkpt lat="49.042875272378645" lon="2.0370525248744396">
        <ele>91.39000000000001</ele>
      </trkpt>
      <trkpt lat="49.042860000000005" lon="2.0370700000000004">
        <ele>91.32163889982428</ele>
      </trkpt>
      <trkpt lat="49.042662882099854" lon="2.037295055870246">
        <ele>90.44</ele>
      </trkpt>
      <trkpt lat="49.04252104065857" lon="2.0374570008228963">
        <ele>89.7</ele>
      </trkpt>
      <trkpt lat="49.04241447957578" lon="2.0375786650512833">
        <ele>89.18</ele>
      </trkpt>
      <trkpt lat="49.04234391885879" lon="2.0376592264998092">
        <ele>88.78000000000002</ele>
      </trkpt>
      <trkpt lat="49.0423086385003" lon="2.0376995072240724">
        <ele>88.51</ele>
      </trkpt>
      <trkpt lat="49.042273358141806" lon="2.0377397879483357">
        <ele>88.21000000000001</ele>
      </trkpt>
      <trkpt lat="49.04216391702975" lon="2.0378647403991113">
        <ele>83.32000000000001</ele>
      </trkpt>
      <trkpt lat="49.04211351651762" lon="2.037922284290916">
        <ele>83.07000000000001</ele>
      </trkpt>
      <trkpt lat="49.042089756276184" lon="2.0379494121256236">
        <ele>82.89</ele>
      </trkpt>
      <trkpt lat="49.04198319519339" lon="2.0380710763540106">
        <ele>76.91000000000001</ele>
      </trkpt>
      <trkpt lat="49.041946474820264" lon="2.038113001189468">
        <ele>75.05</ele>
      </trkpt>
      <trkpt lat="49.04191047445446" lon="2.0381541039693283">
        <ele>73.41</ele>
      </trkpt>
      <trkpt lat="49.04187447408865" lon="2.038195206749189">
        <ele>71.99000000000001</ele>
      </trkpt>
      <trkpt lat="49.041838473722834" lon="2.0382363095290494">
        <ele>70.72</ele>
      </trkpt>
      <trkpt lat="49.04173047262541" lon="2.0383596178686307">
        <ele>67.04</ele>
      </trkpt>
      <trkpt lat="49.04171823250103" lon="2.038373592813783">
        <ele>66.98</ele>
      </trkpt>
      <trkpt lat="49.041649111798684" lon="2.038452510151115">
        <ele>66.88000000000001</ele>
      </trkpt>
      <trkpt lat="49.04159000000001" lon="2.03852">
        <ele>66.76882442500373</ele>
      </trkpt>
      <trkpt lat="49.04158162947231" lon="2.038505834491604">
        <ele>66.75</ele>
      </trkpt>
      <trkpt lat="49.041436511808016" lon="2.0382602507520184">
        <ele>66.37</ele>
      </trkpt>
      <trkpt lat="49.04133" lon="2.0380800000000003">
        <ele>65.9037091214042</ele>
      </trkpt>
      <trkpt lat="49.04121856234791" lon="2.037916121099862">
        <ele>65.45</ele>
      </trkpt>
      <trkpt lat="49.04110331343289" lon="2.0377466374013116">
        <ele>65</ele>
      </trkpt>
      <trkpt lat="49.04110331343289" lon="2.0377466374013116">
        <ele>64.98</ele>
      </trkpt>
      <trkpt lat="49.04099" lon="2.03758">
        <ele>64.55689725569925</ele>
      </trkpt>
      <trkpt lat="49.04099" lon="2.03757">
        <ele>64.53927540584948</ele>
      </trkpt>
      <trkpt lat="49.04087316001054" lon="2.0373957301852097">
        <ele>64.10000000000001</ele>
      </trkpt>
      <trkpt lat="49.040713043817355" lon="2.0371569128123244">
        <ele>63.53</ele>
      </trkpt>
      <trkpt lat="49.04061723131622" lon="2.0370140060309594">
        <ele>63.160000000000004</ele>
      </trkpt>
      <trkpt lat="49.040520132741236" lon="2.036869181037764">
        <ele>62.76000000000001</ele>
      </trkpt>
      <trkpt lat="49.04042560631393" lon="2.0367281924682294">
        <ele>62.46000000000001</ele>
      </trkpt>
      <trkpt lat="49.040400000000005" lon="2.03669">
        <ele>62.36287583460941</ele>
      </trkpt>
      <trkpt lat="49.04024795274898" lon="2.0365281079629307">
        <ele>61.86000000000001</ele>
      </trkpt>
      <trkpt lat="49.04006653947687" lon="2.0363349485077396">
        <ele>61.370000000000005</ele>
      </trkpt>
      <trkpt lat="49.03984825358848" lon="2.036102529000681">
        <ele>60.730000000000004</ele>
      </trkpt>
      <trkpt lat="49.03970297548033" lon="2.035947844396321">
        <ele>60.33</ele>
      </trkpt>
      <trkpt lat="49.03955769737218" lon="2.0357931597919605">
        <ele>59.99</ele>
      </trkpt>
      <trkpt lat="49.039413156716364" lon="2.035639260388638">
        <ele>59.59</ele>
      </trkpt>
      <trkpt lat="49.03923100599193" lon="2.0354453157324097">
        <ele>59.120000000000005</ele>
      </trkpt>
      <trkpt lat="49.03908941514541" lon="2.0352945571332364">
        <ele>58.830000000000005</ele>
      </trkpt>
      <trkpt lat="49.039010000000005" lon="2.03521">
        <ele>58.68192829266917</ele>
      </trkpt>
      <trkpt lat="49.038904977865315" lon="2.0351246695155654">
        <ele>58.5</ele>
      </trkpt>
      <trkpt lat="49.03879067798175" lon="2.0350318008601733">
        <ele>58.27</ele>
      </trkpt>
      <trkpt lat="49.03836046592002" lon="2.0346822535600153">
        <ele>56.93</ele>
      </trkpt>
      <trkpt lat="49.038034235002364" lon="2.0344171909394158">
        <ele>55.970000000000006</ele>
      </trkpt>
      <trkpt lat="49.03793263510587" lon="2.0343346410235115">
        <ele>55.66</ele>
      </trkpt>
      <trkpt lat="49.037890000000004" lon="2.0343">
        <ele>55.51790885970583</ele>
      </trkpt>
      <trkpt lat="49.037890000000004" lon="2.0342900000000004">
        <ele>55.49862560995669</ele>
      </trkpt>
      <trkpt lat="49.03777" lon="2.0342000000000002">
        <ele>55.105289176104534</ele>
      </trkpt>
      <trkpt lat="49.037672568083764" lon="2.0340911055053805">
        <ele>54.75000000000001</ele>
      </trkpt>
      <trkpt lat="49.037600000000005" lon="2.0340100000000003">
        <ele>54.45714967052711</ele>
      </trkpt>
      <trkpt lat="49.03744682964879" lon="2.0337684621384686">
        <ele>53.74</ele>
      </trkpt>
      <trkpt lat="49.03734000000001" lon="2.0336000000000003">
        <ele>53.262997033140685</ele>
      </trkpt>
      <trkpt lat="49.03732610887183" lon="2.0335710601496375">
        <ele>53.19</ele>
      </trkpt>
      <trkpt lat="49.037220000000005" lon="2.03335">
        <ele>52.7129345308308</ele>
      </trkpt>
      <trkpt lat="49.037203411418986" lon="2.0332902811083358">
        <ele>52.6</ele>
      </trkpt>
      <trkpt lat="49.03715148369831" lon="2.0331033413139172">
        <ele>52.22</ele>
      </trkpt>
      <trkpt lat="49.03712130948225" lon="2.03299471413608">
        <ele>52.160000000000004</ele>
      </trkpt>
      <trkpt lat="49.037086924910454" lon="2.0328709296776135">
        <ele>51.92</ele>
      </trkpt>
      <trkpt lat="49.037020000000005" lon="2.03263">
        <ele>51.40942336883532</ele>
      </trkpt>
      <trkpt lat="49.03694117292865" lon="2.032090034561211">
        <ele>50.330000000000005</ele>
      </trkpt>
      <trkpt lat="49.036912242426595" lon="2.0318918606221636">
        <ele>49.96</ele>
      </trkpt>
      <trkpt lat="49.03685731356798" lon="2.031515597940593">
        <ele>49.440000000000005</ele>
      </trkpt>
      <trkpt lat="49.03685731356798" lon="2.031515597940593">
        <ele>49.43</ele>
      </trkpt>
      <trkpt lat="49.036826819255005" lon="2.0313067118967325">
        <ele>49.150000000000006</ele>
      </trkpt>
      <trkpt lat="49.036820000000006" lon="2.03126">
        <ele>49.100163832629526</ele>
      </trkpt>
      <trkpt lat="49.036820000000006" lon="2.03125">
        <ele>49.08975004831214</ele>
      </trkpt>
      <trkpt lat="49.03680611437829" lon="2.0311764062048847">
        <ele>49.010000000000005</ele>
      </trkpt>
      <trkpt lat="49.03676955038085" lon="2.0309826170185294">
        <ele>48.85</ele>
      </trkpt>
      <trkpt lat="49.03675711364704" lon="2.0309167023292933">
        <ele>49.39</ele>
      </trkpt>
      <trkpt lat="49.036744925647895" lon="2.0308521059338416">
        <ele>49.980000000000004</ele>
      </trkpt>
      <trkpt lat="49.03673248891408" lon="2.030786191244605">
        <ele>50.660000000000004</ele>
      </trkpt>
      <trkpt lat="49.03672" lon="2.03072">
        <ele>51.45</ele>
      </trkpt>
      <trkpt lat="49.03672" lon="2.03072">
        <ele>51.45</ele>
      </trkpt>
      <trkpt lat="49.03685" lon="2.0306300000000004">
        <ele>54.16346731604645</ele>
      </trkpt>
      <trkpt lat="49.036869491875116" lon="2.0305854471426033">
        <ele>54.830000000000005</ele>
      </trkpt>
      <trkpt lat="49.03692" lon="2.03047">
        <ele>56.47220364485091</ele>
      </trkpt>
      <trkpt lat="49.036951711048395" lon="2.030344824808994">
        <ele>58.06000000000001</ele>
      </trkpt>
      <trkpt lat="49.036983803318606" lon="2.030218144795017">
        <ele>59.64000000000001</ele>
      </trkpt>
      <trkpt lat="49.03701589558881" lon="2.03009146478104">
        <ele>61.1</ele>
      </trkpt>
      <trkpt lat="49.037032103806084" lon="2.030027484976001">
        <ele>61.78000000000001</ele>
      </trkpt>
      <trkpt lat="49.03706419607629" lon="2.029900804962024">
        <ele>63.03</ele>
      </trkpt>
      <trkpt lat="49.0370962883465" lon="2.029774124948047">
        <ele>64.17</ele>
      </trkpt>
      <trkpt lat="49.037110000000006" lon="2.02972">
        <ele>64.61836370550849</ele>
      </trkpt>
      <trkpt lat="49.03711046408492" lon="2.0297094586426923">
        <ele>64.7</ele>
      </trkpt>
      <trkpt lat="49.03711347702182" lon="2.02964102193316">
        <ele>65.2</ele>
      </trkpt>
      <trkpt lat="49.03711642969998" lon="2.029573953957818">
        <ele>65.64</ele>
      </trkpt>
      <trkpt lat="49.03711944263687" lon="2.029505517248286">
        <ele>66.02000000000001</ele>
      </trkpt>
      <trkpt lat="49.03712540825193" lon="2.029370012563412">
        <ele>66.65</ele>
      </trkpt>
      <trkpt lat="49.037128421188825" lon="2.0293015758538804">
        <ele>66.91000000000001</ele>
      </trkpt>
      <trkpt lat="49.037134386803885" lon="2.0291660711690067">
        <ele>67.39</ele>
      </trkpt>
      <trkpt lat="49.037140352418945" lon="2.029030566484133">
        <ele>67.83</ele>
      </trkpt>
      <trkpt lat="49.0371523439078" lon="2.028758188380195">
        <ele>68.64</ele>
      </trkpt>
      <trkpt lat="49.03715830952285" lon="2.028622683695321">
        <ele>69.10000000000001</ele>
      </trkpt>
      <trkpt lat="49.03716132245975" lon="2.028554246985789">
        <ele>69.35000000000001</ele>
      </trkpt>
      <trkpt lat="49.03716427513791" lon="2.0284871790104475">
        <ele>69.63000000000001</ele>
      </trkpt>
      <trkpt lat="49.037170301011706" lon="2.028350305591383">
        <ele>70.25</ele>
      </trkpt>
      <trkpt lat="49.03717729102531" lon="2.0281915324252684">
        <ele>71.05</ele>
      </trkpt>
      <trkpt lat="49.037180000000006" lon="2.02813">
        <ele>71.34856086059945</ele>
      </trkpt>
      <trkpt lat="49.037196475799895" lon="2.028014669400747">
        <ele>71.92000000000002</ele>
      </trkpt>
      <trkpt lat="49.03720604982335" lon="2.0279476512366044">
        <ele>72.22</ele>
      </trkpt>
      <trkpt lat="49.03721" lon="2.02792">
        <ele>72.32835780148885</ele>
      </trkpt>
      <trkpt lat="49.037229381001644" lon="2.027816634657876">
        <ele>72.74</ele>
      </trkpt>
      <trkpt lat="49.03724149871175" lon="2.0277520068706534">
        <ele>72.97</ele>
      </trkpt>
      <trkpt lat="49.03725386372206" lon="2.0276860601489974">
        <ele>73.17000000000002</ele>
      </trkpt>
      <trkpt lat="49.03726622873238" lon="2.0276201134273415">
        <ele>73.35000000000001</ele>
      </trkpt>
      <trkpt lat="49.03727834644248" lon="2.027555485640119">
        <ele>73.50000000000001</ele>
      </trkpt>
      <trkpt lat="49.0373" lon="2.0274400000000004">
        <ele>73.69263156824239</ele>
      </trkpt>
      <trkpt lat="49.03730439436975" lon="2.0274243058223496">
        <ele>73.72000000000001</ele>
      </trkpt>
      <trkpt lat="49.037356673828086" lon="2.0272375934711104">
        <ele>74.00000000000001</ele>
      </trkpt>
      <trkpt lat="49.03737" lon="2.02719">
        <ele>74.08299629933826</ele>
      </trkpt>
      <trkpt lat="49.03737640158667" lon="2.0271762823142883">
        <ele>74.11000000000001</ele>
      </trkpt>
      <trkpt lat="49.03740247855079" lon="2.027120403105464">
        <ele>74.25000000000001</ele>
      </trkpt>
      <trkpt lat="49.03742803397562" lon="2.027065641480817">
        <ele>74.41</ele>
      </trkpt>
      <trkpt lat="49.037440000000004" lon="2.02704">
        <ele>74.49489157328699</ele>
      </trkpt>
      <trkpt lat="49.037497955036955" lon="2.0269820449630487">
        <ele>74.78</ele>
      </trkpt>
      <trkpt lat="49.037530000000004" lon="2.0269500000000003">
        <ele>74.96300823104278</ele>
      </trkpt>
      <trkpt lat="49.037622681101695" lon="2.026913733481945">
        <ele>75.42</ele>
      </trkpt>
      <trkpt lat="49.037708921689884" lon="2.02687998716483">
        <ele>75.82000000000001</ele>
      </trkpt>
      <trkpt lat="49.03775160642545" lon="2.0268632844422174">
        <ele>76.00000000000001</ele>
      </trkpt>
      <trkpt lat="49.037760000000006" lon="2.02686">
        <ele>76.02505207972217</ele>
      </trkpt>
      <trkpt lat="49.03783647515866" lon="2.0268180620097684">
        <ele>76.26</ele>
      </trkpt>
      <trkpt lat="49.037877943647516" lon="2.026795321225559">
        <ele>76.35</ele>
      </trkpt>
      <trkpt lat="49.03792025843206" lon="2.0267721163437122">
        <ele>76.42</ele>
      </trkpt>
      <trkpt lat="49.038004041705456" lon="2.026726170677656">
        <ele>76.48</ele>
      </trkpt>
      <trkpt lat="49.038070000000005" lon="2.0266900000000003">
        <ele>76.47216707068466</ele>
      </trkpt>
      <trkpt lat="49.03816430652864" lon="2.0266070102547946">
        <ele>76.46</ele>
      </trkpt>
      <trkpt lat="49.038241426674425" lon="2.026539144526511">
        <ele>76.50000000000001</ele>
      </trkpt>
      <trkpt lat="49.0383185468202" lon="2.0264712787982266">
        <ele>76.61000000000001</ele>
      </trkpt>
      <trkpt lat="49.038320000000006" lon="2.02647">
        <ele>76.61275437531961</ele>
      </trkpt>
      <trkpt lat="49.038439834544796" lon="2.0263844038965804">
        <ele>76.83000000000001</ele>
      </trkpt>
      <trkpt lat="49.038480557323915" lon="2.0263553161972103">
        <ele>76.89</ele>
      </trkpt>
      <trkpt lat="49.03852046564745" lon="2.0263268102518275">
        <ele>76.93</ele>
      </trkpt>
      <trkpt lat="49.03860191120569" lon="2.026268634853086">
        <ele>76.97000000000001</ele>
      </trkpt>
      <trkpt lat="49.038810000000005" lon="2.02612">
        <ele>76.95281428182798</ele>
      </trkpt>
      <trkpt lat="49.038920000000005" lon="2.0260700000000003">
        <ele>76.9442293726748</ele>
      </trkpt>
      <trkpt lat="49.03897654039992" lon="2.0260687435466687">
        <ele>76.94000000000001</ele>
      </trkpt>
      <trkpt lat="49.03906646309546" lon="2.026066745264546">
        <ele>76.91000000000001</ele>
      </trkpt>
      <trkpt lat="49.03924451003262" lon="2.026062788665942">
        <ele>76.79</ele>
      </trkpt>
      <trkpt lat="49.0393335335012" lon="2.02606081036664">
        <ele>76.78</ele>
      </trkpt>
      <trkpt lat="49.039370000000005" lon="2.02606">
        <ele>76.80433189880696</ele>
      </trkpt>
      <trkpt lat="49.03937848816242" lon="2.0260605476233815">
        <ele>76.81</ele>
      </trkpt>
      <trkpt lat="49.039423414119746" lon="2.0260634460722415">
        <ele>76.86000000000001</ele>
      </trkpt>
      <trkpt lat="49.039467441557925" lon="2.0260662865521244">
        <ele>76.94000000000001</ele>
      </trkpt>
      <trkpt lat="49.03951236751526" lon="2.026069185000984">
        <ele>77.05000000000001</ele>
      </trkpt>
      <trkpt lat="49.03960132091076" lon="2.026074923929727">
        <ele>77.33000000000001</ele>
      </trkpt>
      <trkpt lat="49.03978012622093" lon="2.0260864597561894">
        <ele>77.94000000000001</ele>
      </trkpt>
      <trkpt lat="49.039869079616444" lon="2.026092198684932">
        <ele>78.2</ele>
      </trkpt>
      <trkpt lat="49.039914005573785" lon="2.026095097133792">
        <ele>78.30000000000001</ele>
      </trkpt>
      <trkpt lat="49.03995803301196" lon="2.0260979376136747">
        <ele>78.37</ele>
      </trkpt>
      <trkpt lat="49.03999" lon="2.0261">
        <ele>78.39134644865234</ele>
      </trkpt>
      <trkpt lat="49.04000289382705" lon="2.0260978510288257">
        <ele>78.4</ele>
      </trkpt>
      <trkpt lat="49.040110000000006" lon="2.0260800000000003">
        <ele>78.42420307724875</ele>
      </trkpt>
      <trkpt lat="49.04017638223694" lon="2.026044596140298">
        <ele>78.44000000000001</ele>
      </trkpt>
      <trkpt lat="49.04026" lon="2.0260000000000002">
        <ele>77.70294532404264</ele>
      </trkpt>
      <trkpt lat="49.040330000000004" lon="2.02592">
        <ele>76.97517192444465</ele>
      </trkpt>
      <trkpt lat="49.04024247499896" lon="2.0259384263160074">
        <ele>76.24</ele>
      </trkpt>
      <trkpt lat="49.04014" lon="2.02596">
        <ele>75.34012980707988</ele>
      </trkpt>
      <trkpt lat="49.04011125433415" lon="2.0259589353457095">
        <ele>75.09</ele>
      </trkpt>
      <trkpt lat="49.039979092893205" lon="2.0259540404775263">
        <ele>73.83</ele>
      </trkpt>
      <trkpt lat="49.03987" lon="2.0259500000000004">
        <ele>72.75278546137244</ele>
      </trkpt>
      <trkpt lat="49.03971528878702" lon="2.0259298202765676">
        <ele>71.22</ele>
      </trkpt>
      <trkpt lat="49.039640000000006" lon="2.02592">
        <ele>70.5119434227904</ele>
      </trkpt>
      <trkpt lat="49.03947842030611" lon="2.025872476560619">
        <ele>68.97</ele>
      </trkpt>
      <trkpt lat="49.03947842030611" lon="2.025872476560619">
        <ele>68.89</ele>
      </trkpt>
      <trkpt lat="49.03947" lon="2.0258700000000003">
        <ele>68.80981135039934</ele>
      </trkpt>
      <trkpt lat="49.03931000000001" lon="2.02578">
        <ele>67.21517116335757</ele>
      </trkpt>
      <trkpt lat="49.039300000000004" lon="2.02578">
        <ele>67.12166091184471</ele>
      </trkpt>
      <trkpt lat="49.039091072226995" lon="2.0256581254657418">
        <ele>65.03</ele>
      </trkpt>
      <trkpt lat="49.039060000000006" lon="2.02564">
        <ele>64.88203709190108</ele>
      </trkpt>
      <trkpt lat="49.03900518744103" lon="2.025618074976408">
        <ele>64.63000000000001</ele>
      </trkpt>
      <trkpt lat="49.03896169181221" lon="2.025600676724883">
        <ele>64.51</ele>
      </trkpt>
      <trkpt lat="49.038918196183396" lon="2.0255832784733583">
        <ele>64.47</ele>
      </trkpt>
      <trkpt lat="49.03891" lon="2.02558">
        <ele>64.47753747778276</ele>
      </trkpt>
      <trkpt lat="49.03891578565437" lon="2.0255250362835397">
        <ele>64.51</ele>
      </trkpt>
      <trkpt lat="49.03892291468066" lon="2.0254573105337137">
        <ele>64.62</ele>
      </trkpt>
      <trkpt lat="49.03893" lon="2.0253900000000002">
        <ele>64.78895775625439</ele>
      </trkpt>
      <trkpt lat="49.038900000000005" lon="2.02531">
        <ele>65.0173758852148</ele>
      </trkpt>
      <trkpt lat="49.03892085848857" lon="2.0252004929350718">
        <ele>65.30000000000001</ele>
      </trkpt>
      <trkpt lat="49.038940000000004" lon="2.0251">
        <ele>65.52489597772596</ele>
      </trkpt>
      <trkpt lat="49.038920000000005" lon="2.02504">
        <ele>65.66955091917879</ele>
      </trkpt>
      <trkpt lat="49.038811509038275" lon="2.024991781794788">
        <ele>66.04</ele>
      </trkpt>
      <trkpt lat="49.038769201367536" lon="2.02497297838557">
        <ele>66.25</ele>
      </trkpt>
      <trkpt lat="49.038740000000004" lon="2.02496">
        <ele>66.41910255090811</ele>
      </trkpt>
      <trkpt lat="49.03872760342064" lon="2.0249483782068487">
        <ele>66.5</ele>
      </trkpt>
      <trkpt lat="49.038689293871016" lon="2.024912463004078">
        <ele>66.81</ele>
      </trkpt>
      <trkpt lat="49.03858" lon="2.02481">
        <ele>67.85606866349688</ele>
      </trkpt>
      <trkpt lat="49.03857572397939" lon="2.024802303162908">
        <ele>67.91000000000001</ele>
      </trkpt>
      <trkpt lat="49.03853" lon="2.0247200000000003">
        <ele>68.46048061206625</ele>
      </trkpt>
      <trkpt lat="49.0385231551733" lon="2.0246926206931937">
        <ele>68.61</ele>
      </trkpt>
      <trkpt lat="49.03849110997329" lon="2.024564439893169">
        <ele>69.21000000000001</ele>
      </trkpt>
      <trkpt lat="49.038450000000005" lon="2.0244">
        <ele>69.89018183742014</ele>
      </trkpt>
      <trkpt lat="49.038437617388084" lon="2.024378772665284">
        <ele>70</ele>
      </trkpt>
      <trkpt lat="49.03840593231003" lon="2.0243244553886117">
        <ele>70.16</ele>
      </trkpt>
      <trkpt lat="49.038380000000004" lon="2.02428">
        <ele>70.339292748002</ele>
      </trkpt>
      <trkpt lat="49.03835327800893" lon="2.0242651544493997">
        <ele>70.47</ele>
      </trkpt>
      <trkpt lat="49.03829" lon="2.02423">
        <ele>71.75536286266943</ele>
      </trkpt>
      <trkpt lat="49.03824" lon="2.02423">
        <ele>72.70968964869333</ele>
      </trkpt>
      <trkpt lat="49.03824" lon="2.024142860831543">
        <ele>73.8</ele>
      </trkpt>
      <trkpt lat="49.03824" lon="2.0241200000000004">
        <ele>74.0550653279225</ele>
      </trkpt>
      <trkpt lat="49.038227899018295" lon="2.0241603366057195">
        <ele>74.55</ele>
      </trkpt>
      <trkpt lat="49.03821000000001" lon="2.02422">
        <ele>75.22696431026161</ele>
      </trkpt>
      <trkpt lat="49.038120000000006" lon="2.02429">
        <ele>76.81691095798968</ele>
      </trkpt>
      <trkpt lat="49.03809907579814" lon="2.0243255711431836">
        <ele>77.31</ele>
      </trkpt>
      <trkpt lat="49.03802" lon="2.0244600000000004">
        <ele>79.25780940537501</ele>
      </trkpt>
      <trkpt lat="49.038014153801775" lon="2.0244775385946907">
        <ele>79.47000000000001</ele>
      </trkpt>
      <trkpt lat="49.03799" lon="2.02455">
        <ele>80.2702704050334</ele>
      </trkpt>
      <trkpt lat="49.03796161268008" lon="2.0245783873199263">
        <ele>80.78</ele>
      </trkpt>
      <trkpt lat="49.03793" lon="2.02461">
        <ele>80.80573370906677</ele>
      </trkpt>
      <trkpt lat="49.037887905455214" lon="2.024567905455211">
        <ele>80.84</ele>
      </trkpt>
      <trkpt lat="49.03783000000001" lon="2.0245100000000003">
        <ele>80.93427374424981</ele>
      </trkpt>
      <trkpt lat="49.037824486484965" lon="2.024482432424817">
        <ele>80.96000000000001</ele>
      </trkpt>
      <trkpt lat="49.03782" lon="2.0244600000000004">
        <ele>80.9983791781655</ele>
      </trkpt>
      <trkpt lat="49.03779250300156" lon="2.0244724986356593">
        <ele>81.07000000000001</ele>
      </trkpt>
      <trkpt lat="49.03775027129083" lon="2.024491694867806">
        <ele>81.25</ele>
      </trkpt>
      <trkpt lat="49.037710000000004" lon="2.0245100000000003">
        <ele>81.48839485862233</ele>
      </trkpt>
      <trkpt lat="49.037707973890534" lon="2.024509570219202">
        <ele>81.5</ele>
      </trkpt>
      <trkpt lat="49.03766432708329" lon="2.0245003118055456">
        <ele>81.81</ele>
      </trkpt>
      <trkpt lat="49.037575251966466" lon="2.0244814170837957">
        <ele>82.55000000000001</ele>
      </trkpt>
      <trkpt lat="49.037575251966466" lon="2.0244814170837957">
        <ele>82.61</ele>
      </trkpt>
      <trkpt lat="49.03749686586367" lon="2.0244647897286567">
        <ele>83.25</ele>
      </trkpt>
      <trkpt lat="49.03740868149802" lon="2.0244460839541247">
        <ele>83.87</ele>
      </trkpt>
      <trkpt lat="49.037380000000006" lon="2.0244400000000002">
        <ele>84.05782881729222</ele>
      </trkpt>
      <trkpt lat="49.03737" lon="2.0244400000000002">
        <ele>84.1226924697341</ele>
      </trkpt>
      <trkpt lat="49.03736579134802" lon="2.02443983812877">
        <ele>84.15</ele>
      </trkpt>
      <trkpt lat="49.03732083951665" lon="2.0244381092121793">
        <ele>84.39</ele>
      </trkpt>
      <trkpt lat="49.03727678672191" lon="2.02443641487392">
        <ele>84.58</ele>
      </trkpt>
      <trkpt lat="49.037232733927176" lon="2.0244347205356608">
        <ele>84.68</ele>
      </trkpt>
      <trkpt lat="49.03718868113244" lon="2.0244330261974017">
        <ele>84.7</ele>
      </trkpt>
      <trkpt lat="49.0371446283377" lon="2.0244313318591427">
        <ele>84.64</ele>
      </trkpt>
      <trkpt lat="49.037110000000006" lon="2.02443">
        <ele>84.54567226101162</ele>
      </trkpt>
      <trkpt lat="49.03710139823956" lon="2.024435885415044">
        <ele>84.52000000000001</ele>
      </trkpt>
      <trkpt lat="49.03706119098032" lon="2.024463395645052">
        <ele>84.37</ele>
      </trkpt>
      <trkpt lat="49.03698077646183" lon="2.024518416105068">
        <ele>84.02000000000001</ele>
      </trkpt>
      <trkpt lat="49.036940569202585" lon="2.0245459263350765">
        <ele>83.82000000000001</ele>
      </trkpt>
      <trkpt lat="49.03692" lon="2.02456">
        <ele>83.70469001993538</ele>
      </trkpt>
      <trkpt lat="49.03689858627042" lon="2.0245701433455934">
        <ele>83.59</ele>
      </trkpt>
      <trkpt lat="49.03677233322806" lon="2.0246299474182923">
        <ele>82.83</ele>
      </trkpt>
      <trkpt lat="49.036731107744835" lon="2.0246494752787654">
        <ele>82.60000000000001</ele>
      </trkpt>
      <trkpt lat="49.036730000000006" lon="2.0246500000000003">
        <ele>82.59484088504</ele>
      </trkpt>
      <trkpt lat="49.03668661976911" lon="2.0246592957637635">
        <ele>82.4</ele>
      </trkpt>
      <trkpt lat="49.036642981467764" lon="2.0246686468283377">
        <ele>82.23</ele>
      </trkpt>
      <trkpt lat="49.036599343166415" lon="2.024677997892911">
        <ele>82.09</ele>
      </trkpt>
      <trkpt lat="49.03646842826238" lon="2.024706051086633">
        <ele>81.74000000000001</ele>
      </trkpt>
      <trkpt lat="49.03645" lon="2.0247100000000002">
        <ele>81.67102505299982</ele>
      </trkpt>
      <trkpt lat="49.036360986864935" lon="2.0248108815530808">
        <ele>81.26</ele>
      </trkpt>
      <trkpt lat="49.03632633666172" lon="2.024850151783387">
        <ele>81.12</ele>
      </trkpt>
      <trkpt lat="49.036300000000004" lon="2.02488">
        <ele>81.03639204043795</ele>
      </trkpt>
      <trkpt lat="49.036291122612326" lon="2.0248881376053736">
        <ele>81.01</ele>
      </trkpt>
      <trkpt lat="49.0362171220706" lon="2.0249559714352907">
        <ele>80.86</ele>
      </trkpt>
      <trkpt lat="49.036105350419035" lon="2.025058428782561">
        <ele>80.7</ele>
      </trkpt>
      <trkpt lat="49.036060000000006" lon="2.0251">
        <ele>80.64688728545752</ele>
      </trkpt>
      <trkpt lat="49.036004569266204" lon="2.025180626521894">
        <ele>80.57000000000001</ele>
      </trkpt>
      <trkpt lat="49.03595000000001" lon="2.0252600000000003">
        <ele>80.53469733106708</ele>
      </trkpt>
      <trkpt lat="49.035941341314306" lon="2.025267730969375">
        <ele>80.53</ele>
      </trkpt>
      <trkpt lat="49.03575351667769" lon="2.025435431537787">
        <ele>80.51</ele>
      </trkpt>
      <trkpt lat="49.03567" lon="2.02551">
        <ele>80.53241789243067</ele>
      </trkpt>
      <trkpt lat="49.03561086660037" lon="2.025582572808642">
        <ele>80.55000000000001</ele>
      </trkpt>
      <trkpt lat="49.03554149912763" lon="2.02566770561609">
        <ele>80.26</ele>
      </trkpt>
      <trkpt lat="49.03550716573204" lon="2.02570984205614">
        <ele>80.08000000000001</ele>
      </trkpt>
      <trkpt lat="49.03547143097336" lon="2.025753698350886">
        <ele>79.86</ele>
      </trkpt>
      <trkpt lat="49.035450000000004" lon="2.02578">
        <ele>79.69942404183695</ele>
      </trkpt>
      <trkpt lat="49.03536812956956" lon="2.02597599284862">
        <ele>78.81</ele>
      </trkpt>
      <trkpt lat="49.03532028719718" lon="2.026090524588576">
        <ele>78.36000000000001</ele>
      </trkpt>
      <trkpt lat="49.035296124382846" lon="2.0261483689016853">
        <ele>78.17999999999999</ele>
      </trkpt>
      <trkpt lat="49.03527196156851" lon="2.0262062132147944">
        <ele>78.03</ele>
      </trkpt>
      <trkpt lat="49.03524779875417" lon="2.0262640575279036">
        <ele>77.9</ele>
      </trkpt>
      <trkpt lat="49.035223635939836" lon="2.0263219018410124">
        <ele>77.80000000000001</ele>
      </trkpt>
      <trkpt lat="49.0351994731255" lon="2.026379746154121">
        <ele>77.73</ele>
      </trkpt>
      <trkpt lat="49.035151147496826" lon="2.0264954347803394">
        <ele>77.65</ele>
      </trkpt>
      <trkpt lat="49.03512698468249" lon="2.0265532790934486">
        <ele>77.64</ele>
      </trkpt>
      <trkpt lat="49.035120000000006" lon="2.02657">
        <ele>77.64589933517234</ele>
      </trkpt>
      <trkpt lat="49.03509176292784" lon="2.026589765950514">
        <ele>77.66000000000001</ele>
      </trkpt>
      <trkpt lat="49.03502" lon="2.02664">
        <ele>77.76535797269437</ele>
      </trkpt>
      <trkpt lat="49.03500931571113" lon="2.0266438158174562">
        <ele>77.78</ele>
      </trkpt>
      <trkpt lat="49.03488" lon="2.0266900000000003">
        <ele>78.10489895746997</ele>
      </trkpt>
      <trkpt lat="49.03487792386682" lon="2.026690296590454">
        <ele>78.11000000000001</ele>
      </trkpt>
      <trkpt lat="49.03483315367568" lon="2.0266966923320466">
        <ele>78.2</ele>
      </trkpt>
      <trkpt lat="49.034788383484525" lon="2.02670308807364">
        <ele>78.26</ele>
      </trkpt>
      <trkpt lat="49.03472749602456" lon="2.026711786282206">
        <ele>78.26</ele>
      </trkpt>
      <trkpt lat="49.03460482570081" lon="2.0267293106141713">
        <ele>78.2</ele>
      </trkpt>
      <trkpt lat="49.03456005550965" lon="2.026735706355764">
        <ele>78.22000000000001</ele>
      </trkpt>
      <trkpt lat="49.034530000000004" lon="2.02674">
        <ele>78.26027971587455</ele>
      </trkpt>
      <trkpt lat="49.034515810993454" lon="2.0267463062251316">
        <ele>78.28</ele>
      </trkpt>
      <trkpt lat="49.03447264019596" lon="2.0267654932462453">
        <ele>78.38000000000001</ele>
      </trkpt>
      <trkpt lat="49.034440000000004" lon="2.02678">
        <ele>78.49341067747127</ele>
      </trkpt>
      <trkpt lat="49.03442965703289" lon="2.026774430710013">
        <ele>78.53</ele>
      </trkpt>
      <trkpt lat="49.03438725545339" lon="2.026751599090285">
        <ele>78.71</ele>
      </trkpt>
      <trkpt lat="49.034310000000005" lon="2.02671">
        <ele>79.1290587824982</ele>
      </trkpt>
      <trkpt lat="49.03430373785646" lon="2.0267023959685524">
        <ele>79.17</ele>
      </trkpt>
      <trkpt lat="49.0341989028406" lon="2.026575096306445">
        <ele>80.02000000000001</ele>
      </trkpt>
      <trkpt lat="49.03417" lon="2.0265400000000002">
        <ele>80.2845944062699</ele>
      </trkpt>
      <trkpt lat="49.033934148591264" lon="2.0262058771709435">
        <ele>82.59</ele>
      </trkpt>
      <trkpt lat="49.033930000000005" lon="2.0262000000000002">
        <ele>82.62651550248543</ele>
      </trkpt>
      <trkpt lat="49.03390818330153" lon="2.026150133260624">
        <ele>82.88000000000001</ele>
      </trkpt>
      <trkpt lat="49.03388322381635" lon="2.0260930830087904">
        <ele>83.13000000000001</ele>
      </trkpt>
      <trkpt lat="49.033860000000004" lon="2.02604">
        <ele>83.31609211032271</ele>
      </trkpt>
      <trkpt lat="49.03385872900924" lon="2.0260356423173813">
        <ele>83.33</ele>
      </trkpt>
      <trkpt lat="49.03384045174657" lon="2.0259729774168127">
        <ele>83.48</ele>
      </trkpt>
      <trkpt lat="49.03382217448391" lon="2.0259103125162445">
        <ele>83.60000000000001</ele>
      </trkpt>
      <trkpt lat="49.03380389722124" lon="2.025847647615676">
        <ele>83.69</ele>
      </trkpt>
      <trkpt lat="49.03379" lon="2.0258000000000003">
        <ele>83.72801778606808</ele>
      </trkpt>
      <trkpt lat="49.03377980836088" lon="2.025794661522364">
        <ele>83.74000000000001</ele>
      </trkpt>
      <trkpt lat="49.03373728016374" lon="2.0257723848476745">
        <ele>83.76</ele>
      </trkpt>
      <trkpt lat="49.03369560253056" lon="2.0257505537064793">
        <ele>83.75</ele>
      </trkpt>
      <trkpt lat="49.03365307433342" lon="2.0257282770317904">
        <ele>83.71000000000001</ele>
      </trkpt>
      <trkpt lat="49.03358" lon="2.02569">
        <ele>82.83278505242897</ele>
      </trkpt>
      <trkpt lat="49.03357316556833" lon="2.025683165568329">
        <ele>82.74000000000001</ele>
      </trkpt>
      <trkpt lat="49.03351000000001" lon="2.02562">
        <ele>81.84709416883952</ele>
      </trkpt>
      <trkpt lat="49.03350022546111" lon="2.025617556365277">
        <ele>81.73</ele>
      </trkpt>
      <trkpt lat="49.03347" lon="2.0256100000000004">
        <ele>81.35557146690861</ele>
      </trkpt>
      <trkpt lat="49.03328690089698" lon="2.025908383723447">
        <ele>78.08000000000001</ele>
      </trkpt>
      <trkpt lat="49.03314063911" lon="2.0261467362651944">
        <ele>75.68</ele>
      </trkpt>
      <trkpt lat="49.03306689367119" lon="2.026266914017336">
        <ele>74.37</ele>
      </trkpt>
      <trkpt lat="49.033025104589186" lon="2.02633501474355">
        <ele>74.38</ele>
      </trkpt>
      <trkpt lat="49.032997450049635" lon="2.0263800814006028">
        <ele>74.75000000000001</ele>
      </trkpt>
      <trkpt lat="49.032969180964756" lon="2.0264261495389237">
        <ele>75.18</ele>
      </trkpt>
      <trkpt lat="49.032940297334555" lon="2.0264732191585124">
        <ele>75.69000000000001</ele>
      </trkpt>
      <trkpt lat="49.03293000000001" lon="2.0264900000000003">
        <ele>75.89487711672409</ele>
      </trkpt>
      <trkpt lat="49.032900000000005" lon="2.02657">
        <ele>76.7163886625859</ele>
      </trkpt>
      <trkpt lat="49.032900000000005" lon="2.0266100000000002">
        <ele>77.07294107724171</ele>
      </trkpt>
      <trkpt lat="49.03294940450589" lon="2.0267499794333452">
        <ele>78.49000000000001</ele>
      </trkpt>
      <trkpt lat="49.03296" lon="2.02678">
        <ele>78.6634094710876</ele>
      </trkpt>
      <trkpt lat="49.03294788006213" lon="2.026861809580632">
        <ele>79.09</ele>
      </trkpt>
      <trkpt lat="49.032938960274855" lon="2.0269220181447727">
        <ele>79.36</ele>
      </trkpt>
      <trkpt lat="49.03293023870506" lon="2.026980888740821">
        <ele>79.59</ele>
      </trkpt>
      <trkpt lat="49.032921517135286" lon="2.0270397593368696">
        <ele>79.76</ele>
      </trkpt>
      <trkpt lat="49.032920000000004" lon="2.02705">
        <ele>79.780004490171</ele>
      </trkpt>
      <trkpt lat="49.032938634501924" lon="2.0271564828681155">
        <ele>79.99000000000001</ele>
      </trkpt>
      <trkpt lat="49.03296089957769" lon="2.0272837118724785">
        <ele>80.92</ele>
      </trkpt>
      <trkpt lat="49.03297203211557" lon="2.0273473263746595">
        <ele>81.42</ele>
      </trkpt>
      <trkpt lat="49.03298316465345" lon="2.0274109408768415">
        <ele>81.97</ele>
      </trkpt>
      <trkpt lat="49.032990000000005" lon="2.02745">
        <ele>82.32569490178903</ele>
      </trkpt>
      <trkpt lat="49.032905869461146" lon="2.0275429863850527">
        <ele>83.72</ele>
      </trkpt>
      <trkpt lat="49.03283523158451" lon="2.0276210598276534">
        <ele>84.84000000000002</ele>
      </trkpt>
      <trkpt lat="49.03283523158451" lon="2.0276210598276534">
        <ele>84.94</ele>
      </trkpt>
      <trkpt lat="49.0328" lon="2.02766">
        <ele>85.45225930695797</ele>
      </trkpt>
      <trkpt lat="49.03276899012168" lon="2.0276769144790863">
        <ele>85.84000000000002</ele>
      </trkpt>
      <trkpt lat="49.03269" lon="2.02772">
        <ele>86.73393741241055</ele>
      </trkpt>
      <trkpt lat="49.03268795463341" lon="2.0277220453665943">
        <ele>86.76</ele>
      </trkpt>
      <trkpt lat="49.032650000000004" lon="2.0277600000000002">
        <ele>87.13716321009952</ele>
      </trkpt>
      <trkpt lat="49.032622213764796" lon="2.0278039948724063">
        <ele>87.47</ele>
      </trkpt>
      <trkpt lat="49.03259288923992" lon="2.027850425370121">
        <ele>87.79</ele>
      </trkpt>
      <trkpt lat="49.032563564715055" lon="2.0278968558678345">
        <ele>88.08</ele>
      </trkpt>
      <trkpt lat="49.03253361626412" lon="2.027944274248479">
        <ele>88.33</ele>
      </trkpt>
      <trkpt lat="49.03253" lon="2.02795">
        <ele>88.35501423740838</ele>
      </trkpt>
      <trkpt lat="49.032460879698895" lon="2.0280121080966453">
        <ele>88.74000000000001</ele>
      </trkpt>
      <trkpt lat="49.032424461449814" lon="2.028044831740742">
        <ele>88.92000000000002</ele>
      </trkpt>
      <trkpt lat="49.03235085009531" lon="2.028110975276683">
        <ele>89.25000000000001</ele>
      </trkpt>
      <trkpt lat="49.03224082049172" lon="2.02820984245672">
        <ele>89.66</ele>
      </trkpt>
      <trkpt lat="49.0321672091372" lon="2.0282759859926602">
        <ele>89.88</ele>
      </trkpt>
      <trkpt lat="49.03202076128454" lon="2.0284075768167944">
        <ele>90.25000000000001</ele>
      </trkpt>
      <trkpt lat="49.03194405050457" lon="2.0284765053437215">
        <ele>90.34</ele>
      </trkpt>
      <trkpt lat="49.031868114580966" lon="2.028544737622902">
        <ele>90.39000000000001</ele>
      </trkpt>
      <trkpt lat="49.03184" lon="2.02857">
        <ele>90.40099503132774</ele>
      </trkpt>
      <trkpt lat="49.031785354402814" lon="2.028591302520937">
        <ele>90.42000000000002</ele>
      </trkpt>
      <trkpt lat="49.03161370578737" lon="2.0286582163879765">
        <ele>90.42000000000002</ele>
      </trkpt>
      <trkpt lat="49.0314594834273" lon="2.028718336969022">
        <ele>90.56</ele>
      </trkpt>
      <trkpt lat="49.03138367921642" lon="2.0287478877630956">
        <ele>88.89000000000001</ele>
      </trkpt>
      <trkpt lat="49.03126866593094" lon="2.0287927234506546">
        <ele>86.27000000000001</ele>
      </trkpt>
      <trkpt lat="49.03125000000001" lon="2.0288000000000004">
        <ele>85.87075751339692</ele>
      </trkpt>
      <trkpt lat="49.03125190156058" lon="2.028891274907472">
        <ele>84.63000000000001</ele>
      </trkpt>
      <trkpt lat="49.03125712835617" lon="2.0291421610957174">
        <ele>83.31</ele>
      </trkpt>
      <trkpt lat="49.03125852788067" lon="2.029209338271805">
        <ele>82.02000000000001</ele>
      </trkpt>
      <trkpt lat="49.031259927405166" lon="2.0292765154478922">
        <ele>80.62</ele>
      </trkpt>
      <trkpt lat="49.03126" lon="2.02928">
        <ele>80.54171617881077</ele>
      </trkpt>
      <trkpt lat="49.03129354300748" lon="2.0293202516089672">
        <ele>79.08000000000001</ele>
      </trkpt>
      <trkpt lat="49.031328175658885" lon="2.029361810790656">
        <ele>77.38000000000001</ele>
      </trkpt>
      <trkpt lat="49.03136000000001" lon="2.0294000000000003">
        <ele>75.76768162191922</ele>
      </trkpt>
      <trkpt lat="49.03137" lon="2.0295400000000003">
        <ele>72.0912591512787</ele>
      </trkpt>
      <trkpt lat="49.03134555466113" lon="2.0295980576798227">
        <ele>70.29</ele>
      </trkpt>
      <trkpt lat="49.031321256639686" lon="2.029655765480756">
        <ele>68.65</ele>
      </trkpt>
      <trkpt lat="49.03129744457867" lon="2.0297123191256703">
        <ele>67.13000000000001</ele>
      </trkpt>
      <trkpt lat="49.031290000000006" lon="2.0297300000000003">
        <ele>66.71025089432354</ele>
      </trkpt>
      <trkpt lat="49.03128336008097" lon="2.029776479433221">
        <ele>65.75999999999999</ele>
      </trkpt>
      <trkpt lat="49.031273978605675" lon="2.029842149760305">
        <ele>64.55000000000001</ele>
      </trkpt>
      <trkpt lat="49.031264597130374" lon="2.0299078200873892">
        <ele>63.480000000000004</ele>
      </trkpt>
      <trkpt lat="49.031255024196405" lon="2.02997483062523">
        <ele>62.51000000000001</ele>
      </trkpt>
      <trkpt lat="49.03124545126242" lon="2.030041841163071">
        <ele>61.6</ele>
      </trkpt>
      <trkpt lat="49.031240000000004" lon="2.0300800000000003">
        <ele>61.38313870071349</ele>
      </trkpt>
      <trkpt lat="49.031272611240055" lon="2.030300125870396">
        <ele>60.13</ele>
      </trkpt>
      <trkpt lat="49.03129223414912" lon="2.0304325805065604">
        <ele>60.39000000000001</ele>
      </trkpt>
      <trkpt lat="49.031301946498054" lon="2.0304981388618337">
        <ele>60.480000000000004</ele>
      </trkpt>
      <trkpt lat="49.031311857058185" lon="2.030565035142725">
        <ele>60.550000000000004</ele>
      </trkpt>
      <trkpt lat="49.03132" lon="2.0306200000000003">
        <ele>60.566768223377835</ele>
      </trkpt>
      <trkpt lat="49.03131300104217" lon="2.0306180002977627">
        <ele>60.57000000000001</ele>
      </trkpt>
      <trkpt lat="49.03126880371952" lon="2.0306053724912916">
        <ele>60.57000000000001</ele>
      </trkpt>
      <trkpt lat="49.03118129302068" lon="2.0305803694344777">
        <ele>60.510000000000005</ele>
      </trkpt>
      <trkpt lat="49.031110000000005" lon="2.0305600000000004">
        <ele>60.41797968585301</ele>
      </trkpt>
      <trkpt lat="49.03104865134888" lon="2.0305657876085967">
        <ele>60.34</ele>
      </trkpt>
      <trkpt lat="49.03095978826423" lon="2.03057417091847">
        <ele>60.25000000000001</ele>
      </trkpt>
      <trkpt lat="49.03087092517956" lon="2.0305825542283436">
        <ele>60.190000000000005</ele>
      </trkpt>
      <trkpt lat="49.03079373098481" lon="2.030589836699547">
        <ele>60.17000000000001</ele>
      </trkpt>
      <trkpt lat="49.030696789437904" lon="2.0305989821284998">
        <ele>60.21000000000001</ele>
      </trkpt>
      <trkpt lat="49.03058" lon="2.0306100000000002">
        <ele>60.315141016301354</ele>
      </trkpt>
      <trkpt lat="49.03052003349268" lon="2.030627490231303">
        <ele>60.370000000000005</ele>
      </trkpt>
      <trkpt lat="49.030388419501975" lon="2.0306658776452595">
        <ele>60.52</ele>
      </trkpt>
      <trkpt lat="49.03025768882664" lon="2.0307040074255647">
        <ele>60.72</ele>
      </trkpt>
      <trkpt lat="49.03008455901336" lon="2.0307545036211048">
        <ele>60.95</ele>
      </trkpt>
      <trkpt lat="49.02999711079134" lon="2.030780009352525">
        <ele>61.040000000000006</ele>
      </trkpt>
      <trkpt lat="49.0298230976627" lon="2.030830763181716">
        <ele>61.160000000000004</ele>
      </trkpt>
      <trkpt lat="49.02964908453404" lon="2.030881517010906">
        <ele>61.35</ele>
      </trkpt>
      <trkpt lat="49.029562519627405" lon="2.030906765108676">
        <ele>61.4</ele>
      </trkpt>
      <trkpt lat="49.02912792846345" lon="2.0310335208648267">
        <ele>61.35</ele>
      </trkpt>
      <trkpt lat="49.02904048024144" lon="2.0310590265962474">
        <ele>61.300000000000004</ele>
      </trkpt>
      <trkpt lat="49.02890000000001" lon="2.0311000000000003">
        <ele>61.194784371617125</ele>
      </trkpt>
      <trkpt lat="49.028705306238095" lon="2.031221683601193">
        <ele>61.040000000000006</ele>
      </trkpt>
      <trkpt lat="49.028545531926646" lon="2.031321542545849">
        <ele>60.99</ele>
      </trkpt>
      <trkpt lat="49.0285" lon="2.03135">
        <ele>60.96179613861064</ele>
      </trkpt>
      <trkpt lat="49.02846404039854" lon="2.031368864053227">
        <ele>60.940000000000005</ele>
      </trkpt>
      <trkpt lat="49.02838240005719" lon="2.031411691773275">
        <ele>60.88</ele>
      </trkpt>
      <trkpt lat="49.02821911937451" lon="2.031497347213372">
        <ele>60.71000000000001</ele>
      </trkpt>
      <trkpt lat="49.02813662861295" lon="2.0315406210555045">
        <ele>60.660000000000004</ele>
      </trkpt>
      <trkpt lat="49.028054988271606" lon="2.031583448775553">
        <ele>60.68000000000001</ele>
      </trkpt>
      <trkpt lat="49.02797334793026" lon="2.0316262764956017">
        <ele>60.79</ele>
      </trkpt>
      <trkpt lat="49.02789170758893" lon="2.03166910421565">
        <ele>60.96000000000001</ele>
      </trkpt>
      <trkpt lat="49.027890000000006" lon="2.03167">
        <ele>60.97946468044316</ele>
      </trkpt>
      <trkpt lat="49.027822916923945" lon="2.0317528673292506">
        <ele>61.910000000000004</ele>
      </trkpt>
      <trkpt lat="49.0277886737733" lon="2.0317951676918127">
        <ele>62.42</ele>
      </trkpt>
      <trkpt lat="49.02775443062265" lon="2.031837468054375">
        <ele>62.96</ele>
      </trkpt>
      <trkpt lat="49.02772" lon="2.03188">
        <ele>63.55121914122858</ele>
      </trkpt>
      <trkpt lat="49.02771974586891" lon="2.0318790742367137">
        <ele>63.56</ele>
      </trkpt>
      <trkpt lat="49.02770272827534" lon="2.031817081574444">
        <ele>64.21000000000001</ele>
      </trkpt>
      <trkpt lat="49.02768571068178" lon="2.0317550889121736">
        <ele>64.92</ele>
      </trkpt>
      <trkpt lat="49.02761729300969" lon="2.0315058531067196">
        <ele>68.03</ele>
      </trkpt>
      <trkpt lat="49.02760305379875" lon="2.031453981695432">
        <ele>68.62</ele>
      </trkpt>
      <trkpt lat="49.02760305379875" lon="2.031453981695432">
        <ele>68.60000000000001</ele>
      </trkpt>
      <trkpt lat="49.02758000000001" lon="2.0313700000000003">
        <ele>69.5248155147285</ele>
      </trkpt>
      <trkpt lat="49.027530000000006" lon="2.03128">
        <ele>70.7230464891623</ele>
      </trkpt>
      <trkpt lat="49.027486335457" lon="2.0312488110407103">
        <ele>71.47</ele>
      </trkpt>
      <trkpt lat="49.027460000000005" lon="2.0312300000000003">
        <ele>71.93854693901426</ele>
      </trkpt>
      <trkpt lat="49.02740112212625" lon="2.0312369268086776">
        <ele>72.89000000000001</ele>
      </trkpt>
      <trkpt lat="49.02735718586487" lon="2.0312420957806037">
        <ele>73.63</ele>
      </trkpt>
      <trkpt lat="49.02726841668374" lon="2.0312525392136784">
        <ele>75.21000000000001</ele>
      </trkpt>
      <trkpt lat="49.02722448042236" lon="2.0312577081856045">
        <ele>76.06</ele>
      </trkpt>
      <trkpt lat="49.027135711241236" lon="2.0312681516186792">
        <ele>77.85</ele>
      </trkpt>
      <trkpt lat="49.02695996619575" lon="2.031288827506383">
        <ele>81.57000000000001</ele>
      </trkpt>
      <trkpt lat="49.02678332449187" lon="2.0313096088833094">
        <ele>85.21000000000001</ele>
      </trkpt>
      <trkpt lat="49.02669455531074" lon="2.0313200523163846">
        <ele>86.95000000000002</ele>
      </trkpt>
      <trkpt lat="49.026610000000005" lon="2.03133">
        <ele>88.53450454514604</ele>
      </trkpt>
      <trkpt lat="49.02656354225598" lon="2.031315705309531">
        <ele>89.42000000000002</ele>
      </trkpt>
      <trkpt lat="49.02648000000001" lon="2.0312900000000003">
        <ele>90.92897412572049</ele>
      </trkpt>
      <trkpt lat="49.02645665778683" lon="2.03125732090156">
        <ele>91.49</ele>
      </trkpt>
      <trkpt lat="49.02638" lon="2.0311500000000002">
        <ele>93.24772902646254</ele>
      </trkpt>
      <trkpt lat="49.02637376867144" lon="2.0311313060142986">
        <ele>93.48</ele>
      </trkpt>
      <trkpt lat="49.02633" lon="2.031">
        <ele>93.783676878476</ele>
      </trkpt>
      <trkpt lat="49.026324350320166" lon="2.0309491528814734">
        <ele>93.89</ele>
      </trkpt>
      <trkpt lat="49.02631" lon="2.0308200000000003">
        <ele>93.76330283596343</ele>
      </trkpt>
      <trkpt lat="49.026308642270074" lon="2.0308172845401296">
        <ele>93.76</ele>
      </trkpt>
      <trkpt lat="49.026230000000005" lon="2.03066">
        <ele>93.47449694691272</ele>
      </trkpt>
      <trkpt lat="49.02618705114191" lon="2.030690835077606">
        <ele>93.37</ele>
      </trkpt>
      <trkpt lat="49.02610731183138" lon="2.0307480838133714">
        <ele>93.21</ele>
      </trkpt>
      <trkpt lat="49.025867280233356" lon="2.0309204141914385">
        <ele>92.86000000000001</ele>
      </trkpt>
      <trkpt lat="49.02584" lon="2.03094">
        <ele>92.71004046052333</ele>
      </trkpt>
      <trkpt lat="49.02566" lon="2.0310200000000003">
        <ele>91.77757914535941</ele>
      </trkpt>
      <trkpt lat="49.025643530969546" lon="2.031057643498179">
        <ele>91.63</ele>
      </trkpt>
      <trkpt lat="49.02556965942585" lon="2.0312264927409296">
        <ele>90.53000000000002</ele>
      </trkpt>
      <trkpt lat="49.02552000000001" lon="2.03134">
        <ele>89.75543484521009</ele>
      </trkpt>
      <trkpt lat="49.02549775705859" lon="2.031398820222881">
        <ele>89.37</ele>
      </trkpt>
      <trkpt lat="49.02538678595173" lon="2.03169227714988">
        <ele>87.28000000000002</ele>
      </trkpt>
      <trkpt lat="49.02523088727126" lon="2.032104542549348">
        <ele>84.41000000000001</ele>
      </trkpt>
      <trkpt lat="49.0251643944623" lon="2.0322803790886024">
        <ele>83.10000000000001</ele>
      </trkpt>
      <trkpt lat="49.02510104658349" lon="2.032447899034784">
        <ele>81.76</ele>
      </trkpt>
      <trkpt lat="49.02510104658349" lon="2.032447899034784">
        <ele>81.81</ele>
      </trkpt>
      <trkpt lat="49.02507000000001" lon="2.03253">
        <ele>81.11268156886922</ele>
      </trkpt>
      <trkpt lat="49.02504155526199" lon="2.0325655559225217">
        <ele>80.7</ele>
      </trkpt>
      <trkpt lat="49.02497269758716" lon="2.0326516280160654">
        <ele>79.62</ele>
      </trkpt>
      <trkpt lat="49.024950000000004" lon="2.03268">
        <ele>79.23268420749673</ele>
      </trkpt>
      <trkpt lat="49.02483780018921" lon="2.0328288591549133">
        <ele>77.27000000000001</ele>
      </trkpt>
      <trkpt lat="49.024770629537315" lon="2.0329179766534677">
        <ele>76.13</ele>
      </trkpt>
      <trkpt lat="49.02467021280519" lon="2.033051202812922">
        <ele>74.54</ele>
      </trkpt>
      <trkpt lat="49.0245358715014" lon="2.03322943781003">
        <ele>72.56</ele>
      </trkpt>
      <trkpt lat="49.02446870084951" lon="2.0333185553085835">
        <ele>71.65</ele>
      </trkpt>
      <trkpt lat="49.02443477627784" lon="2.033363564146237">
        <ele>71.22</ele>
      </trkpt>
      <trkpt lat="49.02436760562594" lon="2.033452681644791">
        <ele>70.41</ele>
      </trkpt>
      <trkpt lat="49.02420001824192" lon="2.0336750253027995">
        <ele>68.53</ele>
      </trkpt>
      <trkpt lat="49.02416609367026" lon="2.033720034140453">
        <ele>68.17</ele>
      </trkpt>
      <trkpt lat="49.024099601509796" lon="2.0338082514622537">
        <ele>67.51</ele>
      </trkpt>
      <trkpt lat="49.02400122025197" lon="2.033938777091449">
        <ele>66.72</ele>
      </trkpt>
      <trkpt lat="49.02394" lon="2.0340200000000004">
        <ele>66.27350125014529</ele>
      </trkpt>
      <trkpt lat="49.023935105418346" lon="2.0340255220921226">
        <ele>66.24000000000001</ele>
      </trkpt>
      <trkpt lat="49.02383027385325" lon="2.0341437936014737">
        <ele>65.61</ele>
      </trkpt>
      <trkpt lat="49.02372616526445" lon="2.034261249445243">
        <ele>65.04</ele>
      </trkpt>
      <trkpt lat="49.02364230001237" lon="2.0343558666527235">
        <ele>65.04</ele>
      </trkpt>
      <trkpt lat="49.02355000000001" lon="2.03446">
        <ele>66.34282838609498</ele>
      </trkpt>
      <trkpt lat="49.02346000000001" lon="2.03453">
        <ele>67.48924906670892</ele>
      </trkpt>
      <trkpt lat="49.023456534096994" lon="2.0345314341667646">
        <ele>67.53</ele>
      </trkpt>
      <trkpt lat="49.02317000000001" lon="2.03465">
        <ele>70.7860988356154</ele>
      </trkpt>
      <trkpt lat="49.02314033105771" lon="2.0346654794481513">
        <ele>71.13000000000001</ele>
      </trkpt>
      <trkpt lat="49.02314033105771" lon="2.0346654794481513">
        <ele>71.11</ele>
      </trkpt>
      <trkpt lat="49.02303481957185" lon="2.0347205289190367">
        <ele>72.33</ele>
      </trkpt>
      <trkpt lat="49.02295228236113" lon="2.034763591811584">
        <ele>73.22</ele>
      </trkpt>
      <trkpt lat="49.022940000000006" lon="2.03477">
        <ele>73.34435936019702</ele>
      </trkpt>
      <trkpt lat="49.022870000000005" lon="2.0348100000000002">
        <ele>74.06048399431997</ele>
      </trkpt>
      <trkpt lat="49.02279282839079" lon="2.0348733202947358">
        <ele>74.9</ele>
      </trkpt>
      <trkpt lat="49.02271521631093" lon="2.034937002001294">
        <ele>75.7</ele>
      </trkpt>
      <trkpt lat="49.022638396191056" lon="2.0350000338945198">
        <ele>76.46</ele>
      </trkpt>
      <trkpt lat="49.02256632783118" lon="2.0350591669077525">
        <ele>77.32</ele>
      </trkpt>
      <trkpt lat="49.02248" lon="2.03513">
        <ele>78.41005292342994</ele>
      </trkpt>
      <trkpt lat="49.02244" lon="2.03513">
        <ele>78.85483225430198</ele>
      </trkpt>
      <trkpt lat="49.02241345490448" lon="2.03513">
        <ele>79.15</ele>
      </trkpt>
      <trkpt lat="49.02237" lon="2.03513">
        <ele>79.61412255376091</ele>
      </trkpt>
      <trkpt lat="49.02223750007505" lon="2.034988951692793">
        <ele>81.34</ele>
      </trkpt>
      <trkpt lat="49.02213204900667" lon="2.034876697329677">
        <ele>80.87</ele>
      </trkpt>
      <trkpt lat="49.02206125668104" lon="2.0348013377572354">
        <ele>80.61</ele>
      </trkpt>
      <trkpt lat="49.02206" lon="2.0348">
        <ele>80.60709930380793</ele>
      </trkpt>
      <trkpt lat="49.02204734723465" lon="2.034859046238346">
        <ele>80.53</ele>
      </trkpt>
      <trkpt lat="49.02203393909994" lon="2.034921617533609">
        <ele>80.48</ele>
      </trkpt>
      <trkpt lat="49.022000000000006" lon="2.0350800000000002">
        <ele>80.41039111932318</ele>
      </trkpt>
      <trkpt lat="49.021963238603476" lon="2.035158774421131">
        <ele>80.37</ele>
      </trkpt>
      <trkpt lat="49.021930000000005" lon="2.0352300000000003">
        <ele>80.29595293570668</ele>
      </trkpt>
      <trkpt lat="49.02183371772398" lon="2.0353410949338757">
        <ele>80.14</ele>
      </trkpt>
      <trkpt lat="49.021800000000006" lon="2.03538">
        <ele>80.09279549223653</ele>
      </trkpt>
      <trkpt lat="49.02164701345103" lon="2.0355293440120885">
        <ele>79.89</ele>
      </trkpt>
      <trkpt lat="49.02157127165269" lon="2.0356032824342813">
        <ele>79.75</ele>
      </trkpt>
      <trkpt lat="49.02148341116661" lon="2.0356890510040246">
        <ele>79.52000000000001</ele>
      </trkpt>
      <trkpt lat="49.02138" lon="2.03579">
        <ele>79.23335996585169</ele>
      </trkpt>
      <trkpt lat="49.02134655769906" lon="2.035823442300937">
        <ele>79.14</ele>
      </trkpt>
      <trkpt lat="49.021300000000004" lon="2.03587">
        <ele>79.02366168119819</ele>
      </trkpt>
      <trkpt lat="49.021300000000004" lon="2.03588">
        <ele>79.0099587382733</ele>
      </trkpt>
      <trkpt lat="49.02124639107534" lon="2.0359527549691903">
        <ele>78.86</ele>
      </trkpt>
      <trkpt lat="49.02116" lon="2.03607">
        <ele>78.29137255057812</ele>
      </trkpt>
      <trkpt lat="49.02114547714318" lon="2.036082102380688">
        <ele>78.21</ele>
      </trkpt>
      <trkpt lat="49.021100000000004" lon="2.0361200000000004">
        <ele>77.94029409219726</ele>
      </trkpt>
      <trkpt lat="49.021060000000006" lon="2.0361100000000003">
        <ele>77.72934800223494</ele>
      </trkpt>
      <trkpt lat="49.020896634574314" lon="2.0363278205675837">
        <ele>76.6</ele>
      </trkpt>
      <trkpt lat="49.0208634607245" lon="2.0363720523673488">
        <ele>76.34</ele>
      </trkpt>
      <trkpt lat="49.02082960985733" lon="2.0364171868569048">
        <ele>76.05000000000001</ele>
      </trkpt>
      <trkpt lat="49.02079643600751" lon="2.03646141865667">
        <ele>75.72000000000001</ele>
      </trkpt>
      <trkpt lat="49.02073000000001" lon="2.03655">
        <ele>74.99</ele>
      </trkpt>
      <trkpt lat="49.02073000000001" lon="2.03655">
        <ele>74.99</ele>
      </trkpt>
      <trkpt lat="49.02062" lon="2.03675">
        <ele>73.48168813011732</ele>
      </trkpt>
      <trkpt lat="49.02061724322795" lon="2.0367579027465244">
        <ele>73.43</ele>
      </trkpt>
      <trkpt lat="49.02057585331792" lon="2.036876553821978">
        <ele>72.59</ele>
      </trkpt>
      <trkpt lat="49.020555158362896" lon="2.0369358793597048">
        <ele>72.15</ele>
      </trkpt>
      <trkpt lat="49.02051334610683" lon="2.037055741160418">
        <ele>71.21000000000001</ele>
      </trkpt>
      <trkpt lat="49.02047" lon="2.03718">
        <ele>70.15854830043473</ele>
      </trkpt>
      <trkpt lat="49.02039477078184" lon="2.037337981358142">
        <ele>68.7</ele>
      </trkpt>
      <trkpt lat="49.02037000000001" lon="2.0373900000000003">
        <ele>68.1091455894501</ele>
      </trkpt>
      <trkpt lat="49.020334543712245" lon="2.0374301837927975">
        <ele>67.49000000000001</ele>
      </trkpt>
      <trkpt lat="49.02022" lon="2.03756">
        <ele>65.36039483277756</ele>
      </trkpt>
      <trkpt lat="49.02022000000001" lon="2.037607047491845">
        <ele>64.89999999999999</ele>
      </trkpt>
      <trkpt lat="49.02022" lon="2.037674243669567">
        <ele>64.2</ele>
      </trkpt>
      <trkpt lat="49.02022" lon="2.0377400684967237">
        <ele>63.45</ele>
      </trkpt>
      <trkpt lat="49.02022" lon="2.03780589332388">
        <ele>62.64</ele>
      </trkpt>
      <trkpt lat="49.02022" lon="2.037873089501602">
        <ele>61.76</ele>
      </trkpt>
      <trkpt lat="49.02022" lon="2.0379300000000002">
        <ele>60.947299521995504</ele>
      </trkpt>
      <trkpt lat="49.02022104416489" lon="2.0379387709851415">
        <ele>60.82000000000001</ele>
      </trkpt>
      <trkpt lat="49.020228915076096" lon="2.0380048866392024">
        <ele>59.800000000000004</ele>
      </trkpt>
      <trkpt lat="49.020228915076096" lon="2.0380048866392024">
        <ele>60.10000000000001</ele>
      </trkpt>
      <trkpt lat="49.02025429474894" lon="2.038218075891073">
        <ele>56.68</ele>
      </trkpt>
      <trkpt lat="49.020262165660135" lon="2.0382841915451344">
        <ele>55.67</ele>
      </trkpt>
      <trkpt lat="49.020270000000004" lon="2.0383500000000003">
        <ele>54.73519706909495</ele>
      </trkpt>
      <trkpt lat="49.020270000000004" lon="2.03832">
        <ele>54.315902807862415</ele>
      </trkpt>
      <trkpt lat="49.020276650737756" lon="2.0383532536887423">
        <ele>53.83</ele>
      </trkpt>
      <trkpt lat="49.02028000000001" lon="2.03837">
        <ele>53.60283895700277</ele>
      </trkpt>
      <trkpt lat="49.02025468816115" lon="2.0385471828719917">
        <ele>51.25</ele>
      </trkpt>
      <trkpt lat="49.02021793586927" lon="2.038804448915192">
        <ele>48</ele>
      </trkpt>
      <trkpt lat="49.0202085563781" lon="2.0388701053533005">
        <ele>47.23</ele>
      </trkpt>
      <trkpt lat="49.0202" lon="2.03893">
        <ele>46.55950116405112</ele>
      </trkpt>
      <trkpt lat="49.02019869773476" lon="2.0390003223230555">
        <ele>45.790000000000006</ele>
      </trkpt>
      <trkpt lat="49.02019623536562" lon="2.039133290257122">
        <ele>44.42</ele>
      </trkpt>
      <trkpt lat="49.02019379838171" lon="2.039264887387744">
        <ele>43.120000000000005</ele>
      </trkpt>
      <trkpt lat="49.020191336012566" lon="2.0393978553218104">
        <ele>41.910000000000004</ele>
      </trkpt>
      <trkpt lat="49.02019000000001" lon="2.03947">
        <ele>41.27771522459818</ele>
      </trkpt>
      <trkpt lat="49.02017052317425" lon="2.0395917301609288">
        <ele>40.18</ele>
      </trkpt>
      <trkpt lat="49.020128743199464" lon="2.0398528550033563">
        <ele>37.78</ele>
      </trkpt>
      <trkpt lat="49.02011" lon="2.0399700000000003">
        <ele>36.73023663930706</ele>
      </trkpt>
      <trkpt lat="49.020101393684016" lon="2.0399656968420063">
        <ele>36.61</ele>
      </trkpt>
      <trkpt lat="49.020070000000004" lon="2.03995">
        <ele>36.19587539181091</ele>
      </trkpt>
      <trkpt lat="49.020053594894904" lon="2.039951215192971">
        <ele>35.99</ele>
      </trkpt>
      <trkpt lat="49.020053594894904" lon="2.039951215192971">
        <ele>35.89000000000001</ele>
      </trkpt>
      <trkpt lat="49.01989100926674" lon="2.039963258572835">
        <ele>33.86</ele>
      </trkpt>
      <trkpt lat="49.01984609610979" lon="2.0399665854733495">
        <ele>33.760000000000005</ele>
      </trkpt>
      <trkpt lat="49.019800000000004" lon="2.0399700000000003">
        <ele>33.28545631374577</ele>
      </trkpt>
      <trkpt lat="49.01976350121477" lon="2.0399830352804402">
        <ele>32.900000000000006</ele>
      </trkpt>
      <trkpt lat="49.019721471157034" lon="2.039998046015347">
        <ele>32.5</ele>
      </trkpt>
      <trkpt lat="49.01967944109929" lon="2.040013056750254">
        <ele>32.13</ele>
      </trkpt>
      <trkpt lat="49.01966" lon="2.04002">
        <ele>31.97883397630282</ele>
      </trkpt>
      <trkpt lat="49.01962" lon="2.04006">
        <ele>31.61669432045276</ele>
      </trkpt>
      <trkpt lat="49.01962758273445" lon="2.0400827482033277">
        <ele>31.490000000000002</ele>
      </trkpt>
      <trkpt lat="49.01963000000001" lon="2.04009">
        <ele>31.457184499428354</ele>
      </trkpt>
      <trkpt lat="49.019606248567186" lon="2.040133127601703">
        <ele>31.230000000000004</ele>
      </trkpt>
      <trkpt lat="49.01957848803134" lon="2.0401835348904647">
        <ele>31.000000000000004</ele>
      </trkpt>
      <trkpt lat="49.01955130584" lon="2.0402328920273773">
        <ele>30.8</ele>
      </trkpt>
      <trkpt lat="49.019496363112815" lon="2.0403326564530517">
        <ele>30.490000000000002</ele>
      </trkpt>
      <trkpt lat="49.01944199873013" lon="2.040431370726877">
        <ele>30.220000000000002</ele>
      </trkpt>
      <trkpt lat="49.01941655157228" lon="2.040477577408242">
        <ele>29.92</ele>
      </trkpt>
      <trkpt lat="49.01937201904603" lon="2.040558439100631">
        <ele>29.75</ele>
      </trkpt>
      <trkpt lat="49.01931649797435" lon="2.0406592536781547">
        <ele>30.35</ele>
      </trkpt>
      <trkpt lat="49.01928815909402" lon="2.0407107111187655">
        <ele>30.7</ele>
      </trkpt>
      <trkpt lat="49.019260398558174" lon="2.040761118407527">
        <ele>31.1</ele>
      </trkpt>
      <trkpt lat="49.01925000000001" lon="2.0407800000000003">
        <ele>31.265121244117612</ele>
      </trkpt>
      <trkpt lat="49.01926160498799" lon="2.0408186832932875">
        <ele>31.55</ele>
      </trkpt>
      <trkpt lat="49.01928" lon="2.04088">
        <ele>32.051836760700816</ele>
      </trkpt>
      <trkpt lat="49.019248499658985" lon="2.0409246646626324">
        <ele>32.54</ele>
      </trkpt>
      <trkpt lat="49.01921688744734" lon="2.040969487947805">
        <ele>33.1</ele>
      </trkpt>
      <trkpt lat="49.01908912142526" lon="2.0411506487253743">
        <ele>35.49</ele>
      </trkpt>
      <trkpt lat="49.01902523841423" lon="2.0412412291141595">
        <ele>36.59</ele>
      </trkpt>
      <trkpt lat="49.018992967614835" lon="2.0412869862177727">
        <ele>37.07000000000001</ele>
      </trkpt>
      <trkpt lat="49.0189290846038" lon="2.0413775666065574">
        <ele>37.96</ele>
      </trkpt>
      <trkpt lat="49.01886520159276" lon="2.0414681469953426">
        <ele>38.760000000000005</ele>
      </trkpt>
      <trkpt lat="49.01880131858172" lon="2.0415587273841274">
        <ele>39.53</ele>
      </trkpt>
      <trkpt lat="49.018651819164134" lon="2.0417707041702533">
        <ele>40.220000000000006</ele>
      </trkpt>
      <trkpt lat="49.01861" lon="2.04183">
        <ele>41.043760982729594</ele>
      </trkpt>
      <trkpt lat="49.0185736550208" lon="2.0419317659417686">
        <ele>42.14</ele>
      </trkpt>
      <trkpt lat="49.018510000000006" lon="2.04211">
        <ele>43.9323298921332</ele>
      </trkpt>
      <trkpt lat="49.01846466871769" lon="2.042099333815926">
        <ele>44.550000000000004</ele>
      </trkpt>
      <trkpt lat="49.01839000928725" lon="2.0420817668911178">
        <ele>45.61000000000001</ele>
      </trkpt>
      <trkpt lat="49.01839000928725" lon="2.0420817668911178">
        <ele>45.68000000000001</ele>
      </trkpt>
      <trkpt lat="49.01834" lon="2.0420700000000003">
        <ele>46.42849134486855</ele>
      </trkpt>
      <trkpt lat="49.018315628990926" lon="2.0420079647041858">
        <ele>47.13</ele>
      </trkpt>
      <trkpt lat="49.01829298369179" lon="2.041950322124562">
        <ele>47.85</ele>
      </trkpt>
      <trkpt lat="49.01826987624369" lon="2.041891503165762">
        <ele>48.63</ele>
      </trkpt>
      <trkpt lat="49.01824676879559" lon="2.0418326842069625">
        <ele>49.480000000000004</ele>
      </trkpt>
      <trkpt lat="49.01823" lon="2.04179">
        <ele>50.16866301150891</ele>
      </trkpt>
      <trkpt lat="49.01822000000001" lon="2.04179">
        <ele>50.379706265368014</ele>
      </trkpt>
      <trkpt lat="49.01821927383892" lon="2.0417881119811923">
        <ele>50.410000000000004</ele>
      </trkpt>
      <trkpt lat="49.01817377848792" lon="2.0416698240685864">
        <ele>52.42</ele>
      </trkpt>
      <trkpt lat="49.01810644536844" lon="2.0414947579579295">
        <ele>55.550000000000004</ele>
      </trkpt>
      <trkpt lat="49.01807" lon="2.0414000000000003">
        <ele>56.83524756108599</ele>
      </trkpt>
      <trkpt lat="49.018060204487206" lon="2.0414000000000003">
        <ele>57.010000000000005</ele>
      </trkpt>
      <trkpt lat="49.01802000000001" lon="2.0414000000000003">
        <ele>57.62310142563315</ele>
      </trkpt>
      <trkpt lat="49.01794668672835" lon="2.0414676737892137">
        <ele>58.93</ele>
      </trkpt>
      <trkpt lat="49.01789" lon="2.0415200000000002">
        <ele>59.86490297542705</ele>
      </trkpt>
      <trkpt lat="49.017876565203295" lon="2.0415032065041165">
        <ele>60.11</ele>
      </trkpt>
      <trkpt lat="49.01785" lon="2.0414700000000003">
        <ele>60.18716419430493</ele>
      </trkpt>
      <trkpt lat="49.01782900337798" lon="2.0413930123859214">
        <ele>60.31</ele>
      </trkpt>
      <trkpt lat="49.01781173747656" lon="2.041329704080736">
        <ele>60.38</ele>
      </trkpt>
      <trkpt lat="49.017794816893186" lon="2.0412676619416543">
        <ele>60.4</ele>
      </trkpt>
      <trkpt lat="49.017790000000005" lon="2.0412500000000002">
        <ele>60.401394915059115</ele>
      </trkpt>
      <trkpt lat="49.01773776293235" lon="2.041162938220572">
        <ele>60.410000000000004</ele>
      </trkpt>
      <trkpt lat="49.01773000000001" lon="2.04115">
        <ele>60.417672791969295</ele>
      </trkpt>
      <trkpt lat="49.01772360578377" lon="2.0412000880271712">
        <ele>60.440000000000005</ele>
      </trkpt>
      <trkpt lat="49.01771518601373" lon="2.0412660428925005">
        <ele>60.53000000000001</ele>
      </trkpt>
      <trkpt lat="49.01770659441165" lon="2.0413333437754893">
        <ele>60.68000000000001</ele>
      </trkpt>
      <trkpt lat="49.01769800280956" lon="2.041400644658478">
        <ele>60.910000000000004</ele>
      </trkpt>
      <trkpt lat="49.01768941120748" lon="2.0414679455414673">
        <ele>61.21000000000001</ele>
      </trkpt>
      <trkpt lat="49.01768099143743" lon="2.041533900406796">
        <ele>61.57000000000001</ele>
      </trkpt>
      <trkpt lat="49.01767" lon="2.04162">
        <ele>62.087515237243736</ele>
      </trkpt>
      <trkpt lat="49.01762" lon="2.0417400000000003">
        <ele>62.92631162093269</ele>
      </trkpt>
      <trkpt lat="49.01759949799224" lon="2.0417695228911854">
        <ele>63.18</ele>
      </trkpt>
      <trkpt lat="49.01757530607189" lon="2.0418043592564823">
        <ele>63.44000000000001</ele>
      </trkpt>
      <trkpt lat="49.01757530607189" lon="2.0418043592564823">
        <ele>63.42</ele>
      </trkpt>
      <trkpt lat="49.0175661523723" lon="2.0418175405838923">
        <ele>63.53</ele>
      </trkpt>
      <trkpt lat="49.017533460588055" lon="2.0418646167532124">
        <ele>63.82</ele>
      </trkpt>
      <trkpt lat="49.017501422639484" lon="2.041910751399146">
        <ele>64.03999999999999</ele>
      </trkpt>
      <trkpt lat="49.01746873085524" lon="2.0419578275684658">
        <ele>64.19000000000001</ele>
      </trkpt>
      <trkpt lat="49.01743603907099" lon="2.042004903737786">
        <ele>64.28999999999999</ele>
      </trkpt>
      <trkpt lat="49.01740334728674" lon="2.042051979907106">
        <ele>64.36</ele>
      </trkpt>
      <trkpt lat="49.01737000000001" lon="2.0421">
        <ele>64.36356661183633</ele>
      </trkpt>
      <trkpt lat="49.01731221633076" lon="2.0421902869832014">
        <ele>64.37</ele>
      </trkpt>
      <trkpt lat="49.01728206749401" lon="2.042237394540626">
        <ele>64.39999999999999</ele>
      </trkpt>
      <trkpt lat="49.017252546758016" lon="2.042283520690604">
        <ele>64.45</ele>
      </trkpt>
      <trkpt lat="49.017210000000006" lon="2.0423500000000003">
        <ele>64.57701014811143</ele>
      </trkpt>
      <trkpt lat="49.01718996157578" lon="2.0423738388150188">
        <ele>64.63000000000001</ele>
      </trkpt>
      <trkpt lat="49.017088568529715" lon="2.0424944615767187">
        <ele>65.02000000000001</ele>
      </trkpt>
      <trkpt lat="49.017054534500275" lon="2.0425349503358907">
        <ele>65.13000000000001</ele>
      </trkpt>
      <trkpt lat="49.01702050047083" lon="2.042575439095063">
        <ele>65.19000000000001</ele>
      </trkpt>
      <trkpt lat="49.016986466441374" lon="2.0426159278542344">
        <ele>65.19000000000001</ele>
      </trkpt>
      <trkpt lat="49.01695243241193" lon="2.042656416613406">
        <ele>65.09</ele>
      </trkpt>
      <trkpt lat="49.016919107424755" lon="2.0426960618567622">
        <ele>64.86</ele>
      </trkpt>
      <trkpt lat="49.01688507339531" lon="2.0427365506159343">
        <ele>64.51</ele>
      </trkpt>
      <trkpt lat="49.01685103936586" lon="2.042777039375106">
        <ele>64.09</ele>
      </trkpt>
      <trkpt lat="49.01667448783809" lon="2.0429870748133103">
        <ele>56.760000000000005</ele>
      </trkpt>
      <trkpt lat="49.01663903572408" lon="2.0430292506041146">
        <ele>55.38</ele>
      </trkpt>
      <trkpt lat="49.016630000000006" lon="2.04304">
        <ele>55.051216106973115</ele>
      </trkpt>
      <trkpt lat="49.016650000000006" lon="2.04307">
        <ele>54.24635098349494</ele>
      </trkpt>
      <trkpt lat="49.016647357243734" lon="2.0430772675797426">
        <ele>54.09</ele>
      </trkpt>
      <trkpt lat="49.01663383845148" lon="2.043114444258444">
        <ele>53.34</ele>
      </trkpt>
      <trkpt lat="49.01663383845148" lon="2.043114444258444">
        <ele>53.68000000000001</ele>
      </trkpt>
      <trkpt lat="49.01661988356915" lon="2.0431528201848455">
        <ele>52.9</ele>
      </trkpt>
      <trkpt lat="49.01661000000001" lon="2.04318">
        <ele>52.39685799155049</ele>
      </trkpt>
      <trkpt lat="49.01662490475516" lon="2.043209809510311">
        <ele>51.79</ele>
      </trkpt>
      <trkpt lat="49.01665162170194" lon="2.043263243403853">
        <ele>50.75</ele>
      </trkpt>
      <trkpt lat="49.01670123888879" lon="2.0433624777775754">
        <ele>49.080000000000005</ele>
      </trkpt>
      <trkpt lat="49.01675" lon="2.04346">
        <ele>47.291401572299186</ele>
      </trkpt>
      <trkpt lat="49.016740000000006" lon="2.04345">
        <ele>47.02545061058549</ele>
      </trkpt>
      <trkpt lat="49.016783222908884" lon="2.0435364458177476">
        <ele>45.44</ele>
      </trkpt>
      <trkpt lat="49.01680775891002" lon="2.043585517820025">
        <ele>45.43000000000001</ele>
      </trkpt>
      <trkpt lat="49.01681000000001" lon="2.04359">
        <ele>45.4228517426206</ele>
      </trkpt>
      <trkpt lat="49.016844517321736" lon="2.043566988452178">
        <ele>45.35</ele>
      </trkpt>
      <trkpt lat="49.01688242150412" lon="2.043541718997261">
        <ele>45.18000000000001</ele>
      </trkpt>
      <trkpt lat="49.01690000000001" lon="2.04353">
        <ele>45.052001859370584</ele>
      </trkpt>
      <trkpt lat="49.01691325074936" lon="2.0435553972695937">
        <ele>44.910000000000004</ele>
      </trkpt>
      <trkpt lat="49.016939005389744" lon="2.0436047603303233">
        <ele>44.56</ele>
      </trkpt>
      <trkpt lat="49.016954122243874" lon="2.043633734300751">
        <ele>44.31</ele>
      </trkpt>
      <trkpt lat="49.016954122243874" lon="2.043633734300751">
        <ele>44.45</ele>
      </trkpt>
      <trkpt lat="49.01697259839894" lon="2.0436691469312747">
        <ele>44.15</ele>
      </trkpt>
      <trkpt lat="49.01699835303931" lon="2.0437185099920043">
        <ele>43.67</ele>
      </trkpt>
      <trkpt lat="49.01702410767969" lon="2.043767873052733">
        <ele>43.13</ele>
      </trkpt>
      <trkpt lat="49.01704930243659" lon="2.043816163003447">
        <ele>42.53</ele>
      </trkpt>
      <trkpt lat="49.01710025183387" lon="2.04391381601489">
        <ele>41.21</ele>
      </trkpt>
      <trkpt lat="49.0171276861247" lon="2.0439663984056673">
        <ele>41.010000000000005</ele>
      </trkpt>
      <trkpt lat="49.017140000000005" lon="2.04399">
        <ele>40.90882926044248</ele>
      </trkpt>
      <trkpt lat="49.01713" lon="2.0439800000000004">
        <ele>40.84766068335863</ele>
      </trkpt>
      <trkpt lat="49.01713801995927" lon="2.0439960399185324">
        <ele>40.78</ele>
      </trkpt>
      <trkpt lat="49.01716528232996" lon="2.044050564659921">
        <ele>40.52</ele>
      </trkpt>
      <trkpt lat="49.017192544700656" lon="2.04410508940131">
        <ele>40.220000000000006</ele>
      </trkpt>
      <trkpt lat="49.017219807071356" lon="2.044159614142699">
        <ele>39.89</ele>
      </trkpt>
      <trkpt lat="49.017261245874806" lon="2.0442424917496105">
        <ele>39.339999999999996</ele>
      </trkpt>
      <trkpt lat="49.017261245874806" lon="2.0442424917496105">
        <ele>39.35</ele>
      </trkpt>
      <trkpt lat="49.01727" lon="2.04426">
        <ele>39.235009148809766</ele>
      </trkpt>
      <trkpt lat="49.0172395503826" lon="2.044324481542742">
        <ele>38.82</ele>
      </trkpt>
      <trkpt lat="49.017213275648864" lon="2.044380122155354">
        <ele>38.50000000000001</ele>
      </trkpt>
      <trkpt lat="49.01718700091513" lon="2.044435762767966">
        <ele>38.24</ele>
      </trkpt>
      <trkpt lat="49.0171607261814" lon="2.0444914033805777">
        <ele>38.080000000000005</ele>
      </trkpt>
      <trkpt lat="49.01713445144766" lon="2.0445470439931897">
        <ele>38.03</ele>
      </trkpt>
      <trkpt lat="49.01710817671393" lon="2.0446026846058016">
        <ele>38.09</ele>
      </trkpt>
      <trkpt lat="49.017100000000006" lon="2.04462">
        <ele>38.12734407667832</ele>
      </trkpt>
      <trkpt lat="49.01708387245939" lon="2.044660318851551">
        <ele>38.21</ele>
      </trkpt>
      <trkpt lat="49.017" lon="2.04487">
        <ele>35.61551978432988</ele>
      </trkpt>
      <trkpt lat="49.01695458459048" lon="2.044923672756714">
        <ele>34.690000000000005</ele>
      </trkpt>
      <trkpt lat="49.016890000000004" lon="2.0450000000000004">
        <ele>33.40671291004417</ele>
      </trkpt>
      <trkpt lat="49.01689547883029" lon="2.0450010435867223">
        <ele>33.32</ele>
      </trkpt>
      <trkpt lat="49.01704361496478" lon="2.0450292599932904">
        <ele>31.080000000000002</ele>
      </trkpt>
      <trkpt lat="49.01704361496478" lon="2.0450292599932904">
        <ele>31.14</ele>
      </trkpt>
      <trkpt lat="49.017100000000006" lon="2.04504">
        <ele>30.289738694229978</ele>
      </trkpt>
      <trkpt lat="49.017115224197255" lon="2.0450476120986254">
        <ele>30.050000000000004</ele>
      </trkpt>
      <trkpt lat="49.01718" lon="2.04508">
        <ele>29.08881178964059</ele>
      </trkpt>
      <trkpt lat="49.01719694704436" lon="2.045093315534853">
        <ele>28.82</ele>
      </trkpt>
      <trkpt lat="49.017236118987114" lon="2.0451240934898745">
        <ele>28.270000000000003</ele>
      </trkpt>
      <trkpt lat="49.01727529092987" lon="2.045154871444896">
        <ele>27.770000000000003</ele>
      </trkpt>
      <trkpt lat="49.01731366344522" lon="2.045185021278386">
        <ele>27.340000000000003</ele>
      </trkpt>
      <trkpt lat="49.017320000000005" lon="2.0451900000000003">
        <ele>27.28176546883272</ele>
      </trkpt>
      <trkpt lat="49.01731" lon="2.0451900000000003">
        <ele>27.20007130599052</ele>
      </trkpt>
      <trkpt lat="49.017331507264224" lon="2.045214733353858">
        <ele>26.98</ele>
      </trkpt>
      <trkpt lat="49.01736597155993" lon="2.045254367293926">
        <ele>26.680000000000003</ele>
      </trkpt>
      <trkpt lat="49.01740115386181" lon="2.0452948269410784">
        <ele>26.44</ele>
      </trkpt>
      <trkpt lat="49.017436336163684" lon="2.045335286588231">
        <ele>26.230000000000004</ele>
      </trkpt>
      <trkpt lat="49.01747080045939" lon="2.045374920528299">
        <ele>26.060000000000002</ele>
      </trkpt>
      <trkpt lat="49.01751" lon="2.04542">
        <ele>25.90803455830062</ele>
      </trkpt>
      <trkpt lat="49.01753574187821" lon="2.045462903130343">
        <ele>25.79</ele>
      </trkpt>
      <trkpt lat="49.017572164762335" lon="2.0455236079372296">
        <ele>25.380000000000003</ele>
      </trkpt>
      <trkpt lat="49.01763226252116" lon="2.045623770868593">
        <ele>25.69</ele>
      </trkpt>
      <trkpt lat="49.017692967328045" lon="2.0457249455467377">
        <ele>26.060000000000002</ele>
      </trkpt>
      <trkpt lat="49.01775367213493" lon="2.0458261202248824">
        <ele>26.46</ele>
      </trkpt>
      <trkpt lat="49.01778" lon="2.0458700000000003">
        <ele>26.652110113595302</ele>
      </trkpt>
      <trkpt lat="49.01769097236626" lon="2.04592052919753">
        <ele>27.12</ele>
      </trkpt>
      <trkpt lat="49.01766231622187" lon="2.045936793495695">
        <ele>27.560000000000002</ele>
      </trkpt>
      <trkpt lat="49.017410000000005" lon="2.0460800000000003">
        <ele>26.005952497883925</ele>
      </trkpt>
      <trkpt lat="49.01741383820599" lon="2.0460991910299136">
        <ele>25.93</ele>
      </trkpt>
      <trkpt lat="49.01742" lon="2.0461300000000002">
        <ele>25.849601691675296</ele>
      </trkpt>
      <trkpt lat="49.01746508193217" lon="2.04628778676258">
        <ele>25.42</ele>
      </trkpt>
      <trkpt lat="49.017480000000006" lon="2.0463400000000003">
        <ele>25.187233264707622</ele>
      </trkpt>
      <trkpt lat="49.01751920004434" lon="2.0463079272364517">
        <ele>24.91</ele>
      </trkpt>
      <trkpt lat="49.017552482801264" lon="2.0462806958898816">
        <ele>24.64</ele>
      </trkpt>
      <trkpt lat="49.017590000000006" lon="2.04625">
        <ele>25.22187547254878</ele>
      </trkpt>
      <trkpt lat="49.01770332396784" lon="2.046197696630232">
        <ele>26.840000000000003</ele>
      </trkpt>
      <trkpt lat="49.01770332396784" lon="2.046197696630232">
        <ele>26.76</ele>
      </trkpt>
      <trkpt lat="49.017720000000004" lon="2.04619">
        <ele>27.00060922755992</ele>
      </trkpt>
      <trkpt lat="49.01774885793397" lon="2.04622847724528">
        <ele>27.53</ele>
      </trkpt>
      <trkpt lat="49.01778" lon="2.0462700000000003">
        <ele>28.132537550161068</ele>
      </trkpt>
      <trkpt lat="49.017810000000004" lon="2.04624">
        <ele>28.65507168817483</ele>
      </trkpt>
      <trkpt lat="49.017841581846106" lon="2.0463000055076055">
        <ele>29.39</ele>
      </trkpt>
      <trkpt lat="49.01791" lon="2.04643">
        <ele>24.505908392877195</ele>
      </trkpt>
      <trkpt lat="49.01791" lon="2.0464200000000003">
        <ele>24.212885703498728</ele>
      </trkpt>
      <trkpt lat="49.017929159892695" lon="2.046460061593809">
        <ele>22.76</ele>
      </trkpt>
      <trkpt lat="49.01802000000001" lon="2.04665">
        <ele>22.739093921349877</ele>
      </trkpt>
      <trkpt lat="49.018" lon="2.04673">
        <ele>22.731479985307352</ele>
      </trkpt>
      <trkpt lat="49.018006617125025" lon="2.0467432342500427">
        <ele>22.73</ele>
      </trkpt>
      <trkpt lat="49.01802000000001" lon="2.04677">
        <ele>22.724335921816166</ele>
      </trkpt>
      <trkpt lat="49.01805" lon="2.04679">
        <ele>22.71593420182392</ele>
      </trkpt>
      <trkpt lat="49.018080000000005" lon="2.04678">
        <ele>22.708054301891906</ele>
      </trkpt>
      <trkpt lat="49.018052039291895" lon="2.046801747217417">
        <ele>22.7</ele>
      </trkpt>
      <trkpt lat="49.017990000000005" lon="2.04685">
        <ele>22.608577078144762</ele>
      </trkpt>
      <trkpt lat="49.017955295660144" lon="2.046924366442546">
        <ele>22.53</ele>
      </trkpt>
      <trkpt lat="49.017920000000004" lon="2.047">
        <ele>22.47864631051879</ele>
      </trkpt>
      <trkpt lat="49.01788231169334" lon="2.047089081452113">
        <ele>22.42</ele>
      </trkpt>
      <trkpt lat="49.01781210910826" lon="2.047255014835026">
        <ele>22.410000000000004</ele>
      </trkpt>
      <trkpt lat="49.017810000000004" lon="2.04726">
        <ele>22.41057682888048</ele>
      </trkpt>
      <trkpt lat="49.017847918929505" lon="2.047557031614444">
        <ele>22.44</ele>
      </trkpt>
      <trkpt lat="49.017867164170326" lon="2.0477077860008763">
        <ele>22.42</ele>
      </trkpt>
      <trkpt lat="49.01787" lon="2.04773">
        <ele>22.408028583456343</ele>
      </trkpt>
      <trkpt lat="49.01794409147412" lon="2.047944042036348">
        <ele>22.28</ele>
      </trkpt>
      <trkpt lat="49.01796" lon="2.04799">
        <ele>22.272104917372964</ele>
      </trkpt>
      <trkpt lat="49.01796" lon="2.0479800000000004">
        <ele>22.270585664759203</ele>
      </trkpt>
      <trkpt lat="49.017961061998996" lon="2.0479834983496197">
        <ele>22.27</ele>
      </trkpt>
      <trkpt lat="49.01801092836335" lon="2.0481477640204258">
        <ele>22.29</ele>
      </trkpt>
      <trkpt lat="49.01804757258564" lon="2.04826847439973">
        <ele>22.26</ele>
      </trkpt>
      <trkpt lat="49.018130000000006" lon="2.04854">
        <ele>22.125865858228703</ele>
      </trkpt>
      <trkpt lat="49.01811361276634" lon="2.0485650628279575">
        <ele>22.11</ele>
      </trkpt>
      <trkpt lat="49.01795868354573" lon="2.0488020134006537">
        <ele>22.060000000000002</ele>
      </trkpt>
      <trkpt lat="49.01786534503987" lon="2.048944766409614">
        <ele>22.11</ele>
      </trkpt>
      <trkpt lat="49.017710415819266" lon="2.0491817169823103">
        <ele>22.29</ele>
      </trkpt>
      <trkpt lat="49.01767930298398" lon="2.0492293013186305">
        <ele>22.310000000000002</ele>
      </trkpt>
      <trkpt lat="49.01762" lon="2.0493200000000003">
        <ele>22.3000641464147</ele>
      </trkpt>
      <trkpt lat="49.01755437510499" lon="2.0494025603517922">
        <ele>22.29</ele>
      </trkpt>
      <trkpt lat="49.017383034311045" lon="2.0496181181248194">
        <ele>22.28</ele>
      </trkpt>
      <trkpt lat="49.01731" lon="2.04971">
        <ele>22.2582170664048</ele>
      </trkpt>
      <trkpt lat="49.01724" lon="2.0498000000000003">
        <ele>22.23715204784153</ele>
      </trkpt>
      <trkpt lat="49.01719054277008" lon="2.0498850664354626">
        <ele>22.22</ele>
      </trkpt>
      <trkpt lat="49.01713327130486" lon="2.049983573355651">
        <ele>22.22</ele>
      </trkpt>
      <trkpt lat="49.01699000000001" lon="2.05023">
        <ele>22.25969508904231</ele>
      </trkpt>
      <trkpt lat="49.0169887871707" lon="2.050231725949396">
        <ele>22.26</ele>
      </trkpt>
      <trkpt lat="49.016798122919006" lon="2.050503055846035">
        <ele>22.21</ele>
      </trkpt>
      <trkpt lat="49.01673" lon="2.0506">
        <ele>22.2313638851611</ele>
      </trkpt>
      <trkpt lat="49.01668835127499" lon="2.050706435630588">
        <ele>22.250000000000004</ele>
      </trkpt>
      <trkpt lat="49.01664" lon="2.0508300000000004">
        <ele>22.24421337030629</ele>
      </trkpt>
      <trkpt lat="49.01639529905589" lon="2.0513025259610425">
        <ele>22.22</ele>
      </trkpt>
      <trkpt lat="49.01635" lon="2.05139">
        <ele>22.205485624061154</ele>
      </trkpt>
      <trkpt lat="49.01625526981841" lon="2.051522048131915">
        <ele>22.18</ele>
      </trkpt>
      <trkpt lat="49.016020000000005" lon="2.05185">
        <ele>22.10252349012523</ele>
      </trkpt>
      <trkpt lat="49.016020000000005" lon="2.05186">
        <ele>22.10092945804512</ele>
      </trkpt>
      <trkpt lat="49.01601724546521" lon="2.051864044633381">
        <ele>22.1</ele>
      </trkpt>
      <trkpt lat="49.01582355931683" lon="2.0521484445474547">
        <ele>22.1</ele>
      </trkpt>
      <trkpt lat="49.015631168727964" lon="2.0524309421209663">
        <ele>22.01</ele>
      </trkpt>
      <trkpt lat="49.0155994275197" lon="2.0524775494647445">
        <ele>22.01</ele>
      </trkpt>
      <trkpt lat="49.01553529732342" lon="2.052571715322582">
        <ele>22.05</ele>
      </trkpt>
      <trkpt lat="49.015247035330006" lon="2.052994986097709">
        <ele>22.35</ele>
      </trkpt>
      <trkpt lat="49.01523" lon="2.05302">
        <ele>22.350531273284513</ele>
      </trkpt>
      <trkpt lat="49.015060000000005" lon="2.0533">
        <ele>22.356152739873387</ele>
      </trkpt>
      <trkpt lat="49.01495349235344" lon="2.0535044946814076">
        <ele>22.36</ele>
      </trkpt>
      <trkpt lat="49.01487071991425" lon="2.0536634177646564">
        <ele>22.320000000000004</ele>
      </trkpt>
      <trkpt lat="49.014810000000004" lon="2.05378">
        <ele>22.25968371198418</ele>
      </trkpt>
      <trkpt lat="49.01476764900538" lon="2.0538842486021562">
        <ele>22.21</ele>
      </trkpt>
      <trkpt lat="49.01467388368023" lon="2.0541150555563714">
        <ele>22.150000000000002</ele>
      </trkpt>
      <trkpt lat="49.01458011835508" lon="2.054345862510586">
        <ele>22.05</ele>
      </trkpt>
      <trkpt lat="49.014533235692504" lon="2.0544612659876935">
        <ele>22.04</ele>
      </trkpt>
      <trkpt lat="49.01443947036735" lon="2.0546920729419083">
        <ele>22.070000000000004</ele>
      </trkpt>
      <trkpt lat="49.01442" lon="2.0547400000000002">
        <ele>22.055390717550047</ele>
      </trkpt>
      <trkpt lat="49.01433696502018" lon="2.0549122206988883">
        <ele>22</ele>
      </trkpt>
      <trkpt lat="49.01420486356917" lon="2.055186208893577">
        <ele>22</ele>
      </trkpt>
      <trkpt lat="49.01415" lon="2.0553000000000003">
        <ele>21.970145551343915</ele>
      </trkpt>
      <trkpt lat="49.01400933246697" lon="2.055553201559464">
        <ele>21.900000000000002</ele>
      </trkpt>
      <trkpt lat="49.013923305153966" lon="2.055708050722869">
        <ele>21.900000000000002</ele>
      </trkpt>
      <trkpt lat="49.01380821455954" lon="2.0559152137928303">
        <ele>21.820000000000004</ele>
      </trkpt>
      <trkpt lat="49.01377973254375" lon="2.0559664814212546">
        <ele>21.85</ele>
      </trkpt>
      <trkpt lat="49.01375125052796" lon="2.0560177490496794">
        <ele>21.910000000000004</ele>
      </trkpt>
      <trkpt lat="49.01372276851217" lon="2.056069016678104">
        <ele>22</ele>
      </trkpt>
      <trkpt lat="49.01366522321496" lon="2.0561725982130845">
        <ele>22.22</ele>
      </trkpt>
      <trkpt lat="49.01363092854288" lon="2.0562343286228204">
        <ele>22.27</ele>
      </trkpt>
      <trkpt lat="49.013600000000004" lon="2.05629">
        <ele>22.205606984197996</ele>
      </trkpt>
      <trkpt lat="49.01353042576532" lon="2.05638487395639">
        <ele>22.080000000000002</ele>
      </trkpt>
      <trkpt lat="49.013490000000004" lon="2.0564400000000003">
        <ele>22.031754185856336</ele>
      </trkpt>
      <trkpt lat="49.01342" lon="2.05647">
        <ele>21.967071810302834</ele>
      </trkpt>
      <trkpt lat="49.0132776949659" lon="2.0564510259954525">
        <ele>21.84</ele>
      </trkpt>
      <trkpt lat="49.013270000000006" lon="2.0564500000000003">
        <ele>21.83636056755434</ele>
      </trkpt>
      <trkpt lat="49.01323000000001" lon="2.05647">
        <ele>21.81652642008938</ele>
      </trkpt>
      <trkpt lat="49.01320164589975" lon="2.0565441568775933">
        <ele>21.79</ele>
      </trkpt>
      <trkpt lat="49.0131" lon="2.05681">
        <ele>21.86874441844396</ele>
      </trkpt>
      <trkpt lat="49.01306272342176" lon="2.0568705744396425">
        <ele>21.890000000000004</ele>
      </trkpt>
      <trkpt lat="49.013020000000004" lon="2.05694">
        <ele>21.896943010792274</ele>
      </trkpt>
      <trkpt lat="49.01300333274008" lon="2.0569733345198546">
        <ele>21.900000000000002</ele>
      </trkpt>
      <trkpt lat="49.012930000000004" lon="2.0571200000000003">
        <ele>21.890218061867984</ele>
      </trkpt>
      <trkpt lat="49.012820000000005" lon="2.05724">
        <ele>21.879279876910765</ele>
      </trkpt>
      <trkpt lat="49.012730000000005" lon="2.0572600000000003">
        <ele>21.871924766422783</ele>
      </trkpt>
      <trkpt lat="49.01268" lon="2.05731">
        <ele>21.867089176355563</ele>
      </trkpt>
      <trkpt lat="49.01261071521221" lon="2.0573918820219386">
        <ele>21.86</ele>
      </trkpt>
      <trkpt lat="49.012504097177796" lon="2.057517885153522">
        <ele>21.810000000000002</ele>
      </trkpt>
      <trkpt lat="49.012350000000005" lon="2.0577">
        <ele>21.67992119975849</ele>
      </trkpt>
      <trkpt lat="49.012328305669335" lon="2.0577312801977157">
        <ele>21.66</ele>
      </trkpt>
      <trkpt lat="49.01219762480109" lon="2.0579197037751817">
        <ele>21.61</ele>
      </trkpt>
      <trkpt lat="49.0120996141499" lon="2.0580610214582813">
        <ele>21.61</ele>
      </trkpt>
      <trkpt lat="49.011968933281665" lon="2.058249445035747">
        <ele>21.640000000000004</ele>
      </trkpt>
      <trkpt lat="49.01192" lon="2.05832">
        <ele>21.640000000000004</ele>
      </trkpt>
      <trkpt lat="49.01178260998036" lon="2.0585466935324184">
        <ele>21.640000000000004</ele>
      </trkpt>
      <trkpt lat="49.01156899685132" lon="2.058899155195334">
        <ele>21.68</ele>
      </trkpt>
      <trkpt lat="49.01144693220615" lon="2.0591005618598577">
        <ele>21.68</ele>
      </trkpt>
      <trkpt lat="49.01132486756099" lon="2.059301968524381">
        <ele>21.640000000000004</ele>
      </trkpt>
      <trkpt lat="49.011320000000005" lon="2.05931">
        <ele>21.637341539272345</ele>
      </trkpt>
      <trkpt lat="49.01113327967811" lon="2.0595915623901537">
        <ele>21.54</ele>
      </trkpt>
      <trkpt lat="49.010690000000004" lon="2.06026">
        <ele>21.397741055951386</ele>
      </trkpt>
      <trkpt lat="49.01066352940731" lon="2.0602923529466306">
        <ele>21.39</ele>
      </trkpt>
      <trkpt lat="49.01057441640778" lon="2.060401268834937">
        <ele>21.37</ele>
      </trkpt>
      <trkpt lat="49.01046916483354" lon="2.060529909647898">
        <ele>21.400000000000002</ele>
      </trkpt>
      <trkpt lat="49.01042" lon="2.0605900000000004">
        <ele>21.438537179098283</ele>
      </trkpt>
      <trkpt lat="49.0103301659737" lon="2.0607039235976066">
        <ele>21.51</ele>
      </trkpt>
      <trkpt lat="49.010191887876516" lon="2.0608792818549286">
        <ele>21.57</ele>
      </trkpt>
      <trkpt lat="49.01008817930363" lon="2.06101080054792">
        <ele>21.59</ele>
      </trkpt>
      <trkpt lat="49.00988076215785" lon="2.0612738379339026">
        <ele>21.580000000000002</ele>
      </trkpt>
      <trkpt lat="49.009743175451156" lon="2.0614483193999384">
        <ele>21.54</ele>
      </trkpt>
      <trkpt lat="49.0095004973906" lon="2.061756073141539">
        <ele>21.44</ele>
      </trkpt>
      <trkpt lat="49.00908566309904" lon="2.062282147913505">
        <ele>21.2</ele>
      </trkpt>
      <trkpt lat="49.00887824595328" lon="2.0625451852994883">
        <ele>21.19</ele>
      </trkpt>
      <trkpt lat="49.00880910690468" lon="2.0626328644281493">
        <ele>21.210000000000004</ele>
      </trkpt>
      <trkpt lat="49.00874065924658" lon="2.0627196667655237">
        <ele>21.26</ele>
      </trkpt>
      <trkpt lat="49.008630000000004" lon="2.06286">
        <ele>21.246261529529736</ele>
      </trkpt>
      <trkpt lat="49.00859891556787" lon="2.0629480725577185">
        <ele>21.240000000000002</ele>
      </trkpt>
      <trkpt lat="49.008570000000006" lon="2.0630300000000004">
        <ele>21.249693868101165</ele>
      </trkpt>
      <trkpt lat="49.00852409630005" lon="2.0630998988158487">
        <ele>21.26</ele>
      </trkpt>
      <trkpt lat="49.00834593556851" lon="2.0633711890206885">
        <ele>21.380000000000003</ele>
      </trkpt>
      <trkpt lat="49.00818877235176" lon="2.0636105057371004">
        <ele>21.59</ele>
      </trkpt>
      <trkpt lat="49.00813" lon="2.0637000000000003">
        <ele>21.62744627723322</ele>
      </trkpt>
      <trkpt lat="49.00809077300581" lon="2.0637473429240254">
        <ele>21.650000000000002</ele>
      </trkpt>
      <trkpt lat="49.00802096720349" lon="2.063831591306126">
        <ele>21.630000000000003</ele>
      </trkpt>
      <trkpt lat="49.007881355598876" lon="2.064000088070327">
        <ele>21.5</ele>
      </trkpt>
      <trkpt lat="49.00784" lon="2.0640500000000004">
        <ele>21.484254672121843</ele>
      </trkpt>
      <trkpt lat="49.00776967697319" lon="2.064112049729541">
        <ele>21.460000000000004</ele>
      </trkpt>
      <trkpt lat="49.007670000000005" lon="2.0642">
        <ele>21.468652811769005</ele>
      </trkpt>
      <trkpt lat="49.007656257745886" lon="2.064217559546928">
        <ele>21.470000000000002</ele>
      </trkpt>
      <trkpt lat="49.007490000000004" lon="2.06443">
        <ele>21.526853276594736</ele>
      </trkpt>
      <trkpt lat="49.00745855369471" lon="2.064489582473188">
        <ele>21.54</ele>
      </trkpt>
      <trkpt lat="49.0073" lon="2.0647900000000003">
        <ele>21.52106103585846</ele>
      </trkpt>
      <trkpt lat="49.007290117946035" lon="2.0648054818845436">
        <ele>21.52</ele>
      </trkpt>
      <trkpt lat="49.007165936733436" lon="2.065000032450958">
        <ele>21.59</ele>
      </trkpt>
      <trkpt lat="49.007000000000005" lon="2.0652600000000003">
        <ele>21.598908311219873</ele>
      </trkpt>
      <trkpt lat="49.006980640301165" lon="2.0652932402376285">
        <ele>21.6</ele>
      </trkpt>
      <trkpt lat="49.0068033031407" lon="2.0655977247961688">
        <ele>21.7</ele>
      </trkpt>
      <trkpt lat="49.00674419075388" lon="2.065699219649016">
        <ele>21.69</ele>
      </trkpt>
      <trkpt lat="49.00667134518628" lon="2.0658242941141403">
        <ele>21.62</ele>
      </trkpt>
      <trkpt lat="49.00659730542904" lon="2.065951418980332">
        <ele>21.560000000000002</ele>
      </trkpt>
      <trkpt lat="49.00647000000001" lon="2.06617">
        <ele>21.508208567770783</ele>
      </trkpt>
      <trkpt lat="49.00644943034368" lon="2.0662041023249627">
        <ele>21.5</ele>
      </trkpt>
      <trkpt lat="49.00638855885197" lon="2.0663050208506943">
        <ele>21.490000000000002</ele>
      </trkpt>
      <trkpt lat="49.00629846904424" lon="2.0664543802687776">
        <ele>21.560000000000002</ele>
      </trkpt>
      <trkpt lat="49.00618159578015" lon="2.0666481438381825">
        <ele>21.41</ele>
      </trkpt>
      <trkpt lat="49.00612255043319" lon="2.066746034808143">
        <ele>21.37</ele>
      </trkpt>
      <trkpt lat="49.00609000000001" lon="2.0668">
        <ele>21.379520596895762</ele>
      </trkpt>
      <trkpt lat="49.005885186654" lon="2.067031528130272">
        <ele>21.43</ele>
      </trkpt>
      <trkpt lat="49.005860000000006" lon="2.06706">
        <ele>21.443020586635978</ele>
      </trkpt>
      <trkpt lat="49.00573765146875" lon="2.067272310686599">
        <ele>21.52</ele>
      </trkpt>
      <trkpt lat="49.00565158824057" lon="2.0674216557001985">
        <ele>21.51</ele>
      </trkpt>
      <trkpt lat="49.00556315085437" lon="2.0675751205762425">
        <ele>21.44</ele>
      </trkpt>
      <trkpt lat="49.005520000000004" lon="2.06765">
        <ele>21.39347142594706</ele>
      </trkpt>
      <trkpt lat="49.00538200055784" lon="2.0677717642136746">
        <ele>21.28</ele>
      </trkpt>
      <trkpt lat="49.00535000000001" lon="2.0678">
        <ele>21.26355451264973</ele>
      </trkpt>
      <trkpt lat="49.00529" lon="2.06782">
        <ele>21.236237207190893</ele>
      </trkpt>
      <trkpt lat="49.00525871449427" lon="2.0678486783802583">
        <ele>21.220000000000002</ele>
      </trkpt>
      <trkpt lat="49.00518241405586" lon="2.067918620448797">
        <ele>21.210000000000004</ele>
      </trkpt>
      <trkpt lat="49.005050000000004" lon="2.0680400000000003">
        <ele>21.250088428772372</ele>
      </trkpt>
      <trkpt lat="49.00494791717379" lon="2.068121666260971">
        <ele>21.28</ele>
      </trkpt>
      <trkpt lat="49.004709019732374" lon="2.068312784214102">
        <ele>21.26</ele>
      </trkpt>
      <trkpt lat="49.004650000000005" lon="2.06836">
        <ele>21.2649741711429</ele>
      </trkpt>
      <trkpt lat="49.00460270729067" lon="2.0684330887326183">
        <ele>21.27</ele>
      </trkpt>
      <trkpt lat="49.004540000000006" lon="2.06853">
        <ele>21.292630840127558</ele>
      </trkpt>
      <trkpt lat="49.00435634235339" lon="2.068731722333162">
        <ele>21.35</ele>
      </trkpt>
      <trkpt lat="49.00417903788977" lon="2.068926466580097">
        <ele>21.330000000000002</ele>
      </trkpt>
      <trkpt lat="49.003930000000004" lon="2.0692000000000004">
        <ele>21.261932005398034</ele>
      </trkpt>
      <trkpt lat="49.003922597217816" lon="2.069207002631799">
        <ele>21.26</ele>
      </trkpt>
      <trkpt lat="49.00373156018327" lon="2.069387713340153">
        <ele>21.290000000000003</ele>
      </trkpt>
      <trkpt lat="49.00356000000001" lon="2.06955">
        <ele>21.360762994106217</ele>
      </trkpt>
      <trkpt lat="49.0034574255535" lon="2.069618382964339">
        <ele>21.400000000000002</ele>
      </trkpt>
      <trkpt lat="49.00341" lon="2.06965">
        <ele>21.39424425125503</ele>
      </trkpt>
      <trkpt lat="49.00323293156124" lon="2.069843932099599">
        <ele>21.37</ele>
      </trkpt>
      <trkpt lat="49.00320000000001" lon="2.0698800000000004">
        <ele>21.38202399178374</ele>
      </trkpt>
      <trkpt lat="49.00311803215749" lon="2.0699512179615303">
        <ele>21.41</ele>
      </trkpt>
      <trkpt lat="49.003001616134725" lon="2.070052366309176">
        <ele>21.400000000000002</ele>
      </trkpt>
      <trkpt lat="49.002650024119674" lon="2.0703578478960245">
        <ele>21.26</ele>
      </trkpt>
      <trkpt lat="49.002590000000005" lon="2.0704100000000003">
        <ele>21.21006412474725</ele>
      </trkpt>
      <trkpt lat="49.002486779539055" lon="2.070471287148686">
        <ele>21.130000000000003</ele>
      </trkpt>
      <trkpt lat="49.00219348144907" lon="2.070645432889616">
        <ele>20.970000000000002</ele>
      </trkpt>
      <trkpt lat="49.00215158172193" lon="2.0706703108526057">
        <ele>20.96</ele>
      </trkpt>
      <trkpt lat="49.00206778226765" lon="2.0707200667785854">
        <ele>21</ele>
      </trkpt>
      <trkpt lat="49.00195" lon="2.07079">
        <ele>21.11244203786725</ele>
      </trkpt>
      <trkpt lat="49.00189879090789" lon="2.070813409870681">
        <ele>21.16</ele>
      </trkpt>
      <trkpt lat="49.00189879090789" lon="2.070813409870681">
        <ele>19.87</ele>
      </trkpt>
      <trkpt lat="49.00181523338418" lon="2.0708516075958023">
        <ele>19.360000000000003</ele>
      </trkpt>
      <trkpt lat="49.00173081444271" lon="2.070890199111904">
        <ele>19.080000000000002</ele>
      </trkpt>
      <trkpt lat="49.00173081444271" lon="2.070890199111904">
        <ele>21.25</ele>
      </trkpt>
      <trkpt lat="49.001701526238534" lon="2.0709035880052453">
        <ele>21.310000000000002</ele>
      </trkpt>
      <trkpt lat="49.0016" lon="2.0709500000000003">
        <ele>21.335076482161277</ele>
      </trkpt>
      <trkpt lat="49.0016" lon="2.0709400000000002">
        <ele>21.33662856920591</ele>
      </trkpt>
      <trkpt lat="49.00158607856597" lon="2.0709446404780105">
        <ele>21.34</ele>
      </trkpt>
      <trkpt lat="49.00142" lon="2.071">
        <ele>21.478996162864345</ele>
      </trkpt>
      <trkpt lat="49.001430000000006" lon="2.071">
        <ele>21.487172253508273</ele>
      </trkpt>
      <trkpt lat="49.00142660064532" lon="2.071000971244198">
        <ele>21.490000000000002</ele>
      </trkpt>
      <trkpt lat="49.00139743100722" lon="2.0710093054265104">
        <ele>21.52</ele>
      </trkpt>
      <trkpt lat="49.00135588637115" lon="2.071021175322531">
        <ele>21.53</ele>
      </trkpt>
      <trkpt lat="49.00127102924215" lon="2.0710454202165307">
        <ele>21.5</ele>
      </trkpt>
      <trkpt lat="49.00115" lon="2.0710800000000003">
        <ele>21.492435248990677</ele>
      </trkpt>
      <trkpt lat="49.00111035966272" lon="2.0710800000000003">
        <ele>21.490000000000002</ele>
      </trkpt>
      <trkpt lat="49.0011" lon="2.0710800000000003">
        <ele>21.490000000000002</ele>
      </trkpt>
      <trkpt lat="49.001090000000005" lon="2.0710800000000003">
        <ele>21.490000000000002</ele>
      </trkpt>
      <trkpt lat="49.001022170971524" lon="2.0710564072944417">
        <ele>21.490000000000002</ele>
      </trkpt>
      <trkpt lat="49.000934492510055" lon="2.071025910438279">
        <ele>21.52</ele>
      </trkpt>
      <trkpt lat="49.00086" lon="2.071">
        <ele>21.58372076061027</ele>
      </trkpt>
      <trkpt lat="49.000780000000006" lon="2.071">
        <ele>21.650437660241074</ele>
      </trkpt>
      <trkpt lat="49.00075708440743" lon="2.0710076385308596">
        <ele>21.67</ele>
      </trkpt>
      <trkpt lat="49.000690000000006" lon="2.0710300000000004">
        <ele>21.76828155251731</ele>
      </trkpt>
      <trkpt lat="49.000669695302385" lon="2.071043536465085">
        <ele>21.800000000000004</ele>
      </trkpt>
      <trkpt lat="49.00057" lon="2.07111">
        <ele>22.01113254916876</ele>
      </trkpt>
      <trkpt lat="49.0005449419606" lon="2.071113855082985">
        <ele>22.060000000000002</ele>
      </trkpt>
      <trkpt lat="49.00045546432849" lon="2.071127620872541">
        <ele>22.21</ele>
      </trkpt>
      <trkpt lat="49.000440000000005" lon="2.07113">
        <ele>22.229011188528283</ele>
      </trkpt>
      <trkpt lat="49.00036931637107" lon="2.0710946581855323">
        <ele>22.320000000000004</ele>
      </trkpt>
      <trkpt lat="49.000283864115374" lon="2.071051932057687">
        <ele>22.35</ele>
      </trkpt>
      <trkpt lat="49.000280000000004" lon="2.07105">
        <ele>22.348643412508327</ele>
      </trkpt>
      <trkpt lat="49.00021436566584" lon="2.070965612998931">
        <ele>22.320000000000004</ele>
      </trkpt>
      <trkpt lat="49.00014631023689" lon="2.0708781131617156">
        <ele>22.27</ele>
      </trkpt>
      <trkpt lat="49.00014" lon="2.07087">
        <ele>22.2683460396312</ele>
      </trkpt>
      <trkpt lat="49.00006058530077" lon="2.0708005121381703">
        <ele>22.250000000000004</ele>
      </trkpt>
      <trkpt lat="49.000060000000005" lon="2.0708">
        <ele>22.248851373872373</ele>
      </trkpt>
      <trkpt lat="48.99997753561311" lon="2.070755596099363">
        <ele>22.1</ele>
      </trkpt>
      <trkpt lat="48.99993513728077" lon="2.0707327662281063">
        <ele>22</ele>
      </trkpt>
      <trkpt lat="48.999930000000006" lon="2.07073">
        <ele>21.98392682016574</ele>
      </trkpt>
      <trkpt lat="48.99989146445848" lon="2.070726146445847">
        <ele>21.87</ele>
      </trkpt>
      <trkpt lat="48.99983" lon="2.07072">
        <ele>21.6571187492903</ele>
      </trkpt>
      <trkpt lat="48.99976135546933" lon="2.070750508680299">
        <ele>21.41</ele>
      </trkpt>
      <trkpt lat="48.99974" lon="2.0707600000000004">
        <ele>21.344376402696852</ele>
      </trkpt>
      <trkpt lat="48.999721754199214" lon="2.070778245800787">
        <ele>21.28</ele>
      </trkpt>
      <trkpt lat="48.99968490911308" lon="2.070815090886919">
        <ele>21.18</ele>
      </trkpt>
      <trkpt lat="48.99964731208642" lon="2.0708526879135842">
        <ele>21.1</ele>
      </trkpt>
      <trkpt lat="48.99961046700029" lon="2.0708895329997166">
        <ele>21.05</ele>
      </trkpt>
      <trkpt lat="48.99953602488749" lon="2.070963975112514">
        <ele>20.990000000000002</ele>
      </trkpt>
      <trkpt lat="48.999500000000005" lon="2.071">
        <ele>20.98511130366791</ele>
      </trkpt>
      <trkpt lat="48.99945739769011" lon="2.0710223154956595">
        <ele>20.98</ele>
      </trkpt>
      <trkpt lat="48.99937319798268" lon="2.071066420104313">
        <ele>21</ele>
      </trkpt>
      <trkpt lat="48.99929" lon="2.07111">
        <ele>21.059587124477087</ele>
      </trkpt>
      <trkpt lat="48.999201851287424" lon="2.0711307408735475">
        <ele>21.120000000000005</ele>
      </trkpt>
      <trkpt lat="48.999120000000005" lon="2.0711500000000003">
        <ele>21.14819156644611</ele>
      </trkpt>
      <trkpt lat="48.999114690064694" lon="2.071149734503235">
        <ele>21.150000000000002</ele>
      </trkpt>
      <trkpt lat="48.99893671996541" lon="2.0711408359982704">
        <ele>21.18</ele>
      </trkpt>
      <trkpt lat="48.998920000000005" lon="2.07114">
        <ele>21.17873457564975</ele>
      </trkpt>
      <trkpt lat="48.99882117120251" lon="2.071231026524013">
        <ele>21.17</ele>
      </trkpt>
      <trkpt lat="48.99870879425749" lon="2.07133453160495">
        <ele>21.17</ele>
      </trkpt>
      <trkpt lat="48.99855870176243" lon="2.071472774692504">
        <ele>21.11</ele>
      </trkpt>
      <trkpt lat="48.998540000000006" lon="2.0714900000000003">
        <ele>21.106671601559924</ele>
      </trkpt>
      <trkpt lat="48.9984310276358" lon="2.0715055674806004">
        <ele>21.09</ele>
      </trkpt>
      <trkpt lat="48.99833" lon="2.07152">
        <ele>21.094760753038383</ele>
      </trkpt>
      <trkpt lat="48.998218737662704" lon="2.0715054875212218">
        <ele>21.1</ele>
      </trkpt>
      <trkpt lat="48.9981" lon="2.0714900000000003">
        <ele>21.120705110806696</ele>
      </trkpt>
      <trkpt lat="48.99805066090308" lon="2.071458477799191">
        <ele>21.130000000000003</ele>
      </trkpt>
      <trkpt lat="48.99794200875898" lon="2.071389061151571">
        <ele>21.17</ele>
      </trkpt>
      <trkpt lat="48.997873997493215" lon="2.0713456095095486">
        <ele>21.17</ele>
      </trkpt>
      <trkpt lat="48.99777778643431" lon="2.071284141333029">
        <ele>21.2</ele>
      </trkpt>
      <trkpt lat="48.99774000000001" lon="2.07126">
        <ele>21.19302676839289</ele>
      </trkpt>
      <trkpt lat="48.99768" lon="2.07117">
        <ele>21.178699247272327</ele>
      </trkpt>
      <trkpt lat="48.99765000000001" lon="2.0711600000000003">
        <ele>21.173472685331497</ele>
      </trkpt>
      <trkpt lat="48.99763061251494" lon="2.0711696937425335">
        <ele>21.17</ele>
      </trkpt>
      <trkpt lat="48.99763" lon="2.07117">
        <ele>21.170238931934666</ele>
      </trkpt>
      <trkpt lat="48.997580000000006" lon="2.0711600000000003">
        <ele>21.188930271231918</ele>
      </trkpt>
      <trkpt lat="48.99749960560472" lon="2.071123822522123">
        <ele>21.220000000000002</ele>
      </trkpt>
      <trkpt lat="48.99718000000001" lon="2.07098">
        <ele>21.474223792957098</ele>
      </trkpt>
      <trkpt lat="48.997170000000004" lon="2.07098">
        <ele>21.481852544476837</ele>
      </trkpt>
      <trkpt lat="48.997084005172105" lon="2.0709431450737568">
        <ele>21.550000000000004</ele>
      </trkpt>
      <trkpt lat="48.996829475228814" lon="2.0708340608123477">
        <ele>21.7</ele>
      </trkpt>
      <trkpt lat="48.99682000000001" lon="2.07083">
        <ele>21.694642524934316</ele>
      </trkpt>
      <trkpt lat="48.99670437157805" lon="2.0707887041350137">
        <ele>21.630000000000003</ele>
      </trkpt>
      <trkpt lat="48.99662118909218" lon="2.0707589961043493">
        <ele>21.61</ele>
      </trkpt>
      <trkpt lat="48.99654" lon="2.07073">
        <ele>21.61</ele>
      </trkpt>
      <trkpt lat="48.996500000000005" lon="2.0707400000000002">
        <ele>21.61</ele>
      </trkpt>
      <trkpt lat="48.99645402780426" lon="2.070735943629788">
        <ele>21.61</ele>
      </trkpt>
      <trkpt lat="48.99615595186066" lon="2.0707096428112353">
        <ele>21.650000000000002</ele>
      </trkpt>
      <trkpt lat="48.99582" lon="2.0706800000000003">
        <ele>21.623741292673152</ele>
      </trkpt>
      <trkpt lat="48.995643910160794" lon="2.070682795076813">
        <ele>21.61</ele>
      </trkpt>
      <trkpt lat="48.99553599732908" lon="2.0706845079789042">
        <ele>21.630000000000003</ele>
      </trkpt>
      <trkpt lat="48.99540110628942" lon="2.0706866491065172">
        <ele>21.66</ele>
      </trkpt>
      <trkpt lat="48.99523204285307" lon="2.070689332653126">
        <ele>21.67</ele>
      </trkpt>
      <trkpt lat="48.99519" lon="2.0706900000000004">
        <ele>21.681688003844418</ele>
      </trkpt>
      <trkpt lat="48.99501632978876" lon="2.070699924012071">
        <ele>21.730000000000004</ele>
      </trkpt>
      <trkpt lat="48.99484467982092" lon="2.070709732581662">
        <ele>21.740000000000002</ele>
      </trkpt>
      <trkpt lat="48.994490000000006" lon="2.07073">
        <ele>21.69347787012189</ele>
      </trkpt>
      <trkpt lat="48.99438819332907" lon="2.0707520122531755">
        <ele>21.68</ele>
      </trkpt>
      <trkpt lat="48.99412" lon="2.0708100000000003">
        <ele>21.66052565731025</ele>
      </trkpt>
      <trkpt lat="48.99397640407219" lon="2.070853513917517">
        <ele>21.650000000000002</ele>
      </trkpt>
      <trkpt lat="48.993790000000004" lon="2.07091">
        <ele>21.668757017271258</ele>
      </trkpt>
      <trkpt lat="48.99368050418147" lon="2.0709579044206112">
        <ele>21.68</ele>
      </trkpt>
      <trkpt lat="48.99363" lon="2.07098">
        <ele>21.67096503829618</ele>
      </trkpt>
      <trkpt lat="48.993356298872456" lon="2.0711533440474437">
        <ele>21.62</ele>
      </trkpt>
      <trkpt lat="48.993356298872456" lon="2.0711533440474437">
        <ele>21.630000000000003</ele>
      </trkpt>
      <trkpt lat="48.993084735302595" lon="2.0713253343083595">
        <ele>21.69</ele>
      </trkpt>
      <trkpt lat="48.993030000000005" lon="2.0713600000000003">
        <ele>21.687769581895385</ele>
      </trkpt>
      <trkpt lat="48.992740000000005" lon="2.07148">
        <ele>21.67646198395575</ele>
      </trkpt>
      <trkpt lat="48.99256984354831" lon="2.0715153154899753">
        <ele>21.67</ele>
      </trkpt>
      <trkpt lat="48.992442416654306" lon="2.0715417625811834">
        <ele>21.71</ele>
      </trkpt>
      <trkpt lat="48.99227310819374" lon="2.071576902072999">
        <ele>21.79</ele>
      </trkpt>
      <trkpt lat="48.99221000000001" lon="2.07159">
        <ele>21.804909637361856</ele>
      </trkpt>
      <trkpt lat="48.992188267706084" lon="2.0715911289503337">
        <ele>21.810000000000002</ele>
      </trkpt>
      <trkpt lat="48.99180358115183" lon="2.071611112667438">
        <ele>21.76</ele>
      </trkpt>
      <trkpt lat="48.99162921388191" lon="2.0716201707074338">
        <ele>21.7</ele>
      </trkpt>
      <trkpt lat="48.991440000000004" lon="2.0716300000000003">
        <ele>21.656324013845534</ele>
      </trkpt>
      <trkpt lat="48.991196863117565" lon="2.0715961454973826">
        <ele>21.6</ele>
      </trkpt>
      <trkpt lat="48.99101237116412" lon="2.07157045674437">
        <ele>21.59</ele>
      </trkpt>
      <trkpt lat="48.99090490012327" lon="2.0715554924222266">
        <ele>21.59</ele>
      </trkpt>
      <trkpt lat="48.99077862165027" lon="2.0715379093437085">
        <ele>21.640000000000004</ele>
      </trkpt>
      <trkpt lat="48.99065" lon="2.07152">
        <ele>21.652170876657596</ele>
      </trkpt>
      <trkpt lat="48.990640000000006" lon="2.07152">
        <ele>21.65311320574809</ele>
      </trkpt>
      <trkpt lat="48.99056773224977" lon="2.071503413958962">
        <ele>21.66</ele>
      </trkpt>
      <trkpt lat="48.990400544955776" lon="2.0714650431046016">
        <ele>21.7</ele>
      </trkpt>
      <trkpt lat="48.990066170367776" lon="2.071388301395881">
        <ele>21.980000000000004</ele>
      </trkpt>
      <trkpt lat="48.990030000000004" lon="2.07138">
        <ele>22.023269278307062</ele>
      </trkpt>
      <trkpt lat="48.989982905101826" lon="2.071366196322949">
        <ele>22.080000000000002</ele>
      </trkpt>
      <trkpt lat="48.98977448495228" lon="2.071305107658426">
        <ele>22.39</ele>
      </trkpt>
      <trkpt lat="48.98973474382207" lon="2.0712934593961227">
        <ele>22.410000000000004</ele>
      </trkpt>
      <trkpt lat="48.98960315652427" lon="2.071254890705386">
        <ele>23.01</ele>
      </trkpt>
      <trkpt lat="48.98955899971292" lon="2.071241948191716">
        <ele>23.270000000000003</ele>
      </trkpt>
      <trkpt lat="48.98951484290157" lon="2.071229005678046">
        <ele>23.57</ele>
      </trkpt>
      <trkpt lat="48.98947068609023" lon="2.0712160631643757">
        <ele>23.950000000000003</ele>
      </trkpt>
      <trkpt lat="48.989450000000005" lon="2.07121">
        <ele>24.16989353749843</ele>
      </trkpt>
      <trkpt lat="48.98946041726792" lon="2.0711787481962505">
        <ele>24.41</ele>
      </trkpt>
      <trkpt lat="48.989470000000004" lon="2.0711500000000003">
        <ele>24.65939254975583</ele>
      </trkpt>
      <trkpt lat="48.98944803124197" lon="2.07113601988125">
        <ele>24.94</ele>
      </trkpt>
      <trkpt lat="48.989360000000005" lon="2.0710800000000003">
        <ele>26.17757476541735</ele>
      </trkpt>
      <trkpt lat="48.989378462507894" lon="2.0710267845361052">
        <ele>26.69</ele>
      </trkpt>
      <trkpt lat="48.989420076767225" lon="2.070906837553305">
        <ele>27.76</ele>
      </trkpt>
      <trkpt lat="48.98944109406992" lon="2.0708462582690625">
        <ele>28.26</ele>
      </trkpt>
      <trkpt lat="48.98946211137262" lon="2.07078567898482">
        <ele>28.720000000000002</ele>
      </trkpt>
      <trkpt lat="48.98950414597801" lon="2.0706645204163348">
        <ele>29.560000000000002</ele>
      </trkpt>
      <trkpt lat="48.98953" lon="2.07059">
        <ele>29.55053745881993</ele>
      </trkpt>
      <trkpt lat="48.98952701480367" lon="2.0705885074018333">
        <ele>29.550000000000004</ele>
      </trkpt>
      <trkpt lat="48.98951" lon="2.07058">
        <ele>29.622848396352065</ele>
      </trkpt>
      <trkpt lat="48.98940976821064" lon="2.0708495889506926">
        <ele>30.45</ele>
      </trkpt>
      <trkpt lat="48.98939469496812" lon="2.0708901307754104">
        <ele>30.560000000000002</ele>
      </trkpt>
      <trkpt lat="48.98939469496812" lon="2.0708901307754104">
        <ele>30.54</ele>
      </trkpt>
      <trkpt lat="48.98936499181374" lon="2.070970022018236">
        <ele>30.770000000000003</ele>
      </trkpt>
      <trkpt lat="48.989342825280616" lon="2.0710296423487033">
        <ele>30.900000000000002</ele>
      </trkpt>
      <trkpt lat="48.98929937887569" lon="2.071146498196419">
        <ele>31.12</ele>
      </trkpt>
      <trkpt lat="48.989277655673234" lon="2.071204926120277">
        <ele>31.21</ele>
      </trkpt>
      <trkpt lat="48.98925593247077" lon="2.071263354044135">
        <ele>31.27</ele>
      </trkpt>
      <trkpt lat="48.98922" lon="2.0713600000000003">
        <ele>31.286373974595065</ele>
      </trkpt>
      <trkpt lat="48.9892122360811" lon="2.0713815664413873">
        <ele>31.290000000000006</ele>
      </trkpt>
      <trkpt lat="48.98919104070982" lon="2.0714404424727446">
        <ele>31.25</ele>
      </trkpt>
      <trkpt lat="48.98916984533853" lon="2.0714993185041024">
        <ele>31.180000000000003</ele>
      </trkpt>
      <trkpt lat="48.98914821740864" lon="2.07155939608712">
        <ele>31.080000000000002</ele>
      </trkpt>
      <trkpt lat="48.98910582666606" lon="2.0716771481498353">
        <ele>30.8</ele>
      </trkpt>
      <trkpt lat="48.98906300336489" lon="2.071796101764211">
        <ele>30.44</ele>
      </trkpt>
      <trkpt lat="48.98903012891146" lon="2.0718874196903982">
        <ele>30.130000000000003</ele>
      </trkpt>
      <trkpt lat="48.98903012891146" lon="2.0718874196903982">
        <ele>30.140000000000004</ele>
      </trkpt>
      <trkpt lat="48.98893496601996" lon="2.072151761055677">
        <ele>29.27</ele>
      </trkpt>
      <trkpt lat="48.98889257527738" lon="2.072269513118392">
        <ele>28.860000000000003</ele>
      </trkpt>
      <trkpt lat="48.98887181246469" lon="2.0723271875980895">
        <ele>28.82</ele>
      </trkpt>
      <trkpt lat="48.98886" lon="2.07236">
        <ele>28.57936200109235</ele>
      </trkpt>
      <trkpt lat="48.9888278775504" lon="2.07244833673639">
        <ele>27.930000000000003</ele>
      </trkpt>
      <trkpt lat="48.98880608237231" lon="2.072508273476168">
        <ele>27.44</ele>
      </trkpt>
      <trkpt lat="48.98878428719421" lon="2.072568210215945">
        <ele>26.92</ele>
      </trkpt>
      <trkpt lat="48.988740696838" lon="2.0726880836955">
        <ele>25.800000000000004</ele>
      </trkpt>
      <trkpt lat="48.9887" lon="2.0728">
        <ele>24.69210400415593</ele>
      </trkpt>
      <trkpt lat="48.988677839697985" lon="2.072869890183273">
        <ele>24.020000000000003</ele>
      </trkpt>
      <trkpt lat="48.988658276586065" lon="2.0729315892285882">
        <ele>23.53</ele>
      </trkpt>
      <trkpt lat="48.98863871347413" lon="2.072993288273903">
        <ele>23.13</ele>
      </trkpt>
      <trkpt lat="48.9886191503622" lon="2.0730549873192174">
        <ele>22.81</ele>
      </trkpt>
      <trkpt lat="48.98859997851251" lon="2.073115452383626">
        <ele>22.54</ele>
      </trkpt>
      <trkpt lat="48.98859997851251" lon="2.073115452383626">
        <ele>23.23</ele>
      </trkpt>
      <trkpt lat="48.98857" lon="2.07321">
        <ele>23.201086792656668</ele>
      </trkpt>
      <trkpt lat="48.988580000000006" lon="2.07322">
        <ele>23.19606799590567</ele>
      </trkpt>
      <trkpt lat="48.98858691303091" lon="2.073200643513476">
        <ele>23.19</ele>
      </trkpt>
      <trkpt lat="48.9886324834697" lon="2.0730730462848364">
        <ele>22.400000000000002</ele>
      </trkpt>
      <trkpt lat="48.9886797735477" lon="2.072940634066436">
        <ele>22.22</ele>
      </trkpt>
      <trkpt lat="48.98868" lon="2.07294">
        <ele>22.217959461163105</ele>
      </trkpt>
      <trkpt lat="48.988730000000004" lon="2.0729300000000004">
        <ele>22.0007351312317</ele>
      </trkpt>
      <trkpt lat="48.98874518645515" lon="2.0728591298760013">
        <ele>21.79</ele>
      </trkpt>
      <trkpt lat="48.98879" lon="2.0726500000000003">
        <ele>20.579883797272956</ele>
      </trkpt>
      <trkpt lat="48.988761983535866" lon="2.0726297658870125">
        <ele>20.32</ele>
      </trkpt>
      <trkpt lat="48.98867502732223" lon="2.0725669641771667">
        <ele>20.07</ele>
      </trkpt>
      <trkpt lat="48.98861" lon="2.0725200000000004">
        <ele>20.0774781685533</ele>
      </trkpt>
      <trkpt lat="48.98858635882603" lon="2.072511656056246">
        <ele>20.080000000000002</ele>
      </trkpt>
      <trkpt lat="48.98852941029031" lon="2.0724915565730497">
        <ele>19.380000000000003</ele>
      </trkpt>
      <trkpt lat="48.98852941029031" lon="2.0724915565730497">
        <ele>22.44</ele>
      </trkpt>
      <trkpt lat="48.988440000000004" lon="2.07246">
        <ele>22.34322726936291</ele>
      </trkpt>
      <trkpt lat="48.988427573592425" lon="2.072457383914194">
        <ele>22.330000000000002</ele>
      </trkpt>
      <trkpt lat="48.98825652822314" lon="2.0724213743627664">
        <ele>21.720000000000002</ele>
      </trkpt>
      <trkpt lat="48.98825" lon="2.07242">
        <ele>21.702624352395905</ele>
      </trkpt>
      <trkpt lat="48.988200000000006" lon="2.0723700000000003">
        <ele>21.54494584278639</ele>
      </trkpt>
      <trkpt lat="48.98821980122164" lon="2.072379900610817">
        <ele>21.490000000000002</ele>
      </trkpt>
      <trkpt lat="48.988240000000005" lon="2.07239">
        <ele>21.455527827115077</ele>
      </trkpt>
      <trkpt lat="48.98821890897159" lon="2.0723809609878234">
        <ele>21.42</ele>
      </trkpt>
      <trkpt lat="48.98812627512673" lon="2.0723412607686">
        <ele>21.32</ele>
      </trkpt>
      <trkpt lat="48.98812627512673" lon="2.0723412607686">
        <ele>21.310000000000002</ele>
      </trkpt>
      <trkpt lat="48.9881" lon="2.07233">
        <ele>21.29683296538838</ele>
      </trkpt>
      <trkpt lat="48.987820000000006" lon="2.07212">
        <ele>21.146286056027005</ele>
      </trkpt>
      <trkpt lat="48.987770000000005" lon="2.0721100000000003">
        <ele>21.121958852194098</ele>
      </trkpt>
      <trkpt lat="48.98776" lon="2.0721100000000003">
        <ele>21.117134781358633</ele>
      </trkpt>
      <trkpt lat="48.98774528484115" lon="2.0721077361294067">
        <ele>21.11</ele>
      </trkpt>
      <trkpt lat="48.98763" lon="2.07209">
        <ele>21.08986837299451</ele>
      </trkpt>
      <trkpt lat="48.98757532219456" lon="2.07211343334519">
        <ele>21.080000000000002</ele>
      </trkpt>
      <trkpt lat="48.98756" lon="2.07212">
        <ele>21.0889386151069</ele>
      </trkpt>
      <trkpt lat="48.987500000000004" lon="2.0721700000000003">
        <ele>21.127343222710184</ele>
      </trkpt>
      <trkpt lat="48.98749725831136" lon="2.0721758750470975">
        <ele>21.130000000000003</ele>
      </trkpt>
      <trkpt lat="48.98743" lon="2.0723200000000004">
        <ele>21.15598263262285</ele>
      </trkpt>
      <trkpt lat="48.987410000000004" lon="2.07241">
        <ele>21.169942754031666</ele>
      </trkpt>
      <trkpt lat="48.987410000000004" lon="2.0725465207529528">
        <ele>21.19</ele>
      </trkpt>
      <trkpt lat="48.987410000000004" lon="2.0726">
        <ele>21.193307051179012</ele>
      </trkpt>
      <trkpt lat="48.98759728418146" lon="2.0738069425026815">
        <ele>21.27</ele>
      </trkpt>
      <trkpt lat="48.9876177721476" lon="2.0739389760623066">
        <ele>21.300000000000004</ele>
      </trkpt>
      <trkpt lat="48.987669095537555" lon="2.074269726797529">
        <ele>21.43</ele>
      </trkpt>
      <trkpt lat="48.987680000000005" lon="2.0743400000000003">
        <ele>21.39175616529969</ele>
      </trkpt>
      <trkpt lat="48.987734966054056" lon="2.074594217999988">
        <ele>21.25</ele>
      </trkpt>
      <trkpt lat="48.98776" lon="2.07471">
        <ele>21.25</ele>
      </trkpt>
      <trkpt lat="48.98781" lon="2.0748200000000003">
        <ele>21.25</ele>
      </trkpt>
      <trkpt lat="48.98781153681995" lon="2.0748326787645066">
        <ele>21.25</ele>
      </trkpt>
      <trkpt lat="48.98785" lon="2.0751500000000003">
        <ele>21.191861569654368</ele>
      </trkpt>
      <trkpt lat="48.98785211273245" lon="2.075159817991937">
        <ele>21.19</ele>
      </trkpt>
      <trkpt lat="48.9878986304369" lon="2.075375988500886">
        <ele>21.17</ele>
      </trkpt>
      <trkpt lat="48.98795299450115" lon="2.07562862150532">
        <ele>21.150000000000002</ele>
      </trkpt>
      <trkpt lat="48.988020000000006" lon="2.07594">
        <ele>21.17131117526806</ele>
      </trkpt>
      <trkpt lat="48.988020000000006" lon="2.07593">
        <ele>21.17196151376908</ele>
      </trkpt>
      <trkpt lat="48.98811657640419" lon="2.0763352421665613">
        <ele>21.2</ele>
      </trkpt>
      <trkpt lat="48.9881773603378" lon="2.076590296319349">
        <ele>21.18</ele>
      </trkpt>
      <trkpt lat="48.98829862121545" lon="2.0770991164726382">
        <ele>21.240000000000002</ele>
      </trkpt>
      <trkpt lat="48.988394708948874" lon="2.0775023081384085">
        <ele>21.25</ele>
      </trkpt>
      <trkpt lat="48.98849816443184" lon="2.077936415459063">
        <ele>21.330000000000002</ele>
      </trkpt>
      <trkpt lat="48.988530000000004" lon="2.0780700000000003">
        <ele>21.330000000000002</ele>
      </trkpt>
      <trkpt lat="48.988530000000004" lon="2.0780600000000002">
        <ele>21.330000000000002</ele>
      </trkpt>
      <trkpt lat="48.988539271925056" lon="2.0781000679618433">
        <ele>21.330000000000002</ele>
      </trkpt>
      <trkpt lat="48.98861015538453" lon="2.078406385768811">
        <ele>21.300000000000004</ele>
      </trkpt>
      <trkpt lat="48.988680739757655" lon="2.07871141109558">
        <ele>21.32</ele>
      </trkpt>
      <trkpt lat="48.988954702833055" lon="2.0798953229571078">
        <ele>21.240000000000002</ele>
      </trkpt>
      <trkpt lat="48.98904024152253" lon="2.0802649722937856">
        <ele>21.26</ele>
      </trkpt>
      <trkpt lat="48.98915808153531" lon="2.0807742094918664">
        <ele>21.18</ele>
      </trkpt>
      <trkpt lat="48.989234049462326" lon="2.0811024994622027">
        <ele>21.2</ele>
      </trkpt>
      <trkpt lat="48.98927681880707" lon="2.081287324130542">
        <ele>21.220000000000002</ele>
      </trkpt>
      <trkpt lat="48.98937" lon="2.08169">
        <ele>21.220000000000002</ele>
      </trkpt>
      <trkpt lat="48.98937" lon="2.08168">
        <ele>21.220000000000002</ele>
      </trkpt>
      <trkpt lat="48.98937718124446" lon="2.0817155642582543">
        <ele>21.220000000000002</ele>
      </trkpt>
      <trkpt lat="48.989458117342735" lon="2.082116390649736">
        <ele>21.28</ele>
      </trkpt>
      <trkpt lat="48.98947345817182" lon="2.0821923642794946">
        <ele>21.550000000000004</ele>
      </trkpt>
      <trkpt lat="48.98951419071801" lon="2.0823940873654037">
        <ele>25.85</ele>
      </trkpt>
      <trkpt lat="48.98955254279073" lon="2.082584021439799">
        <ele>26.400000000000002</ele>
      </trkpt>
      <trkpt lat="48.989576612022574" lon="2.0827032214451093">
        <ele>26.79</ele>
      </trkpt>
      <trkpt lat="48.989580000000004" lon="2.08272">
        <ele>26.845390837187</ele>
      </trkpt>
      <trkpt lat="48.989630000000005" lon="2.0827500000000003">
        <ele>27.10377533351378</ele>
      </trkpt>
      <trkpt lat="48.989630000000005" lon="2.082853390407656">
        <ele>27.430000000000003</ele>
      </trkpt>
      <trkpt lat="48.989630000000005" lon="2.0828794300677815">
        <ele>27.49</ele>
      </trkpt>
      <trkpt lat="48.989630000000005" lon="2.0828900000000004">
        <ele>27.505739626117816</ele>
      </trkpt>
      <trkpt lat="48.989650000000005" lon="2.08291">
        <ele>27.560024221307426</ele>
      </trkpt>
      <trkpt lat="48.989670000000004" lon="2.0829">
        <ele>27.60779028445218</ele>
      </trkpt>
      <trkpt lat="48.989670000000004" lon="2.0828447920927617">
        <ele>27.69</ele>
      </trkpt>
      <trkpt lat="48.989670000000004" lon="2.082776266616366">
        <ele>27.82</ele>
      </trkpt>
      <trkpt lat="48.989670000000004" lon="2.0826800000000003">
        <ele>28.035024936029462</ele>
      </trkpt>
      <trkpt lat="48.989658693988886" lon="2.08264608196664">
        <ele>28.12</ele>
      </trkpt>
      <trkpt lat="48.98964" lon="2.08259">
        <ele>28.275059072492667</ele>
      </trkpt>
      <trkpt lat="48.98964" lon="2.08258">
        <ele>28.299709615547947</ele>
      </trkpt>
      <trkpt lat="48.98961171380911" lon="2.082457426506138">
        <ele>28.62</ele>
      </trkpt>
      <trkpt lat="48.989610000000006" lon="2.08245">
        <ele>28.63608353920406</ele>
      </trkpt>
      <trkpt lat="48.989580000000004" lon="2.0824200000000004">
        <ele>28.747801266483396</ele>
      </trkpt>
      <trkpt lat="48.989576354324115" lon="2.0824221874055358">
        <ele>28.76</ele>
      </trkpt>
      <trkpt lat="48.98949434798603" lon="2.082471391208382">
        <ele>29</ele>
      </trkpt>
      <trkpt lat="48.98941150484859" lon="2.082521097090849">
        <ele>29.18</ele>
      </trkpt>
      <trkpt lat="48.98932866171115" lon="2.082570802973316">
        <ele>29.290000000000003</ele>
      </trkpt>
      <trkpt lat="48.98928765854211" lon="2.082595404874739">
        <ele>29.310000000000002</ele>
      </trkpt>
      <trkpt lat="48.98921067300024" lon="2.08264159619986">
        <ele>29.27</ele>
      </trkpt>
      <trkpt lat="48.98916297543626" lon="2.08267021473825">
        <ele>29.220000000000002</ele>
      </trkpt>
      <trkpt lat="48.98908013229881" lon="2.082719920620717">
        <ele>29.040000000000003</ele>
      </trkpt>
      <trkpt lat="48.988998125960734" lon="2.0827691244235633">
        <ele>28.790000000000003</ele>
      </trkpt>
      <trkpt lat="48.98895628599233" lon="2.082794228404607">
        <ele>28.64</ele>
      </trkpt>
      <trkpt lat="48.98887427965425" lon="2.0828434322074534">
        <ele>28.26</ele>
      </trkpt>
      <trkpt lat="48.98883000000001" lon="2.08287">
        <ele>28.027688063048803</ele>
      </trkpt>
      <trkpt lat="48.988668855028045" lon="2.0829685828063758">
        <ele>27.180000000000003</ele>
      </trkpt>
      <trkpt lat="48.988503607667894" lon="2.0830696753090567">
        <ele>26.36</ele>
      </trkpt>
      <trkpt lat="48.98838760068274" lon="2.0831406442882114">
        <ele>26.1</ele>
      </trkpt>
      <trkpt lat="48.98827159369759" lon="2.0832116132673657">
        <ele>25.730000000000004</ele>
      </trkpt>
      <trkpt lat="48.988188970017504" lon="2.083262159518706">
        <ele>25.380000000000003</ele>
      </trkpt>
      <trkpt lat="48.98806545178871" lon="2.083337723611619">
        <ele>24.810000000000002</ele>
      </trkpt>
      <trkpt lat="48.987982828108635" lon="2.0833882698629593">
        <ele>24.450000000000003</ele>
      </trkpt>
      <trkpt lat="48.98798000000001" lon="2.08339">
        <ele>24.438935019604024</ele>
      </trkpt>
      <trkpt lat="48.98793906872807" lon="2.0833940931271937">
        <ele>24.290000000000003</ele>
      </trkpt>
      <trkpt lat="48.987880000000004" lon="2.0834">
        <ele>24.117132458182947</ele>
      </trkpt>
      <trkpt lat="48.98787073810804" lon="2.083443222162461">
        <ele>24.03</ele>
      </trkpt>
      <trkpt lat="48.98785" lon="2.08354">
        <ele>23.887429510122182</ele>
      </trkpt>
      <trkpt lat="48.987832816289284" lon="2.083561479638398">
        <ele>23.840000000000003</ele>
      </trkpt>
      <trkpt lat="48.987770000000005" lon="2.0836400000000004">
        <ele>23.731590634195996</ele>
      </trkpt>
      <trkpt lat="48.98771987191139" lon="2.0836691442375663">
        <ele>23.66</ele>
      </trkpt>
      <trkpt lat="48.98771987191139" lon="2.0836691442375663">
        <ele>23.680000000000003</ele>
      </trkpt>
      <trkpt lat="48.98750476907014" lon="2.0837942040289876">
        <ele>23.450000000000003</ele>
      </trkpt>
      <trkpt lat="48.98742242501373" lon="2.0838420784803917">
        <ele>23.4</ele>
      </trkpt>
      <trkpt lat="48.98734" lon="2.0838900000000002">
        <ele>23.36468531414496</ele>
      </trkpt>
      <trkpt lat="48.98700305620725" lon="2.0840893188633216">
        <ele>23.22</ele>
      </trkpt>
      <trkpt lat="48.986630000000005" lon="2.0843100000000003">
        <ele>22.78696749722489</ele>
      </trkpt>
      <trkpt lat="48.98650200924435" lon="2.0843792409006032">
        <ele>22.64</ele>
      </trkpt>
      <trkpt lat="48.98641725937477" lon="2.0844250891907024">
        <ele>22.590000000000003</ele>
      </trkpt>
      <trkpt lat="48.98629098206909" lon="2.08449340314295">
        <ele>22.55</ele>
      </trkpt>
      <trkpt lat="48.98620707969822" lon="2.0845387929501484">
        <ele>22.56</ele>
      </trkpt>
      <trkpt lat="48.98608080239255" lon="2.0846071069023964">
        <ele>22.650000000000002</ele>
      </trkpt>
      <trkpt lat="48.985996052522964" lon="2.084652955192495">
        <ele>22.76</ele>
      </trkpt>
      <trkpt lat="48.98578587284642" lon="2.084766658951941">
        <ele>23.12</ele>
      </trkpt>
      <trkpt lat="48.98546128084593" lon="2.0849422579030206">
        <ele>23.3</ele>
      </trkpt>
      <trkpt lat="48.98541" lon="2.08497">
        <ele>23.35390121962177</ele>
      </trkpt>
      <trkpt lat="48.98536000000001" lon="2.0851">
        <ele>23.451849774622183</ele>
      </trkpt>
      <trkpt lat="48.98537" lon="2.08522">
        <ele>23.530480574821212</ele>
      </trkpt>
      <trkpt lat="48.985358288208204" lon="2.0853410218485955">
        <ele>23.610000000000003</ele>
      </trkpt>
      <trkpt lat="48.98534215065553" lon="2.0855077765594823">
        <ele>23.69</ele>
      </trkpt>
      <trkpt lat="48.98534" lon="2.0855300000000003">
        <ele>23.68933634657286</ele>
      </trkpt>
      <trkpt lat="48.9853" lon="2.0856600000000003">
        <ele>23.68509452640314</ele>
      </trkpt>
      <trkpt lat="48.98519169300415" lon="2.08570998784424">
        <ele>23.680000000000003</ele>
      </trkpt>
      <trkpt lat="48.985170000000004" lon="2.0857200000000002">
        <ele>23.684657764304703</ele>
      </trkpt>
      <trkpt lat="48.98501" lon="2.08576">
        <ele>23.717976292344375</ele>
      </trkpt>
      <trkpt lat="48.985060000000004" lon="2.08604">
        <ele>23.757109053564456</ele>
      </trkpt>
      <trkpt lat="48.985048102856325" lon="2.0861338552446185">
        <ele>23.770000000000003</ele>
      </trkpt>
      <trkpt lat="48.985029853177366" lon="2.0862778249341267">
        <ele>23.78</ele>
      </trkpt>
      <trkpt lat="48.985012967960394" lon="2.0864110305346997">
        <ele>23.82</ele>
      </trkpt>
      <trkpt lat="48.98499608274342" lon="2.086544236135273">
        <ele>23.900000000000002</ele>
      </trkpt>
      <trkpt lat="48.98497919752644" lon="2.0866774417358465">
        <ele>24.03</ele>
      </trkpt>
      <trkpt lat="48.984970000000004" lon="2.0867500000000003">
        <ele>24.147419891027198</ele>
      </trkpt>
      <trkpt lat="48.98493287587432" lon="2.087009868879741">
        <ele>24.57</ele>
      </trkpt>
      <trkpt lat="48.98491393829535" lon="2.0871424319325893">
        <ele>24.71</ele>
      </trkpt>
      <trkpt lat="48.9849" lon="2.08724">
        <ele>24.733098491096783</ele>
      </trkpt>
      <trkpt lat="48.9849" lon="2.08758">
        <ele>24.811749019047845</ele>
      </trkpt>
      <trkpt lat="48.984915371383636" lon="2.0876068999213517">
        <ele>24.82</ele>
      </trkpt>
      <trkpt lat="48.98498000000001" lon="2.08772">
        <ele>24.872907266196915</ele>
      </trkpt>
      <trkpt lat="48.98487329691956" lon="2.088072940958384">
        <ele>25.01</ele>
      </trkpt>
      <trkpt lat="48.98485" lon="2.08815">
        <ele>25.047776821858125</ele>
      </trkpt>
      <trkpt lat="48.98465892632056" lon="2.088281363154617">
        <ele>25.19</ele>
      </trkpt>
      <trkpt lat="48.98453842319506" lon="2.0883642090533994">
        <ele>25.240000000000002</ele>
      </trkpt>
      <trkpt lat="48.98453000000001" lon="2.0883700000000003">
        <ele>25.239651683646507</ele>
      </trkpt>
      <trkpt lat="48.98445" lon="2.0884">
        <ele>25.23654625783231</ele>
      </trkpt>
      <trkpt lat="48.98427640493515" lon="2.0884078906847656">
        <ele>25.23</ele>
      </trkpt>
      <trkpt lat="48.98416403962241" lon="2.088412998198982">
        <ele>25.17</ele>
      </trkpt>
      <trkpt lat="48.984010000000005" lon="2.08842">
        <ele>25.105335738879404</ele>
      </trkpt>
      <trkpt lat="48.98391" lon="2.0884400000000003">
        <ele>25.06301552913199</ele>
      </trkpt>
      <trkpt lat="48.983880956441574" lon="2.0884565963191">
        <ele>25.05</ele>
      </trkpt>
      <trkpt lat="48.98379843473546" lon="2.088503751579741">
        <ele>25.030000000000005</ele>
      </trkpt>
      <trkpt lat="48.98377000000001" lon="2.0885200000000004">
        <ele>25.039816318179117</ele>
      </trkpt>
      <trkpt lat="48.98351540300749" lon="2.0886938711168437">
        <ele>25.130000000000003</ele>
      </trkpt>
      <trkpt lat="48.98339476498778" lon="2.088776258057133">
        <ele>25.150000000000002</ele>
      </trkpt>
      <trkpt lat="48.983360000000005" lon="2.0888">
        <ele>25.10647752150409</ele>
      </trkpt>
      <trkpt lat="48.98324" lon="2.0887700000000002">
        <ele>24.967555103414877</ele>
      </trkpt>
      <trkpt lat="48.983200000000004" lon="2.08873">
        <ele>24.91289657620054</ele>
      </trkpt>
      <trkpt lat="48.98317506801653" lon="2.088655204049582">
        <ele>24.85</ele>
      </trkpt>
      <trkpt lat="48.983160000000005" lon="2.08861">
        <ele>24.82483073550482</ele>
      </trkpt>
      <trkpt lat="48.98313282400255" lon="2.088465061346945">
        <ele>24.75</ele>
      </trkpt>
      <trkpt lat="48.98313" lon="2.0884500000000004">
        <ele>24.748821566157517</ele>
      </trkpt>
      <trkpt lat="48.98305744291585" lon="2.0884890691991576">
        <ele>24.740000000000002</ele>
      </trkpt>
      <trkpt lat="48.983000000000004" lon="2.0885200000000004">
        <ele>24.753825409549332</ele>
      </trkpt>
      <trkpt lat="48.982982536122016" lon="2.088551793213768">
        <ele>24.76</ele>
      </trkpt>
      <trkpt lat="48.98287055671035" lon="2.088755653168338">
        <ele>24.900000000000002</ele>
      </trkpt>
      <trkpt lat="48.9827920556795" lon="2.088898565301439">
        <ele>24.78</ele>
      </trkpt>
      <trkpt lat="48.98273952925443" lon="2.0889941903316753">
        <ele>24.73</ele>
      </trkpt>
      <trkpt lat="48.98268700282937" lon="2.0890898153619117">
        <ele>24.720000000000002</ele>
      </trkpt>
      <trkpt lat="48.982634476404314" lon="2.089185440392148">
        <ele>24.76</ele>
      </trkpt>
      <trkpt lat="48.98261" lon="2.08923">
        <ele>24.726698096438806</ele>
      </trkpt>
      <trkpt lat="48.98255" lon="2.0891800000000003">
        <ele>24.66697857128723</ele>
      </trkpt>
      <trkpt lat="48.98248530663404" lon="2.0891670613268083">
        <ele>24.610000000000003</ele>
      </trkpt>
      <trkpt lat="48.98235690558367" lon="2.0891413811167343">
        <ele>24.580000000000002</ele>
      </trkpt>
      <trkpt lat="48.98225" lon="2.0891200000000003">
        <ele>24.623075376675324</ele>
      </trkpt>
      <trkpt lat="48.98222646092523" lon="2.0890663309095197">
        <ele>24.64</ele>
      </trkpt>
      <trkpt lat="48.98222646092523" lon="2.0890663309095197">
        <ele>24.650000000000002</ele>
      </trkpt>
      <trkpt lat="48.98219098256781" lon="2.0889854402546026">
        <ele>24.71</ele>
      </trkpt>
      <trkpt lat="48.982166997199414" lon="2.088930753614659">
        <ele>24.77</ele>
      </trkpt>
      <trkpt lat="48.98214301183102" lon="2.088876066974715">
        <ele>24.860000000000003</ele>
      </trkpt>
      <trkpt lat="48.98211902646263" lon="2.088821380334771">
        <ele>24.98</ele>
      </trkpt>
      <trkpt lat="48.982095041094226" lon="2.088766693694827">
        <ele>25.130000000000003</ele>
      </trkpt>
      <trkpt lat="48.98204707035743" lon="2.088657320414939">
        <ele>25.470000000000002</ele>
      </trkpt>
      <trkpt lat="48.982000000000006" lon="2.08855">
        <ele>25.837961495197362</ele>
      </trkpt>
      <trkpt lat="48.982000000000006" lon="2.08854">
        <ele>25.866468055803246</ele>
      </trkpt>
      <trkpt lat="48.98195365781242" lon="2.0884380471873136">
        <ele>26.220000000000002</ele>
      </trkpt>
      <trkpt lat="48.9819" lon="2.08832">
        <ele>26.409206440204066</ele>
      </trkpt>
      <trkpt lat="48.98186836354701" lon="2.0882962726602514">
        <ele>26.480000000000004</ele>
      </trkpt>
      <trkpt lat="48.981820000000006" lon="2.08826">
        <ele>26.56116809879423</ele>
      </trkpt>
      <trkpt lat="48.98178757000303" lon="2.08826">
        <ele>26.61</ele>
      </trkpt>
      <trkpt lat="48.98171832218088" lon="2.08826">
        <ele>27.03</ele>
      </trkpt>
      <trkpt lat="48.98162928926669" lon="2.08826">
        <ele>26.94</ele>
      </trkpt>
      <trkpt lat="48.98158522247078" lon="2.08826">
        <ele>26.87</ele>
      </trkpt>
      <trkpt lat="48.98149529023423" lon="2.08826">
        <ele>26.680000000000003</ele>
      </trkpt>
      <trkpt lat="48.981480000000005" lon="2.08826">
        <ele>26.643239026234287</ele>
      </trkpt>
      <trkpt lat="48.98142000000001" lon="2.08822">
        <ele>26.485782819340812</ele>
      </trkpt>
      <trkpt lat="48.981388294903844" lon="2.0882834101923176">
        <ele>26.36</ele>
      </trkpt>
      <trkpt lat="48.98133379496529" lon="2.0883924100694418">
        <ele>26.17</ele>
      </trkpt>
      <trkpt lat="48.98133000000001" lon="2.0884">
        <ele>26.158488180537827</ele>
      </trkpt>
      <trkpt lat="48.98129" lon="2.0883800000000003">
        <ele>26.081098193566035</ele>
      </trkpt>
      <trkpt lat="48.98111575914463" lon="2.0883986686630753">
        <ele>25.76</ele>
      </trkpt>
      <trkpt lat="48.981010000000005" lon="2.08841">
        <ele>25.578023549713627</ele>
      </trkpt>
      <trkpt lat="48.980848514390686" lon="2.0883907755227">
        <ele>25.300000000000004</ele>
      </trkpt>
      <trkpt lat="48.98059000000001" lon="2.08836">
        <ele>24.76605422560055</ele>
      </trkpt>
      <trkpt lat="48.98058244064493" lon="2.088357092555742">
        <ele>24.75</ele>
      </trkpt>
      <trkpt lat="48.98046" lon="2.0883100000000003">
        <ele>24.55209488860803</ele>
      </trkpt>
      <trkpt lat="48.98045297366955" lon="2.088305135617384">
        <ele>24.540000000000003</ele>
      </trkpt>
      <trkpt lat="48.980330977556875" lon="2.088220676770141">
        <ele>24.400000000000002</ele>
      </trkpt>
      <trkpt lat="48.98033" lon="2.08822">
        <ele>24.399515970486803</ele>
      </trkpt>
      <trkpt lat="48.98022825693355" lon="2.0880918037362717">
        <ele>24.34</ele>
      </trkpt>
      <trkpt lat="48.98015271513233" lon="2.087996621066731">
        <ele>24.360000000000003</ele>
      </trkpt>
      <trkpt lat="48.98015271513233" lon="2.087996621066731">
        <ele>24.37</ele>
      </trkpt>
      <trkpt lat="48.980128458590656" lon="2.0879660578242176">
        <ele>24.380000000000003</ele>
      </trkpt>
      <trkpt lat="48.980025888071566" lon="2.087836818970162">
        <ele>24.5</ele>
      </trkpt>
      <trkpt lat="48.97989490274651" lon="2.0876717774605913">
        <ele>24.290000000000003</ele>
      </trkpt>
      <trkpt lat="48.97988242795364" lon="2.0876560592215845">
        <ele>24.16</ele>
      </trkpt>
      <trkpt lat="48.97983530095839" lon="2.087596679207559">
        <ele>23.98</ele>
      </trkpt>
      <trkpt lat="48.97983000000001" lon="2.08759">
        <ele>23.948323133191778</ele>
      </trkpt>
      <trkpt lat="48.97983000000001" lon="2.08758">
        <ele>23.91809910414564</ele>
      </trkpt>
      <trkpt lat="48.979759666127116" lon="2.0875377996762667">
        <ele>23.57</ele>
      </trkpt>
      <trkpt lat="48.97971866400179" lon="2.0875131984010706">
        <ele>23.4</ele>
      </trkpt>
      <trkpt lat="48.97968" lon="2.0874900000000003">
        <ele>23.27062375419708</ele>
      </trkpt>
      <trkpt lat="48.979677568423256" lon="2.087486352634874">
        <ele>23.26</ele>
      </trkpt>
      <trkpt lat="48.97966" lon="2.08746">
        <ele>23.198459447488986</ele>
      </trkpt>
      <trkpt lat="48.97964067156848" lon="2.0874572387954977">
        <ele>23.15</ele>
      </trkpt>
      <trkpt lat="48.979551132048925" lon="2.08744444743556">
        <ele>22.990000000000002</ele>
      </trkpt>
      <trkpt lat="48.97952" lon="2.08744">
        <ele>22.947855685337395</ele>
      </trkpt>
      <trkpt lat="48.979512724147845" lon="2.087527310225881">
        <ele>22.87</ele>
      </trkpt>
      <trkpt lat="48.979510000000005" lon="2.0875600000000003">
        <ele>22.852995888899564</ele>
      </trkpt>
      <trkpt lat="48.97948" lon="2.0876300000000003">
        <ele>22.80985531129269</ele>
      </trkpt>
      <trkpt lat="48.979393496003425" lon="2.087711097496789">
        <ele>22.73</ele>
      </trkpt>
      <trkpt lat="48.97932" lon="2.08778">
        <ele>22.676691555871926</ele>
      </trkpt>
      <trkpt lat="48.97926438722086" lon="2.0878912255582778">
        <ele>22.62</ele>
      </trkpt>
      <trkpt lat="48.97918318461137" lon="2.0880536307772695">
        <ele>22.590000000000003</ele>
      </trkpt>
      <trkpt lat="48.97907527778801" lon="2.0882694444239833">
        <ele>22.6</ele>
      </trkpt>
      <trkpt lat="48.97898208553148" lon="2.088455828937054">
        <ele>22.54</ele>
      </trkpt>
      <trkpt lat="48.978970000000004" lon="2.08848">
        <ele>22.53669015822098</ele>
      </trkpt>
      <trkpt lat="48.978950000000005" lon="2.0885800000000003">
        <ele>22.52530293581352</ele>
      </trkpt>
      <trkpt lat="48.97894709113359" lon="2.0886284811069293">
        <ele>22.520000000000003</ele>
      </trkpt>
      <trkpt lat="48.97893898585775" lon="2.0887635690374573">
        <ele>22.55</ele>
      </trkpt>
      <trkpt lat="48.97893120806782" lon="2.0888931988697825">
        <ele>22.7</ele>
      </trkpt>
      <trkpt lat="48.97892048290485" lon="2.089071951585936">
        <ele>22.88</ele>
      </trkpt>
      <trkpt lat="48.97892" lon="2.08908">
        <ele>22.88489262272931</ele>
      </trkpt>
      <trkpt lat="48.978901427935526" lon="2.0893678669993516">
        <ele>23.06</ele>
      </trkpt>
      <trkpt lat="48.978901427935526" lon="2.0893678669993516">
        <ele>23.080000000000002</ele>
      </trkpt>
      <trkpt lat="48.9789" lon="2.0893900000000003">
        <ele>23.09585334543521</ele>
      </trkpt>
      <trkpt lat="48.97885600366283" lon="2.089653978023013">
        <ele>23.290000000000003</ele>
      </trkpt>
      <trkpt lat="48.97885" lon="2.08969">
        <ele>23.293665364162372</ele>
      </trkpt>
      <trkpt lat="48.97881" lon="2.0896500000000002">
        <ele>23.300854874608156</ele>
      </trkpt>
      <trkpt lat="48.97875074547342" lon="2.08962883766908">
        <ele>23.31</ele>
      </trkpt>
      <trkpt lat="48.97867" lon="2.0896000000000003">
        <ele>23.360000000000003</ele>
      </trkpt>
      <trkpt lat="48.97867" lon="2.0896000000000003">
        <ele>23.360000000000003</ele>
      </trkpt>
      <trkpt lat="48.97867" lon="2.0896000000000003">
        <ele>23.37</ele>
      </trkpt>
      <trkpt lat="48.97865" lon="2.0896000000000003">
        <ele>23.383749467118175</ele>
      </trkpt>
      <trkpt lat="48.97850017378821" lon="2.089533410572538">
        <ele>23.49</ele>
      </trkpt>
      <trkpt lat="48.97847" lon="2.0895200000000003">
        <ele>23.5042653324276</ele>
      </trkpt>
      <trkpt lat="48.97834" lon="2.0894000000000004">
        <ele>23.573250527291968</ele>
      </trkpt>
      <trkpt lat="48.978304935142674" lon="2.0893824675713337">
        <ele>23.590000000000003</ele>
      </trkpt>
      <trkpt lat="48.978280000000005" lon="2.08937">
        <ele>23.660981927834776</ele>
      </trkpt>
      <trkpt lat="48.978280000000005" lon="2.08936">
        <ele>23.67873436510214</ele>
      </trkpt>
      <trkpt lat="48.97812126553799" lon="2.0892817199913365">
        <ele>24.130000000000003</ele>
      </trkpt>
      <trkpt lat="48.97792618470798" lon="2.0891855157464025">
        <ele>24.740000000000002</ele>
      </trkpt>
      <trkpt lat="48.97784318979346" lon="2.0891445867474614">
        <ele>24.94</ele>
      </trkpt>
      <trkpt lat="48.97780212014504" lon="2.0891243332222125">
        <ele>25.02</ele>
      </trkpt>
      <trkpt lat="48.97771912523052" lon="2.0890834042232718">
        <ele>25.130000000000003</ele>
      </trkpt>
      <trkpt lat="48.97755" lon="2.089">
        <ele>25.32684430431056</ele>
      </trkpt>
      <trkpt lat="48.977511197605885" lon="2.0889944568008407">
        <ele>25.370000000000005</ele>
      </trkpt>
      <trkpt lat="48.977511197605885" lon="2.0889944568008407">
        <ele>25.380000000000003</ele>
      </trkpt>
      <trkpt lat="48.97743240285774" lon="2.088983200408248">
        <ele>25.470000000000002</ele>
      </trkpt>
      <trkpt lat="48.977410000000006" lon="2.0889800000000003">
        <ele>25.488435853827454</ele>
      </trkpt>
      <trkpt lat="48.97734706549941" lon="2.0889800000000003">
        <ele>25.540000000000003</ele>
      </trkpt>
      <trkpt lat="48.97721576443404" lon="2.0889800000000003">
        <ele>25.6</ele>
      </trkpt>
      <trkpt lat="48.977070000000005" lon="2.0889800000000003">
        <ele>25.898231834213494</ele>
      </trkpt>
      <trkpt lat="48.97706" lon="2.0889800000000003">
        <ele>25.91869168344089</ele>
      </trkpt>
      <trkpt lat="48.97699093384265" lon="2.0889800000000003">
        <ele>26.060000000000002</ele>
      </trkpt>
      <trkpt lat="48.9769" lon="2.0889800000000003">
        <ele>26.18850574918455</ele>
      </trkpt>
      <trkpt lat="48.97673491186569" lon="2.0890812540557095">
        <ele>26.44</ele>
      </trkpt>
      <trkpt lat="48.976651486099044" lon="2.0891324218592526">
        <ele>26.53</ele>
      </trkpt>
      <trkpt lat="48.97660977321573" lon="2.089158005761024">
        <ele>26.560000000000002</ele>
      </trkpt>
      <trkpt lat="48.9765680603324" lon="2.0891835896627957">
        <ele>26.560000000000002</ele>
      </trkpt>
      <trkpt lat="48.97648546882342" lon="2.089234245788303">
        <ele>26.51</ele>
      </trkpt>
      <trkpt lat="48.97631861729013" lon="2.089336581395389">
        <ele>26.36</ele>
      </trkpt>
      <trkpt lat="48.976194312897825" lon="2.089412821422668">
        <ele>26.36</ele>
      </trkpt>
      <trkpt lat="48.976150000000004" lon="2.08944">
        <ele>26.402493248410554</ele>
      </trkpt>
      <trkpt lat="48.97607271545098" lon="2.0895012946423304">
        <ele>26.480000000000004</ele>
      </trkpt>
      <trkpt lat="48.975860000000004" lon="2.0896700000000004">
        <ele>26.822847018936876</ele>
      </trkpt>
      <trkpt lat="48.97579608894857" lon="2.089729650314668">
        <ele>26.930000000000003</ele>
      </trkpt>
      <trkpt lat="48.97572016979307" lon="2.089800508193138">
        <ele>27.03</ele>
      </trkpt>
      <trkpt lat="48.97571000000001" lon="2.0898100000000004">
        <ele>27.033536426810617</ele>
      </trkpt>
      <trkpt lat="48.975614931996006" lon="2.0899288350050016">
        <ele>27.070000000000004</ele>
      </trkpt>
      <trkpt lat="48.975575997737266" lon="2.0899775028284244">
        <ele>27.06</ele>
      </trkpt>
      <trkpt lat="48.97547" lon="2.09011">
        <ele>27.026307430937102</ele>
      </trkpt>
      <trkpt lat="48.97544718747364" lon="2.0901279241278563">
        <ele>27.020000000000003</ele>
      </trkpt>
      <trkpt lat="48.975190000000005" lon="2.0903300000000002">
        <ele>27.010480134426984</ele>
      </trkpt>
      <trkpt lat="48.97507" lon="2.09051">
        <ele>27.004940054688884</ele>
      </trkpt>
      <trkpt lat="48.974973379449324" lon="2.0906851247481093">
        <ele>27.000000000000004</ele>
      </trkpt>
      <trkpt lat="48.974917249740976" lon="2.0907868598444783">
        <ele>27.05</ele>
      </trkpt>
      <trkpt lat="48.97491" lon="2.0908">
        <ele>27.062180552344156</ele>
      </trkpt>
      <trkpt lat="48.97485436917669" lon="2.090958945209477">
        <ele>27.19</ele>
      </trkpt>
      <trkpt lat="48.97484000000001" lon="2.091">
        <ele>27.22973860541929</ele>
      </trkpt>
      <trkpt lat="48.974807919444416" lon="2.0912053155557686">
        <ele>27.410000000000004</ele>
      </trkpt>
      <trkpt lat="48.974790000000006" lon="2.09132">
        <ele>27.461343123170618</ele>
      </trkpt>
      <trkpt lat="48.97482518401163" lon="2.0918653521801573">
        <ele>27.700000000000003</ele>
      </trkpt>
      <trkpt lat="48.974830000000004" lon="2.09194">
        <ele>27.712963530887816</ele>
      </trkpt>
      <trkpt lat="48.974720000000005" lon="2.09228">
        <ele>27.778475848674738</ele>
      </trkpt>
      <trkpt lat="48.974700000000006" lon="2.0924400000000003">
        <ele>27.80662561516553</ele>
      </trkpt>
      <trkpt lat="48.97473109975812" lon="2.0925666746245097">
        <ele>27.83</ele>
      </trkpt>
      <trkpt lat="48.974807658379206" lon="2.092878510959194">
        <ele>27.91</ele>
      </trkpt>
      <trkpt lat="48.974853341507014" lon="2.0930645861383264">
        <ele>27.92</ele>
      </trkpt>
      <trkpt lat="48.97489996980299" lon="2.0932545111487513">
        <ele>27.87</ele>
      </trkpt>
      <trkpt lat="48.97494911854739" lon="2.093454702375956">
        <ele>27.750000000000004</ele>
      </trkpt>
      <trkpt lat="48.97494911854739" lon="2.093454702375956">
        <ele>27.76</ele>
      </trkpt>
      <trkpt lat="48.975010869533946" lon="2.093706224687059">
        <ele>27.66</ele>
      </trkpt>
      <trkpt lat="48.97504174502723" lon="2.0938319858426104">
        <ele>27.630000000000003</ele>
      </trkpt>
      <trkpt lat="48.97511" lon="2.09411">
        <ele>27.608005695256306</ele>
      </trkpt>
      <trkpt lat="48.97511" lon="2.0941">
        <ele>27.607264711667717</ele>
      </trkpt>
      <trkpt lat="48.97516272555388" lon="2.094318713408671">
        <ele>27.590000000000003</ele>
      </trkpt>
      <trkpt lat="48.975282093114814" lon="2.094813867735521">
        <ele>27.700000000000003</ele>
      </trkpt>
      <trkpt lat="48.97538" lon="2.0952200000000003">
        <ele>27.692065773912358</ele>
      </trkpt>
      <trkpt lat="48.97542083207421" lon="2.095313913770661">
        <ele>27.69</ele>
      </trkpt>
      <trkpt lat="48.975480000000005" lon="2.09545">
        <ele>27.674220115793428</ele>
      </trkpt>
      <trkpt lat="48.97549864568775" lon="2.0954831478893348">
        <ele>27.67</ele>
      </trkpt>
      <trkpt lat="48.975557166061066" lon="2.0955871841085623">
        <ele>27.630000000000003</ele>
      </trkpt>
      <trkpt lat="48.975660000000005" lon="2.0957700000000004">
        <ele>27.535967457776493</ele>
      </trkpt>
      <trkpt lat="48.97574045368785" lon="2.0958862108824383">
        <ele>27.470000000000002</ele>
      </trkpt>
      <trkpt lat="48.97583834773008" lon="2.0960276133878883">
        <ele>27.430000000000003</ele>
      </trkpt>
      <trkpt lat="48.97590361042491" lon="2.0961218817248546">
        <ele>27.430000000000003</ele>
      </trkpt>
      <trkpt lat="48.97603413581455" lon="2.096310418398788">
        <ele>27.49</ele>
      </trkpt>
      <trkpt lat="48.976110000000006" lon="2.09642">
        <ele>27.554094620679205</ele>
      </trkpt>
      <trkpt lat="48.97626126137087" lon="2.0967314204694394">
        <ele>27.71</ele>
      </trkpt>
      <trkpt lat="48.97628" lon="2.0967700000000002">
        <ele>27.715615785876047</ele>
      </trkpt>
      <trkpt lat="48.9763" lon="2.0969800000000003">
        <ele>27.74044525854965</ele>
      </trkpt>
      <trkpt lat="48.97621897658925" lon="2.097385117053769">
        <ele>27.790000000000003</ele>
      </trkpt>
      <trkpt lat="48.97615344438793" lon="2.0977127780603335">
        <ele>27.8</ele>
      </trkpt>
      <trkpt lat="48.97612723150741" lon="2.0978438424629595">
        <ele>27.83</ele>
      </trkpt>
      <trkpt lat="48.976075067875165" lon="2.098104660624185">
        <ele>27.930000000000003</ele>
      </trkpt>
      <trkpt lat="48.976036534940796" lon="2.098297325296045">
        <ele>28.090000000000003</ele>
      </trkpt>
      <trkpt lat="48.97598541982377" lon="2.0985529008811654">
        <ele>28.270000000000003</ele>
      </trkpt>
      <trkpt lat="48.97594" lon="2.09878">
        <ele>28.381577259741608</ele>
      </trkpt>
      <trkpt lat="48.97591324294933" lon="2.0988974337223967">
        <ele>28.44</ele>
      </trkpt>
      <trkpt lat="48.97576" lon="2.0995700000000004">
        <ele>28.83786525322254</ele>
      </trkpt>
      <trkpt lat="48.97571902793177" lon="2.09974176751684">
        <ele>28.940000000000005</ele>
      </trkpt>
      <trkpt lat="48.97565974515972" lon="2.099990299138102">
        <ele>29.05</ele>
      </trkpt>
      <trkpt lat="48.97561428479567" lon="2.1001808829720225">
        <ele>28.990000000000002</ele>
      </trkpt>
      <trkpt lat="48.97559892656457" lon="2.100245269402401">
        <ele>28.990000000000002</ele>
      </trkpt>
      <trkpt lat="48.97556851726699" lon="2.100372754534551">
        <ele>29.030000000000005</ele>
      </trkpt>
      <trkpt lat="48.97552274973832" lon="2.1005646260970794">
        <ele>29.150000000000002</ele>
      </trkpt>
      <trkpt lat="48.975500000000004" lon="2.10066">
        <ele>29.230068829309356</ele>
      </trkpt>
      <trkpt lat="48.97543367721962" lon="2.1006527647875948">
        <ele>29.310000000000002</ele>
      </trkpt>
      <trkpt lat="48.97534487168922" lon="2.100643076911551">
        <ele>29.450000000000003</ele>
      </trkpt>
      <trkpt lat="48.97525606615883" lon="2.100633389035508">
        <ele>29.640000000000004</ele>
      </trkpt>
      <trkpt lat="48.97516636360287" lon="2.1006236033021306">
        <ele>29.880000000000003</ele>
      </trkpt>
      <trkpt lat="48.97489994701168" lon="2.1005945396740007">
        <ele>30.7</ele>
      </trkpt>
      <trkpt lat="48.97481114148128" lon="2.100584851797957">
        <ele>31.020000000000003</ele>
      </trkpt>
      <trkpt lat="48.9745886791425" lon="2.1005605831791816">
        <ele>31.86</ele>
      </trkpt>
      <trkpt lat="48.97430791014236" lon="2.1005299538337106">
        <ele>33.06</ele>
      </trkpt>
      <trkpt lat="48.97430791014236" lon="2.1005299538337106">
        <ele>33.07</ele>
      </trkpt>
      <trkpt lat="48.97427920532445" lon="2.10052682239903">
        <ele>33.2</ele>
      </trkpt>
      <trkpt lat="48.974190399794054" lon="2.100517134522987">
        <ele>33.660000000000004</ele>
      </trkpt>
      <trkpt lat="48.974146445541635" lon="2.100512339513632">
        <ele>33.93</ele>
      </trkpt>
      <trkpt lat="48.97410159426365" lon="2.1005074466469433">
        <ele>34.230000000000004</ele>
      </trkpt>
      <trkpt lat="48.97405764001123" lon="2.100502651637589">
        <ele>34.550000000000004</ele>
      </trkpt>
      <trkpt lat="48.97401278873325" lon="2.1004977587708997">
        <ele>34.910000000000004</ele>
      </trkpt>
      <trkpt lat="48.97392398320286" lon="2.100488070894856">
        <ele>35.69</ele>
      </trkpt>
      <trkpt lat="48.973850000000006" lon="2.10048">
        <ele>36.35977265532487</ele>
      </trkpt>
      <trkpt lat="48.97384" lon="2.10048">
        <ele>36.45007181481258</ele>
      </trkpt>
      <trkpt lat="48.97379028921646" lon="2.1004748320472557">
        <ele>36.9</ele>
      </trkpt>
      <trkpt lat="48.97370146288927" lon="2.100465597627102">
        <ele>37.64</ele>
      </trkpt>
      <trkpt lat="48.973657498343485" lon="2.1004610270555104">
        <ele>37.99</ele>
      </trkpt>
      <trkpt lat="48.97356777478066" lon="2.1004516993583855">
        <ele>38.57</ele>
      </trkpt>
      <trkpt lat="48.97347894845346" lon="2.1004424649382316">
        <ele>39.06</ele>
      </trkpt>
      <trkpt lat="48.97343498390769" lon="2.1004378943666406">
        <ele>39.28</ele>
      </trkpt>
      <trkpt lat="48.97334615758049" lon="2.1004286599464868">
        <ele>39.690000000000005</ele>
      </trkpt>
      <trkpt lat="48.97312364314469" lon="2.1004055272576165">
        <ele>40.660000000000004</ele>
      </trkpt>
      <trkpt lat="48.9730348168175" lon="2.1003962928374627">
        <ele>41.03</ele>
      </trkpt>
      <trkpt lat="48.9729011287089" lon="2.1003823945687463">
        <ele>41.510000000000005</ele>
      </trkpt>
      <trkpt lat="48.972456099837295" lon="2.100336129191006">
        <ele>43.010000000000005</ele>
      </trkpt>
      <trkpt lat="48.9722784471829" lon="2.100317660350698">
        <ele>43.660000000000004</ele>
      </trkpt>
      <trkpt lat="48.97196890089117" lon="2.1002854797956165">
        <ele>44.47</ele>
      </trkpt>
      <trkpt lat="48.97182" lon="2.10027">
        <ele>44.89811623553096</ele>
      </trkpt>
      <trkpt lat="48.97165954639" lon="2.1002494619379197">
        <ele>45.36000000000001</ele>
      </trkpt>
      <trkpt lat="48.97157082611036" lon="2.100238105742126">
        <ele>45.59</ele>
      </trkpt>
      <trkpt lat="48.97143819377312" lon="2.1002211288029593">
        <ele>45.84</ele>
      </trkpt>
      <trkpt lat="48.97103223128143" lon="2.100169165604023">
        <ele>46.410000000000004</ele>
      </trkpt>
      <trkpt lat="48.97103223128143" lon="2.100169165604023">
        <ele>46.42</ele>
      </trkpt>
      <trkpt lat="48.970780409073555" lon="2.1001369323614156">
        <ele>46.830000000000005</ele>
      </trkpt>
      <trkpt lat="48.97069168879392" lon="2.1001255761656217">
        <ele>46.95</ele>
      </trkpt>
      <trkpt lat="48.97057" lon="2.1001100000000004">
        <ele>47.09562820897261</ele>
      </trkpt>
      <trkpt lat="48.970560000000006" lon="2.1001100000000004">
        <ele>47.10755345189757</ele>
      </trkpt>
      <trkpt lat="48.97038247105112" lon="2.100087384847276">
        <ele>47.32</ele>
      </trkpt>
      <trkpt lat="48.97020592079256" lon="2.100064894368478">
        <ele>47.440000000000005</ele>
      </trkpt>
      <trkpt lat="48.97011719756617" lon="2.1000535920466454">
        <ele>47.470000000000006</ele>
      </trkpt>
      <trkpt lat="48.969630564112364" lon="2.0999916005238677">
        <ele>47.39</ele>
      </trkpt>
      <trkpt lat="48.96954273708019" lon="2.099980412366902">
        <ele>47.330000000000005</ele>
      </trkpt>
      <trkpt lat="48.96932137711133" lon="2.099952213644755">
        <ele>47.13</ele>
      </trkpt>
      <trkpt lat="48.968990000000005" lon="2.0999100000000004">
        <ele>46.92126430086202</ele>
      </trkpt>
      <trkpt lat="48.96887677070492" lon="2.0998974189672124">
        <ele>46.85</ele>
      </trkpt>
      <trkpt lat="48.96865432971944" lon="2.09987270330216">
        <ele>46.85</ele>
      </trkpt>
      <trkpt lat="48.96856463577369" lon="2.0998627373081873">
        <ele>46.900000000000006</ele>
      </trkpt>
      <trkpt lat="48.96847583876739" lon="2.0998528709741544">
        <ele>46.970000000000006</ele>
      </trkpt>
      <trkpt lat="48.96829734781534" lon="2.099833038646149">
        <ele>46.790000000000006</ele>
      </trkpt>
      <trkpt lat="48.96811795992382" lon="2.099813106658203">
        <ele>46.540000000000006</ele>
      </trkpt>
      <trkpt lat="48.968" lon="2.0998">
        <ele>46.418521381944835</ele>
      </trkpt>
      <trkpt lat="48.96791932594722" lon="2.0996960685626354">
        <ele>46.31</ele>
      </trkpt>
      <trkpt lat="48.967849972441" lon="2.099606721252821">
        <ele>46.2</ele>
      </trkpt>
      <trkpt lat="48.96764397192748" lon="2.0993413332038684">
        <ele>45.81</ele>
      </trkpt>
      <trkpt lat="48.967369304576124" lon="2.0989874824719315">
        <ele>45.37</ele>
      </trkpt>
      <trkpt lat="48.9672491376099" lon="2.098832672776709">
        <ele>45.14000000000001</ele>
      </trkpt>
      <trkpt lat="48.9672491376099" lon="2.098832672776709">
        <ele>45.13</ele>
      </trkpt>
      <trkpt lat="48.96696073689097" lon="2.098461129508175">
        <ele>44.550000000000004</ele>
      </trkpt>
      <trkpt lat="48.96689000000001" lon="2.09837">
        <ele>44.43325008265511</ele>
      </trkpt>
      <trkpt lat="48.96688" lon="2.09837">
        <ele>44.420648001609244</ele>
      </trkpt>
      <trkpt lat="48.96675164750926" lon="2.098206897053247">
        <ele>44.21000000000001</ele>
      </trkpt>
      <trkpt lat="48.966579696801865" lon="2.0979883920058597">
        <ele>43.95</ele>
      </trkpt>
      <trkpt lat="48.96637252727488" lon="2.097725132912622">
        <ele>43.550000000000004</ele>
      </trkpt>
      <trkpt lat="48.966304161330974" lon="2.0976382574118535">
        <ele>43.45</ele>
      </trkpt>
      <trkpt lat="48.9661998860024" lon="2.097505750334924">
        <ele>43.33</ele>
      </trkpt>
      <trkpt lat="48.966096301238906" lon="2.097374120788305">
        <ele>43.25</ele>
      </trkpt>
      <trkpt lat="48.96592365996642" lon="2.0971547382106066">
        <ele>43.15</ele>
      </trkpt>
      <trkpt lat="48.965681962184945" lon="2.0968476026018292">
        <ele>43.050000000000004</ele>
      </trkpt>
      <trkpt lat="48.96550932091246" lon="2.0966282200241313">
        <ele>42.92000000000001</ele>
      </trkpt>
      <trkpt lat="48.96530215138548" lon="2.096364960930893">
        <ele>42.870000000000005</ele>
      </trkpt>
      <trkpt lat="48.96523309487649" lon="2.0962772078998135">
        <ele>42.830000000000005</ele>
      </trkpt>
      <trkpt lat="48.9650949818585" lon="2.096101701837655">
        <ele>42.71</ele>
      </trkpt>
      <trkpt lat="48.96495686884051" lon="2.0959261957754967">
        <ele>42.52</ele>
      </trkpt>
      <trkpt lat="48.96485397464211" lon="2.0957954437591884">
        <ele>42.67000000000001</ele>
      </trkpt>
      <trkpt lat="48.96478560869821" lon="2.09570856825842">
        <ele>42.74</ele>
      </trkpt>
      <trkpt lat="48.96459" lon="2.09546">
        <ele>42.80653732225589</ele>
      </trkpt>
      <trkpt lat="48.96459351245326" lon="2.095479471208304">
        <ele>42.81</ele>
      </trkpt>
      <trkpt lat="48.96462901557347" lon="2.0956762819833754">
        <ele>42.9</ele>
      </trkpt>
      <trkpt lat="48.96472361113537" lon="2.096200670424336">
        <ele>43.260000000000005</ele>
      </trkpt>
      <trkpt lat="48.96493662985662" lon="2.097381535074762">
        <ele>44.26</ele>
      </trkpt>
      <trkpt lat="48.9650314636945" lon="2.097907244393409">
        <ele>44.57000000000001</ele>
      </trkpt>
      <trkpt lat="48.96514964857788" lon="2.0985623997251883">
        <ele>44.92</ele>
      </trkpt>
      <trkpt lat="48.965220654818296" lon="2.0989560212753307">
        <ele>45.1</ele>
      </trkpt>
      <trkpt lat="48.96524448241575" lon="2.0990881090438345">
        <ele>45.19</ele>
      </trkpt>
      <trkpt lat="48.96527998553596" lon="2.099284919818906">
        <ele>45.35</ele>
      </trkpt>
      <trkpt lat="48.96532716417892" lon="2.0995464536005435">
        <ele>45.49</ele>
      </trkpt>
      <trkpt lat="48.96536266729913" lon="2.099743264375615">
        <ele>45.550000000000004</ele>
      </trkpt>
      <trkpt lat="48.965383159032946" lon="2.099856859856528">
        <ele>45.550000000000004</ele>
      </trkpt>
      <trkpt lat="48.96543462664345" lon="2.100142169436497">
        <ele>45.56</ele>
      </trkpt>
      <trkpt lat="48.96551" lon="2.10056">
        <ele>45.62362919039971</ele>
      </trkpt>
      <trkpt lat="48.96551" lon="2.10055">
        <ele>45.625097600072486</ele>
      </trkpt>
      <trkpt lat="48.96551568049684" lon="2.100582245173263">
        <ele>45.63</ele>
      </trkpt>
      <trkpt lat="48.96558513695702" lon="2.1009765127266027">
        <ele>45.62</ele>
      </trkpt>
      <trkpt lat="48.96561986518711" lon="2.1011736465032724">
        <ele>45.64000000000001</ele>
      </trkpt>
      <trkpt lat="48.9656545934172" lon="2.101370780279942">
        <ele>45.68000000000001</ele>
      </trkpt>
      <trkpt lat="48.965724049877366" lon="2.1017650478332817">
        <ele>45.81</ele>
      </trkpt>
      <trkpt lat="48.96575877810746" lon="2.1019621816099514">
        <ele>45.790000000000006</ele>
      </trkpt>
      <trkpt lat="48.96580516010603" lon="2.1022254676606718">
        <ele>45.83</ele>
      </trkpt>
      <trkpt lat="48.965828467643" lon="2.102357772208772">
        <ele>45.89000000000001</ele>
      </trkpt>
      <trkpt lat="48.96585" lon="2.1024800000000003">
        <ele>45.967503075128135</ele>
      </trkpt>
      <trkpt lat="48.96571309607393" lon="2.10266933521692">
        <ele>46.14</ele>
      </trkpt>
      <trkpt lat="48.9656132227396" lon="2.102807457913321">
        <ele>46.230000000000004</ele>
      </trkpt>
      <trkpt lat="48.96554730633895" lon="2.102898618892946">
        <ele>46.26</ele>
      </trkpt>
      <trkpt lat="48.96544743300463" lon="2.1030367415893467">
        <ele>46.27</ele>
      </trkpt>
      <trkpt lat="48.965215726869005" lon="2.1033571862449976">
        <ele>46.18000000000001</ele>
      </trkpt>
      <trkpt lat="48.965115853534684" lon="2.1034953089413984">
        <ele>46.220000000000006</ele>
      </trkpt>
      <trkpt lat="48.96504993713403" lon="2.1035864699210234">
        <ele>46.290000000000006</ele>
      </trkpt>
      <trkpt lat="48.964983354911155" lon="2.103678551718624">
        <ele>46.42</ele>
      </trkpt>
      <trkpt lat="48.9649174385105" lon="2.1037697126982486">
        <ele>46.62</ele>
      </trkpt>
      <trkpt lat="48.964850856287626" lon="2.1038617944958493">
        <ele>46.900000000000006</ele>
      </trkpt>
      <trkpt lat="48.96478493988697" lon="2.1039529554754743">
        <ele>47.28</ele>
      </trkpt>
      <trkpt lat="48.96465177544121" lon="2.1041371190706757">
        <ele>48.13</ele>
      </trkpt>
      <trkpt lat="48.964587190685016" lon="2.104226438414348">
        <ele>48.34</ele>
      </trkpt>
      <trkpt lat="48.9645545653958" lon="2.1042715584951726">
        <ele>48.42</ele>
      </trkpt>
      <trkpt lat="48.96452194010659" lon="2.104316678575997">
        <ele>48.470000000000006</ele>
      </trkpt>
      <trkpt lat="48.96448931481738" lon="2.1043617986568215">
        <ele>48.480000000000004</ele>
      </trkpt>
      <trkpt lat="48.96445668952816" lon="2.104406918737646">
        <ele>48.46</ele>
      </trkpt>
      <trkpt lat="48.96444" lon="2.1044300000000002">
        <ele>48.439111631400934</ele>
      </trkpt>
      <trkpt lat="48.964425645120514" lon="2.1044525576677744">
        <ele>48.42</ele>
      </trkpt>
      <trkpt lat="48.96433363451707" lon="2.1045971457588895">
        <ele>48.24</ele>
      </trkpt>
      <trkpt lat="48.9643" lon="2.1046500000000004">
        <ele>48.19065068986697</ele>
      </trkpt>
      <trkpt lat="48.9642895521687" lon="2.104708507855276">
        <ele>48.150000000000006</ele>
      </trkpt>
      <trkpt lat="48.964266656865505" lon="2.1048367215532">
        <ele>48.080000000000005</ele>
      </trkpt>
      <trkpt lat="48.96425000000001" lon="2.10493">
        <ele>48.06358842890749</ele>
      </trkpt>
      <trkpt lat="48.96425091697047" lon="2.1049510903205504">
        <ele>48.06</ele>
      </trkpt>
      <trkpt lat="48.964254363726425" lon="2.1050303657077687">
        <ele>48.050000000000004</ele>
      </trkpt>
      <trkpt lat="48.96426" lon="2.10516">
        <ele>47.9919322902777</ele>
      </trkpt>
      <trkpt lat="48.96425959629532" lon="2.105164279269627">
        <ele>47.99</ele>
      </trkpt>
      <trkpt lat="48.9642533285308" lon="2.1052307175735807">
        <ele>47.92</ele>
      </trkpt>
      <trkpt lat="48.96423465315078" lon="2.1054286766016883">
        <ele>47.64</ele>
      </trkpt>
      <trkpt lat="48.96422211762174" lon="2.1055615532095966">
        <ele>47.5</ele>
      </trkpt>
      <trkpt lat="48.96421" lon="2.10569">
        <ele>47.46133351312139</ele>
      </trkpt>
      <trkpt lat="48.96420966924154" lon="2.1056944468637924">
        <ele>47.46</ele>
      </trkpt>
      <trkpt lat="48.964194888356324" lon="2.1058931676538926">
        <ele>47.440000000000005</ele>
      </trkpt>
      <trkpt lat="48.96418496694022" lon="2.106026555581494">
        <ele>47.46</ele>
      </trkpt>
      <trkpt lat="48.964175045524115" lon="2.1061599435090956">
        <ele>47.510000000000005</ele>
      </trkpt>
      <trkpt lat="48.96414032056776" lon="2.106626801255701">
        <ele>47.38</ele>
      </trkpt>
      <trkpt lat="48.96412" lon="2.1069">
        <ele>47.223885306764785</ele>
      </trkpt>
      <trkpt lat="48.96398714891777" lon="2.1073183817664525">
        <ele>46.96</ele>
      </trkpt>
      <trkpt lat="48.9637757030619" lon="2.107984278417025">
        <ele>46.7</ele>
      </trkpt>
      <trkpt lat="48.96371814280113" lon="2.1081655502830143">
        <ele>46.690000000000005</ele>
      </trkpt>
      <trkpt lat="48.96367976929396" lon="2.1082863981936737">
        <ele>46.73</ele>
      </trkpt>
      <trkpt lat="48.96364139578677" lon="2.108407246104333">
        <ele>46.85</ele>
      </trkpt>
      <trkpt lat="48.9636030222796" lon="2.108528094014993">
        <ele>47.010000000000005</ele>
      </trkpt>
      <trkpt lat="48.96356621503802" lon="2.10864400935787">
        <ele>47.07</ele>
      </trkpt>
      <trkpt lat="48.96350787164446" lon="2.10882774750775">
        <ele>47.05</ele>
      </trkpt>
      <trkpt lat="48.96345" lon="2.10901">
        <ele>47.087134478838195</ele>
      </trkpt>
      <trkpt lat="48.963436580879346" lon="2.1090770956032934">
        <ele>47.1</ele>
      </trkpt>
      <trkpt lat="48.963410636170764" lon="2.109206819146199">
        <ele>47.1</ele>
      </trkpt>
      <trkpt lat="48.96341" lon="2.10921">
        <ele>47.09957305191522</ele>
      </trkpt>
      <trkpt lat="48.96373575079744" lon="2.109427777218508">
        <ele>47.03</ele>
      </trkpt>
      <trkpt lat="48.96385845111005" lon="2.10950980720278">
        <ele>47.02</ele>
      </trkpt>
      <trkpt lat="48.96418620093836" lon="2.1097289208520436">
        <ele>47.05</ele>
      </trkpt>
      <trkpt lat="48.96435007585251" lon="2.1098384776766754">
        <ele>47.11000000000001</ele>
      </trkpt>
      <trkpt lat="48.96447277616512" lon="2.1099205076609477">
        <ele>47.21</ele>
      </trkpt>
      <trkpt lat="48.964748645995485" lon="2.1101049374913576">
        <ele>47.5</ele>
      </trkpt>
      <trkpt lat="48.964748645995485" lon="2.1101049374913576">
        <ele>47.49</ele>
      </trkpt>
      <trkpt lat="48.96480793742171" lon="2.110144576141476">
        <ele>47.56</ele>
      </trkpt>
      <trkpt lat="48.96505416153896" lon="2.1103091866468273">
        <ele>47.970000000000006</ele>
      </trkpt>
      <trkpt lat="48.96519000000001" lon="2.1104000000000003">
        <ele>48.16994447289723</ele>
      </trkpt>
      <trkpt lat="48.96519000000001" lon="2.11039">
        <ele>48.178793128226594</ele>
      </trkpt>
      <trkpt lat="48.96521124719201" lon="2.110404014105362">
        <ele>48.21</ele>
      </trkpt>
      <trkpt lat="48.96549926728372" lon="2.110593984804151">
        <ele>48.25</ele>
      </trkpt>
      <trkpt lat="48.96566000000001" lon="2.1107">
        <ele>48.32816583731558</ele>
      </trkpt>
      <trkpt lat="48.96563082826909" lon="2.1108356977146174">
        <ele>48.370000000000005</ele>
      </trkpt>
      <trkpt lat="48.96554715006243" lon="2.111224942406257">
        <ele>48.45</ele>
      </trkpt>
      <trkpt lat="48.965505171028994" lon="2.1114202156629323">
        <ele>48.52</ele>
      </trkpt>
      <trkpt lat="48.9654491989844" lon="2.111680580005166">
        <ele>48.68</ele>
      </trkpt>
      <trkpt lat="48.96537951378889" lon="2.112004733611247">
        <ele>48.980000000000004</ele>
      </trkpt>
      <trkpt lat="48.96529583558224" lon="2.1123939783028867">
        <ele>49.230000000000004</ele>
      </trkpt>
      <trkpt lat="48.96523986353765" lon="2.1126543426451203">
        <ele>49.45</ele>
      </trkpt>
      <trkpt lat="48.965212157375575" lon="2.112783222994526">
        <ele>49.54</ele>
      </trkpt>
      <trkpt lat="48.965184171353286" lon="2.112913405165643">
        <ele>49.61</ele>
      </trkpt>
      <trkpt lat="48.965100213286405" lon="2.1133039516789935">
        <ele>49.760000000000005</ele>
      </trkpt>
      <trkpt lat="48.96505851411319" lon="2.1134979231139575">
        <ele>49.99000000000001</ele>
      </trkpt>
      <trkpt lat="48.96501653507975" lon="2.113693196370633">
        <ele>50.27</ele>
      </trkpt>
      <trkpt lat="48.96498854905745" lon="2.11382337854175">
        <ele>50.510000000000005</ele>
      </trkpt>
      <trkpt lat="48.96492306176528" lon="2.114128004822163">
        <ele>51.160000000000004</ele>
      </trkpt>
      <trkpt lat="48.96492306176528" lon="2.114128004822163">
        <ele>51.15</ele>
      </trkpt>
      <trkpt lat="48.964889758398755" lon="2.1142829216057923">
        <ele>51.45</ele>
      </trkpt>
      <trkpt lat="48.964861772376466" lon="2.114413103776909">
        <ele>51.67000000000001</ele>
      </trkpt>
      <trkpt lat="48.964777814309585" lon="2.11480365029026">
        <ele>52.22</ele>
      </trkpt>
      <trkpt lat="48.96477" lon="2.11484">
        <ele>52.264675499790236</ele>
      </trkpt>
      <trkpt lat="48.96473501871492" lon="2.11499850894805">
        <ele>52.46000000000001</ele>
      </trkpt>
      <trkpt lat="48.96469203635269" lon="2.1151932727769136">
        <ele>52.64000000000001</ele>
      </trkpt>
      <trkpt lat="48.964649053990456" lon="2.115388036605778">
        <ele>52.74</ele>
      </trkpt>
      <trkpt lat="48.964606071628225" lon="2.115582800434642">
        <ele>52.79</ele>
      </trkpt>
      <trkpt lat="48.964522685845495" lon="2.115960642262639">
        <ele>52.82000000000001</ele>
      </trkpt>
      <trkpt lat="48.964479703483256" lon="2.116155406091503">
        <ele>52.82000000000001</ele>
      </trkpt>
      <trkpt lat="48.96445000000001" lon="2.1162900000000002">
        <ele>52.832340395368846</ele>
      </trkpt>
      <trkpt lat="48.964241316783315" lon="2.1162739474448697">
        <ele>52.86000000000001</ele>
      </trkpt>
      <trkpt lat="48.96410838648365" lon="2.1162637220372034">
        <ele>52.76</ele>
      </trkpt>
      <trkpt lat="48.96406" lon="2.11626">
        <ele>52.74350862099555</ele>
      </trkpt>
      <trkpt lat="48.96402031455705" lon="2.11626">
        <ele>52.730000000000004</ele>
      </trkpt>
      <trkpt lat="48.963975348438765" lon="2.11626">
        <ele>52.75000000000001</ele>
      </trkpt>
      <trkpt lat="48.96393128164285" lon="2.11626">
        <ele>52.79</ele>
      </trkpt>
      <trkpt lat="48.96376" lon="2.11626">
        <ele>53.01236018953171</ele>
      </trkpt>
      <trkpt lat="48.963758366806324" lon="2.116268611384809">
        <ele>53.02</ele>
      </trkpt>
      <trkpt lat="48.96373365799188" lon="2.116398894224633">
        <ele>53.1</ele>
      </trkpt>
      <trkpt lat="48.96370894917743" lon="2.1165291770644568">
        <ele>53.120000000000005</ele>
      </trkpt>
      <trkpt lat="48.96368448994697" lon="2.116658143916">
        <ele>53.1</ele>
      </trkpt>
      <trkpt lat="48.963676752843455" lon="2.1166989395527125">
        <ele>53.01</ele>
      </trkpt>
      <trkpt lat="48.96365" lon="2.1168400000000003">
        <ele>52.89006741901589</ele>
      </trkpt>
      <trkpt lat="48.96364550259322" lon="2.116888571993313">
        <ele>52.85</ele>
      </trkpt>
      <trkpt lat="48.96361347716622" lon="2.1172344466048414">
        <ele>52.51</ele>
      </trkpt>
      <trkpt lat="48.96361347716622" lon="2.1172344466048414">
        <ele>52.50000000000001</ele>
      </trkpt>
      <trkpt lat="48.96360000000001" lon="2.1173800000000003">
        <ele>52.410574250204235</ele>
      </trkpt>
      <trkpt lat="48.96358886580181" lon="2.1173761909321946">
        <ele>52.4</ele>
      </trkpt>
      <trkpt lat="48.963379152479455" lon="2.1173044469008633">
        <ele>52.28000000000001</ele>
      </trkpt>
      <trkpt lat="48.96322296431469" lon="2.117251014107654">
        <ele>52.11</ele>
      </trkpt>
      <trkpt lat="48.96322000000001" lon="2.1172500000000003">
        <ele>52.10413245371498</ele>
      </trkpt>
      <trkpt lat="48.963210000000004" lon="2.1172500000000003">
        <ele>52.08481966697287</ele>
      </trkpt>
      <trkpt lat="48.96305631485025" lon="2.117195249665402">
        <ele>51.78000000000001</ele>
      </trkpt>
      <trkpt lat="48.9629731245169" lon="2.1171656131091443">
        <ele>51.64000000000001</ele>
      </trkpt>
      <trkpt lat="48.96280586816247" lon="2.117106028032879">
        <ele>51.47</ele>
      </trkpt>
      <trkpt lat="48.962639487495764" lon="2.1170467549203633">
        <ele>51.36</ele>
      </trkpt>
      <trkpt lat="48.9620851771693" lon="2.116849281866562">
        <ele>50.63</ele>
      </trkpt>
      <trkpt lat="48.9620851771693" lon="2.116849281866562">
        <ele>50.620000000000005</ele>
      </trkpt>
      <trkpt lat="48.96186800661486" lon="2.1167719148565416">
        <ele>50.400000000000006</ele>
      </trkpt>
      <trkpt lat="48.96165258743586" lon="2.1166951717740217">
        <ele>50.27</ele>
      </trkpt>
      <trkpt lat="48.96161000000001" lon="2.11668">
        <ele>50.252207390984324</ele>
      </trkpt>
      <trkpt lat="48.96161000000001" lon="2.11667">
        <ele>50.24953641609078</ele>
      </trkpt>
      <trkpt lat="48.961443792484786" lon="2.1166092226250313">
        <ele>50.18</ele>
      </trkpt>
      <trkpt lat="48.961315245145876" lon="2.1165622165085662">
        <ele>50.160000000000004</ele>
      </trkpt>
      <trkpt lat="48.96122867244825" lon="2.11653055932809">
        <ele>50.190000000000005</ele>
      </trkpt>
      <trkpt lat="48.96114297422231" lon="2.1164992219171137">
        <ele>50.29</ele>
      </trkpt>
      <trkpt lat="48.96105640152469" lon="2.116467564736637">
        <ele>50.49000000000001</ele>
      </trkpt>
      <trkpt lat="48.960970703298756" lon="2.1164362273256607">
        <ele>50.79</ele>
      </trkpt>
      <trkpt lat="48.96084128148816" lon="2.116388901439696">
        <ele>51.34</ele>
      </trkpt>
      <trkpt lat="48.96075645773391" lon="2.1163578837982193">
        <ele>51.68</ele>
      </trkpt>
      <trkpt lat="48.960725851224645" lon="2.1163466918657274">
        <ele>51.71000000000001</ele>
      </trkpt>
      <trkpt lat="48.96059555494236" lon="2.116299046210263">
        <ele>51.97</ele>
      </trkpt>
      <trkpt lat="48.960508982244725" lon="2.1162673890297867">
        <ele>52.10000000000001</ele>
      </trkpt>
      <trkpt lat="48.96027" lon="2.1161800000000004">
        <ele>52.302435237585044</ele>
      </trkpt>
      <trkpt lat="48.96024917527999" lon="2.1161730054375534">
        <ele>52.32000000000001</ele>
      </trkpt>
      <trkpt lat="48.96016223154012" lon="2.1161438029600395">
        <ele>52.36</ele>
      </trkpt>
      <trkpt lat="48.96007528780025" lon="2.116114600482526">
        <ele>52.35000000000001</ele>
      </trkpt>
      <trkpt lat="48.959770545600904" lon="2.116012244323968">
        <ele>52.22</ele>
      </trkpt>
      <trkpt lat="48.9596396908813" lon="2.1159682931204378">
        <ele>52.09</ele>
      </trkpt>
      <trkpt lat="48.9595097143813" lon="2.1159246368914273">
        <ele>51.870000000000005</ele>
      </trkpt>
      <trkpt lat="48.959449995448864" lon="2.1159045786240442">
        <ele>51.83</ele>
      </trkpt>
      <trkpt lat="48.95932528826642" lon="2.115862692242156">
        <ele>51.49</ele>
      </trkpt>
      <trkpt lat="48.95924185740493" lon="2.1158346696627235">
        <ele>51.28000000000001</ele>
      </trkpt>
      <trkpt lat="48.95915842654344" lon="2.1158066470832915">
        <ele>51.11</ele>
      </trkpt>
      <trkpt lat="48.95911715022249" lon="2.115792783280835">
        <ele>51.050000000000004</ele>
      </trkpt>
      <trkpt lat="48.95906182238803" lon="2.115774199886054">
        <ele>51.010000000000005</ele>
      </trkpt>
      <trkpt lat="48.95906182238803" lon="2.115774199886054">
        <ele>51</ele>
      </trkpt>
      <trkpt lat="48.958960000000005" lon="2.11574">
        <ele>50.98159653472577</ele>
      </trkpt>
      <trkpt lat="48.95895124379155" lon="2.1157365436019293">
        <ele>50.980000000000004</ele>
      </trkpt>
      <trkpt lat="48.95882762470866" lon="2.1156877465955204">
        <ele>51</ele>
      </trkpt>
      <trkpt lat="48.95874492180108" lon="2.115655100710951">
        <ele>51.050000000000004</ele>
      </trkpt>
      <trkpt lat="48.958580000000005" lon="2.11559">
        <ele>51.176296011925785</ele>
      </trkpt>
      <trkpt lat="48.95857" lon="2.11559">
        <ele>51.18370900077629</ele>
      </trkpt>
      <trkpt lat="48.9584310337394" lon="2.1155362066087995">
        <ele>51.29</ele>
      </trkpt>
      <trkpt lat="48.9583020356322" lon="2.1154862718576237">
        <ele>51.42000000000001</ele>
      </trkpt>
      <trkpt lat="48.95826" lon="2.11547">
        <ele>51.45662858316025</ele>
      </trkpt>
      <trkpt lat="48.958200000000005" lon="2.1154300000000004">
        <ele>51.51194170771652</ele>
      </trkpt>
      <trkpt lat="48.95800065490214" lon="2.115209532242763">
        <ele>51.72</ele>
      </trkpt>
      <trkpt lat="48.95792861387696" lon="2.1151298577314637">
        <ele>51.760000000000005</ele>
      </trkpt>
      <trkpt lat="48.9577124908014" lon="2.114890834197567">
        <ele>51.82000000000001</ele>
      </trkpt>
      <trkpt lat="48.95746071105681" lon="2.1146123758045423">
        <ele>52.050000000000004</ele>
      </trkpt>
      <trkpt lat="48.95720893131221" lon="2.1143339174115177">
        <ele>52.190000000000005</ele>
      </trkpt>
      <trkpt lat="48.957100505930875" lon="2.1142140032480476">
        <ele>52.230000000000004</ele>
      </trkpt>
      <trkpt lat="48.95700008510788" lon="2.114102941808055">
        <ele>52.28000000000001</ele>
      </trkpt>
      <trkpt lat="48.95669" lon="2.11376">
        <ele>52.504275905370775</ele>
      </trkpt>
      <trkpt lat="48.956680000000006" lon="2.11376">
        <ele>52.51012826498544</ele>
      </trkpt>
      <trkpt lat="48.95663790358564" lon="2.1137160409124265">
        <ele>52.54</ele>
      </trkpt>
      <trkpt lat="48.95652738957882" lon="2.1136006369053084">
        <ele>52.6</ele>
      </trkpt>
      <trkpt lat="48.95616098743541" lon="2.1132180222776817">
        <ele>52.71000000000001</ele>
      </trkpt>
      <trkpt lat="48.95597778636371" lon="2.113026714963868">
        <ele>52.730000000000004</ele>
      </trkpt>
      <trkpt lat="48.955607675696584" lon="2.1126402277185536">
        <ele>52.96000000000001</ele>
      </trkpt>
      <trkpt lat="48.95555" lon="2.1125800000000003">
        <ele>53.00924862821234</ele>
      </trkpt>
      <trkpt lat="48.95538732306028" lon="2.1124031772394343">
        <ele>53.15</ele>
      </trkpt>
      <trkpt lat="48.955021327591886" lon="2.112005356078134">
        <ele>53.67</ele>
      </trkpt>
      <trkpt lat="48.95480173031085" lon="2.1117666633813537">
        <ele>53.900000000000006</ele>
      </trkpt>
      <trkpt lat="48.95461873257665" lon="2.111567752800703">
        <ele>54.13</ele>
      </trkpt>
      <trkpt lat="48.95454553348297" lon="2.111488188568443">
        <ele>54.25000000000001</ele>
      </trkpt>
      <trkpt lat="48.95418027000551" lon="2.111091163049465">
        <ele>55.05</ele>
      </trkpt>
      <trkpt lat="48.95390211344953" lon="2.1107888189668764">
        <ele>55.75000000000001</ele>
      </trkpt>
      <trkpt lat="48.95390211344953" lon="2.1107888189668764">
        <ele>55.77</ele>
      </trkpt>
      <trkpt lat="48.953567593591416" lon="2.110425210425448">
        <ele>56.620000000000005</ele>
      </trkpt>
      <trkpt lat="48.953480000000006" lon="2.1103300000000003">
        <ele>56.81944142977954</ele>
      </trkpt>
      <trkpt lat="48.95347" lon="2.1103300000000003">
        <ele>56.83797390190581</ele>
      </trkpt>
      <trkpt lat="48.95345596098951" lon="2.1103146550350367">
        <ele>56.870000000000005</ele>
      </trkpt>
      <trkpt lat="48.953382900728585" lon="2.1102347984707714">
        <ele>57.010000000000005</ele>
      </trkpt>
      <trkpt lat="48.95316445054842" lon="2.1099960273436196">
        <ele>57.31</ele>
      </trkpt>
      <trkpt lat="48.95294526976565" lon="2.109756457650825">
        <ele>57.71</ele>
      </trkpt>
      <trkpt lat="48.95268955885243" lon="2.109476959675898">
        <ele>58.050000000000004</ele>
      </trkpt>
      <trkpt lat="48.95257996846104" lon="2.109357174829501">
        <ele>58.11</ele>
      </trkpt>
      <trkpt lat="48.952506908200114" lon="2.109277318265236">
        <ele>58.06000000000001</ele>
      </trkpt>
      <trkpt lat="48.952471108672256" lon="2.109238188548746">
        <ele>58</ele>
      </trkpt>
      <trkpt lat="48.9524345785418" lon="2.1091982602666137">
        <ele>57.92</ele>
      </trkpt>
      <trkpt lat="48.95239804841134" lon="2.109158331984481">
        <ele>57.81000000000001</ele>
      </trkpt>
      <trkpt lat="48.95217886762857" lon="2.1089187622916867">
        <ele>56.99</ele>
      </trkpt>
      <trkpt lat="48.95210653797025" lon="2.1088397042930644">
        <ele>57.1</ele>
      </trkpt>
      <trkpt lat="48.95203420831194" lon="2.1087606462944426">
        <ele>57.25</ele>
      </trkpt>
      <trkpt lat="48.95188954899531" lon="2.108602530297198">
        <ele>57.730000000000004</ele>
      </trkpt>
      <trkpt lat="48.951817219337" lon="2.1085234722985757">
        <ele>57.95</ele>
      </trkpt>
      <trkpt lat="48.95178141980915" lon="2.1084843425820856">
        <ele>58.04</ele>
      </trkpt>
      <trkpt lat="48.951750000000004" lon="2.1084500000000004">
        <ele>58.09212767742775</ele>
      </trkpt>
      <trkpt lat="48.951710345840695" lon="2.108497264553519">
        <ele>58.160000000000004</ele>
      </trkpt>
      <trkpt lat="48.951605535579574" lon="2.1086221899152577">
        <ele>58.28</ele>
      </trkpt>
      <trkpt lat="48.95136050618534" lon="2.108914245152836">
        <ele>58.480000000000004</ele>
      </trkpt>
      <trkpt lat="48.951220287052216" lon="2.109081375028676">
        <ele>58.63</ele>
      </trkpt>
      <trkpt lat="48.951180629115576" lon="2.1091286440844685">
        <ele>58.690000000000005</ele>
      </trkpt>
      <trkpt lat="48.95087398828405" lon="2.1094941351765826">
        <ele>59.190000000000005</ele>
      </trkpt>
      <trkpt lat="48.95076" lon="2.10963">
        <ele>59.39003707022652</ele>
      </trkpt>
      <trkpt lat="48.95062877515193" lon="2.1097858295070897">
        <ele>59.620000000000005</ele>
      </trkpt>
      <trkpt lat="48.950558567281995" lon="2.109869201352641">
        <ele>59.690000000000005</ele>
      </trkpt>
      <trkpt lat="48.95045290089188" lon="2.1099946801908946">
        <ele>59.77</ele>
      </trkpt>
      <trkpt lat="48.950383402192344" lon="2.1100772098965916">
        <ele>59.85000000000001</ele>
      </trkpt>
      <trkpt lat="48.95027915414305" lon="2.1102010044551376">
        <ele>60.11</ele>
      </trkpt>
      <trkpt lat="48.95003590869468" lon="2.1104898584250775">
        <ele>60.67</ele>
      </trkpt>
      <trkpt lat="48.949960000000004" lon="2.11058">
        <ele>60.8077106383238</ele>
      </trkpt>
      <trkpt lat="48.94979830249427" lon="2.1107871331684964">
        <ele>61.11000000000001</ele>
      </trkpt>
      <trkpt lat="48.949528532840446" lon="2.111132705865556">
        <ele>61.67</ele>
      </trkpt>
      <trkpt lat="48.94932620560007" lon="2.11139188538835">
        <ele>61.99</ele>
      </trkpt>
      <trkpt lat="48.949258763186606" lon="2.1114782785626147">
        <ele>62.050000000000004</ele>
      </trkpt>
      <trkpt lat="48.949158287754315" lon="2.111606986761009">
        <ele>62.09</ele>
      </trkpt>
      <trkpt lat="48.949090157152966" lon="2.1116942614982763">
        <ele>61.81</ele>
      </trkpt>
      <trkpt lat="48.94905574775834" lon="2.1117383396484115">
        <ele>61.64000000000001</ele>
      </trkpt>
      <trkpt lat="48.94902133836372" lon="2.1117824177985467">
        <ele>61.440000000000005</ele>
      </trkpt>
      <trkpt lat="48.9489869289691" lon="2.111826495948682">
        <ele>61.2</ele>
      </trkpt>
      <trkpt lat="48.94888438897313" lon="2.1119578488360844">
        <ele>60.370000000000005</ele>
      </trkpt>
      <trkpt lat="48.94881557018388" lon="2.1120460051363543">
        <ele>59.85000000000001</ele>
      </trkpt>
      <trkpt lat="48.948750000000004" lon="2.11213">
        <ele>59.407287269068256</ele>
      </trkpt>
      <trkpt lat="48.94874791592333" lon="2.112126014203353">
        <ele>59.39</ele>
      </trkpt>
      <trkpt lat="48.94866389234013" lon="2.111965319100485">
        <ele>58.77</ele>
      </trkpt>
      <trkpt lat="48.94858042891415" lon="2.111805695298303">
        <ele>58.21</ele>
      </trkpt>
      <trkpt lat="48.94849640533096" lon="2.1116450001954346">
        <ele>57.7</ele>
      </trkpt>
      <trkpt lat="48.94841294190498" lon="2.111485376393252">
        <ele>57.25</ele>
      </trkpt>
      <trkpt lat="48.94835692618284" lon="2.1113782463246733">
        <ele>57.010000000000005</ele>
      </trkpt>
      <trkpt lat="48.948301470617935" lon="2.1112721875567804">
        <ele>56.830000000000005</ele>
      </trkpt>
      <trkpt lat="48.94828354558685" lon="2.111237905934835">
        <ele>56.790000000000006</ele>
      </trkpt>
      <trkpt lat="48.94828354558685" lon="2.111237905934835">
        <ele>56.78</ele>
      </trkpt>
      <trkpt lat="48.94824937599635" lon="2.111172556593002">
        <ele>56.71</ele>
      </trkpt>
      <trkpt lat="48.94819336027421" lon="2.1110654265244237">
        <ele>56.650000000000006</ele>
      </trkpt>
      <trkpt lat="48.948137904709306" lon="2.1109593677565304">
        <ele>56.64</ele>
      </trkpt>
      <trkpt lat="48.94805388112611" lon="2.110798672653662">
        <ele>56.7</ele>
      </trkpt>
      <trkpt lat="48.94797041770013" lon="2.1106390488514797">
        <ele>56.81</ele>
      </trkpt>
      <trkpt lat="48.947950000000006" lon="2.1106000000000003">
        <ele>56.84644994537732</ele>
      </trkpt>
      <trkpt lat="48.947950000000006" lon="2.11059">
        <ele>56.853752609458795</ele>
      </trkpt>
      <trkpt lat="48.94789028404154" lon="2.1104764225888046">
        <ele>56.96</ele>
      </trkpt>
      <trkpt lat="48.94777843681712" lon="2.1102636935541166">
        <ele>57.20000000000001</ele>
      </trkpt>
      <trkpt lat="48.94766827573176" lon="2.1100541714898013">
        <ele>57.49</ele>
      </trkpt>
      <trkpt lat="48.94744739151468" lon="2.109634058371046">
        <ele>58.150000000000006</ele>
      </trkpt>
      <trkpt lat="48.94744000000001" lon="2.10962">
        <ele>58.17410038931289</ele>
      </trkpt>
      <trkpt lat="48.947194553254405" lon="2.1091670391876622">
        <ele>58.96</ele>
      </trkpt>
      <trkpt lat="48.946941007302954" lon="2.1086991316590797">
        <ele>59.57</ele>
      </trkpt>
      <trkpt lat="48.946772739786645" lon="2.1083886016062507">
        <ele>60</ele>
      </trkpt>
      <trkpt lat="48.94654781075974" lon="2.107973505311143">
        <ele>60.53000000000001</ele>
      </trkpt>
      <trkpt lat="48.94632288173283" lon="2.1075584090160353">
        <ele>61.14000000000001</ele>
      </trkpt>
      <trkpt lat="48.946037857164384" lon="2.1070324091306314">
        <ele>61.61000000000001</ele>
      </trkpt>
      <trkpt lat="48.94578144952048" lon="2.1065592204787014">
        <ele>62.09</ele>
      </trkpt>
      <trkpt lat="48.94558685443359" lon="2.1062001040910765">
        <ele>62.410000000000004</ele>
      </trkpt>
      <trkpt lat="48.94558685443359" lon="2.1062001040910765">
        <ele>62.42</ele>
      </trkpt>
      <trkpt lat="48.94550043132148" lon="2.106040614165984">
        <ele>62.57</ele>
      </trkpt>
      <trkpt lat="48.94527206826363" lon="2.105619180522859">
        <ele>62.89</ele>
      </trkpt>
      <trkpt lat="48.945240000000005" lon="2.10556">
        <ele>62.95746115982088</ele>
      </trkpt>
      <trkpt lat="48.94523" lon="2.10556">
        <ele>62.97084916644053</ele>
      </trkpt>
      <trkpt lat="48.94509882959641" lon="2.105313221783072">
        <ele>63.25</ele>
      </trkpt>
      <trkpt lat="48.94504281987238" lon="2.1052078475565055">
        <ele>63.31</ele>
      </trkpt>
      <trkpt lat="48.9448742249455" lon="2.10489066049068">
        <ele>63.38</ele>
      </trkpt>
      <trkpt lat="48.944789361727274" lon="2.10473100257164">
        <ele>63.40000000000001</ele>
      </trkpt>
      <trkpt lat="48.94473335200324" lon="2.1046256283450737">
        <ele>63.44000000000001</ele>
      </trkpt>
      <trkpt lat="48.94467734227921" lon="2.1045202541185075">
        <ele>63.52</ele>
      </trkpt>
      <trkpt lat="48.94464000000001" lon="2.1044500000000004">
        <ele>63.58633603397473</ele>
      </trkpt>
      <trkpt lat="48.94455594376812" lon="2.104320449415815">
        <ele>63.72</ele>
      </trkpt>
      <trkpt lat="48.94446177242561" lon="2.104175309047722">
        <ele>63.85</ele>
      </trkpt>
      <trkpt lat="48.94408445503315" lon="2.1035937734789183">
        <ele>64.21000000000001</ele>
      </trkpt>
      <trkpt lat="48.94399028369064" lon="2.103448633110825">
        <ele>64.27000000000001</ele>
      </trkpt>
      <trkpt lat="48.94373873876233" lon="2.1030609427316227">
        <ele>64.33000000000001</ele>
      </trkpt>
      <trkpt lat="48.943518794955665" lon="2.102721957173928">
        <ele>64.35000000000001</ele>
      </trkpt>
      <trkpt lat="48.9434562247348" lon="2.102625521627343">
        <ele>64.31</ele>
      </trkpt>
      <trkpt lat="48.943267250027354" lon="2.102334266794726">
        <ele>64.14</ele>
      </trkpt>
      <trkpt lat="48.94320467980649" lon="2.1022378312481402">
        <ele>64.11</ele>
      </trkpt>
      <trkpt lat="48.94309028374612" lon="2.102061519794282">
        <ele>64.12</ele>
      </trkpt>
      <trkpt lat="48.94295755903521" lon="2.101856959543949">
        <ele>64.16000000000001</ele>
      </trkpt>
      <trkpt lat="48.942894988814345" lon="2.1017605239973634">
        <ele>64.14</ele>
      </trkpt>
      <trkpt lat="48.94276921635019" lon="2.101566678807762">
        <ele>64.06</ele>
      </trkpt>
      <trkpt lat="48.942706014106896" lon="2.1014692691647463">
        <ele>64.03999999999999</ele>
      </trkpt>
      <trkpt lat="48.9427" lon="2.1014600000000003">
        <ele>64.0413671916894</ele>
      </trkpt>
      <trkpt lat="48.9427" lon="2.1014500000000003">
        <ele>64.04241653542468</ele>
      </trkpt>
      <trkpt lat="48.942490611079165" lon="2.101127526470355">
        <ele>64.09</ele>
      </trkpt>
      <trkpt lat="48.94233381323769" lon="2.100886046867801">
        <ele>64.09</ele>
      </trkpt>
      <trkpt lat="48.94227058830161" lon="2.1007886760603194">
        <ele>64.07000000000001</ele>
      </trkpt>
      <trkpt lat="48.94214477067881" lon="2.100594908153431">
        <ele>63.97</ele>
      </trkpt>
      <trkpt lat="48.941924747901254" lon="2.1002560577433953">
        <ele>63.85</ele>
      </trkpt>
      <trkpt lat="48.941830542746494" lon="2.1001109752402476">
        <ele>63.84</ele>
      </trkpt>
      <trkpt lat="48.9417047251237" lon="2.0999172073333594">
        <ele>63.88</ele>
      </trkpt>
      <trkpt lat="48.941390497191385" lon="2.0994332744201767">
        <ele>64.11</ele>
      </trkpt>
      <trkpt lat="48.94123306710055" lon="2.0991908211095476">
        <ele>64.28999999999999</ele>
      </trkpt>
      <trkpt lat="48.94107626925907" lon="2.0989493415069935">
        <ele>64.44000000000001</ele>
      </trkpt>
      <trkpt lat="48.94079302154543" lon="2.0985131202894762">
        <ele>64.74000000000001</ele>
      </trkpt>
      <trkpt lat="48.94057299876787" lon="2.098174269879441">
        <ele>64.89</ele>
      </trkpt>
      <trkpt lat="48.94051040608115" lon="2.098077872780034">
        <ele>64.95</ele>
      </trkpt>
      <trkpt lat="48.940447181145075" lon="2.097980501972552">
        <ele>65.02000000000001</ele>
      </trkpt>
      <trkpt lat="48.94038458845835" lon="2.0978841048731454">
        <ele>65.13000000000001</ele>
      </trkpt>
      <trkpt lat="48.94022715836752" lon="2.0976416515625167">
        <ele>65.49000000000001</ele>
      </trkpt>
      <trkpt lat="48.94003432231248" lon="2.097344670599698">
        <ele>65.24000000000001</ele>
      </trkpt>
      <trkpt lat="48.939928736669216" lon="2.0971820613512038">
        <ele>65.39</ele>
      </trkpt>
      <trkpt lat="48.93983" lon="2.09703">
        <ele>65.85403994714993</ele>
      </trkpt>
      <trkpt lat="48.93981335392989" lon="2.0970252439799695">
        <ele>65.91000000000001</ele>
      </trkpt>
      <trkpt lat="48.93976000000001" lon="2.09701">
        <ele>66.06787126181688</ele>
      </trkpt>
      <trkpt lat="48.93970923760401" lon="2.0969541613644083">
        <ele>66.25</ele>
      </trkpt>
      <trkpt lat="48.93966" lon="2.0969">
        <ele>66.22276383028498</ele>
      </trkpt>
      <trkpt lat="48.93958000000001" lon="2.09689">
        <ele>66.18677382552256</ele>
      </trkpt>
      <trkpt lat="48.9394989676281" lon="2.096909293421883">
        <ele>66.15</ele>
      </trkpt>
      <trkpt lat="48.93941100397565" lon="2.096930237148657">
        <ele>66.16000000000001</ele>
      </trkpt>
      <trkpt lat="48.939370000000004" lon="2.09694">
        <ele>66.18696992235134</ele>
      </trkpt>
      <trkpt lat="48.939280000000004" lon="2.0969900000000004">
        <ele>66.24922803862859</ele>
      </trkpt>
      <trkpt lat="48.93927897740203" lon="2.0969909203381727">
        <ele>66.25</ele>
      </trkpt>
      <trkpt lat="48.93927897740203" lon="2.0969909203381727">
        <ele>66.26</ele>
      </trkpt>
      <trkpt lat="48.93918000000001" lon="2.09708">
        <ele>66.37582341238102</ele>
      </trkpt>
      <trkpt lat="48.939069638125694" lon="2.0972187406419938">
        <ele>66.52000000000001</ele>
      </trkpt>
      <trkpt lat="48.93883" lon="2.0975200000000003">
        <ele>66.79226984602272</ele>
      </trkpt>
      <trkpt lat="48.93883" lon="2.0975300000000003">
        <ele>66.79802451167845</ele>
      </trkpt>
      <trkpt lat="48.938738955040606" lon="2.097666567439091">
        <ele>66.91000000000001</ele>
      </trkpt>
      <trkpt lat="48.938570000000006" lon="2.0979200000000002">
        <ele>67.18902144730761</ele>
      </trkpt>
      <trkpt lat="48.938485440845554" lon="2.098049281551697">
        <ele>67.33</ele>
      </trkpt>
      <trkpt lat="48.93842262032047" lon="2.098145327154491">
        <ele>67.46000000000001</ele>
      </trkpt>
      <trkpt lat="48.93835979979538" lon="2.0982413727572857">
        <ele>67.62</ele>
      </trkpt>
      <trkpt lat="48.938108517695056" lon="2.098625555168464">
        <ele>68.35000000000001</ele>
      </trkpt>
      <trkpt lat="48.937951149106965" lon="2.098866154254252">
        <ele>68.74000000000001</ele>
      </trkpt>
      <trkpt lat="48.93782550805679" lon="2.099058245459841">
        <ele>69.12</ele>
      </trkpt>
      <trkpt lat="48.93757422595645" lon="2.0994424278710184">
        <ele>69.96000000000001</ele>
      </trkpt>
      <trkpt lat="48.93716557526804" lon="2.100067209367985">
        <ele>71.21000000000001</ele>
      </trkpt>
      <trkpt lat="48.936977113692784" lon="2.1003553461763684">
        <ele>71.81000000000002</ele>
      </trkpt>
      <trkpt lat="48.93688256562979" lon="2.1004998996593622">
        <ele>72.13</ele>
      </trkpt>
      <trkpt lat="48.936725831592454" lon="2.100739528587546">
        <ele>72.69</ele>
      </trkpt>
      <trkpt lat="48.936635090834" lon="2.100878261124916">
        <ele>72.77</ele>
      </trkpt>
      <trkpt lat="48.93636286855863" lon="2.1012944587370255">
        <ele>72.92000000000002</ele>
      </trkpt>
      <trkpt lat="48.93632" lon="2.10136">
        <ele>72.9358691728252</ele>
      </trkpt>
      <trkpt lat="48.936411660485156" lon="2.1016429519324302">
        <ele>72.99</ele>
      </trkpt>
      <trkpt lat="48.93651070230485" lon="2.1019486897236583">
        <ele>72.99</ele>
      </trkpt>
      <trkpt lat="48.936550000000004" lon="2.1020700000000003">
        <ele>73.0297843985935</ele>
      </trkpt>
      <trkpt lat="48.9365222953244" lon="2.102124266890356">
        <ele>73.05</ele>
      </trkpt>
      <trkpt lat="48.93646766087383" lon="2.102231282824454">
        <ele>73.10000000000001</ele>
      </trkpt>
      <trkpt lat="48.93635784010957" lon="2.1024463956616817">
        <ele>73.24</ele>
      </trkpt>
      <trkpt lat="48.936220426188456" lon="2.1027155569504736">
        <ele>73.38</ele>
      </trkpt>
      <trkpt lat="48.93602892967989" lon="2.1030906532043323">
        <ele>73.65</ele>
      </trkpt>
      <trkpt lat="48.9359411834411" lon="2.1032625272803083">
        <ele>73.7</ele>
      </trkpt>
      <trkpt lat="48.935840192487035" lon="2.1034603446130347">
        <ele>73.76</ele>
      </trkpt>
      <trkpt lat="48.93570222670277" lon="2.1037305868708582">
        <ele>73.91</ele>
      </trkpt>
      <trkpt lat="48.93564759225221" lon="2.103837602804956">
        <ele>73.95</ele>
      </trkpt>
      <trkpt lat="48.93558" lon="2.1039700000000003">
        <ele>73.97260538758293</ele>
      </trkpt>
      <trkpt lat="48.93532043281681" lon="2.1044839081814883">
        <ele>74.06</ele>
      </trkpt>
      <trkpt lat="48.93523875618549" lon="2.1046456169481966">
        <ele>74.07000000000001</ele>
      </trkpt>
      <trkpt lat="48.93510226302308" lon="2.1049158550885347">
        <ele>74.13</ele>
      </trkpt>
      <trkpt lat="48.93485723312912" lon="2.1054009813886596">
        <ele>74.18</ele>
      </trkpt>
      <trkpt lat="48.93458479496962" lon="2.105940372375599">
        <ele>74.1</ele>
      </trkpt>
      <trkpt lat="48.934531074769154" lon="2.106046731161756">
        <ele>74.04</ele>
      </trkpt>
      <trkpt lat="48.93444884997252" lon="2.1062095252222006">
        <ele>73.88</ele>
      </trkpt>
      <trkpt lat="48.93434140957159" lon="2.1064222427945154">
        <ele>73.85000000000001</ele>
      </trkpt>
      <trkpt lat="48.93418024897019" lon="2.1067413191529862">
        <ele>73.75000000000001</ele>
      </trkpt>
      <trkpt lat="48.934090000000005" lon="2.10692">
        <ele>73.71640035986314</ele>
      </trkpt>
      <trkpt lat="48.934019514728746" lon="2.106895694734049">
        <ele>73.7</ele>
      </trkpt>
      <trkpt lat="48.933794977228644" lon="2.106818268009875">
        <ele>73.58</ele>
      </trkpt>
      <trkpt lat="48.933794977228644" lon="2.106818268009875">
        <ele>73.57000000000001</ele>
      </trkpt>
      <trkpt lat="48.933552020636725" lon="2.106734489874733">
        <ele>73.45</ele>
      </trkpt>
      <trkpt lat="48.933380109113216" lon="2.106675210039037">
        <ele>73.39000000000001</ele>
      </trkpt>
      <trkpt lat="48.933220000000006" lon="2.1066200000000004">
        <ele>73.36019692736284</ele>
      </trkpt>
      <trkpt lat="48.93321" lon="2.1066200000000004">
        <ele>73.3583815015219</ele>
      </trkpt>
      <trkpt lat="48.93316492636052" lon="2.106604787646674">
        <ele>73.35000000000001</ele>
      </trkpt>
      <trkpt lat="48.932992838285394" lon="2.1065467079213187">
        <ele>73.24</ele>
      </trkpt>
      <trkpt lat="48.9328611382279" lon="2.1065022591519145">
        <ele>73.10000000000001</ele>
      </trkpt>
      <trkpt lat="48.93268641615162" lon="2.106443290451171">
        <ele>72.95</ele>
      </trkpt>
      <trkpt lat="48.932410000000004" lon="2.1063500000000004">
        <ele>72.80566778837218</ele>
      </trkpt>
      <trkpt lat="48.93239236039908" lon="2.1063116889917377">
        <ele>72.79</ele>
      </trkpt>
      <trkpt lat="48.932289646624106" lon="2.106088607511728">
        <ele>72.66</ele>
      </trkpt>
      <trkpt lat="48.932212224180674" lon="2.1059204556423743">
        <ele>72.53000000000002</ele>
      </trkpt>
      <trkpt lat="48.93216060921837" lon="2.105808354396138">
        <ele>72.41</ele>
      </trkpt>
      <trkpt lat="48.932083702924544" lon="2.1056413235392464">
        <ele>72.16</ele>
      </trkpt>
      <trkpt lat="48.932006280481104" lon="2.105473171669892">
        <ele>71.83</ele>
      </trkpt>
      <trkpt lat="48.93195518166843" lon="2.105362191436118">
        <ele>71.58</ele>
      </trkpt>
      <trkpt lat="48.93182614426269" lon="2.105081938320528">
        <ele>70.84</ele>
      </trkpt>
      <trkpt lat="48.93177504545002" lon="2.104970958086754">
        <ele>70.61</ele>
      </trkpt>
      <trkpt lat="48.93174923796887" lon="2.1049149074636366">
        <ele>70.52</ele>
      </trkpt>
      <trkpt lat="48.93169762300658" lon="2.1048028062174002">
        <ele>70.4</ele>
      </trkpt>
      <trkpt lat="48.93164652419391" lon="2.1046918259836263">
        <ele>70.34</ele>
      </trkpt>
      <trkpt lat="48.931594909231606" lon="2.1045797247373903">
        <ele>70.33</ele>
      </trkpt>
      <trkpt lat="48.93151748678817" lon="2.1044115728680364">
        <ele>70.39</ele>
      </trkpt>
      <trkpt lat="48.93147206562134" lon="2.1043129237713485">
        <ele>70.48</ele>
      </trkpt>
      <trkpt lat="48.93147206562134" lon="2.1043129237713485">
        <ele>70.49000000000001</ele>
      </trkpt>
      <trkpt lat="48.93144367739208" lon="2.1042512680859184">
        <ele>70.55</ele>
      </trkpt>
      <trkpt lat="48.93139206242979" lon="2.1041391668396825">
        <ele>70.69</ele>
      </trkpt>
      <trkpt lat="48.931315156135966" lon="2.1039721359827905">
        <ele>70.94</ele>
      </trkpt>
      <trkpt lat="48.9311608273987" lon="2.1036369532565447">
        <ele>71.5</ele>
      </trkpt>
      <trkpt lat="48.93113" lon="2.1035700000000004">
        <ele>71.59556112359826</ele>
      </trkpt>
      <trkpt lat="48.93113" lon="2.1035600000000003">
        <ele>71.60724932424334</ele>
      </trkpt>
      <trkpt lat="48.93111292981098" lon="2.1035230993360665">
        <ele>71.66</ele>
      </trkpt>
      <trkpt lat="48.93093223082628" lon="2.1031324819563797">
        <ele>72.14000000000001</ele>
      </trkpt>
      <trkpt lat="48.93082919616165" lon="2.102909751702633">
        <ele>72.35000000000001</ele>
      </trkpt>
      <trkpt lat="48.93067438528365" lon="2.1025750966982595">
        <ele>72.51</ele>
      </trkpt>
      <trkpt lat="48.930364763527635" lon="2.101905786689513">
        <ele>72.94</ele>
      </trkpt>
      <trkpt lat="48.929977477451544" lon="2.1010685895548264">
        <ele>73.38</ele>
      </trkpt>
      <trkpt lat="48.92990033089361" lon="2.100901821676393">
        <ele>73.45</ele>
      </trkpt>
      <trkpt lat="48.92982266657354" lon="2.100733934550453">
        <ele>73.49</ele>
      </trkpt>
      <trkpt lat="48.92964196758884" lon="2.1003433171707666">
        <ele>73.52</ele>
      </trkpt>
      <trkpt lat="48.92956482103091" lon="2.1001765492923328">
        <ele>73.57000000000001</ele>
      </trkpt>
      <trkpt lat="48.9292293111682" lon="2.099451276908273">
        <ele>73.9</ele>
      </trkpt>
      <trkpt lat="48.929177534954825" lon="2.099339352157646">
        <ele>73.98</ele>
      </trkpt>
      <trkpt lat="48.929126276503574" lon="2.099228546654526">
        <ele>74.09</ele>
      </trkpt>
      <trkpt lat="48.92887982172788" lon="2.098695784841544">
        <ele>73.92</ele>
      </trkpt>
      <trkpt lat="48.92878144692246" lon="2.0984831278153533">
        <ele>73.89000000000001</ele>
      </trkpt>
      <trkpt lat="48.92878" lon="2.0984800000000003">
        <ele>73.89007635436793</ele>
      </trkpt>
      <trkpt lat="48.928502846564" lon="2.0987430949283823">
        <ele>73.9</ele>
      </trkpt>
      <trkpt lat="48.92827621291906" lon="2.0989582326637977">
        <ele>73.93</ele>
      </trkpt>
      <trkpt lat="48.92790993632117" lon="2.099305930013963">
        <ele>74.11000000000001</ele>
      </trkpt>
      <trkpt lat="48.92770772111609" lon="2.0994978879260335">
        <ele>74.28000000000002</ele>
      </trkpt>
      <trkpt lat="48.92751847820718" lon="2.0996775315569525">
        <ele>74.53000000000002</ele>
      </trkpt>
      <trkpt lat="48.927400000000006" lon="2.09979">
        <ele>74.582101985711</ele>
      </trkpt>
      <trkpt lat="48.927175793434515" lon="2.0999973910730834">
        <ele>74.68</ele>
      </trkpt>
      <trkpt lat="48.9270612831622" lon="2.10010331307497">
        <ele>74.76</ele>
      </trkpt>
      <trkpt lat="48.92700000000001" lon="2.1001600000000002">
        <ele>74.8148826351808</ele>
      </trkpt>
      <trkpt lat="48.926874489974814" lon="2.1002861812017963">
        <ele>74.93</ele>
      </trkpt>
      <trkpt lat="48.92657508263609" lon="2.100587189649279">
        <ele>75.25000000000001</ele>
      </trkpt>
      <trkpt lat="48.92638898484161" lon="2.1007742826191427">
        <ele>75.49</ele>
      </trkpt>
      <trkpt lat="48.926016038858286" lon="2.101149222966007">
        <ele>75.7</ele>
      </trkpt>
      <trkpt lat="48.925903479708396" lon="2.101262384036489">
        <ele>75.73</ele>
      </trkpt>
      <trkpt lat="48.925636339325976" lon="2.1015309529770994">
        <ele>75.69000000000001</ele>
      </trkpt>
      <trkpt lat="48.9255725558077" lon="2.1015950775837062">
        <ele>75.69000000000001</ele>
      </trkpt>
      <trkpt lat="48.925311418579945" lon="2.1018576112672247">
        <ele>75.49</ele>
      </trkpt>
      <trkpt lat="48.92513" lon="2.10204">
        <ele>75.41692262191266</ele>
      </trkpt>
      <trkpt lat="48.92513" lon="2.10205">
        <ele>75.41471425821015</ele>
      </trkpt>
      <trkpt lat="48.92501914489482" lon="2.10216194191994">
        <ele>75.37</ele>
      </trkpt>
      <trkpt lat="48.924944207186584" lon="2.1022376143115906">
        <ele>75.38</ele>
      </trkpt>
      <trkpt lat="48.92468342396192" lon="2.102500954234535">
        <ele>75.52</ele>
      </trkpt>
      <trkpt lat="48.92460923563077" lon="2.102575869902269">
        <ele>75.59</ele>
      </trkpt>
      <trkpt lat="48.9244975784455" lon="2.1026886217658283">
        <ele>75.74</ele>
      </trkpt>
      <trkpt lat="48.924377678112315" lon="2.1028096975924693">
        <ele>75.97000000000001</ele>
      </trkpt>
      <trkpt lat="48.92432522171656" lon="2.1028626682666247">
        <ele>76.00000000000001</ele>
      </trkpt>
      <trkpt lat="48.92421356453128" lon="2.1029754201301842">
        <ele>76.05000000000001</ele>
      </trkpt>
      <trkpt lat="48.924110000000006" lon="2.1030800000000003">
        <ele>76.03144955364557</ele>
      </trkpt>
      <trkpt lat="48.924100907811436" lon="2.1030851955363286">
        <ele>76.03</ele>
      </trkpt>
      <trkpt lat="48.9240167144461" lon="2.1031333060308057">
        <ele>76.04</ele>
      </trkpt>
      <trkpt lat="48.923970000000004" lon="2.1031600000000004">
        <ele>76.05051459552612</ele>
      </trkpt>
      <trkpt lat="48.923930000000006" lon="2.1030900000000003">
        <ele>76.06335890589148</ele>
      </trkpt>
      <trkpt lat="48.923860000000005" lon="2.10303">
        <ele>76.08028769775362</ele>
      </trkpt>
      <trkpt lat="48.92380000000001" lon="2.10303">
        <ele>76.09293084199854</ele>
      </trkpt>
      <trkpt lat="48.92378" lon="2.10297">
        <ele>76.1022460399889</ele>
      </trkpt>
      <trkpt lat="48.92356620980546" lon="2.1026044877319086">
        <ele>76.17</ele>
      </trkpt>
      <trkpt lat="48.92332582977344" lon="2.1021935154190974">
        <ele>76.29</ele>
      </trkpt>
      <trkpt lat="48.92317753562433" lon="2.101939980260945">
        <ele>76.33000000000001</ele>
      </trkpt>
      <trkpt lat="48.92316" lon="2.10191">
        <ele>76.34105241247019</ele>
      </trkpt>
      <trkpt lat="48.92316" lon="2.1019">
        <ele>76.343806039904</ele>
      </trkpt>
      <trkpt lat="48.92294508757587" lon="2.1015289932888703">
        <ele>76.48</ele>
      </trkpt>
      <trkpt lat="48.922708389387516" lon="2.101120377468975">
        <ele>76.58000000000001</ele>
      </trkpt>
      <trkpt lat="48.922619776246655" lon="2.100967403204743">
        <ele>76.64</ele>
      </trkpt>
      <trkpt lat="48.92241340873068" lon="2.1006111477034777">
        <ele>76.82</ele>
      </trkpt>
      <trkpt lat="48.922295059636504" lon="2.10040683979353">
        <ele>76.98</ele>
      </trkpt>
      <trkpt lat="48.92221000000001" lon="2.10026">
        <ele>77.04239341386838</ele>
      </trkpt>
      <trkpt lat="48.92211685383357" lon="2.100102221799717">
        <ele>77.11000000000001</ele>
      </trkpt>
      <trkpt lat="48.921877640083416" lon="2.0996970229984266">
        <ele>77.36000000000001</ele>
      </trkpt>
      <trkpt lat="48.921728582269246" lon="2.0994445373132002">
        <ele>77.48</ele>
      </trkpt>
      <trkpt lat="48.92163902737283" lon="2.0992928422845765">
        <ele>77.62</ele>
      </trkpt>
      <trkpt lat="48.921459917579995" lon="2.098989452227329">
        <ele>77.96</ele>
      </trkpt>
      <trkpt lat="48.921370362683575" lon="2.098837757198705">
        <ele>78.09</ele>
      </trkpt>
      <trkpt lat="48.92128080778716" lon="2.0986860621700814">
        <ele>78.17</ele>
      </trkpt>
      <trkpt lat="48.92115038219976" lon="2.0984651371955083">
        <ele>78.24000000000001</ele>
      </trkpt>
      <trkpt lat="48.92095324121973" lon="2.098131204515048">
        <ele>78.33000000000001</ele>
      </trkpt>
      <trkpt lat="48.92083423538422" lon="2.097929623201843">
        <ele>78.33000000000001</ele>
      </trkpt>
      <trkpt lat="48.920774131426896" lon="2.0978278144578004">
        <ele>78.31</ele>
      </trkpt>
      <trkpt lat="48.92074" lon="2.09777">
        <ele>78.28131953508941</ele>
      </trkpt>
      <trkpt lat="48.92074" lon="2.09776">
        <ele>78.27762931009501</ele>
      </trkpt>
      <trkpt lat="48.92071901911555" lon="2.0977244654738767">
        <ele>78.26</ele>
      </trkpt>
      <trkpt lat="48.92053990098465" lon="2.097421099907099">
        <ele>78.01</ele>
      </trkpt>
      <trkpt lat="48.92039083623141" lon="2.097168634603203">
        <ele>77.89</ele>
      </trkpt>
      <trkpt lat="48.9201834679255" lon="2.0968174227893157">
        <ele>77.59</ele>
      </trkpt>
      <trkpt lat="48.92000675406481" lon="2.0965181292435684">
        <ele>77.2</ele>
      </trkpt>
      <trkpt lat="48.919859492514234" lon="2.0962687179554456">
        <ele>76.9</ele>
      </trkpt>
      <trkpt lat="48.919800587894" lon="2.0961689534401966">
        <ele>76.80000000000001</ele>
      </trkpt>
      <trkpt lat="48.919682778653545" lon="2.095969424409698">
        <ele>76.66000000000001</ele>
      </trkpt>
      <trkpt lat="48.91944655910507" lon="2.0955693483434437">
        <ele>76.48</ele>
      </trkpt>
      <trkpt lat="48.91938765448484" lon="2.0954695838281947">
        <ele>76.45</ele>
      </trkpt>
      <trkpt lat="48.91932874986461" lon="2.0953698193129457">
        <ele>76.45</ele>
      </trkpt>
      <trkpt lat="48.91924039293427" lon="2.095220172540072">
        <ele>76.48</ele>
      </trkpt>
      <trkpt lat="48.91900477445334" lon="2.0948211144790756">
        <ele>76.66000000000001</ele>
      </trkpt>
      <trkpt lat="48.91885751290277" lon="2.0945717031909528">
        <ele>76.82</ele>
      </trkpt>
      <trkpt lat="48.918709049217085" lon="2.094320255892314">
        <ele>77.06</ele>
      </trkpt>
      <trkpt lat="48.9185605855314" lon="2.0940688085936765">
        <ele>77.38000000000001</ele>
      </trkpt>
      <trkpt lat="48.91850168091117" lon="2.093969044078427">
        <ele>77.48</ele>
      </trkpt>
      <trkpt lat="48.918382068468055" lon="2.093766461032156">
        <ele>77.61000000000001</ele>
      </trkpt>
      <trkpt lat="48.91831895637495" lon="2.0936595704801033">
        <ele>77.72000000000001</ele>
      </trkpt>
      <trkpt lat="48.91831895637495" lon="2.0936595704801033">
        <ele>77.73</ele>
      </trkpt>
      <trkpt lat="48.91826786563291" lon="2.0935730400332035">
        <ele>77.82</ele>
      </trkpt>
      <trkpt lat="48.91817830656746" lon="2.0934213572498144">
        <ele>77.93</ele>
      </trkpt>
      <trkpt lat="48.918118800879675" lon="2.093320574729308">
        <ele>77.97000000000001</ele>
      </trkpt>
      <trkpt lat="48.918029241814224" lon="2.093168891945919">
        <ele>77.96</ele>
      </trkpt>
      <trkpt lat="48.9179" lon="2.09295">
        <ele>78.09676212199909</ele>
      </trkpt>
      <trkpt lat="48.9179" lon="2.09294">
        <ele>78.10140972260142</ele>
      </trkpt>
      <trkpt lat="48.91786348459223" lon="2.09287830155239">
        <ele>78.14</ele>
      </trkpt>
      <trkpt lat="48.91761" lon="2.0924500000000004">
        <ele>78.36957374103787</ele>
      </trkpt>
      <trkpt lat="48.9176582281206" lon="2.0924712037426754">
        <ele>78.4</ele>
      </trkpt>
      <trkpt lat="48.9177420347712" lon="2.0925080497700965">
        <ele>78.42</ele>
      </trkpt>
      <trkpt lat="48.91799518269519" lon="2.0926193475642654">
        <ele>78.37</ele>
      </trkpt>
      <trkpt lat="48.91824919460528" lon="2.092731025214387">
        <ele>78.37</ele>
      </trkpt>
      <trkpt lat="48.918377064546405" lon="2.092787243895401">
        <ele>78.4</ele>
      </trkpt>
      <trkpt lat="48.91849111071011" lon="2.09283738488117">
        <ele>78.45</ele>
      </trkpt>
      <trkpt lat="48.91863626037302" lon="2.092901200681239">
        <ele>78.52000000000001</ele>
      </trkpt>
      <trkpt lat="48.91877" lon="2.09296">
        <ele>78.54339451797611</ele>
      </trkpt>
      <trkpt lat="48.91888511841061" lon="2.0926785994407364">
        <ele>78.58000000000001</ele>
      </trkpt>
      <trkpt lat="48.91895" lon="2.0925200000000004">
        <ele>78.58000000000001</ele>
      </trkpt>
      <trkpt lat="48.91897963910478" lon="2.092448953322362">
        <ele>78.58000000000001</ele>
      </trkpt>
      <trkpt lat="48.91914689628444" lon="2.0920480280240694">
        <ele>78.67999999999999</ele>
      </trkpt>
      <trkpt lat="48.919218233640606" lon="2.0918770281850283">
        <ele>78.66000000000001</ele>
      </trkpt>
      <trkpt lat="48.91929149903342" lon="2.091701406728716">
        <ele>78.75</ele>
      </trkpt>
      <trkpt lat="48.919519971376815" lon="2.0911537450820568">
        <ele>78.71</ele>
      </trkpt>
      <trkpt lat="48.91955226599075" lon="2.091076332992761">
        <ele>78.71</ele>
      </trkpt>
      <trkpt lat="48.919630000000005" lon="2.0908900000000004">
        <ele>78.76202284264575</ele>
      </trkpt>
      <trkpt lat="48.919670023518286" lon="2.090788121953468">
        <ele>78.79</ele>
      </trkpt>
      <trkpt lat="48.91971570973316" lon="2.0906718297701476">
        <ele>78.79</ele>
      </trkpt>
      <trkpt lat="48.91980662068599" lon="2.090440420072025">
        <ele>78.66000000000001</ele>
      </trkpt>
      <trkpt lat="48.919850000000004" lon="2.0903300000000002">
        <ele>78.63151483387662</ele>
      </trkpt>
      <trkpt lat="48.91985228472345" lon="2.090324107818495">
        <ele>78.63000000000001</ele>
      </trkpt>
      <trkpt lat="48.92003327276255" lon="2.0898573491913273">
        <ele>78.65</ele>
      </trkpt>
      <trkpt lat="48.92004000000001" lon="2.08984">
        <ele>78.6523933540722</ele>
      </trkpt>
      <trkpt lat="48.92015412265362" lon="2.0895753677597266">
        <ele>78.69000000000001</ele>
      </trkpt>
      <trkpt lat="48.9203253454633" lon="2.0891783293604855">
        <ele>78.78</ele>
      </trkpt>
      <trkpt lat="48.920383077649845" lon="2.0890444576235656">
        <ele>78.77000000000001</ele>
      </trkpt>
      <trkpt lat="48.92044870483626" lon="2.0888922786405715">
        <ele>78.76</ele>
      </trkpt>
      <trkpt lat="48.92064361264554" lon="2.088440318503107">
        <ele>78.58000000000001</ele>
      </trkpt>
      <trkpt lat="48.920717134831825" lon="2.088269832274038">
        <ele>78.48</ele>
      </trkpt>
      <trkpt lat="48.920730000000006" lon="2.0882400000000003">
        <ele>78.4500518134775</ele>
      </trkpt>
      <trkpt lat="48.920790615060326" lon="2.0881009419204286">
        <ele>78.31</ele>
      </trkpt>
      <trkpt lat="48.92088904884901" lon="2.087875123228753">
        <ele>77.98</ele>
      </trkpt>
      <trkpt lat="48.92096212848" lon="2.08770746995766">
        <ele>77.68</ele>
      </trkpt>
      <trkpt lat="48.921240000000004" lon="2.08707">
        <ele>76.45782845223631</ele>
      </trkpt>
      <trkpt lat="48.92130011134251" lon="2.0869221070144657">
        <ele>76.18</ele>
      </trkpt>
      <trkpt lat="48.921369656066226" lon="2.086751004916455">
        <ele>75.9</ele>
      </trkpt>
      <trkpt lat="48.921462382364496" lon="2.0865228687857735">
        <ele>75.58000000000001</ele>
      </trkpt>
      <trkpt lat="48.92155510866277" lon="2.0862947326550927">
        <ele>75.31</ele>
      </trkpt>
      <trkpt lat="48.92160147181191" lon="2.086180664589752">
        <ele>75.2</ele>
      </trkpt>
      <trkpt lat="48.921671016535626" lon="2.086009562491741">
        <ele>75.09</ele>
      </trkpt>
      <trkpt lat="48.92173914197926" lon="2.0858419522732814">
        <ele>74.89000000000001</ele>
      </trkpt>
      <trkpt lat="48.921784085848316" lon="2.0857313760874923">
        <ele>74.78</ele>
      </trkpt>
      <trkpt lat="48.921850792011874" lon="2.0855672577485835">
        <ele>74.75000000000001</ele>
      </trkpt>
      <trkpt lat="48.921870000000006" lon="2.0855200000000003">
        <ele>74.7584585084999</ele>
      </trkpt>
      <trkpt lat="48.92187723528521" lon="2.085378911938494">
        <ele>74.78</ele>
      </trkpt>
      <trkpt lat="48.921890000000005" lon="2.0851300000000004">
        <ele>74.83905683677033</ele>
      </trkpt>
      <trkpt lat="48.921960000000006" lon="2.08508">
        <ele>74.86689313432433</ele>
      </trkpt>
      <trkpt lat="48.92196859280888" lon="2.085081227544125">
        <ele>74.87</ele>
      </trkpt>
      <trkpt lat="48.92203037445553" lon="2.0850900534936465">
        <ele>74.93</ele>
      </trkpt>
      <trkpt lat="48.92210000000001" lon="2.0851">
        <ele>74.7939193846197</ele>
      </trkpt>
      <trkpt lat="48.9221690606201" lon="2.08514028536172">
        <ele>74.65</ele>
      </trkpt>
      <trkpt lat="48.92219929156555" lon="2.085157920079899">
        <ele>74.47000000000001</ele>
      </trkpt>
      <trkpt lat="48.92222364427161" lon="2.0851721258250993">
        <ele>74.55</ele>
      </trkpt>
      <trkpt lat="48.922340000000005" lon="2.08524">
        <ele>74.46892753530207</ele>
      </trkpt>
      <trkpt lat="48.92238426770541" lon="2.085233676042086">
        <ele>74.44</ele>
      </trkpt>
      <trkpt lat="48.922410000000006" lon="2.08523">
        <ele>74.2992387023778</ele>
      </trkpt>
      <trkpt lat="48.92242450138071" lon="2.0852132089275983">
        <ele>74.2</ele>
      </trkpt>
      <trkpt lat="48.922456708801924" lon="2.0851759161240997">
        <ele>74.32000000000001</ele>
      </trkpt>
      <trkpt lat="48.9226" lon="2.08501">
        <ele>74.42497668372906</ele>
      </trkpt>
      <trkpt lat="48.92257360416751" lon="2.084927879632247">
        <ele>74.46000000000001</ele>
      </trkpt>
      <trkpt lat="48.92251472235902" lon="2.084744691783603">
        <ele>74.15</ele>
      </trkpt>
      <trkpt lat="48.92251" lon="2.08473">
        <ele>74.1308801662508</ele>
      </trkpt>
      <trkpt lat="48.92246353305251" lon="2.084632419410263">
        <ele>73.99</ele>
      </trkpt>
      <trkpt lat="48.922410759750235" lon="2.084521595475472">
        <ele>73.89000000000001</ele>
      </trkpt>
      <trkpt lat="48.922410000000006" lon="2.0845200000000004">
        <ele>73.88892026338351</ele>
      </trkpt>
      <trkpt lat="48.92230000000001" lon="2.08435">
        <ele>73.75817769387677</ele>
      </trkpt>
      <trkpt lat="48.92228110378115" lon="2.0843334658085038">
        <ele>73.74</ele>
      </trkpt>
      <trkpt lat="48.92222" lon="2.08428">
        <ele>73.63027673230502</ele>
      </trkpt>
      <trkpt lat="48.922270000000005" lon="2.08421">
        <ele>73.52451526698121</ele>
      </trkpt>
      <trkpt lat="48.92229649808073" lon="2.0838756194575194">
        <ele>73.18</ele>
      </trkpt>
      <trkpt lat="48.922328802001545" lon="2.0834679747424607">
        <ele>72.82000000000001</ele>
      </trkpt>
      <trkpt lat="48.92237187389597" lon="2.0829244484557163">
        <ele>72.39000000000001</ele>
      </trkpt>
      <trkpt lat="48.922398793829984" lon="2.0825847445265007">
        <ele>72.09</ele>
      </trkpt>
      <trkpt lat="48.92240363941811" lon="2.082523597819242">
        <ele>72.01</ele>
      </trkpt>
      <trkpt lat="48.92240363941811" lon="2.082523597819242">
        <ele>72</ele>
      </trkpt>
      <trkpt lat="48.922414299711974" lon="2.0823890750632725">
        <ele>71.85000000000001</ele>
      </trkpt>
      <trkpt lat="48.92242506768558" lon="2.0822531934915864">
        <ele>71.66</ele>
      </trkpt>
      <trkpt lat="48.92244660363279" lon="2.081981430348214">
        <ele>71.24000000000001</ele>
      </trkpt>
      <trkpt lat="48.9224627555932" lon="2.0817776079906847">
        <ele>71</ele>
      </trkpt>
      <trkpt lat="48.92247890755361" lon="2.0815737856331555">
        <ele>70.85000000000001</ele>
      </trkpt>
      <trkpt lat="48.92248000000001" lon="2.08156">
        <ele>70.84523373782636</ele>
      </trkpt>
      <trkpt lat="48.92249413861229" lon="2.0813711751123334">
        <ele>70.78</ele>
      </trkpt>
      <trkpt lat="48.9225095138996" lon="2.081165834104129">
        <ele>70.76</ele>
      </trkpt>
      <trkpt lat="48.92252478736381" lon="2.080961852970151">
        <ele>70.79</ele>
      </trkpt>
      <trkpt lat="48.922539857181846" lon="2.080760591584626">
        <ele>70.87</ele>
      </trkpt>
      <trkpt lat="48.922555232469165" lon="2.0805552505764218">
        <ele>71</ele>
      </trkpt>
      <trkpt lat="48.9225857793976" lon="2.0801472883084657">
        <ele>71.36</ele>
      </trkpt>
      <trkpt lat="48.92264687325448" lon="2.079331363772554">
        <ele>71.97</ele>
      </trkpt>
      <trkpt lat="48.922672329028174" lon="2.0789913952159242">
        <ele>72.33</ele>
      </trkpt>
      <trkpt lat="48.92271305826609" lon="2.078447445525316">
        <ele>72.97</ele>
      </trkpt>
      <trkpt lat="48.922723240575564" lon="2.078311458102664">
        <ele>73.11000000000001</ele>
      </trkpt>
      <trkpt lat="48.922733422885045" lon="2.078175470680012">
        <ele>73.21000000000001</ele>
      </trkpt>
      <trkpt lat="48.92278382531697" lon="2.0775023329378848">
        <ele>73.41</ele>
      </trkpt>
      <trkpt lat="48.922809077444484" lon="2.0771650841297085">
        <ele>73.46000000000001</ele>
      </trkpt>
      <trkpt lat="48.92284939939002" lon="2.0766265739360064">
        <ele>73.68</ele>
      </trkpt>
      <trkpt lat="48.922879742672265" lon="2.0762213314165034">
        <ele>73.96000000000001</ele>
      </trkpt>
      <trkpt lat="48.92290998413142" lon="2.075817448771227">
        <ele>74.14000000000001</ele>
      </trkpt>
      <trkpt lat="48.92293014510419" lon="2.075548193674376">
        <ele>74.36000000000001</ele>
      </trkpt>
      <trkpt lat="48.92294032741367" lon="2.075412206251724">
        <ele>74.44</ele>
      </trkpt>
      <trkpt lat="48.92297566002756" lon="2.0749403298951217">
        <ele>74.55</ele>
      </trkpt>
      <trkpt lat="48.92300590148672" lon="2.0745364472498453">
        <ele>74.75000000000001</ele>
      </trkpt>
      <trkpt lat="48.92302107312784" lon="2.074333825990094">
        <ele>74.87</ele>
      </trkpt>
      <trkpt lat="48.92304622343225" lon="2.0739979370561437">
        <ele>74.95</ele>
      </trkpt>
      <trkpt lat="48.923071475559766" lon="2.073660688247967">
        <ele>75.16</ele>
      </trkpt>
      <trkpt lat="48.92310680817366" lon="2.0731888118913644">
        <ele>75.36000000000001</ele>
      </trkpt>
      <trkpt lat="48.92314723194229" lon="2.072648941823436">
        <ele>75.7</ele>
      </trkpt>
      <trkpt lat="48.92316739291506" lon="2.072379686726585">
        <ele>75.9</ele>
      </trkpt>
      <trkpt lat="48.92320292917514" lon="2.0719050906215295">
        <ele>75.80000000000001</ele>
      </trkpt>
      <trkpt lat="48.923233374280485" lon="2.0714984882278005">
        <ele>75.78</ele>
      </trkpt>
      <trkpt lat="48.92324000000001" lon="2.07141">
        <ele>75.7670146780368</ele>
      </trkpt>
      <trkpt lat="48.923300000000005" lon="2.07117">
        <ele>75.72957509433166</ele>
      </trkpt>
      <trkpt lat="48.92338728498936" lon="2.070933294944126">
        <ele>75.69000000000001</ele>
      </trkpt>
      <trkpt lat="48.923577422287785" lon="2.070417668372122">
        <ele>75.43</ele>
      </trkpt>
      <trkpt lat="48.923577422287785" lon="2.070417668372122">
        <ele>75.44000000000001</ele>
      </trkpt>
      <trkpt lat="48.923629357938744" lon="2.070276825928843">
        <ele>75.36000000000001</ele>
      </trkpt>
      <trkpt lat="48.92367337120227" lon="2.070157467926064">
        <ele>75.26</ele>
      </trkpt>
      <trkpt lat="48.923717384465796" lon="2.0700381099232854">
        <ele>75.13</ele>
      </trkpt>
      <trkpt lat="48.923761397729315" lon="2.0699187519205062">
        <ele>74.96000000000001</ele>
      </trkpt>
      <trkpt lat="48.923871430888134" lon="2.0696203569135596">
        <ele>74.46000000000001</ele>
      </trkpt>
      <trkpt lat="48.92389000000001" lon="2.06957">
        <ele>74.34186853442299</ele>
      </trkpt>
      <trkpt lat="48.92393774180875" lon="2.069441567810291">
        <ele>74.04</ele>
      </trkpt>
      <trkpt lat="48.924026308220434" lon="2.069203311688716">
        <ele>73.42</ele>
      </trkpt>
      <trkpt lat="48.92407059142627" lon="2.0690841836279286">
        <ele>73.08</ele>
      </trkpt>
      <trkpt lat="48.924247281417585" lon="2.068608862665387">
        <ele>71.38</ele>
      </trkpt>
      <trkpt lat="48.92429156462343" lon="2.0684897346045994">
        <ele>70.92000000000002</ele>
      </trkpt>
      <trkpt lat="48.924380131035115" lon="2.068251478483025">
        <ele>69.9</ele>
      </trkpt>
      <trkpt lat="48.92442441424095" lon="2.0681323504222373">
        <ele>69.42</ele>
      </trkpt>
      <trkpt lat="48.9245346794235" lon="2.0678357215508765">
        <ele>68.31</ele>
      </trkpt>
      <trkpt lat="48.92457896262935" lon="2.067716593490089">
        <ele>67.9</ele>
      </trkpt>
      <trkpt lat="48.924600000000005" lon="2.06766">
        <ele>67.72422620502218</ele>
      </trkpt>
      <trkpt lat="48.92462181735885" lon="2.067596283395186">
        <ele>67.53</ele>
      </trkpt>
      <trkpt lat="48.92468416030665" lon="2.067414213649923">
        <ele>67.04</ele>
      </trkpt>
      <trkpt lat="48.92480884620224" lon="2.0670500741593973">
        <ele>66.2</ele>
      </trkpt>
      <trkpt lat="48.92491233549557" lon="2.0667478383822604">
        <ele>65.57000000000001</ele>
      </trkpt>
      <trkpt lat="48.92495389746077" lon="2.066626458552085">
        <ele>65.25</ele>
      </trkpt>
      <trkpt lat="48.924995459425965" lon="2.06650507872191">
        <ele>64.89</ele>
      </trkpt>
      <trkpt lat="48.92505780237376" lon="2.066323008976647">
        <ele>64.30000000000001</ele>
      </trkpt>
      <trkpt lat="48.92522321899524" lon="2.065839917252549">
        <ele>62.6</ele>
      </trkpt>
      <trkpt lat="48.92530551168633" lon="2.065599585188802">
        <ele>61.71000000000001</ele>
      </trkpt>
      <trkpt lat="48.925326292668935" lon="2.0655388952737144">
        <ele>61.50000000000001</ele>
      </trkpt>
      <trkpt lat="48.92534665803187" lon="2.0654794191569286">
        <ele>61.32000000000001</ele>
      </trkpt>
      <trkpt lat="48.925387804377415" lon="2.0653592531250546">
        <ele>61.01</ele>
      </trkpt>
      <trkpt lat="48.92542895072296" lon="2.065239087093181">
        <ele>60.79</ele>
      </trkpt>
      <trkpt lat="48.92544931608591" lon="2.0651796109763954">
        <ele>60.71000000000001</ele>
      </trkpt>
      <trkpt lat="48.925470097068505" lon="2.0651189210613077">
        <ele>60.65</ele>
      </trkpt>
      <trkpt lat="48.92548000000001" lon="2.06509">
        <ele>60.64027473114574</ele>
      </trkpt>
      <trkpt lat="48.925515773563326" lon="2.065004309836694">
        <ele>60.61</ele>
      </trkpt>
      <trkpt lat="48.925563521105005" lon="2.064889937818247">
        <ele>60.660000000000004</ele>
      </trkpt>
      <trkpt lat="48.92561126864669" lon="2.0647755657998">
        <ele>60.77</ele>
      </trkpt>
      <trkpt lat="48.925635383566735" lon="2.064717802154119">
        <ele>60.85000000000001</ele>
      </trkpt>
      <trkpt lat="48.92568264881001" lon="2.0646045854085857">
        <ele>61.050000000000004</ele>
      </trkpt>
      <trkpt lat="48.92570676373005" lon="2.064546821762905">
        <ele>61.18000000000001</ele>
      </trkpt>
      <trkpt lat="48.925778143893375" lon="2.064375841371691">
        <ele>61.620000000000005</ele>
      </trkpt>
      <trkpt lat="48.92586206381512" lon="2.064174823884723">
        <ele>62.2</ele>
      </trkpt>
      <trkpt lat="48.92591" lon="2.06406">
        <ele>62.538833410654846</ele>
      </trkpt>
      <trkpt lat="48.925984628583336" lon="2.063940201484654">
        <ele>62.95</ele>
      </trkpt>
      <trkpt lat="48.92613746361663" lon="2.0636948610364696">
        <ele>63.72</ele>
      </trkpt>
      <trkpt lat="48.92622904088354" lon="2.063547855423792">
        <ele>64.11</ele>
      </trkpt>
      <trkpt lat="48.92629" lon="2.06345">
        <ele>64.33209112548928</ele>
      </trkpt>
      <trkpt lat="48.92644339912245" lon="2.0632045614040946">
        <ele>64.89</ele>
      </trkpt>
      <trkpt lat="48.92665724318893" lon="2.062862410897719">
        <ele>64.71000000000001</ele>
      </trkpt>
      <trkpt lat="48.926748979194265" lon="2.0627156332891867">
        <ele>64.69000000000001</ele>
      </trkpt>
      <trkpt lat="48.92689000000001" lon="2.0624900000000004">
        <ele>64.73601374494486</ele>
      </trkpt>
      <trkpt lat="48.926740291858685" lon="2.062298424327625">
        <ele>64.78</ele>
      </trkpt>
      <trkpt lat="48.92653653950238" lon="2.0620376903801585">
        <ele>64.89</ele>
      </trkpt>
      <trkpt lat="48.926299057870885" lon="2.061733794394092">
        <ele>64.94000000000001</ele>
      </trkpt>
      <trkpt lat="48.92620613027595" lon="2.0616148785734567">
        <ele>64.94000000000001</ele>
      </trkpt>
      <trkpt lat="48.92613247655255" lon="2.0615206267748794">
        <ele>64.95</ele>
      </trkpt>
      <trkpt lat="48.925962453471456" lon="2.061303054866014">
        <ele>65.05000000000001</ele>
      </trkpt>
      <trkpt lat="48.92589430656851" lon="2.0612158499308815">
        <ele>65.05000000000001</ele>
      </trkpt>
      <trkpt lat="48.92571" lon="2.0609800000000003">
        <ele>64.99479376294724</ele>
      </trkpt>
      <trkpt lat="48.925700000000006" lon="2.0609800000000003">
        <ele>64.9925010859848</ele>
      </trkpt>
      <trkpt lat="48.925557792119456" lon="2.060799008152029">
        <ele>64.95</ele>
      </trkpt>
      <trkpt lat="48.92519007901538" lon="2.0603310096559313">
        <ele>64.69000000000001</ele>
      </trkpt>
      <trkpt lat="48.92515" lon="2.06028">
        <ele>64.65722873397138</ele>
      </trkpt>
      <trkpt lat="48.92505409759732" lon="2.0601624857882603">
        <ele>64.58</ele>
      </trkpt>
      <trkpt lat="48.924951824478" lon="2.0600371652054434">
        <ele>64.53</ele>
      </trkpt>
      <trkpt lat="48.924813825817026" lon="2.0598680682546564">
        <ele>64.43</ele>
      </trkpt>
      <trkpt lat="48.92464080211518" lon="2.0596560532960555">
        <ele>64.25</ele>
      </trkpt>
      <trkpt lat="48.924536427493415" lon="2.0595281576327698">
        <ele>64.16000000000001</ele>
      </trkpt>
      <trkpt lat="48.924440000000004" lon="2.05941">
        <ele>64.1233152715556</ele>
      </trkpt>
      <trkpt lat="48.923991475637095" lon="2.0588387216009316">
        <ele>63.95</ele>
      </trkpt>
      <trkpt lat="48.923991475637095" lon="2.0588387216009316">
        <ele>63.94000000000001</ele>
      </trkpt>
      <trkpt lat="48.92379353991491" lon="2.0585866139968783">
        <ele>63.86</ele>
      </trkpt>
      <trkpt lat="48.923656984956736" lon="2.0584126861027925">
        <ele>63.74</ele>
      </trkpt>
      <trkpt lat="48.92349" lon="2.0582000000000003">
        <ele>63.66028890437771</ele>
      </trkpt>
      <trkpt lat="48.92348934044016" lon="2.0581993404401637">
        <ele>63.660000000000004</ele>
      </trkpt>
      <trkpt lat="48.923480000000005" lon="2.05819">
        <ele>63.65743233602058</ele>
      </trkpt>
      <trkpt lat="48.92332428551387" lon="2.0579836783058703">
        <ele>63.61</ele>
      </trkpt>
      <trkpt lat="48.923080000000006" lon="2.0576600000000003">
        <ele>63.42339156795955</ele>
      </trkpt>
      <trkpt lat="48.92306794250246" lon="2.057629757424206">
        <ele>63.410000000000004</ele>
      </trkpt>
      <trkpt lat="48.92288740002058" lon="2.0571769213630717">
        <ele>63.34</ele>
      </trkpt>
      <trkpt lat="48.922865007154606" lon="2.057120755650063">
        <ele>63.36</ele>
      </trkpt>
      <trkpt lat="48.92281975490462" lon="2.0570072541050237">
        <ele>63.45</ele>
      </trkpt>
      <trkpt lat="48.922738580765476" lon="2.0568036533953666">
        <ele>63.86</ele>
      </trkpt>
      <trkpt lat="48.922704524948486" lon="2.0567182347068322">
        <ele>64</ele>
      </trkpt>
      <trkpt lat="48.9226672035052" lon="2.0566246251851505">
        <ele>64.12</ele>
      </trkpt>
      <trkpt lat="48.922558971319674" lon="2.056353157572274">
        <ele>64.14</ele>
      </trkpt>
      <trkpt lat="48.922470000000004" lon="2.05613">
        <ele>64.15857599678247</ele>
      </trkpt>
      <trkpt lat="48.9224018982501" lon="2.0560074168501763">
        <ele>64.17</ele>
      </trkpt>
      <trkpt lat="48.92237" lon="2.05595">
        <ele>64.18494854841917</ele>
      </trkpt>
      <trkpt lat="48.92235" lon="2.05586">
        <ele>64.20383737857492</ele>
      </trkpt>
      <trkpt lat="48.922337906979784" lon="2.0558350581457883">
        <ele>64.21000000000001</ele>
      </trkpt>
      <trkpt lat="48.92223271607941" lon="2.0556181019137716">
        <ele>64.31</ele>
      </trkpt>
      <trkpt lat="48.92219" lon="2.05553">
        <ele>64.3748632894504</ele>
      </trkpt>
      <trkpt lat="48.92219" lon="2.05552">
        <ele>64.3807874246107</ele>
      </trkpt>
      <trkpt lat="48.92215743894737" lon="2.055453327368428">
        <ele>64.43</ele>
      </trkpt>
      <trkpt lat="48.92202600487688" lon="2.0551842004621657">
        <ele>64.72</ele>
      </trkpt>
      <trkpt lat="48.921980000000005" lon="2.0550900000000003">
        <ele>64.78929737620139</ele>
      </trkpt>
      <trkpt lat="48.92197328360425" lon="2.055075029720323">
        <ele>64.80000000000001</ele>
      </trkpt>
      <trkpt lat="48.921798838312334" lon="2.054686205876879">
        <ele>65.05000000000001</ele>
      </trkpt>
      <trkpt lat="48.92164924133235" lon="2.054352766825088">
        <ele>65.17</ele>
      </trkpt>
      <trkpt lat="48.921524999772686" lon="2.054075842866821">
        <ele>65.32000000000001</ele>
      </trkpt>
      <trkpt lat="48.921524999772686" lon="2.054075842866821">
        <ele>65.33</ele>
      </trkpt>
      <trkpt lat="48.921456033029365" lon="2.053922121812436">
        <ele>65.43</ele>
      </trkpt>
      <trkpt lat="48.9213312843613" lon="2.0536440675522987">
        <ele>65.66000000000001</ele>
      </trkpt>
      <trkpt lat="48.921157346177786" lon="2.053256374010725">
        <ele>65.9</ele>
      </trkpt>
      <trkpt lat="48.921150000000004" lon="2.05324">
        <ele>65.90441958120167</ele>
      </trkpt>
      <trkpt lat="48.921150000000004" lon="2.05322">
        <ele>65.9088778367667</ele>
      </trkpt>
      <trkpt lat="48.92101265950143" lon="2.052922092300892">
        <ele>65.99000000000001</ele>
      </trkpt>
      <trkpt lat="48.92086028875121" lon="2.052591582217691">
        <ele>66.23</ele>
      </trkpt>
      <trkpt lat="48.920707918000986" lon="2.0522610721344896">
        <ele>66.29</ele>
      </trkpt>
      <trkpt lat="48.92050492917104" lon="2.051820765481276">
        <ele>66.48</ele>
      </trkpt>
      <trkpt lat="48.920179527229884" lon="2.051114930388338">
        <ele>66.9</ele>
      </trkpt>
      <trkpt lat="48.9201273596171" lon="2.051001772698835">
        <ele>66.95</ele>
      </trkpt>
      <trkpt lat="48.92002560694661" lon="2.0507810591856463">
        <ele>66.98</ele>
      </trkpt>
      <trkpt lat="48.919974988866876" lon="2.0506712626156336">
        <ele>67.02000000000001</ele>
      </trkpt>
      <trkpt lat="48.91987323619639" lon="2.050450549102445">
        <ele>67.11</ele>
      </trkpt>
      <trkpt lat="48.919790000000006" lon="2.0502700000000003">
        <ele>67.22510775946539</ele>
      </trkpt>
      <trkpt lat="48.919790000000006" lon="2.05026">
        <ele>67.23032689122581</ele>
      </trkpt>
      <trkpt lat="48.91977590896733" lon="2.050228999728115">
        <ele>67.25</ele>
      </trkpt>
      <trkpt lat="48.91969" lon="2.05004">
        <ele>67.25</ele>
      </trkpt>
      <trkpt lat="48.9196262087206" lon="2.0498254293329303">
        <ele>67.25</ele>
      </trkpt>
      <trkpt lat="48.91957134477354" lon="2.0496408869655207">
        <ele>67.11</ele>
      </trkpt>
      <trkpt lat="48.91953464524138" lon="2.0495174430846186">
        <ele>67.05000000000001</ele>
      </trkpt>
      <trkpt lat="48.919516480826466" lon="2.049456344598111">
        <ele>67.04</ele>
      </trkpt>
      <trkpt lat="48.919479781294314" lon="2.049332900717209">
        <ele>67.05000000000001</ele>
      </trkpt>
      <trkpt lat="48.919470000000004" lon="2.0493">
        <ele>67.0606609471343</ele>
      </trkpt>
      <trkpt lat="48.91935843050677" lon="2.0491377171007485">
        <ele>67.13000000000001</ele>
      </trkpt>
      <trkpt lat="48.91929471891909" lon="2.049045045700487">
        <ele>67.13000000000001</ele>
      </trkpt>
      <trkpt lat="48.919250000000005" lon="2.0489800000000002">
        <ele>67.10736162747519</ele>
      </trkpt>
      <trkpt lat="48.919081580107786" lon="2.048614452279386">
        <ele>67</ele>
      </trkpt>
      <trkpt lat="48.919005169743365" lon="2.0484486070566272">
        <ele>66.98</ele>
      </trkpt>
      <trkpt lat="48.91892824309271" lon="2.0482816412580394">
        <ele>66.99000000000001</ele>
      </trkpt>
      <trkpt lat="48.91876251520774" lon="2.047921936416786">
        <ele>67.07000000000001</ele>
      </trkpt>
      <trkpt lat="48.91876251520774" lon="2.047921936416786">
        <ele>67.08</ele>
      </trkpt>
      <trkpt lat="48.91872689145676" lon="2.0478446166845536">
        <ele>67.10000000000001</ele>
      </trkpt>
      <trkpt lat="48.918574070727935" lon="2.047512926239037">
        <ele>67.27000000000001</ele>
      </trkpt>
      <trkpt lat="48.91839543568681" lon="2.047125207002047">
        <ele>67.35000000000001</ele>
      </trkpt>
      <trkpt lat="48.91837" lon="2.04707">
        <ele>67.38519045463435</ele>
      </trkpt>
      <trkpt lat="48.91836000000001" lon="2.04707">
        <ele>67.3931329426828</ele>
      </trkpt>
      <trkpt lat="48.91834072781362" lon="2.047027695200626">
        <ele>67.42</ele>
      </trkpt>
      <trkpt lat="48.918239278750704" lon="2.046805002135679">
        <ele>67.60000000000001</ele>
      </trkpt>
      <trkpt lat="48.91818855421925" lon="2.0466936556032063">
        <ele>67.67</ele>
      </trkpt>
      <trkpt lat="48.918011786912636" lon="2.0463056298082236">
        <ele>67.77000000000001</ele>
      </trkpt>
      <trkpt lat="48.91793595629995" lon="2.0461391723657383">
        <ele>67.87</ele>
      </trkpt>
      <trkpt lat="48.9178088887868" lon="2.0458602436783306">
        <ele>67.48</ele>
      </trkpt>
      <trkpt lat="48.91773254580511" lon="2.0456926615233963">
        <ele>67.31</ele>
      </trkpt>
      <trkpt lat="48.91757985984172" lon="2.0453574972135273">
        <ele>67.14</ele>
      </trkpt>
      <trkpt lat="48.91754" lon="2.0452700000000004">
        <ele>67.08136041300327</ele>
      </trkpt>
      <trkpt lat="48.91746575369401" lon="2.0453914416322867">
        <ele>66.99000000000001</ele>
      </trkpt>
      <trkpt lat="48.917343852472975" lon="2.045590830451187">
        <ele>66.87</ele>
      </trkpt>
      <trkpt lat="48.9171613069259" lon="2.0458894127026053">
        <ele>66.55000000000001</ele>
      </trkpt>
      <trkpt lat="48.91700938982632" lon="2.046137897260833">
        <ele>66.37</ele>
      </trkpt>
      <trkpt lat="48.91679621583175" lon="2.046486577205443">
        <ele>66</ele>
      </trkpt>
      <trkpt lat="48.91672577040251" lon="2.046601801899782">
        <ele>65.91000000000001</ele>
      </trkpt>
      <trkpt lat="48.91667431461072" lon="2.046685966024343">
        <ele>65.85000000000001</ele>
      </trkpt>
      <trkpt lat="48.91646114061614" lon="2.0470346459689526">
        <ele>65.71000000000001</ele>
      </trkpt>
      <trkpt lat="48.91630861094762" lon="2.047284132481044">
        <ele>65.59</ele>
      </trkpt>
      <trkpt lat="48.916250000000005" lon="2.04738">
        <ele>65.57715697018149</ele>
      </trkpt>
      <trkpt lat="48.916217424263195" lon="2.047433544027169">
        <ele>65.57000000000001</ele>
      </trkpt>
      <trkpt lat="48.91609645530032" lon="2.0476323780695913">
        <ele>65.61</ele>
      </trkpt>
      <trkpt lat="48.915944327665194" lon="2.047882426941122">
        <ele>65.77000000000001</ele>
      </trkpt>
      <trkpt lat="48.915853295465865" lon="2.0480320545791066">
        <ele>65.84</ele>
      </trkpt>
      <trkpt lat="48.91573232650299" lon="2.0482308886215286">
        <ele>65.83</ele>
      </trkpt>
      <trkpt lat="48.915641294303654" lon="2.0483805162595132">
        <ele>65.80000000000001</ele>
      </trkpt>
      <trkpt lat="48.9154286821871" lon="2.0487299821522553">
        <ele>65.59</ele>
      </trkpt>
      <trkpt lat="48.915380000000006" lon="2.04881">
        <ele>65.56585387891234</ele>
      </trkpt>
      <trkpt lat="48.91530579066414" lon="2.048926036416073">
        <ele>65.53</ele>
      </trkpt>
      <trkpt lat="48.915212337346006" lon="2.0490721634226174">
        <ele>65.53</ele>
      </trkpt>
      <trkpt lat="48.9150567908836" lon="2.049315381527469">
        <ele>65.59</ele>
      </trkpt>
      <trkpt lat="48.91483852407345" lon="2.049656671448794">
        <ele>65.60000000000001</ele>
      </trkpt>
      <trkpt lat="48.91474507075531" lon="2.049802798455338">
        <ele>65.68</ele>
      </trkpt>
      <trkpt lat="48.91452743114864" lon="2.050143107658498">
        <ele>65.99000000000001</ele>
      </trkpt>
      <trkpt lat="48.91430916433849" lon="2.050484397579823">
        <ele>66.41000000000001</ele>
      </trkpt>
      <trkpt lat="48.914125393719594" lon="2.050771748002087">
        <ele>66.87</ele>
      </trkpt>
      <trkpt lat="48.91399869861715" lon="2.050969853071362">
        <ele>67.22</ele>
      </trkpt>
      <trkpt lat="48.91399869861715" lon="2.050969853071362">
        <ele>67.21000000000001</ele>
      </trkpt>
      <trkpt lat="48.913760988499206" lon="2.051341545255793">
        <ele>67.87</ele>
      </trkpt>
      <trkpt lat="48.91373" lon="2.05139">
        <ele>67.87298233861628</ele>
      </trkpt>
      <trkpt lat="48.9136" lon="2.05182">
        <ele>67.89386069784153</ele>
      </trkpt>
      <trkpt lat="48.91356223997804" lon="2.0519467657880117">
        <ele>67.9</ele>
      </trkpt>
      <trkpt lat="48.91346" lon="2.05229">
        <ele>67.99017694068655</ele>
      </trkpt>
      <trkpt lat="48.91351911688703" lon="2.052430013679805">
        <ele>68.03</ele>
      </trkpt>
      <trkpt lat="48.91356772735274" lon="2.052545143730181">
        <ele>68.09</ele>
      </trkpt>
      <trkpt lat="48.91366446217951" lon="2.052774252530427">
        <ele>68.24000000000001</ele>
      </trkpt>
      <trkpt lat="48.9138574457284" lon="2.0532313188304174">
        <ele>68.59000000000002</ele>
      </trkpt>
      <trkpt lat="48.91397848578803" lon="2.053517992655852">
        <ele>68.73</ele>
      </trkpt>
      <trkpt lat="48.91403730445154" lon="2.053657300016806">
        <ele>68.77000000000001</ele>
      </trkpt>
      <trkpt lat="48.91425021829137" lon="2.0541615696374493">
        <ele>68.79</ele>
      </trkpt>
      <trkpt lat="48.91437077224634" lon="2.05444709216238">
        <ele>68.69</ele>
      </trkpt>
      <trkpt lat="48.914410000000004" lon="2.0545400000000003">
        <ele>68.67783444753933</ele>
      </trkpt>
      <trkpt lat="48.914410000000004" lon="2.05453">
        <ele>68.67673280359948</ele>
      </trkpt>
      <trkpt lat="48.91446398372259" lon="2.0546577614767836">
        <ele>68.66</ele>
      </trkpt>
      <trkpt lat="48.914730025364946" lon="2.055287393363692">
        <ele>68.82000000000001</ele>
      </trkpt>
      <trkpt lat="48.91477817549766" lon="2.0554013486777762">
        <ele>68.87</ele>
      </trkpt>
      <trkpt lat="48.9148992803769" lon="2.055687963558654">
        <ele>69.08</ele>
      </trkpt>
      <trkpt lat="48.914947430509606" lon="2.055801918872738">
        <ele>69.14</ele>
      </trkpt>
      <trkpt lat="48.91501" lon="2.05595">
        <ele>69.18604821324772</ele>
      </trkpt>
      <trkpt lat="48.91480925228608" lon="2.0562606096469214">
        <ele>69.3</ele>
      </trkpt>
      <trkpt lat="48.9146522372383" lon="2.056503553327811">
        <ele>69.46000000000001</ele>
      </trkpt>
      <trkpt lat="48.91452675131658" lon="2.0566977131370363">
        <ele>69.48</ele>
      </trkpt>
      <trkpt lat="48.91446432364698" lon="2.0567943052029323">
        <ele>69.52000000000001</ele>
      </trkpt>
      <trkpt lat="48.914307308599206" lon="2.0570372488838222">
        <ele>69.65</ele>
      </trkpt>
      <trkpt lat="48.91418182267749" lon="2.0572314086930468">
        <ele>69.81000000000002</ele>
      </trkpt>
      <trkpt lat="48.91411939500789" lon="2.0573280007589427">
        <ele>69.87</ele>
      </trkpt>
      <trkpt lat="48.91393148141657" lon="2.0576187526340637">
        <ele>69.9</ele>
      </trkpt>
      <trkpt lat="48.91377446636879" lon="2.057861696314953">
        <ele>70.04</ele>
      </trkpt>
      <trkpt lat="48.91368050957314" lon="2.058007072252514">
        <ele>70.10000000000001</ele>
      </trkpt>
      <trkpt lat="48.91358655277748" lon="2.058152448190074">
        <ele>70.13000000000001</ele>
      </trkpt>
      <trkpt lat="48.91349259598182" lon="2.058297824127635">
        <ele>70.12</ele>
      </trkpt>
      <trkpt lat="48.91339926976869" lon="2.058442224387762">
        <ele>70.41</ele>
      </trkpt>
      <trkpt lat="48.913336211516565" lon="2.058539792131091">
        <ele>70.63000000000001</ele>
      </trkpt>
      <trkpt lat="48.91314703676021" lon="2.0588324953610786">
        <ele>71.38</ele>
      </trkpt>
      <trkpt lat="48.91314703676021" lon="2.0588324953610786">
        <ele>71.41</ele>
      </trkpt>
      <trkpt lat="48.913094698410944" lon="2.058913476588042">
        <ele>71.63</ele>
      </trkpt>
      <trkpt lat="48.913000000000004" lon="2.05906">
        <ele>71.93207832118318</ele>
      </trkpt>
      <trkpt lat="48.91290389432555" lon="2.0588321939568495">
        <ele>72.33</ele>
      </trkpt>
      <trkpt lat="48.91278341239786" lon="2.058546607165281">
        <ele>72.86000000000001</ele>
      </trkpt>
      <trkpt lat="48.91273531678962" lon="2.058432602760582">
        <ele>73.05</ele>
      </trkpt>
      <trkpt lat="48.91273" lon="2.0584200000000004">
        <ele>73.06469003994154</ele>
      </trkpt>
      <trkpt lat="48.91273" lon="2.0584100000000003">
        <ele>73.07449919055912</ele>
      </trkpt>
      <trkpt lat="48.912666249676924" lon="2.0582596634172146">
        <ele>73.25000000000001</ele>
      </trkpt>
      <trkpt lat="48.9126179791335" lon="2.0581458313894414">
        <ele>73.35000000000001</ele>
      </trkpt>
      <trkpt lat="48.9124487884409" lon="2.0577468443830043">
        <ele>73.48</ele>
      </trkpt>
      <trkpt lat="48.91237760157888" lon="2.0575789708875005">
        <ele>73.42</ele>
      </trkpt>
      <trkpt lat="48.91218646973017" lon="2.0571282420502572">
        <ele>73.33</ele>
      </trkpt>
      <trkpt lat="48.91211479528691" lon="2.0569592187362913">
        <ele>73.2</ele>
      </trkpt>
      <trkpt lat="48.912067012324734" lon="2.0568465365269804">
        <ele>73.14000000000001</ele>
      </trkpt>
      <trkpt lat="48.912060000000004" lon="2.05683">
        <ele>73.1355973901076</ele>
      </trkpt>
      <trkpt lat="48.91197835543529" lon="2.0566147552384804">
        <ele>73.08</ele>
      </trkpt>
      <trkpt lat="48.911890245654" lon="2.05638246581507">
        <ele>72.98</ele>
      </trkpt>
      <trkpt lat="48.91175898006146" lon="2.056036401980193">
        <ele>72.86000000000001</ele>
      </trkpt>
      <trkpt lat="48.91169244818579" lon="2.055860999762516">
        <ele>73.16</ele>
      </trkpt>
      <trkpt lat="48.911558485355044" lon="2.055507825026923">
        <ele>73.67</ele>
      </trkpt>
      <trkpt lat="48.911469476494354" lon="2.055273165303274">
        <ele>74.04</ele>
      </trkpt>
      <trkpt lat="48.91140249507898" lon="2.055096577935477">
        <ele>74.26</ele>
      </trkpt>
      <trkpt lat="48.91140000000001" lon="2.0550900000000003">
        <ele>74.26663088612358</ele>
      </trkpt>
      <trkpt lat="48.9112628085135" lon="2.0553077642643034">
        <ele>74.53000000000002</ele>
      </trkpt>
      <trkpt lat="48.911186884794176" lon="2.0554282781044964">
        <ele>74.68</ele>
      </trkpt>
      <trkpt lat="48.911002054100415" lon="2.055721660158081">
        <ele>75.2</ele>
      </trkpt>
      <trkpt lat="48.91077000000001" lon="2.05609">
        <ele>75.60108332884607</ele>
      </trkpt>
      <trkpt lat="48.91063086247397" lon="2.056308071314832">
        <ele>75.84</ele>
      </trkpt>
      <trkpt lat="48.91056884757725" lon="2.0564052677395073">
        <ele>75.93</ele>
      </trkpt>
      <trkpt lat="48.91028884092235" lon="2.0568441243236473">
        <ele>76.27</ele>
      </trkpt>
      <trkpt lat="48.91004078133544" lon="2.0572329100223485">
        <ele>76.7</ele>
      </trkpt>
      <trkpt lat="48.90997876643872" lon="2.057330106447024">
        <ele>76.76</ele>
      </trkpt>
      <trkpt lat="48.909792721748545" lon="2.0576216957210502">
        <ele>76.85</ele>
      </trkpt>
      <trkpt lat="48.90963737130018" lon="2.057865177673772">
        <ele>76.85</ele>
      </trkpt>
      <trkpt lat="48.90954403574854" lon="2.0580114632018187">
        <ele>76.82</ele>
      </trkpt>
      <trkpt lat="48.90948202085181" lon="2.058108659626494">
        <ele>76.77000000000001</ele>
      </trkpt>
      <trkpt lat="48.909264655506725" lon="2.0584493380038915">
        <ele>76.46</ele>
      </trkpt>
      <trkpt lat="48.90907798440345" lon="2.058741909059985">
        <ele>76.17</ele>
      </trkpt>
      <trkpt lat="48.909015969506726" lon="2.0588391054846604">
        <ele>76.05000000000001</ele>
      </trkpt>
      <trkpt lat="48.90873658926491" lon="2.0592769802867332">
        <ele>75.38</ele>
      </trkpt>
      <trkpt lat="48.908674574368185" lon="2.059374176711408">
        <ele>75.25000000000001</ele>
      </trkpt>
      <trkpt lat="48.9084572090231" lon="2.0597148550888056">
        <ele>74.87</ele>
      </trkpt>
      <trkpt lat="48.9082085230231" lon="2.0601046225695745">
        <ele>74.49</ele>
      </trkpt>
      <trkpt lat="48.90814650812638" lon="2.06020181899425">
        <ele>74.37</ele>
      </trkpt>
      <trkpt lat="48.90808511964274" lon="2.0602980336368577">
        <ele>74.18</ele>
      </trkpt>
      <trkpt lat="48.90799241050421" lon="2.060443337382837">
        <ele>73.96000000000001</ele>
      </trkpt>
      <trkpt lat="48.90793039560749" lon="2.0605405338075125">
        <ele>73.86000000000001</ele>
      </trkpt>
      <trkpt lat="48.907776297985315" lon="2.0607820521960996">
        <ele>73.66</ele>
      </trkpt>
      <trkpt lat="48.907650000000004" lon="2.0609800000000003">
        <ele>73.4200966265611</ele>
      </trkpt>
      <trkpt lat="48.90779954356659" lon="2.061115071608527">
        <ele>73.19</ele>
      </trkpt>
      <trkpt lat="48.90795188725678" lon="2.061252672360954">
        <ele>72.99</ele>
      </trkpt>
      <trkpt lat="48.90837179905257" lon="2.061631947531348">
        <ele>72.64000000000001</ele>
      </trkpt>
      <trkpt lat="48.908447584238544" lon="2.0617003986670728">
        <ele>72.62</ele>
      </trkpt>
      <trkpt lat="48.90856203533575" lon="2.0618037738516373">
        <ele>72.62</ele>
      </trkpt>
      <trkpt lat="48.90863859383995" lon="2.0618729234683384">
        <ele>72.59</ele>
      </trkpt>
      <trkpt lat="48.90882960344135" lon="2.0620454482696045">
        <ele>72.38</ele>
      </trkpt>
      <trkpt lat="48.90890074871799" lon="2.0621097085194684">
        <ele>72.32000000000001</ele>
      </trkpt>
      <trkpt lat="48.90890074871799" lon="2.0621097085194684">
        <ele>72.33</ele>
      </trkpt>
      <trkpt lat="48.90895101440256" lon="2.0621551097829594">
        <ele>72.3</ele>
      </trkpt>
      <trkpt lat="48.90902757290677" lon="2.0622242593996614">
        <ele>72.29</ele>
      </trkpt>
      <trkpt lat="48.90910413141098" lon="2.062293409016363">
        <ele>72.33</ele>
      </trkpt>
      <trkpt lat="48.90917991659696" lon="2.0623618601520874">
        <ele>72.41</ele>
      </trkpt>
      <trkpt lat="48.90925647510116" lon="2.0624310097687895">
        <ele>72.53000000000002</ele>
      </trkpt>
      <trkpt lat="48.909333033605364" lon="2.062500159385491">
        <ele>72.73</ele>
      </trkpt>
      <trkpt lat="48.909370926198356" lon="2.0625343849533535">
        <ele>72.87</ele>
      </trkpt>
      <trkpt lat="48.90948537729556" lon="2.0626377601379176">
        <ele>73.35000000000001</ele>
      </trkpt>
      <trkpt lat="48.909510000000004" lon="2.06266">
        <ele>73.52015882779448</ele>
      </trkpt>
      <trkpt lat="48.909510000000004" lon="2.06265">
        <ele>73.55921526675144</ele>
      </trkpt>
      <trkpt lat="48.90967011192798" lon="2.062796769267308">
        <ele>74.67</ele>
      </trkpt>
      <trkpt lat="48.90974560321657" lon="2.062865969615183">
        <ele>75.11000000000001</ele>
      </trkpt>
      <trkpt lat="48.90982186482443" lon="2.0629358760890573">
        <ele>75.47000000000001</ele>
      </trkpt>
      <trkpt lat="48.909860380788" lon="2.0629711823889934">
        <ele>75.62</ele>
      </trkpt>
      <trkpt lat="48.909870000000005" lon="2.06298">
        <ele>75.65169366856152</ele>
      </trkpt>
      <trkpt lat="48.90999337711743" lon="2.063148831844899">
        <ele>76.12</ele>
      </trkpt>
      <trkpt lat="48.91005957491836" lon="2.063239418309329">
        <ele>76.33000000000001</ele>
      </trkpt>
      <trkpt lat="48.91006" lon="2.06324">
        <ele>76.33115197082283</ele>
      </trkpt>
      <trkpt lat="48.90999216210085" lon="2.0634148130478027">
        <ele>76.6</ele>
      </trkpt>
      <trkpt lat="48.90994735270339" lon="2.0635302834181983">
        <ele>76.74</ele>
      </trkpt>
      <trkpt lat="48.90990208606718" lon="2.0636469320576794">
        <ele>76.86000000000001</ele>
      </trkpt>
      <trkpt lat="48.909833957493476" lon="2.063822494151444">
        <ele>77.01</ele>
      </trkpt>
      <trkpt lat="48.909800000000004" lon="2.0639100000000004">
        <ele>77.05014402079672</ele>
      </trkpt>
      <trkpt lat="48.9096738263092" lon="2.064144944113904">
        <ele>77.17</ele>
      </trkpt>
      <trkpt lat="48.90953327518373" lon="2.064406660002716">
        <ele>77.34</ele>
      </trkpt>
      <trkpt lat="48.909510000000004" lon="2.0644500000000003">
        <ele>77.3470522508191</ele>
      </trkpt>
      <trkpt lat="48.90949947389554" lon="2.0644670522892254">
        <ele>77.35</ele>
      </trkpt>
      <trkpt lat="48.909384958968985" lon="2.064652566470246">
        <ele>77.43</ele>
      </trkpt>
      <trkpt lat="48.90914115299632" lon="2.065047532145968">
        <ele>77.75</ele>
      </trkpt>
      <trkpt lat="48.90908020150316" lon="2.0651462735648987">
        <ele>77.81</ele>
      </trkpt>
      <trkpt lat="48.909019865681636" lon="2.065244017595759">
        <ele>77.81</ele>
      </trkpt>
      <trkpt lat="48.90901" lon="2.0652600000000003">
        <ele>77.79601910333716</ele>
      </trkpt>
      <trkpt lat="48.908929373316916" lon="2.0653943778051445">
        <ele>77.68</ele>
      </trkpt>
      <trkpt lat="48.90886934701788" lon="2.0654944216368802">
        <ele>77.64</ele>
      </trkpt>
      <trkpt lat="48.90880992704509" lon="2.065593454924861">
        <ele>77.65</ele>
      </trkpt>
      <trkpt lat="48.908689874447006" lon="2.065793542588332">
        <ele>77.76</ele>
      </trkpt>
      <trkpt lat="48.90862984814796" lon="2.0658935864200676">
        <ele>77.78</ele>
      </trkpt>
      <trkpt lat="48.908500000000004" lon="2.06611">
        <ele>77.66728653893313</ele>
      </trkpt>
      <trkpt lat="48.90847918773339" lon="2.06614188976336">
        <ele>77.65</ele>
      </trkpt>
      <trkpt lat="48.908385405742834" lon="2.0662855879746957">
        <ele>77.64</ele>
      </trkpt>
      <trkpt lat="48.908301128683746" lon="2.0664147221781257">
        <ele>77.61000000000001</ele>
      </trkpt>
      <trkpt lat="48.90818833683025" lon="2.0665875484052734">
        <ele>77.48</ele>
      </trkpt>
      <trkpt lat="48.90806984201785" lon="2.066769113037164">
        <ele>77.37</ele>
      </trkpt>
      <trkpt lat="48.90798049566199" lon="2.0669060147114773">
        <ele>77.31</ele>
      </trkpt>
      <trkpt lat="48.907893050292415" lon="2.0670400035842094">
        <ele>77.22000000000001</ele>
      </trkpt>
      <trkpt lat="48.907880000000006" lon="2.06706">
        <ele>77.20209127485013</ele>
      </trkpt>
      <trkpt lat="48.907774797566866" lon="2.067216106836266">
        <ele>77.06</ele>
      </trkpt>
      <trkpt lat="48.90767886925506" lon="2.0673584520731465">
        <ele>76.86000000000001</ele>
      </trkpt>
      <trkpt lat="48.90755139404875" lon="2.0675476088308793">
        <ele>76.65</ele>
      </trkpt>
      <trkpt lat="48.90742327502829" lon="2.067737720925773">
        <ele>76.35</ele>
      </trkpt>
      <trkpt lat="48.907270047255054" lon="2.067965091169917">
        <ele>76.03</ele>
      </trkpt>
      <trkpt lat="48.907270047255054" lon="2.067965091169917">
        <ele>76.02</ele>
      </trkpt>
      <trkpt lat="48.90726" lon="2.0679800000000004">
        <ele>76.00127300303566</ele>
      </trkpt>
      <trkpt lat="48.90723251711725" lon="2.0679584063064103">
        <ele>75.96</ele>
      </trkpt>
      <trkpt lat="48.906980000000004" lon="2.0677600000000003">
        <ele>75.46962550155902</ele>
      </trkpt>
      <trkpt lat="48.906957371291156" lon="2.067732991541058">
        <ele>75.42</ele>
      </trkpt>
      <trkpt lat="48.906745807875716" lon="2.0674804803677835">
        <ele>74.92</ele>
      </trkpt>
      <trkpt lat="48.906670000000005" lon="2.06739">
        <ele>74.7977616163258</ele>
      </trkpt>
      <trkpt lat="48.906670000000005" lon="2.06738">
        <ele>74.78942282699963</ele>
      </trkpt>
      <trkpt lat="48.90664554870415" lon="2.0673508251583543">
        <ele>74.75000000000001</ele>
      </trkpt>
      <trkpt lat="48.906540109277" lon="2.0672250167509607">
        <ele>74.67</ele>
      </trkpt>
      <trkpt lat="48.90647005220795" lon="2.067141425929941">
        <ele>74.66</ele>
      </trkpt>
      <trkpt lat="48.90639928749175" lon="2.0670569907571936">
        <ele>74.71000000000001</ele>
      </trkpt>
      <trkpt lat="48.906224498642715" lon="2.066848435880508">
        <ele>75.00000000000001</ele>
      </trkpt>
      <trkpt lat="48.905872090356" lon="2.0664279487202264">
        <ele>75.44000000000001</ele>
      </trkpt>
      <trkpt lat="48.90580132563979" lon="2.066343513547479">
        <ele>75.55000000000001</ele>
      </trkpt>
      <trkpt lat="48.905590446785496" lon="2.066091896732692">
        <ele>75.95</ele>
      </trkpt>
      <trkpt lat="48.90548500735835" lon="2.0659660883252986">
        <ele>76.08000000000001</ele>
      </trkpt>
      <trkpt lat="48.9052769590927" lon="2.0657178489174215">
        <ele>76.21</ele>
      </trkpt>
      <trkpt lat="48.90513826024893" lon="2.065552355978837">
        <ele>76.34</ele>
      </trkpt>
      <trkpt lat="48.90503352846895" lon="2.0654273919231705">
        <ele>76.48</ele>
      </trkpt>
      <trkpt lat="48.904929504336124" lon="2.065303272219232">
        <ele>76.65</ele>
      </trkpt>
      <trkpt lat="48.90491" lon="2.06528">
        <ele>76.68937461888532</ele>
      </trkpt>
      <trkpt lat="48.904863500030835" lon="2.065214555598949">
        <ele>76.79</ele>
      </trkpt>
      <trkpt lat="48.904798804666584" lon="2.0651235028640857">
        <ele>76.96</ele>
      </trkpt>
      <trkpt lat="48.90473344914557" lon="2.0650315210196832">
        <ele>77.18</ele>
      </trkpt>
      <trkpt lat="48.90464" lon="2.0649">
        <ele>77.5382233189416</ele>
      </trkpt>
      <trkpt lat="48.90456752896196" lon="2.0648112599534247">
        <ele>77.80000000000001</ele>
      </trkpt>
      <trkpt lat="48.904471549193694" lon="2.0646937337065605">
        <ele>77.80000000000001</ele>
      </trkpt>
      <trkpt lat="48.904384676994674" lon="2.0645873595853113">
        <ele>77.75</ele>
      </trkpt>
      <trkpt lat="48.90432722925016" lon="2.0645170154083563">
        <ele>77.7</ele>
      </trkpt>
      <trkpt lat="48.90422284249489" lon="2.0643891948916937">
        <ele>77.87</ele>
      </trkpt>
      <trkpt lat="48.90415" lon="2.0643000000000002">
        <ele>77.96420483262827</ele>
      </trkpt>
      <trkpt lat="48.904090000000004" lon="2.06426">
        <ele>78.03020230273809</ele>
      </trkpt>
      <trkpt lat="48.90402133324868" lon="2.0641312498412665">
        <ele>78.14</ele>
      </trkpt>
      <trkpt lat="48.90401000000001" lon="2.0641100000000003">
        <ele>78.16413000050281</ele>
      </trkpt>
      <trkpt lat="48.903960000000005" lon="2.06413">
        <ele>78.23348438544268</ele>
      </trkpt>
      <trkpt lat="48.903890000000004" lon="2.06408">
        <ele>78.33722425403595</ele>
      </trkpt>
      <trkpt lat="48.90386" lon="2.064">
        <ele>78.41844037002042</ele>
      </trkpt>
      <trkpt lat="48.903830000000006" lon="2.06382">
        <ele>78.58218643824895</ele>
      </trkpt>
      <trkpt lat="48.903824909837574" lon="2.063815692939479">
        <ele>78.59</ele>
      </trkpt>
      <trkpt lat="48.903824909837574" lon="2.063815692939479">
        <ele>78.63000000000001</ele>
      </trkpt>
      <trkpt lat="48.90374867420486" lon="2.063751185865655">
        <ele>78.80000000000001</ele>
      </trkpt>
      <trkpt lat="48.9037" lon="2.0637100000000004">
        <ele>78.937164038161</ele>
      </trkpt>
      <trkpt lat="48.90364721111592" lon="2.0636220185265275">
        <ele>79.13000000000001</ele>
      </trkpt>
      <trkpt lat="48.903580000000005" lon="2.06351">
        <ele>79.40713985809913</ele>
      </trkpt>
      <trkpt lat="48.90350253022308" lon="2.063363999266564">
        <ele>79.75</ele>
      </trkpt>
      <trkpt lat="48.90332" lon="2.0630200000000003">
        <ele>80.52068750772551</ele>
      </trkpt>
      <trkpt lat="48.903310000000005" lon="2.06299">
        <ele>80.58000000000001</ele>
      </trkpt>
      <trkpt lat="48.90330984329975" lon="2.0629896956647973">
        <ele>80.58000000000001</ele>
      </trkpt>
      <trkpt lat="48.90303478023381" lon="2.062455482272265">
        <ele>81.84</ele>
      </trkpt>
      <trkpt lat="48.90297987853315" lon="2.062348855002385">
        <ele>82.12</ele>
      </trkpt>
      <trkpt lat="48.90289724870084" lon="2.062188375575999">
        <ele>82.59</ele>
      </trkpt>
      <trkpt lat="48.90278744529951" lon="2.0619751210362383">
        <ele>83.27000000000001</ele>
      </trkpt>
      <trkpt lat="48.90273198903622" lon="2.061867416723228">
        <ele>83.63000000000001</ele>
      </trkpt>
      <trkpt lat="48.90267708733556" lon="2.061760789453347">
        <ele>84.04</ele>
      </trkpt>
      <trkpt lat="48.90256728393423" lon="2.0615475349135863">
        <ele>84.97</ele>
      </trkpt>
      <trkpt lat="48.902542883178384" lon="2.061500145015862">
        <ele>84.99000000000001</ele>
      </trkpt>
      <trkpt lat="48.902473008286634" lon="2.0613644375814686">
        <ele>85.10000000000001</ele>
      </trkpt>
      <trkpt lat="48.902444725592346" lon="2.061309508381833">
        <ele>85.12</ele>
      </trkpt>
      <trkpt lat="48.90238760564116" lon="2.0611985729394324">
        <ele>85.01</ele>
      </trkpt>
      <trkpt lat="48.90234601344369" lon="2.0611177947046744">
        <ele>85.03</ele>
      </trkpt>
      <trkpt lat="48.90231218512308" lon="2.061052095073738">
        <ele>85.15</ele>
      </trkpt>
      <trkpt lat="48.90225783798505" lon="2.0609465448469875">
        <ele>85.39</ele>
      </trkpt>
      <trkpt lat="48.902204045409654" lon="2.0608420716633673">
        <ele>85.67</ele>
      </trkpt>
      <trkpt lat="48.90214637089583" lon="2.0607300591778364">
        <ele>86.03</ele>
      </trkpt>
      <trkpt lat="48.90214637089583" lon="2.0607300591778364">
        <ele>86.06000000000002</ele>
      </trkpt>
      <trkpt lat="48.902100896759926" lon="2.0606417416411675">
        <ele>86.35000000000001</ele>
      </trkpt>
      <trkpt lat="48.902100000000004" lon="2.0606400000000002">
        <ele>86.35666828025055</ele>
      </trkpt>
      <trkpt lat="48.902105661284295" lon="2.0605097904613">
        <ele>86.75</ele>
      </trkpt>
      <trkpt lat="48.90211000000001" lon="2.06041">
        <ele>87.06864070785741</ele>
      </trkpt>
      <trkpt lat="48.90209" lon="2.06035">
        <ele>87.2829826380965</ele>
      </trkpt>
      <trkpt lat="48.902045906622355" lon="2.0602765110372507">
        <ele>87.60000000000001</ele>
      </trkpt>
      <trkpt lat="48.90203" lon="2.0602500000000004">
        <ele>87.70796849855442</ele>
      </trkpt>
      <trkpt lat="48.90196" lon="2.0602300000000002">
        <ele>88.03388328086828</ele>
      </trkpt>
      <trkpt lat="48.90193000000001" lon="2.0603000000000002">
        <ele>88.28523979041339</ele>
      </trkpt>
      <trkpt lat="48.901886763683706" lon="2.0602186139928427">
        <ele>88.60000000000001</ele>
      </trkpt>
      <trkpt lat="48.90185567335774" lon="2.060160091026319">
        <ele>88.85000000000001</ele>
      </trkpt>
      <trkpt lat="48.90185567335774" lon="2.060160091026319">
        <ele>88.94</ele>
      </trkpt>
      <trkpt lat="48.90181553857331" lon="2.0600845431968073">
        <ele>89.27</ele>
      </trkpt>
      <trkpt lat="48.90176" lon="2.0599800000000004">
        <ele>89.75590984975574</ele>
      </trkpt>
      <trkpt lat="48.90176" lon="2.0599700000000003">
        <ele>89.79205970705179</ele>
      </trkpt>
      <trkpt lat="48.90171583529833" lon="2.0598863195126205">
        <ele>90.18</ele>
      </trkpt>
      <trkpt lat="48.90171583529833" lon="2.0598863195126205">
        <ele>90.22000000000001</ele>
      </trkpt>
      <trkpt lat="48.901517084589386" lon="2.0595097392219888">
        <ele>92.08000000000001</ele>
      </trkpt>
      <trkpt lat="48.901517084589386" lon="2.0595097392219888">
        <ele>92.18</ele>
      </trkpt>
      <trkpt lat="48.90142531018271" lon="2.05933585087249">
        <ele>93.05000000000001</ele>
      </trkpt>
      <trkpt lat="48.90138" lon="2.05925">
        <ele>93.37745063858262</ele>
      </trkpt>
      <trkpt lat="48.90137000000001" lon="2.0592300000000003">
        <ele>93.45218644629286</ele>
      </trkpt>
      <trkpt lat="48.901344869693546" lon="2.059179739387078">
        <ele>93.64</ele>
      </trkpt>
      <trkpt lat="48.90127844727351" lon="2.0590468945470124">
        <ele>94.17</ele>
      </trkpt>
      <trkpt lat="48.90127844727351" lon="2.0590468945470124">
        <ele>94.19000000000001</ele>
      </trkpt>
      <trkpt lat="48.901230000000005" lon="2.0589500000000003">
        <ele>94.58462701535178</ele>
      </trkpt>
      <trkpt lat="48.901230000000005" lon="2.05894">
        <ele>94.61704305531183</ele>
      </trkpt>
      <trkpt lat="48.901219485738935" lon="2.0589200229039606">
        <ele>94.7</ele>
      </trkpt>
      <trkpt lat="48.90105592037937" lon="2.0586092487207894">
        <ele>95.84</ele>
      </trkpt>
      <trkpt lat="48.9010362475698" lon="2.0585718703826075">
        <ele>95.96000000000001</ele>
      </trkpt>
      <trkpt lat="48.9010362475698" lon="2.0585718703826075">
        <ele>95.98</ele>
      </trkpt>
      <trkpt lat="48.901030000000006" lon="2.0585600000000004">
        <ele>96.01995618648401</ele>
      </trkpt>
      <trkpt lat="48.90102" lon="2.0585400000000003">
        <ele>96.08598263056605</ele>
      </trkpt>
      <trkpt lat="48.90095032534158" lon="2.058408392311874">
        <ele>96.53</ele>
      </trkpt>
      <trkpt lat="48.90093" lon="2.05837">
        <ele>96.64938404975537</ele>
      </trkpt>
      <trkpt lat="48.900780000000005" lon="2.0580800000000004">
        <ele>97.54306568770268</ele>
      </trkpt>
      <trkpt lat="48.900780000000005" lon="2.0580700000000003">
        <ele>97.56728412601511</ele>
      </trkpt>
      <trkpt lat="48.9007692920177" lon="2.058049868993278">
        <ele>97.63000000000001</ele>
      </trkpt>
      <trkpt lat="48.9007692920177" lon="2.058049868993278">
        <ele>97.65</ele>
      </trkpt>
      <trkpt lat="48.90071328789972" lon="2.0579445812514727">
        <ele>97.98</ele>
      </trkpt>
      <trkpt lat="48.90053" lon="2.0576000000000003">
        <ele>99.10696694620609</ele>
      </trkpt>
      <trkpt lat="48.90053" lon="2.0575900000000003">
        <ele>99.13239164735234</ele>
      </trkpt>
      <trkpt lat="48.90048390773327" lon="2.05750122970852">
        <ele>99.42</ele>
      </trkpt>
      <trkpt lat="48.90048390773327" lon="2.05750122970852">
        <ele>99.45</ele>
      </trkpt>
      <trkpt lat="48.90037242214791" lon="2.0572865167292953">
        <ele>100.21000000000001</ele>
      </trkpt>
      <trkpt lat="48.90031946649486" lon="2.0571845280641634">
        <ele>100.59000000000002</ele>
      </trkpt>
      <trkpt lat="48.90026" lon="2.05707">
        <ele>101.06725330267305</ele>
      </trkpt>
      <trkpt lat="48.90025000000001" lon="2.05707">
        <ele>101.11699835939756</ele>
      </trkpt>
      <trkpt lat="48.90021069138729" lon="2.056991382774564">
        <ele>101.44</ele>
      </trkpt>
      <trkpt lat="48.900158969791164" lon="2.056887939582301">
        <ele>101.83</ele>
      </trkpt>
      <trkpt lat="48.90013882559056" lon="2.056847651181103">
        <ele>101.87</ele>
      </trkpt>
      <trkpt lat="48.900112148135705" lon="2.0567942962714096">
        <ele>101.86</ele>
      </trkpt>
      <trkpt lat="48.9000163270734" lon="2.056602654146795">
        <ele>101.65</ele>
      </trkpt>
      <trkpt lat="48.89997" lon="2.0565100000000003">
        <ele>101.4187728994639</ele>
      </trkpt>
      <trkpt lat="48.89997" lon="2.0565">
        <ele>101.4</ele>
      </trkpt>
      <trkpt lat="48.89997" lon="2.0565">
        <ele>101.4</ele>
      </trkpt>
      <trkpt lat="48.89991771370695" lon="2.0564014029902467">
        <ele>101.10000000000001</ele>
      </trkpt>
      <trkpt lat="48.89986520084265" lon="2.0563023787318397">
        <ele>100.75</ele>
      </trkpt>
      <trkpt lat="48.89978727852787" lon="2.0561554395096873">
        <ele>100.16000000000001</ele>
      </trkpt>
      <trkpt lat="48.89975114064275" lon="2.0560872937834715">
        <ele>100.06</ele>
      </trkpt>
      <trkpt lat="48.899667571783425" lon="2.055929706791598">
        <ele>99.06</ele>
      </trkpt>
      <trkpt lat="48.899620000000006" lon="2.0558400000000003">
        <ele>98.53091394161947</ele>
      </trkpt>
      <trkpt lat="48.899528076445" lon="2.0556614972827303">
        <ele>97.49000000000001</ele>
      </trkpt>
      <trkpt lat="48.899473172086125" lon="2.0555548806788555">
        <ele>96.9</ele>
      </trkpt>
      <trkpt lat="48.899280174945815" lon="2.0551801071622053">
        <ele>94.94000000000001</ele>
      </trkpt>
      <trkpt lat="48.8992025324181" lon="2.055029336207231">
        <ele>94.08000000000001</ele>
      </trkpt>
      <trkpt lat="48.89906610340512" lon="2.054764410100634">
        <ele>92.52</ele>
      </trkpt>
      <trkpt lat="48.899012862814686" lon="2.0546610243029373">
        <ele>91.84</ele>
      </trkpt>
      <trkpt lat="48.898985687929994" lon="2.0546082544686963">
        <ele>91.47000000000001</ele>
      </trkpt>
      <trkpt lat="48.89895906763478" lon="2.054556561569848">
        <ele>91.04</ele>
      </trkpt>
      <trkpt lat="48.89893244733956" lon="2.0545048686709997">
        <ele>90.57000000000001</ele>
      </trkpt>
      <trkpt lat="48.898905272454854" lon="2.0544520988367587">
        <ele>90.05</ele>
      </trkpt>
      <trkpt lat="48.898878652159645" lon="2.05440040593791">
        <ele>89.50000000000001</ele>
      </trkpt>
      <trkpt lat="48.89882485697973" lon="2.054295943204821">
        <ele>88.28000000000002</ele>
      </trkpt>
      <trkpt lat="48.89879823668452" lon="2.0542442503059726">
        <ele>87.61</ele>
      </trkpt>
      <trkpt lat="48.8987716163893" lon="2.0541925574071245">
        <ele>86.9</ele>
      </trkpt>
      <trkpt lat="48.89876" lon="2.05417">
        <ele>86.56053157298983</ele>
      </trkpt>
      <trkpt lat="48.89864860243022" lon="2.0541607168691844">
        <ele>84.55</ele>
      </trkpt>
      <trkpt lat="48.89864000000001" lon="2.05416">
        <ele>84.35076791063867</ele>
      </trkpt>
      <trkpt lat="48.898630000000004" lon="2.05416">
        <ele>84.11951488888919</ele>
      </trkpt>
      <trkpt lat="48.8986" lon="2.05416">
        <ele>83.4257558238057</ele>
      </trkpt>
      <trkpt lat="48.89852893919658" lon="2.054198760438231">
        <ele>81.68</ele>
      </trkpt>
      <trkpt lat="48.89850015670799" lon="2.054214459977464">
        <ele>81.46000000000001</ele>
      </trkpt>
      <trkpt lat="48.89849" lon="2.0542200000000004">
        <ele>81.29772134522622</ele>
      </trkpt>
      <trkpt lat="48.89837928581365" lon="2.0543221977104817">
        <ele>79.35000000000001</ele>
      </trkpt>
      <trkpt lat="48.898360000000004" lon="2.0543400000000003">
        <ele>79.18618353188461</ele>
      </trkpt>
      <trkpt lat="48.89834259039088" lon="2.0543592106031676">
        <ele>79.03</ele>
      </trkpt>
      <trkpt lat="48.898306192377234" lon="2.0543993739285713">
        <ele>78.75</ele>
      </trkpt>
      <trkpt lat="48.898269794363586" lon="2.054439537253975">
        <ele>78.52000000000001</ele>
      </trkpt>
      <trkpt lat="48.89823339634994" lon="2.0544797005793782">
        <ele>78.34</ele>
      </trkpt>
      <trkpt lat="48.89819699833629" lon="2.0545198639047824">
        <ele>78.22000000000001</ele>
      </trkpt>
      <trkpt lat="48.89816060032265" lon="2.0545600272301856">
        <ele>78.13000000000001</ele>
      </trkpt>
      <trkpt lat="48.898070000000004" lon="2.05466">
        <ele>77.98065065881448</ele>
      </trkpt>
      <trkpt lat="48.89804959111208" lon="2.0546760355547997">
        <ele>77.95</ele>
      </trkpt>
      <trkpt lat="48.89793" lon="2.05477">
        <ele>77.81315779444397</ele>
      </trkpt>
      <trkpt lat="48.89775273130328" lon="2.0547210982905586">
        <ele>77.63000000000001</ele>
      </trkpt>
      <trkpt lat="48.89770229265535" lon="2.054707184180786">
        <ele>77.55000000000001</ele>
      </trkpt>
      <trkpt lat="48.89764" lon="2.0546900000000003">
        <ele>77.45565478437578</ele>
      </trkpt>
      <trkpt lat="48.897596734825726" lon="2.0548457546273866">
        <ele>77.29</ele>
      </trkpt>
      <trkpt lat="48.89750922715971" lon="2.055160782225051">
        <ele>77.02000000000001</ele>
      </trkpt>
      <trkpt lat="48.89740421796049" lon="2.055538815342248">
        <ele>76.63</ele>
      </trkpt>
      <trkpt lat="48.89736956492475" lon="2.0556635662709226">
        <ele>76.55000000000001</ele>
      </trkpt>
      <trkpt lat="48.89734000000001" lon="2.0557700000000003">
        <ele>76.50354490255238</ele>
      </trkpt>
      <trkpt lat="48.89730234303664" lon="2.0559173051802166">
        <ele>76.44000000000001</ele>
      </trkpt>
      <trkpt lat="48.89725769032532" lon="2.0560919760803746">
        <ele>76.27</ele>
      </trkpt>
      <trkpt lat="48.89719771880063" lon="2.056326570574018">
        <ele>76.08000000000001</ele>
      </trkpt>
      <trkpt lat="48.89708429439524" lon="2.0567702601598215">
        <ele>75.78</ele>
      </trkpt>
      <trkpt lat="48.89700215948099" lon="2.0570915526185067">
        <ele>75.54</ele>
      </trkpt>
      <trkpt lat="48.897000000000006" lon="2.0571">
        <ele>75.53053492462885</ele>
      </trkpt>
      <trkpt lat="48.89693956112377" lon="2.057412860065162">
        <ele>75.19000000000001</ele>
      </trkpt>
      <trkpt lat="48.89690203632284" lon="2.0576071060935432">
        <ele>74.92</ele>
      </trkpt>
      <trkpt lat="48.89683" lon="2.05798">
        <ele>74.37103116051347</ele>
      </trkpt>
      <trkpt lat="48.89682780162291" lon="2.057994509288809">
        <ele>74.35</ele>
      </trkpt>
      <trkpt lat="48.8968080083384" lon="2.058125144966579">
        <ele>74.21000000000001</ele>
      </trkpt>
      <trkpt lat="48.89678000000001" lon="2.05831">
        <ele>74.10414186029031</ele>
      </trkpt>
      <trkpt lat="48.89677304506189" lon="2.058657746905761">
        <ele>73.91</ele>
      </trkpt>
      <trkpt lat="48.896770337751924" lon="2.058793112404128">
        <ele>73.89000000000001</ele>
      </trkpt>
      <trkpt lat="48.896770000000004" lon="2.0588100000000003">
        <ele>73.8916803807455</ele>
      </trkpt>
      <trkpt lat="48.89674825589534" lon="2.0589912008721853">
        <ele>73.91</ele>
      </trkpt>
      <trkpt lat="48.89674" lon="2.05906">
        <ele>73.8953930888745</ele>
      </trkpt>
      <trkpt lat="48.89664666186822" lon="2.059284011516291">
        <ele>73.84</ele>
      </trkpt>
      <trkpt lat="48.896640000000005" lon="2.0593000000000004">
        <ele>73.8315280041299</ele>
      </trkpt>
      <trkpt lat="48.8966144647401" lon="2.059328372511007">
        <ele>73.81</ele>
      </trkpt>
      <trkpt lat="48.896578880494" lon="2.05936791056224">
        <ele>73.75000000000001</ele>
      </trkpt>
      <trkpt lat="48.89650771200178" lon="2.059446986664703">
        <ele>73.56</ele>
      </trkpt>
      <trkpt lat="48.896460000000005" lon="2.0595000000000003">
        <ele>73.36558137342288</ele>
      </trkpt>
      <trkpt lat="48.89643476119785" lon="2.0595218736285346">
        <ele>73.27</ele>
      </trkpt>
      <trkpt lat="48.89635818505793" lon="2.059588239616464">
        <ele>72.91</ele>
      </trkpt>
      <trkpt lat="48.89631000000001" lon="2.0596300000000003">
        <ele>72.66966115400275</ele>
      </trkpt>
      <trkpt lat="48.89620000000001" lon="2.0596900000000002">
        <ele>72.16322522538711</ele>
      </trkpt>
      <trkpt lat="48.8961969564258" lon="2.0596896618250877">
        <ele>72.15</ele>
      </trkpt>
      <trkpt lat="48.89615210979731" lon="2.059684678866368">
        <ele>72.06</ele>
      </trkpt>
      <trkpt lat="48.89611892329224" lon="2.059680991476915">
        <ele>71.96000000000001</ele>
      </trkpt>
      <trkpt lat="48.89611000000001" lon="2.05968">
        <ele>71.94341887202503</ele>
      </trkpt>
      <trkpt lat="48.89607" lon="2.0597700000000003">
        <ele>71.81105880181062</ele>
      </trkpt>
      <trkpt lat="48.896047942010114" lon="2.0597668488585876">
        <ele>71.77</ele>
      </trkpt>
      <trkpt lat="48.89595213612466" lon="2.0597531623035223">
        <ele>71.60000000000001</ele>
      </trkpt>
      <trkpt lat="48.89593000000001" lon="2.05975">
        <ele>71.5778604072421</ele>
      </trkpt>
      <trkpt lat="48.895720000000004" lon="2.05986">
        <ele>71.35669574117964</ele>
      </trkpt>
      <trkpt lat="48.895667757304615" lon="2.059894432685598">
        <ele>71.3</ele>
      </trkpt>
      <trkpt lat="48.89543422980911" lon="2.0600483485349077">
        <ele>71.2</ele>
      </trkpt>
      <trkpt lat="48.89535253644496" lon="2.060102191888553">
        <ele>71.14</ele>
      </trkpt>
      <trkpt lat="48.89528000000001" lon="2.06015">
        <ele>71.05564844535174</ele>
      </trkpt>
      <trkpt lat="48.895191196075345" lon="2.060216602943497">
        <ele>70.95</ele>
      </trkpt>
      <trkpt lat="48.89507101288508" lon="2.06030674033619">
        <ele>70.84</ele>
      </trkpt>
      <trkpt lat="48.89498228703993" lon="2.0603732847200567">
        <ele>70.74000000000001</ele>
      </trkpt>
      <trkpt lat="48.894920000000006" lon="2.06042">
        <ele>70.76608846468801</ele>
      </trkpt>
      <trkpt lat="48.89486558426203" lon="2.0604702299119775">
        <ele>70.79</ele>
      </trkpt>
      <trkpt lat="48.89457727631219" lon="2.060736360327211">
        <ele>70.98</ele>
      </trkpt>
      <trkpt lat="48.89457727631219" lon="2.060736360327211">
        <ele>70.82000000000001</ele>
      </trkpt>
      <trkpt lat="48.89449578126504" lon="2.0608115865245837">
        <ele>70.73</ele>
      </trkpt>
      <trkpt lat="48.894395065687895" lon="2.0609045547496385">
        <ele>70.75</ele>
      </trkpt>
      <trkpt lat="48.89429358128955" lon="2.060998232655801">
        <ele>71.21000000000001</ele>
      </trkpt>
      <trkpt lat="48.894270000000006" lon="2.06102">
        <ele>71.19934999741842</ele>
      </trkpt>
      <trkpt lat="48.89414757754952" lon="2.060721289220813">
        <ele>71.11</ele>
      </trkpt>
      <trkpt lat="48.894079070300485" lon="2.060554131533171">
        <ele>70.76</ele>
      </trkpt>
      <trkpt lat="48.894020000000005" lon="2.06041">
        <ele>71.88876220320763</ele>
      </trkpt>
      <trkpt lat="48.89403234759637" lon="2.0603923605766163">
        <ele>72.06</ele>
      </trkpt>
      <trkpt lat="48.894090000000006" lon="2.0603100000000003">
        <ele>72.9761278329653</ele>
      </trkpt>
      <trkpt lat="48.89412374940655" lon="2.0603669521235495">
        <ele>73.56</ele>
      </trkpt>
      <trkpt lat="48.89412374940655" lon="2.0603669521235495">
        <ele>71.2</ele>
      </trkpt>
      <trkpt lat="48.89425000000001" lon="2.0605800000000003">
        <ele>71.27409175095806</ele>
      </trkpt>
      <trkpt lat="48.894306101535086" lon="2.060527298557956">
        <ele>71.3</ele>
      </trkpt>
      <trkpt lat="48.894562428947424" lon="2.0602865061403017">
        <ele>71.60000000000001</ele>
      </trkpt>
      <trkpt lat="48.894562428947424" lon="2.0602865061403017">
        <ele>74.32000000000001</ele>
      </trkpt>
      <trkpt lat="48.894580000000005" lon="2.06027">
        <ele>74.33607479977357</ele>
      </trkpt>
      <trkpt lat="48.89462106597312" lon="2.060354869677763">
        <ele>74.39000000000001</ele>
      </trkpt>
      <trkpt lat="48.89467437348251" lon="2.0604650385305154">
        <ele>74.22000000000001</ele>
      </trkpt>
      <trkpt lat="48.894728214067" lon="2.0605763090717955">
        <ele>74.17</ele>
      </trkpt>
      <trkpt lat="48.89473" lon="2.0605800000000003">
        <ele>74.1674873150764</ele>
      </trkpt>
      <trkpt lat="48.89470000000001" lon="2.06062">
        <ele>74.13421680870843</ele>
      </trkpt>
      <trkpt lat="48.89475580375488" lon="2.0605692693137483">
        <ele>74.08000000000001</ele>
      </trkpt>
      <trkpt lat="48.89484921004116" lon="2.060484354508045">
        <ele>74.12</ele>
      </trkpt>
      <trkpt lat="48.894920000000006" lon="2.06042">
        <ele>74.07452771220846</ele>
      </trkpt>
      <trkpt lat="48.894943688272456" lon="2.0604024531315193">
        <ele>74.06</ele>
      </trkpt>
      <trkpt lat="48.89504799006008" lon="2.0603251925480977">
        <ele>74.34</ele>
      </trkpt>
      <trkpt lat="48.895152291847694" lon="2.0602479319646756">
        <ele>74.88</ele>
      </trkpt>
      <trkpt lat="48.89519000000001" lon="2.06022">
        <ele>75.0571493572121</ele>
      </trkpt>
      <trkpt lat="48.895256433708795" lon="2.0601701747184076">
        <ele>75.37</ele>
      </trkpt>
      <trkpt lat="48.895292730675266" lon="2.0601429519935506">
        <ele>75.51</ele>
      </trkpt>
      <trkpt lat="48.895292730675266" lon="2.0601429519935506">
        <ele>73.87</ele>
      </trkpt>
      <trkpt lat="48.895430000000005" lon="2.0600400000000003">
        <ele>73.93109126378053</ele>
      </trkpt>
      <trkpt lat="48.895449972445896" lon="2.060024848489321">
        <ele>73.94</ele>
      </trkpt>
      <trkpt lat="48.89557793288046" lon="2.059927775056206">
        <ele>74.03000000000002</ele>
      </trkpt>
      <trkpt lat="48.895720000000004" lon="2.05982">
        <ele>74.1409079995306</ele>
      </trkpt>
      <trkpt lat="48.895732171696686" lon="2.059812992053423">
        <ele>74.15</ele>
      </trkpt>
      <trkpt lat="48.89581459796271" lon="2.0597655345063175">
        <ele>74.17</ele>
      </trkpt>
      <trkpt lat="48.89605" lon="2.0596300000000003">
        <ele>74.17958490504857</ele>
      </trkpt>
      <trkpt lat="48.896059108402184" lon="2.0596208915978176">
        <ele>74.18</ele>
      </trkpt>
      <trkpt lat="48.896080000000005" lon="2.0596">
        <ele>74.18859823441576</ele>
      </trkpt>
      <trkpt lat="48.896060000000006" lon="2.05961">
        <ele>74.19583833057465</ele>
      </trkpt>
      <trkpt lat="48.89609693382277" lon="2.05958229963293">
        <ele>74.21000000000001</ele>
      </trkpt>
      <trkpt lat="48.89621469772404" lon="2.059493976706973">
        <ele>74.3</ele>
      </trkpt>
      <trkpt lat="48.89631148997166" lon="2.0594213825212555">
        <ele>74.56</ele>
      </trkpt>
      <trkpt lat="48.89634" lon="2.0594">
        <ele>74.69536705088717</ele>
      </trkpt>
      <trkpt lat="48.89638831249035" lon="2.059367791673104">
        <ele>74.92</ele>
      </trkpt>
      <trkpt lat="48.89640000000001" lon="2.0593600000000003">
        <ele>74.96679454298044</ele>
      </trkpt>
      <trkpt lat="48.89637266034612" lon="2.0592590535856097">
        <ele>75.23</ele>
      </trkpt>
      <trkpt lat="48.89635656019985" lon="2.059199606891731">
        <ele>75.37</ele>
      </trkpt>
      <trkpt lat="48.89632435990734" lon="2.059080713503975">
        <ele>75.6</ele>
      </trkpt>
      <trkpt lat="48.896317851337564" lon="2.059056681861768">
        <ele>75.63</ele>
      </trkpt>
      <trkpt lat="48.896317851337564" lon="2.059056681861768">
        <ele>75.61000000000001</ele>
      </trkpt>
      <trkpt lat="48.89627297646183" lon="2.0588909900128733">
        <ele>75.85</ele>
      </trkpt>
      <trkpt lat="48.89619247573053" lon="2.0585937565434813">
        <ele>76.16000000000001</ele>
      </trkpt>
      <trkpt lat="48.89614" lon="2.0584000000000002">
        <ele>76.33705218446198</ele>
      </trkpt>
      <trkpt lat="48.89617545744683" lon="2.0583680882978497">
        <ele>76.39</ele>
      </trkpt>
      <trkpt lat="48.896240000000006" lon="2.05831">
        <ele>76.54010130686743</ele>
      </trkpt>
      <trkpt lat="48.89625492813728" lon="2.058309170659041">
        <ele>76.57000000000001</ele>
      </trkpt>
      <trkpt lat="48.89634390172718" lon="2.0583042276818238">
        <ele>76.80000000000001</ele>
      </trkpt>
      <trkpt lat="48.896420000000006" lon="2.0583">
        <ele>77.13507266039494</ele>
      </trkpt>
      <trkpt lat="48.89644946811786" lon="2.058167393469647">
        <ele>77.54</ele>
      </trkpt>
      <trkpt lat="48.896460000000005" lon="2.05812">
        <ele>77.56551487109161</ele>
      </trkpt>
      <trkpt lat="48.89646212918367" lon="2.058111823934741">
        <ele>77.57</ele>
      </trkpt>
      <trkpt lat="48.89651180925986" lon="2.057921052442133">
        <ele>77.73</ele>
      </trkpt>
      <trkpt lat="48.8965710941508" lon="2.0576933984609536">
        <ele>77.62</ele>
      </trkpt>
      <trkpt lat="48.8965710941508" lon="2.0576933984609536">
        <ele>77.61000000000001</ele>
      </trkpt>
      <trkpt lat="48.89660885100871" lon="2.057548412126571">
        <ele>77.58000000000001</ele>
      </trkpt>
      <trkpt lat="48.896641639859006" lon="2.0574225029414492">
        <ele>77.59</ele>
      </trkpt>
      <trkpt lat="48.896710000000006" lon="2.05716">
        <ele>77.65926210581672</ele>
      </trkpt>
      <trkpt lat="48.89671957342769" lon="2.057035545440119">
        <ele>77.69000000000001</ele>
      </trkpt>
      <trkpt lat="48.896730000000005" lon="2.0569">
        <ele>77.74528364226965</ele>
      </trkpt>
      <trkpt lat="48.89681" lon="2.0568">
        <ele>77.80908860134477</ele>
      </trkpt>
      <trkpt lat="48.896852456691185" lon="2.0565594120833253">
        <ele>77.91000000000001</ele>
      </trkpt>
      <trkpt lat="48.89687000000001" lon="2.05646">
        <ele>77.97080344800275</ele>
      </trkpt>
      <trkpt lat="48.89692252570899" lon="2.0561673567642083">
        <ele>78.15</ele>
      </trkpt>
      <trkpt lat="48.89694" lon="2.05607">
        <ele>78.2001736567996</ele>
      </trkpt>
      <trkpt lat="48.897043322122826" lon="2.05565671150869">
        <ele>78.42</ele>
      </trkpt>
      <trkpt lat="48.897074329039114" lon="2.0555326838435697">
        <ele>78.47000000000001</ele>
      </trkpt>
      <trkpt lat="48.897090000000006" lon="2.05547">
        <ele>78.52000000000001</ele>
      </trkpt>
      <trkpt lat="48.897090000000006" lon="2.05547">
        <ele>78.52000000000001</ele>
      </trkpt>
      <trkpt lat="48.89710929584539" lon="2.0554097735734835">
        <ele>78.60000000000001</ele>
      </trkpt>
      <trkpt lat="48.89712860114825" lon="2.055349517628186">
        <ele>78.72000000000001</ele>
      </trkpt>
      <trkpt lat="48.89714790645112" lon="2.0552892616828893">
        <ele>78.87</ele>
      </trkpt>
      <trkpt lat="48.897186517056845" lon="2.055168749792294">
        <ele>79.25</ele>
      </trkpt>
      <trkpt lat="48.89724522093698" lon="2.0549855225300635">
        <ele>79.92</ele>
      </trkpt>
      <trkpt lat="48.89724522093698" lon="2.0549855225300635">
        <ele>79.96000000000001</ele>
      </trkpt>
      <trkpt lat="48.89727910371343" lon="2.0548797671975008">
        <ele>80.36</ele>
      </trkpt>
      <trkpt lat="48.89741384684769" lon="2.0544592052935884">
        <ele>81.74000000000001</ele>
      </trkpt>
      <trkpt lat="48.897420000000004" lon="2.05444">
        <ele>81.79949600688849</ele>
      </trkpt>
      <trkpt lat="48.897330007099" lon="2.054323538598698">
        <ele>82.30000000000001</ele>
      </trkpt>
      <trkpt lat="48.89725000000001" lon="2.0542200000000004">
        <ele>82.69732454251582</ele>
      </trkpt>
      <trkpt lat="48.89717" lon="2.05419">
        <ele>83.00898010482226</ele>
      </trkpt>
      <trkpt lat="48.89715063129634" lon="2.0541512625926814">
        <ele>83.13000000000001</ele>
      </trkpt>
      <trkpt lat="48.89714000000001" lon="2.0541300000000002">
        <ele>83.20572019030769</ele>
      </trkpt>
      <trkpt lat="48.89713713705943" lon="2.0540899188319672">
        <ele>83.32000000000001</ele>
      </trkpt>
      <trkpt lat="48.897130000000004" lon="2.05399">
        <ele>83.63487790100305</ele>
      </trkpt>
      <trkpt lat="48.89711341165817" lon="2.0539678822108853">
        <ele>83.74000000000001</ele>
      </trkpt>
      <trkpt lat="48.8971" lon="2.0539500000000004">
        <ele>83.70539511676853</ele>
      </trkpt>
      <trkpt lat="48.8971" lon="2.0539400000000003">
        <ele>83.69263923200575</ele>
      </trkpt>
      <trkpt lat="48.89702926437576" lon="2.0538126758763657">
        <ele>83.48</ele>
      </trkpt>
      <trkpt lat="48.897000000000006" lon="2.05376">
        <ele>83.42907603688099</ele>
      </trkpt>
      <trkpt lat="48.89696802566813" lon="2.0537147030298493">
        <ele>83.38000000000001</ele>
      </trkpt>
      <trkpt lat="48.89693512029621" lon="2.0536680870862933">
        <ele>83.38000000000001</ele>
      </trkpt>
      <trkpt lat="48.89690221492429" lon="2.0536214711427374">
        <ele>83.42</ele>
      </trkpt>
      <trkpt lat="48.89686930955237" lon="2.053574855199182">
        <ele>83.49000000000001</ele>
      </trkpt>
      <trkpt lat="48.89683706228789" lon="2.053529171574497">
        <ele>83.59</ele>
      </trkpt>
      <trkpt lat="48.89654223015546" lon="2.0531114927202365">
        <ele>84.79</ele>
      </trkpt>
      <trkpt lat="48.89652" lon="2.05308">
        <ele>84.89074413353119</ele>
      </trkpt>
      <trkpt lat="48.896460000000005" lon="2.05308">
        <ele>85.08972436050016</ele>
      </trkpt>
      <trkpt lat="48.8966255779955" lon="2.052758583891093">
        <ele>85.98</ele>
      </trkpt>
      <trkpt lat="48.89663" lon="2.05275">
        <ele>86.00313711013575</ele>
      </trkpt>
      <trkpt lat="48.896640000000005" lon="2.05255">
        <ele>86.42868859341371</ele>
      </trkpt>
      <trkpt lat="48.89659" lon="2.0524400000000003">
        <ele>86.71241927694685</ele>
      </trkpt>
      <trkpt lat="48.896526393475746" lon="2.0523519294279455">
        <ele>86.99000000000001</ele>
      </trkpt>
      <trkpt lat="48.89647584965318" lon="2.0522819456736356">
        <ele>87.19</ele>
      </trkpt>
      <trkpt lat="48.89647584965318" lon="2.0522819456736356">
        <ele>87.20000000000002</ele>
      </trkpt>
      <trkpt lat="48.896396708667865" lon="2.0521723658478086">
        <ele>87.5</ele>
      </trkpt>
      <trkpt lat="48.896330203638186" lon="2.052080281960559">
        <ele>87.72</ele>
      </trkpt>
      <trkpt lat="48.89616460611428" lon="2.051850993081307">
        <ele>88.09</ele>
      </trkpt>
      <trkpt lat="48.8960987661349" lon="2.0517598300329296">
        <ele>88.31000000000002</ele>
      </trkpt>
      <trkpt lat="48.895810000000004" lon="2.0513600000000003">
        <ele>89.61187853982267</ele>
      </trkpt>
      <trkpt lat="48.895810000000004" lon="2.0513500000000002">
        <ele>89.63379717028845</ele>
      </trkpt>
      <trkpt lat="48.89570646955656" lon="2.051207029387624">
        <ele>90.10000000000001</ele>
      </trkpt>
      <trkpt lat="48.89563988525189" lon="2.051115079633558">
        <ele>90.34</ele>
      </trkpt>
      <trkpt lat="48.895540674637935" lon="2.0509780745000006">
        <ele>90.66</ele>
      </trkpt>
      <trkpt lat="48.89524237695302" lon="2.0505661396017874">
        <ele>91.69000000000001</ele>
      </trkpt>
      <trkpt lat="48.89517579264835" lon="2.050474189847722">
        <ele>91.96000000000001</ele>
      </trkpt>
      <trkpt lat="48.89504328988206" lon="2.0502912098371318">
        <ele>92.62</ele>
      </trkpt>
      <trkpt lat="48.89500999772973" lon="2.0502452349600992">
        <ele>92.77000000000001</ele>
      </trkpt>
      <trkpt lat="48.89497737142044" lon="2.050200179580607">
        <ele>92.89000000000001</ele>
      </trkpt>
      <trkpt lat="48.89497" lon="2.05019">
        <ele>92.91280920213791</ele>
      </trkpt>
      <trkpt lat="48.89480982856619" lon="2.050107960972925">
        <ele>93.30000000000001</ele>
      </trkpt>
      <trkpt lat="48.89459760668322" lon="2.0499992619596963">
        <ele>93.99000000000001</ele>
      </trkpt>
      <trkpt lat="48.894427999636186" lon="2.0499123900575573">
        <ele>94.47000000000001</ele>
      </trkpt>
      <trkpt lat="48.89425839258916" lon="2.0498255181554184">
        <ele>94.98</ele>
      </trkpt>
      <trkpt lat="48.894173162917276" lon="2.0497818639332386">
        <ele>95.25</ele>
      </trkpt>
      <trkpt lat="48.89415" lon="2.04977">
        <ele>95.33362171661933</ele>
      </trkpt>
      <trkpt lat="48.8940937421739" lon="2.0497873101003403">
        <ele>95.53</ele>
      </trkpt>
      <trkpt lat="48.89386808658659" lon="2.0498567425887426">
        <ele>96.43</ele>
      </trkpt>
      <trkpt lat="48.89376000000001" lon="2.04989">
        <ele>96.81421319418916</ele>
      </trkpt>
      <trkpt lat="48.893735928583965" lon="2.0498821220820216">
        <ele>96.9</ele>
      </trkpt>
      <trkpt lat="48.89365064617196" lon="2.0498542114744596">
        <ele>97.11</ele>
      </trkpt>
      <trkpt lat="48.89356536375997" lon="2.049826300866898">
        <ele>97.35000000000001</ele>
      </trkpt>
      <trkpt lat="48.89343612134179" lon="2.0497840033482215">
        <ele>97.77000000000001</ele>
      </trkpt>
      <trkpt lat="48.8933508389298" lon="2.04975609274066">
        <ele>98.10000000000001</ele>
      </trkpt>
      <trkpt lat="48.89321" lon="2.04971">
        <ele>98.7013953151031</ele>
      </trkpt>
      <trkpt lat="48.89320000000001" lon="2.04971">
        <ele>98.74314081542602</ele>
      </trkpt>
      <trkpt lat="48.893092733744794" lon="2.049676994998397">
        <ele>99.2</ele>
      </trkpt>
      <trkpt lat="48.89300723149192" lon="2.049650686612898">
        <ele>99.53</ele>
      </trkpt>
      <trkpt lat="48.892964039632226" lon="2.049637396809914">
        <ele>99.67</ele>
      </trkpt>
      <trkpt lat="48.89294" lon="2.04963">
        <ele>99.73724680272208</ele>
      </trkpt>
      <trkpt lat="48.892833822356785" lon="2.0496471467001474">
        <ele>100.03</ele>
      </trkpt>
      <trkpt lat="48.89274707568651" lon="2.049661155479198">
        <ele>100.24000000000001</ele>
      </trkpt>
      <trkpt lat="48.89257179375481" lon="2.0496894618781054">
        <ele>100.62000000000002</ele>
      </trkpt>
      <trkpt lat="48.892485047084534" lon="2.049703470657156">
        <ele>100.83</ele>
      </trkpt>
      <trkpt lat="48.892354479931335" lon="2.049724556035934">
        <ele>101.20000000000002</ele>
      </trkpt>
      <trkpt lat="48.89222301848257" lon="2.0497457858351145">
        <ele>101.60000000000001</ele>
      </trkpt>
      <trkpt lat="48.89209245132936" lon="2.049766871213892">
        <ele>101.83</ele>
      </trkpt>
      <trkpt lat="48.89196188417616" lon="2.0497879565926698">
        <ele>101.96000000000001</ele>
      </trkpt>
      <trkpt lat="48.89191806369324" lon="2.0497950331923964">
        <ele>102.02000000000001</ele>
      </trkpt>
      <trkpt lat="48.89187424321031" lon="2.0498021097921235">
        <ele>102.13000000000001</ele>
      </trkpt>
      <trkpt lat="48.89183131702296" lon="2.0498090419714474">
        <ele>102.28</ele>
      </trkpt>
      <trkpt lat="48.89178749654004" lon="2.049816118571174">
        <ele>102.47</ele>
      </trkpt>
      <trkpt lat="48.89170074986976" lon="2.049830127350225">
        <ele>102.95000000000002</ele>
      </trkpt>
      <trkpt lat="48.89161489749506" lon="2.0498439917088733">
        <ele>103.64000000000001</ele>
      </trkpt>
      <trkpt lat="48.89144319274565" lon="2.0498717204261703">
        <ele>105.10000000000001</ele>
      </trkpt>
      <trkpt lat="48.89135734037094" lon="2.0498855847848185">
        <ele>105.81000000000002</ele>
      </trkpt>
      <trkpt lat="48.89133" lon="2.04989">
        <ele>106.02561279056276</ele>
      </trkpt>
      <trkpt lat="48.891303714820715" lon="2.0498114650131125">
        <ele>106.48</ele>
      </trkpt>
      <trkpt lat="48.891264548995984" lon="2.049694445170919">
        <ele>107.12</ele>
      </trkpt>
      <trkpt lat="48.891225383171246" lon="2.0495774253287258">
        <ele>107.7</ele>
      </trkpt>
      <trkpt lat="48.891186217346515" lon="2.049460405486532">
        <ele>108.24</ele>
      </trkpt>
      <trkpt lat="48.89104954493729" lon="2.0490520549955447">
        <ele>109.95</ele>
      </trkpt>
      <trkpt lat="48.89100997113521" lon="2.0489338161966617">
        <ele>110.42</ele>
      </trkpt>
      <trkpt lat="48.89091164859604" lon="2.048640047634488">
        <ele>111.53</ele>
      </trkpt>
      <trkpt lat="48.890852491881596" lon="2.0484632989145086">
        <ele>112.16000000000001</ele>
      </trkpt>
      <trkpt lat="48.89081332605686" lon="2.048346279072315">
        <ele>112.55000000000001</ele>
      </trkpt>
      <trkpt lat="48.89077375225479" lon="2.048228040273432">
        <ele>112.86000000000001</ele>
      </trkpt>
      <trkpt lat="48.89073458643006" lon="2.0481110204312385">
        <ele>113.11000000000001</ele>
      </trkpt>
      <trkpt lat="48.89069460465064" lon="2.047991562675666">
        <ele>113.46000000000001</ele>
      </trkpt>
      <trkpt lat="48.89065380691654" lon="2.0478696670067147">
        <ele>113.86</ele>
      </trkpt>
      <trkpt lat="48.89065380691654" lon="2.0478696670067147">
        <ele>113.92</ele>
      </trkpt>
      <trkpt lat="48.89060036188487" lon="2.047709983680388">
        <ele>114.45</ele>
      </trkpt>
      <trkpt lat="48.890539981238405" lon="2.04752957809034">
        <ele>115.01000000000002</ele>
      </trkpt>
      <trkpt lat="48.890510000000006" lon="2.0474400000000004">
        <ele>115.26195717272483</ele>
      </trkpt>
      <trkpt lat="48.89050231797382" lon="2.0472056982012705">
        <ele>115.85000000000001</ele>
      </trkpt>
      <trkpt lat="48.89049792856427" lon="2.0470718212101375">
        <ele>116.25</ele>
      </trkpt>
      <trkpt lat="48.8904957338595" lon="2.0470048827145706">
        <ele>116.5</ele>
      </trkpt>
      <trkpt lat="48.89049000000001" lon="2.0468300000000004">
        <ele>117.20773523827457</ele>
      </trkpt>
      <trkpt lat="48.89042039785376" lon="2.0467081962440683">
        <ele>117.86</ele>
      </trkpt>
      <trkpt lat="48.890391491148364" lon="2.0466576095096225">
        <ele>118.09000000000002</ele>
      </trkpt>
      <trkpt lat="48.890370000000004" lon="2.0466200000000003">
        <ele>118.23125851186892</ele>
      </trkpt>
      <trkpt lat="48.890370000000004" lon="2.0466100000000003">
        <ele>118.25960762599075</ele>
      </trkpt>
      <trkpt lat="48.89036682431965" lon="2.04660466939369">
        <ele>118.28</ele>
      </trkpt>
      <trkpt lat="48.890337235843724" lon="2.046555003023387">
        <ele>118.43</ele>
      </trkpt>
      <trkpt lat="48.890188689617645" lon="2.0463056575724763">
        <ele>119.04</ele>
      </trkpt>
      <trkpt lat="48.890129512665794" lon="2.046206324831869">
        <ele>119.36</ele>
      </trkpt>
      <trkpt lat="48.89009" lon="2.0461400000000003">
        <ele>119.60482466576582</ele>
      </trkpt>
      <trkpt lat="48.89005714301675" lon="2.0460402555865445">
        <ele>119.91000000000001</ele>
      </trkpt>
      <trkpt lat="48.88997818800842" lon="2.0458005707398486">
        <ele>120.71000000000001</ele>
      </trkpt>
      <trkpt lat="48.88993871050426" lon="2.0456807283165013">
        <ele>121.04</ele>
      </trkpt>
      <trkpt lat="48.88983840541716" lon="2.045376230730648">
        <ele>122.46000000000001</ele>
      </trkpt>
      <trkpt lat="48.889717555914615" lon="2.0450093661693796">
        <ele>124.00000000000001</ele>
      </trkpt>
      <trkpt lat="48.88961725082751" lon="2.0447048685835267">
        <ele>125.38000000000001</ele>
      </trkpt>
      <trkpt lat="48.88957696766" lon="2.0445825803964373">
        <ele>125.98</ele>
      </trkpt>
      <trkpt lat="48.88953" lon="2.0444400000000003">
        <ele>126.70065490391804</ele>
      </trkpt>
      <trkpt lat="48.88951311569674" lon="2.0443302520288156">
        <ele>127.21000000000001</ele>
      </trkpt>
      <trkpt lat="48.88951" lon="2.0443100000000003">
        <ele>127.30810709857641</ele>
      </trkpt>
      <trkpt lat="48.88932280135289" lon="2.0439672076721678">
        <ele>129.41</ele>
      </trkpt>
      <trkpt lat="48.88932280135289" lon="2.0439672076721678">
        <ele>129.45000000000002</ele>
      </trkpt>
      <trkpt lat="48.8892073081351" lon="2.0437557200915313">
        <ele>130.84</ele>
      </trkpt>
      <trkpt lat="48.88903550479121" lon="2.0434411191631217">
        <ele>132.98000000000002</ele>
      </trkpt>
      <trkpt lat="48.88897804547888" lon="2.043335901461312">
        <ele>133.72</ele>
      </trkpt>
      <trkpt lat="48.888740000000006" lon="2.0429000000000004">
        <ele>137.1045628621309</ele>
      </trkpt>
      <trkpt lat="48.88873" lon="2.0429000000000004">
        <ele>137.19540506924983</ele>
      </trkpt>
      <trkpt lat="48.8887170119209" lon="2.0428762326987977">
        <ele>137.38</ele>
      </trkpt>
      <trkpt lat="48.88862446667757" lon="2.042706881199079">
        <ele>138.27</ele>
      </trkpt>
      <trkpt lat="48.88856870960549" lon="2.04260484955018">
        <ele>138.98000000000002</ele>
      </trkpt>
      <trkpt lat="48.888541118477036" lon="2.042554359662065">
        <ele>139.31</ele>
      </trkpt>
      <trkpt lat="48.888374422076" lon="2.042249316588037">
        <ele>141.19</ele>
      </trkpt>
      <trkpt lat="48.888318665003915" lon="2.042147284939138">
        <ele>141.75</ele>
      </trkpt>
      <trkpt lat="48.88826348274702" lon="2.0420463051629083">
        <ele>142.26000000000002</ele>
      </trkpt>
      <trkpt lat="48.888207725674945" lon="2.0419442735140096">
        <ele>142.72</ele>
      </trkpt>
      <trkpt lat="48.8881801345465" lon="2.041893783625895">
        <ele>142.92000000000002</ele>
      </trkpt>
      <trkpt lat="48.88809678634597" lon="2.0417412620888804">
        <ele>143.45000000000002</ele>
      </trkpt>
      <trkpt lat="48.888069195217525" lon="2.0416907722007656">
        <ele>143.6</ele>
      </trkpt>
      <trkpt lat="48.88804160408908" lon="2.0416402823126507">
        <ele>143.72</ele>
      </trkpt>
      <trkpt lat="48.88798584701699" lon="2.041538250663752">
        <ele>143.86</ele>
      </trkpt>
      <trkpt lat="48.88795825588855" lon="2.0414877607756368">
        <ele>143.88</ele>
      </trkpt>
      <trkpt lat="48.88790249881647" lon="2.0413857291267377">
        <ele>143.87000000000003</ele>
      </trkpt>
      <trkpt lat="48.88784731655957" lon="2.041284749350508">
        <ele>143.8</ele>
      </trkpt>
      <trkpt lat="48.887790409857146" lon="2.041180613956271">
        <ele>143.57</ele>
      </trkpt>
      <trkpt lat="48.887761669098346" lon="2.0411280203228177">
        <ele>143.43</ele>
      </trkpt>
      <trkpt lat="48.887688092755816" lon="2.040993380621178">
        <ele>142.99</ele>
      </trkpt>
      <trkpt lat="48.887688092755816" lon="2.040993380621178">
        <ele>142.96</ele>
      </trkpt>
      <trkpt lat="48.8876237134561" lon="2.040875570882243">
        <ele>142.56000000000003</ele>
      </trkpt>
      <trkpt lat="48.88750990005125" lon="2.040667300093769">
        <ele>141.76000000000002</ele>
      </trkpt>
      <trkpt lat="48.887452993348816" lon="2.040563164699532">
        <ele>141.32</ele>
      </trkpt>
      <trkpt lat="48.88736734588759" lon="2.0404064356718417">
        <ele>140.63</ele>
      </trkpt>
      <trkpt lat="48.887339179943964" lon="2.040354893911058">
        <ele>140.42000000000002</ele>
      </trkpt>
      <trkpt lat="48.887310439185164" lon="2.0403023002776046">
        <ele>140.23000000000002</ele>
      </trkpt>
      <trkpt lat="48.88728227324154" lon="2.040250758516821">
        <ele>140.08</ele>
      </trkpt>
      <trkpt lat="48.887260000000005" lon="2.04021">
        <ele>139.9947532399668</ele>
      </trkpt>
      <trkpt lat="48.887252795879824" lon="2.0401991938197304">
        <ele>139.97</ele>
      </trkpt>
      <trkpt lat="48.887221422041236" lon="2.0401521330618415">
        <ele>139.90000000000003</ele>
      </trkpt>
      <trkpt lat="48.88715803408163" lon="2.0400570511224325">
        <ele>139.84</ele>
      </trkpt>
      <trkpt lat="48.887080000000005" lon="2.03994">
        <ele>140.0261971093359</ele>
      </trkpt>
      <trkpt lat="48.887080000000005" lon="2.03993">
        <ele>140.03736756104237</ele>
      </trkpt>
      <trkpt lat="48.88707051491736" lon="2.0399157723760277">
        <ele>140.06</ele>
      </trkpt>
      <trkpt lat="48.88700904803534" lon="2.0398235720530096">
        <ele>140.25</ele>
      </trkpt>
      <trkpt lat="48.886947581153336" lon="2.0397313717299914">
        <ele>140.5</ele>
      </trkpt>
      <trkpt lat="48.88688611427132" lon="2.0396391714069733">
        <ele>140.83</ele>
      </trkpt>
      <trkpt lat="48.886824647389304" lon="2.039546971083955">
        <ele>141.24</ele>
      </trkpt>
      <trkpt lat="48.886763180507295" lon="2.039454770760937">
        <ele>141.74</ele>
      </trkpt>
      <trkpt lat="48.886701713625285" lon="2.039362570437919">
        <ele>142.34000000000003</ele>
      </trkpt>
      <trkpt lat="48.88664088702329" lon="2.039271330534932">
        <ele>143.02</ele>
      </trkpt>
      <trkpt lat="48.88656021174065" lon="2.0391503176109707">
        <ele>143.66</ele>
      </trkpt>
      <trkpt lat="48.88650706849891" lon="2.0390706027483607">
        <ele>144.13</ele>
      </trkpt>
      <trkpt lat="48.886500000000005" lon="2.03906">
        <ele>144.29319555505697</ele>
      </trkpt>
      <trkpt lat="48.88631562583174" lon="2.038699446070946">
        <ele>149.23</ele>
      </trkpt>
      <trkpt lat="48.886179813145915" lon="2.038433856818677">
        <ele>153.09</ele>
      </trkpt>
      <trkpt lat="48.88615276102557" lon="2.038380954894444">
        <ele>153.81</ele>
      </trkpt>
      <trkpt lat="48.886125708905226" lon="2.0383280529702117">
        <ele>154.49</ele>
      </trkpt>
      <trkpt lat="48.88610693804621" lon="2.038291345512581">
        <ele>154.92</ele>
      </trkpt>
      <trkpt lat="48.88610693804621" lon="2.038291345512581">
        <ele>155.04000000000002</ele>
      </trkpt>
      <trkpt lat="48.886077125505416" lon="2.0382330454328144">
        <ele>155.67</ele>
      </trkpt>
      <trkpt lat="48.886050000000004" lon="2.03818">
        <ele>156.17</ele>
      </trkpt>
      <trkpt lat="48.886050000000004" lon="2.03818">
        <ele>156.17</ele>
      </trkpt>
      <trkpt lat="48.886038482524" lon="2.0381155021343957">
        <ele>156.63000000000002</ele>
      </trkpt>
      <trkpt lat="48.88602693371922" lon="2.0380508288276387">
        <ele>157.04000000000002</ele>
      </trkpt>
      <trkpt lat="48.886" lon="2.0379">
        <ele>157.92752495463426</ele>
      </trkpt>
      <trkpt lat="48.885971049789646" lon="2.0377957792426984">
        <ele>158.57000000000002</ele>
      </trkpt>
      <trkpt lat="48.88595355169871" lon="2.0377327861153463">
        <ele>158.98000000000002</ele>
      </trkpt>
      <trkpt lat="48.8859364035696" lon="2.0376710528505413">
        <ele>159.42000000000002</ele>
      </trkpt>
      <trkpt lat="48.885919255440484" lon="2.0376093195857363">
        <ele>159.92000000000002</ele>
      </trkpt>
      <trkpt lat="48.88590210731138" lon="2.0375475863209314">
        <ele>160.48000000000002</ele>
      </trkpt>
      <trkpt lat="48.88588460922044" lon="2.0374845931935797">
        <ele>161.09</ele>
      </trkpt>
      <trkpt lat="48.88586746109132" lon="2.0374228599287743">
        <ele>161.75</ele>
      </trkpt>
      <trkpt lat="48.88581601670399" lon="2.0372376601343594">
        <ele>163.84</ele>
      </trkpt>
      <trkpt lat="48.8858" lon="2.03718">
        <ele>164.04743318406278</ele>
      </trkpt>
      <trkpt lat="48.8857337944727" lon="2.0371017571040984">
        <ele>164.47</ele>
      </trkpt>
      <trkpt lat="48.88569970927272" lon="2.0370614745950237">
        <ele>164.64000000000001</ele>
      </trkpt>
      <trkpt lat="48.885690000000004" lon="2.0370500000000002">
        <ele>164.6786409336323</ele>
      </trkpt>
      <trkpt lat="48.885690000000004" lon="2.03704">
        <ele>164.6993046360597</ele>
      </trkpt>
      <trkpt lat="48.88567243735683" lon="2.0370186193909245">
        <ele>164.77</ele>
      </trkpt>
      <trkpt lat="48.885640843912356" lon="2.0369801578063473">
        <ele>164.87</ele>
      </trkpt>
      <trkpt lat="48.88546" lon="2.03676">
        <ele>165.0083445221529</ele>
      </trkpt>
      <trkpt lat="48.885351399062465" lon="2.036682427901756">
        <ele>165.08</ele>
      </trkpt>
      <trkpt lat="48.88515278200583" lon="2.036540558575592">
        <ele>165.27</ele>
      </trkpt>
      <trkpt lat="48.88507300958145" lon="2.0364835782724606">
        <ele>165.36</ele>
      </trkpt>
      <trkpt lat="48.885040000000004" lon="2.0364600000000004">
        <ele>165.41069011952663</ele>
      </trkpt>
      <trkpt lat="48.88502602659693" lon="2.036435983213463">
        <ele>165.44</ele>
      </trkpt>
      <trkpt lat="48.88502602659693" lon="2.036435983213463">
        <ele>165.45000000000002</ele>
      </trkpt>
      <trkpt lat="48.884951534848916" lon="2.0363079505215556">
        <ele>165.63000000000002</ele>
      </trkpt>
      <trkpt lat="48.88489313331846" lon="2.0362075728911">
        <ele>165.8</ele>
      </trkpt>
      <trkpt lat="48.88480553102279" lon="2.036057006445417">
        <ele>166.10000000000002</ele>
      </trkpt>
      <trkpt lat="48.88471852466111" lon="2.0359074642612693">
        <ele>166.47</ele>
      </trkpt>
      <trkpt lat="48.88463092236544" lon="2.035756897815586">
        <ele>166.91</ele>
      </trkpt>
      <trkpt lat="48.884485514473305" lon="2.035506978000983">
        <ele>167.71000000000004</ele>
      </trkpt>
      <trkpt lat="48.88442711294286" lon="2.0354066003705276">
        <ele>168</ele>
      </trkpt>
      <trkpt lat="48.88440000000001" lon="2.0353600000000003">
        <ele>168.11606263844828</ele>
      </trkpt>
      <trkpt lat="48.88440000000001" lon="2.03535">
        <ele>168.13471559824745</ele>
      </trkpt>
      <trkpt lat="48.88437331141899" lon="2.0353033889570997">
        <ele>168.25</ele>
      </trkpt>
      <trkpt lat="48.884316026460766" lon="2.035203341987795">
        <ele>168.45000000000002</ele>
      </trkpt>
      <trkpt lat="48.88419968484455" lon="2.0350001538130216">
        <ele>168.9</ele>
      </trkpt>
      <trkpt lat="48.88414121875317" lon="2.0348980440196076">
        <ele>169.17000000000002</ele>
      </trkpt>
      <trkpt lat="48.884112280990756" lon="2.0348475048289276">
        <ele>169.34</ele>
      </trkpt>
      <trkpt lat="48.88405381489937" lon="2.0347453950355137">
        <ele>169.76000000000002</ele>
      </trkpt>
      <trkpt lat="48.88393747328317" lon="2.03454220686074">
        <ele>170.72</ele>
      </trkpt>
      <trkpt lat="48.88385006942937" lon="2.034389557876646">
        <ele>171.34</ele>
      </trkpt>
      <trkpt lat="48.883791603337976" lon="2.034287448083232">
        <ele>171.78</ele>
      </trkpt>
      <trkpt lat="48.88369" lon="2.03411">
        <ele>172.2588848958205</ele>
      </trkpt>
      <trkpt lat="48.88367239661589" lon="2.034096397385008">
        <ele>172.32</ele>
      </trkpt>
      <trkpt lat="48.883617075780506" lon="2.034053649466757">
        <ele>172.48000000000002</ele>
      </trkpt>
      <trkpt lat="48.883617075780506" lon="2.034053649466757">
        <ele>172.5</ele>
      </trkpt>
      <trkpt lat="48.883521667383256" lon="2.0339799247961503">
        <ele>172.8</ele>
      </trkpt>
      <trkpt lat="48.88347" lon="2.0339400000000003">
        <ele>172.98097051773289</ele>
      </trkpt>
      <trkpt lat="48.88339769736355" lon="2.033921254872032">
        <ele>173.21</ele>
      </trkpt>
      <trkpt lat="48.88331170389282" lon="2.033898960268509">
        <ele>173.46</ele>
      </trkpt>
      <trkpt lat="48.88309539042005" lon="2.0338428789977923">
        <ele>174.01000000000002</ele>
      </trkpt>
      <trkpt lat="48.88293" lon="2.0338000000000003">
        <ele>174.4093132974404</ele>
      </trkpt>
      <trkpt lat="48.882690000000004" lon="2.03376">
        <ele>174.98394011883138</ele>
      </trkpt>
      <trkpt lat="48.88268" lon="2.03376">
        <ele>175.0077403826922</ele>
      </trkpt>
      <trkpt lat="48.88257430444485" lon="2.03374798914146">
        <ele>175.26000000000002</ele>
      </trkpt>
      <trkpt lat="48.882488209551866" lon="2.0337382056308932">
        <ele>175.5</ele>
      </trkpt>
      <trkpt lat="48.88235637674697" lon="2.0337232246303376">
        <ele>175.92000000000002</ele>
      </trkpt>
      <trkpt lat="48.88224" lon="2.03371">
        <ele>175.72174678237917</ele>
      </trkpt>
      <trkpt lat="48.88222984357579" lon="2.033698150838422">
        <ele>175.70000000000002</ele>
      </trkpt>
      <trkpt lat="48.88209356129931" lon="2.0335391548491843">
        <ele>175.48000000000002</ele>
      </trkpt>
      <trkpt lat="48.882000000000005" lon="2.03343">
        <ele>175.305938369418</ele>
      </trkpt>
      <trkpt lat="48.881916118526235" lon="2.0334062599602527">
        <ele>175.18</ele>
      </trkpt>
      <trkpt lat="48.881916118526235" lon="2.0334062599602527">
        <ele>175.19</ele>
      </trkpt>
      <trkpt lat="48.881728680948676" lon="2.033353211589246">
        <ele>174.97</ele>
      </trkpt>
      <trkpt lat="48.88151737160417" lon="2.0332934070577813">
        <ele>174.68</ele>
      </trkpt>
      <trkpt lat="48.88147000000001" lon="2.03328">
        <ele>174.5800269035369</ele>
      </trkpt>
      <trkpt lat="48.88159450508154" lon="2.0336275766859315">
        <ele>174.04000000000002</ele>
      </trkpt>
      <trkpt lat="48.881699900957784" lon="2.0339218068404707">
        <ele>173.55</ele>
      </trkpt>
      <trkpt lat="48.881710000000005" lon="2.0339500000000004">
        <ele>173.50927646226828</ele>
      </trkpt>
      <trkpt lat="48.881710000000005" lon="2.0339400000000003">
        <ele>173.49659176735375</ele>
      </trkpt>
      <trkpt lat="48.881737652451115" lon="2.034021733793529">
        <ele>173.38</ele>
      </trkpt>
      <trkpt lat="48.881878770548724" lon="2.034438843922773">
        <ele>172.83</ele>
      </trkpt>
      <trkpt lat="48.88197956918988" lon="2.0347367797293754">
        <ele>172.47</ele>
      </trkpt>
      <trkpt lat="48.882100527559274" lon="2.0350943026972987">
        <ele>171.99</ele>
      </trkpt>
      <trkpt lat="48.882161006743964" lon="2.035273064181261">
        <ele>171.61</ele>
      </trkpt>
      <trkpt lat="48.882282376536374" lon="2.0356318032137004">
        <ele>170.77</ele>
      </trkpt>
      <trkpt lat="48.88232269599284" lon="2.035750977536342">
        <ele>170.52</ele>
      </trkpt>
      <trkpt lat="48.882363426872324" lon="2.0358713679235">
        <ele>170.33</ele>
      </trkpt>
      <trkpt lat="48.88239922067551" lon="2.0359771655364565">
        <ele>170.24</ele>
      </trkpt>
      <trkpt lat="48.882486442356836" lon="2.0362349712140064">
        <ele>170.15000000000003</ele>
      </trkpt>
      <trkpt lat="48.8825267618133" lon="2.036354145536648">
        <ele>170.09</ele>
      </trkpt>
      <trkpt lat="48.88258724099799" lon="2.036532907020609">
        <ele>169.88</ele>
      </trkpt>
      <trkpt lat="48.88262756045445" lon="2.0366520813432505">
        <ele>169.33</ele>
      </trkpt>
      <trkpt lat="48.88264813160571" lon="2.036712884569088">
        <ele>169.03</ele>
      </trkpt>
      <trkpt lat="48.88268845106217" lon="2.036832058891729">
        <ele>168.31</ele>
      </trkpt>
      <trkpt lat="48.88274934166989" lon="2.037012036440207">
        <ele>167.13</ele>
      </trkpt>
      <trkpt lat="48.88283039200584" lon="2.037251601150006">
        <ele>165.59</ele>
      </trkpt>
      <trkpt lat="48.88284" lon="2.03728">
        <ele>165.39118325149568</ele>
      </trkpt>
      <trkpt lat="48.88284" lon="2.0372700000000004">
        <ele>165.32893083736616</ele>
      </trkpt>
      <trkpt lat="48.88288633867102" lon="2.037414164754298">
        <ele>164.33</ele>
      </trkpt>
      <trkpt lat="48.882905690101055" lon="2.0374743692032555">
        <ele>163.88000000000002</ele>
      </trkpt>
      <trkpt lat="48.88292504153107" lon="2.037534573652213">
        <ele>163.4</ele>
      </trkpt>
      <trkpt lat="48.882944787888235" lon="2.037596006763394">
        <ele>162.88000000000002</ele>
      </trkpt>
      <trkpt lat="48.882964139318254" lon="2.0376562112123513">
        <ele>162.31</ele>
      </trkpt>
      <trkpt lat="48.88302" lon="2.03783">
        <ele>160.50782590290382</ele>
      </trkpt>
      <trkpt lat="48.883044669298144" lon="2.0378960683501894">
        <ele>159.8</ele>
      </trkpt>
      <trkpt lat="48.883066428046895" lon="2.0379543417807513">
        <ele>159.27</ele>
      </trkpt>
      <trkpt lat="48.88308863085174" lon="2.038013804464998">
        <ele>158.83</ele>
      </trkpt>
      <trkpt lat="48.88311038960049" lon="2.03807207789556">
        <ele>158.47</ele>
      </trkpt>
      <trkpt lat="48.88313214834924" lon="2.0381303513261217">
        <ele>158.19000000000003</ele>
      </trkpt>
      <trkpt lat="48.883197868651585" lon="2.038306360871493">
        <ele>157.55</ele>
      </trkpt>
      <trkpt lat="48.88321962740034" lon="2.038364634302055">
        <ele>157.31</ele>
      </trkpt>
      <trkpt lat="48.883241830205186" lon="2.0384240969863017">
        <ele>157.03</ele>
      </trkpt>
      <trkpt lat="48.88326358895394" lon="2.0384823704168635">
        <ele>156.72000000000003</ele>
      </trkpt>
      <trkpt lat="48.88330710645144" lon="2.0385989172779873">
        <ele>156.04000000000002</ele>
      </trkpt>
      <trkpt lat="48.88332930925628" lon="2.038658379962235">
        <ele>155.67</ele>
      </trkpt>
      <trkpt lat="48.883351068005034" lon="2.0387166533927967">
        <ele>155.28</ele>
      </trkpt>
      <trkpt lat="48.883407463129345" lon="2.0388676886107837">
        <ele>154.2</ele>
      </trkpt>
      <trkpt lat="48.883407463129345" lon="2.0388676886107837">
        <ele>154.21</ele>
      </trkpt>
      <trkpt lat="48.88350426735849" lon="2.0391269459141004">
        <ele>152.3</ele>
      </trkpt>
      <trkpt lat="48.883569987660834" lon="2.0393029554594713">
        <ele>150.94000000000003</ele>
      </trkpt>
      <trkpt lat="48.88363570796319" lon="2.039478965004842">
        <ele>149.50000000000003</ele>
      </trkpt>
      <trkpt lat="48.88370142826553" lon="2.039654974550213">
        <ele>148.00000000000003</ele>
      </trkpt>
      <trkpt lat="48.883766704511785" lon="2.039829794841899">
        <ele>146.47000000000003</ele>
      </trkpt>
      <trkpt lat="48.88381066606538" lon="2.039947530956708">
        <ele>145.54</ele>
      </trkpt>
      <trkpt lat="48.88385418356288" lon="2.040064077817832">
        <ele>144.69</ele>
      </trkpt>
      <trkpt lat="48.88389" lon="2.04016">
        <ele>144.0626641957778</ele>
      </trkpt>
      <trkpt lat="48.883880000000005" lon="2.04016">
        <ele>143.97617932591695</ele>
      </trkpt>
      <trkpt lat="48.88392732296284" lon="2.0402861945675683">
        <ele>143.15</ele>
      </trkpt>
      <trkpt lat="48.88397142801394" lon="2.0404038080371625">
        <ele>142.31000000000003</ele>
      </trkpt>
      <trkpt lat="48.88401597857061" lon="2.0405226095216005">
        <ele>141.43</ele>
      </trkpt>
      <trkpt lat="48.884060083621705" lon="2.040640222991194">
        <ele>140.51000000000002</ele>
      </trkpt>
      <trkpt lat="48.88410418867281" lon="2.040757836460788">
        <ele>139.53</ele>
      </trkpt>
      <trkpt lat="48.88423694933166" lon="2.0411118648844133">
        <ele>136.49</ele>
      </trkpt>
      <trkpt lat="48.88428149988833" lon="2.0412306663688513">
        <ele>135.57000000000002</ele>
      </trkpt>
      <trkpt lat="48.884303329661094" lon="2.0412888790962262">
        <ele>135.16</ele>
      </trkpt>
      <trkpt lat="48.88432560493942" lon="2.041348279838445">
        <ele>134.78</ele>
      </trkpt>
      <trkpt lat="48.884330000000006" lon="2.04136">
        <ele>134.71094267190935</ele>
      </trkpt>
      <trkpt lat="48.88432360290889" lon="2.041414019880538">
        <ele>134.43</ele>
      </trkpt>
      <trkpt lat="48.884307823233584" lon="2.041547270472051">
        <ele>133.79000000000002</ele>
      </trkpt>
      <trkpt lat="48.88428407402528" lon="2.0417478193421057">
        <ele>132.89000000000001</ele>
      </trkpt>
      <trkpt lat="48.88424454514167" lon="2.042081618803673">
        <ele>131.54000000000002</ele>
      </trkpt>
      <trkpt lat="48.88423593804605" lon="2.042154300944498">
        <ele>131.20000000000002</ele>
      </trkpt>
      <trkpt lat="48.88421298579105" lon="2.0423481199866984">
        <ele>130.29999999999998</ele>
      </trkpt>
      <trkpt lat="48.88420517564873" lon="2.0424140722996693">
        <ele>130.02</ele>
      </trkpt>
      <trkpt lat="48.88419720611574" lon="2.042481370578211">
        <ele>129.76000000000002</ele>
      </trkpt>
      <trkpt lat="48.884125958490856" lon="2.0430830171883745">
        <ele>127.67</ele>
      </trkpt>
      <trkpt lat="48.88410220928256" lon="2.043283566058429">
        <ele>127.02000000000002</ele>
      </trkpt>
      <trkpt lat="48.884060000000005" lon="2.0436400000000003">
        <ele>125.99805698756735</ele>
      </trkpt>
      <trkpt lat="48.88405463521417" lon="2.043684642682091">
        <ele>125.87</ele>
      </trkpt>
      <trkpt lat="48.884038629838265" lon="2.0438178302745045">
        <ele>125.53</ele>
      </trkpt>
      <trkpt lat="48.884022624462354" lon="2.043951017866918">
        <ele>125.25</ele>
      </trkpt>
      <trkpt lat="48.88400645741597" lon="2.044085550788548">
        <ele>125.03</ele>
      </trkpt>
      <trkpt lat="48.88395827961777" lon="2.0444864588950047">
        <ele>124.51</ele>
      </trkpt>
      <trkpt lat="48.883942435912324" lon="2.044618301158202">
        <ele>124.49</ele>
      </trkpt>
      <trkpt lat="48.88390266497824" lon="2.044949252145411">
        <ele>124.39000000000001</ele>
      </trkpt>
      <trkpt lat="48.88388682127279" lon="2.0450810944086086">
        <ele>124.42000000000002</ele>
      </trkpt>
      <trkpt lat="48.88387889942007" lon="2.045147015540207">
        <ele>124.46000000000001</ele>
      </trkpt>
      <trkpt lat="48.88385513386189" lon="2.0453447789350028">
        <ele>124.64000000000001</ele>
      </trkpt>
      <trkpt lat="48.88383120663325" lon="2.045543887659015">
        <ele>124.91000000000001</ele>
      </trkpt>
      <trkpt lat="48.883815362927805" lon="2.045675729922212">
        <ele>125.13000000000001</ele>
      </trkpt>
      <trkpt lat="48.88379951922235" lon="2.0458075721854097">
        <ele>125.42</ele>
      </trkpt>
      <trkpt lat="48.88379240572195" lon="2.045866766670927">
        <ele>125.57000000000001</ele>
      </trkpt>
      <trkpt lat="48.88378367551691" lon="2.0459394144486067">
        <ele>125.80000000000003</ele>
      </trkpt>
      <trkpt lat="48.88378" lon="2.04597">
        <ele>125.9043936731152</ele>
      </trkpt>
      <trkpt lat="48.88373879858221" lon="2.0460516670959805">
        <ele>126.25</ele>
      </trkpt>
      <trkpt lat="48.8836851518849" lon="2.046158002513861">
        <ele>126.79</ele>
      </trkpt>
      <trkpt lat="48.88363095777231" lon="2.0462654229870254">
        <ele>127.41000000000003</ele>
      </trkpt>
      <trkpt lat="48.883577311075" lon="2.0463717584049057">
        <ele>128.12</ele>
      </trkpt>
      <trkpt lat="48.8835236643777" lon="2.0464780938227856">
        <ele>128.88000000000002</ele>
      </trkpt>
      <trkpt lat="48.88347001768039" lon="2.046584429240666">
        <ele>129.70000000000002</ele>
      </trkpt>
      <trkpt lat="48.88338900021914" lon="2.046745017422771">
        <ele>131.01999999999998</ele>
      </trkpt>
      <trkpt lat="48.883281706824526" lon="2.046957688258531">
        <ele>133.11</ele>
      </trkpt>
      <trkpt lat="48.88322" lon="2.0470800000000002">
        <ele>134.270296602922</ele>
      </trkpt>
      <trkpt lat="48.88309672347148" lon="2.047329634970252">
        <ele>136.62</ele>
      </trkpt>
      <trkpt lat="48.8830702618673" lon="2.047383219718715">
        <ele>137.15</ele>
      </trkpt>
      <trkpt lat="48.8829914170875" lon="2.047542880397808">
        <ele>138.8</ele>
      </trkpt>
      <trkpt lat="48.882964955483324" lon="2.047596465146271">
        <ele>139.3</ele>
      </trkpt>
      <trkpt lat="48.882938493879145" lon="2.0476500498947336">
        <ele>139.74</ele>
      </trkpt>
      <trkpt lat="48.882912032274966" lon="2.047703634643196">
        <ele>140.09</ele>
      </trkpt>
      <trkpt lat="48.88288611070353" lon="2.047756125825364">
        <ele>140.37000000000003</ele>
      </trkpt>
      <trkpt lat="48.88283318749517" lon="2.0478632953222893">
        <ele>140.77</ele>
      </trkpt>
      <trkpt lat="48.88282" lon="2.04789">
        <ele>140.8530776934237</ele>
      </trkpt>
      <trkpt lat="48.88276186887723" lon="2.0479351443825755">
        <ele>141.1</ele>
      </trkpt>
      <trkpt lat="48.88268337845465" lon="2.047996099710753">
        <ele>141.32</ele>
      </trkpt>
      <trkpt lat="48.88256644374345" lon="2.048086910709875">
        <ele>141.54</ele>
      </trkpt>
      <trkpt lat="48.88248795332087" lon="2.0481478660380525">
        <ele>141.63</ele>
      </trkpt>
      <trkpt lat="48.88240946289828" lon="2.0482088213662304">
        <ele>141.66</ele>
      </trkpt>
      <trkpt lat="48.88237101860967" lon="2.0482386770371743">
        <ele>141.64000000000001</ele>
      </trkpt>
      <trkpt lat="48.88229252818709" lon="2.048299632365352">
        <ele>141.51000000000002</ele>
      </trkpt>
      <trkpt lat="48.882253282975796" lon="2.048330110029441">
        <ele>141.41</ele>
      </trkpt>
      <trkpt lat="48.8821747925532" lon="2.0483910653576185">
        <ele>141.15</ele>
      </trkpt>
      <trkpt lat="48.8820971030533" lon="2.0484513986926514">
        <ele>140.85</ele>
      </trkpt>
      <trkpt lat="48.88205145046058" lon="2.0484868523018975">
        <ele>140.65000000000003</ele>
      </trkpt>
      <trkpt lat="48.88205145046058" lon="2.0484868523018975">
        <ele>140.66</ele>
      </trkpt>
      <trkpt lat="48.88201620986268" lon="2.0485142200002633">
        <ele>140.51000000000002</ele>
      </trkpt>
      <trkpt lat="48.881937719440096" lon="2.048575175328441">
        <ele>140.12000000000003</ele>
      </trkpt>
      <trkpt lat="48.88188" lon="2.04862">
        <ele>139.80299333153388</ele>
      </trkpt>
      <trkpt lat="48.881647437162684" lon="2.0487209812319946">
        <ele>138.62</ele>
      </trkpt>
      <trkpt lat="48.88156269081773" lon="2.048757778987042">
        <ele>138.25</ele>
      </trkpt>
      <trkpt lat="48.88147794447276" lon="2.0487945767420896">
        <ele>137.94</ele>
      </trkpt>
      <trkpt lat="48.88139406288643" lon="2.0488309990098403">
        <ele>137.72</ele>
      </trkpt>
      <trkpt lat="48.881309316541476" lon="2.048867796764888">
        <ele>137.55</ele>
      </trkpt>
      <trkpt lat="48.88118306178266" lon="2.0489226179101623">
        <ele>137.34</ele>
      </trkpt>
      <trkpt lat="48.88112" lon="2.04895">
        <ele>137.35468271364545</ele>
      </trkpt>
      <trkpt lat="48.88105431611905" lon="2.048979109901784">
        <ele>137.37</ele>
      </trkpt>
      <trkpt lat="48.88101200952726" lon="2.048997859414055">
        <ele>137.41</ele>
      </trkpt>
      <trkpt lat="48.88096883953564" lon="2.049016991569434">
        <ele>137.49</ele>
      </trkpt>
      <trkpt lat="48.88092566954402" lon="2.049036123724813">
        <ele>137.6</ele>
      </trkpt>
      <trkpt lat="48.880883362952225" lon="2.0490548732370844">
        <ele>137.74</ele>
      </trkpt>
      <trkpt lat="48.88079702296898" lon="2.049093137547842">
        <ele>138.1</ele>
      </trkpt>
      <trkpt lat="48.88058289981052" lon="2.049188033038522">
        <ele>139.14000000000001</ele>
      </trkpt>
      <trkpt lat="48.8804974232271" lon="2.0492259147061724">
        <ele>139.59</ele>
      </trkpt>
      <trkpt lat="48.88045425323548" lon="2.0492450468615515">
        <ele>139.85</ele>
      </trkpt>
      <trkpt lat="48.88041194664369" lon="2.0492637963738227">
        <ele>140.13</ele>
      </trkpt>
      <trkpt lat="48.88032647006026" lon="2.049301678041473">
        <ele>140.75</ele>
      </trkpt>
      <trkpt lat="48.88024" lon="2.0493400000000004">
        <ele>141.4056047008545</ele>
      </trkpt>
      <trkpt lat="48.88019809759675" lon="2.049146677548638">
        <ele>142.38</ele>
      </trkpt>
      <trkpt lat="48.880170228223385" lon="2.0490180983942543">
        <ele>143.06000000000003</ele>
      </trkpt>
      <trkpt lat="48.88014235885002" lon="2.048889519239871">
        <ele>143.84000000000003</ele>
      </trkpt>
      <trkpt lat="48.88012828340893" lon="2.0488245802730103">
        <ele>144.28000000000003</ele>
      </trkpt>
      <trkpt lat="48.88010801477376" lon="2.0487310681607314">
        <ele>144.97</ele>
      </trkpt>
      <trkpt lat="48.88010801477376" lon="2.0487310681607314">
        <ele>145.01</ele>
      </trkpt>
      <trkpt lat="48.8800739522063" lon="2.048573915860929">
        <ele>146.29</ele>
      </trkpt>
      <trkpt lat="48.88004608283295" lon="2.0484453367065454">
        <ele>147.46</ele>
      </trkpt>
      <trkpt lat="48.879975987136305" lon="2.0481219406515803">
        <ele>150.46</ele>
      </trkpt>
      <trkpt lat="48.87994811776294" lon="2.0479933614971966">
        <ele>151.73</ele>
      </trkpt>
      <trkpt lat="48.87990617294848" lon="2.047799843375952">
        <ele>153.81</ele>
      </trkpt>
      <trkpt lat="48.87989237901622" lon="2.047736203188429">
        <ele>154.47000000000003</ele>
      </trkpt>
      <trkpt lat="48.879878303575126" lon="2.0476712642215684">
        <ele>155.06</ele>
      </trkpt>
      <trkpt lat="48.87986422813403" lon="2.047606325254708">
        <ele>155.58</ele>
      </trkpt>
      <trkpt lat="48.87985043420176" lon="2.0475426850671847">
        <ele>156.03</ele>
      </trkpt>
      <trkpt lat="48.87983635876067" lon="2.0474777461003244">
        <ele>156.41000000000003</ele>
      </trkpt>
      <trkpt lat="48.879822564828395" lon="2.047414105912801">
        <ele>156.74</ele>
      </trkpt>
      <trkpt lat="48.8798084893873" lon="2.0473491669459403">
        <ele>157.03</ele>
      </trkpt>
      <trkpt lat="48.8798" lon="2.04731">
        <ele>157.18786747844212</ele>
      </trkpt>
      <trkpt lat="48.8798" lon="2.0473000000000003">
        <ele>157.22614837489914</ele>
      </trkpt>
      <trkpt lat="48.87976833412061" lon="2.047155283971741">
        <ele>157.81</ele>
      </trkpt>
      <trkpt lat="48.87974022594949" lon="2.0470268270027825">
        <ele>158.27</ele>
      </trkpt>
      <trkpt lat="48.87971211777837" lon="2.046898370033824">
        <ele>158.70000000000002</ele>
      </trkpt>
      <trkpt lat="48.87968400960724" lon="2.0467699130648658">
        <ele>158.97</ele>
      </trkpt>
      <trkpt lat="48.879655901436124" lon="2.0466414560959074">
        <ele>159.28</ele>
      </trkpt>
      <trkpt lat="48.8796138811399" lon="2.0464494194150404">
        <ele>159.81</ele>
      </trkpt>
      <trkpt lat="48.87957157692276" lon="2.0462560851890323">
        <ele>160.38000000000002</ele>
      </trkpt>
      <trkpt lat="48.87955738087674" lon="2.0461912079319826">
        <ele>160.59</ele>
      </trkpt>
      <trkpt lat="48.879543468751635" lon="2.046127628220074">
        <ele>160.82999999999998</ele>
      </trkpt>
      <trkpt lat="48.87948725240939" lon="2.045870714282157">
        <ele>161.9</ele>
      </trkpt>
      <trkpt lat="48.879473056363366" lon="2.0458058370251075">
        <ele>162.13000000000002</ele>
      </trkpt>
      <trkpt lat="48.87945914423827" lon="2.045742257313199">
        <ele>162.32000000000002</ele>
      </trkpt>
      <trkpt lat="48.879444948192244" lon="2.045677380056149">
        <ele>162.44</ele>
      </trkpt>
      <trkpt lat="48.879431036067146" lon="2.04561380034424">
        <ele>162.48000000000002</ele>
      </trkpt>
      <trkpt lat="48.87941684002113" lon="2.045548923087191">
        <ele>162.45000000000002</ele>
      </trkpt>
      <trkpt lat="48.879402927896024" lon="2.045485343375282">
        <ele>162.35000000000002</ele>
      </trkpt>
      <trkpt lat="48.87938873185001" lon="2.045420466118232">
        <ele>162.17000000000002</ele>
      </trkpt>
      <trkpt lat="48.87934642763287" lon="2.0452271318922244">
        <ele>161.49</ele>
      </trkpt>
      <trkpt lat="48.879332515507755" lon="2.0451635521803153">
        <ele>161.34</ele>
      </trkpt>
      <trkpt lat="48.879318319461746" lon="2.045098674923266">
        <ele>161.26000000000002</ele>
      </trkpt>
      <trkpt lat="48.87930440733664" lon="2.0450350952113574">
        <ele>161.28</ele>
      </trkpt>
      <trkpt lat="48.87929021129062" lon="2.0449702179543077">
        <ele>161.4</ele>
      </trkpt>
      <trkpt lat="48.879276299165525" lon="2.044906638242399">
        <ele>161.61</ele>
      </trkpt>
      <trkpt lat="48.8792621031195" lon="2.0448417609853493">
        <ele>161.88000000000002</ele>
      </trkpt>
      <trkpt lat="48.87923399494838" lon="2.0447133040163905">
        <ele>162.47</ele>
      </trkpt>
      <trkpt lat="48.87922008282328" lon="2.044649724304482">
        <ele>162.71</ele>
      </trkpt>
      <trkpt lat="48.879177778606135" lon="2.044456390078474">
        <ele>163.22</ele>
      </trkpt>
      <trkpt lat="48.879163866481036" lon="2.044392810366565">
        <ele>163.45000000000002</ele>
      </trkpt>
      <trkpt lat="48.87914967043501" lon="2.044327933109516">
        <ele>163.79000000000002</ele>
      </trkpt>
      <trkpt lat="48.87913547438899" lon="2.044263055852466">
        <ele>164.25</ele>
      </trkpt>
      <trkpt lat="48.87912156226389" lon="2.044199476140557">
        <ele>164.82000000000002</ele>
      </trkpt>
      <trkpt lat="48.87909345409277" lon="2.044071019171599">
        <ele>166.08</ele>
      </trkpt>
      <trkpt lat="48.87907925804675" lon="2.044006141914549">
        <ele>166.66</ele>
      </trkpt>
      <trkpt lat="48.879065345921646" lon="2.0439425622026404">
        <ele>167.14000000000001</ele>
      </trkpt>
      <trkpt lat="48.87905114987562" lon="2.0438776849455906">
        <ele>167.51000000000002</ele>
      </trkpt>
      <trkpt lat="48.87904206440617" lon="2.043836163501079">
        <ele>167.69</ele>
      </trkpt>
      <trkpt lat="48.87904206440617" lon="2.043836163501079">
        <ele>167.72</ele>
      </trkpt>
      <trkpt lat="48.879038373434206" lon="2.043819295414246">
        <ele>167.8</ele>
      </trkpt>
      <trkpt lat="48.87902417738819" lon="2.0437544181571963">
        <ele>168.01000000000002</ele>
      </trkpt>
      <trkpt lat="48.879010265263084" lon="2.0436908384452876">
        <ele>168.17000000000002</ele>
      </trkpt>
      <trkpt lat="48.87898215709196" lon="2.0435623814763293">
        <ele>168.45000000000002</ele>
      </trkpt>
      <trkpt lat="48.87896796104594" lon="2.0434975042192796">
        <ele>168.63</ele>
      </trkpt>
      <trkpt lat="48.87895404892084" lon="2.043433924507371">
        <ele>168.85</ele>
      </trkpt>
      <trkpt lat="48.878939852874815" lon="2.043369047250321">
        <ele>169.11</ele>
      </trkpt>
      <trkpt lat="48.878925940749724" lon="2.0433054675384126">
        <ele>169.39000000000001</ele>
      </trkpt>
      <trkpt lat="48.878884488295334" lon="2.0431160259478274">
        <ele>170.64000000000001</ele>
      </trkpt>
      <trkpt lat="48.878870860091155" lon="2.04305374378106">
        <ele>171.03</ele>
      </trkpt>
      <trkpt lat="48.87885694796606" lon="2.0429901640691512">
        <ele>171.40000000000003</ele>
      </trkpt>
      <trkpt lat="48.87882940763677" lon="2.0428643021904747">
        <ele>172.05</ele>
      </trkpt>
      <trkpt lat="48.87881549551168" lon="2.042800722478566">
        <ele>172.33</ele>
      </trkpt>
      <trkpt lat="48.878801583386576" lon="2.0427371427666574">
        <ele>172.59</ele>
      </trkpt>
      <trkpt lat="48.87877404305729" lon="2.042611280887981">
        <ele>173.06</ele>
      </trkpt>
      <trkpt lat="48.878730000000004" lon="2.0424100000000003">
        <ele>173.74305797790228</ele>
      </trkpt>
      <trkpt lat="48.878730000000004" lon="2.0424">
        <ele>173.77525832548696</ele>
      </trkpt>
      <trkpt lat="48.878708195220895" lon="2.0422949406097253">
        <ele>174.13</ele>
      </trkpt>
      <trkpt lat="48.878655417382944" lon="2.0420406473905413">
        <ele>175.02</ele>
      </trkpt>
      <trkpt lat="48.878629163791764" lon="2.041914152814845">
        <ele>175.43</ele>
      </trkpt>
      <trkpt lat="48.878620000000005" lon="2.0418700000000003">
        <ele>175.4932011528071</ele>
      </trkpt>
      <trkpt lat="48.8785798210243" lon="2.04172340103461">
        <ele>175.71</ele>
      </trkpt>
      <trkpt lat="48.87851097771464" lon="2.0414722159858174">
        <ele>175.98000000000002</ele>
      </trkpt>
      <trkpt lat="48.87844213440496" lon="2.0412210309370247">
        <ele>176.29</ele>
      </trkpt>
      <trkpt lat="48.87825" lon="2.0405200000000003">
        <ele>177.01142086982196</ele>
      </trkpt>
      <trkpt lat="48.87811303277475" lon="2.039880819615508">
        <ele>177.65</ele>
      </trkpt>
      <trkpt lat="48.87807848533656" lon="2.0397195982372582">
        <ele>177.86</ele>
      </trkpt>
      <trkpt lat="48.87807848533656" lon="2.0397195982372582">
        <ele>177.87000000000003</ele>
      </trkpt>
      <trkpt lat="48.878031121913224" lon="2.0394985689283676">
        <ele>178.25000000000003</ele>
      </trkpt>
      <trkpt lat="48.87800353968434" lon="2.0393698518602488">
        <ele>178.45000000000002</ele>
      </trkpt>
      <trkpt lat="48.87798960926571" lon="2.0393048432399867">
        <ele>178.52</ele>
      </trkpt>
      <trkpt lat="48.8779338875912" lon="2.039044808758939">
        <ele>178.71</ele>
      </trkpt>
      <trkpt lat="48.877850862296185" lon="2.0386573573821773">
        <ele>179.12</ele>
      </trkpt>
      <trkpt lat="48.87780962825705" lon="2.038464931866202">
        <ele>179.28000000000003</ele>
      </trkpt>
      <trkpt lat="48.877770000000005" lon="2.0382800000000003">
        <ele>179.41364495686992</ele>
      </trkpt>
      <trkpt lat="48.87777" lon="2.0382707512009306">
        <ele>179.42000000000002</ele>
      </trkpt>
      <trkpt lat="48.877770000000005" lon="2.0382700000000002">
        <ele>179.42038842784314</ele>
      </trkpt>
      <trkpt lat="48.87774335427347" lon="2.038141616044868">
        <ele>179.49</ele>
      </trkpt>
      <trkpt lat="48.87770329798694" lon="2.037948617573411">
        <ele>179.56000000000003</ele>
      </trkpt>
      <trkpt lat="48.87764970917118" lon="2.037690416915652">
        <ele>179.6</ele>
      </trkpt>
      <trkpt lat="48.87758285847677" lon="2.037368318115316">
        <ele>179.53000000000003</ele>
      </trkpt>
      <trkpt lat="48.87755606406889" lon="2.0372392177864365">
        <ele>179.52</ele>
      </trkpt>
      <trkpt lat="48.87755000000001" lon="2.03721">
        <ele>179.52908332160854</ele>
      </trkpt>
      <trkpt lat="48.877596876267724" lon="2.0370537457742808">
        <ele>179.58</ele>
      </trkpt>
      <trkpt lat="48.87767600211211" lon="2.0367899929596485">
        <ele>179.75000000000003</ele>
      </trkpt>
      <trkpt lat="48.87770735386177" lon="2.0366854871274356">
        <ele>179.83</ele>
      </trkpt>
      <trkpt lat="48.8777625926588" lon="2.0365013578040134">
        <ele>180.03000000000003</ele>
      </trkpt>
      <trkpt lat="48.87781783145583" lon="2.0363172284805913">
        <ele>180.26</ele>
      </trkpt>
      <trkpt lat="48.87792233728804" lon="2.0359688757065486">
        <ele>180.4</ele>
      </trkpt>
      <trkpt lat="48.87797459020415" lon="2.0357946993195273">
        <ele>180.42000000000002</ele>
      </trkpt>
      <trkpt lat="48.87808170868217" lon="2.0354376377261336">
        <ele>180.4</ele>
      </trkpt>
      <trkpt lat="48.87809000000001" lon="2.03541">
        <ele>180.4018208796252</ele>
      </trkpt>
      <trkpt lat="48.878172377806614" lon="2.0351337920602117">
        <ele>180.42000000000002</ele>
      </trkpt>
      <trkpt lat="48.8782087779927" lon="2.035011744377453">
        <ele>180.41000000000003</ele>
      </trkpt>
      <trkpt lat="48.8782812069344" lon="2.0347688943964544">
        <ele>180.31000000000003</ele>
      </trkpt>
      <trkpt lat="48.87837220739962" lon="2.034463775189558">
        <ele>180.15</ele>
      </trkpt>
      <trkpt lat="48.878481036527404" lon="2.0340988775258">
        <ele>180.05</ele>
      </trkpt>
      <trkpt lat="48.87858986565519" lon="2.033733979862043">
        <ele>180.08</ele>
      </trkpt>
      <trkpt lat="48.878662294596886" lon="2.0334911298810434">
        <ele>180.00000000000003</ele>
      </trkpt>
      <trkpt lat="48.87869683763062" lon="2.033375309120874">
        <ele>179.98</ele>
      </trkpt>
      <trkpt lat="48.87873435210812" lon="2.033249525284562">
        <ele>180.00000000000003</ele>
      </trkpt>
      <trkpt lat="48.87878858095677" lon="2.0330676991449423">
        <ele>180.08</ele>
      </trkpt>
      <trkpt lat="48.87889815294551" lon="2.0327003107121486">
        <ele>180.16000000000003</ele>
      </trkpt>
      <trkpt lat="48.87895275322463" lon="2.032517239188011">
        <ele>180.12</ele>
      </trkpt>
      <trkpt lat="48.87897132474814" lon="2.0324549699621137">
        <ele>180.08</ele>
      </trkpt>
      <trkpt lat="48.87900772493423" lon="2.0323329222793554">
        <ele>179.95000000000002</ele>
      </trkpt>
      <trkpt lat="48.879110000000004" lon="2.03199">
        <ele>179.48329739215282</ele>
      </trkpt>
      <trkpt lat="48.87911722560114" lon="2.0319654845675785">
        <ele>179.45000000000002</ele>
      </trkpt>
      <trkpt lat="48.879171660004474" lon="2.031780796413405">
        <ele>179.27</ele>
      </trkpt>
      <trkpt lat="48.87926066760993" lon="2.0314788063234723">
        <ele>179.1</ele>
      </trkpt>
      <trkpt lat="48.879443096421106" lon="2.0308598514284038">
        <ele>178.72000000000003</ele>
      </trkpt>
      <trkpt lat="48.87955159742775" lon="2.0304917230129904">
        <ele>178.58</ele>
      </trkpt>
      <trkpt lat="48.879587641829964" lon="2.030369429505497">
        <ele>178.51</ele>
      </trkpt>
      <trkpt lat="48.879660834034446" lon="2.0301210988117093">
        <ele>178.98000000000002</ele>
      </trkpt>
      <trkpt lat="48.879670000000004" lon="2.03009">
        <ele>179.0278282924134</ele>
      </trkpt>
      <trkpt lat="48.87969744311503" lon="2.0299976913403723">
        <ele>179.17000000000002</ele>
      </trkpt>
      <trkpt lat="48.87973411842788" lon="2.029874328924411">
        <ele>179.31000000000003</ele>
      </trkpt>
      <trkpt lat="48.87978931662601" lon="2.029688662257964">
        <ele>179.43</ele>
      </trkpt>
      <trkpt lat="48.87982636239657" lon="2.0295640537569932">
        <ele>179.55</ele>
      </trkpt>
      <trkpt lat="48.87989156295276" lon="2.0293447427952844">
        <ele>179.9</ele>
      </trkpt>
      <trkpt lat="48.87995491122041" lon="2.029131662258624">
        <ele>180.25000000000003</ele>
      </trkpt>
      <trkpt lat="48.88" lon="2.0289800000000002">
        <ele>180.47871866677673</ele>
      </trkpt>
      <trkpt lat="48.879975462378866" lon="2.0289793277364074">
        <ele>180.53000000000003</ele>
      </trkpt>
      <trkpt lat="48.87975156744898" lon="2.028973193628739">
        <ele>180.91000000000003</ele>
      </trkpt>
      <trkpt lat="48.8795285716955" lon="2.028967084156041">
        <ele>181.31000000000003</ele>
      </trkpt>
      <trkpt lat="48.8794395532294" lon="2.0289646452939563">
        <ele>181.45000000000002</ele>
      </trkpt>
      <trkpt lat="48.8794395532294" lon="2.0289646452939563">
        <ele>184.62</ele>
      </trkpt>
      <trkpt lat="48.87931007182416" lon="2.028961097858196">
        <ele>184.88000000000002</ele>
      </trkpt>
      <trkpt lat="48.879270000000005" lon="2.02896">
        <ele>184.941895874672</ele>
      </trkpt>
      <trkpt lat="48.87926" lon="2.02896">
        <ele>184.9573396014439</ele>
      </trkpt>
      <trkpt lat="48.87918059888701" lon="2.028957095081232">
        <ele>185.08</ele>
      </trkpt>
      <trkpt lat="48.87905023487293" lon="2.028952325666083">
        <ele>185.34</ele>
      </trkpt>
      <trkpt lat="48.878920769921024" lon="2.028947589143452">
        <ele>185.37</ele>
      </trkpt>
      <trkpt lat="48.878920769921024" lon="2.028947589143452">
        <ele>181.99</ele>
      </trkpt>
      <trkpt lat="48.87869780250385" lon="2.0289394317989218">
        <ele>181.88000000000002</ele>
      </trkpt>
      <trkpt lat="48.87860969441158" lon="2.0289362083321314">
        <ele>181.86</ele>
      </trkpt>
      <trkpt lat="48.878519788194986" lon="2.0289329190803045">
        <ele>181.86</ele>
      </trkpt>
      <trkpt lat="48.878440000000005" lon="2.0289300000000003">
        <ele>181.88988081706597</ele>
      </trkpt>
      <trkpt lat="48.87825419269562" lon="2.0288942678260806">
        <ele>181.96</ele>
      </trkpt>
      <trkpt lat="48.877988312646245" lon="2.028843137047355">
        <ele>181.96</ele>
      </trkpt>
      <trkpt lat="48.87792" lon="2.02883">
        <ele>181.92402975515816</ele>
      </trkpt>
      <trkpt lat="48.87791000000001" lon="2.02889">
        <ele>181.90276456116038</ele>
      </trkpt>
      <trkpt lat="48.87790337720166" lon="2.0289257631110615">
        <ele>181.89000000000001</ele>
      </trkpt>
      <trkpt lat="48.877860000000005" lon="2.02916">
        <ele>181.77069948130884</ele>
      </trkpt>
      <trkpt lat="48.877859516552256" lon="2.0291612228384346">
        <ele>181.77</ele>
      </trkpt>
      <trkpt lat="48.877757581317326" lon="2.0294190590209045">
        <ele>181.64000000000001</ele>
      </trkpt>
      <trkpt lat="48.877711710461604" lon="2.029535085303016">
        <ele>181.66000000000003</ele>
      </trkpt>
      <trkpt lat="48.87769" lon="2.0295900000000002">
        <ele>181.67893181302895</ele>
      </trkpt>
      <trkpt lat="48.87748908223903" lon="2.0299568933026366">
        <ele>181.82</ele>
      </trkpt>
      <trkpt lat="48.877403338916146" lon="2.0301134680661717">
        <ele>181.94000000000003</ele>
      </trkpt>
      <trkpt lat="48.87726062519752" lon="2.0303740757262836">
        <ele>182.26</ele>
      </trkpt>
      <trkpt lat="48.877230000000004" lon="2.03043">
        <ele>182.33939897570994</ele>
      </trkpt>
      <trkpt lat="48.87711614406065" lon="2.0306324105588573">
        <ele>182.63000000000002</ele>
      </trkpt>
      <trkpt lat="48.87699982211181" lon="2.0308392051345665">
        <ele>182.86</ele>
      </trkpt>
      <trkpt lat="48.87685544260748" lon="2.0310958798089396">
        <ele>183.19000000000003</ele>
      </trkpt>
      <trkpt lat="48.87673912065864" lon="2.0313026743846487">
        <ele>183.12</ele>
      </trkpt>
      <trkpt lat="48.87668066741802" lon="2.0314065912568644">
        <ele>183.10000000000002</ele>
      </trkpt>
      <trkpt lat="48.87653570338127" lon="2.0316643050999597">
        <ele>183.17000000000002</ele>
      </trkpt>
      <trkpt lat="48.8763317015715" lon="2.0320269749839923">
        <ele>183.21</ele>
      </trkpt>
      <trkpt lat="48.87615751091445" lon="2.0323366472631954">
        <ele>183.32</ele>
      </trkpt>
      <trkpt lat="48.87607041558593" lon="2.0324914834027967">
        <ele>183.43</ele>
      </trkpt>
      <trkpt lat="48.87593480406769" lon="2.0327325705463375">
        <ele>183.66000000000003</ele>
      </trkpt>
      <trkpt lat="48.87593480406769" lon="2.0327325705463375">
        <ele>183.67000000000002</ele>
      </trkpt>
      <trkpt lat="48.875843032479914" lon="2.032895720035716">
        <ele>183.83</ele>
      </trkpt>
      <trkpt lat="48.87575593715139" lon="2.0330505561753176">
        <ele>183.96</ele>
      </trkpt>
      <trkpt lat="48.87566884182286" lon="2.033205392314919">
        <ele>184.13000000000002</ele>
      </trkpt>
      <trkpt lat="48.87561038858223" lon="2.0333093091871346">
        <ele>184.22000000000003</ele>
      </trkpt>
      <trkpt lat="48.87555251987403" lon="2.0334121868906285">
        <ele>184.28000000000003</ele>
      </trkpt>
      <trkpt lat="48.87537774468456" lon="2.0337228983385534">
        <ele>184.31</ele>
      </trkpt>
      <trkpt lat="48.87531987597635" lon="2.033825776042047">
        <ele>184.35000000000002</ele>
      </trkpt>
      <trkpt lat="48.87526142273573" lon="2.0339296929142625">
        <ele>184.43</ele>
      </trkpt>
      <trkpt lat="48.87525" lon="2.0339500000000004">
        <ele>184.45664772328203</ele>
      </trkpt>
      <trkpt lat="48.87514549611357" lon="2.0341351967607633">
        <ele>184.7</ele>
      </trkpt>
      <trkpt lat="48.87503013436552" lon="2.034339635301629">
        <ele>184.76</ele>
      </trkpt>
      <trkpt lat="48.87497216069517" lon="2.0344423734516077">
        <ele>184.82000000000002</ele>
      </trkpt>
      <trkpt lat="48.87485679894711" lon="2.0346468119924737">
        <ele>185.00000000000003</ele>
      </trkpt>
      <trkpt lat="48.87479882527676" lon="2.0347495501424513">
        <ele>185.06</ele>
      </trkpt>
      <trkpt lat="48.874460000000006" lon="2.03535">
        <ele>185.21345148356446</ele>
      </trkpt>
      <trkpt lat="48.87442439175342" lon="2.0354159411973796">
        <ele>185.23</ele>
      </trkpt>
      <trkpt lat="48.87436789576521" lon="2.035520563397767">
        <ele>185.3</ele>
      </trkpt>
      <trkpt lat="48.87431539444283" lon="2.035617788068835">
        <ele>185.39000000000001</ele>
      </trkpt>
      <trkpt lat="48.87431539444283" lon="2.035617788068835">
        <ele>185.38000000000002</ele>
      </trkpt>
      <trkpt lat="48.87422237579558" lon="2.0357900448230093">
        <ele>185.55</ele>
      </trkpt>
      <trkpt lat="48.87413791714654" lon="2.0359464497286393">
        <ele>185.66000000000003</ele>
      </trkpt>
      <trkpt lat="48.87408199182488" lon="2.036050015139124">
        <ele>185.71</ele>
      </trkpt>
      <trkpt lat="48.87396899984846" lon="2.0362592595399">
        <ele>185.72000000000003</ele>
      </trkpt>
      <trkpt lat="48.873800082550375" lon="2.036572069351161">
        <ele>185.8</ele>
      </trkpt>
      <trkpt lat="48.87374415722872" lon="2.0366756347616457">
        <ele>185.87</ele>
      </trkpt>
      <trkpt lat="48.873650000000005" lon="2.0368500000000003">
        <ele>186.03666179616562</ele>
      </trkpt>
      <trkpt lat="48.873631162385486" lon="2.036884875043096">
        <ele>186.07000000000002</ele>
      </trkpt>
      <trkpt lat="48.8735752285515" lon="2.0369884282222195">
        <ele>186.13000000000002</ele>
      </trkpt>
      <trkpt lat="48.873434252459745" lon="2.0372494245002137">
        <ele>185.83</ele>
      </trkpt>
      <trkpt lat="48.873377747872354" lon="2.03735403434443">
        <ele>185.73</ele>
      </trkpt>
      <trkpt lat="48.87320880486361" lon="2.0376668072119863">
        <ele>185.60000000000002</ele>
      </trkpt>
      <trkpt lat="48.87308380986726" lon="2.037898216867374">
        <ele>185.45</ele>
      </trkpt>
      <trkpt lat="48.87308380986726" lon="2.037898216867374">
        <ele>185.44000000000003</ele>
      </trkpt>
      <trkpt lat="48.872930277200524" lon="2.0381824597774165">
        <ele>185.19000000000003</ele>
      </trkpt>
      <trkpt lat="48.872910000000005" lon="2.0382200000000004">
        <ele>185.1395899576956</ele>
      </trkpt>
      <trkpt lat="48.87282669018525" lon="2.0381327850376776">
        <ele>184.98</ele>
      </trkpt>
      <trkpt lat="48.87271854653008" lon="2.0380195721486682">
        <ele>184.59</ele>
      </trkpt>
      <trkpt lat="48.87253929471808" lon="2.0378319179079805">
        <ele>183.82</ele>
      </trkpt>
      <trkpt lat="48.872467445851285" lon="2.037756701125556">
        <ele>183.54</ele>
      </trkpt>
      <trkpt lat="48.87239559698449" lon="2.037681484343132">
        <ele>183.3</ele>
      </trkpt>
      <trkpt lat="48.87227000000001" lon="2.03755">
        <ele>182.93290490276635</ele>
      </trkpt>
      <trkpt lat="48.872260000000004" lon="2.03755">
        <ele>182.90883179464356</ele>
      </trkpt>
      <trkpt lat="48.87225018907086" lon="2.037539556107693">
        <ele>182.88000000000002</ele>
      </trkpt>
      <trkpt lat="48.8721330550241" lon="2.03741486502565">
        <ele>182.27</ele>
      </trkpt>
      <trkpt lat="48.87206085919653" lon="2.037338011402755">
        <ele>182.03000000000003</ele>
      </trkpt>
      <trkpt lat="48.871950000000005" lon="2.03722">
        <ele>181.62747506701666</ele>
      </trkpt>
      <trkpt lat="48.87165405602549" lon="2.0373094714341553">
        <ele>180.73</ele>
      </trkpt>
      <trkpt lat="48.87156849698073" lon="2.0373353381221087">
        <ele>180.49</ele>
      </trkpt>
      <trkpt lat="48.871520000000004" lon="2.03735">
        <ele>180.3728252526207</ele>
      </trkpt>
      <trkpt lat="48.87145974848817" lon="2.0373476826341603">
        <ele>180.23</ele>
      </trkpt>
      <trkpt lat="48.87126825409239" lon="2.037340317465092">
        <ele>179.85</ele>
      </trkpt>
      <trkpt lat="48.87126000000001" lon="2.0373400000000004">
        <ele>179.84826772439067</ele>
      </trkpt>
      <trkpt lat="48.87122063606898" lon="2.0373371882906413">
        <ele>179.84000000000003</ele>
      </trkpt>
      <trkpt lat="48.871120000000005" lon="2.0373300000000003">
        <ele>179.72178208904762</ele>
      </trkpt>
      <trkpt lat="48.87104296619877" lon="2.037309385320796">
        <ele>179.63</ele>
      </trkpt>
      <trkpt lat="48.870955281300354" lon="2.037285920347981">
        <ele>179.55</ele>
      </trkpt>
      <trkpt lat="48.87064705559685" lon="2.037203437413239">
        <ele>179.4</ele>
      </trkpt>
      <trkpt lat="48.87055937069843" lon="2.037179972440424">
        <ele>179.38</ele>
      </trkpt>
      <trkpt lat="48.87047168580002" lon="2.0371565074676092">
        <ele>179.39000000000001</ele>
      </trkpt>
      <trkpt lat="48.87041000000001" lon="2.03714">
        <ele>179.41804533131585</ele>
      </trkpt>
      <trkpt lat="48.870400000000004" lon="2.03714">
        <ele>179.42252297558798</ele>
      </trkpt>
      <trkpt lat="48.87033982895104" lon="2.0371216870720534">
        <ele>179.45000000000002</ele>
      </trkpt>
      <trkpt lat="48.87025164635804" lon="2.037094848891577">
        <ele>179.55</ele>
      </trkpt>
      <trkpt lat="48.87017" lon="2.0370700000000004">
        <ele>179.67157999181538</ele>
      </trkpt>
      <trkpt lat="48.870164367207366" lon="2.0370681224024554">
        <ele>179.68</ele>
      </trkpt>
      <trkpt lat="48.86990258768462" lon="2.036980862561538">
        <ele>180.13</ele>
      </trkpt>
      <trkpt lat="48.86972777518453" lon="2.0369225917281737">
        <ele>180.36</ele>
      </trkpt>
      <trkpt lat="48.8696838524458" lon="2.0369079508152677">
        <ele>180.39000000000001</ele>
      </trkpt>
      <trkpt lat="48.86959688542315" lon="2.0368789618077145">
        <ele>180.41000000000003</ele>
      </trkpt>
      <trkpt lat="48.869379028639116" lon="2.0368063428797027">
        <ele>180.4</ele>
      </trkpt>
      <trkpt lat="48.86927000000001" lon="2.03677">
        <ele>180.35835096727172</ele>
      </trkpt>
      <trkpt lat="48.86924804018113" lon="2.036763434693325">
        <ele>180.35</ele>
      </trkpt>
      <trkpt lat="48.8689568413362" lon="2.0366763752448414">
        <ele>180.16000000000003</ele>
      </trkpt>
      <trkpt lat="48.868943605025066" lon="2.036672417997183">
        <ele>180.08</ele>
      </trkpt>
      <trkpt lat="48.86891360271983" lon="2.036663448235824">
        <ele>179.82</ele>
      </trkpt>
      <trkpt lat="48.868886247676826" lon="2.0366552699239966">
        <ele>179.82</ele>
      </trkpt>
      <trkpt lat="48.868825360645616" lon="2.036637066584768">
        <ele>179.68</ele>
      </trkpt>
      <trkpt lat="48.86874064825436" lon="2.0366117401997545">
        <ele>179.53000000000003</ele>
      </trkpt>
      <trkpt lat="48.8686559358631" lon="2.0365864138147414">
        <ele>179.42000000000002</ele>
      </trkpt>
      <trkpt lat="48.868571223471854" lon="2.0365610874297277">
        <ele>179.37</ele>
      </trkpt>
      <trkpt lat="48.86848121655615" lon="2.036534178145651">
        <ele>179.35</ele>
      </trkpt>
      <trkpt lat="48.86848121655615" lon="2.036534178145651">
        <ele>185.38000000000002</ele>
      </trkpt>
      <trkpt lat="48.86838767995747" lon="2.036506213595532">
        <ele>185.14000000000001</ele>
      </trkpt>
      <trkpt lat="48.868300000000005" lon="2.03648">
        <ele>185.13062613365128</ele>
      </trkpt>
      <trkpt lat="48.868296039738" lon="2.03647321097942">
        <ele>185.13000000000002</ele>
      </trkpt>
      <trkpt lat="48.86823279027046" lon="2.0363647833207854">
        <ele>185.25000000000003</ele>
      </trkpt>
      <trkpt lat="48.86823279027046" lon="2.0363647833207854">
        <ele>180.07</ele>
      </trkpt>
      <trkpt lat="48.868230000000004" lon="2.03636">
        <ele>180.0611841681532</ele>
      </trkpt>
      <trkpt lat="48.868210000000005" lon="2.03654">
        <ele>179.80946067329597</ele>
      </trkpt>
      <trkpt lat="48.868165522657335" lon="2.0366678723601646">
        <ele>179.61</ele>
      </trkpt>
      <trkpt lat="48.86813" lon="2.03677">
        <ele>179.47688381273628</ele>
      </trkpt>
      <trkpt lat="48.8680906299402" lon="2.0368290550897044">
        <ele>179.38</ele>
      </trkpt>
      <trkpt lat="48.868030000000005" lon="2.0369200000000003">
        <ele>179.2672496183357</ele>
      </trkpt>
      <trkpt lat="48.86788000000001" lon="2.0369900000000003">
        <ele>179.05954256398613</ele>
      </trkpt>
      <trkpt lat="48.86785768263764" lon="2.0369900000000003">
        <ele>179.03000000000003</ele>
      </trkpt>
      <trkpt lat="48.86773" lon="2.0369900000000003">
        <ele>178.84166383271153</ele>
      </trkpt>
      <trkpt lat="48.86769" lon="2.03697">
        <ele>178.7795531771978</ele>
      </trkpt>
      <trkpt lat="48.86763703311385" lon="2.03708917549384">
        <ele>178.64000000000001</ele>
      </trkpt>
      <trkpt lat="48.86753835108686" lon="2.0373112100545754">
        <ele>178.41</ele>
      </trkpt>
      <trkpt lat="48.86753" lon="2.0373300000000003">
        <ele>178.38756711531494</ele>
      </trkpt>
      <trkpt lat="48.867540000000005" lon="2.03735">
        <ele>178.36271547553045</ele>
      </trkpt>
      <trkpt lat="48.86769529980984" lon="2.0375110516546457">
        <ele>178.08</ele>
      </trkpt>
      <trkpt lat="48.867768106540744" lon="2.03758655493114">
        <ele>177.89000000000001</ele>
      </trkpt>
      <trkpt lat="48.8678045099062" lon="2.0376243065693873">
        <ele>177.76</ele>
      </trkpt>
      <trkpt lat="48.86782828353262" lon="2.0376489607004875">
        <ele>177.65</ele>
      </trkpt>
      <trkpt lat="48.86782828353262" lon="2.0376489607004875">
        <ele>177.67000000000002</ele>
      </trkpt>
      <trkpt lat="48.86798949843676" lon="2.037816146527011">
        <ele>176.98000000000002</ele>
      </trkpt>
      <trkpt lat="48.868080000000006" lon="2.03791">
        <ele>176.7896597430103</ele>
      </trkpt>
      <trkpt lat="48.86808419535322" lon="2.0379155463991694">
        <ele>176.78000000000003</ele>
      </trkpt>
      <trkpt lat="48.86817037936488" lon="2.0380294845840647">
        <ele>176.54</ele>
      </trkpt>
      <trkpt lat="48.86823620494858" lon="2.038116508237095">
        <ele>176.20000000000002</ele>
      </trkpt>
      <trkpt lat="48.86826945704756" lon="2.0381604686391412">
        <ele>176.07</ele>
      </trkpt>
      <trkpt lat="48.86830203053228" lon="2.0382035318901255">
        <ele>175.99</ele>
      </trkpt>
      <trkpt lat="48.868335282631264" lon="2.0382474922921716">
        <ele>175.98000000000002</ele>
      </trkpt>
      <trkpt lat="48.86836853473024" lon="2.0382914526942173">
        <ele>176.02</ele>
      </trkpt>
      <trkpt lat="48.86840110821497" lon="2.038334515945202">
        <ele>176.11</ele>
      </trkpt>
      <trkpt lat="48.868466933798665" lon="2.0384215395982324">
        <ele>176.37000000000003</ele>
      </trkpt>
      <trkpt lat="48.8686386232077" lon="2.0386485188169607">
        <ele>176.87000000000003</ele>
      </trkpt>
      <trkpt lat="48.86867" lon="2.0386900000000003">
        <ele>177.1011828229882</ele>
      </trkpt>
      <trkpt lat="48.868660000000006" lon="2.0386900000000003">
        <ele>177.15678023932733</ele>
      </trkpt>
      <trkpt lat="48.86878281114255" lon="2.0388516754281563">
        <ele>178.06000000000003</ele>
      </trkpt>
      <trkpt lat="48.86881476418405" lon="2.038893740191652">
        <ele>178.25000000000003</ele>
      </trkpt>
      <trkpt lat="48.868847397077495" lon="2.0389366999501144">
        <ele>178.42000000000002</ele>
      </trkpt>
      <trkpt lat="48.86891198301244" lon="2.0390217244720725">
        <ele>178.67000000000002</ele>
      </trkpt>
      <trkpt lat="48.86897656894739" lon="2.0391067489940307">
        <ele>178.83</ele>
      </trkpt>
      <trkpt lat="48.86904115488234" lon="2.039191773515989">
        <ele>178.95000000000002</ele>
      </trkpt>
      <trkpt lat="48.86931241580912" lon="2.0395488765082117">
        <ele>179.31000000000003</ele>
      </trkpt>
      <trkpt lat="48.8694123540453" lon="2.039680440768505">
        <ele>179.29</ele>
      </trkpt>
      <trkpt lat="48.86943614886345" lon="2.039711765592384">
        <ele>179.27</ele>
      </trkpt>
      <trkpt lat="48.86945" lon="2.03973">
        <ele>179.26034419225448</ele>
      </trkpt>
      <trkpt lat="48.86956242989599" lon="2.0399267523179847">
        <ele>179.17000000000002</ele>
      </trkpt>
      <trkpt lat="48.86961" lon="2.04001">
        <ele>179.09600395825007</ele>
      </trkpt>
      <trkpt lat="48.86961566744284" lon="2.040047782952188">
        <ele>179.07</ele>
      </trkpt>
      <trkpt lat="48.86964306057903" lon="2.0402304038602033">
        <ele>178.4</ele>
      </trkpt>
      <trkpt lat="48.8696520583245" lon="2.0402903888299897">
        <ele>178.16</ele>
      </trkpt>
      <trkpt lat="48.86966125601987" lon="2.040351706799105">
        <ele>177.88</ele>
      </trkpt>
      <trkpt lat="48.86967045371524" lon="2.0404130247682195">
        <ele>177.56000000000003</ele>
      </trkpt>
      <trkpt lat="48.869679451460705" lon="2.0404730097380055">
        <ele>177.19</ele>
      </trkpt>
      <trkpt lat="48.869688649156075" lon="2.04053432770712">
        <ele>176.78000000000003</ele>
      </trkpt>
      <trkpt lat="48.86969764690154" lon="2.040594312676906">
        <ele>176.33</ele>
      </trkpt>
      <trkpt lat="48.86971584234238" lon="2.0407156156158073">
        <ele>175.37000000000003</ele>
      </trkpt>
      <trkpt lat="48.86974243567899" lon="2.0408929045265087">
        <ele>173.57</ele>
      </trkpt>
      <trkpt lat="48.86976000000001" lon="2.04101">
        <ele>172.29527693388152</ele>
      </trkpt>
      <trkpt lat="48.869764902976826" lon="2.0410712872102357">
        <ele>171.64000000000001</ele>
      </trkpt>
      <trkpt lat="48.869780000000006" lon="2.0412600000000003">
        <ele>169.52538008731125</ele>
      </trkpt>
      <trkpt lat="48.869780000000006" lon="2.041253223362383">
        <ele>169.45000000000002</ele>
      </trkpt>
      <trkpt lat="48.869780000000006" lon="2.0412500000000002">
        <ele>169.41114026960452</ele>
      </trkpt>
      <trkpt lat="48.86979228654691" lon="2.0414441274410575">
        <ele>167.06</ele>
      </trkpt>
      <trkpt lat="48.86980046940099" lon="2.0415734165355564">
        <ele>165.60000000000002</ele>
      </trkpt>
      <trkpt lat="48.86980046940099" lon="2.0415734165355564">
        <ele>165.73000000000002</ele>
      </trkpt>
      <trkpt lat="48.86980124461875" lon="2.0415856649760875">
        <ele>165.60000000000002</ele>
      </trkpt>
      <trkpt lat="48.869805379113444" lon="2.0416509899922555">
        <ele>165.02</ele>
      </trkpt>
      <trkpt lat="48.86980959974344" lon="2.04171767594626">
        <ele>164.5</ele>
      </trkpt>
      <trkpt lat="48.86983000000001" lon="2.04204">
        <ele>162.11258014017983</ele>
      </trkpt>
      <trkpt lat="48.869837370008554" lon="2.042052283347573">
        <ele>161.99</ele>
      </trkpt>
      <trkpt lat="48.869897976933856" lon="2.042153294889745">
        <ele>161.03</ele>
      </trkpt>
      <trkpt lat="48.8699579777899" lon="2.042253296316495">
        <ele>160.14000000000001</ele>
      </trkpt>
      <trkpt lat="48.869980000000005" lon="2.0422900000000004">
        <ele>159.82750929709786</ele>
      </trkpt>
      <trkpt lat="48.87006939345464" lon="2.0423653709519463">
        <ele>158.85000000000002</ele>
      </trkpt>
      <trkpt lat="48.87010871705556" lon="2.042398526144877">
        <ele>158.39</ele>
      </trkpt>
      <trkpt lat="48.87018736425739" lon="2.0424648365307383">
        <ele>157.39</ele>
      </trkpt>
      <trkpt lat="48.87030454858812" lon="2.042563639005671">
        <ele>155.81</ele>
      </trkpt>
      <trkpt lat="48.87034387218904" lon="2.0425967941986016">
        <ele>155.3</ele>
      </trkpt>
      <trkpt lat="48.87038319578996" lon="2.0426299493915323">
        <ele>154.82000000000002</ele>
      </trkpt>
      <trkpt lat="48.87042251939088" lon="2.042663104584463">
        <ele>154.38000000000002</ele>
      </trkpt>
      <trkpt lat="48.870490000000004" lon="2.04272">
        <ele>153.6935866751691</ele>
      </trkpt>
      <trkpt lat="48.87048" lon="2.04272">
        <ele>153.60463080896298</ele>
      </trkpt>
      <trkpt lat="48.87048246502421" lon="2.0427219172410496">
        <ele>153.58</ele>
      </trkpt>
      <trkpt lat="48.87057" lon="2.04279">
        <ele>152.7855174637842</ele>
      </trkpt>
      <trkpt lat="48.87056775766322" lon="2.0428454978354114">
        <ele>152.49</ele>
      </trkpt>
      <trkpt lat="48.87055138160481" lon="2.0432508052810388">
        <ele>149.79</ele>
      </trkpt>
      <trkpt lat="48.87053776245859" lon="2.043587879149961">
        <ele>147.35</ele>
      </trkpt>
      <trkpt lat="48.8705350055464" lon="2.0436561127266657">
        <ele>146.91</ele>
      </trkpt>
      <trkpt lat="48.87053230377245" lon="2.0437229816318365">
        <ele>146.53000000000003</ele>
      </trkpt>
      <trkpt lat="48.87053" lon="2.0437800000000004">
        <ele>146.2542404340684</ele>
      </trkpt>
      <trkpt lat="48.87053115311701" lon="2.0437910987511994">
        <ele>146.20000000000002</ele>
      </trkpt>
      <trkpt lat="48.870551919261544" lon="2.0439909728922716">
        <ele>145.33</ele>
      </trkpt>
      <trkpt lat="48.870558934850905" lon="2.0440584979399308">
        <ele>145.01</ele>
      </trkpt>
      <trkpt lat="48.87056595044027" lon="2.04412602298759">
        <ele>144.63</ele>
      </trkpt>
      <trkpt lat="48.87057282571786" lon="2.0441921975342963">
        <ele>144.19</ele>
      </trkpt>
      <trkpt lat="48.87057984130722" lon="2.044259722581956">
        <ele>143.71</ele>
      </trkpt>
      <trkpt lat="48.870610000000006" lon="2.04455">
        <ele>141.42136175198604</ele>
      </trkpt>
      <trkpt lat="48.870610000000006" lon="2.044593833133347">
        <ele>141.08</ele>
      </trkpt>
      <trkpt lat="48.870610000000006" lon="2.0447291904223968">
        <ele>140.13</ele>
      </trkpt>
      <trkpt lat="48.870610000000006" lon="2.04502861715272">
        <ele>139.72</ele>
      </trkpt>
      <trkpt lat="48.87061" lon="2.045207726292776">
        <ele>139.55</ele>
      </trkpt>
      <trkpt lat="48.870610000000006" lon="2.045343083581826">
        <ele>139.36</ele>
      </trkpt>
      <trkpt lat="48.870610000000006" lon="2.0454000000000003">
        <ele>139.26009152035218</ele>
      </trkpt>
      <trkpt lat="48.870608686942525" lon="2.0454112704100873">
        <ele>139.24</ele>
      </trkpt>
      <trkpt lat="48.87057747396091" lon="2.045679181835565">
        <ele>138.63</ele>
      </trkpt>
      <trkpt lat="48.870569631503216" lon="2.0457464962640772">
        <ele>138.49</ele>
      </trkpt>
      <trkpt lat="48.87054939796238" lon="2.045920167489638">
        <ele>138.24</ele>
      </trkpt>
      <trkpt lat="48.87053951646568" lon="2.0460049836695635">
        <ele>138.15000000000003</ele>
      </trkpt>
      <trkpt lat="48.87051598909261" lon="2.046206926955099">
        <ele>137.98000000000002</ele>
      </trkpt>
      <trkpt lat="48.870500304177234" lon="2.0463415558121234">
        <ele>137.95000000000002</ele>
      </trkpt>
      <trkpt lat="48.870490000000004" lon="2.04643">
        <ele>137.9898150435887</ele>
      </trkpt>
      <trkpt lat="48.870487166747225" lon="2.0464753320444635">
        <ele>138.01000000000002</ele>
      </trkpt>
      <trkpt lat="48.87047865980343" lon="2.046611443145135">
        <ele>138.15000000000003</ele>
      </trkpt>
      <trkpt lat="48.87047015285964" lon="2.0467475542458065">
        <ele>138.35</ele>
      </trkpt>
      <trkpt lat="48.870465984457184" lon="2.0468142486851355">
        <ele>138.5</ele>
      </trkpt>
      <trkpt lat="48.870461730985284" lon="2.046882304235471">
        <ele>138.69</ele>
      </trkpt>
      <trkpt lat="48.87046" lon="2.04691">
        <ele>138.77953080485406</ele>
      </trkpt>
      <trkpt lat="48.870443339404964" lon="2.0469416551305604">
        <ele>138.91</ele>
      </trkpt>
      <trkpt lat="48.87041524594656" lon="2.0469950327015307">
        <ele>139.16</ele>
      </trkpt>
      <trkpt lat="48.87033152744052" lon="2.0471540978630216">
        <ele>139.98000000000002</ele>
      </trkpt>
      <trkpt lat="48.870303433982116" lon="2.0472074754339915">
        <ele>140.22</ele>
      </trkpt>
      <trkpt lat="48.870275340523705" lon="2.0472608530049614">
        <ele>140.42000000000002</ele>
      </trkpt>
      <trkpt lat="48.8702472470653" lon="2.0473142305759318">
        <ele>140.59</ele>
      </trkpt>
      <trkpt lat="48.8702191536069" lon="2.0473676081469017">
        <ele>140.73000000000002</ele>
      </trkpt>
      <trkpt lat="48.87019106014849" lon="2.047420985717872">
        <ele>140.84000000000003</ele>
      </trkpt>
      <trkpt lat="48.870160000000006" lon="2.04748">
        <ele>140.92375763205163</ele>
      </trkpt>
      <trkpt lat="48.870145684247575" lon="2.0475356723705556">
        <ele>140.99</ele>
      </trkpt>
      <trkpt lat="48.87012931214717" lon="2.0475993416499096">
        <ele>141.05</ele>
      </trkpt>
      <trkpt lat="48.870112940046766" lon="2.0476630109292633">
        <ele>141.08</ele>
      </trkpt>
      <trkpt lat="48.87009656794636" lon="2.0477266802086174">
        <ele>141.07</ele>
      </trkpt>
      <trkpt lat="48.87008052328796" lon="2.0477890761023843">
        <ele>141.01000000000002</ele>
      </trkpt>
      <trkpt lat="48.870070000000005" lon="2.0478300000000003">
        <ele>140.92644154380122</ele>
      </trkpt>
      <trkpt lat="48.870070000000005" lon="2.0478544216535535">
        <ele>140.88</ele>
      </trkpt>
      <trkpt lat="48.870070000000005" lon="2.047922783182954">
        <ele>140.69</ele>
      </trkpt>
      <trkpt lat="48.87007000000001" lon="2.0479911447123538">
        <ele>140.41</ele>
      </trkpt>
      <trkpt lat="48.870070000000005" lon="2.0480595062417537">
        <ele>140.06</ele>
      </trkpt>
      <trkpt lat="48.870070000000005" lon="2.0481278677711536">
        <ele>139.62000000000003</ele>
      </trkpt>
      <trkpt lat="48.870070000000005" lon="2.0481948620699657">
        <ele>139.11</ele>
      </trkpt>
      <trkpt lat="48.870070000000005" lon="2.04822">
        <ele>138.89488355659458</ele>
      </trkpt>
      <trkpt lat="48.87009672384524" lon="2.0483239260648127">
        <ele>137.94</ele>
      </trkpt>
      <trkpt lat="48.870112441061636" lon="2.0483850485729924">
        <ele>137.76000000000002</ele>
      </trkpt>
      <trkpt lat="48.87012815827802" lon="2.048446171081172">
        <ele>137.55</ele>
      </trkpt>
      <trkpt lat="48.870143875494406" lon="2.048507293589352">
        <ele>137.25</ele>
      </trkpt>
      <trkpt lat="48.870160000000006" lon="2.0485700000000002">
        <ele>136.85</ele>
      </trkpt>
      <trkpt lat="48.870160000000006" lon="2.0485700000000002">
        <ele>136.85</ele>
      </trkpt>
      <trkpt lat="48.87016325529948" lon="2.0486351059894554">
        <ele>136.32000000000002</ele>
      </trkpt>
      <trkpt lat="48.870166527221095" lon="2.0487005444217137">
        <ele>135.66</ele>
      </trkpt>
      <trkpt lat="48.87016986730774" lon="2.048767346154644">
        <ele>134.91</ele>
      </trkpt>
      <trkpt lat="48.870176411150965" lon="2.0488982230191604">
        <ele>133.36</ele>
      </trkpt>
      <trkpt lat="48.870179751237615" lon="2.04896502475209">
        <ele>132.64000000000001</ele>
      </trkpt>
      <trkpt lat="48.87018302315922" lon="2.049030463184349">
        <ele>131.98000000000002</ele>
      </trkpt>
      <trkpt lat="48.87018956700245" lon="2.049161340048865">
        <ele>130.76999999999998</ele>
      </trkpt>
      <trkpt lat="48.87019638350581" lon="2.0492976701160694">
        <ele>130.16</ele>
      </trkpt>
      <trkpt lat="48.870199791757486" lon="2.0493658351496715">
        <ele>129.82000000000002</ele>
      </trkpt>
      <trkpt lat="48.87020320000917" lon="2.0494340001832736">
        <ele>129.45000000000002</ele>
      </trkpt>
      <trkpt lat="48.87020660826085" lon="2.049502165216876">
        <ele>129.04999999999998</ele>
      </trkpt>
      <trkpt lat="48.87021000000001" lon="2.04957">
        <ele>128.6254004763135</ele>
      </trkpt>
      <trkpt lat="48.87022753526147" lon="2.049704437004593">
        <ele>127.77000000000002</ele>
      </trkpt>
      <trkpt lat="48.870236281704535" lon="2.0497714930680564">
        <ele>127.37</ele>
      </trkpt>
      <trkpt lat="48.87024520307645" lon="2.0498398902527892">
        <ele>127.01</ele>
      </trkpt>
      <trkpt lat="48.87025307487521" lon="2.0499002407099067">
        <ele>126.74000000000002</ele>
      </trkpt>
      <trkpt lat="48.87025307487521" lon="2.0499002407099067">
        <ele>126.71000000000001</ele>
      </trkpt>
      <trkpt lat="48.87026164638941" lon="2.049965955652101">
        <ele>126.49000000000002</ele>
      </trkpt>
      <trkpt lat="48.870270000000005" lon="2.05003">
        <ele>126.3276352774005</ele>
      </trkpt>
      <trkpt lat="48.87026818882239" lon="2.0500286416167928">
        <ele>126.32000000000001</ele>
      </trkpt>
      <trkpt lat="48.870227862822766" lon="2.0499983971170668">
        <ele>126.22</ele>
      </trkpt>
      <trkpt lat="48.870187536823124" lon="2.0499681526173408">
        <ele>126.17</ele>
      </trkpt>
      <trkpt lat="48.87014721082349" lon="2.0499379081176152">
        <ele>126.18</ele>
      </trkpt>
      <trkpt lat="48.870110000000004" lon="2.04991">
        <ele>126.23536501089716</ele>
      </trkpt>
      <trkpt lat="48.870106572409625" lon="2.0499091431024046">
        <ele>126.24000000000002</ele>
      </trkpt>
      <trkpt lat="48.870062202203286" lon="2.0498980505508206">
        <ele>126.37</ele>
      </trkpt>
      <trkpt lat="48.87003000000001" lon="2.04989">
        <ele>126.50063713400388</ele>
      </trkpt>
      <trkpt lat="48.870018185347064" lon="2.049895370296792">
        <ele>126.55000000000003</ele>
      </trkpt>
      <trkpt lat="48.8699751036198" lon="2.0499149529000933">
        <ele>126.78</ele>
      </trkpt>
      <trkpt lat="48.86993202189253" lon="2.049934535503394">
        <ele>127.04</ele>
      </trkpt>
      <trkpt lat="48.86992" lon="2.0499400000000003">
        <ele>127.12033215171718</ele>
      </trkpt>
      <trkpt lat="48.869843924017076" lon="2.049952011997304">
        <ele>127.61</ele>
      </trkpt>
      <trkpt lat="48.86976073450199" lon="2.0499651471838978">
        <ele>128.07000000000002</ele>
      </trkpt>
      <trkpt lat="48.869730000000004" lon="2.04997">
        <ele>128.2587857232234</ele>
      </trkpt>
      <trkpt lat="48.86967986186607" lon="2.049956325963472">
        <ele>128.57000000000002</ele>
      </trkpt>
      <trkpt lat="48.869598424242184" lon="2.049934115702412">
        <ele>129.14000000000001</ele>
      </trkpt>
      <trkpt lat="48.869510000000005" lon="2.04991">
        <ele>129.80595183668171</ele>
      </trkpt>
      <trkpt lat="48.86943797130728" lon="2.049879672129381">
        <ele>130.36</ele>
      </trkpt>
      <trkpt lat="48.86935390180266" lon="2.0498442744432244">
        <ele>130.76999999999998</ele>
      </trkpt>
      <trkpt lat="48.86932" lon="2.04983">
        <ele>130.90841097145693</ele>
      </trkpt>
      <trkpt lat="48.869260000000004" lon="2.04978">
        <ele>131.17762654527922</ele>
      </trkpt>
      <trkpt lat="48.869260000000004" lon="2.04977">
        <ele>131.20350746728332</ele>
      </trkpt>
      <trkpt lat="48.869202459974915" lon="2.0497234199796868">
        <ele>131.46</ele>
      </trkpt>
      <trkpt lat="48.86905" lon="2.0496000000000003">
        <ele>132.21840669370286</ele>
      </trkpt>
      <trkpt lat="48.86904740957459" lon="2.0495992228723763">
        <ele>132.23000000000002</ele>
      </trkpt>
      <trkpt lat="48.86896182576191" lon="2.0495735477285715">
        <ele>132.55</ele>
      </trkpt>
      <trkpt lat="48.86883300888921" lon="2.0495349026667617">
        <ele>132.97</ele>
      </trkpt>
      <trkpt lat="48.868750000000006" lon="2.04951">
        <ele>133.31560588705938</ele>
      </trkpt>
      <trkpt lat="48.8687470559287" lon="2.0495070559286943">
        <ele>133.33</ele>
      </trkpt>
      <trkpt lat="48.86871023998614" lon="2.04947023998614">
        <ele>133.55</ele>
      </trkpt>
      <trkpt lat="48.86867417538936" lon="2.049434175389353">
        <ele>133.8</ele>
      </trkpt>
      <trkpt lat="48.868454782425566" lon="2.0492147824255635">
        <ele>135.43</ele>
      </trkpt>
      <trkpt lat="48.868410000000004" lon="2.04917">
        <ele>135.72193282555872</ele>
      </trkpt>
      <trkpt lat="48.86840337588497" lon="2.049118479105252">
        <ele>135.91</ele>
      </trkpt>
      <trkpt lat="48.86834385777613" lon="2.0486555604810146">
        <ele>137.53</ele>
      </trkpt>
      <trkpt lat="48.868325226020325" lon="2.048510646824732">
        <ele>138.06</ele>
      </trkpt>
      <trkpt lat="48.868325226020325" lon="2.048510646824732">
        <ele>138.07</ele>
      </trkpt>
      <trkpt lat="48.868320000000004" lon="2.04847">
        <ele>138.23222435351153</ele>
      </trkpt>
      <trkpt lat="48.86830687436056" lon="2.0482621773755465">
        <ele>139.05</ele>
      </trkpt>
      <trkpt lat="48.868289855657025" lon="2.0479927145694186">
        <ele>140.03</ele>
      </trkpt>
      <trkpt lat="48.8682814322583" lon="2.047859344089618">
        <ele>140.58</ele>
      </trkpt>
      <trkpt lat="48.86827292290653" lon="2.047724612686554">
        <ele>141.19</ele>
      </trkpt>
      <trkpt lat="48.86826000000001" lon="2.04752">
        <ele>142.1821470512561</ele>
      </trkpt>
      <trkpt lat="48.868248106859674" lon="2.0474588352783023">
        <ele>142.49</ele>
      </trkpt>
      <trkpt lat="48.868210631338066" lon="2.0472661040243154">
        <ele>143.42000000000002</ele>
      </trkpt>
      <trkpt lat="48.86818539272147" lon="2.047136305424692">
        <ele>144.07</ele>
      </trkpt>
      <trkpt lat="48.868172900880936" lon="2.047072061673363">
        <ele>144.42000000000002</ele>
      </trkpt>
      <trkpt lat="48.86814791719986" lon="2.046943574170705">
        <ele>145.17000000000002</ele>
      </trkpt>
      <trkpt lat="48.868120000000005" lon="2.0468">
        <ele>146.05719153427737</ele>
      </trkpt>
      <trkpt lat="48.868120000000005" lon="2.04679">
        <ele>146.11645008748638</ele>
      </trkpt>
      <trkpt lat="48.868077465892576" lon="2.0465551377546536">
        <ele>147.56000000000003</ele>
      </trkpt>
      <trkpt lat="48.868055265310964" lon="2.0464325519344166">
        <ele>148.24</ele>
      </trkpt>
      <trkpt lat="48.86802184508057" lon="2.0462480141405117">
        <ele>149.21</ele>
      </trkpt>
      <trkpt lat="48.86801086414772" lon="2.0461873802939428">
        <ele>149.56</ele>
      </trkpt>
      <trkpt lat="48.86798866356611" lon="2.0460647944737054">
        <ele>150.31</ele>
      </trkpt>
      <trkpt lat="48.86796646298449" lon="2.0459422086534684">
        <ele>151.14000000000001</ele>
      </trkpt>
      <trkpt lat="48.86794330753915" lon="2.045814350324834">
        <ele>152.43</ele>
      </trkpt>
      <trkpt lat="48.867931610458506" lon="2.0457497620969676">
        <ele>153.12</ele>
      </trkpt>
      <trkpt lat="48.8679201520938" lon="2.0456864919962">
        <ele>153.85000000000002</ele>
      </trkpt>
      <trkpt lat="48.86789675793253" lon="2.0455573155404663">
        <ele>155.39</ele>
      </trkpt>
      <trkpt lat="48.86786214412248" lon="2.045366187111065">
        <ele>157.82000000000002</ele>
      </trkpt>
      <trkpt lat="48.867838988677136" lon="2.0452383287824305">
        <ele>159.32999999999998</ele>
      </trkpt>
      <trkpt lat="48.8678272915965" lon="2.0451737405545636">
        <ele>160.01000000000002</ele>
      </trkpt>
      <trkpt lat="48.86778098070582" lon="2.044918023897295">
        <ele>162.58</ele>
      </trkpt>
      <trkpt lat="48.86776928362517" lon="2.044853435669428">
        <ele>163.26000000000002</ele>
      </trkpt>
      <trkpt lat="48.867746366895766" lon="2.044726895467893">
        <ele>164.76000000000002</ele>
      </trkpt>
      <trkpt lat="48.86769981728914" lon="2.044469860683525">
        <ele>167.88</ele>
      </trkpt>
      <trkpt lat="48.8676766618438" lon="2.044342002354891">
        <ele>169.28</ele>
      </trkpt>
      <trkpt lat="48.86766" lon="2.0442500000000003">
        <ele>170.02950644062457</ele>
      </trkpt>
      <trkpt lat="48.86764986136579" lon="2.0441428201526626">
        <ele>170.88</ele>
      </trkpt>
      <trkpt lat="48.867637188427096" lon="2.0440088490864206">
        <ele>171.86</ele>
      </trkpt>
      <trkpt lat="48.867630915962486" lon="2.043942540174846">
        <ele>172.31</ele>
      </trkpt>
      <trkpt lat="48.86761824302379" lon="2.0438085691086036">
        <ele>173.11</ele>
      </trkpt>
      <trkpt lat="48.867609282360064" lon="2.0437138420920684">
        <ele>173.59000000000003</ele>
      </trkpt>
      <trkpt lat="48.867609282360064" lon="2.0437138420920684">
        <ele>173.66</ele>
      </trkpt>
      <trkpt lat="48.86760672217043" lon="2.043686777230201">
        <ele>173.8</ele>
      </trkpt>
      <trkpt lat="48.867594049231734" lon="2.043552806163959">
        <ele>174.36</ele>
      </trkpt>
      <trkpt lat="48.86759000000001" lon="2.0435100000000004">
        <ele>174.51922288412635</ele>
      </trkpt>
      <trkpt lat="48.86759000000001" lon="2.043349539215804">
        <ele>175.11</ele>
      </trkpt>
      <trkpt lat="48.86759000000001" lon="2.0432825482373485">
        <ele>175.38</ele>
      </trkpt>
      <trkpt lat="48.86759000000001" lon="2.043011849997874">
        <ele>176.57</ele>
      </trkpt>
      <trkpt lat="48.86759000000001" lon="2.04298">
        <ele>176.69580066199552</ele>
      </trkpt>
      <trkpt lat="48.86756918632745" lon="2.042961788036515">
        <ele>176.84000000000003</ele>
      </trkpt>
      <trkpt lat="48.86751" lon="2.04291">
        <ele>177.22351026364734</ele>
      </trkpt>
      <trkpt lat="48.86750469808272" lon="2.0428795139756435">
        <ele>177.34000000000003</ele>
      </trkpt>
      <trkpt lat="48.86748194106805" lon="2.042748661141262">
        <ele>177.76</ele>
      </trkpt>
      <trkpt lat="48.867470000000004" lon="2.0426800000000003">
        <ele>177.94365211235345</ele>
      </trkpt>
      <trkpt lat="48.86745387180592" lon="2.0426205272843116">
        <ele>178.11</ele>
      </trkpt>
      <trkpt lat="48.86740314202161" lon="2.042433461204671">
        <ele>178.59000000000003</ele>
      </trkpt>
      <trkpt lat="48.867369207909135" lon="2.0423083291649107">
        <ele>178.84000000000003</ele>
      </trkpt>
      <trkpt lat="48.86731" lon="2.04209">
        <ele>178.97287248947129</ele>
      </trkpt>
      <trkpt lat="48.86731" lon="2.0420800000000003">
        <ele>178.97849899612478</ele>
      </trkpt>
      <trkpt lat="48.86728703377649" lon="2.041995387597582">
        <ele>179.03000000000003</ele>
      </trkpt>
      <trkpt lat="48.86723592249044" lon="2.0418070828594863">
        <ele>179.07</ele>
      </trkpt>
      <trkpt lat="48.867116891508815" lon="2.0413685476640553">
        <ele>178.98000000000002</ele>
      </trkpt>
      <trkpt lat="48.8669978605272" lon="2.0409300124686243">
        <ele>178.95000000000002</ele>
      </trkpt>
      <trkpt lat="48.866974877599915" lon="2.0408453385259904">
        <ele>178.92000000000002</ele>
      </trkpt>
      <trkpt lat="48.86693" lon="2.04068">
        <ele>178.87854057720045</ele>
      </trkpt>
      <trkpt lat="48.8668337215792" lon="2.040829766432355">
        <ele>178.83</ele>
      </trkpt>
      <trkpt lat="48.86664703863542" lon="2.0411201621226933">
        <ele>178.77</ele>
      </trkpt>
      <trkpt lat="48.86658481098748" lon="2.041216960686139">
        <ele>178.77</ele>
      </trkpt>
      <trkpt lat="48.866315786408556" lon="2.0416354433644717">
        <ele>178.05</ele>
      </trkpt>
      <trkpt lat="48.86621" lon="2.0418000000000003">
        <ele>177.79312249241397</ele>
      </trkpt>
      <trkpt lat="48.866076363746956" lon="2.0420061410286277">
        <ele>177.47</ele>
      </trkpt>
      <trkpt lat="48.86604795749004" lon="2.042049959190906">
        <ele>177.66</ele>
      </trkpt>
      <trkpt lat="48.865927388710645" lon="2.0422359429463537">
        <ele>177.98000000000002</ele>
      </trkpt>
      <trkpt lat="48.86571528865893" lon="2.0425631185580313">
        <ele>178.66</ele>
      </trkpt>
      <trkpt lat="48.86558083237615" lon="2.0427705245261483">
        <ele>179.06000000000003</ele>
      </trkpt>
      <trkpt lat="48.86550445110753" lon="2.04288834669583">
        <ele>179.29</ele>
      </trkpt>
      <trkpt lat="48.86541355108537" lon="2.04302856481512">
        <ele>179.6</ele>
      </trkpt>
      <trkpt lat="48.86527" lon="2.04325">
        <ele>179.76206059175001</ele>
      </trkpt>
      <trkpt lat="48.865105805468964" lon="2.0433850632432744">
        <ele>179.91</ele>
      </trkpt>
      <trkpt lat="48.864991118189835" lon="2.0434794027793277">
        <ele>179.98</ele>
      </trkpt>
      <trkpt lat="48.86487643091071" lon="2.0435737423153815">
        <ele>180.02</ele>
      </trkpt>
      <trkpt lat="48.86479970907572" lon="2.0436368522119137">
        <ele>180.03000000000003</ele>
      </trkpt>
      <trkpt lat="48.864650000000005" lon="2.0437600000000002">
        <ele>180.00653574495695</ele>
      </trkpt>
      <trkpt lat="48.86460815051008" lon="2.0437938781585125">
        <ele>180.00000000000003</ele>
      </trkpt>
      <trkpt lat="48.864531153706636" lon="2.043856208904154">
        <ele>180.01</ele>
      </trkpt>
      <trkpt lat="48.86444" lon="2.04393">
        <ele>179.88099594034986</ele>
      </trkpt>
      <trkpt lat="48.8641274767926" lon="2.0442719371563376">
        <ele>179.4</ele>
      </trkpt>
      <trkpt lat="48.86380339559323" lon="2.0446265201156475">
        <ele>178.68</ele>
      </trkpt>
      <trkpt lat="48.86373113424472" lon="2.0447055825322504">
        <ele>178.47000000000003</ele>
      </trkpt>
      <trkpt lat="48.8636581429836" lon="2.044785443559122">
        <ele>178.17000000000002</ele>
      </trkpt>
      <trkpt lat="48.86359" lon="2.0448600000000003">
        <ele>177.81524063058558</ele>
      </trkpt>
      <trkpt lat="48.863585394025954" lon="2.044865781967427">
        <ele>177.79</ele>
      </trkpt>
      <trkpt lat="48.8635167440993" lon="2.044951959534921">
        <ele>177.34000000000003</ele>
      </trkpt>
      <trkpt lat="48.86329345847929" lon="2.045232254249398">
        <ele>175.81000000000003</ele>
      </trkpt>
      <trkpt lat="48.86312" lon="2.04545">
        <ele>174.59991554764534</ele>
      </trkpt>
      <trkpt lat="48.86309741971341" lon="2.045463027088417">
        <ele>174.47</ele>
      </trkpt>
      <trkpt lat="48.863063787663265" lon="2.045482430194273">
        <ele>174.46</ele>
      </trkpt>
      <trkpt lat="48.862860000000005" lon="2.0456000000000003">
        <ele>172.7976134320466</ele>
      </trkpt>
      <trkpt lat="48.86280033587653" lon="2.04571059691181">
        <ele>172.08</ele>
      </trkpt>
      <trkpt lat="48.862658912282846" lon="2.0459727479635106">
        <ele>170.52</ele>
      </trkpt>
      <trkpt lat="48.86260245689666" lon="2.046077396972053">
        <ele>169.87</ele>
      </trkpt>
      <trkpt lat="48.86245" lon="2.04636">
        <ele>168.02188988697094</ele>
      </trkpt>
      <trkpt lat="48.86243247834653" lon="2.0463923476679606">
        <ele>167.81</ele>
      </trkpt>
      <trkpt lat="48.86240446842487" lon="2.0464440582925647">
        <ele>167.49</ele>
      </trkpt>
      <trkpt lat="48.86229128547611" lon="2.0466530114287194">
        <ele>166.31</ele>
      </trkpt>
      <trkpt lat="48.862177530896304" lon="2.0468630198837436">
        <ele>165.09</ele>
      </trkpt>
      <trkpt lat="48.86212036779088" lon="2.0469685517706906">
        <ele>164.53</ele>
      </trkpt>
      <trkpt lat="48.862092357869216" lon="2.0470202623952947">
        <ele>164.28</ele>
      </trkpt>
      <trkpt lat="48.86203576639485" lon="2.047124738963372">
        <ele>163.83</ele>
      </trkpt>
      <trkpt lat="48.861978603289415" lon="2.047230270850319">
        <ele>163.44</ele>
      </trkpt>
      <trkpt lat="48.861836838787944" lon="2.047491989929947">
        <ele>162.58</ele>
      </trkpt>
      <trkpt lat="48.861780247313575" lon="2.0475964664980246">
        <ele>162.28</ele>
      </trkpt>
      <trkpt lat="48.86175166576086" lon="2.0476492324414983">
        <ele>162.15</ele>
      </trkpt>
      <trkpt lat="48.86169507428648" lon="2.047753709009575">
        <ele>161.96</ele>
      </trkpt>
      <trkpt lat="48.861553309785016" lon="2.0480154280892036">
        <ele>161.59</ele>
      </trkpt>
      <trkpt lat="48.861497289941695" lon="2.0481188493384117">
        <ele>161.46</ele>
      </trkpt>
      <trkpt lat="48.861384678624" lon="2.0483267471556967">
        <ele>161.62</ele>
      </trkpt>
      <trkpt lat="48.86135666870234" lon="2.0483784577803013">
        <ele>161.68</ele>
      </trkpt>
      <trkpt lat="48.861300077227966" lon="2.048482934348378">
        <ele>161.88000000000002</ele>
      </trkpt>
      <trkpt lat="48.86123433965672" lon="2.0486042960183672">
        <ele>162.19</ele>
      </trkpt>
      <trkpt lat="48.86123433965672" lon="2.0486042960183672">
        <ele>162.20000000000002</ele>
      </trkpt>
      <trkpt lat="48.86110572266951" lon="2.0488417427639978">
        <ele>162.82000000000002</ele>
      </trkpt>
      <trkpt lat="48.86104913119513" lon="2.048946219332075">
        <ele>163.12</ele>
      </trkpt>
      <trkpt lat="48.86099311135181" lon="2.0490496405812832">
        <ele>163.48000000000002</ele>
      </trkpt>
      <trkpt lat="48.860936519877434" lon="2.0491541171493606">
        <ele>163.92000000000002</ele>
      </trkpt>
      <trkpt lat="48.86090850995577" lon="2.0492058277739646">
        <ele>164.17000000000002</ele>
      </trkpt>
      <trkpt lat="48.860851918481394" lon="2.049310304342042">
        <ele>164.74</ele>
      </trkpt>
      <trkpt lat="48.860710725610986" lon="2.0495709681028007">
        <ele>166.32000000000002</ele>
      </trkpt>
      <trkpt lat="48.86059811429329" lon="2.049778865920086">
        <ele>167.68</ele>
      </trkpt>
      <trkpt lat="48.8605" lon="2.04996">
        <ele>168.838782374106</ele>
      </trkpt>
      <trkpt lat="48.86048522401589" lon="2.0499864081418235">
        <ele>169.01000000000002</ele>
      </trkpt>
      <trkpt lat="48.860398994673325" lon="2.050140520158321">
        <ele>170.07000000000002</ele>
      </trkpt>
      <trkpt lat="48.86031276533076" lon="2.0502946321748188">
        <ele>171.18000000000004</ele>
      </trkpt>
      <trkpt lat="48.86028421642679" lon="2.050345655747848">
        <ele>171.32000000000002</ele>
      </trkpt>
      <trkpt lat="48.86025508489215" lon="2.050397720618287">
        <ele>171.40000000000003</ele>
      </trkpt>
      <trkpt lat="48.8602259533575" lon="2.050449785488725">
        <ele>171.41</ele>
      </trkpt>
      <trkpt lat="48.86019682182285" lon="2.0505018503591637">
        <ele>171.33</ele>
      </trkpt>
      <trkpt lat="48.86016769028821" lon="2.050553915229602">
        <ele>171.18000000000004</ele>
      </trkpt>
      <trkpt lat="48.86013855875355" lon="2.0506059801000402">
        <ele>170.97</ele>
      </trkpt>
      <trkpt lat="48.8600511641496" lon="2.050762174711356">
        <ele>170.27</ele>
      </trkpt>
      <trkpt lat="48.86002203261495" lon="2.0508142395817943">
        <ele>170.07000000000002</ele>
      </trkpt>
      <trkpt lat="48.859992901080304" lon="2.0508663044522324">
        <ele>169.9</ele>
      </trkpt>
      <trkpt lat="48.859935220641695" lon="2.0509693928957002">
        <ele>169.68000000000004</ele>
      </trkpt>
      <trkpt lat="48.85987637494169" lon="2.051074563933986">
        <ele>169.57000000000002</ele>
      </trkpt>
      <trkpt lat="48.8598181118724" lon="2.0511786936748626">
        <ele>169.5</ele>
      </trkpt>
      <trkpt lat="48.85976043143379" lon="2.051281782118331">
        <ele>169.36</ele>
      </trkpt>
      <trkpt lat="48.859731299899146" lon="2.0513338469887694">
        <ele>169.24</ele>
      </trkpt>
      <trkpt lat="48.85970275099518" lon="2.051384870561799">
        <ele>169.06</ele>
      </trkpt>
      <trkpt lat="48.85967303682984" lon="2.051437976729646">
        <ele>168.81</ele>
      </trkpt>
      <trkpt lat="48.859643905295194" lon="2.0514900416000845">
        <ele>168.5</ele>
      </trkpt>
      <trkpt lat="48.85961477376054" lon="2.051542106470523">
        <ele>168.13</ele>
      </trkpt>
      <trkpt lat="48.85956" lon="2.0516400000000004">
        <ele>167.28484958057433</ele>
      </trkpt>
      <trkpt lat="48.85956080506146" lon="2.0516467088455794">
        <ele>167.24000000000004</ele>
      </trkpt>
      <trkpt lat="48.85956887361105" lon="2.0517139467587584">
        <ele>166.74000000000004</ele>
      </trkpt>
      <trkpt lat="48.85958501071022" lon="2.0518484225851163">
        <ele>165.69</ele>
      </trkpt>
      <trkpt lat="48.859593079259795" lon="2.0519156604982953">
        <ele>165.13000000000002</ele>
      </trkpt>
      <trkpt lat="48.859601147809386" lon="2.051982898411474">
        <ele>164.52</ele>
      </trkpt>
      <trkpt lat="48.85960921635897" lon="2.052050136324653">
        <ele>163.86</ele>
      </trkpt>
      <trkpt lat="48.85962000000001" lon="2.05214">
        <ele>162.8643500845136</ele>
      </trkpt>
      <trkpt lat="48.8596251716839" lon="2.0522520531511375">
        <ele>161.64000000000001</ele>
      </trkpt>
      <trkpt lat="48.85962831843989" lon="2.052320232864179">
        <ele>160.94</ele>
      </trkpt>
      <trkpt lat="48.859631465195875" lon="2.052388412577221">
        <ele>160.32000000000002</ele>
      </trkpt>
      <trkpt lat="48.85963461195186" lon="2.0524565922902624">
        <ele>159.79000000000002</ele>
      </trkpt>
      <trkpt lat="48.85963775870785" lon="2.052524772003304">
        <ele>159.37</ele>
      </trkpt>
      <trkpt lat="48.859640905463834" lon="2.052592951716346">
        <ele>159.07000000000002</ele>
      </trkpt>
      <trkpt lat="48.859643989284706" lon="2.052659767835127">
        <ele>158.92000000000002</ele>
      </trkpt>
      <trkpt lat="48.85964713604069" lon="2.0527279475481683">
        <ele>158.92000000000002</ele>
      </trkpt>
      <trkpt lat="48.85965" lon="2.0527900000000003">
        <ele>159.08382353095197</ele>
      </trkpt>
      <trkpt lat="48.85965009165288" lon="2.052796140742467">
        <ele>159.10000000000002</ele>
      </trkpt>
      <trkpt lat="48.85965111149948" lon="2.0528644704651464">
        <ele>159.46</ele>
      </trkpt>
      <trkpt lat="48.85965213134609" lon="2.052932800187826">
        <ele>160.01000000000002</ele>
      </trkpt>
      <trkpt lat="48.8596531511927" lon="2.0530011299105055">
        <ele>160.71</ele>
      </trkpt>
      <trkpt lat="48.8596541710393" lon="2.0530694596331847">
        <ele>161.53</ele>
      </trkpt>
      <trkpt lat="48.859656190335585" lon="2.05320475248409">
        <ele>163.25</ele>
      </trkpt>
      <trkpt lat="48.8596582300288" lon="2.0533414119294493">
        <ele>164.86</ele>
      </trkpt>
      <trkpt lat="48.859660000000005" lon="2.0534600000000003">
        <ele>166.1756413460444</ele>
      </trkpt>
      <trkpt lat="48.85964643297692" lon="2.053550949302889">
        <ele>167.21</ele>
      </trkpt>
      <trkpt lat="48.85964643297692" lon="2.053550949302889">
        <ele>167.14000000000001</ele>
      </trkpt>
      <trkpt lat="48.859617001551854" lon="2.0537482488561043">
        <ele>169.39000000000001</ele>
      </trkpt>
      <trkpt lat="48.859607058502846" lon="2.0538149041105687">
        <ele>170.07000000000002</ele>
      </trkpt>
      <trkpt lat="48.85959711545384" lon="2.053881559365033">
        <ele>170.67000000000002</ele>
      </trkpt>
      <trkpt lat="48.85958717240483" lon="2.053948214619498">
        <ele>171.18000000000004</ele>
      </trkpt>
      <trkpt lat="48.85957722935582" lon="2.054014869873962">
        <ele>171.6</ele>
      </trkpt>
      <trkpt lat="48.85956728630681" lon="2.0540815251284266">
        <ele>171.94</ele>
      </trkpt>
      <trkpt lat="48.859557343257805" lon="2.0541481803828914">
        <ele>172.21</ele>
      </trkpt>
      <trkpt lat="48.8595474002088" lon="2.0542148356373557">
        <ele>172.43000000000004</ele>
      </trkpt>
      <trkpt lat="48.85953765602078" lon="2.0542801577867307">
        <ele>172.61</ele>
      </trkpt>
      <trkpt lat="48.85952771297177" lon="2.054346813041195">
        <ele>172.76000000000002</ele>
      </trkpt>
      <trkpt lat="48.85949788382473" lon="2.0545467788045886">
        <ele>173.14000000000001</ele>
      </trkpt>
      <trkpt lat="48.859468054677706" lon="2.054746744567982">
        <ele>173.44</ele>
      </trkpt>
      <trkpt lat="48.85944836744067" lon="2.0548787219718214">
        <ele>173.59000000000003</ele>
      </trkpt>
      <trkpt lat="48.85943842439166" lon="2.054945377226286">
        <ele>173.65000000000003</ele>
      </trkpt>
      <trkpt lat="48.859428481342654" lon="2.0550120324807506">
        <ele>173.68</ele>
      </trkpt>
      <trkpt lat="48.85939865219563" lon="2.0552119982441437">
        <ele>173.66</ele>
      </trkpt>
      <trkpt lat="48.859390000000005" lon="2.05527">
        <ele>173.6403606269754</ele>
      </trkpt>
      <trkpt lat="48.85934632725388" lon="2.055597545595936">
        <ele>173.53</ele>
      </trkpt>
      <trkpt lat="48.85933000000001" lon="2.05572">
        <ele>173.53952126617065</ele>
      </trkpt>
      <trkpt lat="48.85927898318441" lon="2.0559773022004086">
        <ele>173.56</ele>
      </trkpt>
      <trkpt lat="48.85926652713707" lon="2.0560401240043715">
        <ele>173.54000000000002</ele>
      </trkpt>
      <trkpt lat="48.85925407108974" lon="2.056102945808335">
        <ele>173.47</ele>
      </trkpt>
      <trkpt lat="48.8592416150424" lon="2.056165767612298">
        <ele>173.32</ele>
      </trkpt>
      <trkpt lat="48.859229158995056" lon="2.0562285894162615">
        <ele>173.06</ele>
      </trkpt>
      <trkpt lat="48.85921670294772" lon="2.0562914112202244">
        <ele>172.67000000000002</ele>
      </trkpt>
      <trkpt lat="48.85920424690038" lon="2.0563542330241877">
        <ele>172.21</ele>
      </trkpt>
      <trkpt lat="48.85917855630275" lon="2.0564838029948618">
        <ele>169.22</ele>
      </trkpt>
      <trkpt lat="48.85913963115482" lon="2.056680121132247">
        <ele>164.41</ele>
      </trkpt>
      <trkpt lat="48.8591266561055" lon="2.0567455605113754">
        <ele>162.89000000000001</ele>
      </trkpt>
      <trkpt lat="48.8591136810562" lon="2.0568109998905038">
        <ele>161.47</ele>
      </trkpt>
      <trkpt lat="48.85910070600689" lon="2.056876439269632">
        <ele>160.15</ele>
      </trkpt>
      <trkpt lat="48.85908773095758" lon="2.0569418786487605">
        <ele>158.96</ele>
      </trkpt>
      <trkpt lat="48.85907501540925" lon="2.057006009240306">
        <ele>157.9</ele>
      </trkpt>
      <trkpt lat="48.859062040359944" lon="2.0570714486194346">
        <ele>156.95000000000002</ele>
      </trkpt>
      <trkpt lat="48.859049065310636" lon="2.057136887998563">
        <ele>156.11</ele>
      </trkpt>
      <trkpt lat="48.85903609026133" lon="2.0572023273776914">
        <ele>155.35000000000002</ele>
      </trkpt>
      <trkpt lat="48.85902311521201" lon="2.0572677667568198">
        <ele>154.66000000000003</ele>
      </trkpt>
      <trkpt lat="48.85901014016271" lon="2.057333206135948">
        <ele>154.03</ele>
      </trkpt>
      <trkpt lat="48.858997165113394" lon="2.057398645515076">
        <ele>153.45</ele>
      </trkpt>
      <trkpt lat="48.858984190064085" lon="2.057464084894205">
        <ele>152.93</ele>
      </trkpt>
      <trkpt lat="48.858971215014776" lon="2.057529524273333">
        <ele>152.46</ele>
      </trkpt>
      <trkpt lat="48.85895823996547" lon="2.0575949636524613">
        <ele>152.03000000000003</ele>
      </trkpt>
      <trkpt lat="48.85894552441714" lon="2.057659094244007">
        <ele>151.65</ele>
      </trkpt>
      <trkpt lat="48.85893254936783" lon="2.0577245336231353">
        <ele>151.29</ele>
      </trkpt>
      <trkpt lat="48.85891957431852" lon="2.0577899730022637">
        <ele>150.97000000000003</ele>
      </trkpt>
      <trkpt lat="48.85890659926921" lon="2.057855412381392">
        <ele>150.69000000000003</ele>
      </trkpt>
      <trkpt lat="48.858893624219895" lon="2.0579208517605205">
        <ele>150.45</ele>
      </trkpt>
      <trkpt lat="48.858880649170594" lon="2.057986291139649">
        <ele>150.26</ele>
      </trkpt>
      <trkpt lat="48.85887" lon="2.05804">
        <ele>150.14509609123246</ele>
      </trkpt>
      <trkpt lat="48.85886655093478" lon="2.058051073314657">
        <ele>150.12</ele>
      </trkpt>
      <trkpt lat="48.858847310124474" lon="2.0581128464424943">
        <ele>150.04</ele>
      </trkpt>
      <trkpt lat="48.858828069314164" lon="2.058174619570331">
        <ele>150.02</ele>
      </trkpt>
      <trkpt lat="48.858808828503854" lon="2.0582363926981686">
        <ele>150.09</ele>
      </trkpt>
      <trkpt lat="48.858789972509754" lon="2.0582969303634493">
        <ele>150.26</ele>
      </trkpt>
      <trkpt lat="48.85877073169944" lon="2.0583587034912867">
        <ele>150.53000000000003</ele>
      </trkpt>
      <trkpt lat="48.858751490889134" lon="2.0584204766191236">
        <ele>150.94000000000003</ele>
      </trkpt>
      <trkpt lat="48.85873225007882" lon="2.0584822497469615">
        <ele>151.48</ele>
      </trkpt>
      <trkpt lat="48.85871300926851" lon="2.0585440228747984">
        <ele>152.14000000000001</ele>
      </trkpt>
      <trkpt lat="48.8586937684582" lon="2.058605796002636">
        <ele>152.89000000000001</ele>
      </trkpt>
      <trkpt lat="48.85868000000001" lon="2.05865">
        <ele>153.458891023248</ele>
      </trkpt>
      <trkpt lat="48.85866684944686" lon="2.058735478595417">
        <ele>154.48</ele>
      </trkpt>
      <trkpt lat="48.85866684944686" lon="2.058735478595417">
        <ele>154.49</ele>
      </trkpt>
      <trkpt lat="48.858656815654015" lon="2.058800698248956">
        <ele>155.24</ele>
      </trkpt>
      <trkpt lat="48.85864657708987" lon="2.058867248915833">
        <ele>155.94000000000003</ele>
      </trkpt>
      <trkpt lat="48.85864" lon="2.05891">
        <ele>156.35296114842242</ele>
      </trkpt>
      <trkpt lat="48.85864100106331" lon="2.0589330244561825">
        <ele>156.57000000000002</ele>
      </trkpt>
      <trkpt lat="48.85864396615779" lon="2.059001221629223">
        <ele>157.14</ele>
      </trkpt>
      <trkpt lat="48.858646931252274" lon="2.0590694188022622">
        <ele>157.66000000000003</ele>
      </trkpt>
      <trkpt lat="48.858649777742976" lon="2.059134888088381">
        <ele>157.72</ele>
      </trkpt>
      <trkpt lat="48.858650000000004" lon="2.05914">
        <ele>157.71694049702413</ele>
      </trkpt>
      <trkpt lat="48.85864502231165" lon="2.059201391489736">
        <ele>157.68</ele>
      </trkpt>
      <trkpt lat="48.858639742357916" lon="2.0592665109191266">
        <ele>157.48000000000002</ele>
      </trkpt>
      <trkpt lat="48.85863435240514" lon="2.0593329870032955">
        <ele>157.10000000000002</ele>
      </trkpt>
      <trkpt lat="48.85862907245141" lon="2.059398106432686">
        <ele>156.57000000000002</ele>
      </trkpt>
      <trkpt lat="48.85862368249863" lon="2.059464582516855">
        <ele>155.91000000000003</ele>
      </trkpt>
      <trkpt lat="48.85862" lon="2.05951">
        <ele>155.37993873390317</ele>
      </trkpt>
      <trkpt lat="48.85861635020094" lon="2.059529060061783">
        <ele>155.15</ele>
      </trkpt>
      <trkpt lat="48.858579657301505" lon="2.0597206785365825">
        <ele>152.65</ele>
      </trkpt>
      <trkpt lat="48.85856759388252" lon="2.059783676391311">
        <ele>151.93</ele>
      </trkpt>
      <trkpt lat="48.8585552791423" lon="2.059847986701347">
        <ele>151.37</ele>
      </trkpt>
      <trkpt lat="48.8585432157233" lon="2.0599109845560752">
        <ele>151.00000000000003</ele>
      </trkpt>
      <trkpt lat="48.85853090098309" lon="2.0599752948661108">
        <ele>150.81</ele>
      </trkpt>
      <trkpt lat="48.8585188375641" lon="2.060038292720839">
        <ele>150.78000000000003</ele>
      </trkpt>
      <trkpt lat="48.85850652282387" lon="2.0601026030308747">
        <ele>150.86</ele>
      </trkpt>
      <trkpt lat="48.85847008124567" lon="2.0602929090503674">
        <ele>151.35000000000002</ele>
      </trkpt>
      <trkpt lat="48.85845776650545" lon="2.060357219360403">
        <ele>151.44000000000003</ele>
      </trkpt>
      <trkpt lat="48.85844570308647" lon="2.0604202172151314">
        <ele>151.46</ele>
      </trkpt>
      <trkpt lat="48.85844" lon="2.0604500000000003">
        <ele>151.43660575429385</ele>
      </trkpt>
      <trkpt lat="48.85842080363508" lon="2.0605472906676776">
        <ele>151.36</ele>
      </trkpt>
      <trkpt lat="48.858408145143706" lon="2.0606114462034832">
        <ele>151.33</ele>
      </trkpt>
      <trkpt lat="48.8583957449889" lon="2.06067429244264">
        <ele>151.39000000000001</ele>
      </trkpt>
      <trkpt lat="48.858383086497525" lon="2.060738447978446">
        <ele>151.55</ele>
      </trkpt>
      <trkpt lat="48.85837094467928" lon="2.060799984920954">
        <ele>151.84</ele>
      </trkpt>
      <trkpt lat="48.85835802785135" lon="2.060865449753409">
        <ele>152.26</ele>
      </trkpt>
      <trkpt lat="48.85834562769653" lon="2.0609282959925657">
        <ele>152.78</ele>
      </trkpt>
      <trkpt lat="48.858332969205165" lon="2.0609924515283717">
        <ele>153.37</ele>
      </trkpt>
      <trkpt lat="48.85830791055898" lon="2.0611194533033346">
        <ele>154.98</ele>
      </trkpt>
      <trkpt lat="48.858257793266624" lon="2.0613734568532607">
        <ele>158.46</ele>
      </trkpt>
      <trkpt lat="48.858232734620444" lon="2.061500458628223">
        <ele>160.15</ele>
      </trkpt>
      <trkpt lat="48.85820767597426" lon="2.0616274604031863">
        <ele>161.73000000000002</ele>
      </trkpt>
      <trkpt lat="48.858195275819455" lon="2.061690306642343">
        <ele>162.48000000000002</ele>
      </trkpt>
      <trkpt lat="48.85817021717327" lon="2.0618173084173064">
        <ele>163.9</ele>
      </trkpt>
      <trkpt lat="48.858145158527094" lon="2.0619443101922688">
        <ele>165.19</ele>
      </trkpt>
      <trkpt lat="48.85812009988091" lon="2.0620713119672316">
        <ele>166.36</ele>
      </trkpt>
      <trkpt lat="48.85808238274336" lon="2.062262469278001">
        <ele>167.9</ele>
      </trkpt>
      <trkpt lat="48.8580702409251" lon="2.0623240062205084">
        <ele>168</ele>
      </trkpt>
      <trkpt lat="48.858058099106856" lon="2.0623855431630163">
        <ele>168.07000000000002</ele>
      </trkpt>
      <trkpt lat="48.85804569895204" lon="2.062448389402173">
        <ele>168.06</ele>
      </trkpt>
      <trkpt lat="48.85803355713379" lon="2.062509926344681">
        <ele>167.97</ele>
      </trkpt>
      <trkpt lat="48.858021415315534" lon="2.0625714632871888">
        <ele>167.77</ele>
      </trkpt>
      <trkpt lat="48.858009015160725" lon="2.0626343095263455">
        <ele>167.48000000000002</ele>
      </trkpt>
      <trkpt lat="48.858000000000004" lon="2.0626800000000003">
        <ele>167.20527924587603</ele>
      </trkpt>
      <trkpt lat="48.85799736233508" lon="2.0626960504716596">
        <ele>167.11</ele>
      </trkpt>
      <trkpt lat="48.85797665859607" lon="2.062822034926034">
        <ele>166.29000000000002</ele>
      </trkpt>
      <trkpt lat="48.85795551898888" lon="2.0629506716847117">
        <ele>166.81</ele>
      </trkpt>
      <trkpt lat="48.85794484021824" lon="2.063015653140126">
        <ele>167.14000000000001</ele>
      </trkpt>
      <trkpt lat="48.8579128039063" lon="2.0632105975063686">
        <ele>168.23000000000002</ele>
      </trkpt>
      <trkpt lat="48.85790212513565" lon="2.063275578961783">
        <ele>168.57000000000002</ele>
      </trkpt>
      <trkpt lat="48.85789144636501" lon="2.0633405604171973">
        <ele>168.88</ele>
      </trkpt>
      <trkpt lat="48.85783827044588" lon="2.0636641415421173">
        <ele>170.25</ele>
      </trkpt>
      <trkpt lat="48.85781691290459" lon="2.0637941044529455">
        <ele>170.84</ele>
      </trkpt>
      <trkpt lat="48.857810374881744" lon="2.063833889017485">
        <ele>171.04000000000002</ele>
      </trkpt>
      <trkpt lat="48.857810374881744" lon="2.063833889017485">
        <ele>171.01000000000002</ele>
      </trkpt>
      <trkpt lat="48.857762647314985" lon="2.0641243163386225">
        <ele>172.56</ele>
      </trkpt>
      <trkpt lat="48.85775196854434" lon="2.0641892977940364">
        <ele>172.89000000000001</ele>
      </trkpt>
      <trkpt lat="48.85773082893715" lon="2.064317934552714">
        <ele>173.49</ele>
      </trkpt>
      <trkpt lat="48.85769835675703" lon="2.0645155312232593">
        <ele>173.73000000000002</ele>
      </trkpt>
      <trkpt lat="48.85765520580625" lon="2.0647781093492186">
        <ele>174.14000000000001</ele>
      </trkpt>
      <trkpt lat="48.85764430910151" lon="2.064844416956784">
        <ele>174.23000000000002</ele>
      </trkpt>
      <trkpt lat="48.85763341239677" lon="2.06491072456435">
        <ele>174.29</ele>
      </trkpt>
      <trkpt lat="48.85762273362612" lon="2.064975706019764">
        <ele>174.33</ele>
      </trkpt>
      <trkpt lat="48.857611836921386" lon="2.06504201362733">
        <ele>174.35</ele>
      </trkpt>
      <trkpt lat="48.857590261446" lon="2.06517330269031">
        <ele>174.33</ele>
      </trkpt>
      <trkpt lat="48.85757936474126" lon="2.0652396102978754">
        <ele>174.29</ele>
      </trkpt>
      <trkpt lat="48.85756868597062" lon="2.0653045917532897">
        <ele>174.22</ele>
      </trkpt>
      <trkpt lat="48.857557789265876" lon="2.0653708993608553">
        <ele>174.12000000000003</ele>
      </trkpt>
      <trkpt lat="48.857530000000004" lon="2.0655400000000004">
        <ele>173.79480098375217</ele>
      </trkpt>
      <trkpt lat="48.85752525466505" lon="2.0655684720097103">
        <ele>173.74</ele>
      </trkpt>
      <trkpt lat="48.857492349648425" lon="2.065765902109482">
        <ele>173.40000000000003</ele>
      </trkpt>
      <trkpt lat="48.85748130769654" lon="2.065832153820815">
        <ele>173.27</ele>
      </trkpt>
      <trkpt lat="48.857470486583686" lon="2.0658970804979213">
        <ele>173.12000000000003</ele>
      </trkpt>
      <trkpt lat="48.8574594446318" lon="2.0659633322092543">
        <ele>172.93</ele>
      </trkpt>
      <trkpt lat="48.85745000000001" lon="2.06602">
        <ele>172.72925675465856</ele>
      </trkpt>
      <trkpt lat="48.85744971157768" lon="2.066028508458713">
        <ele>172.70000000000002</ele>
      </trkpt>
      <trkpt lat="48.857445084204905" lon="2.06616501595523">
        <ele>172.17000000000002</ele>
      </trkpt>
      <trkpt lat="48.85744050310588" lon="2.0663001583767815">
        <ele>171.54000000000002</ele>
      </trkpt>
      <trkpt lat="48.8574381894195" lon="2.0663684121250396">
        <ele>171.16</ele>
      </trkpt>
      <trkpt lat="48.85743592200684" lon="2.066435300798333">
        <ele>170.71</ele>
      </trkpt>
      <trkpt lat="48.857433608320456" lon="2.0665035545465913">
        <ele>170.15000000000003</ele>
      </trkpt>
      <trkpt lat="48.857431294634075" lon="2.06657180829485">
        <ele>169.48000000000002</ele>
      </trkpt>
      <trkpt lat="48.85743" lon="2.0666100000000003">
        <ele>169.0232206588051</ele>
      </trkpt>
      <trkpt lat="48.85743" lon="2.066638735025805">
        <ele>168.68</ele>
      </trkpt>
      <trkpt lat="48.85743" lon="2.0667070792915716">
        <ele>167.79000000000002</ele>
      </trkpt>
      <trkpt lat="48.85743" lon="2.066910745203557">
        <ele>164.98000000000002</ele>
      </trkpt>
      <trkpt lat="48.85743000000001" lon="2.0669777225840087">
        <ele>164.10000000000002</ele>
      </trkpt>
      <trkpt lat="48.85743" lon="2.0670460668497754">
        <ele>163.29000000000002</ele>
      </trkpt>
      <trkpt lat="48.85743000000001" lon="2.067181388495994">
        <ele>161.79999999999998</ele>
      </trkpt>
      <trkpt lat="48.85743000000001" lon="2.067316710142213">
        <ele>160.49</ele>
      </trkpt>
      <trkpt lat="48.85743" lon="2.067382320637349">
        <ele>160.52</ele>
      </trkpt>
      <trkpt lat="48.85743000000001" lon="2.0674492980178005">
        <ele>160.63000000000002</ele>
      </trkpt>
      <trkpt lat="48.85743" lon="2.067516275398252">
        <ele>160.88000000000002</ele>
      </trkpt>
      <trkpt lat="48.857429999999994" lon="2.0675832527787037">
        <ele>161.3</ele>
      </trkpt>
      <trkpt lat="48.857429999999994" lon="2.0676515970444704">
        <ele>161.88000000000002</ele>
      </trkpt>
      <trkpt lat="48.85743" lon="2.06785116230051">
        <ele>164</ele>
      </trkpt>
      <trkpt lat="48.85743" lon="2.0679181396809616">
        <ele>164.64000000000001</ele>
      </trkpt>
      <trkpt lat="48.85743" lon="2.0679851170614127">
        <ele>165.21</ele>
      </trkpt>
      <trkpt lat="48.85743" lon="2.0680520944418643">
        <ele>165.70000000000002</ele>
      </trkpt>
      <trkpt lat="48.857429999999994" lon="2.0682530265832195">
        <ele>167.04000000000002</ele>
      </trkpt>
      <trkpt lat="48.85743" lon="2.0683200039636707">
        <ele>167.51000000000002</ele>
      </trkpt>
      <trkpt lat="48.85743" lon="2.0683869813441222">
        <ele>168.02</ele>
      </trkpt>
      <trkpt lat="48.85743" lon="2.068453958724574">
        <ele>168.56</ele>
      </trkpt>
      <trkpt lat="48.85743000000001" lon="2.0686535239806134">
        <ele>170.23000000000002</ele>
      </trkpt>
      <trkpt lat="48.85743" lon="2.0687874787415166">
        <ele>170.61</ele>
      </trkpt>
      <trkpt lat="48.85743" lon="2.068854456121968">
        <ele>170.74</ele>
      </trkpt>
      <trkpt lat="48.85743000000001" lon="2.0689214335024193">
        <ele>170.83</ele>
      </trkpt>
      <trkpt lat="48.85743" lon="2.0689884108828713">
        <ele>170.88</ele>
      </trkpt>
      <trkpt lat="48.85743" lon="2.06908">
        <ele>170.8663253658905</ele>
      </trkpt>
      <trkpt lat="48.85742936308911" lon="2.0691223545740782">
        <ele>170.86</ele>
      </trkpt>
      <trkpt lat="48.85742835617362" lon="2.069189314454047">
        <ele>170.8</ele>
      </trkpt>
      <trkpt lat="48.85742736980743" lon="2.0692549078058526">
        <ele>170.71</ele>
      </trkpt>
      <trkpt lat="48.85742492444124" lon="2.069417524657205">
        <ele>170.39000000000001</ele>
      </trkpt>
      <trkpt lat="48.85742492444124" lon="2.069417524657205">
        <ele>170.40000000000003</ele>
      </trkpt>
      <trkpt lat="48.85742124611731" lon="2.069662133198314">
        <ele>169.92000000000002</ele>
      </trkpt>
      <trkpt lat="48.85742023920183" lon="2.0697290930782826">
        <ele>169.74</ele>
      </trkpt>
      <trkpt lat="48.85741923228635" lon="2.0697960529582513">
        <ele>169.53</ele>
      </trkpt>
      <trkpt lat="48.85741822537085" lon="2.0698630128382196">
        <ele>169.28</ele>
      </trkpt>
      <trkpt lat="48.85741621153988" lon="2.0699969325981566">
        <ele>168.71000000000004</ele>
      </trkpt>
      <trkpt lat="48.8574142182582" lon="2.0701294858299306">
        <ele>168.08</ele>
      </trkpt>
      <trkpt lat="48.857412327723" lon="2.0702552064208923">
        <ele>167.41</ele>
      </trkpt>
      <trkpt lat="48.857411382455396" lon="2.0703180667163728">
        <ele>167.05</ele>
      </trkpt>
      <trkpt lat="48.85741045773709" lon="2.0703795604836905">
        <ele>166.66</ele>
      </trkpt>
      <trkpt lat="48.85741" lon="2.0704100000000003">
        <ele>166.44693407223332</ele>
      </trkpt>
      <trkpt lat="48.85740576224935" lon="2.0704417831299544">
        <ele>166.22</ele>
      </trkpt>
      <trkpt lat="48.85739754572076" lon="2.0705034070943156">
        <ele>165.73000000000002</ele>
      </trkpt>
      <trkpt lat="48.85738950781237" lon="2.070563691407278">
        <ele>165.21</ele>
      </trkpt>
      <trkpt lat="48.857345388626285" lon="2.070894585302871">
        <ele>159.81</ele>
      </trkpt>
      <trkpt lat="48.85733663623714" lon="2.07096022822143">
        <ele>158.82000000000002</ele>
      </trkpt>
      <trkpt lat="48.857327705227824" lon="2.071027210791388">
        <ele>157.91000000000003</ele>
      </trkpt>
      <trkpt lat="48.85731895283868" lon="2.071092853709947">
        <ele>157.10999999999999</ele>
      </trkpt>
      <trkpt lat="48.85731020044954" lon="2.0711584966285064">
        <ele>156.46</ele>
      </trkpt>
      <trkpt lat="48.857310000000005" lon="2.0711600000000003">
        <ele>156.44900233250698</ele>
      </trkpt>
      <trkpt lat="48.85729893246598" lon="2.07122465769877">
        <ele>155.97000000000003</ele>
      </trkpt>
      <trkpt lat="48.857287837259385" lon="2.071289477063609">
        <ele>155.63000000000002</ele>
      </trkpt>
      <trkpt lat="48.85727674205279" lon="2.0713542964284475">
        <ele>155.44000000000003</ele>
      </trkpt>
      <trkpt lat="48.85726542041341" lon="2.0714204386374666">
        <ele>155.38000000000002</ele>
      </trkpt>
      <trkpt lat="48.85725432520682" lon="2.0714852580023053">
        <ele>155.43</ele>
      </trkpt>
      <trkpt lat="48.85724300356743" lon="2.071551400211324">
        <ele>155.56</ele>
      </trkpt>
      <trkpt lat="48.857231908360845" lon="2.071616219576163">
        <ele>155.79000000000002</ele>
      </trkpt>
      <trkpt lat="48.85722081315424" lon="2.0716810389410014">
        <ele>156.11</ele>
      </trkpt>
      <trkpt lat="48.857209491514865" lon="2.0717471811500205">
        <ele>156.54000000000002</ele>
      </trkpt>
      <trkpt lat="48.85719839630828" lon="2.0718120005148593">
        <ele>157.10000000000002</ele>
      </trkpt>
      <trkpt lat="48.857187301101675" lon="2.071876819879698">
        <ele>157.79000000000002</ele>
      </trkpt>
      <trkpt lat="48.8571759794623" lon="2.071942962088717">
        <ele>158.59</ele>
      </trkpt>
      <trkpt lat="48.85714246740972" lon="2.072138743027413">
        <ele>161.29000000000002</ele>
      </trkpt>
      <trkpt lat="48.857131372203135" lon="2.072203562392252">
        <ele>162.13000000000002</ele>
      </trkpt>
      <trkpt lat="48.85712" lon="2.07227">
        <ele>162.91000000000003</ele>
      </trkpt>
      <trkpt lat="48.85712" lon="2.07227">
        <ele>162.91000000000003</ele>
      </trkpt>
      <trkpt lat="48.8571071350758" lon="2.0723337398517216">
        <ele>163.61</ele>
      </trkpt>
      <trkpt lat="48.8570810236815" lon="2.072463109941663">
        <ele>164.89000000000001</ele>
      </trkpt>
      <trkpt lat="48.85704198846578" lon="2.0726565116922817">
        <ele>166.68</ele>
      </trkpt>
      <trkpt lat="48.857016140822935" lon="2.0727845750136376">
        <ele>167.82000000000002</ele>
      </trkpt>
      <trkpt lat="48.856990029428644" lon="2.0729139451035787">
        <ele>168.59</ele>
      </trkpt>
      <trkpt lat="48.856963654282886" lon="2.0730446219621053">
        <ele>169.27</ele>
      </trkpt>
      <trkpt lat="48.85695046671" lon="2.0731099603913683">
        <ele>169.56</ele>
      </trkpt>
      <trkpt lat="48.85693727913712" lon="2.073175298820632">
        <ele>169.82000000000002</ele>
      </trkpt>
      <trkpt lat="48.856924355315705" lon="2.0732393304813095">
        <ele>170.04000000000002</ele>
      </trkpt>
      <trkpt lat="48.8569" lon="2.07336">
        <ele>170.40936767550565</ele>
      </trkpt>
      <trkpt lat="48.85689727857694" lon="2.0733696156948387">
        <ele>170.44</ele>
      </trkpt>
      <trkpt lat="48.85686174195852" lon="2.0734951784132676">
        <ele>170.76000000000002</ele>
      </trkpt>
      <trkpt lat="48.85684432901549" lon="2.0735567041452976">
        <ele>170.89000000000001</ele>
      </trkpt>
      <trkpt lat="48.85680879239707" lon="2.0736822668637274">
        <ele>171.09</ele>
      </trkpt>
      <trkpt lat="48.85677361114483" lon="2.0738065739549723">
        <ele>171.21</ele>
      </trkpt>
      <trkpt lat="48.856738074526405" lon="2.073932136673401">
        <ele>171.29000000000002</ele>
      </trkpt>
      <trkpt lat="48.85672030621719" lon="2.073994918032616">
        <ele>171.3</ele>
      </trkpt>
      <trkpt lat="48.85670253790798" lon="2.0740576993918305">
        <ele>171.28</ele>
      </trkpt>
      <trkpt lat="48.856685124964955" lon="2.074119225123861">
        <ele>171.20000000000002</ele>
      </trkpt>
      <trkpt lat="48.856667356655734" lon="2.0741820064830754">
        <ele>171.02</ele>
      </trkpt>
      <trkpt lat="48.85665527420548" lon="2.0742246978073413">
        <ele>170.82000000000002</ele>
      </trkpt>
      <trkpt lat="48.85665527420548" lon="2.0742246978073413">
        <ele>170.81</ele>
      </trkpt>
      <trkpt lat="48.8566502990789" lon="2.0742422765879214">
        <ele>170.73000000000002</ele>
      </trkpt>
      <trkpt lat="48.85663253076969" lon="2.074305057947136">
        <ele>170.3</ele>
      </trkpt>
      <trkpt lat="48.856614762460474" lon="2.0743678393063503">
        <ele>169.72</ele>
      </trkpt>
      <trkpt lat="48.85660000000001" lon="2.0744200000000004">
        <ele>169.13502721819503</ele>
      </trkpt>
      <trkpt lat="48.85659776195522" lon="2.074429610427603">
        <ele>169.03</ele>
      </trkpt>
      <trkpt lat="48.85656775513885" lon="2.0745584632273455">
        <ele>167.56</ele>
      </trkpt>
      <trkpt lat="48.85655275173066" lon="2.074622889627217">
        <ele>166.91</ele>
      </trkpt>
      <trkpt lat="48.85653774832247" lon="2.074687316027088">
        <ele>166.39000000000001</ele>
      </trkpt>
      <trkpt lat="48.85652304498244" lon="2.074750453898962">
        <ele>165.97</ele>
      </trkpt>
      <trkpt lat="48.85650804157425" lon="2.0748148802988333">
        <ele>165.65</ele>
      </trkpt>
      <trkpt lat="48.85649303816606" lon="2.074879306698705">
        <ele>165.41</ele>
      </trkpt>
      <trkpt lat="48.85647803475787" lon="2.074943733098576">
        <ele>165.21</ele>
      </trkpt>
      <trkpt lat="48.85646333141784" lon="2.07500687097045">
        <ele>165.04000000000002</ele>
      </trkpt>
      <trkpt lat="48.856374211173204" lon="2.075389563785686">
        <ele>164.17000000000002</ele>
      </trkpt>
      <trkpt lat="48.85634450442499" lon="2.075517128057431">
        <ele>163.91</ele>
      </trkpt>
      <trkpt lat="48.856314797676774" lon="2.0756446923291767">
        <ele>163.73000000000002</ele>
      </trkpt>
      <trkpt lat="48.856300094336746" lon="2.0757078302010505">
        <ele>163.68</ele>
      </trkpt>
      <trkpt lat="48.85628509092856" lon="2.075772256600922">
        <ele>163.69</ele>
      </trkpt>
      <trkpt lat="48.85627038758853" lon="2.075835394472796">
        <ele>163.75</ele>
      </trkpt>
      <trkpt lat="48.856260000000006" lon="2.07588">
        <ele>163.84692880280576</ele>
      </trkpt>
      <trkpt lat="48.85625547309482" lon="2.0758998680838747">
        <ele>163.89000000000001</ele>
      </trkpt>
      <trkpt lat="48.85621191847755" lon="2.076091024459685">
        <ele>164.51000000000002</ele>
      </trkpt>
      <trkpt lat="48.85619720407982" lon="2.0761556043163774">
        <ele>164.63000000000002</ele>
      </trkpt>
      <trkpt lat="48.85618278397005" lon="2.0762188925759366">
        <ele>164.64000000000001</ele>
      </trkpt>
      <trkpt lat="48.85616806957232" lon="2.076283472432629">
        <ele>164.52</ele>
      </trkpt>
      <trkpt lat="48.85615364946254" lon="2.0763467606921875">
        <ele>164.29000000000002</ele>
      </trkpt>
      <trkpt lat="48.85613893506481" lon="2.0764113405488804">
        <ele>163.96</ele>
      </trkpt>
      <trkpt lat="48.85612451495504" lon="2.0764746288084392">
        <ele>163.56</ele>
      </trkpt>
      <trkpt lat="48.85609538044755" lon="2.076602496924691">
        <ele>162.68</ele>
      </trkpt>
      <trkpt lat="48.85608066604981" lon="2.0766670767813835">
        <ele>162.29000000000002</ele>
      </trkpt>
      <trkpt lat="48.856080000000006" lon="2.07667">
        <ele>162.27429575506528</ele>
      </trkpt>
      <trkpt lat="48.8560973879092" lon="2.0767281595583444">
        <ele>161.95000000000002</ele>
      </trkpt>
      <trkpt lat="48.856115617839855" lon="2.076789135533294">
        <ele>161.66000000000003</ele>
      </trkpt>
      <trkpt lat="48.856171051710625" lon="2.0769745522734473">
        <ele>161.94</ele>
      </trkpt>
      <trkpt lat="48.85618965368069" lon="2.077036772656049">
        <ele>162</ele>
      </trkpt>
      <trkpt lat="48.856208255650735" lon="2.0770989930386508">
        <ele>161.98000000000002</ele>
      </trkpt>
      <trkpt lat="48.85622648558139" lon="2.0771599690136">
        <ele>161.84</ele>
      </trkpt>
      <trkpt lat="48.85624508755144" lon="2.077222189396202">
        <ele>161.52</ele>
      </trkpt>
      <trkpt lat="48.856263689521505" lon="2.077284409778804">
        <ele>160.99</ele>
      </trkpt>
      <trkpt lat="48.85628229149156" lon="2.0773466301614056">
        <ele>160.25</ele>
      </trkpt>
      <trkpt lat="48.85630052142221" lon="2.0774076061363553">
        <ele>159.32000000000002</ele>
      </trkpt>
      <trkpt lat="48.85631279872245" lon="2.0774486715888725">
        <ele>158.60000000000002</ele>
      </trkpt>
      <trkpt lat="48.85631279872245" lon="2.0774486715888725">
        <ele>158.79000000000002</ele>
      </trkpt>
      <trkpt lat="48.856322099707484" lon="2.0774797817801733">
        <ele>158.23000000000002</ele>
      </trkpt>
      <trkpt lat="48.856370000000005" lon="2.07764">
        <ele>155.17109335694565</ele>
      </trkpt>
      <trkpt lat="48.85637911283893" lon="2.077663963391235">
        <ele>154.69000000000003</ele>
      </trkpt>
      <trkpt lat="48.856401614331745" lon="2.0777231339834668">
        <ele>153.61</ele>
      </trkpt>
      <trkpt lat="48.85642411582457" lon="2.077782304575699">
        <ele>152.64000000000001</ele>
      </trkpt>
      <trkpt lat="48.85644661731739" lon="2.0778414751679306">
        <ele>151.78000000000003</ele>
      </trkpt>
      <trkpt lat="48.85646866878035" lon="2.0778994623483182">
        <ele>150.99</ele>
      </trkpt>
      <trkpt lat="48.85654922412465" lon="2.0781112930685084">
        <ele>149.41000000000003</ele>
      </trkpt>
      <trkpt lat="48.85660952812541" lon="2.07826987025569">
        <ele>148.36</ele>
      </trkpt>
      <trkpt lat="48.856640000000006" lon="2.0783500000000004">
        <ele>147.9605550846266</ele>
      </trkpt>
      <trkpt lat="48.85666715923232" lon="2.078438267505046">
        <ele>147.54</ele>
      </trkpt>
      <trkpt lat="48.85670258967698" lon="2.078553416450146">
        <ele>147.06000000000003</ele>
      </trkpt>
      <trkpt lat="48.856737639149095" lon="2.0786673272345446">
        <ele>146.63</ele>
      </trkpt>
      <trkpt lat="48.85675554485768" lon="2.0787255207874447">
        <ele>146.45000000000002</ele>
      </trkpt>
      <trkpt lat="48.85677306959374" lon="2.0787824761796445">
        <ele>146.3</ele>
      </trkpt>
      <trkpt lat="48.85680000000001" lon="2.07887">
        <ele>146.10166513828455</ele>
      </trkpt>
      <trkpt lat="48.85683100381372" lon="2.0789506099156525">
        <ele>145.91</ele>
      </trkpt>
      <trkpt lat="48.85685" lon="2.079">
        <ele>145.8298526305671</ele>
      </trkpt>
      <trkpt lat="48.85685" lon="2.07899">
        <ele>145.8158432928214</ele>
      </trkpt>
      <trkpt lat="48.85687225194573" lon="2.0790410970605553">
        <ele>145.73</ele>
      </trkpt>
      <trkpt lat="48.856942240236584" lon="2.0792018109136294">
        <ele>145.43</ele>
      </trkpt>
      <trkpt lat="48.85699138095144" lon="2.079314652555149">
        <ele>144.95000000000002</ele>
      </trkpt>
      <trkpt lat="48.85701570312344" lon="2.079370503468629">
        <ele>144.69</ele>
      </trkpt>
      <trkpt lat="48.85712" lon="2.07961">
        <ele>143.46501557736883</ele>
      </trkpt>
      <trkpt lat="48.85714429173338" lon="2.079644325275419">
        <ele>143.25</ele>
      </trkpt>
      <trkpt lat="48.85720883934772" lon="2.0797355338609007">
        <ele>142.70000000000002</ele>
      </trkpt>
      <trkpt lat="48.85724177180401" lon="2.079782068853494">
        <ele>142.47</ele>
      </trkpt>
      <trkpt lat="48.85727404561119" lon="2.0798276731462346">
        <ele>142.27</ele>
      </trkpt>
      <trkpt lat="48.85729643968146" lon="2.0798593169411976">
        <ele>142.16</ele>
      </trkpt>
      <trkpt lat="48.85733991052378" lon="2.0799207431314204">
        <ele>142.02</ele>
      </trkpt>
      <trkpt lat="48.85737218433095" lon="2.079966347424161">
        <ele>141.96</ele>
      </trkpt>
      <trkpt lat="48.857534212015935" lon="2.080195299587718">
        <ele>141.9</ele>
      </trkpt>
      <trkpt lat="48.857580000000006" lon="2.08026">
        <ele>141.58559688783242</ele>
      </trkpt>
      <trkpt lat="48.8576875318206" lon="2.0801920851659426">
        <ele>141</ele>
      </trkpt>
      <trkpt lat="48.857729055676586" lon="2.0801658595726873">
        <ele>140.8</ele>
      </trkpt>
      <trkpt lat="48.85777057953258" lon="2.080139633979432">
        <ele>140.64000000000001</ele>
      </trkpt>
      <trkpt lat="48.85781210338856" lon="2.0801134083861763">
        <ele>140.53</ele>
      </trkpt>
      <trkpt lat="48.85785279676742" lon="2.080087707304786">
        <ele>140.49</ele>
      </trkpt>
      <trkpt lat="48.857894320623416" lon="2.080061481711531">
        <ele>140.49</ele>
      </trkpt>
      <trkpt lat="48.8579358444794" lon="2.0800352561182756">
        <ele>140.54</ele>
      </trkpt>
      <trkpt lat="48.858059585570246" lon="2.0799571038503744">
        <ele>140.77</ele>
      </trkpt>
      <trkpt lat="48.85810110942624" lon="2.079930878257119">
        <ele>140.8</ele>
      </trkpt>
      <trkpt lat="48.85814263328221" lon="2.079904652663864">
        <ele>140.78</ele>
      </trkpt>
      <trkpt lat="48.85815" lon="2.0799000000000003">
        <ele>140.76935544263642</ele>
      </trkpt>
      <trkpt lat="48.85818490237096" lon="2.079881385402158">
        <ele>140.72</ele>
      </trkpt>
      <trkpt lat="48.85830000000001" lon="2.0798200000000002">
        <ele>140.45601637878286</ele>
      </trkpt>
      <trkpt lat="48.85831174221399" lon="2.079816085928673">
        <ele>140.43</ele>
      </trkpt>
      <trkpt lat="48.85835478604848" lon="2.0798017379838423">
        <ele>140.35</ele>
      </trkpt>
      <trkpt lat="48.858360000000005" lon="2.0798">
        <ele>140.34529867007507</ele>
      </trkpt>
      <trkpt lat="48.85844452502031" lon="2.079819505773918">
        <ele>140.27</ele>
      </trkpt>
      <trkpt lat="48.85848809252347" lon="2.079829559813107">
        <ele>140.28</ele>
      </trkpt>
      <trkpt lat="48.858532549159335" lon="2.079839819036769">
        <ele>140.34</ele>
      </trkpt>
      <trkpt lat="48.858577005795205" lon="2.079850078260431">
        <ele>140.44</ele>
      </trkpt>
      <trkpt lat="48.85862" lon="2.07986">
        <ele>140.58506564866897</ele>
      </trkpt>
      <trkpt lat="48.85862143048495" lon="2.0798605721939807">
        <ele>140.59</ele>
      </trkpt>
      <trkpt lat="48.85866491598656" lon="2.0798779663946214">
        <ele>140.78</ele>
      </trkpt>
      <trkpt lat="48.85870753177813" lon="2.07989501271125">
        <ele>141</ele>
      </trkpt>
      <trkpt lat="48.858786675391045" lon="2.0799266701564165">
        <ele>142.20000000000002</ele>
      </trkpt>
      <trkpt lat="48.858904086245374" lon="2.079973634498147">
        <ele>144.05</ele>
      </trkpt>
      <trkpt lat="48.85907802825178" lon="2.0800432113007115">
        <ele>147.19000000000003</ele>
      </trkpt>
      <trkpt lat="48.85912151375339" lon="2.0800606055013526">
        <ele>147.94000000000003</ele>
      </trkpt>
      <trkpt lat="48.85916499925499" lon="2.0800779997019934">
        <ele>148.64000000000001</ele>
      </trkpt>
      <trkpt lat="48.859208484756586" lon="2.0800953939026345">
        <ele>149.3</ele>
      </trkpt>
      <trkpt lat="48.85925197025819" lon="2.0801127881032753">
        <ele>149.92000000000002</ele>
      </trkpt>
      <trkpt lat="48.8593389412614" lon="2.0801475765045576">
        <ele>151.08</ele>
      </trkpt>
      <trkpt lat="48.859370000000006" lon="2.0801600000000002">
        <ele>151.47772453174574</ele>
      </trkpt>
      <trkpt lat="48.85960350970447" lon="2.0802196194990117">
        <ele>154.41000000000003</ele>
      </trkpt>
      <trkpt lat="48.85964785455717" lon="2.0802309415890634">
        <ele>155</ele>
      </trkpt>
      <trkpt lat="48.85969219940987" lon="2.080242263679115">
        <ele>155.62</ele>
      </trkpt>
      <trkpt lat="48.85978088911528" lon="2.080264907859218">
        <ele>156.99</ele>
      </trkpt>
      <trkpt lat="48.85982523396798" lon="2.08027622994927">
        <ele>157.73000000000002</ele>
      </trkpt>
      <trkpt lat="48.859840000000005" lon="2.08028">
        <ele>157.99907625946923</ele>
      </trkpt>
      <trkpt lat="48.8598615406144" lon="2.080387703071992">
        <ele>159.32999999999998</ele>
      </trkpt>
      <trkpt lat="48.85987461916771" lon="2.080453095838533">
        <ele>160.18</ele>
      </trkpt>
      <trkpt lat="48.8599" lon="2.0805800000000003">
        <ele>161.8916927163962</ele>
      </trkpt>
      <trkpt lat="48.859843346046546" lon="2.0806495298519634">
        <ele>163.32000000000002</ele>
      </trkpt>
      <trkpt lat="48.85982865213197" lon="2.0806675632925917">
        <ele>163.68</ele>
      </trkpt>
      <trkpt lat="48.859793666621044" lon="2.080710500055993">
        <ele>164.45000000000002</ele>
      </trkpt>
      <trkpt lat="48.85975868111012" lon="2.080753436819394">
        <ele>165.15</ele>
      </trkpt>
      <trkpt lat="48.859680000000004" lon="2.0808500000000003">
        <ele>166.58526767147328</ele>
      </trkpt>
      <trkpt lat="48.859670726129295" lon="2.0809674690289537">
        <ele>167.69</ele>
      </trkpt>
      <trkpt lat="48.85966001131585" lon="2.081103189999198">
        <ele>169.12</ele>
      </trkpt>
      <trkpt lat="48.85965" lon="2.08123">
        <ele>170.54643101413478</ele>
      </trkpt>
      <trkpt lat="48.85963750759938" lon="2.0813049544037474">
        <ele>171.41</ele>
      </trkpt>
      <trkpt lat="48.85962646520906" lon="2.0813712087456664">
        <ele>172.08</ele>
      </trkpt>
      <trkpt lat="48.859615422818734" lon="2.081437463087586">
        <ele>172.68000000000004</ele>
      </trkpt>
      <trkpt lat="48.85960438042842" lon="2.081503717429505">
        <ele>173.18</ele>
      </trkpt>
      <trkpt lat="48.859593338038096" lon="2.081569971771424">
        <ele>173.59000000000003</ele>
      </trkpt>
      <trkpt lat="48.859582516495585" lon="2.0816349010265047">
        <ele>173.95000000000002</ele>
      </trkpt>
      <trkpt lat="48.85956551121449" lon="2.0817369327130604">
        <ele>174.04000000000002</ele>
      </trkpt>
      <trkpt lat="48.85956" lon="2.08177">
        <ele>174.05256716923213</ele>
      </trkpt>
      <trkpt lat="48.85956940824782" lon="2.0819252360890013">
        <ele>174.11</ele>
      </trkpt>
      <trkpt lat="48.85958" lon="2.0821">
        <ele>174.24112316532782</ele>
      </trkpt>
      <trkpt lat="48.85964824105324" lon="2.082202361579859">
        <ele>174.35</ele>
      </trkpt>
      <trkpt lat="48.859660000000005" lon="2.08222">
        <ele>174.3739064755882</ele>
      </trkpt>
      <trkpt lat="48.85965" lon="2.08222">
        <ele>174.38837703601558</ele>
      </trkpt>
      <trkpt lat="48.859724579295985" lon="2.082331868943967">
        <ele>174.54</ele>
      </trkpt>
      <trkpt lat="48.8597809089021" lon="2.082416363353155">
        <ele>174.63</ele>
      </trkpt>
      <trkpt lat="48.8597809089021" lon="2.082416363353155">
        <ele>174.62000000000003</ele>
      </trkpt>
      <trkpt lat="48.859790000000004" lon="2.08243">
        <ele>174.6290379023971</ele>
      </trkpt>
      <trkpt lat="48.85983758448067" lon="2.0825391643968354">
        <ele>174.69</ele>
      </trkpt>
      <trkpt lat="48.85991010545706" lon="2.082705536048541">
        <ele>174.67000000000002</ele>
      </trkpt>
      <trkpt lat="48.859957293763614" lon="2.0828137915753357">
        <ele>174.77</ele>
      </trkpt>
      <trkpt lat="48.86005266381475" lon="2.083032581692647">
        <ele>175.13</ele>
      </trkpt>
      <trkpt lat="48.86007600960851" lon="2.083086139690114">
        <ele>175.19</ele>
      </trkpt>
      <trkpt lat="48.8600998521213" lon="2.0831408372194415">
        <ele>175.23000000000002</ele>
      </trkpt>
      <trkpt lat="48.86012369463408" lon="2.083195534748769">
        <ele>175.24</ele>
      </trkpt>
      <trkpt lat="48.860130000000005" lon="2.0832100000000002">
        <ele>175.23822461123774</ele>
      </trkpt>
      <trkpt lat="48.86024416819488" lon="2.083250170290789">
        <ele>175.22</ele>
      </trkpt>
      <trkpt lat="48.86059463009487" lon="2.083373480959306">
        <ele>174.68</ele>
      </trkpt>
      <trkpt lat="48.860670000000006" lon="2.0834">
        <ele>174.69178404218943</ele>
      </trkpt>
      <trkpt lat="48.86066" lon="2.0834">
        <ele>174.6933072590765</ele>
      </trkpt>
      <trkpt lat="48.86070265913743" lon="2.083415997176534">
        <ele>174.70000000000002</ele>
      </trkpt>
      <trkpt lat="48.86074000000001" lon="2.0834300000000003">
        <ele>174.68948375793497</ele>
      </trkpt>
      <trkpt lat="48.86088" lon="2.08334">
        <ele>174.64792074910127</ele>
      </trkpt>
      <trkpt lat="48.86090762352172" lon="2.083353259290423">
        <ele>174.64000000000001</ele>
      </trkpt>
      <trkpt lat="48.861200915590686" lon="2.083494039483528">
        <ele>174.58</ele>
      </trkpt>
      <trkpt lat="48.861284100768145" lon="2.0835339683687066">
        <ele>174.49</ele>
      </trkpt>
      <trkpt lat="48.861380000000004" lon="2.08358">
        <ele>174.33681436003081</ele>
      </trkpt>
      <trkpt lat="48.861403850910236" lon="2.083609462889113">
        <ele>174.29</ele>
      </trkpt>
      <trkpt lat="48.86155" lon="2.08379">
        <ele>174.06844212996486</ele>
      </trkpt>
      <trkpt lat="48.861576511324635" lon="2.0838969290093567">
        <ele>173.98000000000002</ele>
      </trkpt>
      <trkpt lat="48.86166975376649" lon="2.084273006858175">
        <ele>173.74</ele>
      </trkpt>
      <trkpt lat="48.86174713865021" lon="2.0845851258891672">
        <ele>173.56</ele>
      </trkpt>
      <trkpt lat="48.861805177312995" lon="2.0848192151624114">
        <ele>173.45000000000002</ele>
      </trkpt>
      <trkpt lat="48.861850000000004" lon="2.085">
        <ele>173.35044198471832</ele>
      </trkpt>
      <trkpt lat="48.86193" lon="2.08522">
        <ele>173.22090642952173</ele>
      </trkpt>
      <trkpt lat="48.86204314059111" lon="2.0856337713046407">
        <ele>172.99</ele>
      </trkpt>
      <trkpt lat="48.86206005368844" lon="2.0856956249177117">
        <ele>172.94</ele>
      </trkpt>
      <trkpt lat="48.86212563508623" lon="2.085935465458193">
        <ele>172.82</ele>
      </trkpt>
      <trkpt lat="48.862189490657755" lon="2.086168994405503">
        <ele>172.8</ele>
      </trkpt>
      <trkpt lat="48.86223781379297" lon="2.086345719014278">
        <ele>172.70000000000002</ele>
      </trkpt>
      <trkpt lat="48.862280000000005" lon="2.0865">
        <ele>172.55308555044977</ele>
      </trkpt>
      <trkpt lat="48.862280000000005" lon="2.08649">
        <ele>172.54429235065965</ele>
      </trkpt>
      <trkpt lat="48.862371278957006" lon="2.086819397975246">
        <ele>172.23000000000002</ele>
      </trkpt>
      <trkpt lat="48.862439703834674" lon="2.087066322533814">
        <ele>172.04000000000002</ele>
      </trkpt>
      <trkpt lat="48.86251000000001" lon="2.08732">
        <ele>171.87837306776711</ele>
      </trkpt>
      <trkpt lat="48.86253029115565" lon="2.087449863396149">
        <ele>171.8</ele>
      </trkpt>
      <trkpt lat="48.86256" lon="2.0876400000000004">
        <ele>171.72375620631172</ele>
      </trkpt>
      <trkpt lat="48.862616881741786" lon="2.087836500562508">
        <ele>171.64000000000001</ele>
      </trkpt>
      <trkpt lat="48.8626712125137" lon="2.088024188683698">
        <ele>171.53</ele>
      </trkpt>
      <trkpt lat="48.86285195288164" lon="2.088648564500188">
        <ele>170.94</ele>
      </trkpt>
      <trkpt lat="48.86289000000001" lon="2.0887800000000003">
        <ele>170.7859369203793</ele>
      </trkpt>
      <trkpt lat="48.86279891111302" lon="2.0890077222174748">
        <ele>170.5</ele>
      </trkpt>
      <trkpt lat="48.862790000000004" lon="2.08903">
        <ele>170.48154283773013</ele>
      </trkpt>
      <trkpt lat="48.86278668905146" lon="2.089045509180042">
        <ele>170.47</ele>
      </trkpt>
      <trkpt lat="48.862727007808104" lon="2.0893250686884124">
        <ele>170.28</ele>
      </trkpt>
      <trkpt lat="48.86267149037241" lon="2.0895851240450356">
        <ele>170.04000000000002</ele>
      </trkpt>
      <trkpt lat="48.86264511959046" lon="2.0897086503394315">
        <ele>169.91</ele>
      </trkpt>
      <trkpt lat="48.862578498667645" lon="2.0900207167673797">
        <ele>169.49</ele>
      </trkpt>
      <trkpt lat="48.86253880370113" lon="2.090206656347365">
        <ele>169.28</ele>
      </trkpt>
      <trkpt lat="48.86251132257046" lon="2.0903353837488936">
        <ele>169.29000000000002</ele>
      </trkpt>
      <trkpt lat="48.862483841439804" lon="2.090464111150422">
        <ele>169.34</ele>
      </trkpt>
      <trkpt lat="48.862410000000004" lon="2.0908100000000003">
        <ele>169.59974207300743</ele>
      </trkpt>
      <trkpt lat="48.86240163925885" lon="2.0908504102489087">
        <ele>169.63</ele>
      </trkpt>
      <trkpt lat="48.86236143857653" lon="2.091044713546772">
        <ele>169.83</ele>
      </trkpt>
      <trkpt lat="48.862308017535604" lon="2.091302915244603">
        <ele>170.18000000000004</ele>
      </trkpt>
      <trkpt lat="48.8622000962408" lon="2.0918245348361815">
        <ele>170.47</ele>
      </trkpt>
      <trkpt lat="48.862170000000006" lon="2.0919700000000003">
        <ele>170.57997773934127</ele>
      </trkpt>
      <trkpt lat="48.86214325023616" lon="2.0919789165879483">
        <ele>170.61</ele>
      </trkpt>
      <trkpt lat="48.86192539503487" lon="2.092051534988377">
        <ele>170.90000000000003</ele>
      </trkpt>
      <trkpt lat="48.86179450622443" lon="2.0920951645918597">
        <ele>171.01000000000002</ele>
      </trkpt>
      <trkpt lat="48.86166713120755" lon="2.0921376229308195">
        <ele>171.04000000000002</ele>
      </trkpt>
      <trkpt lat="48.861539756190666" lon="2.0921800812697793">
        <ele>171.14000000000001</ele>
      </trkpt>
      <trkpt lat="48.86145454669661" lon="2.092208484434463">
        <ele>171.26000000000002</ele>
      </trkpt>
      <trkpt lat="48.86142" lon="2.09222">
        <ele>171.31966847691774</ele>
      </trkpt>
      <trkpt lat="48.86132660150433" lon="2.0922466852844774">
        <ele>171.48000000000002</ele>
      </trkpt>
      <trkpt lat="48.86124086863167" lon="2.092271180390953">
        <ele>171.6</ele>
      </trkpt>
      <trkpt lat="48.861070000000005" lon="2.09232">
        <ele>171.74665989941997</ele>
      </trkpt>
      <trkpt lat="48.86098461519818" lon="2.0923449039005337">
        <ele>171.82</ele>
      </trkpt>
      <trkpt lat="48.860898943871796" lon="2.0923698913707267">
        <ele>171.93000000000004</ele>
      </trkpt>
      <trkpt lat="48.860770878487" lon="2.092407243774624">
        <ele>172.13</ele>
      </trkpt>
      <trkpt lat="48.86059" lon="2.09246">
        <ele>172.3418587555501</ele>
      </trkpt>
      <trkpt lat="48.86051502162579" lon="2.0924840165104888">
        <ele>172.43000000000004</ele>
      </trkpt>
      <trkpt lat="48.86029414293495" lon="2.0925547667161473">
        <ele>172.72</ele>
      </trkpt>
      <trkpt lat="48.860251903185315" lon="2.0925682966359545">
        <ele>172.75</ele>
      </trkpt>
      <trkpt lat="48.86020966343568" lon="2.0925818265557616">
        <ele>172.75</ele>
      </trkpt>
      <trkpt lat="48.86004158443189" lon="2.092635664361661">
        <ele>172.68000000000004</ele>
      </trkpt>
      <trkpt lat="48.85978902592882" lon="2.0927165620071744">
        <ele>172.5</ele>
      </trkpt>
      <trkpt lat="48.85974678617918" lon="2.0927300919269816">
        <ele>172.33</ele>
      </trkpt>
      <trkpt lat="48.85970454642954" lon="2.0927436218467887">
        <ele>172.11</ele>
      </trkpt>
      <trkpt lat="48.859662306679894" lon="2.092757151766596">
        <ele>171.84</ele>
      </trkpt>
      <trkpt lat="48.859620066930255" lon="2.092770681686403">
        <ele>171.5</ele>
      </trkpt>
      <trkpt lat="48.859577827180615" lon="2.0927842116062103">
        <ele>171.1</ele>
      </trkpt>
      <trkpt lat="48.859535587430976" lon="2.0927977415260175">
        <ele>170.66</ele>
      </trkpt>
      <trkpt lat="48.85949334768133" lon="2.0928112714458242">
        <ele>170.15000000000003</ele>
      </trkpt>
      <trkpt lat="48.85945110793168" lon="2.0928248013656314">
        <ele>169.59</ele>
      </trkpt>
      <trkpt lat="48.859324388682765" lon="2.092865391125053">
        <ele>167.79000000000002</ele>
      </trkpt>
      <trkpt lat="48.85931" lon="2.09287">
        <ele>167.6094591130859</ele>
      </trkpt>
      <trkpt lat="48.85928210309592" lon="2.0928614163372075">
        <ele>167.26000000000002</ele>
      </trkpt>
      <trkpt lat="48.85923979382824" lon="2.0928483981009967">
        <ele>166.79000000000002</ele>
      </trkpt>
      <trkpt lat="48.85919836600363" lon="2.09283565107804">
        <ele>166.39000000000001</ele>
      </trkpt>
      <trkpt lat="48.85919836600363" lon="2.09283565107804">
        <ele>166.34</ele>
      </trkpt>
      <trkpt lat="48.85918" lon="2.09283">
        <ele>166.18245731896857</ele>
      </trkpt>
      <trkpt lat="48.859162677560015" lon="2.0928381517364656">
        <ele>166.03</ele>
      </trkpt>
      <trkpt lat="48.85912144124376" lon="2.092857557061762">
        <ele>165.70000000000002</ele>
      </trkpt>
      <trkpt lat="48.85903896861125" lon="2.0928963677123544">
        <ele>165.10000000000002</ele>
      </trkpt>
      <trkpt lat="48.859010000000005" lon="2.0929100000000003">
        <ele>164.90681183925938</ele>
      </trkpt>
      <trkpt lat="48.858976110141725" lon="2.0929777797165525">
        <ele>164.55</ele>
      </trkpt>
      <trkpt lat="48.85893" lon="2.09307">
        <ele>164.23526154252028</ele>
      </trkpt>
      <trkpt lat="48.85888415673749" lon="2.093099172985236">
        <ele>164.03</ele>
      </trkpt>
      <trkpt lat="48.85884516782739" lon="2.093123984109842">
        <ele>163.87</ele>
      </trkpt>
      <trkpt lat="48.85882" lon="2.09314">
        <ele>163.78285581747488</ele>
      </trkpt>
      <trkpt lat="48.8587642320765" lon="2.0931203172034705">
        <ele>163.60000000000002</ele>
      </trkpt>
      <trkpt lat="48.8586818866551" lon="2.0930912541135647">
        <ele>163.41</ele>
      </trkpt>
      <trkpt lat="48.858650000000004" lon="2.09308">
        <ele>163.4254892182502</ele>
      </trkpt>
      <trkpt lat="48.8586406564111" lon="2.0930828749504333">
        <ele>163.43</ele>
      </trkpt>
      <trkpt lat="48.85859834716537" lon="2.0930958931798873">
        <ele>163.48000000000002</ele>
      </trkpt>
      <trkpt lat="48.85855603791965" lon="2.0931089114093404">
        <ele>163.59</ele>
      </trkpt>
      <trkpt lat="48.858520000000006" lon="2.0931200000000003">
        <ele>163.74658145133995</ele>
      </trkpt>
      <trkpt lat="48.85851689542315" lon="2.0931268990596665">
        <ele>163.77</ele>
      </trkpt>
      <trkpt lat="48.8584925252664" lon="2.093181054963564">
        <ele>164.03</ele>
      </trkpt>
      <trkpt lat="48.85846815510965" lon="2.0932352108674603">
        <ele>164.36</ele>
      </trkpt>
      <trkpt lat="48.8584437849529" lon="2.093289366771357">
        <ele>164.75</ele>
      </trkpt>
      <trkpt lat="48.85840367573657" lon="2.093378498363187">
        <ele>165.45000000000002</ele>
      </trkpt>
      <trkpt lat="48.858395552350984" lon="2.0933965503311525">
        <ele>165.60000000000002</ele>
      </trkpt>
      <trkpt lat="48.85837118219423" lon="2.0934507062350494">
        <ele>165.97</ele>
      </trkpt>
      <trkpt lat="48.85834681203748" lon="2.0935048621389463">
        <ele>166.24</ele>
      </trkpt>
      <trkpt lat="48.85832294959232" lon="2.093557889794845">
        <ele>166.38</ele>
      </trkpt>
      <trkpt lat="48.85829857943557" lon="2.093612045698742">
        <ele>166.42000000000002</ele>
      </trkpt>
      <trkpt lat="48.85827420927882" lon="2.0936662016026384">
        <ele>166.37</ele>
      </trkpt>
      <trkpt lat="48.858250000000005" lon="2.0937200000000002">
        <ele>166.28969156842436</ele>
      </trkpt>
      <trkpt lat="48.85822563617464" lon="2.0937730271493367">
        <ele>166.21</ele>
      </trkpt>
      <trkpt lat="48.85820092059965" lon="2.0938268198713677">
        <ele>166.19</ele>
      </trkpt>
      <trkpt lat="48.85817620502466" lon="2.093880612593399">
        <ele>166.25</ele>
      </trkpt>
      <trkpt lat="48.85815200435748" lon="2.093933284633721">
        <ele>166.38</ele>
      </trkpt>
      <trkpt lat="48.8581272887825" lon="2.0939870773557523">
        <ele>166.58</ele>
      </trkpt>
      <trkpt lat="48.8581025732075" lon="2.094040870077783">
        <ele>166.81</ele>
      </trkpt>
      <trkpt lat="48.85793162381385" lon="2.0944129364051642">
        <ele>169.65</ele>
      </trkpt>
      <trkpt lat="48.857910000000004" lon="2.09446">
        <ele>169.98246441827666</ele>
      </trkpt>
      <trkpt lat="48.857885340503465" lon="2.094523595543703">
        <ele>170.41</ele>
      </trkpt>
      <trkpt lat="48.857863879394586" lon="2.0945789426139756">
        <ele>170.76000000000002</ele>
      </trkpt>
      <trkpt lat="48.85782050055748" lon="2.094690814351762">
        <ele>171.38</ele>
      </trkpt>
      <trkpt lat="48.85779858282926" lon="2.094747339019275">
        <ele>171.64000000000001</ele>
      </trkpt>
      <trkpt lat="48.85775520399216" lon="2.094859210757061">
        <ele>172.09</ele>
      </trkpt>
      <trkpt lat="48.857733742883276" lon="2.0949145578273343">
        <ele>172.29000000000002</ele>
      </trkpt>
      <trkpt lat="48.85772" lon="2.0949500000000003">
        <ele>172.40405188130828</ele>
      </trkpt>
      <trkpt lat="48.85768935902254" lon="2.095025508123041">
        <ele>172.65000000000003</ele>
      </trkpt>
      <trkpt lat="48.85762515283035" lon="2.095183730525208">
        <ele>172.84000000000003</ele>
      </trkpt>
      <trkpt lat="48.85756094663817" lon="2.0953419529273756">
        <ele>173</ele>
      </trkpt>
      <trkpt lat="48.85753781352481" lon="2.095398959528157">
        <ele>172.86</ele>
      </trkpt>
      <trkpt lat="48.85751468041145" lon="2.095455966128937">
        <ele>172.68000000000004</ele>
      </trkpt>
      <trkpt lat="48.857491075193735" lon="2.0955141361297343">
        <ele>172.44</ele>
      </trkpt>
      <trkpt lat="48.857467942080376" lon="2.0955711427305155">
        <ele>172.11</ele>
      </trkpt>
      <trkpt lat="48.85744480896702" lon="2.0956281493312963">
        <ele>171.70000000000002</ele>
      </trkpt>
      <trkpt lat="48.857440000000004" lon="2.0956400000000004">
        <ele>171.60221212136747</ele>
      </trkpt>
      <trkpt lat="48.857405091116675" lon="2.0956521017462197">
        <ele>171.22</ele>
      </trkpt>
      <trkpt lat="48.85727532406155" lon="2.095697087658668">
        <ele>169.55</ele>
      </trkpt>
      <trkpt lat="48.8571025935895" lon="2.0957569675556424">
        <ele>167.21</ele>
      </trkpt>
      <trkpt lat="48.85671943005507" lon="2.0958897975809108">
        <ele>162.20000000000002</ele>
      </trkpt>
      <trkpt lat="48.85671943005507" lon="2.0958897975809108">
        <ele>162.19</ele>
      </trkpt>
      <trkpt lat="48.85669000000001" lon="2.0959000000000003">
        <ele>161.79818393394387</ele>
      </trkpt>
      <trkpt lat="48.85651158583195" lon="2.0960216460236696">
        <ele>159.26000000000002</ele>
      </trkpt>
      <trkpt lat="48.85647" lon="2.09605">
        <ele>158.6812776749373</ele>
      </trkpt>
      <trkpt lat="48.85665" lon="2.0961000000000003">
        <ele>156.3579160180309</ele>
      </trkpt>
      <trkpt lat="48.856938244737464" lon="2.0962460440003117">
        <ele>152.50000000000003</ele>
      </trkpt>
      <trkpt lat="48.857190781912465" lon="2.0963739961689813">
        <ele>149.16000000000003</ele>
      </trkpt>
      <trkpt lat="48.857400000000005" lon="2.09648">
        <ele>146.23151002296046</ele>
      </trkpt>
      <trkpt lat="48.85739" lon="2.09648">
        <ele>146.09872083137745</ele>
      </trkpt>
      <trkpt lat="48.85746568949452" lon="2.096518085796603">
        <ele>145.04</ele>
      </trkpt>
      <trkpt lat="48.85767656649752" lon="2.096624195880915">
        <ele>142.35</ele>
      </trkpt>
      <trkpt lat="48.85776108804933" lon="2.096666725833736">
        <ele>141.37000000000003</ele>
      </trkpt>
      <trkpt lat="48.85788915100662" lon="2.096731165156193">
        <ele>140.07</ele>
      </trkpt>
      <trkpt lat="48.85797367255843" lon="2.0967736951090146">
        <ele>139.26000000000002</ele>
      </trkpt>
      <trkpt lat="48.8581085655401" lon="2.096841571195335">
        <ele>138.28</ele>
      </trkpt>
      <trkpt lat="48.85818369580838" lon="2.096879375597843">
        <ele>137.42000000000002</ele>
      </trkpt>
      <trkpt lat="48.858221260942514" lon="2.096898277799097">
        <ele>137.03</ele>
      </trkpt>
      <trkpt lat="48.85825882607665" lon="2.096917180000351">
        <ele>136.67000000000002</ele>
      </trkpt>
      <trkpt lat="48.85833310259188" lon="2.0969545548073762">
        <ele>136.08</ele>
      </trkpt>
      <trkpt lat="48.85851836700342" lon="2.0970477770271967">
        <ele>135.62</ele>
      </trkpt>
      <trkpt lat="48.85875571035093" lon="2.097167204571483">
        <ele>135.12</ele>
      </trkpt>
      <trkpt lat="48.85896" lon="2.09727">
        <ele>134.73522132317726</ele>
      </trkpt>
      <trkpt lat="48.859101726246024" lon="2.097244231591633">
        <ele>134.48000000000002</ele>
      </trkpt>
      <trkpt lat="48.85918" lon="2.09723">
        <ele>134.37868804576902</ele>
      </trkpt>
      <trkpt lat="48.85927511905503" lon="2.097277559527514">
        <ele>134.25</ele>
      </trkpt>
      <trkpt lat="48.859530551034645" lon="2.0974052755173194">
        <ele>133.98000000000002</ele>
      </trkpt>
      <trkpt lat="48.85954" lon="2.09741">
        <ele>133.96864309497968</ele>
      </trkpt>
      <trkpt lat="48.85963" lon="2.09727">
        <ele>133.82161337110637</ele>
      </trkpt>
      <trkpt lat="48.85969" lon="2.09723">
        <ele>133.7468098837093</ele>
      </trkpt>
      <trkpt lat="48.85974" lon="2.0972">
        <ele>133.6854365161161</ele>
      </trkpt>
      <trkpt lat="48.859880000000004" lon="2.09717">
        <ele>133.52401330680033</ele>
      </trkpt>
      <trkpt lat="48.85988351510205" lon="2.09717">
        <ele>133.52</ele>
      </trkpt>
      <trkpt lat="48.86000000000001" lon="2.09717">
        <ele>133.52</ele>
      </trkpt>
      <trkpt lat="48.86002405717666" lon="2.0970898094111448">
        <ele>133.52</ele>
      </trkpt>
      <trkpt lat="48.86003" lon="2.09707">
        <ele>133.51727274714872</ele>
      </trkpt>
      <trkpt lat="48.860258507200264" lon="2.0969224224331633">
        <ele>133.47</ele>
      </trkpt>
      <trkpt lat="48.860510000000005" lon="2.09676">
        <ele>133.32940422876567</ele>
      </trkpt>
      <trkpt lat="48.86058214720869" lon="2.096799044371759">
        <ele>133.29000000000002</ele>
      </trkpt>
      <trkpt lat="48.860664328193174" lon="2.0968435187868906">
        <ele>133.20000000000002</ele>
      </trkpt>
      <trkpt lat="48.86074650917766" lon="2.096887993202022">
        <ele>133.03</ele>
      </trkpt>
      <trkpt lat="48.86078802328321" lon="2.09691045965915">
        <ele>132.92000000000002</ele>
      </trkpt>
      <trkpt lat="48.8608702042677" lon="2.0969549340742812">
        <ele>132.67000000000002</ele>
      </trkpt>
      <trkpt lat="48.860992204904456" lon="2.097020957948291">
        <ele>132.24</ele>
      </trkpt>
      <trkpt lat="48.860992204904456" lon="2.097020957948291">
        <ele>132.26000000000002</ele>
      </trkpt>
      <trkpt lat="48.861080316475444" lon="2.097068641857298">
        <ele>131.95000000000002</ele>
      </trkpt>
      <trkpt lat="48.86120401156549" lon="2.0971355827295577">
        <ele>131.47</ele>
      </trkpt>
      <trkpt lat="48.86124552567105" lon="2.0971580491866857">
        <ele>130.99</ele>
      </trkpt>
      <trkpt lat="48.861287887003265" lon="2.097180974142939">
        <ele>130.54999999999998</ele>
      </trkpt>
      <trkpt lat="48.861329401108826" lon="2.0972034406000675">
        <ele>130.17000000000002</ele>
      </trkpt>
      <trkpt lat="48.861360000000005" lon="2.09722">
        <ele>129.91718425141568</ele>
      </trkpt>
      <trkpt lat="48.86136811394528" lon="2.0972055752083985">
        <ele>129.82000000000002</ele>
      </trkpt>
      <trkpt lat="48.861396751128666" lon="2.0971546646601635">
        <ele>129.56</ele>
      </trkpt>
      <trkpt lat="48.86142597274436" lon="2.097102715121148">
        <ele>129.32000000000002</ele>
      </trkpt>
      <trkpt lat="48.861450000000005" lon="2.0970600000000004">
        <ele>129.1511219016258</ele>
      </trkpt>
      <trkpt lat="48.86164" lon="2.09689">
        <ele>128.14409161635018</ele>
      </trkpt>
      <trkpt lat="48.861642883049036" lon="2.0968759966189805">
        <ele>128.10000000000002</ele>
      </trkpt>
      <trkpt lat="48.86171" lon="2.09655">
        <ele>127.11256794065582</ele>
      </trkpt>
      <trkpt lat="48.861912044555126" lon="2.0966873902974843">
        <ele>126.14</ele>
      </trkpt>
      <trkpt lat="48.86196" lon="2.0967200000000004">
        <ele>125.90349551853481</ele>
      </trkpt>
      <trkpt lat="48.86196" lon="2.0967100000000003">
        <ele>125.873879159671</ele>
      </trkpt>
      <trkpt lat="48.862108071943766" lon="2.096813650360636">
        <ele>125.14</ele>
      </trkpt>
      <trkpt lat="48.86216" lon="2.0968500000000003">
        <ele>124.91387925982124</ele>
      </trkpt>
      <trkpt lat="48.862134126436956" lon="2.096959962642937">
        <ele>124.61000000000001</ele>
      </trkpt>
      <trkpt lat="48.862104143099316" lon="2.097087391827908">
        <ele>124.29</ele>
      </trkpt>
      <trkpt lat="48.862080000000006" lon="2.0971900000000003">
        <ele>124.05246092467706</ele>
      </trkpt>
      <trkpt lat="48.862180613402586" lon="2.097242493949171">
        <ele>123.7</ele>
      </trkpt>
      <trkpt lat="48.86230735464203" lon="2.097308619813226">
        <ele>123.19000000000001</ele>
      </trkpt>
      <trkpt lat="48.862644197130734" lon="2.097484363720379">
        <ele>121.65</ele>
      </trkpt>
      <trkpt lat="48.8627207522418" lon="2.097524305517459">
        <ele>121.32000000000001</ele>
      </trkpt>
      <trkpt lat="48.8627207522418" lon="2.097524305517459">
        <ele>121.29</ele>
      </trkpt>
      <trkpt lat="48.863017615950284" lon="2.097679190930581">
        <ele>120.04</ele>
      </trkpt>
      <trkpt lat="48.86339698905626" lon="2.097877124725001">
        <ele>118.35000000000001</ele>
      </trkpt>
      <trkpt lat="48.86356626091296" lon="2.097965440476323">
        <ele>117.54</ele>
      </trkpt>
      <trkpt lat="48.86381889277949" lon="2.0980972484066873">
        <ele>116.4</ele>
      </trkpt>
      <trkpt lat="48.86390225278932" lon="2.09814074058573">
        <ele>115.96000000000001</ele>
      </trkpt>
      <trkpt lat="48.86392000000001" lon="2.09815">
        <ele>115.87764194417429</ele>
      </trkpt>
      <trkpt lat="48.863910000000004" lon="2.09815">
        <ele>115.83374924703313</ele>
      </trkpt>
      <trkpt lat="48.864012071648474" lon="2.098203334735237">
        <ele>115.36</ele>
      </trkpt>
      <trkpt lat="48.864012071648474" lon="2.098203334735237">
        <ele>122.58000000000001</ele>
      </trkpt>
      <trkpt lat="48.864113278804204" lon="2.0982562177535464">
        <ele>122.3</ele>
      </trkpt>
      <trkpt lat="48.864214485959934" lon="2.0983091007718557">
        <ele>121.96000000000001</ele>
      </trkpt>
      <trkpt lat="48.864214485959934" lon="2.0983091007718557">
        <ele>114.17</ele>
      </trkpt>
      <trkpt lat="48.864294431108156" lon="2.098350873912369">
        <ele>113.94000000000001</ele>
      </trkpt>
      <trkpt lat="48.86441604979109" lon="2.098414422413362">
        <ele>113.7</ele>
      </trkpt>
      <trkpt lat="48.86452406078922" lon="2.0984708605925664">
        <ele>113.57000000000001</ele>
      </trkpt>
      <trkpt lat="48.86452406078922" lon="2.0984708605925664">
        <ele>113.58000000000001</ele>
      </trkpt>
      <trkpt lat="48.864782606800496" lon="2.098605956706567">
        <ele>113.28</ele>
      </trkpt>
      <trkpt lat="48.864899122601635" lon="2.098666838836889">
        <ele>112.86000000000001</ele>
      </trkpt>
      <trkpt lat="48.86502" lon="2.09873">
        <ele>112.30899499808353</ele>
      </trkpt>
      <trkpt lat="48.86499297796939" lon="2.098908345402047">
        <ele>111.79</ele>
      </trkpt>
      <trkpt lat="48.86497000000001" lon="2.09906">
        <ele>111.43133655353154</ele>
      </trkpt>
      <trkpt lat="48.86499797300015" lon="2.0990711892000573">
        <ele>111.33000000000001</ele>
      </trkpt>
      <trkpt lat="48.86508233553643" lon="2.0991049342145685">
        <ele>111.07000000000001</ele>
      </trkpt>
      <trkpt lat="48.86516756778958" lon="2.0991390271158274">
        <ele>110.83000000000001</ele>
      </trkpt>
      <trkpt lat="48.865170000000006" lon="2.0991400000000002">
        <ele>110.82369341973552</ele>
      </trkpt>
      <trkpt lat="48.865170000000006" lon="2.0991500000000003">
        <ele>110.80719769367907</ele>
      </trkpt>
      <trkpt lat="48.86518" lon="2.09934">
        <ele>110.49277740391013</ele>
      </trkpt>
      <trkpt lat="48.86522" lon="2.0994300000000004">
        <ele>110.31360833541879</ele>
      </trkpt>
      <trkpt lat="48.86527" lon="2.0994900000000003">
        <ele>110.15387160686586</ele>
      </trkpt>
      <trkpt lat="48.86533000000001" lon="2.09951">
        <ele>109.9998419751673</ele>
      </trkpt>
      <trkpt lat="48.865320000000004" lon="2.09951">
        <ele>109.9747661472789</ele>
      </trkpt>
      <trkpt lat="48.86537374344884" lon="2.09951">
        <ele>109.84</ele>
      </trkpt>
      <trkpt lat="48.8654" lon="2.09951">
        <ele>109.77980221002343</ele>
      </trkpt>
      <trkpt lat="48.86545584355726" lon="2.099472770961829">
        <ele>109.64000000000001</ele>
      </trkpt>
      <trkpt lat="48.865460000000006" lon="2.09947">
        <ele>109.6312455806083</ele>
      </trkpt>
      <trkpt lat="48.86551" lon="2.0994">
        <ele>109.50013177719558</ele>
      </trkpt>
      <trkpt lat="48.86551706084025" lon="2.0993788174792516">
        <ele>109.47000000000001</ele>
      </trkpt>
      <trkpt lat="48.86554" lon="2.09931">
        <ele>109.40018760557804</ele>
      </trkpt>
      <trkpt lat="48.86557627816348" lon="2.0993158829454286">
        <ele>109.35</ele>
      </trkpt>
      <trkpt lat="48.865663914538416" lon="2.099330094249473">
        <ele>109.27000000000001</ele>
      </trkpt>
      <trkpt lat="48.86591000000001" lon="2.09937">
        <ele>109.34751741376441</ele>
      </trkpt>
      <trkpt lat="48.86591309391225" lon="2.0993810928072865">
        <ele>109.35</ele>
      </trkpt>
      <trkpt lat="48.86601279356229" lon="2.0997385525281995">
        <ele>109.4</ele>
      </trkpt>
      <trkpt lat="48.86606299444242" lon="2.0999185410496457">
        <ele>109.61000000000001</ele>
      </trkpt>
      <trkpt lat="48.86609669573258" lon="2.100039372504602">
        <ele>109.80000000000001</ele>
      </trkpt>
      <trkpt lat="48.86614724766781" lon="2.100220619687037">
        <ele>110.13000000000001</ele>
      </trkpt>
      <trkpt lat="48.866225532956406" lon="2.1005013010876135">
        <ele>110.7</ele>
      </trkpt>
      <trkpt lat="48.866298201363314" lon="2.100761843912364">
        <ele>111.26</ele>
      </trkpt>
      <trkpt lat="48.86632" lon="2.1008400000000003">
        <ele>111.44973358977533</ele>
      </trkpt>
      <trkpt lat="48.86629989191305" lon="2.100947721894362">
        <ele>111.7</ele>
      </trkpt>
      <trkpt lat="48.866197762295585" lon="2.101494844845104">
        <ele>112.71000000000001</ele>
      </trkpt>
      <trkpt lat="48.86618000000001" lon="2.1015900000000003">
        <ele>112.89349729906348</ele>
      </trkpt>
      <trkpt lat="48.86612879217561" lon="2.101634670655325">
        <ele>113.06</ele>
      </trkpt>
      <trkpt lat="48.866056250605965" lon="2.101697951599058">
        <ele>113.18</ele>
      </trkpt>
      <trkpt lat="48.865927547821116" lon="2.1018102242411647">
        <ele>113.31</ele>
      </trkpt>
      <trkpt lat="48.865927547821116" lon="2.1018102242411647">
        <ele>113.32000000000001</ele>
      </trkpt>
      <trkpt lat="48.86585110616708" lon="2.1018769073861736">
        <ele>113.45</ele>
      </trkpt>
      <trkpt lat="48.865778564597434" lon="2.1019401883299067">
        <ele>113.63000000000001</ele>
      </trkpt>
      <trkpt lat="48.86571000000001" lon="2.1020000000000003">
        <ele>113.8321262782664</ele>
      </trkpt>
      <trkpt lat="48.86563236874896" lon="2.1020665410723245">
        <ele>114.06</ele>
      </trkpt>
      <trkpt lat="48.865566565327626" lon="2.1021229440048987">
        <ele>114.38000000000001</ele>
      </trkpt>
      <trkpt lat="48.86553366361696" lon="2.1021511454711854">
        <ele>114.56</ele>
      </trkpt>
      <trkpt lat="48.86543495848495" lon="2.1022357498700464">
        <ele>115.16000000000001</ele>
      </trkpt>
      <trkpt lat="48.86543" lon="2.10224">
        <ele>115.18813178518005</ele>
      </trkpt>
      <trkpt lat="48.86535718159604" lon="2.102211176048431">
        <ele>115.56</ele>
      </trkpt>
      <trkpt lat="48.86523882063381" lon="2.102164324834215">
        <ele>116.23000000000002</ele>
      </trkpt>
      <trkpt lat="48.86495000000001" lon="2.10205">
        <ele>117.43146041410999</ele>
      </trkpt>
      <trkpt lat="48.86496" lon="2.10195">
        <ele>117.69932433017746</ele>
      </trkpt>
      <trkpt lat="48.86492321502186" lon="2.101817574078707">
        <ele>118.08</ele>
      </trkpt>
      <trkpt lat="48.86492321502186" lon="2.101817574078707">
        <ele>118.11</ele>
      </trkpt>
      <trkpt lat="48.86491" lon="2.10177">
        <ele>118.24763674655146</ele>
      </trkpt>
      <trkpt lat="48.86487" lon="2.1017300000000003">
        <ele>118.44161924211696</ele>
      </trkpt>
      <trkpt lat="48.86486000000001" lon="2.1017200000000003">
        <ele>118.49011487331379</ele>
      </trkpt>
      <trkpt lat="48.864790000000006" lon="2.10168">
        <ele>118.79309665649089</ele>
      </trkpt>
      <trkpt lat="48.864670000000004" lon="2.1017200000000003">
        <ele>119.29082978455</ele>
      </trkpt>
      <trkpt lat="48.86463565518946" lon="2.101768082734756">
        <ele>119.48</ele>
      </trkpt>
      <trkpt lat="48.86462" lon="2.1017900000000003">
        <ele>119.57314165869812</ele>
      </trkpt>
      <trkpt lat="48.864580000000004" lon="2.10188">
        <ele>119.88583790299138</ele>
      </trkpt>
      <trkpt lat="48.86445596081205" lon="2.1018150270920275">
        <ele>120.46000000000001</ele>
      </trkpt>
      <trkpt lat="48.86437" lon="2.10177">
        <ele>120.88311296405992</ele>
      </trkpt>
      <trkpt lat="48.86430000000001" lon="2.1020600000000003">
        <ele>121.82878546683297</ele>
      </trkpt>
      <trkpt lat="48.864156534780946" lon="2.101979926389358">
        <ele>122.54</ele>
      </trkpt>
      <trkpt lat="48.863947169516344" lon="2.1018630713579562">
        <ele>123.52</ele>
      </trkpt>
      <trkpt lat="48.863870000000006" lon="2.10182">
        <ele>123.90612766575799</ele>
      </trkpt>
      <trkpt lat="48.86386" lon="2.10182">
        <ele>123.95309789683662</ele>
      </trkpt>
      <trkpt lat="48.863652096289805" lon="2.101707167835674">
        <ele>124.99</ele>
      </trkpt>
      <trkpt lat="48.863399702398645" lon="2.1015701902465005">
        <ele>126.15</ele>
      </trkpt>
      <trkpt lat="48.863116817970294" lon="2.101416665029104">
        <ele>127.56</ele>
      </trkpt>
      <trkpt lat="48.863116817970294" lon="2.101416665029104">
        <ele>127.59</ele>
      </trkpt>
      <trkpt lat="48.8627771872644" lon="2.101232342836961">
        <ele>129.31</ele>
      </trkpt>
      <trkpt lat="48.862693338287144" lon="2.1011868368593496">
        <ele>129.77</ele>
      </trkpt>
      <trkpt lat="48.862650990318826" lon="2.1011638540423743">
        <ele>130.03</ele>
      </trkpt>
      <trkpt lat="48.862567988300924" lon="2.101118807721102">
        <ele>130.65</ele>
      </trkpt>
      <trkpt lat="48.86244094439598" lon="2.1010498592701756">
        <ele>131.73000000000002</ele>
      </trkpt>
      <trkpt lat="48.86231813528786" lon="2.100983209100947">
        <ele>132.05</ele>
      </trkpt>
      <trkpt lat="48.86215467213016" lon="2.1008944954274216">
        <ele>132.61</ele>
      </trkpt>
      <trkpt lat="48.86203101606267" lon="2.1008273856018533">
        <ele>132.97</ele>
      </trkpt>
      <trkpt lat="48.86190651303583" lon="2.1007598161199454">
        <ele>133.15</ele>
      </trkpt>
      <trkpt lat="48.86187" lon="2.10074">
        <ele>133.21096466745624</ele>
      </trkpt>
      <trkpt lat="48.86186000000001" lon="2.10074">
        <ele>133.22668918924913</ele>
      </trkpt>
      <trkpt lat="48.86182212077953" lon="2.1007192566173583">
        <ele>133.29000000000002</ele>
      </trkpt>
      <trkpt lat="48.86178066242329" lon="2.1006965532317965">
        <ele>133.38</ele>
      </trkpt>
      <trkpt lat="48.861655441265654" lon="2.100627979740713">
        <ele>133.79000000000002</ele>
      </trkpt>
      <trkpt lat="48.86161398290941" lon="2.100605276355151">
        <ele>133.9</ele>
      </trkpt>
      <trkpt lat="48.86157167846426" lon="2.10058210963519">
        <ele>133.99</ele>
      </trkpt>
      <trkpt lat="48.86144" lon="2.1005100000000003">
        <ele>134.12285654109445</ele>
      </trkpt>
      <trkpt lat="48.86137303911059" lon="2.100580004566197">
        <ele>134.20000000000002</ele>
      </trkpt>
      <trkpt lat="48.86130042310276" lon="2.1006559213016587">
        <ele>134.49</ele>
      </trkpt>
      <trkpt lat="48.86122632513559" lon="2.1007333873582525">
        <ele>134.83</ele>
      </trkpt>
      <trkpt lat="48.86122" lon="2.10074">
        <ele>134.8671643195027</ele>
      </trkpt>
      <trkpt lat="48.8611117318246" lon="2.100646495666696">
        <ele>135.47</ele>
      </trkpt>
      <trkpt lat="48.861000000000004" lon="2.10055">
        <ele>136.17481238651794</ele>
      </trkpt>
      <trkpt lat="48.86099673122319" lon="2.100545096834776">
        <ele>136.20000000000002</ele>
      </trkpt>
      <trkpt lat="48.8609647253708" lon="2.1004970880561946">
        <ele>136.47</ele>
      </trkpt>
      <trkpt lat="48.86094000000001" lon="2.10046">
        <ele>136.7119022537314</ele>
      </trkpt>
      <trkpt lat="48.86092420770244" lon="2.100381038512176">
        <ele>137.09</ele>
      </trkpt>
      <trkpt lat="48.86089805011265" lon="2.100250250563224">
        <ele>137.81</ele>
      </trkpt>
      <trkpt lat="48.86087215409876" lon="2.100120770493761">
        <ele>138.62</ele>
      </trkpt>
      <trkpt lat="48.86084625808486" lon="2.0999912904242977">
        <ele>139.49</ele>
      </trkpt>
      <trkpt lat="48.860820000000004" lon="2.09986">
        <ele>140.46092905913258</ele>
      </trkpt>
      <trkpt lat="48.860697310497265" lon="2.099798655248633">
        <ele>141.85</ele>
      </trkpt>
      <trkpt lat="48.860697310497265" lon="2.099798655248633">
        <ele>141.81</ele>
      </trkpt>
      <trkpt lat="48.86056660417719" lon="2.099733302088593">
        <ele>143.33</ele>
      </trkpt>
      <trkpt lat="48.860440000000004" lon="2.09967">
        <ele>144.83194117865906</ele>
      </trkpt>
      <trkpt lat="48.86039717555061" lon="2.0998627100222818">
        <ele>146.34000000000003</ele>
      </trkpt>
      <trkpt lat="48.8602691066847" lon="2.100439019918876">
        <ele>150.64000000000001</ele>
      </trkpt>
      <trkpt lat="48.86014075002358" lon="2.1010166248938895">
        <ele>155.02</ele>
      </trkpt>
      <trkpt lat="48.8601" lon="2.1012">
        <ele>156.44740332960913</ele>
      </trkpt>
      <trkpt lat="48.86006936561255" lon="2.101336353057857">
        <ele>157.51000000000002</ele>
      </trkpt>
      <trkpt lat="48.85996880700693" lon="2.101783937439782">
        <ele>160.9</ele>
      </trkpt>
      <trkpt lat="48.859925502867505" lon="2.101976683315235">
        <ele>162.29999999999998</ele>
      </trkpt>
      <trkpt lat="48.85989673031849" lon="2.1021047493667107">
        <ele>163.18</ele>
      </trkpt>
      <trkpt lat="48.85986795776949" lon="2.1022328154181866">
        <ele>163.97</ele>
      </trkpt>
      <trkpt lat="48.85983918522047" lon="2.1023608814696617">
        <ele>164.68</ele>
      </trkpt>
      <trkpt lat="48.85979617171287" lon="2.102552333748636">
        <ele>165.69</ele>
      </trkpt>
      <trkpt lat="48.85975315820525" lon="2.1027437860276095">
        <ele>166.65</ele>
      </trkpt>
      <trkpt lat="48.859712760383914" lon="2.1029235959382673">
        <ele>167.12</ele>
      </trkpt>
      <trkpt lat="48.85960609851031" lon="2.103398345846262">
        <ele>168.46000000000004</ele>
      </trkpt>
      <trkpt lat="48.859566863216216" lon="2.103572981371002">
        <ele>168.89000000000001</ele>
      </trkpt>
      <trkpt lat="48.85954041572167" lon="2.1036906986506416">
        <ele>169.07000000000002</ele>
      </trkpt>
      <trkpt lat="48.85951106190904" lon="2.103821351895076">
        <ele>169.19</ele>
      </trkpt>
      <trkpt lat="48.85951106190904" lon="2.103821351895076">
        <ele>169.07000000000002</ele>
      </trkpt>
      <trkpt lat="48.85943084752998" lon="2.1041783845234323">
        <ele>169.41</ele>
      </trkpt>
      <trkpt lat="48.85939074034045" lon="2.104356900837611">
        <ele>169.54000000000002</ele>
      </trkpt>
      <trkpt lat="48.85932331376095" lon="2.104657015220867">
        <ele>169.96000000000004</ele>
      </trkpt>
      <trkpt lat="48.859283206571426" lon="2.104835531535045">
        <ele>170.13</ele>
      </trkpt>
      <trkpt lat="48.859250074545294" lon="2.104983001533714">
        <ele>170.13</ele>
      </trkpt>
      <trkpt lat="48.859215489360125" lon="2.10513693951478">
        <ele>170.16</ele>
      </trkpt>
      <trkpt lat="48.85919282007909" lon="2.105237840040185">
        <ele>170.12</ele>
      </trkpt>
      <trkpt lat="48.85915707236668" lon="2.1053969524071703">
        <ele>169.97</ele>
      </trkpt>
      <trkpt lat="48.85908644883729" lon="2.1057112963517013">
        <ele>169.33</ele>
      </trkpt>
      <trkpt lat="48.859080000000006" lon="2.1057400000000004">
        <ele>169.27424295568304</ele>
      </trkpt>
      <trkpt lat="48.85911" lon="2.10561">
        <ele>169.02099009376548</ele>
      </trkpt>
      <trkpt lat="48.8590892715233" lon="2.1057032781451404">
        <ele>168.84</ele>
      </trkpt>
      <trkpt lat="48.85906135599923" lon="2.1058288980034883">
        <ele>168.56</ele>
      </trkpt>
      <trkpt lat="48.859047254342734" lon="2.105892355457705">
        <ele>168.4</ele>
      </trkpt>
      <trkpt lat="48.859019338818655" lon="2.106017975316053">
        <ele>168</ele>
      </trkpt>
      <trkpt lat="48.858990000000006" lon="2.10615">
        <ele>167.5165465443556</ele>
      </trkpt>
      <trkpt lat="48.85890808430062" lon="2.1061317965112485">
        <ele>167.08</ele>
      </trkpt>
      <trkpt lat="48.858900000000006" lon="2.1061300000000003">
        <ele>167.041599941084</ele>
      </trkpt>
      <trkpt lat="48.85884" lon="2.10615">
        <ele>166.7528989431425</ele>
      </trkpt>
      <trkpt lat="48.85882526496766" lon="2.1061647350323374">
        <ele>166.67000000000002</ele>
      </trkpt>
      <trkpt lat="48.85877000000001" lon="2.10622">
        <ele>166.53696780216632</ele>
      </trkpt>
      <trkpt lat="48.858757219460436" lon="2.1062400837050386">
        <ele>166.5</ele>
      </trkpt>
      <trkpt lat="48.858700000000006" lon="2.1063300000000003">
        <ele>166.35591094460142</ele>
      </trkpt>
      <trkpt lat="48.85869" lon="2.10649">
        <ele>166.17078741920622</ele>
      </trkpt>
      <trkpt lat="48.858694348557236" lon="2.1065247884579046">
        <ele>166.13</ele>
      </trkpt>
      <trkpt lat="48.85871" lon="2.10665">
        <ele>165.91688035021372</ele>
      </trkpt>
      <trkpt lat="48.8587389630572" lon="2.106696340891512">
        <ele>165.81</ele>
      </trkpt>
      <trkpt lat="48.858760000000004" lon="2.10673">
        <ele>165.61952826980246</ele>
      </trkpt>
      <trkpt lat="48.858850752513746" lon="2.1068026020109913">
        <ele>164.98000000000002</ele>
      </trkpt>
      <trkpt lat="48.85886000000001" lon="2.1068100000000003">
        <ele>164.90018544080448</ele>
      </trkpt>
      <trkpt lat="48.85884285804701" lon="2.106926565280371">
        <ele>164.3</ele>
      </trkpt>
      <trkpt lat="48.85882343650286" lon="2.1070586317805944">
        <ele>163.53</ele>
      </trkpt>
      <trkpt lat="48.858810000000005" lon="2.1071500000000003">
        <ele>162.9611709662072</ele>
      </trkpt>
      <trkpt lat="48.858830000000005" lon="2.10731">
        <ele>161.97166086259764</ele>
      </trkpt>
      <trkpt lat="48.858880000000006" lon="2.1074200000000003">
        <ele>161.15933533403418</ele>
      </trkpt>
      <trkpt lat="48.85897099569186" lon="2.107526161640508">
        <ele>160.10000000000002</ele>
      </trkpt>
      <trkpt lat="48.85897099569186" lon="2.107526161640508">
        <ele>160.06</ele>
      </trkpt>
      <trkpt lat="48.859" lon="2.1075600000000003">
        <ele>159.73566082252307</ele>
      </trkpt>
      <trkpt lat="48.85907" lon="2.1076900000000003">
        <ele>158.7552614512256</ele>
      </trkpt>
      <trkpt lat="48.85907" lon="2.107709749770261">
        <ele>158.64</ele>
      </trkpt>
      <trkpt lat="48.85907" lon="2.107846442780238">
        <ele>157.88000000000002</ele>
      </trkpt>
      <trkpt lat="48.85907" lon="2.10787">
        <ele>157.7598865551234</ele>
      </trkpt>
      <trkpt lat="48.859050412600794" lon="2.107977730695665">
        <ele>157.19000000000003</ele>
      </trkpt>
      <trkpt lat="48.85905" lon="2.10798">
        <ele>157.17990931631465</ele>
      </trkpt>
      <trkpt lat="48.85899706596588" lon="2.1080858680682417">
        <ele>156.60999999999999</ele>
      </trkpt>
      <trkpt lat="48.85894265053963" lon="2.1081946989207516">
        <ele>156.13000000000002</ele>
      </trkpt>
      <trkpt lat="48.858920000000005" lon="2.1082400000000003">
        <ele>155.96010115237004</ele>
      </trkpt>
      <trkpt lat="48.85891683586154" lon="2.108248859587686">
        <ele>155.93</ele>
      </trkpt>
      <trkpt lat="48.858895383442224" lon="2.1083089263617873">
        <ele>155.76000000000002</ele>
      </trkpt>
      <trkpt lat="48.8588739310229" lon="2.108368993135888">
        <ele>155.65</ele>
      </trkpt>
      <trkpt lat="48.858852907651965" lon="2.1084278585745073">
        <ele>155.57000000000002</ele>
      </trkpt>
      <trkpt lat="48.85882" lon="2.1085200000000004">
        <ele>155.51433125293906</ele>
      </trkpt>
      <trkpt lat="48.858795908940635" lon="2.108751274169981">
        <ele>155.39</ele>
      </trkpt>
      <trkpt lat="48.85877481354518" lon="2.108953789966326">
        <ele>154.55</ele>
      </trkpt>
      <trkpt lat="48.85877000000001" lon="2.109">
        <ele>154.52925637294493</ele>
      </trkpt>
      <trkpt lat="48.85874879478072" lon="2.1090824647416557">
        <ele>154.49</ele>
      </trkpt>
      <trkpt lat="48.85873242591233" lon="2.109146121452092">
        <ele>154.48</ele>
      </trkpt>
      <trkpt lat="48.858683646684504" lon="2.1093358184491917">
        <ele>154.54000000000002</ele>
      </trkpt>
      <trkpt lat="48.85868000000001" lon="2.10935">
        <ele>154.53090686897698</ele>
      </trkpt>
      <trkpt lat="48.8586544036499" lon="2.1093841284668144">
        <ele>154.50000000000003</ele>
      </trkpt>
      <trkpt lat="48.8586206005175" lon="2.109429199310015">
        <ele>154.36</ele>
      </trkpt>
      <trkpt lat="48.85859000000001" lon="2.10947">
        <ele>154.0974755106573</ele>
      </trkpt>
      <trkpt lat="48.858586860236926" lon="2.10947437663945">
        <ele>154.07000000000002</ele>
      </trkpt>
      <trkpt lat="48.85855438329119" lon="2.1095196475334914">
        <ele>153.61</ele>
      </trkpt>
      <trkpt lat="48.85852124355067" lon="2.1095658423233297">
        <ele>153.00000000000003</ele>
      </trkpt>
      <trkpt lat="48.858488103810124" lon="2.109612037113168">
        <ele>152.26</ele>
      </trkpt>
      <trkpt lat="48.8583568704376" lon="2.1097949684809265">
        <ele>149.02</ele>
      </trkpt>
      <trkpt lat="48.858323730697066" lon="2.1098411632707648">
        <ele>148.27</ele>
      </trkpt>
      <trkpt lat="48.85826" lon="2.1099300000000003">
        <ele>146.90052695930098</ele>
      </trkpt>
      <trkpt lat="48.858258938300445" lon="2.1099335389985074">
        <ele>146.86</ele>
      </trkpt>
      <trkpt lat="48.85824028260101" lon="2.1099957246633148">
        <ele>146.19</ele>
      </trkpt>
      <trkpt lat="48.85820334431612" lon="2.1101188522796326">
        <ele>144.98000000000002</ele>
      </trkpt>
      <trkpt lat="48.858184688616674" lon="2.1101810379444395">
        <ele>144.43</ele>
      </trkpt>
      <trkpt lat="48.85814775033178" lon="2.1103041655607573">
        <ele>143.39000000000001</ele>
      </trkpt>
      <trkpt lat="48.858140000000006" lon="2.1103300000000003">
        <ele>143.26017486605002</ele>
      </trkpt>
      <trkpt lat="48.858140000000006" lon="2.110367218051964">
        <ele>143.09000000000003</ele>
      </trkpt>
      <trkpt lat="48.858140000000006" lon="2.110432829477719">
        <ele>142.82</ele>
      </trkpt>
      <trkpt lat="48.858140000000006" lon="2.1104984409034735">
        <ele>142.6</ele>
      </trkpt>
      <trkpt lat="48.858140000000006" lon="2.110564052329228">
        <ele>142.43</ele>
      </trkpt>
      <trkpt lat="48.858140000000006" lon="2.110696642085441">
        <ele>142.21</ele>
      </trkpt>
      <trkpt lat="48.858140000000006" lon="2.1107500000000003">
        <ele>142.1513455052212</ele>
      </trkpt>
      <trkpt lat="48.85811" lon="2.1108000000000002">
        <ele>142.0769587703636</ele>
      </trkpt>
      <trkpt lat="48.85802994636604" lon="2.110874716725028">
        <ele>141.92000000000002</ele>
      </trkpt>
      <trkpt lat="48.857956375243035" lon="2.110943383106505">
        <ele>141.68</ele>
      </trkpt>
      <trkpt lat="48.85791882331566" lon="2.1109784315720503">
        <ele>141.52</ele>
      </trkpt>
      <trkpt lat="48.85781" lon="2.1110800000000003">
        <ele>140.9779284848624</ele>
      </trkpt>
      <trkpt lat="48.85778286604879" lon="2.1112088862682477">
        <ele>140.6</ele>
      </trkpt>
      <trkpt lat="48.85777" lon="2.11127">
        <ele>140.57284288286343</ele>
      </trkpt>
      <trkpt lat="48.857773962696925" lon="2.111371048771602">
        <ele>140.53</ele>
      </trkpt>
      <trkpt lat="48.85777909953735" lon="2.1115020382023078">
        <ele>140.21</ele>
      </trkpt>
      <trkpt lat="48.85778166795755" lon="2.11156753291766">
        <ele>140</ele>
      </trkpt>
      <trkpt lat="48.85778423637777" lon="2.111633027633013">
        <ele>139.74</ele>
      </trkpt>
      <trkpt lat="48.85779" lon="2.11178">
        <ele>139.0862896864815</ele>
      </trkpt>
      <trkpt lat="48.85779912437117" lon="2.1118290434950233">
        <ele>138.86</ele>
      </trkpt>
      <trkpt lat="48.857810870481885" lon="2.1118921788401157">
        <ele>138.59</ele>
      </trkpt>
      <trkpt lat="48.8578226165926" lon="2.111955314185208">
        <ele>138.38</ele>
      </trkpt>
      <trkpt lat="48.857834362703315" lon="2.1120184495303005">
        <ele>138.25</ele>
      </trkpt>
      <trkpt lat="48.85784610881403" lon="2.112081584875393">
        <ele>138.20000000000002</ele>
      </trkpt>
      <trkpt lat="48.857857854924745" lon="2.1121447202204853">
        <ele>138.25</ele>
      </trkpt>
      <trkpt lat="48.8578698457461" lon="2.112209170885267">
        <ele>138.39000000000001</ele>
      </trkpt>
      <trkpt lat="48.857870000000005" lon="2.11221">
        <ele>138.3930204378922</ele>
      </trkpt>
      <trkpt lat="48.857872439366744" lon="2.112274643218557">
        <ele>138.62</ele>
      </trkpt>
      <trkpt lat="48.857873932762594" lon="2.112314218208607">
        <ele>138.79000000000002</ele>
      </trkpt>
      <trkpt lat="48.857873932762594" lon="2.112314218208607">
        <ele>138.74</ele>
      </trkpt>
      <trkpt lat="48.85787532316563" lon="2.112351063888999">
        <ele>138.91</ele>
      </trkpt>
      <trkpt lat="48.85787779499324" lon="2.1124165673208055">
        <ele>139.28</ele>
      </trkpt>
      <trkpt lat="48.85788026682086" lon="2.1124820707526126">
        <ele>139.70000000000002</ele>
      </trkpt>
      <trkpt lat="48.857887527814476" lon="2.112674487083545">
        <ele>140.99</ele>
      </trkpt>
      <trkpt lat="48.85788994814568" lon="2.1127386258605227">
        <ele>141.36</ele>
      </trkpt>
      <trkpt lat="48.857890000000005" lon="2.11274">
        <ele>141.36621309708576</ele>
      </trkpt>
      <trkpt lat="48.85788526855268" lon="2.112802455104778">
        <ele>141.65</ele>
      </trkpt>
      <trkpt lat="48.85788043351726" lon="2.112866277572269">
        <ele>141.85</ele>
      </trkpt>
      <trkpt lat="48.85787559848184" lon="2.11293010003976">
        <ele>141.98000000000002</ele>
      </trkpt>
      <trkpt lat="48.857870866319516" lon="2.112992564582411">
        <ele>142.05</ele>
      </trkpt>
      <trkpt lat="48.8578559497209" lon="2.1131894636842445">
        <ele>143</ele>
      </trkpt>
      <trkpt lat="48.857851011812386" lon="2.113254644076576">
        <ele>143.34000000000003</ele>
      </trkpt>
      <trkpt lat="48.85784103312227" lon="2.1133863627860783">
        <ele>144.11</ele>
      </trkpt>
      <trkpt lat="48.85784" lon="2.1134000000000004">
        <ele>144.2018188511015</ele>
      </trkpt>
      <trkpt lat="48.85785436266104" lon="2.113478994635684">
        <ele>144.75000000000003</ele>
      </trkpt>
      <trkpt lat="48.85785436266104" lon="2.113478994635684">
        <ele>144.8</ele>
      </trkpt>
      <trkpt lat="48.857870891480616" lon="2.1135699031433335">
        <ele>145.49</ele>
      </trkpt>
      <trkpt lat="48.857894127647256" lon="2.1136977020598846">
        <ele>146.57</ele>
      </trkpt>
      <trkpt lat="48.857917363813904" lon="2.1138255009764353">
        <ele>147.8</ele>
      </trkpt>
      <trkpt lat="48.85792000000001" lon="2.11384">
        <ele>147.94939198583336</ele>
      </trkpt>
      <trkpt lat="48.85792000000001" lon="2.1140700000000003">
        <ele>150.23359914963783</ele>
      </trkpt>
      <trkpt lat="48.857917379776694" lon="2.1140883415632303">
        <ele>150.42000000000002</ele>
      </trkpt>
      <trkpt lat="48.8578988697888" lon="2.1142179114784554">
        <ele>151.69000000000003</ele>
      </trkpt>
      <trkpt lat="48.85788035980091" lon="2.1143474813936805">
        <ele>152.88000000000002</ele>
      </trkpt>
      <trkpt lat="48.85786" lon="2.11449">
        <ele>154.13210889409135</ele>
      </trkpt>
      <trkpt lat="48.85781153029734" lon="2.114659643959329">
        <ele>155.72000000000003</ele>
      </trkpt>
      <trkpt lat="48.857800000000005" lon="2.1147">
        <ele>156.07618707870967</ele>
      </trkpt>
      <trkpt lat="48.85770871906235" lon="2.1148774907121037">
        <ele>157.9</ele>
      </trkpt>
      <trkpt lat="48.8576267496565" lon="2.1150368756679288">
        <ele>159.39000000000001</ele>
      </trkpt>
      <trkpt lat="48.857620000000004" lon="2.11505">
        <ele>159.49955858421612</ele>
      </trkpt>
      <trkpt lat="48.85750627540876" lon="2.114863905214329">
        <ele>161.17000000000002</ele>
      </trkpt>
      <trkpt lat="48.857400000000005" lon="2.11469">
        <ele>162.78333221220146</ele>
      </trkpt>
      <trkpt lat="48.857400000000005" lon="2.1146800000000003">
        <ele>162.85130532380157</ele>
      </trkpt>
      <trkpt lat="48.85726870881784" lon="2.114466043999432">
        <ele>164.84</ele>
      </trkpt>
      <trkpt lat="48.85720798324631" lon="2.114367083808798">
        <ele>165.70000000000002</ele>
      </trkpt>
      <trkpt lat="48.85714725767479" lon="2.1142681236181633">
        <ele>166.49000000000004</ele>
      </trkpt>
      <trkpt lat="48.857130000000005" lon="2.11424">
        <ele>166.55252207030182</ele>
      </trkpt>
      <trkpt lat="48.85710804968283" lon="2.1141490629717">
        <ele>166.71</ele>
      </trkpt>
      <trkpt lat="48.85708388933445" lon="2.1140489700998364">
        <ele>166.84</ele>
      </trkpt>
      <trkpt lat="48.85708388933445" lon="2.1140489700998364">
        <ele>166.85000000000002</ele>
      </trkpt>
      <trkpt lat="48.85701667400626" lon="2.1137705065973442">
        <ele>167.22</ele>
      </trkpt>
      <trkpt lat="48.85699" lon="2.1136600000000003">
        <ele>167.39605767918323</ele>
      </trkpt>
      <trkpt lat="48.856930000000006" lon="2.1135200000000003">
        <ele>167.64596321646513</ele>
      </trkpt>
      <trkpt lat="48.856889437822176" lon="2.113195502577324">
        <ele>168.14000000000001</ele>
      </trkpt>
      <trkpt lat="48.85686425939764" lon="2.112994075181084">
        <ele>168.41</ele>
      </trkpt>
      <trkpt lat="48.8568055097404" lon="2.112524077923191">
        <ele>168.82000000000002</ele>
      </trkpt>
      <trkpt lat="48.856788724124044" lon="2.1123897929923645">
        <ele>168.88</ele>
      </trkpt>
      <trkpt lat="48.85676" lon="2.1121600000000003">
        <ele>168.9347595006409</ele>
      </trkpt>
      <trkpt lat="48.85669821279318" lon="2.112107039537002">
        <ele>168.96000000000004</ele>
      </trkpt>
      <trkpt lat="48.85662000000001" lon="2.1120400000000004">
        <ele>169.02</ele>
      </trkpt>
      <trkpt lat="48.856619860786196" lon="2.1120400000000004">
        <ele>169.02</ele>
      </trkpt>
      <trkpt lat="48.85661" lon="2.1120400000000004">
        <ele>169.03315762165008</ele>
      </trkpt>
      <trkpt lat="48.85657942208264" lon="2.1120137903565466">
        <ele>169.08</ele>
      </trkpt>
      <trkpt lat="48.856501088099336" lon="2.111946646942287">
        <ele>169.26000000000002</ele>
      </trkpt>
      <trkpt lat="48.8564" lon="2.11186">
        <ele>169.56326178169584</ele>
      </trkpt>
      <trkpt lat="48.856338021256576" lon="2.1118369381419795">
        <ele>169.73000000000002</ele>
      </trkpt>
      <trkpt lat="48.85625940398233" lon="2.1118076852027254">
        <ele>169.73000000000002</ele>
      </trkpt>
      <trkpt lat="48.856101295908566" lon="2.1117488542915592">
        <ele>169.85</ele>
      </trkpt>
      <trkpt lat="48.85597812884559" lon="2.111703024686728">
        <ele>169.86</ele>
      </trkpt>
      <trkpt lat="48.855970000000006" lon="2.1117000000000004">
        <ele>169.8567000733052</ele>
      </trkpt>
      <trkpt lat="48.85586040467534" lon="2.111768238598378">
        <ele>169.81</ele>
      </trkpt>
      <trkpt lat="48.85563820847996" lon="2.1119065871728564">
        <ele>169.66</ele>
      </trkpt>
      <trkpt lat="48.85556414308151" lon="2.111952703364349">
        <ele>169.63</ele>
      </trkpt>
      <trkpt lat="48.85544097814923" lon="2.1120293909636856">
        <ele>170.06</ele>
      </trkpt>
      <trkpt lat="48.85544" lon="2.1120300000000003">
        <ele>170.06263861706466</ele>
      </trkpt>
      <trkpt lat="48.85540521562895" lon="2.1120684458838017">
        <ele>170.17000000000002</ele>
      </trkpt>
      <trkpt lat="48.855369576363586" lon="2.112107836650784">
        <ele>170.25</ele>
      </trkpt>
      <trkpt lat="48.855333937098216" lon="2.1121472274177666">
        <ele>170.29000000000002</ele>
      </trkpt>
      <trkpt lat="48.855298297832846" lon="2.1121866181847495">
        <ele>170.29000000000002</ele>
      </trkpt>
      <trkpt lat="48.855250000000005" lon="2.1122400000000003">
        <ele>170.2430475967713</ele>
      </trkpt>
      <trkpt lat="48.855220763814856" lon="2.112236751534983">
        <ele>170.22</ele>
      </trkpt>
      <trkpt lat="48.85508891530169" lon="2.112222101700188">
        <ele>170.07000000000002</ele>
      </trkpt>
      <trkpt lat="48.855001016292924" lon="2.1122123351436577">
        <ele>169.93000000000004</ele>
      </trkpt>
      <trkpt lat="48.854980000000005" lon="2.11221">
        <ele>169.89041993489872</ele>
      </trkpt>
      <trkpt lat="48.85490233713545" lon="2.112332707325992">
        <ele>169.68000000000004</ele>
      </trkpt>
      <trkpt lat="48.85479946713048" lon="2.112495241933842">
        <ele>169.46000000000004</ele>
      </trkpt>
      <trkpt lat="48.85479946713048" lon="2.112495241933842">
        <ele>169.47</ele>
      </trkpt>
      <trkpt lat="48.85465420221438" lon="2.11272476050129">
        <ele>169.29000000000002</ele>
      </trkpt>
      <trkpt lat="48.85456255439176" lon="2.1128695640610107">
        <ele>169.16</ele>
      </trkpt>
      <trkpt lat="48.85450332620709" lon="2.112963144592803">
        <ele>169.22</ele>
      </trkpt>
      <trkpt lat="48.85448" lon="2.113">
        <ele>169.25980260133574</ele>
      </trkpt>
      <trkpt lat="48.85447504958477" lon="2.113010725899674">
        <ele>169.27</ele>
      </trkpt>
      <trkpt lat="48.854420000000005" lon="2.11313">
        <ele>169.44144367573716</ele>
      </trkpt>
      <trkpt lat="48.85441853790556" lon="2.1131797112112287">
        <ele>169.5</ele>
      </trkpt>
      <trkpt lat="48.85441472270806" lon="2.1133094279261866">
        <ele>169.61</ele>
      </trkpt>
      <trkpt lat="48.854410907510555" lon="2.1134391446411454">
        <ele>169.64000000000001</ele>
      </trkpt>
      <trkpt lat="48.85440709231306" lon="2.1135688613561037">
        <ele>169.6</ele>
      </trkpt>
      <trkpt lat="48.854403277115566" lon="2.1136985780710615">
        <ele>169.52</ele>
      </trkpt>
      <trkpt lat="48.854399461918064" lon="2.1138282947860194">
        <ele>169.37</ele>
      </trkpt>
      <trkpt lat="48.85439568688054" lon="2.1139566460618733">
        <ele>169.14000000000001</ele>
      </trkpt>
      <trkpt lat="48.85438914080483" lon="2.114179212635959">
        <ele>168.8</ele>
      </trkpt>
      <trkpt lat="48.854380000000006" lon="2.11449">
        <ele>168.22472240488517</ele>
      </trkpt>
      <trkpt lat="48.85437926155702" lon="2.114552029210931">
        <ele>168.11</ele>
      </trkpt>
      <trkpt lat="48.854377049002" lon="2.114737883833047">
        <ele>167.82000000000002</ele>
      </trkpt>
      <trkpt lat="48.854373177030695" lon="2.115063129421749">
        <ele>167.51000000000002</ele>
      </trkpt>
      <trkpt lat="48.85436894714609" lon="2.1154184397287343">
        <ele>167.25</ele>
      </trkpt>
      <trkpt lat="48.85436894714609" lon="2.1154184397287343">
        <ele>167.26000000000002</ele>
      </trkpt>
      <trkpt lat="48.8543622118683" lon="2.1159842030637037">
        <ele>166.76000000000002</ele>
      </trkpt>
      <trkpt lat="48.85436000000001" lon="2.1161700000000003">
        <ele>166.84212215390338</ele>
      </trkpt>
      <trkpt lat="48.85427000000001" lon="2.11634">
        <ele>166.93854910192056</ele>
      </trkpt>
      <trkpt lat="48.85427123143641" lon="2.1163426974321156">
        <ele>166.94</ele>
      </trkpt>
      <trkpt lat="48.85434761810863" lon="2.1165100206189074">
        <ele>166.99000000000004</ele>
      </trkpt>
      <trkpt lat="48.854398371669376" lon="2.1166211950852993">
        <ele>166.99000000000004</ele>
      </trkpt>
      <trkpt lat="48.85448" lon="2.1168">
        <ele>166.9579950975588</ele>
      </trkpt>
      <trkpt lat="48.85449846457534" lon="2.11684656284215">
        <ele>166.95000000000002</ele>
      </trkpt>
      <trkpt lat="48.85456763313618" lon="2.117020987908627">
        <ele>166.9</ele>
      </trkpt>
      <trkpt lat="48.85463773013409" lon="2.1171977542511637">
        <ele>166.78</ele>
      </trkpt>
      <trkpt lat="48.85467997402024" lon="2.117304282311898">
        <ele>166.71</ele>
      </trkpt>
      <trkpt lat="48.854710000000004" lon="2.1173800000000003">
        <ele>166.6259150890316</ele>
      </trkpt>
      <trkpt lat="48.854710000000004" lon="2.11737">
        <ele>166.61640389871573</ele>
      </trkpt>
      <trkpt lat="48.854722786140236" lon="2.1174029747827037">
        <ele>166.58</ele>
      </trkpt>
      <trkpt lat="48.85476844603625" lon="2.1175207292513916">
        <ele>166.36</ele>
      </trkpt>
      <trkpt lat="48.854813649333316" lon="2.1176373061753924">
        <ele>166.08</ele>
      </trkpt>
      <trkpt lat="48.85483647928133" lon="2.1176961834097363">
        <ele>165.96</ele>
      </trkpt>
      <trkpt lat="48.854881682578394" lon="2.117812760333737">
        <ele>165.77</ele>
      </trkpt>
      <trkpt lat="48.8549" lon="2.1178600000000003">
        <ele>165.74698199750185</ele>
      </trkpt>
      <trkpt lat="48.854768756879935" lon="2.1180546018676822">
        <ele>165.63000000000002</ele>
      </trkpt>
      <trkpt lat="48.85461" lon="2.11829">
        <ele>165.52151399609224</ele>
      </trkpt>
      <trkpt lat="48.85456068797984" lon="2.1183949868816234">
        <ele>165.48000000000002</ele>
      </trkpt>
      <trkpt lat="48.854381989342606" lon="2.118775442044772">
        <ele>165.41</ele>
      </trkpt>
      <trkpt lat="48.85430518027923" lon="2.118938971018406">
        <ele>165.3</ele>
      </trkpt>
      <trkpt lat="48.8543" lon="2.1189500000000003">
        <ele>165.28932316038052</ele>
      </trkpt>
      <trkpt lat="48.85420539156438" lon="2.1191581385583746">
        <ele>165.09</ele>
      </trkpt>
      <trkpt lat="48.85415580905366" lon="2.119267220081964">
        <ele>165.04000000000002</ele>
      </trkpt>
      <trkpt lat="48.854150000000004" lon="2.1192800000000003">
        <ele>165.0413915658997</ele>
      </trkpt>
      <trkpt lat="48.85418000000001" lon="2.1194900000000003">
        <ele>165.0606434343783</ele>
      </trkpt>
      <trkpt lat="48.85417136567467" lon="2.1195936119040475">
        <ele>165.07000000000002</ele>
      </trkpt>
      <trkpt lat="48.85417" lon="2.11961">
        <ele>165.07498388942108</ele>
      </trkpt>
      <trkpt lat="48.854099217247786" lon="2.1196535586167506">
        <ele>165.11</ele>
      </trkpt>
      <trkpt lat="48.854040000000005" lon="2.1196900000000003">
        <ele>165.1607425614324</ele>
      </trkpt>
      <trkpt lat="48.85402076722089" lon="2.119712438242307">
        <ele>165.18</ele>
      </trkpt>
      <trkpt lat="48.85392" lon="2.1198300000000003">
        <ele>165.3444749865255</ele>
      </trkpt>
      <trkpt lat="48.853917201927985" lon="2.1198348966260383">
        <ele>165.35000000000002</ele>
      </trkpt>
      <trkpt lat="48.85380000000001" lon="2.1200400000000004">
        <ele>165.47526433721958</ele>
      </trkpt>
      <trkpt lat="48.853781245577636" lon="2.120085443408035">
        <ele>165.5</ele>
      </trkpt>
      <trkpt lat="48.85376069789268" lon="2.1201352320292832">
        <ele>165.54000000000002</ele>
      </trkpt>
      <trkpt lat="48.85371530184452" lon="2.1202452301459935">
        <ele>165.68</ele>
      </trkpt>
      <trkpt lat="48.85366990579635" lon="2.120355228262704">
        <ele>165.87</ele>
      </trkpt>
      <trkpt lat="48.8535566546025" lon="2.120629644617023">
        <ele>166.45000000000002</ele>
      </trkpt>
      <trkpt lat="48.85354" lon="2.12067">
        <ele>166.5693858740871</ele>
      </trkpt>
      <trkpt lat="48.85343778731824" lon="2.12079557558045">
        <ele>167.07000000000002</ele>
      </trkpt>
      <trkpt lat="48.85340631510309" lon="2.120834241444773">
        <ele>167.18</ele>
      </trkpt>
      <trkpt lat="48.85337414350539" lon="2.120873766550525">
        <ele>167.27</ele>
      </trkpt>
      <trkpt lat="48.85331049969254" lon="2.120951957520599">
        <ele>167.39000000000001</ele>
      </trkpt>
      <trkpt lat="48.8532076904564" lon="2.1210782660107195">
        <ele>167.79000000000002</ele>
      </trkpt>
      <trkpt lat="48.853190000000005" lon="2.1211">
        <ele>167.84876474839666</ele>
      </trkpt>
      <trkpt lat="48.85313128016108" lon="2.1211467361983263">
        <ele>168.02</ele>
      </trkpt>
      <trkpt lat="48.853053205448084" lon="2.1212088772964286">
        <ele>168.20000000000002</ele>
      </trkpt>
      <trkpt lat="48.85297513073509" lon="2.121271018394531">
        <ele>168.33</ele>
      </trkpt>
      <trkpt lat="48.852857221984834" lon="2.121364864134522">
        <ele>168.46000000000004</ele>
      </trkpt>
      <trkpt lat="48.852700000000006" lon="2.12149">
        <ele>168.60439972026757</ele>
      </trkpt>
      <trkpt lat="48.85265699795973" lon="2.121502286297223">
        <ele>168.64000000000001</ele>
      </trkpt>
      <trkpt lat="48.852570381760074" lon="2.1215270337828387">
        <ele>168.69</ele>
      </trkpt>
      <trkpt lat="48.85239626552199" lon="2.1215767812794337">
        <ele>168.76000000000002</ele>
      </trkpt>
      <trkpt lat="48.85228000000001" lon="2.12161">
        <ele>168.84888248356128</ele>
      </trkpt>
      <trkpt lat="48.85226520261786" lon="2.12161">
        <ele>168.86</ele>
      </trkpt>
      <trkpt lat="48.852178867670766" lon="2.12161">
        <ele>168.55</ele>
      </trkpt>
      <trkpt lat="48.85213480087485" lon="2.12161">
        <ele>168.37</ele>
      </trkpt>
      <trkpt lat="48.85209163340131" lon="2.12161">
        <ele>168.17000000000002</ele>
      </trkpt>
      <trkpt lat="48.85204846592776" lon="2.12161">
        <ele>167.94</ele>
      </trkpt>
      <trkpt lat="48.85196123165831" lon="2.12161">
        <ele>167.43</ele>
      </trkpt>
      <trkpt lat="48.851870000000005" lon="2.12161">
        <ele>166.841304266247</ele>
      </trkpt>
      <trkpt lat="48.85179021011674" lon="2.121640886406426">
        <ele>166.31</ele>
      </trkpt>
      <trkpt lat="48.851707418026855" lon="2.121672934957349">
        <ele>165.79000000000002</ele>
      </trkpt>
      <trkpt lat="48.851560000000006" lon="2.1217300000000003">
        <ele>165.40987595430622</ele>
      </trkpt>
      <trkpt lat="48.85155280507091" lon="2.12173515457607">
        <ele>165.39000000000001</ele>
      </trkpt>
      <trkpt lat="48.851418583455285" lon="2.1218313133454694">
        <ele>165.12</ele>
      </trkpt>
      <trkpt lat="48.85118105186886" lon="2.1220014852282856">
        <ele>164.09</ele>
      </trkpt>
      <trkpt lat="48.85090366052991" lon="2.1222002133517113">
        <ele>162.83</ele>
      </trkpt>
      <trkpt lat="48.85089000000001" lon="2.1222100000000004">
        <ele>162.7642128775269</ele>
      </trkpt>
      <trkpt lat="48.85091795139215" lon="2.122311055033139">
        <ele>162.45000000000002</ele>
      </trkpt>
      <trkpt lat="48.85096883104991" lon="2.122495004565038">
        <ele>161.82000000000002</ele>
      </trkpt>
      <trkpt lat="48.85102110467089" lon="2.122683993810139">
        <ele>161.01000000000002</ele>
      </trkpt>
      <trkpt lat="48.85111624266109" lon="2.1230279542362234">
        <ele>159.45000000000002</ele>
      </trkpt>
      <trkpt lat="48.85111624266109" lon="2.1230279542362234">
        <ele>159.48000000000002</ele>
      </trkpt>
      <trkpt lat="48.85114481890723" lon="2.123131268356879">
        <ele>159.02</ele>
      </trkpt>
      <trkpt lat="48.85117931949708" lon="2.123256001258645">
        <ele>158.51000000000002</ele>
      </trkpt>
      <trkpt lat="48.85124866916758" lon="2.1235067269904797">
        <ele>157.53</ele>
      </trkpt>
      <trkpt lat="48.85128" lon="2.1236200000000003">
        <ele>156.98235941213323</ele>
      </trkpt>
      <trkpt lat="48.85128093224633" lon="2.1237663626748">
        <ele>156.33</ele>
      </trkpt>
      <trkpt lat="48.85128177661189" lon="2.1238989280664216">
        <ele>155.67</ele>
      </trkpt>
      <trkpt lat="48.851282629682245" lon="2.124032860111565">
        <ele>154.93</ele>
      </trkpt>
      <trkpt lat="48.85128305621742" lon="2.124099826134137">
        <ele>154.53</ele>
      </trkpt>
      <trkpt lat="48.85128390928777" lon="2.1242337581792805">
        <ele>153.61</ele>
      </trkpt>
      <trkpt lat="48.85128476235812" lon="2.1243676902244237">
        <ele>152.55</ele>
      </trkpt>
      <trkpt lat="48.85128561542847" lon="2.1245016222695674">
        <ele>151.41000000000003</ele>
      </trkpt>
      <trkpt lat="48.85128731286438" lon="2.1247681197063324">
        <ele>149.06000000000003</ele>
      </trkpt>
      <trkpt lat="48.85128815722993" lon="2.124900685097954">
        <ele>148.03000000000003</ele>
      </trkpt>
      <trkpt lat="48.85128857506031" lon="2.124966284467004">
        <ele>147.55</ele>
      </trkpt>
      <trkpt lat="48.85128941942586" lon="2.1250988498586256">
        <ele>146.67000000000002</ele>
      </trkpt>
      <trkpt lat="48.851290000000006" lon="2.1251900000000004">
        <ele>146.12680685731746</ele>
      </trkpt>
      <trkpt lat="48.851290000000006" lon="2.1251800000000003">
        <ele>146.06721642397844</ele>
      </trkpt>
      <trkpt lat="48.85129056081498" lon="2.1252114056384457">
        <ele>145.88</ele>
      </trkpt>
      <trkpt lat="48.85129173185637" lon="2.1252769839567622">
        <ele>145.51</ele>
      </trkpt>
      <trkpt lat="48.85129409833587" lon="2.125409506808361">
        <ele>144.81000000000003</ele>
      </trkpt>
      <trkpt lat="48.85130000233625" lon="2.1257401308298745">
        <ele>143.22</ele>
      </trkpt>
      <trkpt lat="48.851302368815745" lon="2.125872653681473">
        <ele>142.56000000000003</ele>
      </trkpt>
      <trkpt lat="48.85130356425384" lon="2.125939598214755">
        <ele>142.21</ele>
      </trkpt>
      <trkpt lat="48.851305906336634" lon="2.1260707548513884">
        <ele>141.47</ele>
      </trkpt>
      <trkpt lat="48.851308248419436" lon="2.126201911488022">
        <ele>140.61</ele>
      </trkpt>
      <trkpt lat="48.851310000000005" lon="2.1263">
        <ele>139.9466961367314</ele>
      </trkpt>
      <trkpt lat="48.85127057654757" lon="2.1265907479616963">
        <ele>137.94</ele>
      </trkpt>
      <trkpt lat="48.85124788853411" lon="2.126758072060966">
        <ele>136.71</ele>
      </trkpt>
      <trkpt lat="48.851235546254784" lon="2.126849096370968">
        <ele>136.01000000000002</ele>
      </trkpt>
      <trkpt lat="48.85123" lon="2.1268900000000004">
        <ele>135.65031645607883</ele>
      </trkpt>
      <trkpt lat="48.851212767986944" lon="2.126975521842581">
        <ele>134.88</ele>
      </trkpt>
      <trkpt lat="48.85120012891205" lon="2.127038249103146">
        <ele>134.27</ele>
      </trkpt>
      <trkpt lat="48.85117458744821" lon="2.127165010442204">
        <ele>132.96</ele>
      </trkpt>
      <trkpt lat="48.85112403114866" lon="2.1274159194844646">
        <ele>130.26999999999998</ele>
      </trkpt>
      <trkpt lat="48.85109875299888" lon="2.1275413740055944">
        <ele>129</ele>
      </trkpt>
      <trkpt lat="48.85107321153503" lon="2.127668135344653">
        <ele>127.82000000000001</ele>
      </trkpt>
      <trkpt lat="48.85104767007119" lon="2.1277948966837115">
        <ele>126.7</ele>
      </trkpt>
      <trkpt lat="48.85098421138268" lon="2.1281098398044653">
        <ele>124.13</ele>
      </trkpt>
      <trkpt lat="48.85096" lon="2.1282300000000003">
        <ele>123.07100475204031</ele>
      </trkpt>
      <trkpt lat="48.850940411149" lon="2.128296112372148">
        <ele>122.46000000000001</ele>
      </trkpt>
      <trkpt lat="48.85090496377423" lon="2.1284157472620278">
        <ele>121.4</ele>
      </trkpt>
      <trkpt lat="48.85086951639944" lon="2.1285353821519064">
        <ele>120.41</ele>
      </trkpt>
      <trkpt lat="48.85085179271205" lon="2.128595199596846">
        <ele>119.96000000000001</ele>
      </trkpt>
      <trkpt lat="48.850834069024664" lon="2.1286550170417855">
        <ele>119.54</ele>
      </trkpt>
      <trkpt lat="48.850815976093784" lon="2.128716080683495">
        <ele>119.16000000000001</ele>
      </trkpt>
      <trkpt lat="48.85080000000001" lon="2.1287700000000003">
        <ele>118.84901774033972</ele>
      </trkpt>
      <trkpt lat="48.85077130814726" lon="2.128827383705487">
        <ele>118.47</ele>
      </trkpt>
      <trkpt lat="48.85076" lon="2.1288500000000004">
        <ele>118.33144465521016</ele>
      </trkpt>
      <trkpt lat="48.850595304312805" lon="2.1292006424308187">
        <ele>116.23000000000002</ele>
      </trkpt>
      <trkpt lat="48.85055455055935" lon="2.1292874084865288">
        <ele>115.86</ele>
      </trkpt>
      <trkpt lat="48.85045" lon="2.1295100000000002">
        <ele>114.95662289869475</ele>
      </trkpt>
      <trkpt lat="48.85044556971372" lon="2.1295144302862807">
        <ele>114.93</ele>
      </trkpt>
      <trkpt lat="48.85034715422012" lon="2.1296128457798895">
        <ele>114.44000000000001</ele>
      </trkpt>
      <trkpt lat="48.85034" lon="2.12962">
        <ele>114.49502131333098</ele>
      </trkpt>
      <trkpt lat="48.850280000000005" lon="2.1296500000000003">
        <ele>114.90082470364403</ele>
      </trkpt>
      <trkpt lat="48.85027078924986" lon="2.1296500000000003">
        <ele>114.96000000000001</ele>
      </trkpt>
      <trkpt lat="48.85018" lon="2.1296500000000003">
        <ele>115.59234268209815</ele>
      </trkpt>
      <trkpt lat="48.850108492601734" lon="2.12962854778052">
        <ele>116.10000000000001</ele>
      </trkpt>
      <trkpt lat="48.850080000000005" lon="2.12962">
        <ele>116.28252982380243</ele>
      </trkpt>
      <trkpt lat="48.85007655586709" lon="2.1296379860274257">
        <ele>116.36</ele>
      </trkpt>
      <trkpt lat="48.85005368923167" lon="2.12975740067911">
        <ele>116.81</ele>
      </trkpt>
      <trkpt lat="48.850029817469405" lon="2.1298820643264724">
        <ele>116.62000000000002</ele>
      </trkpt>
      <trkpt lat="48.850018007229124" lon="2.129943740025694">
        <ele>116.49000000000001</ele>
      </trkpt>
      <trkpt lat="48.85000594570714" lon="2.1300067279738353">
        <ele>116.32000000000001</ele>
      </trkpt>
      <trkpt lat="48.84996624319728" lon="2.130214063303133">
        <ele>115.69000000000001</ele>
      </trkpt>
      <trkpt lat="48.84996624319728" lon="2.130214063303133">
        <ele>115.71000000000001</ele>
      </trkpt>
      <trkpt lat="48.84993332529353" lon="2.130385967911601">
        <ele>115.19000000000001</ele>
      </trkpt>
      <trkpt lat="48.84990945353127" lon="2.1305106315589635">
        <ele>114.85000000000001</ele>
      </trkpt>
      <trkpt lat="48.849900000000005" lon="2.13056">
        <ele>114.72592992933644</ele>
      </trkpt>
      <trkpt lat="48.84990547155277" lon="2.130636601738874">
        <ele>114.54</ele>
      </trkpt>
      <trkpt lat="48.84991" lon="2.1307">
        <ele>114.1165353086878</ele>
      </trkpt>
      <trkpt lat="48.849970000000006" lon="2.13091">
        <ele>112.59627048864613</ele>
      </trkpt>
      <trkpt lat="48.849970000000006" lon="2.131016359283055">
        <ele>111.89</ele>
      </trkpt>
      <trkpt lat="48.849970000000006" lon="2.13106">
        <ele>111.58055702189381</ele>
      </trkpt>
      <trkpt lat="48.84996429012702" lon="2.1311485030312514">
        <ele>110.95</ele>
      </trkpt>
      <trkpt lat="48.849959990267365" lon="2.131215150855872">
        <ele>110.43</ele>
      </trkpt>
      <trkpt lat="48.84995577815996" lon="2.1312804385208057">
        <ele>109.88000000000001</ele>
      </trkpt>
      <trkpt lat="48.849951478300305" lon="2.1313470863454267">
        <ele>109.29</ele>
      </trkpt>
      <trkpt lat="48.84995000000001" lon="2.13137">
        <ele>109.06996672793983</ele>
      </trkpt>
      <trkpt lat="48.84997834145427" lon="2.1313787204474663">
        <ele>108.65</ele>
      </trkpt>
      <trkpt lat="48.850020650416994" lon="2.13139173858984">
        <ele>107.95</ele>
      </trkpt>
      <trkpt lat="48.85006384081642" lon="2.1314050279435133">
        <ele>107.19000000000001</ele>
      </trkpt>
      <trkpt lat="48.850107031215856" lon="2.131418317297187">
        <ele>106.35000000000001</ele>
      </trkpt>
      <trkpt lat="48.85019253057801" lon="2.1314446247932337">
        <ele>104.50000000000001</ele>
      </trkpt>
      <trkpt lat="48.850210000000004" lon="2.13145">
        <ele>104.10361483629694</ele>
      </trkpt>
      <trkpt lat="48.85031000000001" lon="2.1315000000000004">
        <ele>101.76244120213487</ele>
      </trkpt>
      <trkpt lat="48.85030708643242" lon="2.131511654270321">
        <ele>101.58</ele>
      </trkpt>
      <trkpt lat="48.850291435931354" lon="2.1315742562745883">
        <ele>100.66000000000001</ele>
      </trkpt>
      <trkpt lat="48.85027578543029" lon="2.1316368582788554">
        <ele>99.80000000000001</ele>
      </trkpt>
      <trkpt lat="48.850260454327206" lon="2.131698182691199">
        <ele>99.05000000000001</ele>
      </trkpt>
      <trkpt lat="48.850244803826136" lon="2.1317607846954663">
        <ele>98.39</ele>
      </trkpt>
      <trkpt lat="48.85022915332507" lon="2.1318233866997334">
        <ele>97.80000000000001</ele>
      </trkpt>
      <trkpt lat="48.8502" lon="2.13194">
        <ele>97.63213635130961</ele>
      </trkpt>
      <trkpt lat="48.85015316946864" lon="2.132160772504996">
        <ele>97.32000000000001</ele>
      </trkpt>
      <trkpt lat="48.85013000000001" lon="2.13227">
        <ele>97.56906726098106</ele>
      </trkpt>
      <trkpt lat="48.850124904725064" lon="2.132315857474456">
        <ele>97.67</ele>
      </trkpt>
      <trkpt lat="48.850120000000004" lon="2.1323600000000003">
        <ele>97.8491352839236</ele>
      </trkpt>
      <trkpt lat="48.85009255419895" lon="2.1323691486003518">
        <ele>98.02000000000001</ele>
      </trkpt>
      <trkpt lat="48.850060000000006" lon="2.1323800000000004">
        <ele>98.54728451045594</ele>
      </trkpt>
      <trkpt lat="48.850026967442204" lon="2.1325245174403635">
        <ele>100.14</ele>
      </trkpt>
      <trkpt lat="48.84998" lon="2.13273">
        <ele>102.49536219816969</ele>
      </trkpt>
      <trkpt lat="48.8499464621893" lon="2.132840195663734">
        <ele>103.81000000000002</ele>
      </trkpt>
      <trkpt lat="48.84991" lon="2.13296">
        <ele>105.16963278529478</ele>
      </trkpt>
      <trkpt lat="48.849784209328035" lon="2.1332255580852637">
        <ele>108.54</ele>
      </trkpt>
      <trkpt lat="48.849784209328035" lon="2.1332255580852637">
        <ele>108.44000000000001</ele>
      </trkpt>
      <trkpt lat="48.8495924369987" lon="2.133630410780527">
        <ele>113.46000000000001</ele>
      </trkpt>
      <trkpt lat="48.84955" lon="2.1337200000000003">
        <ele>114.55219729355707</ele>
      </trkpt>
      <trkpt lat="48.849636478820614" lon="2.133905311758463">
        <ele>116.80000000000001</ele>
      </trkpt>
      <trkpt lat="48.849651045451424" lon="2.1339365259673446">
        <ele>116.28</ele>
      </trkpt>
      <trkpt lat="48.84969" lon="2.13402">
        <ele>117.29040857725319</ele>
      </trkpt>
      <trkpt lat="48.849720000000005" lon="2.13417">
        <ele>118.83834174684043</ele>
      </trkpt>
      <trkpt lat="48.84972576557952" lon="2.134250718113238">
        <ele>119.64000000000001</ele>
      </trkpt>
      <trkpt lat="48.849740000000004" lon="2.13445">
        <ele>121.59140722824478</ele>
      </trkpt>
      <trkpt lat="48.84970813463248" lon="2.1347208556240154">
        <ele>124.27</ele>
      </trkpt>
      <trkpt lat="48.849700000000006" lon="2.13479">
        <ele>124.93450572116384</ele>
      </trkpt>
      <trkpt lat="48.84968448770372" lon="2.1348506389763906">
        <ele>125.55000000000003</ele>
      </trkpt>
      <trkpt lat="48.84963593503409" lon="2.135040435775859">
        <ele>127.36</ele>
      </trkpt>
      <trkpt lat="48.849605630347675" lon="2.1351588995500235">
        <ele>128.04999999999998</ele>
      </trkpt>
      <trkpt lat="48.849590640932895" lon="2.135217494535094">
        <ele>128.37</ele>
      </trkpt>
      <trkpt lat="48.849590000000006" lon="2.1352200000000003">
        <ele>128.38247828127223</ele>
      </trkpt>
      <trkpt lat="48.849552608814754" lon="2.135330677908346">
        <ele>128.96</ele>
      </trkpt>
      <trkpt lat="48.849533714645325" lon="2.1353866046498506">
        <ele>129.22</ele>
      </trkpt>
      <trkpt lat="48.849513998990275" lon="2.1354449629888115">
        <ele>129.43</ele>
      </trkpt>
      <trkpt lat="48.84947662139423" lon="2.1355556006730914">
        <ele>129.77</ele>
      </trkpt>
      <trkpt lat="48.84941911740032" lon="2.135725812495061">
        <ele>129.79999999999998</ele>
      </trkpt>
      <trkpt lat="48.849340000000005" lon="2.1359600000000003">
        <ele>130.3289163730232</ele>
      </trkpt>
      <trkpt lat="48.84931398546835" lon="2.13601803241678">
        <ele>130.47</ele>
      </trkpt>
      <trkpt lat="48.84926740410456" lon="2.136121944689835">
        <ele>131.41</ele>
      </trkpt>
      <trkpt lat="48.849220822740776" lon="2.1362258569628905">
        <ele>132.41</ele>
      </trkpt>
      <trkpt lat="48.84912512841735" lon="2.1364393289151447">
        <ele>134.59</ele>
      </trkpt>
      <trkpt lat="48.84912512841735" lon="2.1364393289151447">
        <ele>134.57000000000002</ele>
      </trkpt>
      <trkpt lat="48.84910335669298" lon="2.136487896607986">
        <ele>135.08</ele>
      </trkpt>
      <trkpt lat="48.84905728164836" lon="2.1365906793998124">
        <ele>136.1</ele>
      </trkpt>
      <trkpt lat="48.84895905572908" lon="2.1368097987582115">
        <ele>137.98000000000002</ele>
      </trkpt>
      <trkpt lat="48.84873830057028" lon="2.1373022525739946">
        <ele>142.3</ele>
      </trkpt>
      <trkpt lat="48.848690000000005" lon="2.13741">
        <ele>142.77359467837903</ele>
      </trkpt>
      <trkpt lat="48.84865781242357" lon="2.1373713749082732">
        <ele>143</ele>
      </trkpt>
      <trkpt lat="48.84859" lon="2.13729">
        <ele>143.40238233808626</ele>
      </trkpt>
      <trkpt lat="48.84854000000001" lon="2.1373800000000003">
        <ele>143.76332979200095</ele>
      </trkpt>
      <trkpt lat="48.8485746289042" lon="2.13742722123299">
        <ele>143.98000000000002</ele>
      </trkpt>
      <trkpt lat="48.84863754729701" lon="2.137513019041368">
        <ele>144.43</ele>
      </trkpt>
      <trkpt lat="48.848650000000006" lon="2.1375300000000004">
        <ele>144.53402416977104</ele>
      </trkpt>
      <trkpt lat="48.84862407489049" lon="2.1376237292420868">
        <ele>144.95000000000002</ele>
      </trkpt>
      <trkpt lat="48.8485585613988" lon="2.1378605857120427">
        <ele>146.08</ele>
      </trkpt>
      <trkpt lat="48.84852371379684" lon="2.1379865731960623">
        <ele>146.54</ele>
      </trkpt>
      <trkpt lat="48.84852" lon="2.1380000000000003">
        <ele>146.58049755843783</ele>
      </trkpt>
      <trkpt lat="48.848505562494765" lon="2.138049087517822">
        <ele>146.73</ele>
      </trkpt>
      <trkpt lat="48.84848721412555" lon="2.1381114719731436">
        <ele>146.9</ele>
      </trkpt>
      <trkpt lat="48.848470000000006" lon="2.13817">
        <ele>147.01258194347471</ele>
      </trkpt>
      <trkpt lat="48.84846856341954" lon="2.138173616219796">
        <ele>147.02</ele>
      </trkpt>
      <trkpt lat="48.84844485944148" lon="2.1382332848542336">
        <ele>147.11</ele>
      </trkpt>
      <trkpt lat="48.848422085031174" lon="2.1382906135422224">
        <ele>147.16</ele>
      </trkpt>
      <trkpt lat="48.848398845836996" lon="2.1383491122034357">
        <ele>147.18</ele>
      </trkpt>
      <trkpt lat="48.84831564952183" lon="2.138558537410579">
        <ele>147.20000000000002</ele>
      </trkpt>
      <trkpt lat="48.84831564952183" lon="2.138558537410579">
        <ele>147.21</ele>
      </trkpt>
      <trkpt lat="48.84826359372687" lon="2.1386895744116967">
        <ele>147.35</ele>
      </trkpt>
      <trkpt lat="48.84821711533851" lon="2.138806571734123">
        <ele>147.57</ele>
      </trkpt>
      <trkpt lat="48.848180000000006" lon="2.1389">
        <ele>147.77762312012177</ele>
      </trkpt>
      <trkpt lat="48.84808974074353" lon="2.138809740743524">
        <ele>148.09</ele>
      </trkpt>
      <trkpt lat="48.848060000000004" lon="2.13878">
        <ele>148.18501164701286</ele>
      </trkpt>
      <trkpt lat="48.8478889953374" lon="2.1386568766429237">
        <ele>148.69000000000003</ele>
      </trkpt>
      <trkpt lat="48.847848359628884" lon="2.138627618932797">
        <ele>148.84</ele>
      </trkpt>
      <trkpt lat="48.84781" lon="2.1386000000000003">
        <ele>149.0099178740175</ele>
      </trkpt>
      <trkpt lat="48.84776251524801" lon="2.1386000000000003">
        <ele>149.2</ele>
      </trkpt>
      <trkpt lat="48.84774" lon="2.1386000000000003">
        <ele>149.3101574863657</ele>
      </trkpt>
      <trkpt lat="48.84772200313611" lon="2.1386203964457406">
        <ele>149.42000000000002</ele>
      </trkpt>
      <trkpt lat="48.84768595780244" lon="2.1386612478239035">
        <ele>149.67000000000002</ele>
      </trkpt>
      <trkpt lat="48.847614588041765" lon="2.138742133552667">
        <ele>150.21</ele>
      </trkpt>
      <trkpt lat="48.847590000000004" lon="2.13877">
        <ele>150.26948914184797</ele>
      </trkpt>
      <trkpt lat="48.847543950579706" lon="2.1387584876449255">
        <ele>150.36</ele>
      </trkpt>
      <trkpt lat="48.84747" lon="2.1387400000000003">
        <ele>150.43752054653578</ele>
      </trkpt>
      <trkpt lat="48.84742895428603" lon="2.138742052285699">
        <ele>150.48</ele>
      </trkpt>
      <trkpt lat="48.84733996952791" lon="2.138746501523605">
        <ele>150.59</ele>
      </trkpt>
      <trkpt lat="48.847295926566815" lon="2.1387487036716593">
        <ele>150.62</ele>
      </trkpt>
      <trkpt lat="48.847250984769786" lon="2.138750950761511">
        <ele>150.61</ele>
      </trkpt>
      <trkpt lat="48.847162000011664" lon="2.1387553999994164">
        <ele>150.49</ele>
      </trkpt>
      <trkpt lat="48.847117957050585" lon="2.138757602147471">
        <ele>150.38000000000002</ele>
      </trkpt>
      <trkpt lat="48.84707301525356" lon="2.1387598492373225">
        <ele>150.22000000000003</ele>
      </trkpt>
      <trkpt lat="48.84707" lon="2.13876">
        <ele>150.2063076710813</ele>
      </trkpt>
      <trkpt lat="48.84703014570308" lon="2.138774945361346">
        <ele>150.02</ele>
      </trkpt>
      <trkpt lat="48.84698648926137" lon="2.1387913165269907">
        <ele>149.78000000000003</ele>
      </trkpt>
      <trkpt lat="48.84681360975216" lon="2.1388561463429423">
        <ele>148.66000000000003</ele>
      </trkpt>
      <trkpt lat="48.846770826439275" lon="2.138872190085274">
        <ele>148.41000000000003</ele>
      </trkpt>
      <trkpt lat="48.84675000000001" lon="2.1388800000000003">
        <ele>148.3088069258866</ele>
      </trkpt>
      <trkpt lat="48.84668580414589" lon="2.138912097927055">
        <ele>147.99</ele>
      </trkpt>
      <trkpt lat="48.8466012317714" lon="2.1389543841142995">
        <ele>147.63</ele>
      </trkpt>
      <trkpt lat="48.846590000000006" lon="2.13896">
        <ele>147.58771543923228</ele>
      </trkpt>
      <trkpt lat="48.846428101631915" lon="2.1390231129231525">
        <ele>146.99</ele>
      </trkpt>
      <trkpt lat="48.84621206540905" lon="2.139107330433763">
        <ele>146.09000000000003</ele>
      </trkpt>
      <trkpt lat="48.84621206540905" lon="2.139107330433763">
        <ele>146.07</ele>
      </trkpt>
      <trkpt lat="48.84617634974317" lon="2.139121253489953">
        <ele>145.93</ele>
      </trkpt>
      <trkpt lat="48.84609010947678" lon="2.1391548725768494">
        <ele>145.66</ele>
      </trkpt>
      <trkpt lat="48.84604742490049" lon="2.13917151232693">
        <ele>145.56000000000003</ele>
      </trkpt>
      <trkpt lat="48.8460038692104" lon="2.139188491663746">
        <ele>145.49</ele>
      </trkpt>
      <trkpt lat="48.846000000000004" lon="2.13919">
        <ele>145.4863741372399</ele>
      </trkpt>
      <trkpt lat="48.84595993734585" lon="2.1391913354218053">
        <ele>145.45000000000002</ele>
      </trkpt>
      <trkpt lat="48.8459149820425" lon="2.139192833931917">
        <ele>145.45000000000002</ele>
      </trkpt>
      <trkpt lat="48.845870925845226" lon="2.139194302471826">
        <ele>145.49</ele>
      </trkpt>
      <trkpt lat="48.845825970541874" lon="2.1391958009819376">
        <ele>145.56000000000003</ele>
      </trkpt>
      <trkpt lat="48.8457819143446" lon="2.139197269521847">
        <ele>145.68</ele>
      </trkpt>
      <trkpt lat="48.845736959041254" lon="2.139198768031959">
        <ele>145.85</ele>
      </trkpt>
      <trkpt lat="48.8457" lon="2.1392">
        <ele>146.02617041735874</ele>
      </trkpt>
      <trkpt lat="48.84569301278345" lon="2.1392019056045135">
        <ele>146.06000000000003</ele>
      </trkpt>
      <trkpt lat="48.845605380127864" lon="2.139225805419675">
        <ele>146.54</ele>
      </trkpt>
      <trkpt lat="48.84559" lon="2.13923">
        <ele>146.61801098627814</ele>
      </trkpt>
      <trkpt lat="48.845562690265254" lon="2.139242067092095">
        <ele>146.76</ele>
      </trkpt>
      <trkpt lat="48.84551951258118" lon="2.13926114560367">
        <ele>146.94000000000003</ele>
      </trkpt>
      <trkpt lat="48.84547633489708" lon="2.1392802241152444">
        <ele>147.06000000000003</ele>
      </trkpt>
      <trkpt lat="48.845434020766675" lon="2.1392989210565876">
        <ele>147.12</ele>
      </trkpt>
      <trkpt lat="48.84539084308258" lon="2.1393179995681626">
        <ele>147.13</ele>
      </trkpt>
      <trkpt lat="48.84534852895217" lon="2.1393366965095058">
        <ele>147.11</ele>
      </trkpt>
      <trkpt lat="48.84526303713768" lon="2.1393744719624235">
        <ele>146.98</ele>
      </trkpt>
      <trkpt lat="48.84517754532318" lon="2.1394122474153416">
        <ele>146.82</ele>
      </trkpt>
      <trkpt lat="48.84516000000001" lon="2.1394200000000003">
        <ele>146.7385905084673</ele>
      </trkpt>
      <trkpt lat="48.844920530091315" lon="2.1394936830488276">
        <ele>145.65</ele>
      </trkpt>
      <trkpt lat="48.8449" lon="2.1395">
        <ele>145.56750850975226</ele>
      </trkpt>
      <trkpt lat="48.844878892617366" lon="2.139510553691319">
        <ele>145.48</ele>
      </trkpt>
      <trkpt lat="48.844837033712764" lon="2.139531483143622">
        <ele>145.35</ele>
      </trkpt>
      <trkpt lat="48.84479602907152" lon="2.1395519854642453">
        <ele>145.26</ele>
      </trkpt>
      <trkpt lat="48.84478000000001" lon="2.1395600000000004">
        <ele>145.25234138032926</ele>
      </trkpt>
      <trkpt lat="48.84478000000001" lon="2.13957">
        <ele>145.24935454304597</ele>
      </trkpt>
      <trkpt lat="48.84476251664259" lon="2.13958658677499">
        <ele>145.24</ele>
      </trkpt>
      <trkpt lat="48.84472590009354" lon="2.1396213255522825">
        <ele>145.28000000000003</ele>
      </trkpt>
      <trkpt lat="48.84468852069974" lon="2.139656788054103">
        <ele>145.4</ele>
      </trkpt>
      <trkpt lat="48.844651904150695" lon="2.139691526831396">
        <ele>145.6</ele>
      </trkpt>
      <trkpt lat="48.844614524756885" lon="2.1397269893332154">
        <ele>145.88</ele>
      </trkpt>
      <trkpt lat="48.844577145363075" lon="2.1397624518350353">
        <ele>146.24</ele>
      </trkpt>
      <trkpt lat="48.844540528814036" lon="2.1397971906123283">
        <ele>146.68</ele>
      </trkpt>
      <trkpt lat="48.844503149420234" lon="2.1398326531141487">
        <ele>147.19000000000003</ele>
      </trkpt>
      <trkpt lat="48.84439253692834" lon="2.1399375931705547">
        <ele>148.86</ele>
      </trkpt>
      <trkpt lat="48.844390000000004" lon="2.13994">
        <ele>148.89531323588804</ele>
      </trkpt>
      <trkpt lat="48.84431099605586" lon="2.1399844397185834">
        <ele>149.89000000000001</ele>
      </trkpt>
      <trkpt lat="48.84426966999558" lon="2.140007685627487">
        <ele>150.21</ele>
      </trkpt>
      <trkpt lat="48.84422834393531" lon="2.1400309315363906">
        <ele>150.49</ele>
      </trkpt>
      <trkpt lat="48.844187017875036" lon="2.1400541774452946">
        <ele>150.7</ele>
      </trkpt>
      <trkpt lat="48.84414484842578" lon="2.140077897760502">
        <ele>150.83</ele>
      </trkpt>
      <trkpt lat="48.84410352236551" lon="2.1401011436694057">
        <ele>150.89000000000001</ele>
      </trkpt>
      <trkpt lat="48.84407" lon="2.14012">
        <ele>150.8818883229422</ele>
      </trkpt>
      <trkpt lat="48.844062932672465" lon="2.1401266746982284">
        <ele>150.88000000000002</ele>
      </trkpt>
      <trkpt lat="48.844025506195365" lon="2.1401620219266047">
        <ele>150.82</ele>
      </trkpt>
      <trkpt lat="48.84398807971826" lon="2.1401973691549805">
        <ele>150.73</ele>
      </trkpt>
      <trkpt lat="48.84397509502212" lon="2.140209632479111">
        <ele>150.68</ele>
      </trkpt>
      <trkpt lat="48.84395065324115" lon="2.1402327163833568">
        <ele>150.59</ele>
      </trkpt>
      <trkpt lat="48.843913226764045" lon="2.1402680636117326">
        <ele>150.42000000000002</ele>
      </trkpt>
      <trkpt lat="48.84389" lon="2.1402900000000002">
        <ele>150.2861992600901</ele>
      </trkpt>
      <trkpt lat="48.84387296206966" lon="2.1402968151721375">
        <ele>150.2</ele>
      </trkpt>
      <trkpt lat="48.84384000000001" lon="2.1403100000000004">
        <ele>149.99115879997015</ele>
      </trkpt>
      <trkpt lat="48.843830267598" lon="2.140306631091614">
        <ele>149.93</ele>
      </trkpt>
      <trkpt lat="48.84378730160549" lon="2.140291758248054">
        <ele>149.61</ele>
      </trkpt>
      <trkpt lat="48.84374433561299" lon="2.1402768854044947">
        <ele>149.25000000000003</ele>
      </trkpt>
      <trkpt lat="48.84361543763547" lon="2.140232266873815">
        <ele>148.06000000000003</ele>
      </trkpt>
      <trkpt lat="48.84358" lon="2.1402200000000002">
        <ele>147.75791268217029</ele>
      </trkpt>
      <trkpt lat="48.84352742637591" lon="2.1402147426375904">
        <ele>147.32</ele>
      </trkpt>
      <trkpt lat="48.84348000000001" lon="2.14021">
        <ele>146.97300662482553</ele>
      </trkpt>
      <trkpt lat="48.84343893291931" lon="2.1402191260179335">
        <ele>146.67000000000002</ele>
      </trkpt>
      <trkpt lat="48.8433944401053" lon="2.140229013309935">
        <ele>146.38</ele>
      </trkpt>
      <trkpt lat="48.84339000000001" lon="2.1402300000000003">
        <ele>146.3547995550437</ele>
      </trkpt>
      <trkpt lat="48.843305469366406" lon="2.14023241516096">
        <ele>145.88</ele>
      </trkpt>
      <trkpt lat="48.84321645218779" lon="2.1402349585089206">
        <ele>145.48</ele>
      </trkpt>
      <trkpt lat="48.843126535845755" lon="2.1402375275472645">
        <ele>145.15</ele>
      </trkpt>
      <trkpt lat="48.84308247683816" lon="2.140238786376053">
        <ele>145.02</ele>
      </trkpt>
      <trkpt lat="48.84304" lon="2.1402400000000004">
        <ele>144.92551920329498</ele>
      </trkpt>
      <trkpt lat="48.84303757587415" lon="2.14024080804195">
        <ele>144.92000000000002</ele>
      </trkpt>
      <trkpt lat="48.84299365421155" lon="2.140255448596152">
        <ele>144.85</ele>
      </trkpt>
      <trkpt lat="48.84295061098219" lon="2.14026979633927">
        <ele>144.82</ele>
      </trkpt>
      <trkpt lat="48.84295" lon="2.14027">
        <ele>144.82</ele>
      </trkpt>
      <trkpt lat="48.842914029826474" lon="2.1403093959043415">
        <ele>144.82</ele>
      </trkpt>
      <trkpt lat="48.84287755222302" lon="2.1403493475652704">
        <ele>144.85</ele>
      </trkpt>
      <trkpt lat="48.842805326568175" lon="2.140428451853909">
        <ele>144.94</ele>
      </trkpt>
      <trkpt lat="48.842740000000006" lon="2.1405000000000003">
        <ele>145.0485374469411</ele>
      </trkpt>
      <trkpt lat="48.84273355399602" lon="2.1405084293898273">
        <ele>145.06000000000003</ele>
      </trkpt>
      <trkpt lat="48.842665389965504" lon="2.1405975669681836">
        <ele>145.24</ele>
      </trkpt>
      <trkpt lat="48.84261" lon="2.14067">
        <ele>145.42542508261266</ele>
      </trkpt>
      <trkpt lat="48.842565615991056" lon="2.140733405727061">
        <ele>145.58</ele>
      </trkpt>
      <trkpt lat="48.842500750255525" lon="2.140826071063538">
        <ele>145.87</ele>
      </trkpt>
      <trkpt lat="48.842435884519986" lon="2.140918736400015">
        <ele>146.23</ele>
      </trkpt>
      <trkpt lat="48.84240312404751" lon="2.1409655370750036">
        <ele>146.43</ele>
      </trkpt>
      <trkpt lat="48.84233825831197" lon="2.14105820241148">
        <ele>146.89000000000001</ele>
      </trkpt>
      <trkpt lat="48.842330000000004" lon="2.14107">
        <ele>146.95932243698797</ele>
      </trkpt>
      <trkpt lat="48.84226930297801" lon="2.1411458712774936">
        <ele>147.44000000000003</ele>
      </trkpt>
      <trkpt lat="48.84223041062227" lon="2.1411944867221617">
        <ele>147.82</ele>
      </trkpt>
      <trkpt lat="48.84223041062227" lon="2.1411944867221617">
        <ele>147.89000000000001</ele>
      </trkpt>
      <trkpt lat="48.84220818641899" lon="2.141222266976258">
        <ele>148.11</ele>
      </trkpt>
      <trkpt lat="48.84217415560773" lon="2.141264805490343">
        <ele>148.49</ele>
      </trkpt>
      <trkpt lat="48.84213943029011" lon="2.1413082121373685">
        <ele>148.91000000000003</ele>
      </trkpt>
      <trkpt lat="48.84210470497249" lon="2.1413516187843937">
        <ele>149.37</ele>
      </trkpt>
      <trkpt lat="48.84207067416122" lon="2.1413941572984783">
        <ele>149.89000000000001</ele>
      </trkpt>
      <trkpt lat="48.84200122352598" lon="2.1414809705925295">
        <ele>151.06</ele>
      </trkpt>
      <trkpt lat="48.84196719271471" lon="2.141523509106614">
        <ele>151.69000000000003</ele>
      </trkpt>
      <trkpt lat="48.84189774207947" lon="2.141610322400665">
        <ele>153.03</ele>
      </trkpt>
      <trkpt lat="48.84181" lon="2.1417200000000003">
        <ele>154.89538342227655</ele>
      </trkpt>
      <trkpt lat="48.84179196590952" lon="2.1417344272723846">
        <ele>155.23</ele>
      </trkpt>
      <trkpt lat="48.841710000000006" lon="2.1418000000000004">
        <ele>156.88219647532617</ele>
      </trkpt>
      <trkpt lat="48.84167821595338" lon="2.1418402266840153">
        <ele>157.62</ele>
      </trkpt>
      <trkpt lat="48.84157525646768" lon="2.1419705347830966">
        <ele>160.18</ele>
      </trkpt>
      <trkpt lat="48.84143843782226" lon="2.142143695881204">
        <ele>163.84</ele>
      </trkpt>
      <trkpt lat="48.841403887659276" lon="2.1421874234312313">
        <ele>164.71</ele>
      </trkpt>
      <trkpt lat="48.84136933749629" lon="2.1422311509812584">
        <ele>165.51000000000002</ele>
      </trkpt>
      <trkpt lat="48.841335478336575" lon="2.1422740039802854">
        <ele>166.22</ele>
      </trkpt>
      <trkpt lat="48.84130092817358" lon="2.1423177315303126">
        <ele>166.85000000000002</ele>
      </trkpt>
      <trkpt lat="48.84126706901387" lon="2.142360584529339">
        <ele>167.42000000000002</ele>
      </trkpt>
      <trkpt lat="48.84107" lon="2.1426100000000003">
        <ele>167.82871550461076</ele>
      </trkpt>
      <trkpt lat="48.84105021365476" lon="2.1426354098328337">
        <ele>167.87</ele>
      </trkpt>
      <trkpt lat="48.840992518312554" lon="2.1427095027986147">
        <ele>167.97</ele>
      </trkpt>
      <trkpt lat="48.84089635940888" lon="2.142832991074916">
        <ele>167.99</ele>
      </trkpt>
      <trkpt lat="48.8408002005052" lon="2.1429564793512177">
        <ele>167.94</ele>
      </trkpt>
      <trkpt lat="48.84068274927286" lon="2.1431073114601293">
        <ele>167.72</ele>
      </trkpt>
      <trkpt lat="48.840640164615515" lon="2.1431619991253483">
        <ele>167.66</ele>
      </trkpt>
      <trkpt lat="48.84057422708156" lon="2.1432466768005263">
        <ele>167.15</ele>
      </trkpt>
      <trkpt lat="48.84054125831459" lon="2.1432890156381155">
        <ele>166.87</ele>
      </trkpt>
      <trkpt lat="48.8403757276304" lon="2.1435015918851774">
        <ele>165.33</ele>
      </trkpt>
      <trkpt lat="48.84034275886342" lon="2.1435439307227666">
        <ele>165.05</ele>
      </trkpt>
      <trkpt lat="48.840276821329475" lon="2.1436286083979446">
        <ele>164.53</ele>
      </trkpt>
      <trkpt lat="48.84021019694621" lon="2.1437141681322394">
        <ele>164.25</ele>
      </trkpt>
      <trkpt lat="48.840177228179236" lon="2.1437565069698286">
        <ele>164.13000000000002</ele>
      </trkpt>
      <trkpt lat="48.84014357256295" lon="2.143799727866534">
        <ele>164.03</ele>
      </trkpt>
      <trkpt lat="48.840120000000006" lon="2.1438300000000003">
        <ele>163.98046620095045</ele>
      </trkpt>
      <trkpt lat="48.8400639664469" lon="2.1438393389255164">
        <ele>163.89000000000001</ele>
      </trkpt>
      <trkpt lat="48.84006" lon="2.14384">
        <ele>163.88542583528087</ele>
      </trkpt>
      <trkpt lat="48.84" lon="2.1438800000000002">
        <ele>163.81031583350955</ele>
      </trkpt>
      <trkpt lat="48.83999444167453" lon="2.1439055682971766">
        <ele>163.79000000000002</ele>
      </trkpt>
      <trkpt lat="48.83996285123874" lon="2.144050884301812">
        <ele>163.72</ele>
      </trkpt>
      <trkpt lat="48.83988669572389" lon="2.1444011996701287">
        <ele>163.63000000000002</ele>
      </trkpt>
      <trkpt lat="48.839850000000006" lon="2.1445700000000003">
        <ele>163.9309119584415</ele>
      </trkpt>
      <trkpt lat="48.83983667433827" lon="2.144581104718108">
        <ele>163.97</ele>
      </trkpt>
      <trkpt lat="48.83979" lon="2.14462">
        <ele>164.1314359610696</ele>
      </trkpt>
      <trkpt lat="48.839754200841625" lon="2.14462">
        <ele>164.24</ele>
      </trkpt>
      <trkpt lat="48.839710000000004" lon="2.14462">
        <ele>164.40550190945896</ele>
      </trkpt>
      <trkpt lat="48.83969439997938" lon="2.1446824000825155">
        <ele>164.57000000000002</ele>
      </trkpt>
      <trkpt lat="48.839690000000004" lon="2.1447000000000003">
        <ele>164.61967718743438</ele>
      </trkpt>
      <trkpt lat="48.83961000000001" lon="2.14472">
        <ele>164.94471510746155</ele>
      </trkpt>
      <trkpt lat="48.83957299065632" lon="2.1447373624081467">
        <ele>165.10000000000002</ele>
      </trkpt>
      <trkpt lat="48.83944581545675" lon="2.1447970248474535">
        <ele>165.58</ele>
      </trkpt>
      <trkpt lat="48.83931778096529" lon="2.1448570904113504">
        <ele>166.01000000000002</ele>
      </trkpt>
      <trkpt lat="48.83914678187937" lon="2.1449373122047426">
        <ele>166.51000000000002</ele>
      </trkpt>
      <trkpt lat="48.83906171198235" lon="2.144977221539144">
        <ele>166.72</ele>
      </trkpt>
      <trkpt lat="48.83889071289644" lon="2.1450574433325365">
        <ele>167.05</ele>
      </trkpt>
      <trkpt lat="48.838805642999425" lon="2.1450973526669377">
        <ele>167.17000000000002</ele>
      </trkpt>
      <trkpt lat="48.838800000000006" lon="2.1451000000000002">
        <ele>167.1739800208686</ele>
      </trkpt>
      <trkpt lat="48.83872133585335" lon="2.1451408256963673">
        <ele>167.23000000000002</ele>
      </trkpt>
      <trkpt lat="48.83863708289802" lon="2.145184551913692">
        <ele>167.24000000000004</ele>
      </trkpt>
      <trkpt lat="48.838469428027295" lon="2.145271562669379">
        <ele>167.56</ele>
      </trkpt>
      <trkpt lat="48.83834432515423" lon="2.1453364894769216">
        <ele>167.78</ele>
      </trkpt>
      <trkpt lat="48.838266880518525" lon="2.145376682262544">
        <ele>168.38</ele>
      </trkpt>
      <trkpt lat="48.83806007780997" lon="2.145484010250523">
        <ele>169.08</ele>
      </trkpt>
      <trkpt lat="48.83793582597686" lon="2.145548495379103">
        <ele>169.47</ele>
      </trkpt>
      <trkpt lat="48.8375792402366" lon="2.1457335588645483">
        <ele>170.41</ele>
      </trkpt>
      <trkpt lat="48.83722" lon="2.1459200000000003">
        <ele>171.35641786987773</ele>
      </trkpt>
      <trkpt lat="48.837147471433305" lon="2.145900659048881">
        <ele>171.54000000000002</ele>
      </trkpt>
      <trkpt lat="48.83701991889971" lon="2.1458666450399235">
        <ele>171.83</ele>
      </trkpt>
      <trkpt lat="48.836920000000006" lon="2.14584">
        <ele>172.02299645906072</ele>
      </trkpt>
      <trkpt lat="48.836830000000006" lon="2.14584">
        <ele>172.1942168209518</ele>
      </trkpt>
      <trkpt lat="48.83671665182865" lon="2.145846297120631">
        <ele>172.41</ele>
      </trkpt>
      <trkpt lat="48.8366294758241" lon="2.145851140231995">
        <ele>172.63</ele>
      </trkpt>
      <trkpt lat="48.836499161178125" lon="2.145858379934549">
        <ele>173.03</ele>
      </trkpt>
      <trkpt lat="48.836412883895264" lon="2.1458631731169304">
        <ele>173.26000000000002</ele>
      </trkpt>
      <trkpt lat="48.83632570789071" lon="2.1458680162282944">
        <ele>173.45000000000002</ele>
      </trkpt>
      <trkpt lat="48.83623943060785" lon="2.145872809410675">
        <ele>173.61</ele>
      </trkpt>
      <trkpt lat="48.836110000000005" lon="2.14588">
        <ele>173.71989198502868</ele>
      </trkpt>
      <trkpt lat="48.83601583733582" lon="2.145890462518242">
        <ele>173.8</ele>
      </trkpt>
      <trkpt lat="48.835930000000005" lon="2.1459">
        <ele>173.8464570884337</ele>
      </trkpt>
      <trkpt lat="48.835923588886985" lon="2.1459021370376727">
        <ele>173.85</ele>
      </trkpt>
      <trkpt lat="48.83575580924335" lon="2.1459580635855526">
        <ele>173.99</ele>
      </trkpt>
      <trkpt lat="48.835660000000004" lon="2.1459900000000003">
        <ele>174.14269666280342</ele>
      </trkpt>
      <trkpt lat="48.83565280715735" lon="2.145935154574816">
        <ele>174.20000000000002</ele>
      </trkpt>
      <trkpt lat="48.83560043928318" lon="2.145535849534198">
        <ele>174.75</ele>
      </trkpt>
      <trkpt lat="48.83557425534609" lon="2.1453361970138882">
        <ele>174.97</ele>
      </trkpt>
      <trkpt lat="48.835548071408994" lon="2.145136544493579">
        <ele>175.16</ele>
      </trkpt>
      <trkpt lat="48.835513276646964" lon="2.144871234433034">
        <ele>175.46</ele>
      </trkpt>
      <trkpt lat="48.8354783061538" lon="2.144604584422688">
        <ele>175.85</ele>
      </trkpt>
      <trkpt lat="48.83544333566064" lon="2.1443379344123423">
        <ele>176.27</ele>
      </trkpt>
      <trkpt lat="48.835420000000006" lon="2.1441600000000003">
        <ele>176.59583185306033</ele>
      </trkpt>
      <trkpt lat="48.835420000000006" lon="2.1441500000000002">
        <ele>176.61379080233286</ele>
      </trkpt>
      <trkpt lat="48.83541066263388" lon="2.144047288972694">
        <ele>176.8</ele>
      </trkpt>
      <trkpt lat="48.83541066263388" lon="2.144047288972694">
        <ele>176.81000000000003</ele>
      </trkpt>
      <trkpt lat="48.83541" lon="2.1440400000000004">
        <ele>176.82285182736604</ele>
      </trkpt>
      <trkpt lat="48.835359482682364" lon="2.1438198888302855">
        <ele>177.23000000000002</ele>
      </trkpt>
      <trkpt lat="48.83531536520379" lon="2.1436276626736337">
        <ele>177.51</ele>
      </trkpt>
      <trkpt lat="48.83527" lon="2.1434300000000004">
        <ele>177.76535666671953</ele>
      </trkpt>
      <trkpt lat="48.83525180351189" lon="2.143375410535642">
        <ele>177.84000000000003</ele>
      </trkpt>
      <trkpt lat="48.8352062980711" lon="2.1432388942132983">
        <ele>177.83</ele>
      </trkpt>
      <trkpt lat="48.835170000000005" lon="2.14313">
        <ele>177.8050102335058</ele>
      </trkpt>
      <trkpt lat="48.83513836320352" lon="2.14307463560615">
        <ele>177.79</ele>
      </trkpt>
      <trkpt lat="48.83509" lon="2.14299">
        <ele>177.72955498513977</ele>
      </trkpt>
      <trkpt lat="48.83507834988944" lon="2.142989202047222">
        <ele>177.72000000000003</ele>
      </trkpt>
      <trkpt lat="48.834945385243586" lon="2.1429800948796975">
        <ele>177.51</ele>
      </trkpt>
      <trkpt lat="48.83481152218796" lon="2.1429709261772576">
        <ele>177.23000000000002</ele>
      </trkpt>
      <trkpt lat="48.834678557542105" lon="2.1429618190097335">
        <ele>176.86</ele>
      </trkpt>
      <trkpt lat="48.834545592896255" lon="2.1429527118422094">
        <ele>176.43</ele>
      </trkpt>
      <trkpt lat="48.83447282170494" lon="2.142947727514037">
        <ele>176.25</ele>
      </trkpt>
      <trkpt lat="48.83436501253263" lon="2.142940343324153">
        <ele>175.95000000000002</ele>
      </trkpt>
      <trkpt lat="48.834360000000004" lon="2.1429400000000003">
        <ele>175.92893514883212</ele>
      </trkpt>
      <trkpt lat="48.83435" lon="2.1429400000000003">
        <ele>175.8869534262604</ele>
      </trkpt>
      <trkpt lat="48.834188950560446" lon="2.142927799284882">
        <ele>175.21</ele>
      </trkpt>
      <trkpt lat="48.83414493845391" lon="2.1429244650343873">
        <ele>175</ele>
      </trkpt>
      <trkpt lat="48.834056914240826" lon="2.1429177965333963">
        <ele>174.54</ele>
      </trkpt>
      <trkpt lat="48.83392397971496" lon="2.142907725735982">
        <ele>173.81</ele>
      </trkpt>
      <trkpt lat="48.83385122500823" lon="2.142902214015775">
        <ele>173.38</ele>
      </trkpt>
      <trkpt lat="48.83385122500823" lon="2.142902214015775">
        <ele>173.32</ele>
      </trkpt>
      <trkpt lat="48.83344972681186" lon="2.1428717974857463">
        <ele>170.96</ele>
      </trkpt>
      <trkpt lat="48.833184755966364" lon="2.1428517239368463">
        <ele>170.59</ele>
      </trkpt>
      <trkpt lat="48.83303" lon="2.14284">
        <ele>170.3101308181827</ele>
      </trkpt>
      <trkpt lat="48.83300795068298" lon="2.142835845780852">
        <ele>170.27</ele>
      </trkpt>
      <trkpt lat="48.83292673455659" lon="2.1428205441918204">
        <ele>170.18000000000004</ele>
      </trkpt>
      <trkpt lat="48.83261079490006" lon="2.1427610193289963">
        <ele>169.78</ele>
      </trkpt>
      <trkpt lat="48.83252422386423" lon="2.1427447088439853">
        <ele>170.51000000000002</ele>
      </trkpt>
      <trkpt lat="48.83248049210386" lon="2.142736469526815">
        <ele>170.90000000000003</ele>
      </trkpt>
      <trkpt lat="48.83234" lon="2.14271">
        <ele>172.23643637294018</ele>
      </trkpt>
      <trkpt lat="48.832330000000006" lon="2.14271">
        <ele>172.33083851660177</ele>
      </trkpt>
      <trkpt lat="48.83226236319812" lon="2.1426911503994757">
        <ele>172.98000000000002</ele>
      </trkpt>
      <trkpt lat="48.832175676263354" lon="2.142666991745523">
        <ele>173.77</ele>
      </trkpt>
      <trkpt lat="48.83213233279597" lon="2.142654912418547">
        <ele>174.14000000000001</ele>
      </trkpt>
      <trkpt lat="48.83208898932858" lon="2.1426428330915708">
        <ele>174.48000000000002</ele>
      </trkpt>
      <trkpt lat="48.832003186954374" lon="2.142618920954496">
        <ele>175.1</ele>
      </trkpt>
      <trkpt lat="48.83191561545904" lon="2.1425945157836663">
        <ele>175.01000000000002</ele>
      </trkpt>
      <trkpt lat="48.83187138743109" lon="2.142582189939813">
        <ele>174.92000000000002</ele>
      </trkpt>
      <trkpt lat="48.83182804396371" lon="2.142570110612837">
        <ele>174.78</ele>
      </trkpt>
      <trkpt lat="48.831783815935765" lon="2.1425577847689836">
        <ele>174.6</ele>
      </trkpt>
      <trkpt lat="48.831739587907826" lon="2.142545458925131">
        <ele>174.35</ele>
      </trkpt>
      <trkpt lat="48.83169624444044" lon="2.1425333795981545">
        <ele>174.04000000000002</ele>
      </trkpt>
      <trkpt lat="48.83168209147149" lon="2.1425294353281217">
        <ele>173.91</ele>
      </trkpt>
      <trkpt lat="48.83168209147149" lon="2.1425294353281217">
        <ele>173.84000000000003</ele>
      </trkpt>
      <trkpt lat="48.83166086201808" lon="2.1425235189230722">
        <ele>173.67000000000002</ele>
      </trkpt>
      <trkpt lat="48.831616633990144" lon="2.1425111930792187">
        <ele>173.22</ele>
      </trkpt>
      <trkpt lat="48.83157240596219" lon="2.1424988672353655">
        <ele>172.69</ele>
      </trkpt>
      <trkpt lat="48.83152906249481" lon="2.1424867879083895">
        <ele>172.09</ele>
      </trkpt>
      <trkpt lat="48.83148483446687" lon="2.1424744620645364">
        <ele>171.42000000000002</ele>
      </trkpt>
      <trkpt lat="48.831440606438925" lon="2.1424621362206833">
        <ele>170.69</ele>
      </trkpt>
      <trkpt lat="48.83130880691566" lon="2.1424254052060006">
        <ele>168.37</ele>
      </trkpt>
      <trkpt lat="48.83122211998088" lon="2.1424012465520486">
        <ele>167.05</ele>
      </trkpt>
      <trkpt lat="48.83111" lon="2.14237">
        <ele>165.42839313817603</ele>
      </trkpt>
      <trkpt lat="48.8311310190265" lon="2.142208854130197">
        <ele>163.89000000000001</ele>
      </trkpt>
      <trkpt lat="48.83114814918844" lon="2.142077522888658">
        <ele>162.53</ele>
      </trkpt>
      <trkpt lat="48.83115671426941" lon="2.142011857267889">
        <ele>161.81</ele>
      </trkpt>
      <trkpt lat="48.831174019228925" lon="2.14187918591164">
        <ele>160.27</ele>
      </trkpt>
      <trkpt lat="48.83119132418843" lon="2.1417465145553916">
        <ele>158.66000000000003</ele>
      </trkpt>
      <trkpt lat="48.831208454350374" lon="2.1416151833138524">
        <ele>157.01000000000002</ele>
      </trkpt>
      <trkpt lat="48.83121684463377" lon="2.141550857807792">
        <ele>156.88000000000002</ele>
      </trkpt>
      <trkpt lat="48.83122523491717" lon="2.1414865323017325">
        <ele>156.8</ele>
      </trkpt>
      <trkpt lat="48.831230000000005" lon="2.1414500000000003">
        <ele>156.8170378613257</ele>
      </trkpt>
      <trkpt lat="48.831211581628956" lon="2.1414455349403516">
        <ele>156.83</ele>
      </trkpt>
      <trkpt lat="48.831168953545316" lon="2.141435200859469">
        <ele>156.98000000000002</ele>
      </trkpt>
      <trkpt lat="48.831126325461675" lon="2.1414248667785865">
        <ele>157.24</ele>
      </trkpt>
      <trkpt lat="48.83099844121075" lon="2.1413938645359396">
        <ele>158.19000000000003</ele>
      </trkpt>
      <trkpt lat="48.83095581312712" lon="2.141383530455057">
        <ele>158.47</ele>
      </trkpt>
      <trkpt lat="48.83090000000001" lon="2.14137">
        <ele>158.81369234118688</ele>
      </trkpt>
      <trkpt lat="48.830890000000004" lon="2.14137">
        <ele>158.8745020153512</ele>
      </trkpt>
      <trkpt lat="48.830785490634646" lon="2.1413417542255786">
        <ele>159.52</ele>
      </trkpt>
      <trkpt lat="48.83065799042987" lon="2.1413072947107756">
        <ele>160.32999999999998</ele>
      </trkpt>
      <trkpt lat="48.83057387571145" lon="2.141284561003093">
        <ele>160.8</ele>
      </trkpt>
      <trkpt lat="48.83053226106128" lon="2.141273313800345">
        <ele>160.66000000000003</ele>
      </trkpt>
      <trkpt lat="48.83052000000001" lon="2.14127">
        <ele>160.6109558336633</ele>
      </trkpt>
      <trkpt lat="48.83048962802281" lon="2.1412630578337835">
        <ele>160.49</ele>
      </trkpt>
      <trkpt lat="48.83044783038022" lon="2.1412535040869067">
        <ele>160.25</ele>
      </trkpt>
      <trkpt lat="48.83032065882937" lon="2.1412244363038555">
        <ele>159.35999999999999</ele>
      </trkpt>
      <trkpt lat="48.830278861186784" lon="2.141214882556979">
        <ele>159.10000000000002</ele>
      </trkpt>
      <trkpt lat="48.830237063544196" lon="2.141205328810102">
        <ele>158.9</ele>
      </trkpt>
      <trkpt lat="48.83019437659007" lon="2.141195571792015">
        <ele>158.76000000000002</ele>
      </trkpt>
      <trkpt lat="48.830152578947484" lon="2.141186018045138">
        <ele>158.66000000000003</ele>
      </trkpt>
      <trkpt lat="48.83010989199335" lon="2.141176261027051">
        <ele>158.60000000000002</ele>
      </trkpt>
      <trkpt lat="48.830068094350764" lon="2.141166707280174">
        <ele>158.58</ele>
      </trkpt>
      <trkpt lat="48.83002540739664" lon="2.141156950262087">
        <ele>158.58</ele>
      </trkpt>
      <trkpt lat="48.829856438203194" lon="2.141118328732159">
        <ele>158.63000000000002</ele>
      </trkpt>
      <trkpt lat="48.829820000000005" lon="2.1411100000000003">
        <ele>158.61256446969756</ele>
      </trkpt>
      <trkpt lat="48.82978668210969" lon="2.141161827829379">
        <ele>158.59</ele>
      </trkpt>
      <trkpt lat="48.82972573456215" lon="2.1412566351255515">
        <ele>157.95000000000002</ele>
      </trkpt>
      <trkpt lat="48.829633999078226" lon="2.1413993347672133">
        <ele>156.92</ele>
      </trkpt>
      <trkpt lat="48.82960321114184" lon="2.1414472271127023">
        <ele>156.55</ele>
      </trkpt>
      <trkpt lat="48.82957242320545" lon="2.1414951194581917">
        <ele>156.15</ele>
      </trkpt>
      <trkpt lat="48.829550000000005" lon="2.1415300000000004">
        <ele>155.8222598642107</ele>
      </trkpt>
      <trkpt lat="48.829542661951564" lon="2.1415443703448527">
        <ele>155.7</ele>
      </trkpt>
      <trkpt lat="48.829485336638136" lon="2.141656632416989">
        <ele>154.55</ele>
      </trkpt>
      <trkpt lat="48.829485336638136" lon="2.141656632416989">
        <ele>154.46</ele>
      </trkpt>
      <trkpt lat="48.82933265287063" lon="2.1419556381283527">
        <ele>151.05</ele>
      </trkpt>
      <trkpt lat="48.82931000000001" lon="2.1420000000000003">
        <ele>150.558530692593</ele>
      </trkpt>
      <trkpt lat="48.82926849653064" lon="2.142043099756651">
        <ele>149.89000000000001</ele>
      </trkpt>
      <trkpt lat="48.829195739430396" lon="2.142118655206902">
        <ele>148.77</ele>
      </trkpt>
      <trkpt lat="48.829159360880276" lon="2.142156432932027">
        <ele>148.26</ele>
      </trkpt>
      <trkpt lat="48.82912372474954" lon="2.1421934396831706">
        <ele>147.8</ele>
      </trkpt>
      <trkpt lat="48.82908734619942" lon="2.1422312174082956">
        <ele>147.39000000000001</ele>
      </trkpt>
      <trkpt lat="48.82905" lon="2.1422700000000003">
        <ele>147.02555719648302</ele>
      </trkpt>
      <trkpt lat="48.82901030630109" lon="2.142294698301547">
        <ele>146.68</ele>
      </trkpt>
      <trkpt lat="48.82890461539449" lon="2.1423604615323195">
        <ele>146.4</ele>
      </trkpt>
      <trkpt lat="48.82878144803877" lon="2.142437098998102">
        <ele>145.35</ele>
      </trkpt>
      <trkpt lat="48.82869905906433" lon="2.142488363248862">
        <ele>144.72</ele>
      </trkpt>
      <trkpt lat="48.82861667008989" lon="2.1425396274996213">
        <ele>144.16</ele>
      </trkpt>
      <trkpt lat="48.8286" lon="2.14255">
        <ele>144.06385088815784</ele>
      </trkpt>
      <trkpt lat="48.82857367464054" lon="2.1425587751198196">
        <ele>143.92000000000002</ele>
      </trkpt>
      <trkpt lat="48.82848758932506" lon="2.1425874702249805">
        <ele>143.5</ele>
      </trkpt>
      <trkpt lat="48.82842" lon="2.1426100000000003">
        <ele>143.23574766570331</ele>
      </trkpt>
      <trkpt lat="48.828401389023114" lon="2.142620422147059">
        <ele>143.16</ele>
      </trkpt>
      <trkpt lat="48.82835919862312" lon="2.142644048771055">
        <ele>143.02</ele>
      </trkpt>
      <trkpt lat="48.82817000000001" lon="2.1427500000000004">
        <ele>142.46064522210236</ele>
      </trkpt>
      <trkpt lat="48.82817000000001" lon="2.14276">
        <ele>142.44238379693365</ele>
      </trkpt>
      <trkpt lat="48.82799000000001" lon="2.14277">
        <ele>141.94274012086984</ele>
      </trkpt>
      <trkpt lat="48.82795824354385" lon="2.14278587822808">
        <ele>141.85</ele>
      </trkpt>
      <trkpt lat="48.82795824354385" lon="2.14278587822808">
        <ele>141.82</ele>
      </trkpt>
      <trkpt lat="48.827820711698834" lon="2.1428546441505834">
        <ele>141.42000000000002</ele>
      </trkpt>
      <trkpt lat="48.82773614242768" lon="2.14289692878616">
        <ele>141.22</ele>
      </trkpt>
      <trkpt lat="48.82773" lon="2.1429">
        <ele>141.20849510547754</ele>
      </trkpt>
      <trkpt lat="48.82769150051233" lon="2.1429">
        <ele>141.14000000000001</ele>
      </trkpt>
      <trkpt lat="48.8276033669205" lon="2.1429">
        <ele>141.02</ele>
      </trkpt>
      <trkpt lat="48.827540000000006" lon="2.1429">
        <ele>140.96696503347175</ele>
      </trkpt>
      <trkpt lat="48.82752206522318" lon="2.1428856521785393">
        <ele>140.95000000000002</ele>
      </trkpt>
      <trkpt lat="48.827484666721304" lon="2.14285573337704">
        <ele>140.93</ele>
      </trkpt>
      <trkpt lat="48.82744726821943" lon="2.14282581457554">
        <ele>140.94</ele>
      </trkpt>
      <trkpt lat="48.82744" lon="2.1428200000000004">
        <ele>140.94777380810513</ele>
      </trkpt>
      <trkpt lat="48.82736404773551" lon="2.1428086071603256">
        <ele>141.02</ele>
      </trkpt>
      <trkpt lat="48.82724" lon="2.14279">
        <ele>141.20810756564234</ele>
      </trkpt>
      <trkpt lat="48.827238754538904" lon="2.142790222403768">
        <ele>141.21</ele>
      </trkpt>
      <trkpt lat="48.82715836909429" lon="2.142804576947449">
        <ele>141.38</ele>
      </trkpt>
      <trkpt lat="48.82707887682129" lon="2.1428187719962">
        <ele>141.59000000000003</ele>
      </trkpt>
      <trkpt lat="48.82696000000001" lon="2.14284">
        <ele>141.735651311293</ele>
      </trkpt>
      <trkpt lat="48.82684140177142" lon="2.1428361742506907">
        <ele>141.88</ele>
      </trkpt>
      <trkpt lat="48.82675598540581" lon="2.1428334188840585">
        <ele>142.01000000000002</ele>
      </trkpt>
      <trkpt lat="48.82666966992056" lon="2.1428306345135666">
        <ele>142.17000000000002</ele>
      </trkpt>
      <trkpt lat="48.82665" lon="2.14283">
        <ele>142.2201344864359</ele>
      </trkpt>
      <trkpt lat="48.82658488875704" lon="2.1428517037476524">
        <ele>142.39000000000001</ele>
      </trkpt>
      <trkpt lat="48.82654272459685" lon="2.1428657584677167">
        <ele>142.52</ele>
      </trkpt>
      <trkpt lat="48.826458396276465" lon="2.142893867907846">
        <ele>142.83</ele>
      </trkpt>
      <trkpt lat="48.826440000000005" lon="2.1429">
        <ele>142.90853422783718</ele>
      </trkpt>
      <trkpt lat="48.82641771816281" lon="2.142914854558131">
        <ele>143.01</ele>
      </trkpt>
      <trkpt lat="48.82641" lon="2.14292">
        <ele>143.05100428966395</ele>
      </trkpt>
      <trkpt lat="48.826332326498395" lon="2.1429108619409876">
        <ele>143.43</ele>
      </trkpt>
      <trkpt lat="48.8262892879233" lon="2.1429057985792124">
        <ele>143.66</ele>
      </trkpt>
      <trkpt lat="48.82620321077313" lon="2.142895671855662">
        <ele>144.21</ele>
      </trkpt>
      <trkpt lat="48.826117133622944" lon="2.1428855451321116">
        <ele>144.85</ele>
      </trkpt>
      <trkpt lat="48.82607409504786" lon="2.1428804817703364">
        <ele>145.20000000000002</ele>
      </trkpt>
      <trkpt lat="48.82607" lon="2.1428800000000003">
        <ele>145.23615635932072</ele>
      </trkpt>
      <trkpt lat="48.82598791924127" lon="2.1428874618871574">
        <ele>145.96</ele>
      </trkpt>
      <trkpt lat="48.825858648139494" lon="2.142899213805501">
        <ele>147.19000000000003</ele>
      </trkpt>
      <trkpt lat="48.825753615369294" lon="2.142908762239155">
        <ele>147.81000000000003</ele>
      </trkpt>
      <trkpt lat="48.82574" lon="2.14291">
        <ele>147.93203885107363</ele>
      </trkpt>
      <trkpt lat="48.82569" lon="2.1428800000000003">
        <ele>148.41304159090498</ele>
      </trkpt>
      <trkpt lat="48.82565" lon="2.14298">
        <ele>149.10229104746668</ele>
      </trkpt>
      <trkpt lat="48.82563799411713" lon="2.1430520352972113">
        <ele>149.54</ele>
      </trkpt>
      <trkpt lat="48.825630000000004" lon="2.1431">
        <ele>149.90952206033006</ele>
      </trkpt>
      <trkpt lat="48.825644419789406" lon="2.143182913789078">
        <ele>150.55</ele>
      </trkpt>
      <trkpt lat="48.82567" lon="2.14333">
        <ele>151.7196512898102</ele>
      </trkpt>
      <trkpt lat="48.825630000000004" lon="2.1434200000000003">
        <ele>152.55452564967354</ele>
      </trkpt>
      <trkpt lat="48.8256306177124" lon="2.1434310776422207">
        <ele>152.64000000000001</ele>
      </trkpt>
      <trkpt lat="48.82563813184594" lon="2.14356583110379">
        <ele>153.60000000000002</ele>
      </trkpt>
      <trkpt lat="48.82564192686288" lon="2.1436338884076127">
        <ele>154.04000000000002</ele>
      </trkpt>
      <trkpt lat="48.82564572187982" lon="2.143701945711436">
        <ele>154.45</ele>
      </trkpt>
      <trkpt lat="48.82564868199304" lon="2.1437550304084176">
        <ele>154.74</ele>
      </trkpt>
      <trkpt lat="48.82564868199304" lon="2.1437550304084176">
        <ele>154.72000000000003</ele>
      </trkpt>
      <trkpt lat="48.82566469696454" lon="2.1440422322305506">
        <ele>156.3</ele>
      </trkpt>
      <trkpt lat="48.82567228699842" lon="2.1441783468381965">
        <ele>157.13000000000002</ele>
      </trkpt>
      <trkpt lat="48.825683596148906" lon="2.144381157603589">
        <ele>158.55</ele>
      </trkpt>
      <trkpt lat="48.82568739116584" lon="2.1444492149074117">
        <ele>159.07999999999998</ele>
      </trkpt>
      <trkpt lat="48.82569490529939" lon="2.1445839683689814">
        <ele>160.18</ele>
      </trkpt>
      <trkpt lat="48.82570993356647" lon="2.1448534752921202">
        <ele>162.65</ele>
      </trkpt>
      <trkpt lat="48.825721015015944" lon="2.1450522026192838">
        <ele>164.9</ele>
      </trkpt>
      <trkpt lat="48.82573589148236" lon="2.1453189872502696">
        <ele>168.16</ele>
      </trkpt>
      <trkpt lat="48.825743329715564" lon="2.1454523795657625">
        <ele>169.72</ele>
      </trkpt>
      <trkpt lat="48.82575076794877" lon="2.1455857718812554">
        <ele>171.16</ele>
      </trkpt>
      <trkpt lat="48.825758054381296" lon="2.1457164419045953">
        <ele>172.5</ele>
      </trkpt>
      <trkpt lat="48.825765264913485" lon="2.145845750781859">
        <ele>173.41</ele>
      </trkpt>
      <trkpt lat="48.825772475445675" lon="2.1459750596591225">
        <ele>174.26000000000002</ele>
      </trkpt>
      <trkpt lat="48.82577968597787" lon="2.146104368536386">
        <ele>175.01000000000002</ele>
      </trkpt>
      <trkpt lat="48.82578" lon="2.14611">
        <ele>175.03656579252117</ele>
      </trkpt>
      <trkpt lat="48.82578" lon="2.1461">
        <ele>175.08357128335007</ele>
      </trkpt>
      <trkpt lat="48.82578624107304" lon="2.1462137262198446">
        <ele>175.62000000000003</ele>
      </trkpt>
      <trkpt lat="48.82579333811023" lon="2.146343050008732">
        <ele>176.14000000000001</ele>
      </trkpt>
      <trkpt lat="48.825800435147436" lon="2.1464723737976192">
        <ele>176.6</ele>
      </trkpt>
      <trkpt lat="48.8258110433504" lon="2.1466656788294296">
        <ele>177.22</ele>
      </trkpt>
      <trkpt lat="48.825818364504556" lon="2.14679908652744">
        <ele>177.36</ele>
      </trkpt>
      <trkpt lat="48.825829420941446" lon="2.1470005593774957">
        <ele>177.65</ele>
      </trkpt>
      <trkpt lat="48.82583681680127" lon="2.147135328378547">
        <ele>177.77</ele>
      </trkpt>
      <trkpt lat="48.825840552083996" lon="2.1472033935305923">
        <ele>177.81000000000003</ele>
      </trkpt>
      <trkpt lat="48.82585922849767" lon="2.147543719290822">
        <ele>177.98000000000002</ele>
      </trkpt>
      <trkpt lat="48.825865578478314" lon="2.1476594300493006">
        <ele>178.02</ele>
      </trkpt>
      <trkpt lat="48.82587775550003" lon="2.14788132244497">
        <ele>178.1</ele>
      </trkpt>
      <trkpt lat="48.825900092490784" lon="2.148288352054205">
        <ele>178.32</ele>
      </trkpt>
      <trkpt lat="48.82591197068987" lon="2.1485047992377115">
        <ele>178.21</ele>
      </trkpt>
      <trkpt lat="48.82592646358688" lon="2.1487688920276495">
        <ele>177.95000000000002</ele>
      </trkpt>
      <trkpt lat="48.82595305879995" lon="2.149253515910217">
        <ele>177.61</ele>
      </trkpt>
      <trkpt lat="48.825959035252325" lon="2.14936242015349">
        <ele>177.54</ele>
      </trkpt>
      <trkpt lat="48.82596" lon="2.1493800000000003">
        <ele>177.52556672309115</ele>
      </trkpt>
      <trkpt lat="48.82567993235613" lon="2.1495166183628673">
        <ele>177.16</ele>
      </trkpt>
      <trkpt lat="48.82555000000001" lon="2.1495800000000003">
        <ele>177.07177576418425</ele>
      </trkpt>
      <trkpt lat="48.825532615083674" lon="2.1495882578352594">
        <ele>177.06000000000003</ele>
      </trkpt>
      <trkpt lat="48.825532615083674" lon="2.1495882578352594">
        <ele>177.07</ele>
      </trkpt>
      <trkpt lat="48.82523219905388" lon="2.149730955449407">
        <ele>177.07</ele>
      </trkpt>
      <trkpt lat="48.82519357413577" lon="2.1497493022855116">
        <ele>176.86</ele>
      </trkpt>
      <trkpt lat="48.8251515158916" lon="2.1497692799514923">
        <ele>176.82</ele>
      </trkpt>
      <trkpt lat="48.82515" lon="2.14977">
        <ele>176.81909098255292</ele>
      </trkpt>
      <trkpt lat="48.8252" lon="2.14997">
        <ele>176.73848133990563</ele>
      </trkpt>
      <trkpt lat="48.82529887940763" lon="2.1499308602344778">
        <ele>176.68</ele>
      </trkpt>
      <trkpt lat="48.82545639597828" lon="2.1498685099252657">
        <ele>176.61</ele>
      </trkpt>
      <trkpt lat="48.825586064315445" lon="2.149817182875141">
        <ele>176.42000000000002</ele>
      </trkpt>
      <trkpt lat="48.82567221978778" lon="2.1497830796673396">
        <ele>176.32</ele>
      </trkpt>
      <trkpt lat="48.825680000000006" lon="2.1497800000000002">
        <ele>176.31339990499123</ele>
      </trkpt>
      <trkpt lat="48.82580147164464" lon="2.149729386814738">
        <ele>176.21</ele>
      </trkpt>
      <trkpt lat="48.82588646544809" lon="2.149693972729964">
        <ele>176.16</ele>
      </trkpt>
      <trkpt lat="48.82594283888916" lon="2.149670483796186">
        <ele>176.09000000000003</ele>
      </trkpt>
      <trkpt lat="48.826040000000006" lon="2.14963">
        <ele>176.1394246525448</ele>
      </trkpt>
      <trkpt lat="48.82604858229012" lon="2.1496600380154036">
        <ele>176.15</ele>
      </trkpt>
      <trkpt lat="48.826086891629764" lon="2.149794120704152">
        <ele>176.23000000000002</ele>
      </trkpt>
      <trkpt lat="48.826100000000004" lon="2.14984">
        <ele>176.2746117081154</ele>
      </trkpt>
      <trkpt lat="48.826100000000004" lon="2.14983">
        <ele>176.2835316213475</ele>
      </trkpt>
      <trkpt lat="48.8261723708447" lon="2.150071236148995">
        <ele>176.52</ele>
      </trkpt>
      <trkpt lat="48.826196237501215" lon="2.1501507916707094">
        <ele>176.54</ele>
      </trkpt>
      <trkpt lat="48.82625" lon="2.1503300000000003">
        <ele>176.5105780294204</ele>
      </trkpt>
      <trkpt lat="48.82641281838181" lon="2.1502177114608196">
        <ele>176.47</ele>
      </trkpt>
      <trkpt lat="48.82653319267116" lon="2.1501346947095494">
        <ele>176.42000000000002</ele>
      </trkpt>
      <trkpt lat="48.82683699444901" lon="2.1499251762420584">
        <ele>176.45000000000002</ele>
      </trkpt>
      <trkpt lat="48.82683699444901" lon="2.1499251762420584">
        <ele>176.44</ele>
      </trkpt>
      <trkpt lat="48.82693853466588" lon="2.149855148506293">
        <ele>176.46</ele>
      </trkpt>
      <trkpt lat="48.8271121356818" lon="2.149735423667727">
        <ele>176.45000000000002</ele>
      </trkpt>
      <trkpt lat="48.82712" lon="2.1497300000000004">
        <ele>176.44766708469052</ele>
      </trkpt>
      <trkpt lat="48.82717" lon="2.1499">
        <ele>176.41455769854508</ele>
      </trkpt>
      <trkpt lat="48.82717" lon="2.14989">
        <ele>176.41277948213843</ele>
      </trkpt>
      <trkpt lat="48.827206280265344" lon="2.1500056433457795">
        <ele>176.39000000000001</ele>
      </trkpt>
      <trkpt lat="48.82724458179331" lon="2.150127729466175">
        <ele>176.39000000000001</ele>
      </trkpt>
      <trkpt lat="48.827310738977985" lon="2.150338605492313">
        <ele>176.42000000000002</ele>
      </trkpt>
      <trkpt lat="48.82733" lon="2.1504000000000003">
        <ele>176.44448442122297</ele>
      </trkpt>
      <trkpt lat="48.827339192653206" lon="2.150393696466371">
        <ele>176.45000000000002</ele>
      </trkpt>
      <trkpt lat="48.827491652033046" lon="2.150289152891626">
        <ele>176.61</ele>
      </trkpt>
      <trkpt lat="48.82754493084859" lon="2.1502526188466877">
        <ele>176.70000000000002</ele>
      </trkpt>
      <trkpt lat="48.82777853796286" lon="2.1500924311111906">
        <ele>176.98000000000002</ele>
      </trkpt>
      <trkpt lat="48.827895751357026" lon="2.1500120562123275">
        <ele>177.15</ele>
      </trkpt>
      <trkpt lat="48.827895751357026" lon="2.1500120562123275">
        <ele>177.14000000000001</ele>
      </trkpt>
      <trkpt lat="48.8280187024698" lon="2.149927746877855">
        <ele>177.33</ele>
      </trkpt>
      <trkpt lat="48.828030000000005" lon="2.1499200000000003">
        <ele>177.34305753536214</ele>
      </trkpt>
      <trkpt lat="48.828096394895965" lon="2.149873760697456">
        <ele>177.42000000000002</ele>
      </trkpt>
      <trkpt lat="48.82817405735018" lon="2.1498196743454194">
        <ele>177.49</ele>
      </trkpt>
      <trkpt lat="48.828251719804385" lon="2.1497655879933824">
        <ele>177.51</ele>
      </trkpt>
      <trkpt lat="48.82831957226438" lon="2.149718333601603">
        <ele>177.50000000000003</ele>
      </trkpt>
      <trkpt lat="48.82843892719399" lon="2.149635211418473">
        <ele>177.32</ele>
      </trkpt>
      <trkpt lat="48.82849451716121" lon="2.149596496977015">
        <ele>177.17000000000002</ele>
      </trkpt>
      <trkpt lat="48.828559917122654" lon="2.1495509505752994">
        <ele>176.97</ele>
      </trkpt>
      <trkpt lat="48.828590000000005" lon="2.1495300000000004">
        <ele>176.84984114798556</ele>
      </trkpt>
      <trkpt lat="48.82860010527404" lon="2.14952350375241">
        <ele>176.81000000000003</ele>
      </trkpt>
      <trkpt lat="48.8286406875345" lon="2.1494974151563966">
        <ele>176.62000000000003</ele>
      </trkpt>
      <trkpt lat="48.828721023846036" lon="2.1494457703846974">
        <ele>176.18</ele>
      </trkpt>
      <trkpt lat="48.82873000000001" lon="2.1494400000000002">
        <ele>176.12249211339548</ele>
      </trkpt>
      <trkpt lat="48.828761169631306" lon="2.1494181812580893">
        <ele>175.92000000000002</ele>
      </trkpt>
      <trkpt lat="48.82884039651144" lon="2.149362722441995">
        <ele>175.35</ele>
      </trkpt>
      <trkpt lat="48.82891962339158" lon="2.1493072636259">
        <ele>174.74</ele>
      </trkpt>
      <trkpt lat="48.82893000000001" lon="2.1493">
        <ele>174.69462709590255</ele>
      </trkpt>
      <trkpt lat="48.82896137600714" lon="2.1494063298019848">
        <ele>174.39000000000001</ele>
      </trkpt>
      <trkpt lat="48.82897940067181" lon="2.149467413387778">
        <ele>174.25</ele>
      </trkpt>
      <trkpt lat="48.82899742533647" lon="2.1495284969735704">
        <ele>174.17000000000002</ele>
      </trkpt>
      <trkpt lat="48.82901545000113" lon="2.149589580559363">
        <ele>174.14000000000001</ele>
      </trkpt>
      <trkpt lat="48.82903347466579" lon="2.149650664145156">
        <ele>174.18</ele>
      </trkpt>
      <trkpt lat="48.82905149933045" lon="2.1497117477309486">
        <ele>174.25</ele>
      </trkpt>
      <trkpt lat="48.82906952399511" lon="2.1497728313167412">
        <ele>174.36</ele>
      </trkpt>
      <trkpt lat="48.82910373407294" lon="2.149888765469368">
        <ele>174.97</ele>
      </trkpt>
      <trkpt lat="48.82911000000001" lon="2.14991">
        <ele>175.097754287931</ele>
      </trkpt>
      <trkpt lat="48.82911000000001" lon="2.1499">
        <ele>175.15265459395042</ele>
      </trkpt>
      <trkpt lat="48.829170260675355" lon="2.1501039592088462">
        <ele>176.38</ele>
      </trkpt>
      <trkpt lat="48.8291875678555" lon="2.1501625373570707">
        <ele>176.71</ele>
      </trkpt>
      <trkpt lat="48.829204875035664" lon="2.1502211155052953">
        <ele>177.02</ele>
      </trkpt>
      <trkpt lat="48.8292391211581" lon="2.150337025458165">
        <ele>177.56000000000003</ele>
      </trkpt>
      <trkpt lat="48.829240000000006" lon="2.1503400000000004">
        <ele>177.5651500631749</ele>
      </trkpt>
      <trkpt lat="48.82921" lon="2.15044">
        <ele>177.73873738917536</ele>
      </trkpt>
      <trkpt lat="48.82925" lon="2.15044">
        <ele>177.8347160868898</ele>
      </trkpt>
      <trkpt lat="48.82929709261248" lon="2.150487092612478">
        <ele>177.97000000000003</ele>
      </trkpt>
      <trkpt lat="48.82934" lon="2.1505300000000003">
        <ele>177.897161243565</ele>
      </trkpt>
      <trkpt lat="48.829367810546096" lon="2.1506481948209246">
        <ele>177.78000000000003</ele>
      </trkpt>
      <trkpt lat="48.82938" lon="2.1507">
        <ele>177.7120731749633</ele>
      </trkpt>
      <trkpt lat="48.82938" lon="2.15069">
        <ele>177.69972618471917</ele>
      </trkpt>
      <trkpt lat="48.82941085993733" lon="2.1509611265922786">
        <ele>177.36</ele>
      </trkpt>
      <trkpt lat="48.82944135075267" lon="2.151229010184143">
        <ele>177.11</ele>
      </trkpt>
      <trkpt lat="48.82948103477866" lon="2.1515776626981777">
        <ele>176.71</ele>
      </trkpt>
      <trkpt lat="48.82948103477866" lon="2.1515776626981777">
        <ele>176.72</ele>
      </trkpt>
      <trkpt lat="48.829503711364936" lon="2.1517768927061973">
        <ele>176.52</ele>
      </trkpt>
      <trkpt lat="48.82952" lon="2.15192">
        <ele>176.41558968773882</ele>
      </trkpt>
      <trkpt lat="48.829600000000006" lon="2.1523600000000003">
        <ele>176.08741878649104</ele>
      </trkpt>
      <trkpt lat="48.82960380114051" lon="2.1523685525661254">
        <ele>176.08</ele>
      </trkpt>
      <trkpt lat="48.829640000000005" lon="2.15245">
        <ele>176.02591366744826</ele>
      </trkpt>
      <trkpt lat="48.82968" lon="2.1524900000000002">
        <ele>175.98587583929705</ele>
      </trkpt>
      <trkpt lat="48.829570000000004" lon="2.15269">
        <ele>175.84243904484288</ele>
      </trkpt>
      <trkpt lat="48.829615171911904" lon="2.152780343823797">
        <ele>175.78000000000003</ele>
      </trkpt>
      <trkpt lat="48.82967000000001" lon="2.15289">
        <ele>175.6970783932372</ele>
      </trkpt>
      <trkpt lat="48.829730000000005" lon="2.15321">
        <ele>175.49671355087378</ele>
      </trkpt>
      <trkpt lat="48.82973477156378" lon="2.1534867506992716">
        <ele>175.33</ele>
      </trkpt>
      <trkpt lat="48.82974" lon="2.1537900000000003">
        <ele>175.0818604584161</ele>
      </trkpt>
      <trkpt lat="48.82974" lon="2.1539634259720666">
        <ele>174.94</ele>
      </trkpt>
      <trkpt lat="48.82974" lon="2.15437">
        <ele>174.6440649983253</ele>
      </trkpt>
      <trkpt lat="48.82972312894453" lon="2.15469055005407">
        <ele>174.41</ele>
      </trkpt>
      <trkpt lat="48.829707432598866" lon="2.154988780621604">
        <ele>174.24</ele>
      </trkpt>
      <trkpt lat="48.82968600242831" lon="2.155395953862211">
        <ele>174.09000000000003</ele>
      </trkpt>
      <trkpt lat="48.82967000000001" lon="2.1557000000000004">
        <ele>174.05013025812892</ele>
      </trkpt>
      <trkpt lat="48.829643694068196" lon="2.1560043972110146">
        <ele>174.01000000000002</ele>
      </trkpt>
      <trkpt lat="48.82963198846737" lon="2.1561398477347797">
        <ele>174.01000000000002</ele>
      </trkpt>
      <trkpt lat="48.829600000000006" lon="2.1565100000000004">
        <ele>174.06483776988654</ele>
      </trkpt>
      <trkpt lat="48.829595093666306" lon="2.156544344335879">
        <ele>174.07</ele>
      </trkpt>
      <trkpt lat="48.82954760399846" lon="2.1568767720107838">
        <ele>174.06000000000003</ele>
      </trkpt>
      <trkpt lat="48.82952872256426" lon="2.1570089420502034">
        <ele>174.1</ele>
      </trkpt>
      <trkpt lat="48.82952" lon="2.15707">
        <ele>174.1640283673889</ele>
      </trkpt>
      <trkpt lat="48.82949685682416" lon="2.1572080325130893">
        <ele>174.31000000000003</ele>
      </trkpt>
      <trkpt lat="48.82947488238902" lon="2.157339094322648">
        <ele>174.42000000000002</ele>
      </trkpt>
      <trkpt lat="48.82946378418946" lon="2.1574052871557576">
        <ele>174.45000000000002</ele>
      </trkpt>
      <trkpt lat="48.82931995152312" lon="2.1582631462728665">
        <ele>174.68</ele>
      </trkpt>
      <trkpt lat="48.829240000000006" lon="2.1587400000000003">
        <ele>174.31762533093712</ele>
      </trkpt>
      <trkpt lat="48.82919342928663" lon="2.158912976935375">
        <ele>174.18</ele>
      </trkpt>
      <trkpt lat="48.829170000000005" lon="2.1590000000000003">
        <ele>174.13381035044148</ele>
      </trkpt>
      <trkpt lat="48.82905467472304" lon="2.1592594818731667">
        <ele>173.98000000000002</ele>
      </trkpt>
      <trkpt lat="48.82905" lon="2.1592700000000002">
        <ele>173.97148441186337</ele>
      </trkpt>
      <trkpt lat="48.82896765033865" lon="2.1593550061020403">
        <ele>173.87000000000003</ele>
      </trkpt>
      <trkpt lat="48.82875863399929" lon="2.1595707649039606">
        <ele>173.63</ele>
      </trkpt>
      <trkpt lat="48.82874" lon="2.15959">
        <ele>173.61235816269254</ele>
      </trkpt>
      <trkpt lat="48.82856" lon="2.15973">
        <ele>173.45400488657546</ele>
      </trkpt>
      <trkpt lat="48.82834458695084" lon="2.1598128511727555">
        <ele>173.28</ele>
      </trkpt>
      <trkpt lat="48.828300000000006" lon="2.1598300000000004">
        <ele>173.23633238038965</ele>
      </trkpt>
      <trkpt lat="48.828390000000006" lon="2.1599600000000003">
        <ele>173.11842002485835</ele>
      </trkpt>
      <trkpt lat="48.828450000000004" lon="2.1601000000000004">
        <ele>173.01400852925815</ele>
      </trkpt>
      <trkpt lat="48.82846000000001" lon="2.16054">
        <ele>172.73883638074517</ele>
      </trkpt>
      <trkpt lat="48.82845311705368" lon="2.1606174331462062">
        <ele>172.69</ele>
      </trkpt>
      <trkpt lat="48.82844168488873" lon="2.1607460450017726">
        <ele>172.54000000000002</ele>
      </trkpt>
      <trkpt lat="48.82842" lon="2.16099">
        <ele>172.15862650323646</ele>
      </trkpt>
      <trkpt lat="48.82842" lon="2.161002023022583">
        <ele>172.14000000000001</ele>
      </trkpt>
      <trkpt lat="48.82842" lon="2.16109">
        <ele>171.99425174160965</ele>
      </trkpt>
      <trkpt lat="48.82842976789253" lon="2.161260938119306">
        <ele>171.71</ele>
      </trkpt>
      <trkpt lat="48.82843715605094" lon="2.1613902308914206">
        <ele>171.52</ele>
      </trkpt>
      <trkpt lat="48.82844" lon="2.1614400000000002">
        <ele>171.4622599874305</ele>
      </trkpt>
      <trkpt lat="48.82845183488397" lon="2.1615177720946455">
        <ele>171.37</ele>
      </trkpt>
      <trkpt lat="48.8284805960581" lon="2.1617067740960403">
        <ele>171.25</ele>
      </trkpt>
      <trkpt lat="48.8285105724931" lon="2.1619037620974946">
        <ele>171.21</ele>
      </trkpt>
      <trkpt lat="48.82854034638462" lon="2.162099419098938">
        <ele>171.15000000000003</ele>
      </trkpt>
      <trkpt lat="48.82854480234117" lon="2.162128701099155">
        <ele>171.11</ele>
      </trkpt>
      <trkpt lat="48.82858288051538" lon="2.1623789291010014">
        <ele>170.66</ele>
      </trkpt>
      <trkpt lat="48.82860212214595" lon="2.1625053741019347">
        <ele>170.49</ele>
      </trkpt>
      <trkpt lat="48.82862095868957" lon="2.1626291571028484">
        <ele>170.37</ele>
      </trkpt>
      <trkpt lat="48.828640200320145" lon="2.1627556021037817">
        <ele>170.29000000000002</ele>
      </trkpt>
      <trkpt lat="48.82865" lon="2.16282">
        <ele>170.26962817169746</ele>
      </trkpt>
      <trkpt lat="48.82865084893746" lon="2.162883670309064">
        <ele>170.25</ele>
      </trkpt>
      <trkpt lat="48.8286525607653" lon="2.163012057397288">
        <ele>170.26000000000002</ele>
      </trkpt>
      <trkpt lat="48.82865427259314" lon="2.163140444485512">
        <ele>170.32000000000002</ele>
      </trkpt>
      <trkpt lat="48.82865875248304" lon="2.1634764362270333">
        <ele>169.99</ele>
      </trkpt>
      <trkpt lat="48.828660000000006" lon="2.16357">
        <ele>169.92426409574315</ele>
      </trkpt>
      <trkpt lat="48.82865637294346" lon="2.1637468190067777">
        <ele>169.8</ele>
      </trkpt>
      <trkpt lat="48.828653600055844" lon="2.1638819972780503">
        <ele>169.73000000000002</ele>
      </trkpt>
      <trkpt lat="48.828649454728904" lon="2.164084081966418">
        <ele>169.69</ele>
      </trkpt>
      <trkpt lat="48.828645309401956" lon="2.1642861666547857">
        <ele>169.69</ele>
      </trkpt>
      <trkpt lat="48.828638111097746" lon="2.164637083985262">
        <ele>169.63</ele>
      </trkpt>
      <trkpt lat="48.828631388945944" lon="2.1649647888853174">
        <ele>169.58</ele>
      </trkpt>
      <trkpt lat="48.82862463878518" lon="2.1652938592224564">
        <ele>169.49</ele>
      </trkpt>
      <trkpt lat="48.82862" lon="2.1655200000000003">
        <ele>169.40649519302022</ele>
      </trkpt>
      <trkpt lat="48.82868502446726" lon="2.1655154023103957">
        <ele>169.37</ele>
      </trkpt>
      <trkpt lat="48.82885660925986" lon="2.1655032700523336">
        <ele>169.32000000000002</ele>
      </trkpt>
      <trkpt lat="48.829417179472316" lon="2.1654636337746855">
        <ele>169.09</ele>
      </trkpt>
      <trkpt lat="48.82954833852843" lon="2.1654543599020304">
        <ele>169.11</ele>
      </trkpt>
      <trkpt lat="48.82961" lon="2.1654500000000003">
        <ele>169.15733697003867</ele>
      </trkpt>
      <trkpt lat="48.829678525189905" lon="2.1654431474810094">
        <ele>169.21000000000004</ele>
      </trkpt>
      <trkpt lat="48.829910000000005" lon="2.16542">
        <ele>169.467058721016</ele>
      </trkpt>
      <trkpt lat="48.82993972589722" lon="2.165419613949387">
        <ele>169.5</ele>
      </trkpt>
      <trkpt lat="48.830288650223906" lon="2.1654150824646248">
        <ele>169.82000000000002</ele>
      </trkpt>
      <trkpt lat="48.83041994649116" lon="2.1654133773182966">
        <ele>169.9</ele>
      </trkpt>
      <trkpt lat="48.83055124275843" lon="2.1654116721719685">
        <ele>169.85</ele>
      </trkpt>
      <trkpt lat="48.83058002002248" lon="2.1654112984412666">
        <ele>169.82000000000002</ele>
      </trkpt>
      <trkpt lat="48.83068" lon="2.16541">
        <ele>169.73447951425808</ele>
      </trkpt>
      <trkpt lat="48.830685226823825" lon="2.165409502207255">
        <ele>169.73000000000002</ele>
      </trkpt>
      <trkpt lat="48.83077318772342" lon="2.1654011249787217">
        <ele>169.6</ele>
      </trkpt>
      <trkpt lat="48.831036172862014" lon="2.1653760787750467">
        <ele>169.14000000000001</ele>
      </trkpt>
      <trkpt lat="48.831299158000604" lon="2.1653510325713716">
        <ele>168.78</ele>
      </trkpt>
      <trkpt lat="48.83134313845041" lon="2.165346843957105">
        <ele>167.76000000000002</ele>
      </trkpt>
      <trkpt lat="48.8313880164604" lon="2.165342569860915">
        <ele>166.65</ele>
      </trkpt>
      <trkpt lat="48.8314319969102" lon="2.1653383812466487">
        <ele>165.4</ele>
      </trkpt>
      <trkpt lat="48.83147597736" lon="2.1653341926323817">
        <ele>164.01000000000002</ele>
      </trkpt>
      <trkpt lat="48.83152085536999" lon="2.165329918536192">
        <ele>162.52</ele>
      </trkpt>
      <trkpt lat="48.831697674729384" lon="2.165313078597202">
        <ele>156.23000000000002</ele>
      </trkpt>
      <trkpt lat="48.831830513638984" lon="2.1653004272724785">
        <ele>153.26</ele>
      </trkpt>
      <trkpt lat="48.83196335254858" lon="2.1652877759477556">
        <ele>150.16000000000003</ele>
      </trkpt>
      <trkpt lat="48.83200823055857" lon="2.1652835018515653">
        <ele>149.17000000000002</ele>
      </trkpt>
      <trkpt lat="48.832052211008374" lon="2.1652793132372987">
        <ele>148.26</ele>
      </trkpt>
      <trkpt lat="48.83209708901837" lon="2.1652750391411084">
        <ele>147.42000000000002</ele>
      </trkpt>
      <trkpt lat="48.832141069468165" lon="2.165270850526842">
        <ele>146.66</ele>
      </trkpt>
      <trkpt lat="48.832150000000006" lon="2.16527">
        <ele>146.52598247536696</ele>
      </trkpt>
      <trkpt lat="48.832150000000006" lon="2.16528">
        <ele>146.427391989371</ele>
      </trkpt>
      <trkpt lat="48.83217849759805" lon="2.1652777501896283">
        <ele>146.00000000000003</ele>
      </trkpt>
      <trkpt lat="48.83222340311893" lon="2.165274205016927">
        <ele>145.42000000000002</ele>
      </trkpt>
      <trkpt lat="48.8322674105294" lon="2.1652707307476797">
        <ele>144.93</ele>
      </trkpt>
      <trkpt lat="48.83231141793986" lon="2.165267256478432">
        <ele>144.53000000000003</ele>
      </trkpt>
      <trkpt lat="48.83235632346076" lon="2.1652637113057307">
        <ele>144.21</ele>
      </trkpt>
      <trkpt lat="48.832400330871224" lon="2.165260237036483">
        <ele>143.94</ele>
      </trkpt>
      <trkpt lat="48.83244433828169" lon="2.1652567627672354">
        <ele>143.72</ele>
      </trkpt>
      <trkpt lat="48.83248924380258" lon="2.1652532175945343">
        <ele>143.54</ele>
      </trkpt>
      <trkpt lat="48.832530000000006" lon="2.1652500000000003">
        <ele>143.39182060204848</ele>
      </trkpt>
      <trkpt lat="48.832577286960145" lon="2.1652527815858904">
        <ele>143.22</ele>
      </trkpt>
      <trkpt lat="48.83266625320435" lon="2.1652580148943734">
        <ele>142.38</ele>
      </trkpt>
      <trkpt lat="48.83284328704386" lon="2.165268428649638">
        <ele>140.48000000000002</ele>
      </trkpt>
      <trkpt lat="48.83287000000001" lon="2.16527">
        <ele>140.21914193732388</ele>
      </trkpt>
      <trkpt lat="48.832872603417336" lon="2.1652960341733083">
        <ele>140.05</ele>
      </trkpt>
      <trkpt lat="48.83287922193827" lon="2.165362219382604">
        <ele>139.65000000000003</ele>
      </trkpt>
      <trkpt lat="48.832885975531056" lon="2.1654297553104573">
        <ele>139.29000000000002</ele>
      </trkpt>
      <trkpt lat="48.832892594051984" lon="2.165495940519753">
        <ele>138.97</ele>
      </trkpt>
      <trkpt lat="48.83289921257291" lon="2.1655621257290494">
        <ele>138.68</ele>
      </trkpt>
      <trkpt lat="48.83290583109384" lon="2.165628310938345">
        <ele>138.43</ele>
      </trkpt>
      <trkpt lat="48.832912584686625" lon="2.1656958468661984">
        <ele>138.23000000000002</ele>
      </trkpt>
      <trkpt lat="48.83292582172848" lon="2.1658282172847905">
        <ele>137.95000000000002</ele>
      </trkpt>
      <trkpt lat="48.832930000000005" lon="2.16587">
        <ele>137.8868700112093</ele>
      </trkpt>
      <trkpt lat="48.83293183025422" lon="2.1658945254064528">
        <ele>137.85</ele>
      </trkpt>
      <trkpt lat="48.83293689563467" lon="2.1659624015044825">
        <ele>137.79000000000002</ele>
      </trkpt>
      <trkpt lat="48.83294185970751" lon="2.166028920080552">
        <ele>137.76000000000002</ele>
      </trkpt>
      <trkpt lat="48.83294682378035" lon="2.1660954386566216">
        <ele>137.77</ele>
      </trkpt>
      <trkpt lat="48.83295158523798" lon="2.16615924218877">
        <ele>137.8</ele>
      </trkpt>
      <trkpt lat="48.83295158523798" lon="2.16615924218877">
        <ele>137.79000000000002</ele>
      </trkpt>
      <trkpt lat="48.83295786630973" lon="2.1662434085503266">
        <ele>137.9</ele>
      </trkpt>
      <trkpt lat="48.83296283038257" lon="2.166309927126396">
        <ele>138.02</ele>
      </trkpt>
      <trkpt lat="48.83297275852826" lon="2.1664429642785343">
        <ele>138.36</ele>
      </trkpt>
      <trkpt lat="48.83298278798154" lon="2.166577358952633">
        <ele>138.76000000000002</ele>
      </trkpt>
      <trkpt lat="48.833027667252324" lon="2.167178741181178">
        <ele>140.66</ele>
      </trkpt>
      <trkpt lat="48.83303" lon="2.1672100000000003">
        <ele>140.7511704452839</ele>
      </trkpt>
      <trkpt lat="48.833145635341126" lon="2.16737011047233">
        <ele>141.44</ele>
      </trkpt>
      <trkpt lat="48.833178204254565" lon="2.167415205890937">
        <ele>141.61</ele>
      </trkpt>
      <trkpt lat="48.83324400675315" lon="2.167506317042817">
        <ele>141.87000000000003</ele>
      </trkpt>
      <trkpt lat="48.83330914458003" lon="2.167596507880031">
        <ele>142.02</ele>
      </trkpt>
      <trkpt lat="48.83340286329012" lon="2.16772627224786">
        <ele>141.3</ele>
      </trkpt>
      <trkpt lat="48.833464677758485" lon="2.167811861511747">
        <ele>140.78</ele>
      </trkpt>
      <trkpt lat="48.83358963603862" lon="2.167984880668852">
        <ele>139.67000000000002</ele>
      </trkpt>
      <trkpt lat="48.83368" lon="2.16811">
        <ele>138.83692768654322</ele>
      </trkpt>
      <trkpt lat="48.833670000000005" lon="2.16811">
        <ele>138.76879127843398</ele>
      </trkpt>
      <trkpt lat="48.833729261911955" lon="2.1681895357239367">
        <ele>138.23000000000002</ele>
      </trkpt>
      <trkpt lat="48.833791942444876" lon="2.1682736595970606">
        <ele>137.68000000000004</ele>
      </trkpt>
      <trkpt lat="48.83385327500934" lon="2.1683559743546335">
        <ele>137.55</ele>
      </trkpt>
      <trkpt lat="48.833969200296025" lon="2.1685115582920234">
        <ele>137.06</ele>
      </trkpt>
      <trkpt lat="48.834050000000005" lon="2.16862">
        <ele>136.75332083819148</ele>
      </trkpt>
      <trkpt lat="48.834051738831015" lon="2.1686321718170767">
        <ele>136.73000000000002</ele>
      </trkpt>
      <trkpt lat="48.83408702537942" lon="2.1688791776558203">
        <ele>136.16</ele>
      </trkpt>
      <trkpt lat="48.834101139998765" lon="2.168977979991318">
        <ele>136</ele>
      </trkpt>
      <trkpt lat="48.83416446504778" lon="2.169421255334361">
        <ele>135.20000000000002</ele>
      </trkpt>
      <trkpt lat="48.83417000000001" lon="2.1694600000000004">
        <ele>135.09658265598983</ele>
      </trkpt>
      <trkpt lat="48.834189217632854" lon="2.1696752374879367">
        <ele>134.53</ele>
      </trkpt>
      <trkpt lat="48.83420614079849" lon="2.169864776943093">
        <ele>134.11</ele>
      </trkpt>
      <trkpt lat="48.83422" lon="2.17002">
        <ele>133.8013194027564</ele>
      </trkpt>
      <trkpt lat="48.83423666630594" lon="2.1701449972945133">
        <ele>133.55</ele>
      </trkpt>
      <trkpt lat="48.83425826976992" lon="2.1703070232743418">
        <ele>133.25</ele>
      </trkpt>
      <trkpt lat="48.83428000000001" lon="2.1704700000000003">
        <ele>132.71379505596073</ele>
      </trkpt>
      <trkpt lat="48.83429858863832" lon="2.170463029260633">
        <ele>132.62</ele>
      </trkpt>
      <trkpt lat="48.834340498225195" lon="2.1704473131655555">
        <ele>132.39000000000001</ele>
      </trkpt>
      <trkpt lat="48.834381534695666" lon="2.1704319244891255">
        <ele>132.14000000000001</ele>
      </trkpt>
      <trkpt lat="48.83442344428255" lon="2.170416208394048">
        <ele>131.86</ele>
      </trkpt>
      <trkpt lat="48.83444876465795" lon="2.1704067132532723">
        <ele>131.66</ele>
      </trkpt>
      <trkpt lat="48.83444876465795" lon="2.1704067132532723">
        <ele>131.70000000000002</ele>
      </trkpt>
      <trkpt lat="48.83451162903826" lon="2.170383139110656">
        <ele>131.23000000000002</ele>
      </trkpt>
      <trkpt lat="48.834636484682484" lon="2.1703363182440714">
        <ele>130.23000000000002</ele>
      </trkpt>
      <trkpt lat="48.834680000000006" lon="2.1703200000000002">
        <ele>129.91284221998245</ele>
      </trkpt>
      <trkpt lat="48.83476219446046" lon="2.170344658338137">
        <ele>129.32000000000002</ele>
      </trkpt>
      <trkpt lat="48.83478" lon="2.17035">
        <ele>129.24380578349928</ele>
      </trkpt>
      <trkpt lat="48.83484784383616" lon="2.170323906216863">
        <ele>128.95000000000002</ele>
      </trkpt>
      <trkpt lat="48.83489056290567" lon="2.1703074758055116">
        <ele>128.79000000000002</ele>
      </trkpt>
      <trkpt lat="48.83510503007099" lon="2.1702249884342373">
        <ele>128.09</ele>
      </trkpt>
      <trkpt lat="48.835190468210016" lon="2.1701921276115343">
        <ele>127.76</ele>
      </trkpt>
      <trkpt lat="48.8353194972363" lon="2.1701425010629625">
        <ele>127.23</ele>
      </trkpt>
      <trkpt lat="48.83543" lon="2.1701">
        <ele>126.84199027169723</ele>
      </trkpt>
      <trkpt lat="48.83543602523774" lon="2.1701261093635096">
        <ele>126.78</ele>
      </trkpt>
      <trkpt lat="48.83547500301972" lon="2.17029501308541">
        <ele>126.57000000000001</ele>
      </trkpt>
      <trkpt lat="48.83549000000001" lon="2.17036">
        <ele>126.5032560542828</ele>
      </trkpt>
      <trkpt lat="48.83560000000001" lon="2.17035">
        <ele>126.34099760846262</ele>
      </trkpt>
      <trkpt lat="48.83563584679828" lon="2.1703815451824777">
        <ele>126.28</ele>
      </trkpt>
      <trkpt lat="48.83581950209151" lon="2.1705431618405333">
        <ele>125.5</ele>
      </trkpt>
      <trkpt lat="48.83585" lon="2.17057">
        <ele>125.39274233142402</ele>
      </trkpt>
      <trkpt lat="48.835840000000005" lon="2.17057">
        <ele>125.36231006142785</ele>
      </trkpt>
      <trkpt lat="48.8358760387117" lon="2.170597029033777">
        <ele>125.24000000000001</ele>
      </trkpt>
      <trkpt lat="48.83588" lon="2.1706000000000003">
        <ele>125.2295484241418</ele>
      </trkpt>
      <trkpt lat="48.8359071932817" lon="2.17078128854464">
        <ele>124.94000000000001</ele>
      </trkpt>
      <trkpt lat="48.835910000000005" lon="2.1708000000000003">
        <ele>124.92272231672565</ele>
      </trkpt>
      <trkpt lat="48.835966612095696" lon="2.171374208399171">
        <ele>124.4</ele>
      </trkpt>
      <trkpt lat="48.835980000000006" lon="2.17151">
        <ele>124.23081621969445</ele>
      </trkpt>
      <trkpt lat="48.836040000000004" lon="2.17166">
        <ele>124.01454031047265</ele>
      </trkpt>
      <trkpt lat="48.8360831654892" lon="2.1717258841677225">
        <ele>123.9</ele>
      </trkpt>
      <trkpt lat="48.836177062892375" lon="2.171869201256783">
        <ele>123.61000000000001</ele>
      </trkpt>
      <trkpt lat="48.83623" lon="2.1719500000000003">
        <ele>123.42158967937442</ele>
      </trkpt>
      <trkpt lat="48.83617" lon="2.17206">
        <ele>123.18548581633765</ele>
      </trkpt>
      <trkpt lat="48.836149344820015" lon="2.1721357356599498">
        <ele>123.05</ele>
      </trkpt>
      <trkpt lat="48.83614000000001" lon="2.1721700000000004">
        <ele>123.0001407348936</ele>
      </trkpt>
      <trkpt lat="48.83614212039167" lon="2.172199685483246">
        <ele>122.96000000000001</ele>
      </trkpt>
      <trkpt lat="48.83614697156957" lon="2.172267601973972">
        <ele>122.89000000000001</ele>
      </trkpt>
      <trkpt lat="48.83615" lon="2.17231">
        <ele>122.86451971301646</ele>
      </trkpt>
      <trkpt lat="48.83616077597486" lon="2.1723279599580865">
        <ele>122.85000000000001</ele>
      </trkpt>
      <trkpt lat="48.836180000000006" lon="2.1723600000000003">
        <ele>122.84358972473467</ele>
      </trkpt>
      <trkpt lat="48.836240265000264" lon="2.172368035333368">
        <ele>122.83000000000001</ele>
      </trkpt>
      <trkpt lat="48.83632895701049" lon="2.172379860934731">
        <ele>122.9</ele>
      </trkpt>
      <trkpt lat="48.836330000000004" lon="2.17238">
        <ele>122.9014111614114</ele>
      </trkpt>
      <trkpt lat="48.836360000000006" lon="2.1725000000000003">
        <ele>123.01528935012924</ele>
      </trkpt>
      <trkpt lat="48.83636274267615" lon="2.172503291211366">
        <ele>123.02</ele>
      </trkpt>
      <trkpt lat="48.83641" lon="2.1725600000000003">
        <ele>123.05043733957173</ele>
      </trkpt>
      <trkpt lat="48.83648569548649" lon="2.1725902781945954">
        <ele>123.09</ele>
      </trkpt>
      <trkpt lat="48.836510000000004" lon="2.1726">
        <ele>123.02851802668624</ele>
      </trkpt>
      <trkpt lat="48.83652981145573" lon="2.1726014151039807">
        <ele>122.98</ele>
      </trkpt>
      <trkpt lat="48.83657382962946" lon="2.172604559259247">
        <ele>122.84</ele>
      </trkpt>
      <trkpt lat="48.83661874613327" lon="2.1726077675809474">
        <ele>122.64000000000001</ele>
      </trkpt>
      <trkpt lat="48.836650000000006" lon="2.17261">
        <ele>122.4660446378909</ele>
      </trkpt>
      <trkpt lat="48.83665383231026" lon="2.172764569847158">
        <ele>121.9</ele>
      </trkpt>
      <trkpt lat="48.83665549104166" lon="2.1728314720135575">
        <ele>121.69</ele>
      </trkpt>
      <trkpt lat="48.83665714977306" lon="2.1728983741799572">
        <ele>121.53000000000002</ele>
      </trkpt>
      <trkpt lat="48.83665884235612" lon="2.172966641696691">
        <ele>121.43</ele>
      </trkpt>
      <trkpt lat="48.83666050108752" lon="2.1730335438630908">
        <ele>121.36000000000001</ele>
      </trkpt>
      <trkpt lat="48.836663852401976" lon="2.1731687135462243">
        <ele>121.29</ele>
      </trkpt>
      <trkpt lat="48.836665511133376" lon="2.173235615712624">
        <ele>121.23</ele>
      </trkpt>
      <trkpt lat="48.83667052117923" lon="2.1734376875621573">
        <ele>120.97</ele>
      </trkpt>
      <trkpt lat="48.836672213762284" lon="2.173505955078891">
        <ele>120.9</ele>
      </trkpt>
      <trkpt lat="48.836673872493684" lon="2.173572857245291">
        <ele>120.85000000000001</ele>
      </trkpt>
      <trkpt lat="48.83667553122509" lon="2.1736397594116905">
        <ele>120.83</ele>
      </trkpt>
      <trkpt lat="48.836678882539545" lon="2.173774929094824">
        <ele>120.84</ele>
      </trkpt>
      <trkpt lat="48.83668" lon="2.17382">
        <ele>120.86138332361129</ele>
      </trkpt>
      <trkpt lat="48.83662192751423" lon="2.174098747931706">
        <ele>121.00000000000001</ele>
      </trkpt>
      <trkpt lat="48.83658203464266" lon="2.1742902337152428">
        <ele>121.02000000000001</ele>
      </trkpt>
      <trkpt lat="48.83655435387463" lon="2.1744231014017785">
        <ele>121.05</ele>
      </trkpt>
      <trkpt lat="48.83653" lon="2.1745400000000004">
        <ele>121.1134531150411</ele>
      </trkpt>
      <trkpt lat="48.83653" lon="2.1745526509366777">
        <ele>121.12</ele>
      </trkpt>
      <trkpt lat="48.83653" lon="2.1746196003688243">
        <ele>121.19</ele>
      </trkpt>
      <trkpt lat="48.83653" lon="2.174686549800971">
        <ele>121.32000000000001</ele>
      </trkpt>
      <trkpt lat="48.83653" lon="2.17475">
        <ele>121.50575570562621</ele>
      </trkpt>
      <trkpt lat="48.8365289106193" lon="2.174754575398934">
        <ele>121.52</ele>
      </trkpt>
      <trkpt lat="48.836513920854884" lon="2.174817532409477">
        <ele>121.82000000000001</ele>
      </trkpt>
      <trkpt lat="48.836498931090475" lon="2.17488048942002">
        <ele>122.23</ele>
      </trkpt>
      <trkpt lat="48.836483635412506" lon="2.1749447312675128">
        <ele>122.76</ele>
      </trkpt>
      <trkpt lat="48.83646864564808" lon="2.175007688278056">
        <ele>123.37</ele>
      </trkpt>
      <trkpt lat="48.83645365588367" lon="2.175070645288599">
        <ele>124.03000000000002</ele>
      </trkpt>
      <trkpt lat="48.836434383329426" lon="2.17515159001644">
        <ele>124.60000000000001</ele>
      </trkpt>
      <trkpt lat="48.83643000000001" lon="2.17517">
        <ele>124.68151030479154</ele>
      </trkpt>
      <trkpt lat="48.836326804593064" lon="2.1753075938759237">
        <ele>125.55000000000003</ele>
      </trkpt>
      <trkpt lat="48.836286248689404" lon="2.1753616684141317">
        <ele>125</ele>
      </trkpt>
      <trkpt lat="48.83625000000001" lon="2.1754100000000003">
        <ele>124.62196840627377</ele>
      </trkpt>
      <trkpt lat="48.83624715646366" lon="2.175419099316292">
        <ele>124.57000000000001</ele>
      </trkpt>
      <trkpt lat="48.83617117209991" lon="2.1756622492803155">
        <ele>123.95</ele>
      </trkpt>
      <trkpt lat="48.83615" lon="2.17573">
        <ele>123.934961204113</ele>
      </trkpt>
      <trkpt lat="48.8361241592884" lon="2.175848128967327">
        <ele>123.91</ele>
      </trkpt>
      <trkpt lat="48.83608303351528" lon="2.176036132501579">
        <ele>123.91</ele>
      </trkpt>
      <trkpt lat="48.83608" lon="2.17605">
        <ele>123.93161261970897</ele>
      </trkpt>
      <trkpt lat="48.83605805845566" lon="2.176296842373801">
        <ele>124.30000000000001</ele>
      </trkpt>
      <trkpt lat="48.836040000000004" lon="2.1765000000000003">
        <ele>124.65761142432588</ele>
      </trkpt>
      <trkpt lat="48.83603882665126" lon="2.1765586674369395">
        <ele>124.76</ele>
      </trkpt>
      <trkpt lat="48.83603489351834" lon="2.1767553240831337">
        <ele>125.06</ele>
      </trkpt>
      <trkpt lat="48.8360308238183" lon="2.1769588090850993">
        <ele>125.24000000000001</ele>
      </trkpt>
      <trkpt lat="48.83603" lon="2.177">
        <ele>125.29232125440545</ele>
      </trkpt>
      <trkpt lat="48.83601226319596" lon="2.1770886840202146">
        <ele>125.41000000000003</ele>
      </trkpt>
      <trkpt lat="48.835986378958346" lon="2.177218105208267">
        <ele>125.62</ele>
      </trkpt>
      <trkpt lat="48.83597" lon="2.1773000000000002">
        <ele>125.77661238518222</ele>
      </trkpt>
      <trkpt lat="48.835910000000005" lon="2.17729">
        <ele>125.94440528369148</ele>
      </trkpt>
      <trkpt lat="48.83589395041836" lon="2.1772951358661246">
        <ele>125.99000000000001</ele>
      </trkpt>
      <trkpt lat="48.835763708458614" lon="2.1773368132932442">
        <ele>126.42</ele>
      </trkpt>
      <trkpt lat="48.83571090766412" lon="2.177353709547482">
        <ele>126.61</ele>
      </trkpt>
      <trkpt lat="48.835660000000004" lon="2.1773700000000002">
        <ele>126.79849591997575</ele>
      </trkpt>
      <trkpt lat="48.835632152055" lon="2.1773746413241692">
        <ele>126.9</ele>
      </trkpt>
      <trkpt lat="48.835499846109705" lon="2.1773966923150496">
        <ele>127.44</ele>
      </trkpt>
      <trkpt lat="48.835480000000004" lon="2.1774">
        <ele>127.53287857082661</ele>
      </trkpt>
      <trkpt lat="48.835413295235135" lon="2.1774213455247606">
        <ele>127.85000000000002</ele>
      </trkpt>
      <trkpt lat="48.83528305332287" lon="2.177463022936683">
        <ele>128.86</ele>
      </trkpt>
      <trkpt lat="48.83523" lon="2.17748">
        <ele>129.30847632746395</ele>
      </trkpt>
      <trkpt lat="48.835150000000006" lon="2.17756">
        <ele>130.10071062272152</ele>
      </trkpt>
      <trkpt lat="48.83509961351055" lon="2.1776365128173216">
        <ele>130.69</ele>
      </trkpt>
      <trkpt lat="48.8350372791445" lon="2.177731168706507">
        <ele>131.39000000000001</ele>
      </trkpt>
      <trkpt lat="48.83500611196148" lon="2.1777784966511">
        <ele>131.72</ele>
      </trkpt>
      <trkpt lat="48.83491197434744" lon="2.1779214463612973">
        <ele>132.63</ele>
      </trkpt>
      <trkpt lat="48.834880000000005" lon="2.17797">
        <ele>132.92067107007313</ele>
      </trkpt>
      <trkpt lat="48.834793178078655" lon="2.1779782687544142">
        <ele>133.48000000000002</ele>
      </trkpt>
      <trkpt lat="48.83470431959554" lon="2.177986731467093">
        <ele>134.02</ele>
      </trkpt>
      <trkpt lat="48.83467" lon="2.1779900000000003">
        <ele>134.20337927122165</ele>
      </trkpt>
      <trkpt lat="48.83461684488544" lon="2.1780020807078566">
        <ele>134.49</ele>
      </trkpt>
      <trkpt lat="48.8345287918282" lon="2.17802209276632">
        <ele>134.91</ele>
      </trkpt>
      <trkpt lat="48.834450000000004" lon="2.17804">
        <ele>135.24850468131868</ele>
      </trkpt>
      <trkpt lat="48.83431357794752" lon="2.1780974408642018">
        <ele>135.85</ele>
      </trkpt>
      <trkpt lat="48.83426" lon="2.1781200000000003">
        <ele>136.0581751386742</ele>
      </trkpt>
      <trkpt lat="48.834228991987075" lon="2.17813496938555">
        <ele>136.18</ele>
      </trkpt>
      <trkpt lat="48.83397" lon="2.1782600000000003">
        <ele>137.02363952045084</ele>
      </trkpt>
      <trkpt lat="48.83388884371742" lon="2.17828318750931">
        <ele>137.28</ele>
      </trkpt>
      <trkpt lat="48.833760000000005" lon="2.1783200000000003">
        <ele>137.6485615361698</ele>
      </trkpt>
      <trkpt lat="48.833600000000004" lon="2.1783300000000003">
        <ele>138.09874144032426</ele>
      </trkpt>
      <trkpt lat="48.833493645066156" lon="2.178310058449904">
        <ele>138.40000000000003</ele>
      </trkpt>
      <trkpt lat="48.83344" lon="2.1783">
        <ele>138.57581193878784</ele>
      </trkpt>
      <trkpt lat="48.83336486813793" lon="2.1782673339730074">
        <ele>138.83</ele>
      </trkpt>
      <trkpt lat="48.8332420935545" lon="2.1782139537193475">
        <ele>138.94</ele>
      </trkpt>
      <trkpt lat="48.83321" lon="2.1782000000000004">
        <ele>138.98210992830496</ele>
      </trkpt>
      <trkpt lat="48.83304457145948" lon="2.17808971430632">
        <ele>139.21</ele>
      </trkpt>
      <trkpt lat="48.83277116427411" lon="2.1779074428494036">
        <ele>139.53</ele>
      </trkpt>
      <trkpt lat="48.8327" lon="2.1778600000000004">
        <ele>139.6559317112706</ele>
      </trkpt>
      <trkpt lat="48.8324483566049" lon="2.177672730496671">
        <ele>140.11</ele>
      </trkpt>
      <trkpt lat="48.83227" lon="2.17754">
        <ele>140.3317280173217</ele>
      </trkpt>
      <trkpt lat="48.832246131119824" lon="2.1775271475260585">
        <ele>140.36</ele>
      </trkpt>
      <trkpt lat="48.83216221379428" lon="2.177481961273841">
        <ele>140.49</ele>
      </trkpt>
      <trkpt lat="48.83214" lon="2.17747">
        <ele>140.5354243158126</ele>
      </trkpt>
      <trkpt lat="48.832031451911604" lon="2.1774324256617077">
        <ele>140.75</ele>
      </trkpt>
      <trkpt lat="48.83196218100783" lon="2.1774084472719397">
        <ele>140.94</ele>
      </trkpt>
      <trkpt lat="48.83196218100783" lon="2.1774084472719397">
        <ele>140.91</ele>
      </trkpt>
      <trkpt lat="48.831892033257176" lon="2.1773841653582506">
        <ele>141.16</ele>
      </trkpt>
      <trkpt lat="48.831880000000005" lon="2.1773800000000003">
        <ele>141.21214864546235</ele>
      </trkpt>
      <trkpt lat="48.83189805826726" lon="2.177421276039441">
        <ele>141.35</ele>
      </trkpt>
      <trkpt lat="48.83194783755003" lon="2.177535057257189">
        <ele>141.79</ele>
      </trkpt>
      <trkpt lat="48.83202000000001" lon="2.1777">
        <ele>142.5780638119427</ele>
      </trkpt>
      <trkpt lat="48.83202261277405" lon="2.177703825847701">
        <ele>142.6</ele>
      </trkpt>
      <trkpt lat="48.832151465175954" lon="2.17789250257907">
        <ele>143.87000000000003</ele>
      </trkpt>
      <trkpt lat="48.83218384015131" lon="2.1779399087929816">
        <ele>144.13</ele>
      </trkpt>
      <trkpt lat="48.832216215126664" lon="2.1779873150068934">
        <ele>144.33</ele>
      </trkpt>
      <trkpt lat="48.832247942602514" lon="2.1780337730965265">
        <ele>144.46</ele>
      </trkpt>
      <trkpt lat="48.83228031757787" lon="2.1780811793104387">
        <ele>144.51</ele>
      </trkpt>
      <trkpt lat="48.832300000000004" lon="2.17811">
        <ele>144.50392048274193</ele>
      </trkpt>
      <trkpt lat="48.83231051759003" lon="2.178131492466567">
        <ele>144.50000000000003</ele>
      </trkpt>
      <trkpt lat="48.832337344873075" lon="2.178186313436284">
        <ele>144.43</ele>
      </trkpt>
      <trkpt lat="48.83236417215613" lon="2.1782411344060013">
        <ele>144.32</ele>
      </trkpt>
      <trkpt lat="48.83247094474268" lon="2.1784593218654753">
        <ele>143.68</ele>
      </trkpt>
      <trkpt lat="48.83249777202574" lon="2.1785141428351924">
        <ele>143.54</ele>
      </trkpt>
      <trkpt lat="48.83252406276313" lon="2.178567867385515">
        <ele>143.43</ele>
      </trkpt>
      <trkpt lat="48.832530000000006" lon="2.17858">
        <ele>143.41008179517226</ele>
      </trkpt>
      <trkpt lat="48.83254856903015" lon="2.178625096216076">
        <ele>143.34000000000003</ele>
      </trkpt>
      <trkpt lat="48.832600000000006" lon="2.17875">
        <ele>143.18902805812812</ele>
      </trkpt>
      <trkpt lat="48.83261237484455" lon="2.178804449316016">
        <ele>143.13</ele>
      </trkpt>
      <trkpt lat="48.83264847544313" lon="2.1789632919497617">
        <ele>143.16</ele>
      </trkpt>
      <trkpt lat="48.83265" lon="2.17897">
        <ele>143.21525944069307</ele>
      </trkpt>
      <trkpt lat="48.83265564673523" lon="2.179026467352297">
        <ele>143.66</ele>
      </trkpt>
      <trkpt lat="48.83266213015395" lon="2.179091301539464">
        <ele>144.21</ele>
      </trkpt>
      <trkpt lat="48.832668478501446" lon="2.1791547850143975">
        <ele>144.81000000000003</ele>
      </trkpt>
      <trkpt lat="48.83267000000001" lon="2.17917">
        <ele>144.96510689139595</ele>
      </trkpt>
      <trkpt lat="48.832660000000004" lon="2.1792700000000003">
        <ele>145.98454181114013</ele>
      </trkpt>
      <trkpt lat="48.83265345154349" lon="2.179414066043189">
        <ele>147.44000000000003</ele>
      </trkpt>
      <trkpt lat="48.832650539757495" lon="2.179478125335066">
        <ele>148.04</ele>
      </trkpt>
      <trkpt lat="48.83265" lon="2.1794900000000004">
        <ele>148.13256909697145</ele>
      </trkpt>
      <trkpt lat="48.832639063110804" lon="2.1795410388162546">
        <ele>148.55</ele>
      </trkpt>
      <trkpt lat="48.83262570086701" lon="2.1796033959539285">
        <ele>148.97000000000003</ele>
      </trkpt>
      <trkpt lat="48.832612617003306" lon="2.179664453984568">
        <ele>149.3</ele>
      </trkpt>
      <trkpt lat="48.83259925475952" lon="2.1797268111222423">
        <ele>149.57</ele>
      </trkpt>
      <trkpt lat="48.83259" lon="2.17977">
        <ele>149.769470297356</ele>
      </trkpt>
      <trkpt lat="48.832530000000006" lon="2.1799500000000003">
        <ele>150.65555563568427</ele>
      </trkpt>
      <trkpt lat="48.832503305093326" lon="2.1800033898133684">
        <ele>150.95</ele>
      </trkpt>
      <trkpt lat="48.83247" lon="2.18007">
        <ele>151.0981268588096</ele>
      </trkpt>
      <trkpt lat="48.83246944044424" lon="2.1800706295002286">
        <ele>151.10000000000002</ele>
      </trkpt>
      <trkpt lat="48.83239933622461" lon="2.180149496747319">
        <ele>151.96</ele>
      </trkpt>
      <trkpt lat="48.832390000000004" lon="2.1801600000000003">
        <ele>152.08379852218266</ele>
      </trkpt>
      <trkpt lat="48.83236099370541" lon="2.180178854091484">
        <ele>152.42</ele>
      </trkpt>
      <trkpt lat="48.832190000000004" lon="2.1802900000000003">
        <ele>154.51384089448</ele>
      </trkpt>
      <trkpt lat="48.83216554552737" lon="2.180318315705159">
        <ele>154.86</ele>
      </trkpt>
      <trkpt lat="48.832027503085044" lon="2.180478154322585">
        <ele>156.74</ele>
      </trkpt>
      <trkpt lat="48.832" lon="2.1805100000000004">
        <ele>157.12185601112367</ele>
      </trkpt>
      <trkpt lat="48.831955438076804" lon="2.180637319780562">
        <ele>158.17000000000002</ele>
      </trkpt>
      <trkpt lat="48.83193000000001" lon="2.1807100000000004">
        <ele>158.7352458846824</ele>
      </trkpt>
      <trkpt lat="48.831904250548924" lon="2.180741471551328">
        <ele>159.07999999999998</ele>
      </trkpt>
      <trkpt lat="48.831870617254296" lon="2.180782578911435">
        <ele>159.5</ele>
      </trkpt>
      <trkpt lat="48.83184000000001" lon="2.18082">
        <ele>159.85047541510644</ele>
      </trkpt>
      <trkpt lat="48.83179531943771" lon="2.1807976597188494">
        <ele>160.27</ele>
      </trkpt>
      <trkpt lat="48.831700000000005" lon="2.18075">
        <ele>161.03954277250654</ele>
      </trkpt>
      <trkpt lat="48.8316748984047" lon="2.180724898404691">
        <ele>161.27</ele>
      </trkpt>
      <trkpt lat="48.83163884185004" lon="2.1806888418500323">
        <ele>161.56</ele>
      </trkpt>
      <trkpt lat="48.831602785295374" lon="2.180652785295374">
        <ele>161.82000000000002</ele>
      </trkpt>
      <trkpt lat="48.83155000000001" lon="2.1806">
        <ele>162.1493906356708</ele>
      </trkpt>
      <trkpt lat="48.831527237844526" lon="2.180593677179034">
        <ele>162.27</ele>
      </trkpt>
      <trkpt lat="48.83137000000001" lon="2.18055">
        <ele>162.26467846433388</ele>
      </trkpt>
      <trkpt lat="48.83135629281582" lon="2.180762461354777">
        <ele>162.26000000000002</ele>
      </trkpt>
      <trkpt lat="48.83135" lon="2.18086">
        <ele>162.24148708293347</ele>
      </trkpt>
      <trkpt lat="48.83139117214529" lon="2.18095501264297">
        <ele>162.22</ele>
      </trkpt>
      <trkpt lat="48.831458916778686" lon="2.181111346412333">
        <ele>162.15</ele>
      </trkpt>
      <trkpt lat="48.831480000000006" lon="2.18116">
        <ele>162.11799053516378</ele>
      </trkpt>
      <trkpt lat="48.831588984617476" lon="2.1815204875808734">
        <ele>161.9</ele>
      </trkpt>
      <trkpt lat="48.831610000000005" lon="2.1815900000000004">
        <ele>161.8961650376732</ele>
      </trkpt>
      <trkpt lat="48.83163647717164" lon="2.181706205364393">
        <ele>161.89000000000001</ele>
      </trkpt>
      <trkpt lat="48.831693544130594" lon="2.181956665906469">
        <ele>161.96</ele>
      </trkpt>
      <trkpt lat="48.831765024909075" lon="2.182270387100925">
        <ele>161.94</ele>
      </trkpt>
      <trkpt lat="48.831790000000005" lon="2.18238">
        <ele>161.97489172754453</ele>
      </trkpt>
      <trkpt lat="48.831795824512376" lon="2.1824629993012077">
        <ele>162</ele>
      </trkpt>
      <trkpt lat="48.83181879965288" lon="2.1827903950535164">
        <ele>162.18</ele>
      </trkpt>
      <trkpt lat="48.831830000000004" lon="2.1829500000000004">
        <ele>162.3410710853796</ele>
      </trkpt>
      <trkpt lat="48.831811144039314" lon="2.1831259889664185">
        <ele>162.52</ele>
      </trkpt>
      <trkpt lat="48.8318" lon="2.18323">
        <ele>162.60570472253656</ele>
      </trkpt>
      <trkpt lat="48.83179811208406" lon="2.1832597346760543">
        <ele>162.63000000000002</ele>
      </trkpt>
      <trkpt lat="48.83178533358057" lon="2.1834609961060534">
        <ele>162.72</ele>
      </trkpt>
      <trkpt lat="48.83177669945659" lon="2.1835969835587554">
        <ele>162.73000000000002</ele>
      </trkpt>
      <trkpt lat="48.83176" lon="2.18386">
        <ele>162.69084771533986</ele>
      </trkpt>
      <trkpt lat="48.83175078712137" lon="2.1839318604532965">
        <ele>162.68</ele>
      </trkpt>
      <trkpt lat="48.83170815059635" lon="2.184264425348508">
        <ele>162.66000000000003</ele>
      </trkpt>
      <trkpt lat="48.83167411014492" lon="2.184529940869685">
        <ele>162.54000000000002</ele>
      </trkpt>
      <trkpt lat="48.831661731798945" lon="2.1846264919682947">
        <ele>162.47</ele>
      </trkpt>
      <trkpt lat="48.83166000000001" lon="2.1846400000000004">
        <ele>162.46180088577572</ele>
      </trkpt>
      <trkpt lat="48.83162490468916" lon="2.184854700725154">
        <ele>162.33</ele>
      </trkpt>
      <trkpt lat="48.83159282781292" lon="2.185050935732747">
        <ele>162.23000000000002</ele>
      </trkpt>
      <trkpt lat="48.83154991415417" lon="2.185313466351012">
        <ele>162.15</ele>
      </trkpt>
      <trkpt lat="48.83150700049541" lon="2.1855759969692774">
        <ele>162.12</ele>
      </trkpt>
      <trkpt lat="48.83149" lon="2.18568">
        <ele>162.00851330803908</ele>
      </trkpt>
      <trkpt lat="48.83142784939287" lon="2.185811613050409">
        <ele>161.84</ele>
      </trkpt>
      <trkpt lat="48.831324580575696" lon="2.186030299957355">
        <ele>161.69</ele>
      </trkpt>
      <trkpt lat="48.831320000000005" lon="2.18604">
        <ele>161.67940836175478</ele>
      </trkpt>
      <trkpt lat="48.83126511169843" lon="2.1861308496026104">
        <ele>161.57000000000002</ele>
      </trkpt>
      <trkpt lat="48.83120490975332" lon="2.1862304942014177">
        <ele>161.38000000000002</ele>
      </trkpt>
      <trkpt lat="48.83114531590866" lon="2.186329132289126">
        <ele>161.07999999999998</ele>
      </trkpt>
      <trkpt lat="48.83111491088587" lon="2.1863794578440796">
        <ele>160.89000000000001</ele>
      </trkpt>
      <trkpt lat="48.831085113963546" lon="2.186428776887934">
        <ele>160.68</ele>
      </trkpt>
      <trkpt lat="48.831030000000005" lon="2.1865200000000002">
        <ele>160.2405673130698</ele>
      </trkpt>
      <trkpt lat="48.83102853747163" lon="2.186531212717549">
        <ele>160.20000000000002</ele>
      </trkpt>
      <trkpt lat="48.83100266750815" lon="2.1867295491041774">
        <ele>159.39000000000001</ele>
      </trkpt>
      <trkpt lat="48.831" lon="2.18675">
        <ele>159.31525419617935</ele>
      </trkpt>
      <trkpt lat="48.83099608219727" lon="2.1867957076986144">
        <ele>159.15</ele>
      </trkpt>
      <trkpt lat="48.83098470248433" lon="2.1869284710162313">
        <ele>158.77</ele>
      </trkpt>
      <trkpt lat="48.83097" lon="2.1871">
        <ele>158.48863311658627</ele>
      </trkpt>
      <trkpt lat="48.83096586928989" lon="2.1871229066651443">
        <ele>158.45000000000002</ele>
      </trkpt>
      <trkpt lat="48.830954226728444" lon="2.187187469960475">
        <ele>158.31</ele>
      </trkpt>
      <trkpt lat="48.83094282177028" lon="2.187250715637534">
        <ele>158.12</ele>
      </trkpt>
      <trkpt lat="48.83093141681212" lon="2.187313961314593">
        <ele>157.83</ele>
      </trkpt>
      <trkpt lat="48.830919774250674" lon="2.1873785246099238">
        <ele>157.42</ele>
      </trkpt>
      <trkpt lat="48.830908606895804" lon="2.18744045266871">
        <ele>156.85999999999999</ele>
      </trkpt>
      <trkpt lat="48.830908606895804" lon="2.18744045266871">
        <ele>156.82000000000002</ele>
      </trkpt>
      <trkpt lat="48.83089791474754" lon="2.1874997454909533">
        <ele>156.12</ele>
      </trkpt>
      <trkpt lat="48.83088603458279" lon="2.187565626404556">
        <ele>155.28</ele>
      </trkpt>
      <trkpt lat="48.830863224666466" lon="2.1876921177586737">
        <ele>153.47000000000003</ele>
      </trkpt>
      <trkpt lat="48.83086" lon="2.18771">
        <ele>153.22903414046357</ele>
      </trkpt>
      <trkpt lat="48.830859288400866" lon="2.1877583887412286">
        <ele>152.60000000000002</ele>
      </trkpt>
      <trkpt lat="48.83085832429305" lon="2.187823948072874">
        <ele>151.79</ele>
      </trkpt>
      <trkpt lat="48.830856396077415" lon="2.1879550667361642">
        <ele>150.34</ele>
      </trkpt>
      <trkpt lat="48.8308526802452" lon="2.1882077433268794">
        <ele>148.61</ele>
      </trkpt>
      <trkpt lat="48.830850000000005" lon="2.18839">
        <ele>147.43571684618678</ele>
      </trkpt>
      <trkpt lat="48.830780338693195" lon="2.1886293491054616">
        <ele>145.75000000000003</ele>
      </trkpt>
      <trkpt lat="48.83067160582331" lon="2.1890029440942733">
        <ele>144.1</ele>
      </trkpt>
      <trkpt lat="48.83063560397007" lon="2.189126642769499">
        <ele>143.57</ele>
      </trkpt>
      <trkpt lat="48.83059923846176" lon="2.189251590926292">
        <ele>143.13</ele>
      </trkpt>
      <trkpt lat="48.83058141936267" lon="2.1893128155231203">
        <ele>142.96</ele>
      </trkpt>
      <trkpt lat="48.830544690199275" lon="2.189439013161482">
        <ele>142.74</ele>
      </trkpt>
      <trkpt lat="48.83050832469095" lon="2.189563961318275">
        <ele>142.64000000000001</ele>
      </trkpt>
      <trkpt lat="48.830490505591875" lon="2.1896251859151037">
        <ele>142.63</ele>
      </trkpt>
      <trkpt lat="48.830472322837714" lon="2.1896876599935005">
        <ele>142.64000000000001</ele>
      </trkpt>
      <trkpt lat="48.83046" lon="2.1897300000000004">
        <ele>142.66372024150715</ele>
      </trkpt>
      <trkpt lat="48.830474593142455" lon="2.1898175588547018">
        <ele>142.71</ele>
      </trkpt>
      <trkpt lat="48.830510000000004" lon="2.19003">
        <ele>142.90015174485006</ele>
      </trkpt>
      <trkpt lat="48.83061000000001" lon="2.1901800000000002">
        <ele>143.0853937490718</ele>
      </trkpt>
      <trkpt lat="48.83062087621139" lon="2.19018322258115">
        <ele>143.1</ele>
      </trkpt>
      <trkpt lat="48.83062087621139" lon="2.19018322258115">
        <ele>143.09000000000003</ele>
      </trkpt>
      <trkpt lat="48.83068001635761" lon="2.1902007455874397">
        <ele>143.17000000000002</ele>
      </trkpt>
      <trkpt lat="48.83076563716632" lon="2.190226114715948">
        <ele>143.23000000000002</ele>
      </trkpt>
      <trkpt lat="48.830850375286296" lon="2.190251222307049">
        <ele>143.24</ele>
      </trkpt>
      <trkpt lat="48.83088" lon="2.1902600000000003">
        <ele>143.1823684503388</ele>
      </trkpt>
      <trkpt lat="48.830934597692355" lon="2.1902933652564367">
        <ele>143.07</ele>
      </trkpt>
      <trkpt lat="48.83101803179939" lon="2.1903443527662896">
        <ele>142.87000000000003</ele>
      </trkpt>
      <trkpt lat="48.83106" lon="2.19037">
        <ele>142.75</ele>
      </trkpt>
      <trkpt lat="48.83106" lon="2.19037">
        <ele>142.75</ele>
      </trkpt>
      <trkpt lat="48.831148310489446" lon="2.1903835862291454">
        <ele>142.43</ele>
      </trkpt>
      <trkpt lat="48.831193047771805" lon="2.19039046888797">
        <ele>142.24</ele>
      </trkpt>
      <trkpt lat="48.83128252233654" lon="2.1904042342056207">
        <ele>141.81</ele>
      </trkpt>
      <trkpt lat="48.831371102155614" lon="2.190417861870094">
        <ele>141.3</ele>
      </trkpt>
      <trkpt lat="48.83141583943798" lon="2.190424744528919">
        <ele>141.01000000000002</ele>
      </trkpt>
      <trkpt lat="48.831450000000004" lon="2.19043">
        <ele>140.7503822835121</ele>
      </trkpt>
      <trkpt lat="48.83149751313358" lon="2.1904738582771435">
        <ele>140.33</ele>
      </trkpt>
      <trkpt lat="48.8315351726086" lon="2.1905086208694726">
        <ele>139.95000000000002</ele>
      </trkpt>
      <trkpt lat="48.831726544226576" lon="2.1906852715937584">
        <ele>137.91</ele>
      </trkpt>
      <trkpt lat="48.83184000000001" lon="2.1907900000000002">
        <ele>136.72014436033913</ele>
      </trkpt>
      <trkpt lat="48.831968007150394" lon="2.1908604039327138">
        <ele>135.5</ele>
      </trkpt>
      <trkpt lat="48.832040000000006" lon="2.1909">
        <ele>134.86253889821955</ele>
      </trkpt>
      <trkpt lat="48.83212" lon="2.1908800000000004">
        <ele>134.187528570599</ele>
      </trkpt>
      <trkpt lat="48.83214090764911" lon="2.190873636802446">
        <ele>134.01000000000002</ele>
      </trkpt>
      <trkpt lat="48.832227324057854" lon="2.1908473361563066">
        <ele>133.45000000000002</ele>
      </trkpt>
      <trkpt lat="48.83226965046214" lon="2.1908344542071774">
        <ele>133.21</ele>
      </trkpt>
      <trkpt lat="48.83231285866651" lon="2.1908213038841073">
        <ele>133</ele>
      </trkpt>
      <trkpt lat="48.832350000000005" lon="2.1908100000000004">
        <ele>132.83667793034658</ele>
      </trkpt>
      <trkpt lat="48.832355447580426" lon="2.1908055428887496">
        <ele>132.81</ele>
      </trkpt>
      <trkpt lat="48.83239424520325" lon="2.1907737993791665">
        <ele>132.65</ele>
      </trkpt>
      <trkpt lat="48.83243225103785" lon="2.1907427036963094">
        <ele>132.52</ele>
      </trkpt>
      <trkpt lat="48.832460000000005" lon="2.1907200000000002">
        <ele>132.44132544174263</ele>
      </trkpt>
      <trkpt lat="48.832469052988856" lon="2.1907067977246015">
        <ele>132.41</ele>
      </trkpt>
      <trkpt lat="48.83250084276475" lon="2.190660437634749">
        <ele>132.35000000000002</ele>
      </trkpt>
      <trkpt lat="48.83253263254064" lon="2.190614077544896">
        <ele>132.33</ele>
      </trkpt>
      <trkpt lat="48.83256377354561" lon="2.1905686635793264">
        <ele>132.38</ele>
      </trkpt>
      <trkpt lat="48.832595563321505" lon="2.1905223034894736">
        <ele>132.49</ele>
      </trkpt>
      <trkpt lat="48.83262735309741" lon="2.1904759433996213">
        <ele>132.65</ele>
      </trkpt>
      <trkpt lat="48.832690283878264" lon="2.1903841693441986">
        <ele>133.03</ele>
      </trkpt>
      <trkpt lat="48.8327" lon="2.19037">
        <ele>133.13697283989947</ele>
      </trkpt>
      <trkpt lat="48.83273324035615" lon="2.1902684322451145">
        <ele>133.73000000000002</ele>
      </trkpt>
      <trkpt lat="48.83277287712492" lon="2.1901473198961092">
        <ele>134.47</ele>
      </trkpt>
      <trkpt lat="48.83281251389368" lon="2.1900262075471044">
        <ele>135.3</ele>
      </trkpt>
      <trkpt lat="48.8328913870598" lon="2.1897852062061554">
        <ele>137.1</ele>
      </trkpt>
      <trkpt lat="48.832911405629886" lon="2.1897240383531225">
        <ele>137.5</ele>
      </trkpt>
      <trkpt lat="48.83293102382858" lon="2.18966409385715">
        <ele>137.86</ele>
      </trkpt>
      <trkpt lat="48.83295064202725" lon="2.189604149361178">
        <ele>138.18000000000004</ele>
      </trkpt>
      <trkpt lat="48.83297066059734" lon="2.1895429815081453">
        <ele>138.45000000000002</ele>
      </trkpt>
      <trkpt lat="48.83299027879602" lon="2.1894830370121734">
        <ele>138.67000000000002</ele>
      </trkpt>
      <trkpt lat="48.8330102973661" lon="2.1894218691591405">
        <ele>138.84</ele>
      </trkpt>
      <trkpt lat="48.83302991556479" lon="2.189361924663168">
        <ele>138.96</ele>
      </trkpt>
      <trkpt lat="48.83304953376347" lon="2.1893019801671962">
        <ele>139.03</ele>
      </trkpt>
      <trkpt lat="48.83306" lon="2.18927">
        <ele>139.0456847914111</ele>
      </trkpt>
      <trkpt lat="48.83307406583121" lon="2.189245384795392">
        <ele>139.06</ele>
      </trkpt>
      <trkpt lat="48.833102953669965" lon="2.189194831077577">
        <ele>139.05</ele>
      </trkpt>
      <trkpt lat="48.83313184150872" lon="2.1891442773597616">
        <ele>139</ele>
      </trkpt>
      <trkpt lat="48.83314000000001" lon="2.18913">
        <ele>138.97232288114262</ele>
      </trkpt>
      <trkpt lat="48.83316475616311" lon="2.189097962612469">
        <ele>138.90000000000003</ele>
      </trkpt>
      <trkpt lat="48.83319830161849" lon="2.1890545508466706">
        <ele>138.77</ele>
      </trkpt>
      <trkpt lat="48.83323253167501" lon="2.189010253126468">
        <ele>138.61</ele>
      </trkpt>
      <trkpt lat="48.833266077130396" lon="2.1889668413606693">
        <ele>138.42000000000002</ele>
      </trkpt>
      <trkpt lat="48.833299622585784" lon="2.188923429594871">
        <ele>138.20000000000002</ele>
      </trkpt>
      <trkpt lat="48.833310000000004" lon="2.1889100000000004">
        <ele>138.1242083181191</ele>
      </trkpt>
      <trkpt lat="48.83333930503595" lon="2.188893149604329">
        <ele>137.95000000000002</ele>
      </trkpt>
      <trkpt lat="48.83338051853187" lon="2.1888694518441767">
        <ele>137.68000000000004</ele>
      </trkpt>
      <trkpt lat="48.83342173202779" lon="2.1888457540840243">
        <ele>137.38</ele>
      </trkpt>
      <trkpt lat="48.83349658919384" lon="2.188802711213543">
        <ele>136.78</ele>
      </trkpt>
      <trkpt lat="48.83371" lon="2.18868">
        <ele>135.01564739409343</ele>
      </trkpt>
      <trkpt lat="48.83371" lon="2.18888">
        <ele>133.99772193483966</ele>
      </trkpt>
      <trkpt lat="48.83371601797313" lon="2.1889516685889885">
        <ele>133.63</ele>
      </trkpt>
      <trkpt lat="48.83373286040403" lon="2.1891522466297184">
        <ele>132.57000000000002</ele>
      </trkpt>
      <trkpt lat="48.83376643146562" lon="2.1895520474541463">
        <ele>130.72</ele>
      </trkpt>
      <trkpt lat="48.83377200767585" lon="2.1896184550487123">
        <ele>130.44</ele>
      </trkpt>
      <trkpt lat="48.83378316009632" lon="2.1897512702378443">
        <ele>129.93</ele>
      </trkpt>
      <trkpt lat="48.83380000252721" lon="2.1899518482785743">
        <ele>129.23000000000002</ele>
      </trkpt>
      <trkpt lat="48.83382" lon="2.1901900000000003">
        <ele>128.45537817904483</ele>
      </trkpt>
      <trkpt lat="48.83382168950671" lon="2.1902846123755797">
        <ele>128.15</ele>
      </trkpt>
      <trkpt lat="48.833825298959" lon="2.1904867417037686">
        <ele>127.53</ele>
      </trkpt>
      <trkpt lat="48.83382768900174" lon="2.1906205840967585">
        <ele>127.17</ele>
      </trkpt>
      <trkpt lat="48.833830000000006" lon="2.19075">
        <ele>126.84456537894026</ele>
      </trkpt>
      <trkpt lat="48.833830000000006" lon="2.1907442056399677">
        <ele>126.83</ele>
      </trkpt>
      <trkpt lat="48.833830000000006" lon="2.1907400000000004">
        <ele>126.82019132109501</ele>
      </trkpt>
      <trkpt lat="48.833839604064075" lon="2.1911385686587854">
        <ele>125.89</ele>
      </trkpt>
      <trkpt lat="48.833850000000005" lon="2.19157">
        <ele>124.76933352653282</ele>
      </trkpt>
      <trkpt lat="48.833848138433055" lon="2.1916081621223733">
        <ele>124.67000000000002</ele>
      </trkpt>
      <trkpt lat="48.83384162499529" lon="2.1917416875967612">
        <ele>124.37</ele>
      </trkpt>
      <trkpt lat="48.83383504509386" lon="2.1918765755759892">
        <ele>124.12</ele>
      </trkpt>
      <trkpt lat="48.83382853165608" lon="2.1920101010503767">
        <ele>123.93</ele>
      </trkpt>
      <trkpt lat="48.8338220182183" lon="2.192143626524764">
        <ele>123.83000000000001</ele>
      </trkpt>
      <trkpt lat="48.83379915472244" lon="2.1926123281899605">
        <ele>123.65</ele>
      </trkpt>
      <trkpt lat="48.83379" lon="2.1928">
        <ele>123.86276955156902</ele>
      </trkpt>
      <trkpt lat="48.83377365371801" lon="2.192945808835328">
        <ele>124.03000000000002</ele>
      </trkpt>
      <trkpt lat="48.833699063981896" lon="2.1936111492814807">
        <ele>124.92000000000002</ele>
      </trkpt>
      <trkpt lat="48.8336691676909" lon="2.1938778241971453">
        <ele>125.34</ele>
      </trkpt>
      <trkpt lat="48.83365437053678" lon="2.1940098148119693">
        <ele>125.58</ele>
      </trkpt>
      <trkpt lat="48.83364168726182" lon="2.1941229496246755">
        <ele>125.82000000000001</ele>
      </trkpt>
      <trkpt lat="48.83364168726182" lon="2.1941229496246755">
        <ele>125.83</ele>
      </trkpt>
      <trkpt lat="48.833625229202624" lon="2.1942697555125914">
        <ele>126.22</ele>
      </trkpt>
      <trkpt lat="48.833602882480065" lon="2.194469088277836">
        <ele>126.81</ele>
      </trkpt>
      <trkpt lat="48.833580535757505" lon="2.19466842104308">
        <ele>127.52000000000002</ele>
      </trkpt>
      <trkpt lat="48.83356558761201" lon="2.1948017585009123">
        <ele>128.03</ele>
      </trkpt>
      <trkpt lat="48.833540000000006" lon="2.19503">
        <ele>128.9563450508548</ele>
      </trkpt>
      <trkpt lat="48.83340629707797" lon="2.1952450873093508">
        <ele>130.14000000000001</ele>
      </trkpt>
      <trkpt lat="48.8333766588545" lon="2.195292766190599">
        <ele>130.38000000000002</ele>
      </trkpt>
      <trkpt lat="48.83334702063102" lon="2.1953404450718472">
        <ele>130.58</ele>
      </trkpt>
      <trkpt lat="48.83328836164705" lon="2.195434809524318">
        <ele>130.92000000000002</ele>
      </trkpt>
      <trkpt lat="48.83323217251504" lon="2.1955252007366837">
        <ele>131</ele>
      </trkpt>
      <trkpt lat="48.83314758008552" lon="2.1956612842102463">
        <ele>131.08</ele>
      </trkpt>
      <trkpt lat="48.83304261137737" lon="2.195830146914667">
        <ele>131.10000000000002</ele>
      </trkpt>
      <trkpt lat="48.83294752207704" lon="2.195983116658672">
        <ele>131.10000000000002</ele>
      </trkpt>
      <trkpt lat="48.83294752207704" lon="2.195983116658672">
        <ele>130.25</ele>
      </trkpt>
      <trkpt lat="48.83288021861123" lon="2.196091387451506">
        <ele>130.54999999999998</ele>
      </trkpt>
      <trkpt lat="48.83285" lon="2.19614">
        <ele>130.7946997776191</ele>
      </trkpt>
      <trkpt lat="48.832812163077826" lon="2.1962004568213">
        <ele>131.10000000000002</ele>
      </trkpt>
      <trkpt lat="48.83274399965812" lon="2.196309370111489">
        <ele>131.42000000000002</ele>
      </trkpt>
      <trkpt lat="48.83274399965812" lon="2.196309370111489">
        <ele>131.31</ele>
      </trkpt>
      <trkpt lat="48.8327043409412" lon="2.1963727378439626">
        <ele>131.41</ele>
      </trkpt>
      <trkpt lat="48.83264299386345" lon="2.196470759805133">
        <ele>131.63</ele>
      </trkpt>
      <trkpt lat="48.83256305676216" lon="2.1965984853908997">
        <ele>131.99</ele>
      </trkpt>
      <trkpt lat="48.83256305676216" lon="2.1965984853908997">
        <ele>131.98000000000002</ele>
      </trkpt>
      <trkpt lat="48.83248807700048" lon="2.196718290010108">
        <ele>132.37</ele>
      </trkpt>
      <trkpt lat="48.83228916374842" lon="2.197036118793296">
        <ele>133.5</ele>
      </trkpt>
      <trkpt lat="48.83228916374842" lon="2.197036118793296">
        <ele>133.48000000000002</ele>
      </trkpt>
      <trkpt lat="48.83224206902207" lon="2.1971113679756082">
        <ele>133.77</ele>
      </trkpt>
      <trkpt lat="48.83215035823919" lon="2.1972579058569535">
        <ele>134.20000000000002</ele>
      </trkpt>
      <trkpt lat="48.832108840519915" lon="2.1973242439518867">
        <ele>134.36</ele>
      </trkpt>
      <trkpt lat="48.832108840519915" lon="2.1973242439518867">
        <ele>132.62</ele>
      </trkpt>
      <trkpt lat="48.832031382088424" lon="2.197448009054374">
        <ele>132.98999999999998</ele>
      </trkpt>
      <trkpt lat="48.831953303989486" lon="2.1975727642776817">
        <ele>133.3</ele>
      </trkpt>
      <trkpt lat="48.83193000000001" lon="2.19761">
        <ele>133.32984702470253</ele>
      </trkpt>
      <trkpt lat="48.83187343451356" lon="2.197694848229669">
        <ele>133.4</ele>
      </trkpt>
      <trkpt lat="48.83187343451356" lon="2.197694848229669">
        <ele>134.86</ele>
      </trkpt>
      <trkpt lat="48.831830000000004" lon="2.19776">
        <ele>134.86</ele>
      </trkpt>
      <trkpt lat="48.83182626810863" lon="2.197766157620768">
        <ele>134.86</ele>
      </trkpt>
      <trkpt lat="48.83174281639681" lon="2.197903852945268">
        <ele>134.78</ele>
      </trkpt>
      <trkpt lat="48.831630000000004" lon="2.19809">
        <ele>134.39649042722218</ele>
      </trkpt>
      <trkpt lat="48.83162210723901" lon="2.1981027161149402">
        <ele>134.37</ele>
      </trkpt>
      <trkpt lat="48.831450000000004" lon="2.1983800000000002">
        <ele>133.51553078646936</ele>
      </trkpt>
      <trkpt lat="48.8314168610397" lon="2.198434004231602">
        <ele>133.35000000000002</ele>
      </trkpt>
      <trkpt lat="48.831378841423536" lon="2.198495962124614">
        <ele>133.19</ele>
      </trkpt>
      <trkpt lat="48.831378841423536" lon="2.198495962124614">
        <ele>133.21</ele>
      </trkpt>
      <trkpt lat="48.831325491316974" lon="2.1985829030390023">
        <ele>132.98999999999998</ele>
      </trkpt>
      <trkpt lat="48.831267235453495" lon="2.1986778385202306">
        <ele>132.8</ele>
      </trkpt>
      <trkpt lat="48.831206526711554" lon="2.198776771284879">
        <ele>132.64000000000001</ele>
      </trkpt>
      <trkpt lat="48.83118" lon="2.19882">
        <ele>132.55348381272577</ele>
      </trkpt>
      <trkpt lat="48.831175840517446" lon="2.198826701388568">
        <ele>132.54000000000002</ele>
      </trkpt>
      <trkpt lat="48.831083296606224" lon="2.198975799912202">
        <ele>132.20000000000002</ele>
      </trkpt>
      <trkpt lat="48.831" lon="2.19911">
        <ele>131.84796432133712</ele>
      </trkpt>
      <trkpt lat="48.830864928029904" lon="2.199318235953904">
        <ele>131.29000000000002</ele>
      </trkpt>
      <trkpt lat="48.830760000000005" lon="2.1994800000000003">
        <ele>130.87441797314418</ele>
      </trkpt>
      <trkpt lat="48.83066536566152" lon="2.1996255912899882">
        <ele>130.5</ele>
      </trkpt>
      <trkpt lat="48.830630000000006" lon="2.1996800000000003">
        <ele>130.37268790550684</ele>
      </trkpt>
      <trkpt lat="48.83052563494593" lon="2.1998626388446247">
        <ele>129.97</ele>
      </trkpt>
      <trkpt lat="48.830510000000004" lon="2.1998900000000003">
        <ele>129.90369749647283</ele>
      </trkpt>
      <trkpt lat="48.830513781844665" lon="2.199990218883497">
        <ele>129.72</ele>
      </trkpt>
      <trkpt lat="48.83053" lon="2.2004200000000003">
        <ele>128.8689239782537</ele>
      </trkpt>
      <trkpt lat="48.83053" lon="2.20041">
        <ele>128.849153892625</ele>
      </trkpt>
      <trkpt lat="48.830536849328766" lon="2.20058123321914">
        <ele>128.51000000000002</ele>
      </trkpt>
      <trkpt lat="48.830540000000006" lon="2.20066">
        <ele>128.4257633033706</ele>
      </trkpt>
      <trkpt lat="48.83053051142131" lon="2.2007102103956258">
        <ele>128.37</ele>
      </trkpt>
      <trkpt lat="48.83041189703389" lon="2.2013378781956856">
        <ele>127.77000000000002</ele>
      </trkpt>
      <trkpt lat="48.830316856635605" lon="2.2018408003032657">
        <ele>127.36</ele>
      </trkpt>
      <trkpt lat="48.8303" lon="2.2019300000000004">
        <ele>127.27924409120848</ele>
      </trkpt>
      <trkpt lat="48.83028072766712" lon="2.2020282888976874">
        <ele>127.19</ele>
      </trkpt>
      <trkpt lat="48.830242218958055" lon="2.202224683313929">
        <ele>126.89</ele>
      </trkpt>
      <trkpt lat="48.83017803777628" lon="2.2025520073409988">
        <ele>126.24000000000002</ele>
      </trkpt>
      <trkpt lat="48.83013952906721" lon="2.2027484017572405">
        <ele>125.74000000000001</ele>
      </trkpt>
      <trkpt lat="48.83010102035814" lon="2.202944796173482">
        <ele>125.12</ele>
      </trkpt>
      <trkpt lat="48.8301" lon="2.20295">
        <ele>125.10116491462446</ele>
      </trkpt>
      <trkpt lat="48.83014000000001" lon="2.20304">
        <ele>124.72447502650346</ele>
      </trkpt>
      <trkpt lat="48.83016477706842" lon="2.20326299361569">
        <ele>123.94000000000001</ele>
      </trkpt>
      <trkpt lat="48.83019471235728" lon="2.203532411215468">
        <ele>123.06000000000002</ele>
      </trkpt>
      <trkpt lat="48.830220000000004" lon="2.2037600000000004">
        <ele>122.25749361034902</ele>
      </trkpt>
      <trkpt lat="48.83022063297909" lon="2.2038024095985644">
        <ele>122.11000000000001</ele>
      </trkpt>
      <trkpt lat="48.83022267147461" lon="2.2039389887986407">
        <ele>121.67000000000002</ele>
      </trkpt>
      <trkpt lat="48.83022574960285" lon="2.2041452233907566">
        <ele>121.10000000000001</ele>
      </trkpt>
      <trkpt lat="48.83022848118685" lon="2.2043282395188593">
        <ele>120.66</ele>
      </trkpt>
      <trkpt lat="48.83022848118685" lon="2.2043282395188593">
        <ele>120.67000000000002</ele>
      </trkpt>
      <trkpt lat="48.83023000000001" lon="2.2044300000000003">
        <ele>120.48486245545504</ele>
      </trkpt>
      <trkpt lat="48.83020694613494" lon="2.2045485627346193">
        <ele>120.26</ele>
      </trkpt>
      <trkpt lat="48.830155994666356" lon="2.2048105988587747">
        <ele>119.88000000000001</ele>
      </trkpt>
      <trkpt lat="48.830041353862036" lon="2.2054001801381244">
        <ele>119.29</ele>
      </trkpt>
      <trkpt lat="48.830020000000005" lon="2.2055100000000003">
        <ele>119.19755103095225</ele>
      </trkpt>
      <trkpt lat="48.829928779355185" lon="2.2061232054456936">
        <ele>118.69</ele>
      </trkpt>
      <trkpt lat="48.82988041163688" lon="2.2064483439965876">
        <ele>118.47</ele>
      </trkpt>
      <trkpt lat="48.82986098525821" lon="2.2065789324309635">
        <ele>118.42000000000002</ele>
      </trkpt>
      <trkpt lat="48.82984175710789" lon="2.206708188330294">
        <ele>118.41000000000001</ele>
      </trkpt>
      <trkpt lat="48.829840000000004" lon="2.2067200000000002">
        <ele>118.41271348755252</ele>
      </trkpt>
      <trkpt lat="48.82982237298323" lon="2.2068387907652203">
        <ele>118.44</ele>
      </trkpt>
      <trkpt lat="48.82978381089205" lon="2.207098665727507">
        <ele>118.60000000000001</ele>
      </trkpt>
      <trkpt lat="48.82975474100793" lon="2.2072945714683083">
        <ele>118.66000000000001</ele>
      </trkpt>
      <trkpt lat="48.8297355588395" lon="2.2074238426033945">
        <ele>118.64</ele>
      </trkpt>
      <trkpt lat="48.82967761682558" lon="2.2078143213928825">
        <ele>118.43</ele>
      </trkpt>
      <trkpt lat="48.82965803914851" lon="2.207946257912197">
        <ele>118.38000000000001</ele>
      </trkpt>
      <trkpt lat="48.82961" lon="2.20827">
        <ele>118.33071119599248</ele>
      </trkpt>
      <trkpt lat="48.82959245158998" lon="2.208406877598179">
        <ele>118.31000000000002</ele>
      </trkpt>
      <trkpt lat="48.82956718021485" lon="2.208603994324184">
        <ele>118.22</ele>
      </trkpt>
      <trkpt lat="48.829541736925606" lon="2.208802451980298">
        <ele>118.03</ele>
      </trkpt>
      <trkpt lat="48.82950786984465" lon="2.2090666152117464">
        <ele>117.69</ele>
      </trkpt>
      <trkpt lat="48.829490678433" lon="2.2092007082226344">
        <ele>117.48000000000002</ele>
      </trkpt>
      <trkpt lat="48.82948225464129" lon="2.209266413797969">
        <ele>117.39</ele>
      </trkpt>
      <trkpt lat="48.82946540705787" lon="2.2093978249486392">
        <ele>117.12000000000002</ele>
      </trkpt>
      <trkpt lat="48.829456983266155" lon="2.2094635305239745">
        <ele>116.94000000000001</ele>
      </trkpt>
      <trkpt lat="48.82944838756033" lon="2.209530577029418">
        <ele>116.73000000000002</ele>
      </trkpt>
      <trkpt lat="48.82943996376862" lon="2.2095962826047533">
        <ele>116.48000000000002</ele>
      </trkpt>
      <trkpt lat="48.82942311618521" lon="2.209727693755423">
        <ele>115.9</ele>
      </trkpt>
      <trkpt lat="48.82940609668767" lon="2.209860445836202">
        <ele>115.23</ele>
      </trkpt>
      <trkpt lat="48.82937222960671" lon="2.2101246090676505">
        <ele>113.76</ele>
      </trkpt>
      <trkpt lat="48.82936" lon="2.21022">
        <ele>113.25187224749055</ele>
      </trkpt>
      <trkpt lat="48.82936221468658" lon="2.2102565423284934">
        <ele>113.06</ele>
      </trkpt>
      <trkpt lat="48.82937037688727" lon="2.2103912186400256">
        <ele>112.46000000000001</ele>
      </trkpt>
      <trkpt lat="48.82937441676439" lon="2.2104578766123995">
        <ele>112.2</ele>
      </trkpt>
      <trkpt lat="48.8293784566415" lon="2.2105245345847737">
        <ele>111.98</ele>
      </trkpt>
      <trkpt lat="48.82938" lon="2.21055">
        <ele>111.90741410035976</ele>
      </trkpt>
      <trkpt lat="48.82937577255997" lon="2.2105908652535873">
        <ele>111.79</ele>
      </trkpt>
      <trkpt lat="48.82935608763182" lon="2.2107811528923116">
        <ele>111.37</ele>
      </trkpt>
      <trkpt lat="48.82934310395582" lon="2.2109066617604065">
        <ele>111.12</ele>
      </trkpt>
      <trkpt lat="48.82932928262329" lon="2.2110402679748304">
        <ele>111.30000000000001</ele>
      </trkpt>
      <trkpt lat="48.82932" lon="2.2111300000000003">
        <ele>111.45703656488702</ele>
      </trkpt>
      <trkpt lat="48.82933409829065" lon="2.2113097532057857">
        <ele>111.77000000000001</ele>
      </trkpt>
      <trkpt lat="48.8293393116027" lon="2.2113762229344673">
        <ele>111.87</ele>
      </trkpt>
      <trkpt lat="48.829344631308885" lon="2.2114440491882243">
        <ele>111.93</ele>
      </trkpt>
      <trkpt lat="48.82934995101506" lon="2.2115118754419814">
        <ele>111.93</ele>
      </trkpt>
      <trkpt lat="48.82935516432711" lon="2.2115783451706634">
        <ele>111.88000000000001</ele>
      </trkpt>
      <trkpt lat="48.82936" lon="2.21164">
        <ele>111.79818898534211</ele>
      </trkpt>
      <trkpt lat="48.82936" lon="2.2116337849267205">
        <ele>111.79</ele>
      </trkpt>
      <trkpt lat="48.82936" lon="2.21163">
        <ele>111.78335063684895</ele>
      </trkpt>
      <trkpt lat="48.829369784788334" lon="2.211692785725127">
        <ele>111.67</ele>
      </trkpt>
      <trkpt lat="48.829431315956725" lon="2.2120876107222736">
        <ele>110.75000000000001</ele>
      </trkpt>
      <trkpt lat="48.829480000000004" lon="2.2124">
        <ele>109.71540585254837</ele>
      </trkpt>
      <trkpt lat="48.82950267215024" lon="2.212471375287787">
        <ele>109.46000000000001</ele>
      </trkpt>
      <trkpt lat="48.829617184302236" lon="2.2128318765070265">
        <ele>108.29</ele>
      </trkpt>
      <trkpt lat="48.8297273973632" lon="2.2131788435508">
        <ele>107.21000000000001</ele>
      </trkpt>
      <trkpt lat="48.8297273973632" lon="2.2131788435508">
        <ele>107.22000000000001</ele>
      </trkpt>
      <trkpt lat="48.829750000000004" lon="2.2132500000000004">
        <ele>106.99554927511242</ele>
      </trkpt>
      <trkpt lat="48.82989277577748" lon="2.213589942327322">
        <ele>105.85000000000001</ele>
      </trkpt>
      <trkpt lat="48.829940179527185" lon="2.2137028083980557">
        <ele>105.51</ele>
      </trkpt>
      <trkpt lat="48.82996000000001" lon="2.21375">
        <ele>105.39128507955374</ele>
      </trkpt>
      <trkpt lat="48.83023000000001" lon="2.21422">
        <ele>104.06838621997395</ele>
      </trkpt>
      <trkpt lat="48.83025523922725" lon="2.214253794897492">
        <ele>103.96000000000001</ele>
      </trkpt>
      <trkpt lat="48.830419854348406" lon="2.214474211754644">
        <ele>103.34000000000002</ele>
      </trkpt>
      <trkpt lat="48.83055141151492" lon="2.214650364570811">
        <ele>102.89</ele>
      </trkpt>
      <trkpt lat="48.83061752742424" lon="2.214738892652782">
        <ele>102.70000000000002</ele>
      </trkpt>
      <trkpt lat="48.830682968681415" lon="2.214826517386978">
        <ele>102.56000000000002</ele>
      </trkpt>
      <trkpt lat="48.83080373141375" lon="2.214988216638741">
        <ele>102.54</ele>
      </trkpt>
      <trkpt lat="48.83082" lon="2.2150100000000004">
        <ele>102.52134032886858</ele>
      </trkpt>
      <trkpt lat="48.83081000000001" lon="2.2150100000000004">
        <ele>102.51273596681608</ele>
      </trkpt>
      <trkpt lat="48.83090749240817" lon="2.215114714068034">
        <ele>102.41000000000001</ele>
      </trkpt>
      <trkpt lat="48.83099928177401" lon="2.215213302646154">
        <ele>102.13000000000001</ele>
      </trkpt>
      <trkpt lat="48.83108000000001" lon="2.2153">
        <ele>101.7974593115675</ele>
      </trkpt>
      <trkpt lat="48.83108765505597" lon="2.21530430596898">
        <ele>101.77000000000001</ele>
      </trkpt>
      <trkpt lat="48.831234400123655" lon="2.2153868500695553">
        <ele>101.17</ele>
      </trkpt>
      <trkpt lat="48.83124" lon="2.21539">
        <ele>101.14905864991965</ele>
      </trkpt>
      <trkpt lat="48.83124805890689" lon="2.2155580857721433">
        <ele>100.76</ele>
      </trkpt>
      <trkpt lat="48.83126981324129" lon="2.216011819032697">
        <ele>100.49000000000001</ele>
      </trkpt>
      <trkpt lat="48.831285361384204" lon="2.2163361088705704">
        <ele>100.26</ele>
      </trkpt>
      <trkpt lat="48.83129163290404" lon="2.216466914855595">
        <ele>100.12000000000002</ele>
      </trkpt>
      <trkpt lat="48.831294703335615" lon="2.216530955285763">
        <ele>100.03</ele>
      </trkpt>
      <trkpt lat="48.83130090952712" lon="2.2166603987084437">
        <ele>99.80000000000001</ele>
      </trkpt>
      <trkpt lat="48.83130652776364" lon="2.216777579070028">
        <ele>99.83</ele>
      </trkpt>
      <trkpt lat="48.83131" lon="2.21685">
        <ele>99.8779553781472</ele>
      </trkpt>
      <trkpt lat="48.831245609621234" lon="2.216898292784083">
        <ele>99.95</ele>
      </trkpt>
      <trkpt lat="48.831230000000005" lon="2.2169100000000004">
        <ele>99.83513288498062</ele>
      </trkpt>
      <trkpt lat="48.83118262161304" lon="2.216976329741751">
        <ele>99.41000000000001</ele>
      </trkpt>
      <trkpt lat="48.83118" lon="2.2169800000000004">
        <ele>99.38525083687904</ele>
      </trkpt>
      <trkpt lat="48.831100000000006" lon="2.2171700000000003">
        <ele>98.35457216942457</ele>
      </trkpt>
      <trkpt lat="48.831098110119434" lon="2.217186063984898">
        <ele>98.28</ele>
      </trkpt>
      <trkpt lat="48.83108000000001" lon="2.21734">
        <ele>97.5982738201333</ele>
      </trkpt>
      <trkpt lat="48.83108205317973" lon="2.2173692578110584">
        <ele>97.47</ele>
      </trkpt>
      <trkpt lat="48.831105409323115" lon="2.2177020828543497">
        <ele>95.97000000000001</ele>
      </trkpt>
      <trkpt lat="48.831120000000006" lon="2.2179100000000003">
        <ele>94.96951345445278</ele>
      </trkpt>
      <trkpt lat="48.83141948185262" lon="2.2178608313376307">
        <ele>92.78</ele>
      </trkpt>
      <trkpt lat="48.831790000000005" lon="2.2178">
        <ele>90.15572545985884</ele>
      </trkpt>
      <trkpt lat="48.83184000000001" lon="2.21775">
        <ele>89.73420364543603</ele>
      </trkpt>
      <trkpt lat="48.83185992662226" lon="2.21760553198866">
        <ele>89.05</ele>
      </trkpt>
      <trkpt lat="48.83187818562425" lon="2.217473154224259">
        <ele>88.44</ele>
      </trkpt>
      <trkpt lat="48.831880000000005" lon="2.21746">
        <ele>88.38205299567184</ele>
      </trkpt>
      <trkpt lat="48.832001945373165" lon="2.2174430631426167">
        <ele>87.58</ele>
      </trkpt>
      <trkpt lat="48.83208254821733" lon="2.2174318683031498">
        <ele>87.18</ele>
      </trkpt>
      <trkpt lat="48.83212643198804" lon="2.2174257733349956">
        <ele>87.02000000000001</ele>
      </trkpt>
      <trkpt lat="48.83221688629094" lon="2.2174132102373716">
        <ele>87.17000000000002</ele>
      </trkpt>
      <trkpt lat="48.832240000000006" lon="2.21741">
        <ele>87.08219808442063</ele>
      </trkpt>
      <trkpt lat="48.832390881965544" lon="2.2173937979097413">
        <ele>86.51</ele>
      </trkpt>
      <trkpt lat="48.83247789911918" lon="2.21738445378586">
        <ele>86.22</ele>
      </trkpt>
      <trkpt lat="48.832609770475734" lon="2.2173702931032775">
        <ele>85.82000000000001</ele>
      </trkpt>
      <trkpt lat="48.83269947888155" lon="2.2173606599858737">
        <ele>85.52000000000001</ele>
      </trkpt>
      <trkpt lat="48.83274433308446" lon="2.217355843427172">
        <ele>85.35000000000001</ele>
      </trkpt>
      <trkpt lat="48.83283314440622" lon="2.217346306640943">
        <ele>84.98000000000002</ele>
      </trkpt>
      <trkpt lat="48.83292195572798" lon="2.2173367698547137">
        <ele>84.57000000000001</ele>
      </trkpt>
      <trkpt lat="48.83314353549035" lon="2.2173129760547274">
        <ele>83.49000000000001</ele>
      </trkpt>
      <trkpt lat="48.83322875847588" lon="2.2173038245931944">
        <ele>83.09</ele>
      </trkpt>
      <trkpt lat="48.8334063811194" lon="2.217284751020736">
        <ele>82.2</ele>
      </trkpt>
      <trkpt lat="48.8334063811194" lon="2.217284751020736">
        <ele>82.22</ele>
      </trkpt>
      <trkpt lat="48.83371138969918" lon="2.217251998421565">
        <ele>80.77000000000001</ele>
      </trkpt>
      <trkpt lat="48.83373" lon="2.2172500000000004">
        <ele>80.68872965254575</ele>
      </trkpt>
      <trkpt lat="48.83375" lon="2.21719">
        <ele>80.49588537036524</ele>
      </trkpt>
      <trkpt lat="48.83375515535589" lon="2.217153912508802">
        <ele>80.39</ele>
      </trkpt>
      <trkpt lat="48.83377" lon="2.21705">
        <ele>80.14127170285849</ele>
      </trkpt>
      <trkpt lat="48.833786898789825" lon="2.2170448003723613">
        <ele>80.08000000000001</ele>
      </trkpt>
      <trkpt lat="48.83387239706393" lon="2.217018493211099">
        <ele>79.83000000000001</ele>
      </trkpt>
      <trkpt lat="48.83395789533804" lon="2.2169921860498367">
        <ele>79.62</ele>
      </trkpt>
      <trkpt lat="48.834030000000006" lon="2.2169700000000003">
        <ele>79.47663111140862</ele>
      </trkpt>
      <trkpt lat="48.8340376921768" lon="2.2169528405286805">
        <ele>79.45</ele>
      </trkpt>
      <trkpt lat="48.83406249683423" lon="2.216897507062131">
        <ele>79.38000000000001</ele>
      </trkpt>
      <trkpt lat="48.834086795274146" lon="2.216843302850001">
        <ele>79.34</ele>
      </trkpt>
      <trkpt lat="48.83411159993156" lon="2.216787969383451">
        <ele>79.34</ele>
      </trkpt>
      <trkpt lat="48.83413589837148" lon="2.216733765171321">
        <ele>79.36</ele>
      </trkpt>
      <trkpt lat="48.8341601968114" lon="2.216679560959191">
        <ele>79.41000000000001</ele>
      </trkpt>
      <trkpt lat="48.83425890922358" lon="2.2164593563474124">
        <ele>79.9</ele>
      </trkpt>
      <trkpt lat="48.83433484184833" lon="2.2162899681845056">
        <ele>81.23</ele>
      </trkpt>
      <trkpt lat="48.83451151175525" lon="2.215895858392142">
        <ele>84.28</ele>
      </trkpt>
      <trkpt lat="48.83455000000001" lon="2.2158100000000003">
        <ele>84.97042896327989</ele>
      </trkpt>
      <trkpt lat="48.83465286146796" lon="2.215592588260924">
        <ele>86.75</ele>
      </trkpt>
      <trkpt lat="48.83465286146796" lon="2.215592588260924">
        <ele>86.83</ele>
      </trkpt>
      <trkpt lat="48.83471479808" lon="2.215461676785457">
        <ele>87.93</ele>
      </trkpt>
      <trkpt lat="48.83492370292403" lon="2.2150201279105777">
        <ele>91.75000000000001</ele>
      </trkpt>
      <trkpt lat="48.83497619157831" lon="2.214909185982216">
        <ele>92.66000000000001</ele>
      </trkpt>
      <trkpt lat="48.834990000000005" lon="2.21488">
        <ele>92.88098250340096</ele>
      </trkpt>
      <trkpt lat="48.83500044860698" lon="2.2148517887611656">
        <ele>93.08000000000001</ele>
      </trkpt>
      <trkpt lat="48.83502249900458" lon="2.2147922526876402">
        <ele>93.46</ele>
      </trkpt>
      <trkpt lat="48.83506615879183" lon="2.21467437126206">
        <ele>94.13000000000001</ele>
      </trkpt>
      <trkpt lat="48.835074096934974" lon="2.21465293827559">
        <ele>94.19000000000001</ele>
      </trkpt>
      <trkpt lat="48.835079830038346" lon="2.214637458896474">
        <ele>94.21</ele>
      </trkpt>
      <trkpt lat="48.83509" lon="2.21461">
        <ele>94.17505951255035</ele>
      </trkpt>
      <trkpt lat="48.835143347378065" lon="2.2145452210409173">
        <ele>94.06</ele>
      </trkpt>
      <trkpt lat="48.83517847240117" lon="2.214502569227161">
        <ele>93.96</ele>
      </trkpt>
      <trkpt lat="48.83521359742426" lon="2.214459917413405">
        <ele>93.82000000000001</ele>
      </trkpt>
      <trkpt lat="48.83523" lon="2.21444">
        <ele>93.74217051026766</ele>
      </trkpt>
      <trkpt lat="48.83520162233157" lon="2.214346060132087">
        <ele>93.49</ele>
      </trkpt>
      <trkpt lat="48.835126599896945" lon="2.214097710003666">
        <ele>92.67</ele>
      </trkpt>
      <trkpt lat="48.83497730525204" lon="2.2136034932481077">
        <ele>90.92</ele>
      </trkpt>
      <trkpt lat="48.83494" lon="2.21348">
        <ele>90.49808699123395</ele>
      </trkpt>
      <trkpt lat="48.83494" lon="2.21347">
        <ele>90.4670358860584</ele>
      </trkpt>
      <trkpt lat="48.83489467862478" lon="2.2133148614463476">
        <ele>89.94</ele>
      </trkpt>
      <trkpt lat="48.834833024279185" lon="2.213103813878729">
        <ele>89.23</ele>
      </trkpt>
      <trkpt lat="48.834680000000006" lon="2.21258">
        <ele>87.34330355931279</ele>
      </trkpt>
      <trkpt lat="48.83463986056833" lon="2.2124916932503083">
        <ele>86.99000000000001</ele>
      </trkpt>
      <trkpt lat="48.834630000000004" lon="2.21247">
        <ele>86.89644519296554</ele>
      </trkpt>
      <trkpt lat="48.83464000000001" lon="2.2124300000000003">
        <ele>86.74460307845854</ele>
      </trkpt>
      <trkpt lat="48.83468325077389" lon="2.212422720166773">
        <ele>86.51</ele>
      </trkpt>
      <trkpt lat="48.83490582023069" lon="2.2123852579809733">
        <ele>85.12</ele>
      </trkpt>
      <trkpt lat="48.83499520555471" lon="2.2123702129264355">
        <ele>84.59000000000002</ele>
      </trkpt>
      <trkpt lat="48.83503989821672" lon="2.2123626903991664">
        <ele>84.35000000000001</ele>
      </trkpt>
      <trkpt lat="48.835128389687505" lon="2.212347795795174">
        <ele>83.91000000000001</ele>
      </trkpt>
      <trkpt lat="48.835327718960066" lon="2.212314245323554">
        <ele>84.31</ele>
      </trkpt>
      <trkpt lat="48.83546090309285" lon="2.2122918281922925">
        <ele>84.5</ele>
      </trkpt>
      <trkpt lat="48.83562447823581" lon="2.212264295742488">
        <ele>84.71000000000001</ele>
      </trkpt>
      <trkpt lat="48.83565" lon="2.21226">
        <ele>84.7317870648844</ele>
      </trkpt>
      <trkpt lat="48.83584692156013" lon="2.212225146626526">
        <ele>84.9</ele>
      </trkpt>
      <trkpt lat="48.8359952062185" lon="2.2121989015542494">
        <ele>84.91000000000001</ele>
      </trkpt>
      <trkpt lat="48.836238178670754" lon="2.2121558975803977">
        <ele>84.95</ele>
      </trkpt>
      <trkpt lat="48.83641058191813" lon="2.2121253837313044">
        <ele>84.96000000000001</ele>
      </trkpt>
      <trkpt lat="48.83661692984634" lon="2.2120888619740997">
        <ele>84.91000000000001</ele>
      </trkpt>
      <trkpt lat="48.83670536467272" lon="2.2120732097924405">
        <ele>84.86</ele>
      </trkpt>
      <trkpt lat="48.836780000000005" lon="2.21206">
        <ele>84.79546804793145</ele>
      </trkpt>
      <trkpt lat="48.83676699557538" lon="2.211838924781443">
        <ele>84.67</ele>
      </trkpt>
      <trkpt lat="48.83675955066553" lon="2.2117123613141034">
        <ele>84.52000000000001</ele>
      </trkpt>
      <trkpt lat="48.8367520257029" lon="2.2115844369492654">
        <ele>84.33</ele>
      </trkpt>
      <trkpt lat="48.8367520257029" lon="2.2115844369492654">
        <ele>84.35000000000001</ele>
      </trkpt>
      <trkpt lat="48.83675" lon="2.2115500000000003">
        <ele>84.30399165983783</ele>
      </trkpt>
      <trkpt lat="48.8367604540044" lon="2.2115126642700265">
        <ele>84.25</ele>
      </trkpt>
      <trkpt lat="48.836826637722126" lon="2.211276293849578">
        <ele>83.81</ele>
      </trkpt>
      <trkpt lat="48.83690232654824" lon="2.211005976613427">
        <ele>83.36</ele>
      </trkpt>
      <trkpt lat="48.83691887247768" lon="2.210946884008315">
        <ele>83.81</ele>
      </trkpt>
      <trkpt lat="48.836960000000005" lon="2.2108000000000003">
        <ele>85.58099176467684</ele>
      </trkpt>
      <trkpt lat="48.83699592032018" lon="2.2107941026340017">
        <ele>86.19</ele>
      </trkpt>
      <trkpt lat="48.83714881432224" lon="2.210769000633662">
        <ele>86.43</ele>
      </trkpt>
      <trkpt lat="48.83714881432224" lon="2.210769000633662">
        <ele>86.42000000000002</ele>
      </trkpt>
      <trkpt lat="48.837220343679945" lon="2.2107572570077725">
        <ele>86.54</ele>
      </trkpt>
      <trkpt lat="48.837351778874705" lon="2.210735678095199">
        <ele>86.72</ele>
      </trkpt>
      <trkpt lat="48.837443872922734" lon="2.210720558176866">
        <ele>86.96000000000001</ele>
      </trkpt>
      <trkpt lat="48.837630000000004" lon="2.21069">
        <ele>87.15810116290025</ele>
      </trkpt>
      <trkpt lat="48.8378450890287" lon="2.211182912357425">
        <ele>87.57000000000001</ele>
      </trkpt>
      <trkpt lat="48.83787" lon="2.21124">
        <ele>87.60384252824804</ele>
      </trkpt>
      <trkpt lat="48.83787" lon="2.21123">
        <ele>87.60878346394036</ele>
      </trkpt>
      <trkpt lat="48.83793000000001" lon="2.21138">
        <ele>87.69551045154796</ele>
      </trkpt>
      <trkpt lat="48.8379361489606" lon="2.2114491758066337">
        <ele>87.73</ele>
      </trkpt>
      <trkpt lat="48.83794758325693" lon="2.211577811640298">
        <ele>87.77</ele>
      </trkpt>
      <trkpt lat="48.837970000000006" lon="2.21183">
        <ele>87.81416898364131</ele>
      </trkpt>
      <trkpt lat="48.83802967548672" lon="2.211820054085548">
        <ele>87.83</ele>
      </trkpt>
      <trkpt lat="48.838150000000006" lon="2.2118">
        <ele>87.84687739911112</ele>
      </trkpt>
      <trkpt lat="48.83816" lon="2.2120300000000004">
        <ele>87.86803067906222</ele>
      </trkpt>
      <trkpt lat="48.83816" lon="2.2120200000000003">
        <ele>87.86894838672659</ele>
      </trkpt>
      <trkpt lat="48.838160483194436" lon="2.2120314356016366">
        <ele>87.87</ele>
      </trkpt>
      <trkpt lat="48.838171890954115" lon="2.2123014192473693">
        <ele>87.95</ele>
      </trkpt>
      <trkpt lat="48.838182434489575" lon="2.212550949586607">
        <ele>88.12</ele>
      </trkpt>
      <trkpt lat="48.83818773506478" lon="2.2126763965331087">
        <ele>88.15</ele>
      </trkpt>
      <trkpt lat="48.83820945590013" lon="2.213190456303013">
        <ele>88.12</ele>
      </trkpt>
      <trkpt lat="48.83821498693513" lon="2.2133213574645803">
        <ele>88.15</ele>
      </trkpt>
      <trkpt lat="48.83822593377522" lon="2.2135804326801822">
        <ele>88.31000000000002</ele>
      </trkpt>
      <trkpt lat="48.83823111912053" lon="2.2137031525191513">
        <ele>88.14000000000001</ele>
      </trkpt>
      <trkpt lat="48.838236823000365" lon="2.2138381443420174">
        <ele>88.34</ele>
      </trkpt>
      <trkpt lat="48.83824252688021" lon="2.2139731361648836">
        <ele>88.60000000000001</ele>
      </trkpt>
      <trkpt lat="48.83824823076005" lon="2.2141081279877497">
        <ele>88.91</ele>
      </trkpt>
      <trkpt lat="48.83825" lon="2.21415">
        <ele>89.02166546306277</ele>
      </trkpt>
      <trkpt lat="48.83825" lon="2.21414">
        <ele>89.04827893751217</ele>
      </trkpt>
      <trkpt lat="48.83825407262572" lon="2.2142230815647976">
        <ele>89.27</ele>
      </trkpt>
      <trkpt lat="48.83826382449141" lon="2.214422019624823">
        <ele>89.94</ele>
      </trkpt>
      <trkpt lat="48.83828012212996" lon="2.214754491451166">
        <ele>91.2</ele>
      </trkpt>
      <trkpt lat="48.83828666790282" lon="2.2148880252174843">
        <ele>91.68</ele>
      </trkpt>
      <trkpt lat="48.838290809106056" lon="2.214972505763522">
        <ele>91.94000000000001</ele>
      </trkpt>
      <trkpt lat="48.838290809106056" lon="2.214972505763522">
        <ele>91.88</ele>
      </trkpt>
      <trkpt lat="48.838293948405294" lon="2.2150365474677773">
        <ele>92.09</ele>
      </trkpt>
      <trkpt lat="48.838307039951005" lon="2.2153036150004133">
        <ele>92.80000000000001</ele>
      </trkpt>
      <trkpt lat="48.838316791816695" lon="2.215502553060438">
        <ele>93.36000000000001</ele>
      </trkpt>
      <trkpt lat="48.83832413911276" lon="2.215652437900183">
        <ele>93.57000000000001</ele>
      </trkpt>
      <trkpt lat="48.83833008374321" lon="2.2157737083614313">
        <ele>93.12</ele>
      </trkpt>
      <trkpt lat="48.83833302266164" lon="2.2158336622973294">
        <ele>92.82000000000001</ele>
      </trkpt>
      <trkpt lat="48.83833602837367" lon="2.21589497882268">
        <ele>92.47000000000001</ele>
      </trkpt>
      <trkpt lat="48.83833896729209" lon="2.2159549327585775">
        <ele>92.1</ele>
      </trkpt>
      <trkpt lat="48.838350000000005" lon="2.21618">
        <ele>88.66300190852121</ele>
      </trkpt>
      <trkpt lat="48.83837951525232" lon="2.216180737881308">
        <ele>87.98</ele>
      </trkpt>
      <trkpt lat="48.83837951525232" lon="2.216180737881308">
        <ele>88.31000000000002</ele>
      </trkpt>
      <trkpt lat="48.83841638247868" lon="2.216181659561967">
        <ele>87.51</ele>
      </trkpt>
      <trkpt lat="48.838496411335896" lon="2.2161836602833973">
        <ele>85.9</ele>
      </trkpt>
      <trkpt lat="48.83862499702783" lon="2.216186874925696">
        <ele>84.30000000000001</ele>
      </trkpt>
      <trkpt lat="48.838750000000005" lon="2.21619">
        <ele>82.90984338526061</ele>
      </trkpt>
      <trkpt lat="48.838753582881544" lon="2.2161900731200315">
        <ele>82.87</ele>
      </trkpt>
      <trkpt lat="48.83885699562494" lon="2.2161921835841825">
        <ele>81.81</ele>
      </trkpt>
      <trkpt lat="48.83885699562494" lon="2.2161921835841825">
        <ele>81.84</ele>
      </trkpt>
      <trkpt lat="48.83905482869925" lon="2.2161962209938624">
        <ele>79.94000000000001</ele>
      </trkpt>
      <trkpt lat="48.839140256617696" lon="2.216197964420769">
        <ele>79.17999999999999</ele>
      </trkpt>
      <trkpt lat="48.83923557618987" lon="2.2161999097181604">
        <ele>78.82</ele>
      </trkpt>
      <trkpt lat="48.839240000000004" lon="2.2162">
        <ele>78.78886883956747</ele>
      </trkpt>
      <trkpt lat="48.83923" lon="2.2162">
        <ele>78.71850335946344</ele>
      </trkpt>
      <trkpt lat="48.83933067828556" lon="2.216202237295235">
        <ele>78.01</ele>
      </trkpt>
      <trkpt lat="48.83940621328544" lon="2.216203915850788">
        <ele>77.53</ele>
      </trkpt>
      <trkpt lat="48.83945567072583" lon="2.216205014905019">
        <ele>77.48</ele>
      </trkpt>
      <trkpt lat="48.839677779594524" lon="2.2162099506576562">
        <ele>77.54</ele>
      </trkpt>
      <trkpt lat="48.83968" lon="2.2162100000000002">
        <ele>77.53950116359015</ele>
      </trkpt>
      <trkpt lat="48.83968" lon="2.21634">
        <ele>77.52028086965291</ele>
      </trkpt>
      <trkpt lat="48.83968105754067" lon="2.216341013476476">
        <ele>77.52000000000001</ele>
      </trkpt>
      <trkpt lat="48.839755601616915" lon="2.2164124515495454">
        <ele>77.43</ele>
      </trkpt>
      <trkpt lat="48.83986817838513" lon="2.2165203376190785">
        <ele>77.23</ele>
      </trkpt>
      <trkpt lat="48.839920000000006" lon="2.2165700000000004">
        <ele>77.11111940765949</ele>
      </trkpt>
      <trkpt lat="48.83991" lon="2.2165600000000003">
        <ele>77.08789084345182</ele>
      </trkpt>
      <trkpt lat="48.83996075259114" lon="2.2166107525911407">
        <ele>76.97000000000001</ele>
      </trkpt>
      <trkpt lat="48.8400719326603" lon="2.2167219326602985">
        <ele>76.76</ele>
      </trkpt>
      <trkpt lat="48.840147054328654" lon="2.2167970543286484">
        <ele>76.66000000000001</ele>
      </trkpt>
      <trkpt lat="48.84022142478032" lon="2.2168714247803147">
        <ele>76.53</ele>
      </trkpt>
      <trkpt lat="48.84030480983219" lon="2.216954809832183">
        <ele>76.33000000000001</ele>
      </trkpt>
      <trkpt lat="48.84031" lon="2.2169600000000003">
        <ele>76.31654633870815</ele>
      </trkpt>
      <trkpt lat="48.840300000000006" lon="2.2169600000000003">
        <ele>76.29489379522515</ele>
      </trkpt>
      <trkpt lat="48.84065680734476" lon="2.2173168073447567">
        <ele>75.37</ele>
      </trkpt>
      <trkpt lat="48.84069" lon="2.21735">
        <ele>75.29786107459715</ele>
      </trkpt>
      <trkpt lat="48.84069206525007" lon="2.2173557827001913">
        <ele>75.29</ele>
      </trkpt>
      <trkpt lat="48.84071351166179" lon="2.217415832652986">
        <ele>75.23</ele>
      </trkpt>
      <trkpt lat="48.840740000000004" lon="2.21749">
        <ele>75.20529811646388</ele>
      </trkpt>
      <trkpt lat="48.84077410068834" lon="2.217496820137668">
        <ele>75.19000000000001</ele>
      </trkpt>
      <trkpt lat="48.840790000000005" lon="2.2175000000000002">
        <ele>75.20069902984304</ele>
      </trkpt>
      <trkpt lat="48.84081855990521" lon="2.2175070052597667">
        <ele>75.22000000000001</ele>
      </trkpt>
      <trkpt lat="48.84086295130881" lon="2.2175178937172526">
        <ele>75.28</ele>
      </trkpt>
      <trkpt lat="48.840951734116" lon="2.217539670632225">
        <ele>75.48</ele>
      </trkpt>
      <trkpt lat="48.84108402049872" lon="2.217572118235534">
        <ele>75.84</ele>
      </trkpt>
      <trkpt lat="48.84112397276195" lon="2.217581917847271">
        <ele>75.93</ele>
      </trkpt>
      <trkpt lat="48.84112397276195" lon="2.217581917847271">
        <ele>75.9</ele>
      </trkpt>
      <trkpt lat="48.84117813027434" lon="2.217595201765404">
        <ele>76.05000000000001</ele>
      </trkpt>
      <trkpt lat="48.841222521677935" lon="2.21760609022289">
        <ele>76.13</ele>
      </trkpt>
      <trkpt lat="48.84131130448513" lon="2.2176278671378626">
        <ele>76.25000000000001</ele>
      </trkpt>
      <trkpt lat="48.84132" lon="2.21763">
        <ele>76.25783531419607</ele>
      </trkpt>
      <trkpt lat="48.84135421005578" lon="2.2176477892290056">
        <ele>76.29</ele>
      </trkpt>
      <trkpt lat="48.84143929729957" lon="2.2176920345957756">
        <ele>76.32000000000001</ele>
      </trkpt>
      <trkpt lat="48.841570000000004" lon="2.21776">
        <ele>76.30458760357365</ele>
      </trkpt>
      <trkpt lat="48.841698500182105" lon="2.2177967143377426">
        <ele>76.29</ele>
      </trkpt>
      <trkpt lat="48.84185" lon="2.2178400000000003">
        <ele>76.3761368880476</ele>
      </trkpt>
      <trkpt lat="48.841840000000005" lon="2.2178400000000003">
        <ele>76.38172456808168</ele>
      </trkpt>
      <trkpt lat="48.84185460848685" lon="2.2178437008166663">
        <ele>76.39</ele>
      </trkpt>
      <trkpt lat="48.84199831501645" lon="2.217880106470833">
        <ele>76.21</ele>
      </trkpt>
      <trkpt lat="48.84209944183358" lon="2.2179057252645062">
        <ele>76.05000000000001</ele>
      </trkpt>
      <trkpt lat="48.84222984220304" lon="2.2179387600247686">
        <ele>75.80000000000001</ele>
      </trkpt>
      <trkpt lat="48.84235669426312" lon="2.21797089587999">
        <ele>75.38</ele>
      </trkpt>
      <trkpt lat="48.84256781867081" lon="2.2180243807299385">
        <ele>74.48</ele>
      </trkpt>
      <trkpt lat="48.84259" lon="2.21803">
        <ele>74.39665014947111</ele>
      </trkpt>
      <trkpt lat="48.84268352506973" lon="2.21803">
        <ele>74.05</ele>
      </trkpt>
      <trkpt lat="48.842776155273384" lon="2.21803">
        <ele>73.81</ele>
      </trkpt>
      <trkpt lat="48.84281000000001" lon="2.21803">
        <ele>73.78191523346706</ele>
      </trkpt>
      <trkpt lat="48.842800000000004" lon="2.21803">
        <ele>73.77361711161953</ele>
      </trkpt>
      <trkpt lat="48.84281639891431" lon="2.218030911050795">
        <ele>73.76</ele>
      </trkpt>
      <trkpt lat="48.8429628905759" lon="2.2180390494764386">
        <ele>73.7</ele>
      </trkpt>
      <trkpt lat="48.842980000000004" lon="2.2180400000000002">
        <ele>73.71709955777919</ele>
      </trkpt>
      <trkpt lat="48.84311253930592" lon="2.2180579714313113">
        <ele>73.85000000000001</ele>
      </trkpt>
      <trkpt lat="48.84311253930592" lon="2.2180579714313113">
        <ele>73.83</ele>
      </trkpt>
      <trkpt lat="48.84319315796369" lon="2.218068902774738">
        <ele>73.92</ele>
      </trkpt>
      <trkpt lat="48.84328004696151" lon="2.2180806843337644">
        <ele>73.94</ele>
      </trkpt>
      <trkpt lat="48.84336604019647" lon="2.218092344433419">
        <ele>73.91</ele>
      </trkpt>
      <trkpt lat="48.843452929194285" lon="2.218104125992445">
        <ele>73.83</ele>
      </trkpt>
      <trkpt lat="48.84353892242924" lon="2.2181157860921">
        <ele>73.71000000000001</ele>
      </trkpt>
      <trkpt lat="48.84357000000001" lon="2.2181200000000003">
        <ele>73.64708347241208</ele>
      </trkpt>
      <trkpt lat="48.84370410220798" lon="2.2181926386959865">
        <ele>73.36000000000001</ele>
      </trkpt>
      <trkpt lat="48.84378542451794" lon="2.218236688280551">
        <ele>73.21000000000001</ele>
      </trkpt>
      <trkpt lat="48.843810000000005" lon="2.2182500000000003">
        <ele>73.2076155294525</ele>
      </trkpt>
      <trkpt lat="48.8438" lon="2.2182500000000003">
        <ele>73.20670159932025</ele>
      </trkpt>
      <trkpt lat="48.84407389700211" lon="2.2184045060011894">
        <ele>73.18</ele>
      </trkpt>
      <trkpt lat="48.84411773813196" lon="2.2184292368949503">
        <ele>73.00000000000001</ele>
      </trkpt>
      <trkpt lat="48.844190000000005" lon="2.2184700000000004">
        <ele>72.77679723740832</ele>
      </trkpt>
      <trkpt lat="48.84427669151361" lon="2.218531194009607">
        <ele>72.50000000000001</ele>
      </trkpt>
      <trkpt lat="48.8443027910978" lon="2.2185496172455044">
        <ele>72.49000000000001</ele>
      </trkpt>
      <trkpt lat="48.84433296874202" lon="2.218570919112011">
        <ele>72.16</ele>
      </trkpt>
      <trkpt lat="48.844352543430155" lon="2.2185847365389337">
        <ele>71.82000000000001</ele>
      </trkpt>
      <trkpt lat="48.84436" lon="2.2185900000000003">
        <ele>71.7016878791388</ele>
      </trkpt>
      <trkpt lat="48.8443795310411" lon="2.218606526265547">
        <ele>71.38</ele>
      </trkpt>
      <trkpt lat="48.8444148881682" lon="2.2186364438346327">
        <ele>71.44</ele>
      </trkpt>
      <trkpt lat="48.8444478881535" lon="2.2186643668991124">
        <ele>71.58</ele>
      </trkpt>
      <trkpt lat="48.84449000000001" lon="2.2187">
        <ele>71.68949908271696</ele>
      </trkpt>
      <trkpt lat="48.84452366058696" lon="2.2187168302934785">
        <ele>71.77</ele>
      </trkpt>
      <trkpt lat="48.844550000000005" lon="2.2187300000000003">
        <ele>71.81691965315551</ele>
      </trkpt>
      <trkpt lat="48.84456363451858" lon="2.218730592805156">
        <ele>71.84</ele>
      </trkpt>
      <trkpt lat="48.844605885377604" lon="2.2187324297990263">
        <ele>71.85000000000001</ele>
      </trkpt>
      <trkpt lat="48.84463105610214" lon="2.218733524178354">
        <ele>71.82000000000001</ele>
      </trkpt>
      <trkpt lat="48.84463105610214" lon="2.218733524178354">
        <ele>71.83</ele>
      </trkpt>
      <trkpt lat="48.844654428917764" lon="2.218734540387729">
        <ele>71.81000000000002</ele>
      </trkpt>
      <trkpt lat="48.84469578082235" lon="2.218736338296624">
        <ele>71.72</ele>
      </trkpt>
      <trkpt lat="48.84473803168137" lon="2.2187381752904947">
        <ele>71.60000000000001</ele>
      </trkpt>
      <trkpt lat="48.84477938358595" lon="2.2187399731993893">
        <ele>71.46000000000001</ele>
      </trkpt>
      <trkpt lat="48.84478000000001" lon="2.2187400000000004">
        <ele>71.4575198045261</ele>
      </trkpt>
      <trkpt lat="48.84476" lon="2.2187400000000004">
        <ele>71.37708098933967</ele>
      </trkpt>
      <trkpt lat="48.84482388506015" lon="2.2187431942530083">
        <ele>71.12</ele>
      </trkpt>
      <trkpt lat="48.84484096294221" lon="2.218744048147111">
        <ele>71.09</ele>
      </trkpt>
      <trkpt lat="48.8449245546807" lon="2.218748227734035">
        <ele>69.84</ele>
      </trkpt>
      <trkpt lat="48.84513398344486" lon="2.218758699172243">
        <ele>66.52000000000001</ele>
      </trkpt>
      <trkpt lat="48.84517712756795" lon="2.2187608563783976">
        <ele>66.02000000000001</ele>
      </trkpt>
      <trkpt lat="48.84522117052693" lon="2.218763058526347">
        <ele>65.57000000000001</ele>
      </trkpt>
      <trkpt lat="48.84526521348592" lon="2.2187652606742962">
        <ele>65.2</ele>
      </trkpt>
      <trkpt lat="48.845308357609014" lon="2.218767417880451">
        <ele>64.89999999999999</ele>
      </trkpt>
      <trkpt lat="48.845352400568004" lon="2.2187696200284">
        <ele>64.67</ele>
      </trkpt>
      <trkpt lat="48.84536000000001" lon="2.21877">
        <ele>64.63721627895978</ele>
      </trkpt>
      <trkpt lat="48.84539561637529" lon="2.2187818721250965">
        <ele>64.48</ele>
      </trkpt>
      <trkpt lat="48.84543778126456" lon="2.2187959270881845">
        <ele>64.32000000000001</ele>
      </trkpt>
      <trkpt lat="48.84545000000001" lon="2.2188000000000003">
        <ele>64.28009523580943</ele>
      </trkpt>
      <trkpt lat="48.84565627017764" lon="2.218774997554227">
        <ele>63.62000000000001</ele>
      </trkpt>
      <trkpt lat="48.845780000000005" lon="2.21876">
        <ele>63.189304935254114</ele>
      </trkpt>
      <trkpt lat="48.84578056887116" lon="2.2187639820981215">
        <ele>63.18</ele>
      </trkpt>
      <trkpt lat="48.84578056887116" lon="2.2187639820981215">
        <ele>63.2</ele>
      </trkpt>
      <trkpt lat="48.84579" lon="2.21883">
        <ele>63.06725939434121</ele>
      </trkpt>
      <trkpt lat="48.84583823165953" lon="2.2188621544396816">
        <ele>62.910000000000004</ele>
      </trkpt>
      <trkpt lat="48.845850000000006" lon="2.2188700000000003">
        <ele>62.87906337475492</ele>
      </trkpt>
      <trkpt lat="48.845899340267835" lon="2.218954583316284">
        <ele>62.7</ele>
      </trkpt>
      <trkpt lat="48.84592000000001" lon="2.2189900000000002">
        <ele>62.6512219942582</ele>
      </trkpt>
      <trkpt lat="48.84608038319148" lon="2.2189944550886525">
        <ele>62.400000000000006</ele>
      </trkpt>
      <trkpt lat="48.84616760288936" lon="2.218996877858038">
        <ele>61.77</ele>
      </trkpt>
      <trkpt lat="48.84625572175939" lon="2.218999325604427">
        <ele>61.25000000000001</ele>
      </trkpt>
      <trkpt lat="48.84628000000001" lon="2.2190000000000003">
        <ele>61.095710518730655</ele>
      </trkpt>
      <trkpt lat="48.84629879328392" lon="2.219009396641958">
        <ele>60.97</ele>
      </trkpt>
      <trkpt lat="48.84630000000001" lon="2.2190100000000004">
        <ele>60.95991016514006</ele>
      </trkpt>
      <trkpt lat="48.84629" lon="2.2190100000000004">
        <ele>60.88048528459958</ele>
      </trkpt>
      <trkpt lat="48.84631968088532" lon="2.2190312006323722">
        <ele>60.620000000000005</ele>
      </trkpt>
      <trkpt lat="48.84635956148694" lon="2.219059686776385">
        <ele>60.18</ele>
      </trkpt>
      <trkpt lat="48.846360000000004" lon="2.2190600000000003">
        <ele>60.17417230651274</ele>
      </trkpt>
      <trkpt lat="48.8464034355427" lon="2.2190654294428365">
        <ele>59.65</ele>
      </trkpt>
      <trkpt lat="48.84643659845736" lon="2.21906957480717">
        <ele>59.190000000000005</ele>
      </trkpt>
      <trkpt lat="48.84643659845736" lon="2.21906957480717">
        <ele>59.260000000000005</ele>
      </trkpt>
      <trkpt lat="48.84644" lon="2.2190700000000003">
        <ele>59.21439203798806</ele>
      </trkpt>
      <trkpt lat="48.84651" lon="2.21911">
        <ele>58.2150383325475</ele>
      </trkpt>
      <trkpt lat="48.846520000000005" lon="2.2191300000000003">
        <ele>57.99415535148499</ele>
      </trkpt>
      <trkpt lat="48.84652145451033" lon="2.2191416360825915">
        <ele>57.89</ele>
      </trkpt>
      <trkpt lat="48.846540000000005" lon="2.21929">
        <ele>57.588993803600395</ele>
      </trkpt>
      <trkpt lat="48.84647806138345" lon="2.219483558176744">
        <ele>57.160000000000004</ele>
      </trkpt>
      <trkpt lat="48.84646000000001" lon="2.2195400000000003">
        <ele>56.45198420330256</ele>
      </trkpt>
      <trkpt lat="48.8464618202219" lon="2.2195406227074916">
        <ele>56.42</ele>
      </trkpt>
      <trkpt lat="48.846587283120606" lon="2.219583544225466">
        <ele>54.1</ele>
      </trkpt>
      <trkpt lat="48.84662939654113" lon="2.219597951448282">
        <ele>53.39000000000001</ele>
      </trkpt>
      <trkpt lat="48.846767142520825" lon="2.2196450750729113">
        <ele>51.31</ele>
      </trkpt>
      <trkpt lat="48.846767142520825" lon="2.2196450750729113">
        <ele>51.43</ele>
      </trkpt>
      <trkpt lat="48.84680486912673" lon="2.2196579815433513">
        <ele>50.870000000000005</ele>
      </trkpt>
      <trkpt lat="48.84684000000001" lon="2.2196700000000003">
        <ele>50.32206453263895</ele>
      </trkpt>
      <trkpt lat="48.846887391148826" lon="2.21969132601697">
        <ele>49.57</ele>
      </trkpt>
      <trkpt lat="48.84692447034678" lon="2.2197080116560466">
        <ele>49.160000000000004</ele>
      </trkpt>
      <trkpt lat="48.84704000000001" lon="2.2197600000000004">
        <ele>48.01938146742767</ele>
      </trkpt>
      <trkpt lat="48.84704973916607" lon="2.2197721739575664">
        <ele>47.900000000000006</ele>
      </trkpt>
      <trkpt lat="48.847080000000005" lon="2.2198100000000003">
        <ele>47.5127114276535</ele>
      </trkpt>
      <trkpt lat="48.84707" lon="2.2198100000000003">
        <ele>47.413871576314136</ele>
      </trkpt>
      <trkpt lat="48.84711" lon="2.21985">
        <ele>46.940585256568085</ele>
      </trkpt>
      <trkpt lat="48.84711814663725" lon="2.219850493735591">
        <ele>46.86000000000001</ele>
      </trkpt>
      <trkpt lat="48.84711814663725" lon="2.219850493735591">
        <ele>46.92</ele>
      </trkpt>
      <trkpt lat="48.84728528771849" lon="2.21986062349809">
        <ele>45.32000000000001</ele>
      </trkpt>
      <trkpt lat="48.84737335129893" lon="2.2198659606847837">
        <ele>44.53000000000001</ele>
      </trkpt>
      <trkpt lat="48.84741828169711" lon="2.2198686837392185">
        <ele>44.15</ele>
      </trkpt>
      <trkpt lat="48.847440000000006" lon="2.2198700000000002">
        <ele>43.977365501717316</ele>
      </trkpt>
      <trkpt lat="48.84750124466497" lon="2.2198310261222964">
        <ele>43.45</ele>
      </trkpt>
      <trkpt lat="48.847550000000005" lon="2.2198">
        <ele>43.266860087099715</ele>
      </trkpt>
      <trkpt lat="48.847617282445114" lon="2.2198356201180025">
        <ele>43.02</ele>
      </trkpt>
      <trkpt lat="48.84772" lon="2.2198900000000004">
        <ele>42.67818592935078</ele>
      </trkpt>
      <trkpt lat="48.84772" lon="2.2199133014296564">
        <ele>42.63</ele>
      </trkpt>
      <trkpt lat="48.84772" lon="2.2200200000000003">
        <ele>42.263243041374366</ele>
      </trkpt>
      <trkpt lat="48.84772" lon="2.2200100000000003">
        <ele>42.22886985741856</ele>
      </trkpt>
      <trkpt lat="48.847730000000006" lon="2.22017">
        <ele>41.6764240633304</ele>
      </trkpt>
      <trkpt lat="48.8478000454181" lon="2.2201758371181746">
        <ele>41.31</ele>
      </trkpt>
      <trkpt lat="48.847849433941995" lon="2.2201799528284996">
        <ele>41.080000000000005</ele>
      </trkpt>
      <trkpt lat="48.847849433941995" lon="2.2201799528284996">
        <ele>41.120000000000005</ele>
      </trkpt>
      <trkpt lat="48.84789343462692" lon="2.220183619552243">
        <ele>40.92</ele>
      </trkpt>
      <trkpt lat="48.847970000000004" lon="2.22019">
        <ele>40.66602017244496</ele>
      </trkpt>
      <trkpt lat="48.847970000000004" lon="2.220201937956993">
        <ele>40.64</ele>
      </trkpt>
      <trkpt lat="48.847970000000004" lon="2.2203290342740134">
        <ele>40.449999999999996</ele>
      </trkpt>
      <trkpt lat="48.847970000000004" lon="2.2203290342740134">
        <ele>42.1</ele>
      </trkpt>
      <trkpt lat="48.847970000000004" lon="2.22038">
        <ele>43.14</ele>
      </trkpt>
      <trkpt lat="48.847970000000004" lon="2.22038">
        <ele>43.14</ele>
      </trkpt>
      <trkpt lat="48.84804232530969" lon="2.2203997250844623">
        <ele>43</ele>
      </trkpt>
      <trkpt lat="48.84804232530969" lon="2.2203997250844623">
        <ele>40.910000000000004</ele>
      </trkpt>
      <trkpt lat="48.84805648818462" lon="2.220403587686713">
        <ele>40.870000000000005</ele>
      </trkpt>
      <trkpt lat="48.848188379957314" lon="2.220439558170175">
        <ele>40.650000000000006</ele>
      </trkpt>
      <trkpt lat="48.848188379957314" lon="2.220439558170175">
        <ele>40.07</ele>
      </trkpt>
      <trkpt lat="48.84819" lon="2.22044">
        <ele>40.03862539779723</ele>
      </trkpt>
      <trkpt lat="48.848180000000006" lon="2.22044">
        <ele>39.8480056846342</ele>
      </trkpt>
      <trkpt lat="48.84821026746766" lon="2.220457656022794">
        <ele>39.23</ele>
      </trkpt>
      <trkpt lat="48.8483" lon="2.22051">
        <ele>40.519891401302786</ele>
      </trkpt>
      <trkpt lat="48.8483" lon="2.22056210065492">
        <ele>40.980000000000004</ele>
      </trkpt>
      <trkpt lat="48.8483" lon="2.2205700000000004">
        <ele>41.044063196109924</ele>
      </trkpt>
      <trkpt lat="48.84839947549588" lon="2.220608925194038">
        <ele>42.31</ele>
      </trkpt>
      <trkpt lat="48.84839947549588" lon="2.220608925194038">
        <ele>42.35</ele>
      </trkpt>
      <trkpt lat="48.84849788859879" lon="2.2206474346690905">
        <ele>43.63</ele>
      </trkpt>
      <trkpt lat="48.84849788859879" lon="2.2206474346690905">
        <ele>43.67</ele>
      </trkpt>
      <trkpt lat="48.848530000000004" lon="2.22066">
        <ele>44.08873584370095</ele>
      </trkpt>
      <trkpt lat="48.848530000000004" lon="2.22065">
        <ele>44.17183574128349</ele>
      </trkpt>
      <trkpt lat="48.84865917222048" lon="2.220728938579177">
        <ele>45.93000000000001</ele>
      </trkpt>
      <trkpt lat="48.848728425944685" lon="2.220771260299529">
        <ele>46.81</ele>
      </trkpt>
      <trkpt lat="48.848728425944685" lon="2.220771260299529">
        <ele>46.82</ele>
      </trkpt>
      <trkpt lat="48.84882271113548" lon="2.2208288790272372">
        <ele>48.040000000000006</ele>
      </trkpt>
      <trkpt lat="48.848890000000004" lon="2.22087">
        <ele>48.940605538994696</ele>
      </trkpt>
      <trkpt lat="48.84899018310517" lon="2.2209159172565336">
        <ele>50.24000000000001</ele>
      </trkpt>
      <trkpt lat="48.849074562422544" lon="2.2209545911103343">
        <ele>51.300000000000004</ele>
      </trkpt>
      <trkpt lat="48.84913" lon="2.2209800000000004">
        <ele>51.9460468406967</ele>
      </trkpt>
      <trkpt lat="48.84933320187346" lon="2.2210430626503834">
        <ele>54.26</ele>
      </trkpt>
      <trkpt lat="48.84942" lon="2.22107">
        <ele>55.150000000000006</ele>
      </trkpt>
      <trkpt lat="48.849420442323805" lon="2.2210700442323805">
        <ele>55.150000000000006</ele>
      </trkpt>
      <trkpt lat="48.84955235741339" lon="2.221083235741338">
        <ele>56.43000000000001</ele>
      </trkpt>
      <trkpt lat="48.84955235741339" lon="2.221083235741338">
        <ele>56.730000000000004</ele>
      </trkpt>
      <trkpt lat="48.84962" lon="2.2210900000000002">
        <ele>57.286479898667096</ele>
      </trkpt>
      <trkpt lat="48.84962" lon="2.22108">
        <ele>57.34049834495312</ele>
      </trkpt>
      <trkpt lat="48.84962" lon="2.2210300000000003">
        <ele>57.61059057638001</ele>
      </trkpt>
      <trkpt lat="48.84964661054385" lon="2.221026198493737">
        <ele>57.830000000000005</ele>
      </trkpt>
      <trkpt lat="48.84969" lon="2.22102">
        <ele>57.75569536706588</ele>
      </trkpt>
      <trkpt lat="48.849777889418476" lon="2.2209823331063707">
        <ele>57.6</ele>
      </trkpt>
      <trkpt lat="48.849830000000004" lon="2.2209600000000003">
        <ele>57.47878302891098</ele>
      </trkpt>
      <trkpt lat="48.84985" lon="2.22101">
        <ele>57.39258035305631</ele>
      </trkpt>
      <trkpt lat="48.84986000000001" lon="2.22107">
        <ele>57.301395777941394</ele>
      </trkpt>
      <trkpt lat="48.84986059688681" lon="2.2210697264268813">
        <ele>57.300000000000004</ele>
      </trkpt>
      <trkpt lat="48.84998974911183" lon="2.221010531657083">
        <ele>56.28</ele>
      </trkpt>
      <trkpt lat="48.850100000000005" lon="2.2209600000000003">
        <ele>55.69562166374015</ele>
      </trkpt>
      <trkpt lat="48.85011789904787" lon="2.2209510504760663">
        <ele>55.6</ele>
      </trkpt>
      <trkpt lat="48.8502" lon="2.2209100000000004">
        <ele>54.927255810026395</ele>
      </trkpt>
      <trkpt lat="48.850245654422395" lon="2.220885270521204">
        <ele>54.55</ele>
      </trkpt>
      <trkpt lat="48.85036425122795" lon="2.2208210305848635">
        <ele>54.12</ele>
      </trkpt>
      <trkpt lat="48.850440000000006" lon="2.22078">
        <ele>53.38435291581588</ele>
      </trkpt>
      <trkpt lat="48.85048419312004" lon="2.220758573032709">
        <ele>52.96000000000001</ele>
      </trkpt>
      <trkpt lat="48.85060414149966" lon="2.220700416242589">
        <ele>52.71000000000001</ele>
      </trkpt>
      <trkpt lat="48.85072494665342" lon="2.2206418440468263">
        <ele>51.03000000000001</ele>
      </trkpt>
      <trkpt lat="48.850770000000004" lon="2.2206200000000003">
        <ele>50.032514032032836</ele>
      </trkpt>
      <trkpt lat="48.850808576402144" lon="2.2206042545297366">
        <ele>49.190000000000005</ele>
      </trkpt>
      <trkpt lat="48.85089282494549" lon="2.2205698673691874">
        <ele>47.400000000000006</ele>
      </trkpt>
      <trkpt lat="48.85089282494549" lon="2.2205698673691874">
        <ele>53.36000000000001</ele>
      </trkpt>
      <trkpt lat="48.850978810572215" lon="2.2205347711950183">
        <ele>52.440000000000005</ele>
      </trkpt>
      <trkpt lat="48.851021369114726" lon="2.220517400361339">
        <ele>52.010000000000005</ele>
      </trkpt>
      <trkpt lat="48.851064796198926" lon="2.220499675020849">
        <ele>51.61</ele>
      </trkpt>
      <trkpt lat="48.85115078182564" lon="2.22046457884668">
        <ele>50.910000000000004</ele>
      </trkpt>
      <trkpt lat="48.85126" lon="2.2204200000000003">
        <ele>50.09933440604287</ele>
      </trkpt>
      <trkpt lat="48.85126" lon="2.22041">
        <ele>50.05216515922949</ele>
      </trkpt>
      <trkpt lat="48.85131679076589" lon="2.220396341461368">
        <ele>49.64</ele>
      </trkpt>
      <trkpt lat="48.8514482544075" lon="2.2203647236235136">
        <ele>48.78</ele>
      </trkpt>
      <trkpt lat="48.8517236174406" lon="2.2202984970712505">
        <ele>46.910000000000004</ele>
      </trkpt>
      <trkpt lat="48.8517236174406" lon="2.2202984970712505">
        <ele>46.96</ele>
      </trkpt>
      <trkpt lat="48.85184619840372" lon="2.220269015573791">
        <ele>46.13</ele>
      </trkpt>
      <trkpt lat="48.85197766204533" lon="2.220237397735936">
        <ele>45.19</ele>
      </trkpt>
      <trkpt lat="48.852050000000006" lon="2.2202200000000003">
        <ele>44.614182144610254</ele>
      </trkpt>
      <trkpt lat="48.85206494161829" lon="2.2202122179071475">
        <ele>44.49</ele>
      </trkpt>
      <trkpt lat="48.8521066283077" lon="2.2201905060897404">
        <ele>44.07000000000001</ele>
      </trkpt>
      <trkpt lat="48.85214831499712" lon="2.2201687942723334">
        <ele>43.59</ele>
      </trkpt>
      <trkpt lat="48.852190001686544" lon="2.2201470824549263">
        <ele>43.06</ele>
      </trkpt>
      <trkpt lat="48.85231591250357" lon="2.220081503904391">
        <ele>41.35</ele>
      </trkpt>
      <trkpt lat="48.852357599193" lon="2.220059792086984">
        <ele>40.82</ele>
      </trkpt>
      <trkpt lat="48.85239928588241" lon="2.220038080269577">
        <ele>40.32</ele>
      </trkpt>
      <trkpt lat="48.852440972571834" lon="2.22001636845217">
        <ele>39.86000000000001</ele>
      </trkpt>
      <trkpt lat="48.85252434595068" lon="2.219972944817356">
        <ele>39.470000000000006</ele>
      </trkpt>
      <trkpt lat="48.85253" lon="2.21997">
        <ele>39.4512033219514</ele>
      </trkpt>
      <trkpt lat="48.85261299390129" lon="2.219974881994193">
        <ele>39.190000000000005</ele>
      </trkpt>
      <trkpt lat="48.852700000000006" lon="2.21998">
        <ele>39.05308462630767</ele>
      </trkpt>
      <trkpt lat="48.852700000000006" lon="2.219977018733766">
        <ele>39.05</ele>
      </trkpt>
      <trkpt lat="48.852700000000006" lon="2.2199400000000002">
        <ele>39.036606267009375</ele>
      </trkpt>
      <trkpt lat="48.85270974824937" lon="2.2201512120694527">
        <ele>38.96</ele>
      </trkpt>
      <trkpt lat="48.85270974824937" lon="2.2201512120694527">
        <ele>38.970000000000006</ele>
      </trkpt>
      <trkpt lat="48.85272044575129" lon="2.2203829912775737">
        <ele>38.92</ele>
      </trkpt>
      <trkpt lat="48.85273277934172" lon="2.220650219070466">
        <ele>38.89</ele>
      </trkpt>
      <trkpt lat="48.85274215538751" lon="2.220853366729348">
        <ele>38.82</ele>
      </trkpt>
      <trkpt lat="48.85276" lon="2.2212400000000003">
        <ele>38.582318396336646</ele>
      </trkpt>
      <trkpt lat="48.85276" lon="2.2212300000000003">
        <ele>38.57618599832004</ele>
      </trkpt>
      <trkpt lat="48.85276421583129" lon="2.2213050417969757">
        <ele>38.53</ele>
      </trkpt>
      <trkpt lat="48.852783112782426" lon="2.221641407527054">
        <ele>38.290000000000006</ele>
      </trkpt>
      <trkpt lat="48.85280575852143" lon="2.222044501681318">
        <ele>38.06</ele>
      </trkpt>
      <trkpt lat="48.85282465547256" lon="2.2223808674113967">
        <ele>37.910000000000004</ele>
      </trkpt>
      <trkpt lat="48.85284730121156" lon="2.2227839615656606">
        <ele>37.62</ele>
      </trkpt>
      <trkpt lat="48.85285732348118" lon="2.2229623579650144">
        <ele>36.4</ele>
      </trkpt>
      <trkpt lat="48.85286000000001" lon="2.2230100000000004">
        <ele>36.02538734744105</ele>
      </trkpt>
      <trkpt lat="48.85286000000001" lon="2.2230000000000003">
        <ele>35.947041768386555</ele>
      </trkpt>
      <trkpt lat="48.852865429084055" lon="2.2230962757570745">
        <ele>35.190000000000005</ele>
      </trkpt>
      <trkpt lat="48.852865429084055" lon="2.2230962757570745">
        <ele>35.21000000000001</ele>
      </trkpt>
      <trkpt lat="48.85287356899241" lon="2.223240623465262">
        <ele>34.09</ele>
      </trkpt>
      <trkpt lat="48.85287356899241" lon="2.223240623465262">
        <ele>32.1</ele>
      </trkpt>
      <trkpt lat="48.85288393585682" lon="2.223424462527576">
        <ele>32.690000000000005</ele>
      </trkpt>
      <trkpt lat="48.852886700354006" lon="2.2234734862775265">
        <ele>32.56</ele>
      </trkpt>
      <trkpt lat="48.852889311268" lon="2.2235197864858125">
        <ele>32.54</ele>
      </trkpt>
      <trkpt lat="48.852893150847414" lon="2.2235878750274107">
        <ele>32.550000000000004</ele>
      </trkpt>
      <trkpt lat="48.852893150847414" lon="2.2235878750274107">
        <ele>31.64</ele>
      </trkpt>
      <trkpt lat="48.85290390166978" lon="2.2237785229438845">
        <ele>31.650000000000002</ele>
      </trkpt>
      <trkpt lat="48.85290390166978" lon="2.2237785229438845">
        <ele>32.57</ele>
      </trkpt>
      <trkpt lat="48.85292071902761" lon="2.224076750756083">
        <ele>32.370000000000005</ele>
      </trkpt>
      <trkpt lat="48.85292440502384" lon="2.2241421157560164">
        <ele>32.269999999999996</ele>
      </trkpt>
      <trkpt lat="48.85294659779285" lon="2.2245356675264514">
        <ele>31.900000000000006</ele>
      </trkpt>
      <trkpt lat="48.8529574254068" lon="2.224727677213757">
        <ele>31.75</ele>
      </trkpt>
      <trkpt lat="48.85296472060769" lon="2.224857045442793">
        <ele>31.68</ele>
      </trkpt>
      <trkpt lat="48.85299029220657" lon="2.2253105151298342">
        <ele>31.5</ele>
      </trkpt>
      <trkpt lat="48.853010000000005" lon="2.22566">
        <ele>31.4009459638203</ele>
      </trkpt>
      <trkpt lat="48.85303535278258" lon="2.225664225463762">
        <ele>31.39</ele>
      </trkpt>
      <trkpt lat="48.85313000000001" lon="2.22568">
        <ele>31.367592851677102</ele>
      </trkpt>
      <trkpt lat="48.85318543584362" lon="2.225756224284973">
        <ele>31.35</ele>
      </trkpt>
      <trkpt lat="48.853210000000004" lon="2.2257900000000004">
        <ele>31.325816040395537</ele>
      </trkpt>
      <trkpt lat="48.85322000000001" lon="2.22593">
        <ele>31.25816808788293</ele>
      </trkpt>
      <trkpt lat="48.85325991329549" lon="2.22598131709419">
        <ele>31.22</ele>
      </trkpt>
      <trkpt lat="48.85329" lon="2.22602">
        <ele>31.204507834605977</ele>
      </trkpt>
      <trkpt lat="48.85324000000001" lon="2.22614">
        <ele>31.167768067859587</ele>
      </trkpt>
      <trkpt lat="48.853210000000004" lon="2.22616">
        <ele>31.15488990568223</ele>
      </trkpt>
      <trkpt lat="48.85321752589121" lon="2.2261750517824073">
        <ele>31.150000000000002</ele>
      </trkpt>
      <trkpt lat="48.85322000000001" lon="2.2261800000000003">
        <ele>31.150000000000002</ele>
      </trkpt>
      <trkpt lat="48.85322000000001" lon="2.2262500000000003">
        <ele>31.15</ele>
      </trkpt>
      <trkpt lat="48.85327" lon="2.22624">
        <ele>31.150000000000002</ele>
      </trkpt>
      <trkpt lat="48.85326023642687" lon="2.2264255078895303">
        <ele>31.150000000000002</ele>
      </trkpt>
      <trkpt lat="48.853260000000006" lon="2.22643">
        <ele>31.1506821700502</ele>
      </trkpt>
      <trkpt lat="48.85327" lon="2.22634">
        <ele>31.16449889681262</ele>
      </trkpt>
      <trkpt lat="48.853260000000006" lon="2.22643">
        <ele>31.178315623575045</ele>
      </trkpt>
      <trkpt lat="48.85336558831189" lon="2.226564385124218">
        <ele>31.21</ele>
      </trkpt>
      <trkpt lat="48.853370000000005" lon="2.22657">
        <ele>31.212132846559786</ele>
      </trkpt>
      <trkpt lat="48.85337000000001" lon="2.2266432611071996">
        <ele>31.230000000000004</ele>
      </trkpt>
      <trkpt lat="48.85337000000001" lon="2.2267785717791355">
        <ele>31.22</ele>
      </trkpt>
      <trkpt lat="48.853370000000005" lon="2.22703">
        <ele>31.266453878557407</ele>
      </trkpt>
      <trkpt lat="48.85336963105907" lon="2.22704918492902">
        <ele>31.27</ele>
      </trkpt>
      <trkpt lat="48.85336" lon="2.2275500000000004">
        <ele>31.467815932823775</ele>
      </trkpt>
      <trkpt lat="48.85334" lon="2.2278000000000002">
        <ele>31.56724767679429</ele>
      </trkpt>
      <trkpt lat="48.853331239382285" lon="2.2278560679533963">
        <ele>31.59</ele>
      </trkpt>
      <trkpt lat="48.853322720392" lon="2.227910589491218">
        <ele>31.6</ele>
      </trkpt>
      <trkpt lat="48.85329" lon="2.22812">
        <ele>31.643570420421725</ele>
      </trkpt>
      <trkpt lat="48.85326211512054" lon="2.228243490180466">
        <ele>31.67</ele>
      </trkpt>
      <trkpt lat="48.85322000000001" lon="2.2284300000000004">
        <ele>31.728409711241405</ele>
      </trkpt>
      <trkpt lat="48.85318453994023" lon="2.2285596508435717">
        <ele>31.77</ele>
      </trkpt>
      <trkpt lat="48.85309927950843" lon="2.2288713842973196">
        <ele>31.830000000000002</ele>
      </trkpt>
      <trkpt lat="48.852996759879915" lon="2.229246221689074">
        <ele>31.810000000000006</ele>
      </trkpt>
      <trkpt lat="48.852962586670415" lon="2.2293711674863257">
        <ele>31.830000000000002</ele>
      </trkpt>
      <trkpt lat="48.852900000000005" lon="2.2296">
        <ele>31.919084899810535</ele>
      </trkpt>
      <trkpt lat="48.852850000000004" lon="2.2298">
        <ele>31.995996314710663</ele>
      </trkpt>
      <trkpt lat="48.85284272359989" lon="2.2297986770181626">
        <ele>32</ele>
      </trkpt>
      <trkpt lat="48.852740000000004" lon="2.2297800000000003">
        <ele>32.028500369059046</ele>
      </trkpt>
      <trkpt lat="48.85257760853497" lon="2.23015582024766">
        <ele>32.11</ele>
      </trkpt>
      <trkpt lat="48.85245518386169" lon="2.2304391459200894">
        <ele>32.220000000000006</ele>
      </trkpt>
      <trkpt lat="48.85239000000001" lon="2.2305900000000003">
        <ele>32.31130789191208</ele>
      </trkpt>
      <trkpt lat="48.85236560534053" lon="2.2306568885824483">
        <ele>32.35</ele>
      </trkpt>
      <trkpt lat="48.85214369596394" lon="2.2312653497763">
        <ele>32.870000000000005</ele>
      </trkpt>
      <trkpt lat="48.85208" lon="2.23144">
        <ele>32.980126598677366</ele>
      </trkpt>
      <trkpt lat="48.85199587816075" lon="2.231759662989146">
        <ele>33.17</ele>
      </trkpt>
      <trkpt lat="48.851980000000005" lon="2.2318200000000004">
        <ele>33.23062960167569</ele>
      </trkpt>
      <trkpt lat="48.85193395762351" lon="2.2319397101788816">
        <ele>33.36</ele>
      </trkpt>
      <trkpt lat="48.85188" lon="2.2320800000000003">
        <ele>33.58342636886698</ele>
      </trkpt>
      <trkpt lat="48.85186973321484" lon="2.232118072661655">
        <ele>33.64</ele>
      </trkpt>
      <trkpt lat="48.85183563024641" lon="2.2322445378362104">
        <ele>33.870000000000005</ele>
      </trkpt>
      <trkpt lat="48.85176776533926" lon="2.232496203533575">
        <ele>34.370000000000005</ele>
      </trkpt>
      <trkpt lat="48.85173400340053" lon="2.2326214040563856">
        <ele>34.59</ele>
      </trkpt>
      <trkpt lat="48.85169990043211" lon="2.232747869230941">
        <ele>34.760000000000005</ele>
      </trkpt>
      <trkpt lat="48.85164" lon="2.2329700000000003">
        <ele>35.01596624292369</ele>
      </trkpt>
      <trkpt lat="48.85163569105504" lon="2.233001239850977">
        <ele>35.050000000000004</ele>
      </trkpt>
      <trkpt lat="48.85160819994716" lon="2.23320055038315">
        <ele>35.35</ele>
      </trkpt>
      <trkpt lat="48.851600000000005" lon="2.23326">
        <ele>35.462230240532705</ele>
      </trkpt>
      <trkpt lat="48.851582574261926" lon="2.2333297029523376">
        <ele>35.6</ele>
      </trkpt>
      <trkpt lat="48.85156820102415" lon="2.2333871959033953">
        <ele>35.730000000000004</ele>
      </trkpt>
      <trkpt lat="48.85156820102415" lon="2.2333871959033953">
        <ele>35.69</ele>
      </trkpt>
      <trkpt lat="48.851530000000004" lon="2.23354">
        <ele>36.03772023545836</ele>
      </trkpt>
      <trkpt lat="48.851490000000005" lon="2.23376">
        <ele>36.52324975315042</ele>
      </trkpt>
      <trkpt lat="48.85148435705294" lon="2.233795045671255">
        <ele>36.6</ele>
      </trkpt>
      <trkpt lat="48.851479868125914" lon="2.2338229242706524">
        <ele>36.7</ele>
      </trkpt>
      <trkpt lat="48.851462981209984" lon="2.233927800906481">
        <ele>36.87</ele>
      </trkpt>
      <trkpt lat="48.85144844563676" lon="2.2340180744664346">
        <ele>36.94</ele>
      </trkpt>
      <trkpt lat="48.85142642851851" lon="2.234154812358717">
        <ele>37.08</ele>
      </trkpt>
      <trkpt lat="48.851422367108356" lon="2.2341800358534094">
        <ele>37.17</ele>
      </trkpt>
      <trkpt lat="48.85140697650142" lon="2.234275619622772">
        <ele>37.32000000000001</ele>
      </trkpt>
      <trkpt lat="48.85139115837763" lon="2.2343738584968396">
        <ele>37.32000000000001</ele>
      </trkpt>
      <trkpt lat="48.85135524696146" lon="2.2345968872920188">
        <ele>37.19</ele>
      </trkpt>
      <trkpt lat="48.851347124141135" lon="2.234647334281404">
        <ele>37.14000000000001</ele>
      </trkpt>
      <trkpt lat="48.85132617581503" lon="2.2347774344119253">
        <ele>37.4</ele>
      </trkpt>
      <trkpt lat="48.85130522748893" lon="2.2349075345424465">
        <ele>37.69</ele>
      </trkpt>
      <trkpt lat="48.8513" lon="2.2349400000000004">
        <ele>37.77432801421566</ele>
      </trkpt>
      <trkpt lat="48.85129961941083" lon="2.2349461845740732">
        <ele>37.790000000000006</ele>
      </trkpt>
      <trkpt lat="48.85129961941083" lon="2.2349461845740732">
        <ele>37.77</ele>
      </trkpt>
      <trkpt lat="48.851289486837075" lon="2.2351108388975414">
        <ele>38.21</ele>
      </trkpt>
      <trkpt lat="48.851260763921395" lon="2.2355775862772878">
        <ele>39.589999999999996</ele>
      </trkpt>
      <trkpt lat="48.85126" lon="2.23559">
        <ele>39.62770016224618</ele>
      </trkpt>
      <trkpt lat="48.85125418655016" lon="2.2361132104864225">
        <ele>41.21</ele>
      </trkpt>
      <trkpt lat="48.85125209121654" lon="2.236301790511912">
        <ele>41.63</ele>
      </trkpt>
      <trkpt lat="48.85125000000001" lon="2.2364900000000003">
        <ele>42.120000000000005</ele>
      </trkpt>
      <trkpt lat="48.85125000000001" lon="2.236489629409814">
        <ele>42.120000000000005</ele>
      </trkpt>
      <trkpt lat="48.85125000000001" lon="2.23647">
        <ele>42.09243568641512</ele>
      </trkpt>
      <trkpt lat="48.85126561599989" lon="2.2367198559982278">
        <ele>41.74</ele>
      </trkpt>
      <trkpt lat="48.85127000000001" lon="2.23679">
        <ele>41.6289072404914</ele>
      </trkpt>
      <trkpt lat="48.851290000000006" lon="2.2368400000000004">
        <ele>41.53665006266353</ele>
      </trkpt>
      <trkpt lat="48.85132" lon="2.23687">
        <ele>41.45060019338325</ele>
      </trkpt>
      <trkpt lat="48.8514661795264" lon="2.236860254698241">
        <ele>41.1</ele>
      </trkpt>
      <trkpt lat="48.851470000000006" lon="2.23686">
        <ele>41.09179922287938</ele>
      </trkpt>
      <trkpt lat="48.851490000000005" lon="2.23686">
        <ele>41.048909787402316</ele>
      </trkpt>
      <trkpt lat="48.851510000000005" lon="2.2369100000000004">
        <ele>40.96634193747096</ele>
      </trkpt>
      <trkpt lat="48.85155" lon="2.23692">
        <ele>40.87941016934131</ele>
      </trkpt>
      <trkpt lat="48.85155783962145" lon="2.23695292641005">
        <ele>40.830000000000005</ele>
      </trkpt>
      <trkpt lat="48.85155783962145" lon="2.23695292641005">
        <ele>40.81</ele>
      </trkpt>
      <trkpt lat="48.851585685175934" lon="2.237069877738912">
        <ele>40.64</ele>
      </trkpt>
      <trkpt lat="48.851600000000005" lon="2.23713">
        <ele>40.537081317614216</ele>
      </trkpt>
      <trkpt lat="48.85159737465642" lon="2.237131853183702">
        <ele>40.53</ele>
      </trkpt>
      <trkpt lat="48.851435879335234" lon="2.2372458498810115">
        <ele>40.010000000000005</ele>
      </trkpt>
      <trkpt lat="48.85143" lon="2.2372500000000004">
        <ele>39.99252530852511</ele>
      </trkpt>
      <trkpt lat="48.85144639398965" lon="2.237372954922315">
        <ele>39.769999999999996</ele>
      </trkpt>
      <trkpt lat="48.851470000000006" lon="2.23755">
        <ele>39.47726882686994</ele>
      </trkpt>
      <trkpt lat="48.851470000000006" lon="2.23754">
        <ele>39.4610638917449</ele>
      </trkpt>
      <trkpt lat="48.85147142411144" lon="2.237552817002851">
        <ele>39.440000000000005</ele>
      </trkpt>
      <trkpt lat="48.85148624820759" lon="2.2376862338682826">
        <ele>39.25</ele>
      </trkpt>
      <trkpt lat="48.851490000000005" lon="2.2377200000000004">
        <ele>39.21241651650351</ele>
      </trkpt>
      <trkpt lat="48.85149442028091" lon="2.2377392884984717">
        <ele>39.190000000000005</ele>
      </trkpt>
      <trkpt lat="48.85149442028091" lon="2.2377392884984717">
        <ele>39.17</ele>
      </trkpt>
      <trkpt lat="48.851508322075304" lon="2.2377999508740025">
        <ele>39.1</ele>
      </trkpt>
      <trkpt lat="48.85153760457838" lon="2.2379277290692703">
        <ele>39.010000000000005</ele>
      </trkpt>
      <trkpt lat="48.85156688708146" lon="2.238055507264537">
        <ele>39</ele>
      </trkpt>
      <trkpt lat="48.85159616958454" lon="2.238183285459805">
        <ele>39.040000000000006</ele>
      </trkpt>
      <trkpt lat="48.851600000000005" lon="2.2382">
        <ele>39.050517841822185</ele>
      </trkpt>
      <trkpt lat="48.851681679845804" lon="2.2384187853012425">
        <ele>39.2</ele>
      </trkpt>
      <trkpt lat="48.85172517144548" lon="2.2385352806575365">
        <ele>39.24</ele>
      </trkpt>
      <trkpt lat="48.85180150364084" lon="2.2387397418951145">
        <ele>39.2</ele>
      </trkpt>
      <trkpt lat="48.85187694825254" lon="2.238941825676441">
        <ele>39.17</ele>
      </trkpt>
      <trkpt lat="48.85188" lon="2.23895">
        <ele>39.1723231517265</ele>
      </trkpt>
      <trkpt lat="48.851487619466326" lon="2.2389865005147604">
        <ele>39.32</ele>
      </trkpt>
      <trkpt lat="48.85145000000001" lon="2.2389900000000003">
        <ele>39.32136068809912</ele>
      </trkpt>
      <trkpt lat="48.8513" lon="2.23902">
        <ele>39.32682271458476</ele>
      </trkpt>
      <trkpt lat="48.851220000000005" lon="2.23904">
        <ele>39.32974971056058</ele>
      </trkpt>
      <trkpt lat="48.85121338436983" lon="2.2390431503000836">
        <ele>39.330000000000005</ele>
      </trkpt>
      <trkpt lat="48.85113700642223" lon="2.239079520751322">
        <ele>39.330000000000005</ele>
      </trkpt>
      <trkpt lat="48.85101" lon="2.2391400000000004">
        <ele>39.224289124645026</ele>
      </trkpt>
      <trkpt lat="48.850993647034976" lon="2.2391513975210793">
        <ele>39.21</ele>
      </trkpt>
      <trkpt lat="48.85086530689754" lon="2.2392408467077765">
        <ele>39.05</ele>
      </trkpt>
      <trkpt lat="48.85086530689754" lon="2.2392408467077765">
        <ele>38.830000000000005</ele>
      </trkpt>
      <trkpt lat="48.85074922855668" lon="2.2393217497938336">
        <ele>38.900000000000006</ele>
      </trkpt>
      <trkpt lat="48.850680000000004" lon="2.23937">
        <ele>38.82809500278737</ele>
      </trkpt>
      <trkpt lat="48.85066463579229" lon="2.239387412768737">
        <ele>38.81</ele>
      </trkpt>
      <trkpt lat="48.850588218081285" lon="2.2394740195078886">
        <ele>38.77</ele>
      </trkpt>
      <trkpt lat="48.850530000000006" lon="2.2395400000000003">
        <ele>38.6643391776499</ele>
      </trkpt>
      <trkpt lat="48.85051552987489" lon="2.239568337328342">
        <ele>38.63</ele>
      </trkpt>
      <trkpt lat="48.850470319250405" lon="2.239656874801306">
        <ele>38.55</ele>
      </trkpt>
      <trkpt lat="48.850424557276824" lon="2.23974649199955">
        <ele>38.400000000000006</ele>
      </trkpt>
      <trkpt lat="48.8503512278493" lon="2.2398900954617953">
        <ele>38.74</ele>
      </trkpt>
      <trkpt lat="48.8503512278493" lon="2.2398900954617953">
        <ele>39.1</ele>
      </trkpt>
      <trkpt lat="48.85031483881007" lon="2.2399613573302783">
        <ele>39.13</ele>
      </trkpt>
      <trkpt lat="48.85029" lon="2.2400100000000003">
        <ele>39.177146362521746</ele>
      </trkpt>
      <trkpt lat="48.850259953231316" lon="2.2400423580585853">
        <ele>39.220000000000006</ele>
      </trkpt>
      <trkpt lat="48.85016" lon="2.2401500000000003">
        <ele>39.40408185347846</ele>
      </trkpt>
      <trkpt lat="48.850151950047945" lon="2.2401604649376794">
        <ele>39.42</ele>
      </trkpt>
      <trkpt lat="48.850060000000006" lon="2.2402800000000003">
        <ele>39.52818070063427</ele>
      </trkpt>
      <trkpt lat="48.850021370907" lon="2.2403456694581054">
        <ele>39.580000000000005</ele>
      </trkpt>
      <trkpt lat="48.84998121359051" lon="2.2404139368961404">
        <ele>39.690000000000005</ele>
      </trkpt>
      <trkpt lat="48.84996" lon="2.24045">
        <ele>39.68016845435754</ele>
      </trkpt>
      <trkpt lat="48.84994125217415" lon="2.240491124263175">
        <ele>39.67</ele>
      </trkpt>
      <trkpt lat="48.849862381748" lon="2.2406641303592356">
        <ele>39.970000000000006</ele>
      </trkpt>
      <trkpt lat="48.849862381748" lon="2.2406641303592356">
        <ele>39.96</ele>
      </trkpt>
      <trkpt lat="48.84977378055499" lon="2.240858481363252">
        <ele>40.38</ele>
      </trkpt>
      <trkpt lat="48.849702592313214" lon="2.24101463621619">
        <ele>40.77</ele>
      </trkpt>
      <trkpt lat="48.849650000000004" lon="2.24113">
        <ele>41.11230051447719</ele>
      </trkpt>
      <trkpt lat="48.84953985498685" lon="2.24130898564637">
        <ele>41.71</ele>
      </trkpt>
      <trkpt lat="48.84949" lon="2.24139">
        <ele>41.96938082258443</ele>
      </trkpt>
      <trkpt lat="48.849479079684535" lon="2.241403898583327">
        <ele>42.02</ele>
      </trkpt>
      <trkpt lat="48.84941289137429" lon="2.2414881382509027">
        <ele>42.29</ele>
      </trkpt>
      <trkpt lat="48.849380000000004" lon="2.24153">
        <ele>42.406830739343796</ele>
      </trkpt>
      <trkpt lat="48.849379115619804" lon="2.2415311496942603">
        <ele>42.410000000000004</ele>
      </trkpt>
      <trkpt lat="48.84931351054264" lon="2.241616436294575">
        <ele>42.61</ele>
      </trkpt>
      <trkpt lat="48.84928000000001" lon="2.24166">
        <ele>42.69274828933004</ele>
      </trkpt>
      <trkpt lat="48.849198833220214" lon="2.2417482247606446">
        <ele>42.88</ele>
      </trkpt>
      <trkpt lat="48.849198833220214" lon="2.2417482247606446">
        <ele>42.870000000000005</ele>
      </trkpt>
      <trkpt lat="48.849097890410256" lon="2.2418579452062506">
        <ele>43.11</ele>
      </trkpt>
      <trkpt lat="48.849050000000005" lon="2.2419100000000003">
        <ele>43.24499277191044</ele>
      </trkpt>
      <trkpt lat="48.849050000000005" lon="2.2419000000000002">
        <ele>43.26007963249424</ele>
      </trkpt>
      <trkpt lat="48.849034270318825" lon="2.2419228795362525">
        <ele>43.31</ele>
      </trkpt>
      <trkpt lat="48.84894071620281" lon="2.2420589582504684">
        <ele>43.65</ele>
      </trkpt>
      <trkpt lat="48.848940000000006" lon="2.2420600000000004">
        <ele>43.65224977729239</ele>
      </trkpt>
      <trkpt lat="48.848940000000006" lon="2.2421254594370126">
        <ele>43.75</ele>
      </trkpt>
      <trkpt lat="48.848940000000006" lon="2.242191058806874">
        <ele>43.82000000000001</ele>
      </trkpt>
      <trkpt lat="48.848940000000006" lon="2.2422500000000003">
        <ele>43.85594009713873</ele>
      </trkpt>
      <trkpt lat="48.848940000000006" lon="2.2422433418232655">
        <ele>43.86</ele>
      </trkpt>
      <trkpt lat="48.848940000000006" lon="2.24221">
        <ele>43.86884854055843</ele>
      </trkpt>
      <trkpt lat="48.848960000000005" lon="2.24241">
        <ele>43.92253562663156</ele>
      </trkpt>
      <trkpt lat="48.84895654598821" lon="2.242437632094373">
        <ele>43.93</ele>
      </trkpt>
      <trkpt lat="48.84894060207954" lon="2.242565183363762">
        <ele>44.02</ele>
      </trkpt>
      <trkpt lat="48.848940000000006" lon="2.24257">
        <ele>44.030403528636135</ele>
      </trkpt>
      <trkpt lat="48.84890194495605" lon="2.242688393470093">
        <ele>44.31</ele>
      </trkpt>
      <trkpt lat="48.84886286862913" lon="2.2428099642649526">
        <ele>44.54</ele>
      </trkpt>
      <trkpt lat="48.848850000000006" lon="2.2428500000000002">
        <ele>44.60965564858043</ele>
      </trkpt>
      <trkpt lat="48.84877" lon="2.2430000000000003">
        <ele>44.91149866687141</ele>
      </trkpt>
      <trkpt lat="48.84875" lon="2.24309">
        <ele>45.060002842326696</ele>
      </trkpt>
      <trkpt lat="48.848780000000005" lon="2.2431900000000002">
        <ele>45.231813491379036</ele>
      </trkpt>
      <trkpt lat="48.848780000000005" lon="2.24318">
        <ele>45.24744660747342</ele>
      </trkpt>
      <trkpt lat="48.84878257201443" lon="2.2431870145848074">
        <ele>45.26</ele>
      </trkpt>
      <trkpt lat="48.84878257201443" lon="2.2431870145848074">
        <ele>45.25000000000001</ele>
      </trkpt>
      <trkpt lat="48.848877123561365" lon="2.243444882440085">
        <ele>45.74</ele>
      </trkpt>
      <trkpt lat="48.849000000000004" lon="2.24378">
        <ele>46.32206867721398</ele>
      </trkpt>
      <trkpt lat="48.84900061684492" lon="2.243804982219163">
        <ele>46.36000000000001</ele>
      </trkpt>
      <trkpt lat="48.849009013336385" lon="2.244145040123491">
        <ele>47.02</ele>
      </trkpt>
      <trkpt lat="48.84901740982785" lon="2.2444850980278193">
        <ele>47.650000000000006</ele>
      </trkpt>
      <trkpt lat="48.84902" lon="2.24459">
        <ele>47.650000000000006</ele>
      </trkpt>
      <trkpt lat="48.84902" lon="2.24459">
        <ele>47.650000000000006</ele>
      </trkpt>
      <trkpt lat="48.84902" lon="2.24521">
        <ele>47.650000000000006</ele>
      </trkpt>
      <trkpt lat="48.84902" lon="2.24521">
        <ele>47.650000000000006</ele>
      </trkpt>
      <trkpt lat="48.848960000000005" lon="2.24555">
        <ele>47.650000000000006</ele>
      </trkpt>
      <trkpt lat="48.848960000000005" lon="2.24555">
        <ele>47.650000000000006</ele>
      </trkpt>
      <trkpt lat="48.849250000000005" lon="2.24629">
        <ele>47.650000000000006</ele>
      </trkpt>
      <trkpt lat="48.849250000000005" lon="2.24629">
        <ele>47.650000000000006</ele>
      </trkpt>
      <trkpt lat="48.849250000000005" lon="2.24628">
        <ele>47.650000000000006</ele>
      </trkpt>
      <trkpt lat="48.849250000000005" lon="2.24628">
        <ele>47.650000000000006</ele>
      </trkpt>
      <trkpt lat="48.84942" lon="2.24669">
        <ele>47.650000000000006</ele>
      </trkpt>
      <trkpt lat="48.84942" lon="2.24669">
        <ele>47.650000000000006</ele>
      </trkpt>
      <trkpt lat="48.849790000000006" lon="2.2474000000000003">
        <ele>47.650000000000006</ele>
      </trkpt>
    </trkseg>
  </trk>
</gpx>
