<?xml version="1.0" encoding="UTF-8"?>
<gpx version="1.1" creator="TrailCompareMVP" xmlns="http://www.topografix.com/GPX/1/1">
  <trk>
    <trkseg>
      <trkpt lat="47.65272" lon="-2.75858">
        <ele>4</ele>
      </trkpt>
      <trkpt lat="47.65288" lon="-2.75859">
        <ele>4</ele>
      </trkpt>
      <trkpt lat="47.65305" lon="-2.7586">
        <ele>4</ele>
      </trkpt>
      <trkpt lat="47.65321" lon="-2.75861">
        <ele>4</ele>
      </trkpt>
      <trkpt lat="47.65337" lon="-2.75862">
        <ele>4</ele>
      </trkpt>
      <trkpt lat="47.65354" lon="-2.75863">
        <ele>4</ele>
      </trkpt>
      <trkpt lat="47.6537" lon="-2.75864">
        <ele>4</ele>
      </trkpt>
      <trkpt lat="47.65387" lon="-2.75865">
        <ele>4</ele>
      </trkpt>
      <trkpt lat="47.65403" lon="-2.75866">
        <ele>4</ele>
      </trkpt>
      <trkpt lat="47.65417" lon="-2.75851">
        <ele>4</ele>
      </trkpt>
      <trkpt lat="47.65425" lon="-2.75829">
        <ele>4</ele>
      </trkpt>
      <trkpt lat="47.65434" lon="-2.75807">
        <ele>4</ele>
      </trkpt>
      <trkpt lat="47.6545" lon="-2.75806">
        <ele>4</ele>
      </trkpt>
      <trkpt lat="47.65466" lon="-2.75805">
        <ele>5</ele>
      </trkpt>
      <trkpt lat="47.65482" lon="-2.75793">
        <ele>5</ele>
      </trkpt>
      <trkpt lat="47.65498" lon="-2.75781">
        <ele>5</ele>
      </trkpt>
      <trkpt lat="47.65513" lon="-2.75769">
        <ele>5</ele>
      </trkpt>
      <trkpt lat="47.65529" lon="-2.75757">
        <ele>5</ele>
      </trkpt>
      <trkpt lat="47.65552" lon="-2.75745">
        <ele>5</ele>
      </trkpt>
      <trkpt lat="47.65561" lon="-2.75761">
        <ele>4</ele>
      </trkpt>
      <trkpt lat="47.65569" lon="-2.75778">
        <ele>4</ele>
      </trkpt>
      <trkpt lat="47.65577" lon="-2.75794">
        <ele>4</ele>
      </trkpt>
      <trkpt lat="47.65586" lon="-2.75811">
        <ele>4</ele>
      </trkpt>
      <trkpt lat="47.65604" lon="-2.75824">
        <ele>5</ele>
      </trkpt>
      <trkpt lat="47.65615" lon="-2.75821">
        <ele>5</ele>
      </trkpt>
      <trkpt lat="47.65628" lon="-2.75822">
        <ele>6</ele>
      </trkpt>
      <trkpt lat="47.65642" lon="-2.75824">
        <ele>8</ele>
      </trkpt>
      <trkpt lat="47.65655" lon="-2.75795">
        <ele>11</ele>
      </trkpt>
      <trkpt lat="47.65669" lon="-2.75773">
        <ele>13</ele>
      </trkpt>
      <trkpt lat="47.6569" lon="-2.75754">
        <ele>15</ele>
      </trkpt>
      <trkpt lat="47.65705" lon="-2.75745">
        <ele>16</ele>
      </trkpt>
      <trkpt lat="47.6572" lon="-2.7573">
        <ele>16</ele>
      </trkpt>
      <trkpt lat="47.65729" lon="-2.75711">
        <ele>16</ele>
      </trkpt>
      <trkpt lat="47.65746" lon="-2.75724">
        <ele>16</ele>
      </trkpt>
      <trkpt lat="47.65756" lon="-2.75703">
        <ele>16</ele>
      </trkpt>
      <trkpt lat="47.65766" lon="-2.75682">
        <ele>15</ele>
      </trkpt>
      <trkpt lat="47.65775" lon="-2.75661">
        <ele>14</ele>
      </trkpt>
      <trkpt lat="47.65785" lon="-2.7564">
        <ele>13</ele>
      </trkpt>
      <trkpt lat="47.658" lon="-2.75615">
        <ele>11</ele>
      </trkpt>
      <trkpt lat="47.65815" lon="-2.7559">
        <ele>9</ele>
      </trkpt>
      <trkpt lat="47.65826" lon="-2.75582">
        <ele>8</ele>
      </trkpt>
      <trkpt lat="47.6583" lon="-2.75563">
        <ele>7</ele>
      </trkpt>
      <trkpt lat="47.65835" lon="-2.75544">
        <ele>7</ele>
      </trkpt>
      <trkpt lat="47.65839" lon="-2.75524">
        <ele>6</ele>
      </trkpt>
      <trkpt lat="47.65844" lon="-2.75505">
        <ele>6</ele>
      </trkpt>
      <trkpt lat="47.65826" lon="-2.75495">
        <ele>6</ele>
      </trkpt>
      <trkpt lat="47.65809" lon="-2.75491">
        <ele>6</ele>
      </trkpt>
      <trkpt lat="47.65795" lon="-2.75492">
        <ele>6</ele>
      </trkpt>
      <trkpt lat="47.65781" lon="-2.75493">
        <ele>6</ele>
      </trkpt>
      <trkpt lat="47.65768" lon="-2.75494">
        <ele>6</ele>
      </trkpt>
      <trkpt lat="47.65754" lon="-2.75495">
        <ele>6</ele>
      </trkpt>
      <trkpt lat="47.65739" lon="-2.75499">
        <ele>6</ele>
      </trkpt>
      <trkpt lat="47.65724" lon="-2.75502">
        <ele>6</ele>
      </trkpt>
      <trkpt lat="47.65708" lon="-2.75506">
        <ele>6</ele>
      </trkpt>
      <trkpt lat="47.65693" lon="-2.7551">
        <ele>7</ele>
      </trkpt>
      <trkpt lat="47.6567" lon="-2.75509">
        <ele>7</ele>
      </trkpt>
      <trkpt lat="47.65646" lon="-2.75509">
        <ele>7</ele>
      </trkpt>
      <trkpt lat="47.65623" lon="-2.75508">
        <ele>7</ele>
      </trkpt>
      <trkpt lat="47.656" lon="-2.75507">
        <ele>8</ele>
      </trkpt>
      <trkpt lat="47.65576" lon="-2.75516">
        <ele>8</ele>
      </trkpt>
      <trkpt lat="47.65552" lon="-2.75526">
        <ele>9</ele>
      </trkpt>
      <trkpt lat="47.65539" lon="-2.75546">
        <ele>9</ele>
      </trkpt>
      <trkpt lat="47.65525" lon="-2.75566">
        <ele>9</ele>
      </trkpt>
      <trkpt lat="47.65512" lon="-2.75586">
        <ele>9</ele>
      </trkpt>
      <trkpt lat="47.65499" lon="-2.75606">
        <ele>9</ele>
      </trkpt>
      <trkpt lat="47.6549" lon="-2.75626">
        <ele>9</ele>
      </trkpt>
      <trkpt lat="47.65481" lon="-2.75647">
        <ele>8</ele>
      </trkpt>
      <trkpt lat="47.65472" lon="-2.75667">
        <ele>7</ele>
      </trkpt>
      <trkpt lat="47.65462" lon="-2.75688">
        <ele>7</ele>
      </trkpt>
      <trkpt lat="47.65453" lon="-2.75709">
        <ele>6</ele>
      </trkpt>
      <trkpt lat="47.65444" lon="-2.75729">
        <ele>6</ele>
      </trkpt>
      <trkpt lat="47.65435" lon="-2.75749">
        <ele>5</ele>
      </trkpt>
      <trkpt lat="47.65426" lon="-2.7577">
        <ele>4</ele>
      </trkpt>
      <trkpt lat="47.65418" lon="-2.7578">
        <ele>4</ele>
      </trkpt>
      <trkpt lat="47.65397" lon="-2.75777">
        <ele>4</ele>
      </trkpt>
      <trkpt lat="47.65376" lon="-2.75775">
        <ele>4</ele>
      </trkpt>
      <trkpt lat="47.65355" lon="-2.75772">
        <ele>4</ele>
      </trkpt>
      <trkpt lat="47.65334" lon="-2.7577">
        <ele>4</ele>
      </trkpt>
      <trkpt lat="47.65316" lon="-2.75765">
        <ele>4</ele>
      </trkpt>
      <trkpt lat="47.65298" lon="-2.75761">
        <ele>4</ele>
      </trkpt>
      <trkpt lat="47.65296" lon="-2.75769">
        <ele>4</ele>
      </trkpt>
      <trkpt lat="47.65292" lon="-2.75772">
        <ele>4</ele>
      </trkpt>
      <trkpt lat="47.65272" lon="-2.75771">
        <ele>4</ele>
      </trkpt>
      <trkpt lat="47.65252" lon="-2.75769">
        <ele>3</ele>
      </trkpt>
      <trkpt lat="47.65231" lon="-2.75767">
        <ele>3</ele>
      </trkpt>
      <trkpt lat="47.65211" lon="-2.75766">
        <ele>3</ele>
      </trkpt>
      <trkpt lat="47.65191" lon="-2.75765">
        <ele>3</ele>
      </trkpt>
      <trkpt lat="47.6517" lon="-2.75763">
        <ele>3</ele>
      </trkpt>
      <trkpt lat="47.6515" lon="-2.75761">
        <ele>3</ele>
      </trkpt>
      <trkpt lat="47.6513" lon="-2.7576">
        <ele>3</ele>
      </trkpt>
      <trkpt lat="47.65131" lon="-2.75735">
        <ele>3</ele>
      </trkpt>
      <trkpt lat="47.65131" lon="-2.7571">
        <ele>3</ele>
      </trkpt>
      <trkpt lat="47.65113" lon="-2.75711">
        <ele>3</ele>
      </trkpt>
      <trkpt lat="47.65095" lon="-2.75711">
        <ele>3</ele>
      </trkpt>
      <trkpt lat="47.65091" lon="-2.75716">
        <ele>3</ele>
      </trkpt>
      <trkpt lat="47.65089" lon="-2.75737">
        <ele>3</ele>
      </trkpt>
      <trkpt lat="47.65086" lon="-2.75758">
        <ele>2</ele>
      </trkpt>
      <trkpt lat="47.65066" lon="-2.75758">
        <ele>2</ele>
      </trkpt>
      <trkpt lat="47.65046" lon="-2.75758">
        <ele>2</ele>
      </trkpt>
      <trkpt lat="47.65025" lon="-2.75758">
        <ele>2</ele>
      </trkpt>
      <trkpt lat="47.65005" lon="-2.75758">
        <ele>2</ele>
      </trkpt>
      <trkpt lat="47.64984" lon="-2.75757">
        <ele>2</ele>
      </trkpt>
      <trkpt lat="47.64962" lon="-2.75755">
        <ele>2</ele>
      </trkpt>
      <trkpt lat="47.64941" lon="-2.75754">
        <ele>2</ele>
      </trkpt>
      <trkpt lat="47.64919" lon="-2.75753">
        <ele>2</ele>
      </trkpt>
      <trkpt lat="47.64898" lon="-2.75752">
        <ele>2</ele>
      </trkpt>
      <trkpt lat="47.64877" lon="-2.75751">
        <ele>2</ele>
      </trkpt>
      <trkpt lat="47.64855" lon="-2.75749">
        <ele>2</ele>
      </trkpt>
      <trkpt lat="47.64834" lon="-2.75748">
        <ele>3</ele>
      </trkpt>
      <trkpt lat="47.6482" lon="-2.75748">
        <ele>3</ele>
      </trkpt>
      <trkpt lat="47.64805" lon="-2.75748">
        <ele>3</ele>
      </trkpt>
      <trkpt lat="47.64791" lon="-2.75747">
        <ele>3</ele>
      </trkpt>
      <trkpt lat="47.64777" lon="-2.75747">
        <ele>3</ele>
      </trkpt>
      <trkpt lat="47.64761" lon="-2.75749">
        <ele>3</ele>
      </trkpt>
      <trkpt lat="47.64745" lon="-2.75751">
        <ele>3</ele>
      </trkpt>
      <trkpt lat="47.64729" lon="-2.75754">
        <ele>3</ele>
      </trkpt>
      <trkpt lat="47.64713" lon="-2.75756">
        <ele>3</ele>
      </trkpt>
      <trkpt lat="47.64697" lon="-2.75765">
        <ele>3</ele>
      </trkpt>
      <trkpt lat="47.64681" lon="-2.75774">
        <ele>3</ele>
      </trkpt>
      <trkpt lat="47.64665" lon="-2.75788">
        <ele>3</ele>
      </trkpt>
      <trkpt lat="47.64648" lon="-2.75802">
        <ele>3</ele>
      </trkpt>
      <trkpt lat="47.64632" lon="-2.75816">
        <ele>3</ele>
      </trkpt>
      <trkpt lat="47.64616" lon="-2.7583">
        <ele>3</ele>
      </trkpt>
      <trkpt lat="47.64601" lon="-2.75839">
        <ele>3</ele>
      </trkpt>
      <trkpt lat="47.64586" lon="-2.75848">
        <ele>3</ele>
      </trkpt>
      <trkpt lat="47.64572" lon="-2.75854">
        <ele>3</ele>
      </trkpt>
      <trkpt lat="47.64559" lon="-2.75859">
        <ele>3</ele>
      </trkpt>
      <trkpt lat="47.64538" lon="-2.7587">
        <ele>3</ele>
      </trkpt>
      <trkpt lat="47.64517" lon="-2.75882">
        <ele>3</ele>
      </trkpt>
      <trkpt lat="47.64497" lon="-2.75894">
        <ele>3</ele>
      </trkpt>
      <trkpt lat="47.64476" lon="-2.75905">
        <ele>3</ele>
      </trkpt>
      <trkpt lat="47.64459" lon="-2.75913">
        <ele>3</ele>
      </trkpt>
      <trkpt lat="47.64442" lon="-2.75921">
        <ele>3</ele>
      </trkpt>
      <trkpt lat="47.64432" lon="-2.75923">
        <ele>3</ele>
      </trkpt>
      <trkpt lat="47.64426" lon="-2.75917">
        <ele>3</ele>
      </trkpt>
      <trkpt lat="47.64417" lon="-2.75927">
        <ele>3</ele>
      </trkpt>
      <trkpt lat="47.64398" lon="-2.75938">
        <ele>3</ele>
      </trkpt>
      <trkpt lat="47.6439" lon="-2.75946">
        <ele>3</ele>
      </trkpt>
      <trkpt lat="47.64375" lon="-2.75953">
        <ele>4</ele>
      </trkpt>
      <trkpt lat="47.64362" lon="-2.75956">
        <ele>4</ele>
      </trkpt>
      <trkpt lat="47.64347" lon="-2.75965">
        <ele>4</ele>
      </trkpt>
      <trkpt lat="47.64333" lon="-2.75974">
        <ele>4</ele>
      </trkpt>
      <trkpt lat="47.64317" lon="-2.75982">
        <ele>4</ele>
      </trkpt>
      <trkpt lat="47.64301" lon="-2.75991">
        <ele>4</ele>
      </trkpt>
      <trkpt lat="47.64284" lon="-2.75999">
        <ele>3</ele>
      </trkpt>
      <trkpt lat="47.64268" lon="-2.76008">
        <ele>3</ele>
      </trkpt>
      <trkpt lat="47.64248" lon="-2.7601">
        <ele>3</ele>
      </trkpt>
      <trkpt lat="47.64227" lon="-2.76011">
        <ele>3</ele>
      </trkpt>
      <trkpt lat="47.64207" lon="-2.76013">
        <ele>3</ele>
      </trkpt>
      <trkpt lat="47.64187" lon="-2.76014">
        <ele>3</ele>
      </trkpt>
      <trkpt lat="47.64167" lon="-2.76016">
        <ele>3</ele>
      </trkpt>
      <trkpt lat="47.64146" lon="-2.76018">
        <ele>3</ele>
      </trkpt>
      <trkpt lat="47.64126" lon="-2.76019">
        <ele>3</ele>
      </trkpt>
      <trkpt lat="47.64106" lon="-2.76021">
        <ele>3</ele>
      </trkpt>
      <trkpt lat="47.64082" lon="-2.76018">
        <ele>4</ele>
      </trkpt>
      <trkpt lat="47.64057" lon="-2.76015">
        <ele>4</ele>
      </trkpt>
      <trkpt lat="47.64035" lon="-2.75993">
        <ele>4</ele>
      </trkpt>
      <trkpt lat="47.64021" lon="-2.75988">
        <ele>3</ele>
      </trkpt>
      <trkpt lat="47.64008" lon="-2.75983">
        <ele>3</ele>
      </trkpt>
      <trkpt lat="47.64" lon="-2.75948">
        <ele>3</ele>
      </trkpt>
      <trkpt lat="47.63992" lon="-2.75914">
        <ele>3</ele>
      </trkpt>
      <trkpt lat="47.63984" lon="-2.7588">
        <ele>3</ele>
      </trkpt>
      <trkpt lat="47.63976" lon="-2.75845">
        <ele>3</ele>
      </trkpt>
      <trkpt lat="47.63967" lon="-2.75817">
        <ele>3</ele>
      </trkpt>
      <trkpt lat="47.63959" lon="-2.7579">
        <ele>3</ele>
      </trkpt>
      <trkpt lat="47.63953" lon="-2.75794">
        <ele>3</ele>
      </trkpt>
      <trkpt lat="47.63944" lon="-2.75774">
        <ele>3</ele>
      </trkpt>
      <trkpt lat="47.63935" lon="-2.75753">
        <ele>3</ele>
      </trkpt>
      <trkpt lat="47.63926" lon="-2.75733">
        <ele>3</ele>
      </trkpt>
      <trkpt lat="47.63917" lon="-2.75713">
        <ele>3</ele>
      </trkpt>
      <trkpt lat="47.63908" lon="-2.75692">
        <ele>3</ele>
      </trkpt>
      <trkpt lat="47.63899" lon="-2.75672">
        <ele>2</ele>
      </trkpt>
      <trkpt lat="47.6389" lon="-2.75651">
        <ele>2</ele>
      </trkpt>
      <trkpt lat="47.63881" lon="-2.75631">
        <ele>2</ele>
      </trkpt>
      <trkpt lat="47.63873" lon="-2.75614">
        <ele>2</ele>
      </trkpt>
      <trkpt lat="47.63865" lon="-2.75598">
        <ele>3</ele>
      </trkpt>
      <trkpt lat="47.63857" lon="-2.75581">
        <ele>3</ele>
      </trkpt>
      <trkpt lat="47.63849" lon="-2.75564">
        <ele>3</ele>
      </trkpt>
      <trkpt lat="47.63841" lon="-2.75547">
        <ele>3</ele>
      </trkpt>
      <trkpt lat="47.63833" lon="-2.7553">
        <ele>3</ele>
      </trkpt>
      <trkpt lat="47.63825" lon="-2.75514">
        <ele>3</ele>
      </trkpt>
      <trkpt lat="47.63817" lon="-2.75497">
        <ele>3</ele>
      </trkpt>
      <trkpt lat="47.63796" lon="-2.75494">
        <ele>3</ele>
      </trkpt>
      <trkpt lat="47.63771" lon="-2.755">
        <ele>3</ele>
      </trkpt>
      <trkpt lat="47.63746" lon="-2.75506">
        <ele>3</ele>
      </trkpt>
      <trkpt lat="47.63732" lon="-2.75506">
        <ele>3</ele>
      </trkpt>
      <trkpt lat="47.63717" lon="-2.75505">
        <ele>3</ele>
      </trkpt>
      <trkpt lat="47.63692" lon="-2.75502">
        <ele>3</ele>
      </trkpt>
      <trkpt lat="47.63666" lon="-2.75498">
        <ele>3</ele>
      </trkpt>
      <trkpt lat="47.63644" lon="-2.75489">
        <ele>3</ele>
      </trkpt>
      <trkpt lat="47.63625" lon="-2.75477">
        <ele>3</ele>
      </trkpt>
      <trkpt lat="47.63609" lon="-2.75476">
        <ele>4</ele>
      </trkpt>
      <trkpt lat="47.63591" lon="-2.75483">
        <ele>4</ele>
      </trkpt>
      <trkpt lat="47.63574" lon="-2.75489">
        <ele>4</ele>
      </trkpt>
      <trkpt lat="47.63558" lon="-2.75491">
        <ele>4</ele>
      </trkpt>
      <trkpt lat="47.63547" lon="-2.75476">
        <ele>4</ele>
      </trkpt>
      <trkpt lat="47.63534" lon="-2.75472">
        <ele>3</ele>
      </trkpt>
      <trkpt lat="47.63516" lon="-2.75479">
        <ele>3</ele>
      </trkpt>
      <trkpt lat="47.63502" lon="-2.75489">
        <ele>3</ele>
      </trkpt>
      <trkpt lat="47.63489" lon="-2.755">
        <ele>3</ele>
      </trkpt>
      <trkpt lat="47.63479" lon="-2.75498">
        <ele>3</ele>
      </trkpt>
      <trkpt lat="47.63474" lon="-2.75479">
        <ele>3</ele>
      </trkpt>
      <trkpt lat="47.63473" lon="-2.75461">
        <ele>3</ele>
      </trkpt>
      <trkpt lat="47.6346" lon="-2.75448">
        <ele>3</ele>
      </trkpt>
      <trkpt lat="47.63443" lon="-2.75455">
        <ele>3</ele>
      </trkpt>
      <trkpt lat="47.63425" lon="-2.75461">
        <ele>3</ele>
      </trkpt>
      <trkpt lat="47.63405" lon="-2.75484">
        <ele>3</ele>
      </trkpt>
      <trkpt lat="47.6339" lon="-2.75511">
        <ele>3</ele>
      </trkpt>
      <trkpt lat="47.63374" lon="-2.75538">
        <ele>3</ele>
      </trkpt>
      <trkpt lat="47.63364" lon="-2.75572">
        <ele>4</ele>
      </trkpt>
      <trkpt lat="47.63352" lon="-2.75602">
        <ele>4</ele>
      </trkpt>
      <trkpt lat="47.63335" lon="-2.75624">
        <ele>4</ele>
      </trkpt>
      <trkpt lat="47.63317" lon="-2.75653">
        <ele>4</ele>
      </trkpt>
      <trkpt lat="47.63304" lon="-2.75684">
        <ele>4</ele>
      </trkpt>
      <trkpt lat="47.63289" lon="-2.75706">
        <ele>5</ele>
      </trkpt>
      <trkpt lat="47.63273" lon="-2.75722">
        <ele>5</ele>
      </trkpt>
      <trkpt lat="47.63251" lon="-2.75731">
        <ele>5</ele>
      </trkpt>
      <trkpt lat="47.63233" lon="-2.75743">
        <ele>5</ele>
      </trkpt>
      <trkpt lat="47.63217" lon="-2.75756">
        <ele>5</ele>
      </trkpt>
      <trkpt lat="47.63201" lon="-2.7577">
        <ele>5</ele>
      </trkpt>
      <trkpt lat="47.63186" lon="-2.75765">
        <ele>5</ele>
      </trkpt>
      <trkpt lat="47.63165" lon="-2.75753">
        <ele>4</ele>
      </trkpt>
      <trkpt lat="47.63144" lon="-2.7574">
        <ele>4</ele>
      </trkpt>
      <trkpt lat="47.63122" lon="-2.75731">
        <ele>4</ele>
      </trkpt>
      <trkpt lat="47.63104" lon="-2.75721">
        <ele>4</ele>
      </trkpt>
      <trkpt lat="47.63086" lon="-2.75711">
        <ele>4</ele>
      </trkpt>
      <trkpt lat="47.63062" lon="-2.75716">
        <ele>4</ele>
      </trkpt>
      <trkpt lat="47.63038" lon="-2.75721">
        <ele>4</ele>
      </trkpt>
      <trkpt lat="47.63017" lon="-2.75731">
        <ele>4</ele>
      </trkpt>
      <trkpt lat="47.62996" lon="-2.75741">
        <ele>4</ele>
      </trkpt>
      <trkpt lat="47.62979" lon="-2.75731">
        <ele>4</ele>
      </trkpt>
      <trkpt lat="47.62962" lon="-2.7572">
        <ele>4</ele>
      </trkpt>
      <trkpt lat="47.62958" lon="-2.75689">
        <ele>4</ele>
      </trkpt>
      <trkpt lat="47.62954" lon="-2.75658">
        <ele>4</ele>
      </trkpt>
      <trkpt lat="47.62958" lon="-2.75638">
        <ele>4</ele>
      </trkpt>
      <trkpt lat="47.62962" lon="-2.75618">
        <ele>4</ele>
      </trkpt>
      <trkpt lat="47.62958" lon="-2.75596">
        <ele>4</ele>
      </trkpt>
      <trkpt lat="47.62953" lon="-2.75574">
        <ele>4</ele>
      </trkpt>
      <trkpt lat="47.62946" lon="-2.75554">
        <ele>4</ele>
      </trkpt>
      <trkpt lat="47.62939" lon="-2.75533">
        <ele>4</ele>
      </trkpt>
      <trkpt lat="47.62929" lon="-2.75515">
        <ele>4</ele>
      </trkpt>
      <trkpt lat="47.6292" lon="-2.75498">
        <ele>4</ele>
      </trkpt>
      <trkpt lat="47.6291" lon="-2.75481">
        <ele>3</ele>
      </trkpt>
      <trkpt lat="47.62901" lon="-2.75463">
        <ele>3</ele>
      </trkpt>
      <trkpt lat="47.62889" lon="-2.75446">
        <ele>3</ele>
      </trkpt>
      <trkpt lat="47.62878" lon="-2.75429">
        <ele>3</ele>
      </trkpt>
      <trkpt lat="47.62866" lon="-2.75413">
        <ele>3</ele>
      </trkpt>
      <trkpt lat="47.62854" lon="-2.75396">
        <ele>3</ele>
      </trkpt>
      <trkpt lat="47.62841" lon="-2.75382">
        <ele>3</ele>
      </trkpt>
      <trkpt lat="47.62827" lon="-2.75368">
        <ele>3</ele>
      </trkpt>
      <trkpt lat="47.62813" lon="-2.75358">
        <ele>3</ele>
      </trkpt>
      <trkpt lat="47.62799" lon="-2.75348">
        <ele>3</ele>
      </trkpt>
      <trkpt lat="47.62786" lon="-2.75339">
        <ele>3</ele>
      </trkpt>
      <trkpt lat="47.62772" lon="-2.75329">
        <ele>4</ele>
      </trkpt>
      <trkpt lat="47.62757" lon="-2.75321">
        <ele>4</ele>
      </trkpt>
      <trkpt lat="47.62741" lon="-2.75313">
        <ele>4</ele>
      </trkpt>
      <trkpt lat="47.62726" lon="-2.75306">
        <ele>4</ele>
      </trkpt>
      <trkpt lat="47.62711" lon="-2.75298">
        <ele>4</ele>
      </trkpt>
      <trkpt lat="47.62688" lon="-2.75289">
        <ele>4</ele>
      </trkpt>
      <trkpt lat="47.62665" lon="-2.75279">
        <ele>4</ele>
      </trkpt>
      <trkpt lat="47.62642" lon="-2.7527">
        <ele>4</ele>
      </trkpt>
      <trkpt lat="47.62619" lon="-2.7526">
        <ele>4</ele>
      </trkpt>
      <trkpt lat="47.62595" lon="-2.75248">
        <ele>4</ele>
      </trkpt>
      <trkpt lat="47.62571" lon="-2.75235">
        <ele>4</ele>
      </trkpt>
      <trkpt lat="47.62549" lon="-2.75231">
        <ele>4</ele>
      </trkpt>
      <trkpt lat="47.62532" lon="-2.75226">
        <ele>4</ele>
      </trkpt>
      <trkpt lat="47.62515" lon="-2.75222">
        <ele>4</ele>
      </trkpt>
      <trkpt lat="47.62499" lon="-2.75217">
        <ele>4</ele>
      </trkpt>
      <trkpt lat="47.62482" lon="-2.75212">
        <ele>4</ele>
      </trkpt>
      <trkpt lat="47.62459" lon="-2.75214">
        <ele>4</ele>
      </trkpt>
      <trkpt lat="47.62437" lon="-2.75216">
        <ele>4</ele>
      </trkpt>
      <trkpt lat="47.62413" lon="-2.75213">
        <ele>4</ele>
      </trkpt>
      <trkpt lat="47.62395" lon="-2.75201">
        <ele>5</ele>
      </trkpt>
      <trkpt lat="47.62376" lon="-2.75183">
        <ele>6</ele>
      </trkpt>
      <trkpt lat="47.62356" lon="-2.75173">
        <ele>6</ele>
      </trkpt>
      <trkpt lat="47.62336" lon="-2.75163">
        <ele>6</ele>
      </trkpt>
      <trkpt lat="47.62318" lon="-2.7515">
        <ele>6</ele>
      </trkpt>
      <trkpt lat="47.62299" lon="-2.75136">
        <ele>5</ele>
      </trkpt>
      <trkpt lat="47.62278" lon="-2.75129">
        <ele>5</ele>
      </trkpt>
      <trkpt lat="47.62261" lon="-2.75111">
        <ele>5</ele>
      </trkpt>
      <trkpt lat="47.62248" lon="-2.75093">
        <ele>4</ele>
      </trkpt>
      <trkpt lat="47.62226" lon="-2.75075">
        <ele>4</ele>
      </trkpt>
      <trkpt lat="47.62205" lon="-2.75058">
        <ele>3</ele>
      </trkpt>
      <trkpt lat="47.62187" lon="-2.7503">
        <ele>3</ele>
      </trkpt>
      <trkpt lat="47.62166" lon="-2.75007">
        <ele>3</ele>
      </trkpt>
      <trkpt lat="47.62145" lon="-2.74984">
        <ele>3</ele>
      </trkpt>
      <trkpt lat="47.62129" lon="-2.74959">
        <ele>3</ele>
      </trkpt>
      <trkpt lat="47.62121" lon="-2.74937">
        <ele>3</ele>
      </trkpt>
      <trkpt lat="47.62119" lon="-2.74917">
        <ele>3</ele>
      </trkpt>
      <trkpt lat="47.62117" lon="-2.74897">
        <ele>3</ele>
      </trkpt>
      <trkpt lat="47.62107" lon="-2.74869">
        <ele>3</ele>
      </trkpt>
      <trkpt lat="47.62097" lon="-2.74841">
        <ele>3</ele>
      </trkpt>
      <trkpt lat="47.62089" lon="-2.74811">
        <ele>3</ele>
      </trkpt>
      <trkpt lat="47.62093" lon="-2.74776">
        <ele>3</ele>
      </trkpt>
      <trkpt lat="47.62097" lon="-2.74741">
        <ele>3</ele>
      </trkpt>
      <trkpt lat="47.62121" lon="-2.74728">
        <ele>3</ele>
      </trkpt>
      <trkpt lat="47.62144" lon="-2.74716">
        <ele>3</ele>
      </trkpt>
      <trkpt lat="47.62167" lon="-2.74695">
        <ele>3</ele>
      </trkpt>
      <trkpt lat="47.6219" lon="-2.74675">
        <ele>3</ele>
      </trkpt>
      <trkpt lat="47.62203" lon="-2.74681">
        <ele>3</ele>
      </trkpt>
      <trkpt lat="47.62217" lon="-2.74688">
        <ele>4</ele>
      </trkpt>
      <trkpt lat="47.62241" lon="-2.74704">
        <ele>6</ele>
      </trkpt>
      <trkpt lat="47.62264" lon="-2.74721">
        <ele>7</ele>
      </trkpt>
      <trkpt lat="47.62288" lon="-2.74737">
        <ele>9</ele>
      </trkpt>
      <trkpt lat="47.62312" lon="-2.74754">
        <ele>9</ele>
      </trkpt>
      <trkpt lat="47.62326" lon="-2.74737">
        <ele>9</ele>
      </trkpt>
      <trkpt lat="47.62334" lon="-2.74714">
        <ele>9</ele>
      </trkpt>
      <trkpt lat="47.62342" lon="-2.74691">
        <ele>9</ele>
      </trkpt>
      <trkpt lat="47.6235" lon="-2.74678">
        <ele>9</ele>
      </trkpt>
      <trkpt lat="47.6237" lon="-2.74696">
        <ele>9</ele>
      </trkpt>
      <trkpt lat="47.62392" lon="-2.74712">
        <ele>9</ele>
      </trkpt>
      <trkpt lat="47.62414" lon="-2.74728">
        <ele>9</ele>
      </trkpt>
      <trkpt lat="47.62428" lon="-2.7473">
        <ele>8</ele>
      </trkpt>
      <trkpt lat="47.62441" lon="-2.74732">
        <ele>8</ele>
      </trkpt>
      <trkpt lat="47.62455" lon="-2.74734">
        <ele>7</ele>
      </trkpt>
      <trkpt lat="47.62469" lon="-2.74736">
        <ele>7</ele>
      </trkpt>
      <trkpt lat="47.6249" lon="-2.74746">
        <ele>7</ele>
      </trkpt>
      <trkpt lat="47.62511" lon="-2.74756">
        <ele>7</ele>
      </trkpt>
      <trkpt lat="47.62526" lon="-2.74767">
        <ele>7</ele>
      </trkpt>
      <trkpt lat="47.62542" lon="-2.74778">
        <ele>7</ele>
      </trkpt>
      <trkpt lat="47.62557" lon="-2.74789">
        <ele>7</ele>
      </trkpt>
      <trkpt lat="47.62572" lon="-2.748">
        <ele>6</ele>
      </trkpt>
      <trkpt lat="47.62585" lon="-2.74806">
        <ele>6</ele>
      </trkpt>
      <trkpt lat="47.62598" lon="-2.74812">
        <ele>6</ele>
      </trkpt>
      <trkpt lat="47.62621" lon="-2.74813">
        <ele>6</ele>
      </trkpt>
      <trkpt lat="47.62633" lon="-2.74806">
        <ele>5</ele>
      </trkpt>
      <trkpt lat="47.62633" lon="-2.74778">
        <ele>4</ele>
      </trkpt>
      <trkpt lat="47.62633" lon="-2.7475">
        <ele>3</ele>
      </trkpt>
      <trkpt lat="47.62632" lon="-2.74722">
        <ele>3</ele>
      </trkpt>
      <trkpt lat="47.62632" lon="-2.74694">
        <ele>3</ele>
      </trkpt>
      <trkpt lat="47.62635" lon="-2.74681">
        <ele>3</ele>
      </trkpt>
      <trkpt lat="47.62643" lon="-2.74677">
        <ele>3</ele>
      </trkpt>
      <trkpt lat="47.62651" lon="-2.74666">
        <ele>3</ele>
      </trkpt>
      <trkpt lat="47.62667" lon="-2.74659">
        <ele>3</ele>
      </trkpt>
      <trkpt lat="47.62682" lon="-2.74653">
        <ele>3</ele>
      </trkpt>
      <trkpt lat="47.62698" lon="-2.74646">
        <ele>3</ele>
      </trkpt>
      <trkpt lat="47.62713" lon="-2.74639">
        <ele>3</ele>
      </trkpt>
      <trkpt lat="47.62735" lon="-2.74634">
        <ele>3</ele>
      </trkpt>
      <trkpt lat="47.62756" lon="-2.7463">
        <ele>3</ele>
      </trkpt>
      <trkpt lat="47.62782" lon="-2.74628">
        <ele>3</ele>
      </trkpt>
      <trkpt lat="47.62795" lon="-2.74635">
        <ele>3</ele>
      </trkpt>
      <trkpt lat="47.62809" lon="-2.74635">
        <ele>3</ele>
      </trkpt>
      <trkpt lat="47.62827" lon="-2.74622">
        <ele>3</ele>
      </trkpt>
      <trkpt lat="47.62845" lon="-2.74608">
        <ele>3</ele>
      </trkpt>
      <trkpt lat="47.6287" lon="-2.74605">
        <ele>3</ele>
      </trkpt>
      <trkpt lat="47.6288" lon="-2.74592">
        <ele>3</ele>
      </trkpt>
      <trkpt lat="47.62891" lon="-2.74587">
        <ele>3</ele>
      </trkpt>
      <trkpt lat="47.62909" lon="-2.74588">
        <ele>3</ele>
      </trkpt>
      <trkpt lat="47.62924" lon="-2.74599">
        <ele>3</ele>
      </trkpt>
      <trkpt lat="47.62939" lon="-2.74611">
        <ele>3</ele>
      </trkpt>
      <trkpt lat="47.62942" lon="-2.74627">
        <ele>3</ele>
      </trkpt>
      <trkpt lat="47.62959" lon="-2.74651">
        <ele>3</ele>
      </trkpt>
      <trkpt lat="47.62966" lon="-2.74669">
        <ele>3</ele>
      </trkpt>
      <trkpt lat="47.62979" lon="-2.7469">
        <ele>3</ele>
      </trkpt>
      <trkpt lat="47.62988" lon="-2.74673">
        <ele>3</ele>
      </trkpt>
      <trkpt lat="47.62997" lon="-2.74655">
        <ele>3</ele>
      </trkpt>
      <trkpt lat="47.63011" lon="-2.74664">
        <ele>3</ele>
      </trkpt>
      <trkpt lat="47.63026" lon="-2.74674">
        <ele>3</ele>
      </trkpt>
      <trkpt lat="47.6304" lon="-2.74683">
        <ele>3</ele>
      </trkpt>
      <trkpt lat="47.63054" lon="-2.74692">
        <ele>3</ele>
      </trkpt>
      <trkpt lat="47.63063" lon="-2.74674">
        <ele>3</ele>
      </trkpt>
      <trkpt lat="47.63073" lon="-2.74656">
        <ele>3</ele>
      </trkpt>
      <trkpt lat="47.63081" lon="-2.74656">
        <ele>3</ele>
      </trkpt>
      <trkpt lat="47.63095" lon="-2.74665">
        <ele>3</ele>
      </trkpt>
      <trkpt lat="47.63108" lon="-2.74673">
        <ele>3</ele>
      </trkpt>
      <trkpt lat="47.63122" lon="-2.74682">
        <ele>3</ele>
      </trkpt>
      <trkpt lat="47.63136" lon="-2.7469">
        <ele>3</ele>
      </trkpt>
      <trkpt lat="47.63148" lon="-2.74702">
        <ele>3</ele>
      </trkpt>
      <trkpt lat="47.63158" lon="-2.74684">
        <ele>2</ele>
      </trkpt>
      <trkpt lat="47.63168" lon="-2.74667">
        <ele>2</ele>
      </trkpt>
      <trkpt lat="47.63174" lon="-2.74649">
        <ele>2</ele>
      </trkpt>
      <trkpt lat="47.6318" lon="-2.7463">
        <ele>2</ele>
      </trkpt>
      <trkpt lat="47.63187" lon="-2.74612">
        <ele>2</ele>
      </trkpt>
      <trkpt lat="47.63193" lon="-2.74594">
        <ele>3</ele>
      </trkpt>
      <trkpt lat="47.63209" lon="-2.74563">
        <ele>3</ele>
      </trkpt>
      <trkpt lat="47.63223" lon="-2.74541">
        <ele>3</ele>
      </trkpt>
      <trkpt lat="47.63237" lon="-2.7452">
        <ele>3</ele>
      </trkpt>
      <trkpt lat="47.63238" lon="-2.74505">
        <ele>3</ele>
      </trkpt>
      <trkpt lat="47.63215" lon="-2.7449">
        <ele>4</ele>
      </trkpt>
      <trkpt lat="47.63192" lon="-2.74476">
        <ele>4</ele>
      </trkpt>
      <trkpt lat="47.63169" lon="-2.74461">
        <ele>4</ele>
      </trkpt>
      <trkpt lat="47.63146" lon="-2.74446">
        <ele>5</ele>
      </trkpt>
      <trkpt lat="47.63125" lon="-2.74435">
        <ele>5</ele>
      </trkpt>
      <trkpt lat="47.63105" lon="-2.74424">
        <ele>6</ele>
      </trkpt>
      <trkpt lat="47.63085" lon="-2.74413">
        <ele>6</ele>
      </trkpt>
      <trkpt lat="47.63064" lon="-2.74402">
        <ele>6</ele>
      </trkpt>
      <trkpt lat="47.63045" lon="-2.74388">
        <ele>6</ele>
      </trkpt>
      <trkpt lat="47.63026" lon="-2.74374">
        <ele>6</ele>
      </trkpt>
      <trkpt lat="47.63007" lon="-2.74361">
        <ele>6</ele>
      </trkpt>
      <trkpt lat="47.62988" lon="-2.74347">
        <ele>6</ele>
      </trkpt>
      <trkpt lat="47.62969" lon="-2.74333">
        <ele>5</ele>
      </trkpt>
      <trkpt lat="47.6295" lon="-2.7432">
        <ele>4</ele>
      </trkpt>
      <trkpt lat="47.62931" lon="-2.74306">
        <ele>4</ele>
      </trkpt>
      <trkpt lat="47.62912" lon="-2.74292">
        <ele>4</ele>
      </trkpt>
      <trkpt lat="47.62895" lon="-2.74278">
        <ele>4</ele>
      </trkpt>
      <trkpt lat="47.62878" lon="-2.74263">
        <ele>3</ele>
      </trkpt>
      <trkpt lat="47.62861" lon="-2.74249">
        <ele>3</ele>
      </trkpt>
      <trkpt lat="47.62844" lon="-2.74235">
        <ele>3</ele>
      </trkpt>
      <trkpt lat="47.62823" lon="-2.74223">
        <ele>3</ele>
      </trkpt>
      <trkpt lat="47.62802" lon="-2.74211">
        <ele>3</ele>
      </trkpt>
      <trkpt lat="47.62782" lon="-2.74198">
        <ele>3</ele>
      </trkpt>
      <trkpt lat="47.62761" lon="-2.74186">
        <ele>3</ele>
      </trkpt>
      <trkpt lat="47.62743" lon="-2.74181">
        <ele>3</ele>
      </trkpt>
      <trkpt lat="47.62726" lon="-2.74177">
        <ele>3</ele>
      </trkpt>
      <trkpt lat="47.62709" lon="-2.74172">
        <ele>3</ele>
      </trkpt>
      <trkpt lat="47.62691" lon="-2.74168">
        <ele>3</ele>
      </trkpt>
      <trkpt lat="47.62673" lon="-2.7416">
        <ele>3</ele>
      </trkpt>
      <trkpt lat="47.62654" lon="-2.74152">
        <ele>3</ele>
      </trkpt>
      <trkpt lat="47.6264" lon="-2.74139">
        <ele>3</ele>
      </trkpt>
      <trkpt lat="47.62626" lon="-2.74127">
        <ele>3</ele>
      </trkpt>
      <trkpt lat="47.62611" lon="-2.74114">
        <ele>3</ele>
      </trkpt>
      <trkpt lat="47.62597" lon="-2.74102">
        <ele>3</ele>
      </trkpt>
      <trkpt lat="47.62591" lon="-2.74134">
        <ele>3</ele>
      </trkpt>
      <trkpt lat="47.62585" lon="-2.74167">
        <ele>3</ele>
      </trkpt>
      <trkpt lat="47.62575" lon="-2.74198">
        <ele>3</ele>
      </trkpt>
      <trkpt lat="47.62566" lon="-2.74229">
        <ele>3</ele>
      </trkpt>
      <trkpt lat="47.62551" lon="-2.74242">
        <ele>3</ele>
      </trkpt>
      <trkpt lat="47.62537" lon="-2.7426">
        <ele>3</ele>
      </trkpt>
      <trkpt lat="47.62522" lon="-2.74277">
        <ele>3</ele>
      </trkpt>
      <trkpt lat="47.62513" lon="-2.74292">
        <ele>3</ele>
      </trkpt>
      <trkpt lat="47.62499" lon="-2.74301">
        <ele>4</ele>
      </trkpt>
      <trkpt lat="47.62486" lon="-2.74309">
        <ele>4</ele>
      </trkpt>
      <trkpt lat="47.62472" lon="-2.74318">
        <ele>4</ele>
      </trkpt>
      <trkpt lat="47.62459" lon="-2.74327">
        <ele>4</ele>
      </trkpt>
      <trkpt lat="47.62443" lon="-2.74336">
        <ele>4</ele>
      </trkpt>
      <trkpt lat="47.62426" lon="-2.74344">
        <ele>4</ele>
      </trkpt>
      <trkpt lat="47.62406" lon="-2.7435">
        <ele>4</ele>
      </trkpt>
      <trkpt lat="47.62393" lon="-2.74331">
        <ele>5</ele>
      </trkpt>
      <trkpt lat="47.62375" lon="-2.74321">
        <ele>5</ele>
      </trkpt>
      <trkpt lat="47.62354" lon="-2.74312">
        <ele>5</ele>
      </trkpt>
      <trkpt lat="47.62336" lon="-2.74312">
        <ele>5</ele>
      </trkpt>
      <trkpt lat="47.6231" lon="-2.74321">
        <ele>5</ele>
      </trkpt>
      <trkpt lat="47.62295" lon="-2.74336">
        <ele>5</ele>
      </trkpt>
      <trkpt lat="47.6228" lon="-2.74351">
        <ele>4</ele>
      </trkpt>
      <trkpt lat="47.62256" lon="-2.74354">
        <ele>4</ele>
      </trkpt>
      <trkpt lat="47.62245" lon="-2.74346">
        <ele>4</ele>
      </trkpt>
      <trkpt lat="47.62236" lon="-2.74335">
        <ele>4</ele>
      </trkpt>
      <trkpt lat="47.62224" lon="-2.74318">
        <ele>4</ele>
      </trkpt>
      <trkpt lat="47.62213" lon="-2.74301">
        <ele>4</ele>
      </trkpt>
      <trkpt lat="47.62201" lon="-2.74285">
        <ele>4</ele>
      </trkpt>
      <trkpt lat="47.6219" lon="-2.74268">
        <ele>4</ele>
      </trkpt>
      <trkpt lat="47.62178" lon="-2.74253">
        <ele>4</ele>
      </trkpt>
      <trkpt lat="47.62166" lon="-2.74237">
        <ele>4</ele>
      </trkpt>
      <trkpt lat="47.62154" lon="-2.74217">
        <ele>4</ele>
      </trkpt>
      <trkpt lat="47.62139" lon="-2.742">
        <ele>4</ele>
      </trkpt>
      <trkpt lat="47.62117" lon="-2.74187">
        <ele>4</ele>
      </trkpt>
      <trkpt lat="47.62099" lon="-2.74173">
        <ele>4</ele>
      </trkpt>
      <trkpt lat="47.62082" lon="-2.74159">
        <ele>3</ele>
      </trkpt>
      <trkpt lat="47.62064" lon="-2.74145">
        <ele>3</ele>
      </trkpt>
      <trkpt lat="47.62046" lon="-2.74131">
        <ele>3</ele>
      </trkpt>
      <trkpt lat="47.62026" lon="-2.74132">
        <ele>3</ele>
      </trkpt>
      <trkpt lat="47.62006" lon="-2.74132">
        <ele>3</ele>
      </trkpt>
      <trkpt lat="47.61985" lon="-2.74121">
        <ele>3</ele>
      </trkpt>
      <trkpt lat="47.61978" lon="-2.74106">
        <ele>3</ele>
      </trkpt>
      <trkpt lat="47.61961" lon="-2.74099">
        <ele>3</ele>
      </trkpt>
      <trkpt lat="47.61945" lon="-2.74093">
        <ele>3</ele>
      </trkpt>
      <trkpt lat="47.61932" lon="-2.74099">
        <ele>3</ele>
      </trkpt>
      <trkpt lat="47.61918" lon="-2.74104">
        <ele>3</ele>
      </trkpt>
      <trkpt lat="47.61905" lon="-2.74104">
        <ele>3</ele>
      </trkpt>
      <trkpt lat="47.61893" lon="-2.74095">
        <ele>3</ele>
      </trkpt>
      <trkpt lat="47.6188" lon="-2.74086">
        <ele>3</ele>
      </trkpt>
      <trkpt lat="47.61867" lon="-2.74071">
        <ele>3</ele>
      </trkpt>
      <trkpt lat="47.61854" lon="-2.74057">
        <ele>3</ele>
      </trkpt>
      <trkpt lat="47.61842" lon="-2.74042">
        <ele>3</ele>
      </trkpt>
      <trkpt lat="47.61829" lon="-2.74027">
        <ele>3</ele>
      </trkpt>
      <trkpt lat="47.61823" lon="-2.74027">
        <ele>3</ele>
      </trkpt>
      <trkpt lat="47.61816" lon="-2.74022">
        <ele>3</ele>
      </trkpt>
      <trkpt lat="47.61809" lon="-2.74012">
        <ele>3</ele>
      </trkpt>
      <trkpt lat="47.61803" lon="-2.73997">
        <ele>2</ele>
      </trkpt>
      <trkpt lat="47.618" lon="-2.73978">
        <ele>2</ele>
      </trkpt>
      <trkpt lat="47.61796" lon="-2.73973">
        <ele>2</ele>
      </trkpt>
      <trkpt lat="47.61795" lon="-2.73963">
        <ele>2</ele>
      </trkpt>
      <trkpt lat="47.61789" lon="-2.73945">
        <ele>2</ele>
      </trkpt>
      <trkpt lat="47.61782" lon="-2.73927">
        <ele>2</ele>
      </trkpt>
      <trkpt lat="47.61766" lon="-2.73903">
        <ele>3</ele>
      </trkpt>
      <trkpt lat="47.61765" lon="-2.73888">
        <ele>3</ele>
      </trkpt>
      <trkpt lat="47.61756" lon="-2.73869">
        <ele>3</ele>
      </trkpt>
      <trkpt lat="47.61748" lon="-2.73851">
        <ele>3</ele>
      </trkpt>
      <trkpt lat="47.61739" lon="-2.73844">
        <ele>3</ele>
      </trkpt>
      <trkpt lat="47.61727" lon="-2.73816">
        <ele>3</ele>
      </trkpt>
      <trkpt lat="47.61714" lon="-2.73788">
        <ele>3</ele>
      </trkpt>
      <trkpt lat="47.61698" lon="-2.73761">
        <ele>3</ele>
      </trkpt>
      <trkpt lat="47.61683" lon="-2.73733">
        <ele>4</ele>
      </trkpt>
      <trkpt lat="47.61668" lon="-2.73705">
        <ele>4</ele>
      </trkpt>
      <trkpt lat="47.61652" lon="-2.73678">
        <ele>4</ele>
      </trkpt>
      <trkpt lat="47.61639" lon="-2.73646">
        <ele>4</ele>
      </trkpt>
      <trkpt lat="47.61625" lon="-2.73615">
        <ele>4</ele>
      </trkpt>
      <trkpt lat="47.61612" lon="-2.73583">
        <ele>4</ele>
      </trkpt>
      <trkpt lat="47.61598" lon="-2.73551">
        <ele>4</ele>
      </trkpt>
      <trkpt lat="47.6158" lon="-2.73532">
        <ele>4</ele>
      </trkpt>
      <trkpt lat="47.616" lon="-2.73515">
        <ele>5</ele>
      </trkpt>
      <trkpt lat="47.6162" lon="-2.73498">
        <ele>6</ele>
      </trkpt>
      <trkpt lat="47.61639" lon="-2.73482">
        <ele>7</ele>
      </trkpt>
      <trkpt lat="47.61659" lon="-2.73465">
        <ele>7</ele>
      </trkpt>
      <trkpt lat="47.6165" lon="-2.73441">
        <ele>7</ele>
      </trkpt>
      <trkpt lat="47.61641" lon="-2.73417">
        <ele>7</ele>
      </trkpt>
      <trkpt lat="47.61632" lon="-2.73393">
        <ele>7</ele>
      </trkpt>
      <trkpt lat="47.61623" lon="-2.73369">
        <ele>7</ele>
      </trkpt>
      <trkpt lat="47.61607" lon="-2.73345">
        <ele>6</ele>
      </trkpt>
      <trkpt lat="47.61591" lon="-2.73321">
        <ele>5</ele>
      </trkpt>
      <trkpt lat="47.61575" lon="-2.73297">
        <ele>5</ele>
      </trkpt>
      <trkpt lat="47.61558" lon="-2.73273">
        <ele>4</ele>
      </trkpt>
      <trkpt lat="47.61542" lon="-2.73249">
        <ele>4</ele>
      </trkpt>
      <trkpt lat="47.61526" lon="-2.73225">
        <ele>3</ele>
      </trkpt>
      <trkpt lat="47.6151" lon="-2.73201">
        <ele>3</ele>
      </trkpt>
      <trkpt lat="47.61494" lon="-2.73177">
        <ele>3</ele>
      </trkpt>
      <trkpt lat="47.61477" lon="-2.73155">
        <ele>3</ele>
      </trkpt>
      <trkpt lat="47.6146" lon="-2.73132">
        <ele>3</ele>
      </trkpt>
      <trkpt lat="47.61449" lon="-2.73147">
        <ele>3</ele>
      </trkpt>
      <trkpt lat="47.61438" lon="-2.73163">
        <ele>3</ele>
      </trkpt>
      <trkpt lat="47.61428" lon="-2.73178">
        <ele>3</ele>
      </trkpt>
      <trkpt lat="47.61417" lon="-2.73193">
        <ele>3</ele>
      </trkpt>
      <trkpt lat="47.61406" lon="-2.73208">
        <ele>3</ele>
      </trkpt>
      <trkpt lat="47.61396" lon="-2.73224">
        <ele>3</ele>
      </trkpt>
      <trkpt lat="47.61385" lon="-2.73239">
        <ele>3</ele>
      </trkpt>
      <trkpt lat="47.61374" lon="-2.73254">
        <ele>3</ele>
      </trkpt>
      <trkpt lat="47.61361" lon="-2.73268">
        <ele>3</ele>
      </trkpt>
      <trkpt lat="47.61348" lon="-2.73281">
        <ele>3</ele>
      </trkpt>
      <trkpt lat="47.61335" lon="-2.73295">
        <ele>3</ele>
      </trkpt>
      <trkpt lat="47.61322" lon="-2.73308">
        <ele>3</ele>
      </trkpt>
      <trkpt lat="47.6131" lon="-2.73322">
        <ele>3</ele>
      </trkpt>
      <trkpt lat="47.61297" lon="-2.73336">
        <ele>3</ele>
      </trkpt>
      <trkpt lat="47.61284" lon="-2.73349">
        <ele>3</ele>
      </trkpt>
      <trkpt lat="47.61271" lon="-2.73363">
        <ele>3</ele>
      </trkpt>
      <trkpt lat="47.61277" lon="-2.73382">
        <ele>3</ele>
      </trkpt>
      <trkpt lat="47.61283" lon="-2.734">
        <ele>3</ele>
      </trkpt>
      <trkpt lat="47.61288" lon="-2.73419">
        <ele>4</ele>
      </trkpt>
      <trkpt lat="47.61294" lon="-2.73438">
        <ele>4</ele>
      </trkpt>
      <trkpt lat="47.61304" lon="-2.73464">
        <ele>4</ele>
      </trkpt>
      <trkpt lat="47.61315" lon="-2.73491">
        <ele>4</ele>
      </trkpt>
      <trkpt lat="47.61325" lon="-2.73517">
        <ele>4</ele>
      </trkpt>
      <trkpt lat="47.61335" lon="-2.73544">
        <ele>4</ele>
      </trkpt>
      <trkpt lat="47.61346" lon="-2.73563">
        <ele>4</ele>
      </trkpt>
      <trkpt lat="47.61358" lon="-2.73582">
        <ele>4</ele>
      </trkpt>
      <trkpt lat="47.61378" lon="-2.73608">
        <ele>3</ele>
      </trkpt>
      <trkpt lat="47.61394" lon="-2.73624">
        <ele>3</ele>
      </trkpt>
      <trkpt lat="47.61387" lon="-2.73637">
        <ele>3</ele>
      </trkpt>
      <trkpt lat="47.61385" lon="-2.73661">
        <ele>3</ele>
      </trkpt>
      <trkpt lat="47.61399" lon="-2.73689">
        <ele>3</ele>
      </trkpt>
      <trkpt lat="47.61413" lon="-2.73717">
        <ele>3</ele>
      </trkpt>
      <trkpt lat="47.61406" lon="-2.7374">
        <ele>3</ele>
      </trkpt>
      <trkpt lat="47.61394" lon="-2.73757">
        <ele>4</ele>
      </trkpt>
      <trkpt lat="47.61382" lon="-2.73774">
        <ele>4</ele>
      </trkpt>
      <trkpt lat="47.61369" lon="-2.73791">
        <ele>4</ele>
      </trkpt>
      <trkpt lat="47.61357" lon="-2.73808">
        <ele>4</ele>
      </trkpt>
      <trkpt lat="47.61372" lon="-2.73789">
        <ele>4</ele>
      </trkpt>
      <trkpt lat="47.6136" lon="-2.73803">
        <ele>4</ele>
      </trkpt>
      <trkpt lat="47.61348" lon="-2.73816">
        <ele>4</ele>
      </trkpt>
      <trkpt lat="47.61353" lon="-2.73839">
        <ele>4</ele>
      </trkpt>
      <trkpt lat="47.61357" lon="-2.73861">
        <ele>4</ele>
      </trkpt>
      <trkpt lat="47.61362" lon="-2.73883">
        <ele>3</ele>
      </trkpt>
      <trkpt lat="47.61366" lon="-2.73906">
        <ele>3</ele>
      </trkpt>
      <trkpt lat="47.61369" lon="-2.73927">
        <ele>3</ele>
      </trkpt>
      <trkpt lat="47.61372" lon="-2.73948">
        <ele>3</ele>
      </trkpt>
      <trkpt lat="47.61374" lon="-2.73977">
        <ele>3</ele>
      </trkpt>
      <trkpt lat="47.61377" lon="-2.74007">
        <ele>3</ele>
      </trkpt>
      <trkpt lat="47.61379" lon="-2.74036">
        <ele>3</ele>
      </trkpt>
      <trkpt lat="47.61382" lon="-2.74066">
        <ele>3</ele>
      </trkpt>
      <trkpt lat="47.61384" lon="-2.74095">
        <ele>3</ele>
      </trkpt>
      <trkpt lat="47.61386" lon="-2.74124">
        <ele>3</ele>
      </trkpt>
      <trkpt lat="47.61389" lon="-2.74154">
        <ele>3</ele>
      </trkpt>
      <trkpt lat="47.61391" lon="-2.74183">
        <ele>3</ele>
      </trkpt>
      <trkpt lat="47.61391" lon="-2.74209">
        <ele>3</ele>
      </trkpt>
      <trkpt lat="47.61391" lon="-2.74234">
        <ele>3</ele>
      </trkpt>
      <trkpt lat="47.61391" lon="-2.7426">
        <ele>3</ele>
      </trkpt>
      <trkpt lat="47.61391" lon="-2.74286">
        <ele>3</ele>
      </trkpt>
      <trkpt lat="47.61391" lon="-2.74311">
        <ele>3</ele>
      </trkpt>
      <trkpt lat="47.61391" lon="-2.74337">
        <ele>3</ele>
      </trkpt>
      <trkpt lat="47.61391" lon="-2.74362">
        <ele>3</ele>
      </trkpt>
      <trkpt lat="47.61391" lon="-2.74388">
        <ele>4</ele>
      </trkpt>
      <trkpt lat="47.61393" lon="-2.74424">
        <ele>4</ele>
      </trkpt>
      <trkpt lat="47.61395" lon="-2.74429">
        <ele>4</ele>
      </trkpt>
      <trkpt lat="47.61395" lon="-2.74454">
        <ele>5</ele>
      </trkpt>
      <trkpt lat="47.61395" lon="-2.7448">
        <ele>5</ele>
      </trkpt>
      <trkpt lat="47.61394" lon="-2.74505">
        <ele>6</ele>
      </trkpt>
      <trkpt lat="47.61394" lon="-2.74531">
        <ele>6</ele>
      </trkpt>
      <trkpt lat="47.61394" lon="-2.74557">
        <ele>6</ele>
      </trkpt>
      <trkpt lat="47.61393" lon="-2.74582">
        <ele>7</ele>
      </trkpt>
      <trkpt lat="47.61393" lon="-2.74608">
        <ele>7</ele>
      </trkpt>
      <trkpt lat="47.61393" lon="-2.74633">
        <ele>7</ele>
      </trkpt>
      <trkpt lat="47.61394" lon="-2.74654">
        <ele>7</ele>
      </trkpt>
      <trkpt lat="47.61395" lon="-2.74675">
        <ele>7</ele>
      </trkpt>
      <trkpt lat="47.61405" lon="-2.74677">
        <ele>7</ele>
      </trkpt>
      <trkpt lat="47.61427" lon="-2.74667">
        <ele>7</ele>
      </trkpt>
      <trkpt lat="47.61435" lon="-2.74678">
        <ele>7</ele>
      </trkpt>
      <trkpt lat="47.61458" lon="-2.74698">
        <ele>7</ele>
      </trkpt>
      <trkpt lat="47.61471" lon="-2.74712">
        <ele>7</ele>
      </trkpt>
      <trkpt lat="47.61483" lon="-2.74726">
        <ele>7</ele>
      </trkpt>
      <trkpt lat="47.61495" lon="-2.74761">
        <ele>9</ele>
      </trkpt>
      <trkpt lat="47.61502" lon="-2.74798">
        <ele>11</ele>
      </trkpt>
      <trkpt lat="47.61503" lon="-2.74836">
        <ele>13</ele>
      </trkpt>
      <trkpt lat="47.61504" lon="-2.74873">
        <ele>14</ele>
      </trkpt>
      <trkpt lat="47.61508" lon="-2.74911">
        <ele>15</ele>
      </trkpt>
      <trkpt lat="47.61512" lon="-2.74948">
        <ele>15</ele>
      </trkpt>
      <trkpt lat="47.61518" lon="-2.74972">
        <ele>15</ele>
      </trkpt>
      <trkpt lat="47.61525" lon="-2.74995">
        <ele>15</ele>
      </trkpt>
      <trkpt lat="47.61531" lon="-2.75019">
        <ele>15</ele>
      </trkpt>
      <trkpt lat="47.61537" lon="-2.75043">
        <ele>14</ele>
      </trkpt>
      <trkpt lat="47.61541" lon="-2.7507">
        <ele>14</ele>
      </trkpt>
      <trkpt lat="47.61546" lon="-2.75096">
        <ele>14</ele>
      </trkpt>
      <trkpt lat="47.6153" lon="-2.75103">
        <ele>14</ele>
      </trkpt>
      <trkpt lat="47.61515" lon="-2.75109">
        <ele>14</ele>
      </trkpt>
      <trkpt lat="47.61525" lon="-2.75127">
        <ele>14</ele>
      </trkpt>
      <trkpt lat="47.61534" lon="-2.75144">
        <ele>15</ele>
      </trkpt>
      <trkpt lat="47.61544" lon="-2.75162">
        <ele>15</ele>
      </trkpt>
      <trkpt lat="47.61554" lon="-2.75179">
        <ele>15</ele>
      </trkpt>
      <trkpt lat="47.61564" lon="-2.75197">
        <ele>15</ele>
      </trkpt>
      <trkpt lat="47.61574" lon="-2.75215">
        <ele>15</ele>
      </trkpt>
      <trkpt lat="47.61583" lon="-2.75232">
        <ele>15</ele>
      </trkpt>
      <trkpt lat="47.61593" lon="-2.7525">
        <ele>15</ele>
      </trkpt>
      <trkpt lat="47.61604" lon="-2.75275">
        <ele>14</ele>
      </trkpt>
      <trkpt lat="47.61616" lon="-2.75277">
        <ele>14</ele>
      </trkpt>
      <trkpt lat="47.61634" lon="-2.75292">
        <ele>12</ele>
      </trkpt>
      <trkpt lat="47.61643" lon="-2.75309">
        <ele>12</ele>
      </trkpt>
      <trkpt lat="47.61652" lon="-2.75326">
        <ele>11</ele>
      </trkpt>
      <trkpt lat="47.61665" lon="-2.75361">
        <ele>9</ele>
      </trkpt>
      <trkpt lat="47.61668" lon="-2.75389">
        <ele>9</ele>
      </trkpt>
      <trkpt lat="47.61675" lon="-2.7541">
        <ele>9</ele>
      </trkpt>
      <trkpt lat="47.61682" lon="-2.75431">
        <ele>8</ele>
      </trkpt>
      <trkpt lat="47.61689" lon="-2.75452">
        <ele>7</ele>
      </trkpt>
      <trkpt lat="47.61696" lon="-2.75473">
        <ele>6</ele>
      </trkpt>
      <trkpt lat="47.61698" lon="-2.75495">
        <ele>6</ele>
      </trkpt>
      <trkpt lat="47.617" lon="-2.75517">
        <ele>6</ele>
      </trkpt>
      <trkpt lat="47.61702" lon="-2.7554">
        <ele>6</ele>
      </trkpt>
      <trkpt lat="47.61704" lon="-2.75562">
        <ele>6</ele>
      </trkpt>
      <trkpt lat="47.61711" lon="-2.75582">
        <ele>5</ele>
      </trkpt>
      <trkpt lat="47.61718" lon="-2.75601">
        <ele>5</ele>
      </trkpt>
      <trkpt lat="47.61724" lon="-2.75621">
        <ele>4</ele>
      </trkpt>
      <trkpt lat="47.61731" lon="-2.7564">
        <ele>4</ele>
      </trkpt>
      <trkpt lat="47.61739" lon="-2.75672">
        <ele>4</ele>
      </trkpt>
      <trkpt lat="47.61764" lon="-2.75673">
        <ele>4</ele>
      </trkpt>
      <trkpt lat="47.6179" lon="-2.75675">
        <ele>4</ele>
      </trkpt>
      <trkpt lat="47.61802" lon="-2.757">
        <ele>4</ele>
      </trkpt>
      <trkpt lat="47.61807" lon="-2.75725">
        <ele>4</ele>
      </trkpt>
      <trkpt lat="47.61812" lon="-2.7575">
        <ele>4</ele>
      </trkpt>
      <trkpt lat="47.61818" lon="-2.75775">
        <ele>4</ele>
      </trkpt>
      <trkpt lat="47.61823" lon="-2.758">
        <ele>5</ele>
      </trkpt>
      <trkpt lat="47.61829" lon="-2.75822">
        <ele>5</ele>
      </trkpt>
      <trkpt lat="47.61835" lon="-2.75845">
        <ele>5</ele>
      </trkpt>
      <trkpt lat="47.61842" lon="-2.75867">
        <ele>6</ele>
      </trkpt>
      <trkpt lat="47.61848" lon="-2.75889">
        <ele>6</ele>
      </trkpt>
      <trkpt lat="47.6185" lon="-2.75924">
        <ele>8</ele>
      </trkpt>
      <trkpt lat="47.61853" lon="-2.75959">
        <ele>9</ele>
      </trkpt>
      <trkpt lat="47.61863" lon="-2.75995">
        <ele>11</ele>
      </trkpt>
      <trkpt lat="47.61874" lon="-2.76031">
        <ele>12</ele>
      </trkpt>
      <trkpt lat="47.61877" lon="-2.76053">
        <ele>12</ele>
      </trkpt>
      <trkpt lat="47.6188" lon="-2.76076">
        <ele>12</ele>
      </trkpt>
      <trkpt lat="47.61883" lon="-2.76098">
        <ele>12</ele>
      </trkpt>
      <trkpt lat="47.61886" lon="-2.76121">
        <ele>12</ele>
      </trkpt>
      <trkpt lat="47.61889" lon="-2.76143">
        <ele>12</ele>
      </trkpt>
      <trkpt lat="47.61892" lon="-2.76165">
        <ele>12</ele>
      </trkpt>
      <trkpt lat="47.61895" lon="-2.76188">
        <ele>12</ele>
      </trkpt>
      <trkpt lat="47.61898" lon="-2.7621">
        <ele>12</ele>
      </trkpt>
      <trkpt lat="47.61907" lon="-2.7624">
        <ele>12</ele>
      </trkpt>
      <trkpt lat="47.61917" lon="-2.7627">
        <ele>12</ele>
      </trkpt>
      <trkpt lat="47.61928" lon="-2.76299">
        <ele>12</ele>
      </trkpt>
      <trkpt lat="47.6194" lon="-2.76328">
        <ele>12</ele>
      </trkpt>
      <trkpt lat="47.61955" lon="-2.76359">
        <ele>12</ele>
      </trkpt>
      <trkpt lat="47.6197" lon="-2.7639">
        <ele>12</ele>
      </trkpt>
      <trkpt lat="47.61985" lon="-2.76421">
        <ele>12</ele>
      </trkpt>
      <trkpt lat="47.62" lon="-2.76452">
        <ele>12</ele>
      </trkpt>
      <trkpt lat="47.62007" lon="-2.76484">
        <ele>12</ele>
      </trkpt>
      <trkpt lat="47.62015" lon="-2.76516">
        <ele>12</ele>
      </trkpt>
      <trkpt lat="47.62025" lon="-2.76543">
        <ele>11</ele>
      </trkpt>
      <trkpt lat="47.62036" lon="-2.7657">
        <ele>10</ele>
      </trkpt>
      <trkpt lat="47.62046" lon="-2.76596">
        <ele>10</ele>
      </trkpt>
      <trkpt lat="47.62056" lon="-2.76623">
        <ele>10</ele>
      </trkpt>
      <trkpt lat="47.62036" lon="-2.76649">
        <ele>10</ele>
      </trkpt>
      <trkpt lat="47.62039" lon="-2.7668">
        <ele>9</ele>
      </trkpt>
      <trkpt lat="47.62049" lon="-2.76704">
        <ele>9</ele>
      </trkpt>
      <trkpt lat="47.62059" lon="-2.76728">
        <ele>8</ele>
      </trkpt>
      <trkpt lat="47.62069" lon="-2.76757">
        <ele>8</ele>
      </trkpt>
      <trkpt lat="47.62078" lon="-2.76786">
        <ele>8</ele>
      </trkpt>
      <trkpt lat="47.62094" lon="-2.76794">
        <ele>8</ele>
      </trkpt>
      <trkpt lat="47.62111" lon="-2.76808">
        <ele>8</ele>
      </trkpt>
      <trkpt lat="47.62123" lon="-2.76822">
        <ele>9</ele>
      </trkpt>
      <trkpt lat="47.62148" lon="-2.76837">
        <ele>10</ele>
      </trkpt>
      <trkpt lat="47.62173" lon="-2.76851">
        <ele>10</ele>
      </trkpt>
      <trkpt lat="47.62183" lon="-2.76872">
        <ele>10</ele>
      </trkpt>
      <trkpt lat="47.62193" lon="-2.76892">
        <ele>10</ele>
      </trkpt>
      <trkpt lat="47.62204" lon="-2.76925">
        <ele>11</ele>
      </trkpt>
      <trkpt lat="47.62215" lon="-2.76958">
        <ele>11</ele>
      </trkpt>
      <trkpt lat="47.62226" lon="-2.7699">
        <ele>12</ele>
      </trkpt>
      <trkpt lat="47.62237" lon="-2.77023">
        <ele>12</ele>
      </trkpt>
      <trkpt lat="47.6225" lon="-2.77054">
        <ele>12</ele>
      </trkpt>
      <trkpt lat="47.62262" lon="-2.77085">
        <ele>12</ele>
      </trkpt>
      <trkpt lat="47.62269" lon="-2.77106">
        <ele>12</ele>
      </trkpt>
      <trkpt lat="47.62276" lon="-2.77126">
        <ele>12</ele>
      </trkpt>
      <trkpt lat="47.62283" lon="-2.77147">
        <ele>12</ele>
      </trkpt>
      <trkpt lat="47.6229" lon="-2.77168">
        <ele>13</ele>
      </trkpt>
      <trkpt lat="47.62297" lon="-2.77188">
        <ele>13</ele>
      </trkpt>
      <trkpt lat="47.62304" lon="-2.77209">
        <ele>13</ele>
      </trkpt>
      <trkpt lat="47.62311" lon="-2.77229">
        <ele>13</ele>
      </trkpt>
      <trkpt lat="47.62318" lon="-2.7725">
        <ele>13</ele>
      </trkpt>
      <trkpt lat="47.62305" lon="-2.77265">
        <ele>13</ele>
      </trkpt>
      <trkpt lat="47.62293" lon="-2.77281">
        <ele>14</ele>
      </trkpt>
      <trkpt lat="47.6228" lon="-2.77297">
        <ele>14</ele>
      </trkpt>
      <trkpt lat="47.62268" lon="-2.77312">
        <ele>14</ele>
      </trkpt>
      <trkpt lat="47.62276" lon="-2.77314">
        <ele>15</ele>
      </trkpt>
      <trkpt lat="47.62288" lon="-2.77325">
        <ele>15</ele>
      </trkpt>
      <trkpt lat="47.62299" lon="-2.77337">
        <ele>15</ele>
      </trkpt>
      <trkpt lat="47.62306" lon="-2.77352">
        <ele>15</ele>
      </trkpt>
      <trkpt lat="47.62313" lon="-2.77381">
        <ele>15</ele>
      </trkpt>
      <trkpt lat="47.62319" lon="-2.7741">
        <ele>15</ele>
      </trkpt>
      <trkpt lat="47.62318" lon="-2.77425">
        <ele>15</ele>
      </trkpt>
      <trkpt lat="47.62324" lon="-2.77444">
        <ele>15</ele>
      </trkpt>
      <trkpt lat="47.62333" lon="-2.77462">
        <ele>15</ele>
      </trkpt>
      <trkpt lat="47.62342" lon="-2.7748">
        <ele>14</ele>
      </trkpt>
      <trkpt lat="47.6235" lon="-2.77497">
        <ele>14</ele>
      </trkpt>
      <trkpt lat="47.62359" lon="-2.77515">
        <ele>14</ele>
      </trkpt>
      <trkpt lat="47.62375" lon="-2.77517">
        <ele>14</ele>
      </trkpt>
      <trkpt lat="47.62385" lon="-2.77534">
        <ele>14</ele>
      </trkpt>
      <trkpt lat="47.62394" lon="-2.7755">
        <ele>14</ele>
      </trkpt>
      <trkpt lat="47.62404" lon="-2.77567">
        <ele>13</ele>
      </trkpt>
      <trkpt lat="47.62413" lon="-2.77583">
        <ele>12</ele>
      </trkpt>
      <trkpt lat="47.62424" lon="-2.77605">
        <ele>12</ele>
      </trkpt>
      <trkpt lat="47.62435" lon="-2.77627">
        <ele>12</ele>
      </trkpt>
      <trkpt lat="47.62445" lon="-2.77652">
        <ele>12</ele>
      </trkpt>
      <trkpt lat="47.62455" lon="-2.77677">
        <ele>12</ele>
      </trkpt>
      <trkpt lat="47.62459" lon="-2.77682">
        <ele>12</ele>
      </trkpt>
      <trkpt lat="47.62475" lon="-2.77681">
        <ele>12</ele>
      </trkpt>
      <trkpt lat="47.6248" lon="-2.77685">
        <ele>12</ele>
      </trkpt>
      <trkpt lat="47.62497" lon="-2.77661">
        <ele>9</ele>
      </trkpt>
      <trkpt lat="47.62514" lon="-2.77637">
        <ele>6</ele>
      </trkpt>
      <trkpt lat="47.62522" lon="-2.77614">
        <ele>5</ele>
      </trkpt>
      <trkpt lat="47.6253" lon="-2.77591">
        <ele>5</ele>
      </trkpt>
      <trkpt lat="47.62544" lon="-2.77572">
        <ele>3</ele>
      </trkpt>
      <trkpt lat="47.62549" lon="-2.77581">
        <ele>3</ele>
      </trkpt>
      <trkpt lat="47.62543" lon="-2.776">
        <ele>3</ele>
      </trkpt>
      <trkpt lat="47.62538" lon="-2.77619">
        <ele>3</ele>
      </trkpt>
      <trkpt lat="47.62534" lon="-2.77641">
        <ele>3</ele>
      </trkpt>
      <trkpt lat="47.6253" lon="-2.77662">
        <ele>3</ele>
      </trkpt>
      <trkpt lat="47.6253" lon="-2.77695">
        <ele>3</ele>
      </trkpt>
      <trkpt lat="47.62531" lon="-2.77729">
        <ele>3</ele>
      </trkpt>
      <trkpt lat="47.62532" lon="-2.77762">
        <ele>4</ele>
      </trkpt>
      <trkpt lat="47.62532" lon="-2.77795">
        <ele>4</ele>
      </trkpt>
      <trkpt lat="47.6253" lon="-2.77812">
        <ele>7</ele>
      </trkpt>
      <trkpt lat="47.62532" lon="-2.77823">
        <ele>8</ele>
      </trkpt>
      <trkpt lat="47.62527" lon="-2.77836">
        <ele>8</ele>
      </trkpt>
      <trkpt lat="47.62516" lon="-2.77843">
        <ele>8</ele>
      </trkpt>
      <trkpt lat="47.62504" lon="-2.77847">
        <ele>8</ele>
      </trkpt>
      <trkpt lat="47.62493" lon="-2.77856">
        <ele>8</ele>
      </trkpt>
      <trkpt lat="47.62493" lon="-2.77862">
        <ele>8</ele>
      </trkpt>
      <trkpt lat="47.62487" lon="-2.77871">
        <ele>8</ele>
      </trkpt>
      <trkpt lat="47.62472" lon="-2.77881">
        <ele>8</ele>
      </trkpt>
      <trkpt lat="47.62466" lon="-2.77882">
        <ele>8</ele>
      </trkpt>
      <trkpt lat="47.62451" lon="-2.77873">
        <ele>8</ele>
      </trkpt>
      <trkpt lat="47.62441" lon="-2.77862">
        <ele>8</ele>
      </trkpt>
      <trkpt lat="47.62435" lon="-2.77851">
        <ele>8</ele>
      </trkpt>
      <trkpt lat="47.62427" lon="-2.77826">
        <ele>8</ele>
      </trkpt>
      <trkpt lat="47.62416" lon="-2.77815">
        <ele>8</ele>
      </trkpt>
      <trkpt lat="47.62406" lon="-2.77809">
        <ele>8</ele>
      </trkpt>
      <trkpt lat="47.62393" lon="-2.7781">
        <ele>5</ele>
      </trkpt>
      <trkpt lat="47.62384" lon="-2.77804">
        <ele>5</ele>
      </trkpt>
      <trkpt lat="47.62369" lon="-2.77822">
        <ele>5</ele>
      </trkpt>
      <trkpt lat="47.62355" lon="-2.7784">
        <ele>5</ele>
      </trkpt>
      <trkpt lat="47.62341" lon="-2.77864">
        <ele>5</ele>
      </trkpt>
      <trkpt lat="47.62328" lon="-2.77857">
        <ele>7</ele>
      </trkpt>
      <trkpt lat="47.62311" lon="-2.77839">
        <ele>10</ele>
      </trkpt>
      <trkpt lat="47.62297" lon="-2.7782">
        <ele>12</ele>
      </trkpt>
      <trkpt lat="47.62284" lon="-2.77801">
        <ele>14</ele>
      </trkpt>
      <trkpt lat="47.62274" lon="-2.77813">
        <ele>15</ele>
      </trkpt>
      <trkpt lat="47.62263" lon="-2.77832">
        <ele>16</ele>
      </trkpt>
      <trkpt lat="47.62262" lon="-2.77839">
        <ele>16</ele>
      </trkpt>
      <trkpt lat="47.62253" lon="-2.77847">
        <ele>16</ele>
      </trkpt>
      <trkpt lat="47.6223" lon="-2.77847">
        <ele>16</ele>
      </trkpt>
      <trkpt lat="47.62214" lon="-2.77862">
        <ele>15</ele>
      </trkpt>
      <trkpt lat="47.62197" lon="-2.77877">
        <ele>13</ele>
      </trkpt>
      <trkpt lat="47.62188" lon="-2.7788">
        <ele>13</ele>
      </trkpt>
      <trkpt lat="47.62185" lon="-2.77897">
        <ele>10</ele>
      </trkpt>
      <trkpt lat="47.62187" lon="-2.77904">
        <ele>10</ele>
      </trkpt>
      <trkpt lat="47.62185" lon="-2.77912">
        <ele>9</ele>
      </trkpt>
      <trkpt lat="47.62186" lon="-2.77924">
        <ele>8</ele>
      </trkpt>
      <trkpt lat="47.62183" lon="-2.77931">
        <ele>7</ele>
      </trkpt>
      <trkpt lat="47.62168" lon="-2.77928">
        <ele>7</ele>
      </trkpt>
      <trkpt lat="47.62153" lon="-2.77926">
        <ele>7</ele>
      </trkpt>
      <trkpt lat="47.62138" lon="-2.77932">
        <ele>6</ele>
      </trkpt>
      <trkpt lat="47.62123" lon="-2.77931">
        <ele>6</ele>
      </trkpt>
      <trkpt lat="47.62108" lon="-2.7793">
        <ele>6</ele>
      </trkpt>
      <trkpt lat="47.62095" lon="-2.77924">
        <ele>5</ele>
      </trkpt>
      <trkpt lat="47.62082" lon="-2.77917">
        <ele>5</ele>
      </trkpt>
      <trkpt lat="47.62069" lon="-2.77911">
        <ele>5</ele>
      </trkpt>
      <trkpt lat="47.62056" lon="-2.77905">
        <ele>5</ele>
      </trkpt>
      <trkpt lat="47.62043" lon="-2.77892">
        <ele>5</ele>
      </trkpt>
      <trkpt lat="47.6203" lon="-2.77879">
        <ele>5</ele>
      </trkpt>
      <trkpt lat="47.62017" lon="-2.77867">
        <ele>5</ele>
      </trkpt>
      <trkpt lat="47.62004" lon="-2.77854">
        <ele>5</ele>
      </trkpt>
      <trkpt lat="47.6199" lon="-2.77851">
        <ele>5</ele>
      </trkpt>
      <trkpt lat="47.61976" lon="-2.77848">
        <ele>5</ele>
      </trkpt>
      <trkpt lat="47.61962" lon="-2.77845">
        <ele>5</ele>
      </trkpt>
      <trkpt lat="47.61948" lon="-2.77842">
        <ele>4</ele>
      </trkpt>
      <trkpt lat="47.61935" lon="-2.77839">
        <ele>4</ele>
      </trkpt>
      <trkpt lat="47.61921" lon="-2.77836">
        <ele>4</ele>
      </trkpt>
      <trkpt lat="47.61907" lon="-2.77833">
        <ele>4</ele>
      </trkpt>
      <trkpt lat="47.61893" lon="-2.7783">
        <ele>4</ele>
      </trkpt>
      <trkpt lat="47.61883" lon="-2.77809">
        <ele>4</ele>
      </trkpt>
      <trkpt lat="47.61873" lon="-2.77787">
        <ele>4</ele>
      </trkpt>
      <trkpt lat="47.61863" lon="-2.77766">
        <ele>4</ele>
      </trkpt>
      <trkpt lat="47.61853" lon="-2.77745">
        <ele>4</ele>
      </trkpt>
      <trkpt lat="47.61846" lon="-2.77725">
        <ele>3</ele>
      </trkpt>
      <trkpt lat="47.61839" lon="-2.77705">
        <ele>4</ele>
      </trkpt>
      <trkpt lat="47.61834" lon="-2.7767">
        <ele>4</ele>
      </trkpt>
      <trkpt lat="47.6183" lon="-2.77634">
        <ele>4</ele>
      </trkpt>
      <trkpt lat="47.61832" lon="-2.77625">
        <ele>5</ele>
      </trkpt>
      <trkpt lat="47.61826" lon="-2.7759">
        <ele>5</ele>
      </trkpt>
      <trkpt lat="47.6182" lon="-2.77554">
        <ele>5</ele>
      </trkpt>
      <trkpt lat="47.61811" lon="-2.7752">
        <ele>5</ele>
      </trkpt>
      <trkpt lat="47.61799" lon="-2.77493">
        <ele>6</ele>
      </trkpt>
      <trkpt lat="47.61787" lon="-2.77466">
        <ele>6</ele>
      </trkpt>
      <trkpt lat="47.6178" lon="-2.77432">
        <ele>6</ele>
      </trkpt>
      <trkpt lat="47.61777" lon="-2.77399">
        <ele>6</ele>
      </trkpt>
      <trkpt lat="47.6178" lon="-2.77364">
        <ele>5</ele>
      </trkpt>
      <trkpt lat="47.61783" lon="-2.77329">
        <ele>5</ele>
      </trkpt>
      <trkpt lat="47.6178" lon="-2.77309">
        <ele>5</ele>
      </trkpt>
      <trkpt lat="47.61777" lon="-2.77289">
        <ele>4</ele>
      </trkpt>
      <trkpt lat="47.61775" lon="-2.77269">
        <ele>3</ele>
      </trkpt>
      <trkpt lat="47.61772" lon="-2.77249">
        <ele>3</ele>
      </trkpt>
      <trkpt lat="47.6176" lon="-2.7724">
        <ele>3</ele>
      </trkpt>
      <trkpt lat="47.61754" lon="-2.77222">
        <ele>3</ele>
      </trkpt>
      <trkpt lat="47.61747" lon="-2.77204">
        <ele>3</ele>
      </trkpt>
      <trkpt lat="47.61734" lon="-2.77185">
        <ele>3</ele>
      </trkpt>
      <trkpt lat="47.61721" lon="-2.77166">
        <ele>3</ele>
      </trkpt>
      <trkpt lat="47.61706" lon="-2.77149">
        <ele>4</ele>
      </trkpt>
      <trkpt lat="47.61695" lon="-2.77126">
        <ele>4</ele>
      </trkpt>
      <trkpt lat="47.61684" lon="-2.77103">
        <ele>4</ele>
      </trkpt>
      <trkpt lat="47.61665" lon="-2.77091">
        <ele>4</ele>
      </trkpt>
      <trkpt lat="47.6165" lon="-2.77074">
        <ele>4</ele>
      </trkpt>
      <trkpt lat="47.61637" lon="-2.77054">
        <ele>4</ele>
      </trkpt>
      <trkpt lat="47.61623" lon="-2.77034">
        <ele>4</ele>
      </trkpt>
      <trkpt lat="47.61612" lon="-2.77012">
        <ele>4</ele>
      </trkpt>
      <trkpt lat="47.616" lon="-2.7699">
        <ele>4</ele>
      </trkpt>
      <trkpt lat="47.61593" lon="-2.76971">
        <ele>4</ele>
      </trkpt>
      <trkpt lat="47.61586" lon="-2.76951">
        <ele>4</ele>
      </trkpt>
      <trkpt lat="47.6158" lon="-2.76931">
        <ele>5</ele>
      </trkpt>
      <trkpt lat="47.61573" lon="-2.76912">
        <ele>5</ele>
      </trkpt>
      <trkpt lat="47.61566" lon="-2.769">
        <ele>5</ele>
      </trkpt>
      <trkpt lat="47.61567" lon="-2.76892">
        <ele>5</ele>
      </trkpt>
      <trkpt lat="47.61565" lon="-2.76887">
        <ele>5</ele>
      </trkpt>
      <trkpt lat="47.6156" lon="-2.76884">
        <ele>4</ele>
      </trkpt>
      <trkpt lat="47.6155" lon="-2.76867">
        <ele>4</ele>
      </trkpt>
      <trkpt lat="47.61543" lon="-2.76837">
        <ele>3</ele>
      </trkpt>
      <trkpt lat="47.61536" lon="-2.76806">
        <ele>3</ele>
      </trkpt>
      <trkpt lat="47.6153" lon="-2.76789">
        <ele>3</ele>
      </trkpt>
      <trkpt lat="47.61533" lon="-2.7676">
        <ele>3</ele>
      </trkpt>
      <trkpt lat="47.61528" lon="-2.76726">
        <ele>3</ele>
      </trkpt>
      <trkpt lat="47.61519" lon="-2.76704">
        <ele>3</ele>
      </trkpt>
      <trkpt lat="47.6151" lon="-2.76682">
        <ele>3</ele>
      </trkpt>
      <trkpt lat="47.61501" lon="-2.76659">
        <ele>3</ele>
      </trkpt>
      <trkpt lat="47.61492" lon="-2.76637">
        <ele>3</ele>
      </trkpt>
      <trkpt lat="47.61478" lon="-2.76616">
        <ele>3</ele>
      </trkpt>
      <trkpt lat="47.61465" lon="-2.76596">
        <ele>3</ele>
      </trkpt>
      <trkpt lat="47.61461" lon="-2.76578">
        <ele>3</ele>
      </trkpt>
      <trkpt lat="47.61477" lon="-2.76568">
        <ele>3</ele>
      </trkpt>
      <trkpt lat="47.61494" lon="-2.76559">
        <ele>3</ele>
      </trkpt>
      <trkpt lat="47.61513" lon="-2.76545">
        <ele>3</ele>
      </trkpt>
      <trkpt lat="47.61532" lon="-2.76531">
        <ele>3</ele>
      </trkpt>
      <trkpt lat="47.61552" lon="-2.76517">
        <ele>3</ele>
      </trkpt>
      <trkpt lat="47.61571" lon="-2.76503">
        <ele>3</ele>
      </trkpt>
      <trkpt lat="47.61595" lon="-2.76492">
        <ele>3</ele>
      </trkpt>
      <trkpt lat="47.61611" lon="-2.76488">
        <ele>3</ele>
      </trkpt>
      <trkpt lat="47.61627" lon="-2.76485">
        <ele>3</ele>
      </trkpt>
      <trkpt lat="47.61643" lon="-2.76481">
        <ele>4</ele>
      </trkpt>
      <trkpt lat="47.61659" lon="-2.76477">
        <ele>4</ele>
      </trkpt>
      <trkpt lat="47.61677" lon="-2.76475">
        <ele>5</ele>
      </trkpt>
      <trkpt lat="47.61695" lon="-2.76472">
        <ele>5</ele>
      </trkpt>
      <trkpt lat="47.61713" lon="-2.7647">
        <ele>5</ele>
      </trkpt>
      <trkpt lat="47.61731" lon="-2.76468">
        <ele>5</ele>
      </trkpt>
      <trkpt lat="47.61724" lon="-2.76448">
        <ele>5</ele>
      </trkpt>
      <trkpt lat="47.61718" lon="-2.76428">
        <ele>5</ele>
      </trkpt>
      <trkpt lat="47.61711" lon="-2.76408">
        <ele>6</ele>
      </trkpt>
      <trkpt lat="47.61704" lon="-2.76388">
        <ele>6</ele>
      </trkpt>
      <trkpt lat="47.61699" lon="-2.76369">
        <ele>6</ele>
      </trkpt>
      <trkpt lat="47.61694" lon="-2.7635">
        <ele>6</ele>
      </trkpt>
      <trkpt lat="47.61689" lon="-2.76331">
        <ele>6</ele>
      </trkpt>
      <trkpt lat="47.61684" lon="-2.76312">
        <ele>6</ele>
      </trkpt>
      <trkpt lat="47.61674" lon="-2.76295">
        <ele>6</ele>
      </trkpt>
      <trkpt lat="47.61663" lon="-2.76279">
        <ele>5</ele>
      </trkpt>
      <trkpt lat="47.61647" lon="-2.76281">
        <ele>5</ele>
      </trkpt>
      <trkpt lat="47.61631" lon="-2.76282">
        <ele>5</ele>
      </trkpt>
      <trkpt lat="47.6162" lon="-2.76279">
        <ele>5</ele>
      </trkpt>
      <trkpt lat="47.61611" lon="-2.76255">
        <ele>5</ele>
      </trkpt>
      <trkpt lat="47.61601" lon="-2.76232">
        <ele>6</ele>
      </trkpt>
      <trkpt lat="47.61586" lon="-2.76201">
        <ele>7</ele>
      </trkpt>
      <trkpt lat="47.61571" lon="-2.7617">
        <ele>7</ele>
      </trkpt>
      <trkpt lat="47.61563" lon="-2.7615">
        <ele>7</ele>
      </trkpt>
      <trkpt lat="47.61555" lon="-2.76131">
        <ele>7</ele>
      </trkpt>
      <trkpt lat="47.61554" lon="-2.761">
        <ele>7</ele>
      </trkpt>
      <trkpt lat="47.61541" lon="-2.76077">
        <ele>6</ele>
      </trkpt>
      <trkpt lat="47.61528" lon="-2.76053">
        <ele>4</ele>
      </trkpt>
      <trkpt lat="47.6152" lon="-2.7603">
        <ele>3</ele>
      </trkpt>
      <trkpt lat="47.61512" lon="-2.76008">
        <ele>3</ele>
      </trkpt>
      <trkpt lat="47.61529" lon="-2.7598">
        <ele>3</ele>
      </trkpt>
      <trkpt lat="47.61535" lon="-2.75943">
        <ele>3</ele>
      </trkpt>
      <trkpt lat="47.61541" lon="-2.75907">
        <ele>3</ele>
      </trkpt>
      <trkpt lat="47.61558" lon="-2.75884">
        <ele>3</ele>
      </trkpt>
      <trkpt lat="47.61569" lon="-2.75853">
        <ele>3</ele>
      </trkpt>
      <trkpt lat="47.61576" lon="-2.7582">
        <ele>3</ele>
      </trkpt>
      <trkpt lat="47.61572" lon="-2.75793">
        <ele>3</ele>
      </trkpt>
      <trkpt lat="47.61572" lon="-2.7577">
        <ele>3</ele>
      </trkpt>
      <trkpt lat="47.61571" lon="-2.75747">
        <ele>3</ele>
      </trkpt>
      <trkpt lat="47.61549" lon="-2.75748">
        <ele>3</ele>
      </trkpt>
      <trkpt lat="47.61528" lon="-2.7575">
        <ele>3</ele>
      </trkpt>
      <trkpt lat="47.61512" lon="-2.75747">
        <ele>3</ele>
      </trkpt>
      <trkpt lat="47.61497" lon="-2.75744">
        <ele>3</ele>
      </trkpt>
      <trkpt lat="47.61479" lon="-2.75737">
        <ele>3</ele>
      </trkpt>
      <trkpt lat="47.61461" lon="-2.75729">
        <ele>3</ele>
      </trkpt>
      <trkpt lat="47.61445" lon="-2.75711">
        <ele>3</ele>
      </trkpt>
      <trkpt lat="47.6143" lon="-2.75693">
        <ele>3</ele>
      </trkpt>
      <trkpt lat="47.61415" lon="-2.75671">
        <ele>3</ele>
      </trkpt>
      <trkpt lat="47.614" lon="-2.75648">
        <ele>3</ele>
      </trkpt>
      <trkpt lat="47.61384" lon="-2.75625">
        <ele>4</ele>
      </trkpt>
      <trkpt lat="47.61369" lon="-2.75603">
        <ele>4</ele>
      </trkpt>
      <trkpt lat="47.61355" lon="-2.75579">
        <ele>4</ele>
      </trkpt>
      <trkpt lat="47.6134" lon="-2.75555">
        <ele>4</ele>
      </trkpt>
      <trkpt lat="47.61328" lon="-2.75528">
        <ele>4</ele>
      </trkpt>
      <trkpt lat="47.61316" lon="-2.755">
        <ele>4</ele>
      </trkpt>
      <trkpt lat="47.61297" lon="-2.7551">
        <ele>3</ele>
      </trkpt>
      <trkpt lat="47.61278" lon="-2.7552">
        <ele>3</ele>
      </trkpt>
      <trkpt lat="47.61259" lon="-2.7553">
        <ele>3</ele>
      </trkpt>
      <trkpt lat="47.6124" lon="-2.7554">
        <ele>3</ele>
      </trkpt>
      <trkpt lat="47.61227" lon="-2.75537">
        <ele>3</ele>
      </trkpt>
      <trkpt lat="47.61213" lon="-2.75534">
        <ele>3</ele>
      </trkpt>
      <trkpt lat="47.61193" lon="-2.75519">
        <ele>3</ele>
      </trkpt>
      <trkpt lat="47.61171" lon="-2.75527">
        <ele>3</ele>
      </trkpt>
      <trkpt lat="47.61167" lon="-2.75519">
        <ele>3</ele>
      </trkpt>
      <trkpt lat="47.61156" lon="-2.75523">
        <ele>3</ele>
      </trkpt>
      <trkpt lat="47.61135" lon="-2.75506">
        <ele>3</ele>
      </trkpt>
      <trkpt lat="47.61137" lon="-2.75498">
        <ele>3</ele>
      </trkpt>
      <trkpt lat="47.61124" lon="-2.75487">
        <ele>3</ele>
      </trkpt>
      <trkpt lat="47.61112" lon="-2.75476">
        <ele>3</ele>
      </trkpt>
      <trkpt lat="47.61093" lon="-2.75464">
        <ele>3</ele>
      </trkpt>
      <trkpt lat="47.61074" lon="-2.75452">
        <ele>3</ele>
      </trkpt>
      <trkpt lat="47.61062" lon="-2.75452">
        <ele>3</ele>
      </trkpt>
      <trkpt lat="47.61043" lon="-2.75436">
        <ele>3</ele>
      </trkpt>
      <trkpt lat="47.6103" lon="-2.75409">
        <ele>3</ele>
      </trkpt>
      <trkpt lat="47.61018" lon="-2.75383">
        <ele>3</ele>
      </trkpt>
      <trkpt lat="47.61007" lon="-2.75368">
        <ele>3</ele>
      </trkpt>
      <trkpt lat="47.61006" lon="-2.75356">
        <ele>3</ele>
      </trkpt>
      <trkpt lat="47.60996" lon="-2.75343">
        <ele>3</ele>
      </trkpt>
      <trkpt lat="47.60986" lon="-2.75329">
        <ele>3</ele>
      </trkpt>
      <trkpt lat="47.60987" lon="-2.75304">
        <ele>3</ele>
      </trkpt>
      <trkpt lat="47.60991" lon="-2.75283">
        <ele>3</ele>
      </trkpt>
      <trkpt lat="47.60995" lon="-2.75263">
        <ele>3</ele>
      </trkpt>
      <trkpt lat="47.60999" lon="-2.75242">
        <ele>3</ele>
      </trkpt>
      <trkpt lat="47.61003" lon="-2.75221">
        <ele>3</ele>
      </trkpt>
      <trkpt lat="47.61004" lon="-2.7519">
        <ele>3</ele>
      </trkpt>
      <trkpt lat="47.61005" lon="-2.75159">
        <ele>3</ele>
      </trkpt>
      <trkpt lat="47.61002" lon="-2.75153">
        <ele>3</ele>
      </trkpt>
      <trkpt lat="47.60999" lon="-2.75127">
        <ele>3</ele>
      </trkpt>
      <trkpt lat="47.60995" lon="-2.75102">
        <ele>3</ele>
      </trkpt>
      <trkpt lat="47.60992" lon="-2.75076">
        <ele>3</ele>
      </trkpt>
      <trkpt lat="47.60989" lon="-2.75051">
        <ele>3</ele>
      </trkpt>
      <trkpt lat="47.60979" lon="-2.75017">
        <ele>3</ele>
      </trkpt>
      <trkpt lat="47.60968" lon="-2.74983">
        <ele>3</ele>
      </trkpt>
      <trkpt lat="47.60952" lon="-2.74952">
        <ele>3</ele>
      </trkpt>
      <trkpt lat="47.60946" lon="-2.74945">
        <ele>3</ele>
      </trkpt>
      <trkpt lat="47.60937" lon="-2.74924">
        <ele>3</ele>
      </trkpt>
      <trkpt lat="47.60926" lon="-2.74909">
        <ele>3</ele>
      </trkpt>
      <trkpt lat="47.60914" lon="-2.74895">
        <ele>3</ele>
      </trkpt>
      <trkpt lat="47.60903" lon="-2.7488">
        <ele>3</ele>
      </trkpt>
      <trkpt lat="47.60892" lon="-2.74866">
        <ele>4</ele>
      </trkpt>
      <trkpt lat="47.60871" lon="-2.74846">
        <ele>4</ele>
      </trkpt>
      <trkpt lat="47.60861" lon="-2.74831">
        <ele>4</ele>
      </trkpt>
      <trkpt lat="47.60851" lon="-2.74817">
        <ele>4</ele>
      </trkpt>
      <trkpt lat="47.60842" lon="-2.74802">
        <ele>4</ele>
      </trkpt>
      <trkpt lat="47.60832" lon="-2.74787">
        <ele>4</ele>
      </trkpt>
      <trkpt lat="47.60812" lon="-2.74765">
        <ele>4</ele>
      </trkpt>
      <trkpt lat="47.60789" lon="-2.74751">
        <ele>4</ele>
      </trkpt>
      <trkpt lat="47.60784" lon="-2.7474">
        <ele>4</ele>
      </trkpt>
      <trkpt lat="47.60785" lon="-2.74732">
        <ele>4</ele>
      </trkpt>
      <trkpt lat="47.60777" lon="-2.74695">
        <ele>4</ele>
      </trkpt>
      <trkpt lat="47.60768" lon="-2.74658">
        <ele>4</ele>
      </trkpt>
      <trkpt lat="47.60759" lon="-2.7463">
        <ele>4</ele>
      </trkpt>
      <trkpt lat="47.6075" lon="-2.74603">
        <ele>4</ele>
      </trkpt>
      <trkpt lat="47.60741" lon="-2.74579">
        <ele>4</ele>
      </trkpt>
      <trkpt lat="47.60731" lon="-2.74555">
        <ele>4</ele>
      </trkpt>
      <trkpt lat="47.60722" lon="-2.74531">
        <ele>4</ele>
      </trkpt>
      <trkpt lat="47.60713" lon="-2.74507">
        <ele>4</ele>
      </trkpt>
      <trkpt lat="47.60719" lon="-2.74503">
        <ele>4</ele>
      </trkpt>
      <trkpt lat="47.60731" lon="-2.74489">
        <ele>5</ele>
      </trkpt>
      <trkpt lat="47.60743" lon="-2.74474">
        <ele>5</ele>
      </trkpt>
      <trkpt lat="47.60754" lon="-2.7446">
        <ele>6</ele>
      </trkpt>
      <trkpt lat="47.60766" lon="-2.74446">
        <ele>6</ele>
      </trkpt>
      <trkpt lat="47.60756" lon="-2.7443">
        <ele>6</ele>
      </trkpt>
      <trkpt lat="47.6074" lon="-2.74418">
        <ele>6</ele>
      </trkpt>
      <trkpt lat="47.60725" lon="-2.74417">
        <ele>6</ele>
      </trkpt>
      <trkpt lat="47.60711" lon="-2.74416">
        <ele>6</ele>
      </trkpt>
      <trkpt lat="47.60697" lon="-2.74415">
        <ele>6</ele>
      </trkpt>
      <trkpt lat="47.60682" lon="-2.74414">
        <ele>6</ele>
      </trkpt>
      <trkpt lat="47.60666" lon="-2.74409">
        <ele>6</ele>
      </trkpt>
      <trkpt lat="47.60649" lon="-2.74397">
        <ele>6</ele>
      </trkpt>
      <trkpt lat="47.60639" lon="-2.74384">
        <ele>6</ele>
      </trkpt>
      <trkpt lat="47.60628" lon="-2.74371">
        <ele>6</ele>
      </trkpt>
      <trkpt lat="47.60618" lon="-2.74357">
        <ele>6</ele>
      </trkpt>
      <trkpt lat="47.60607" lon="-2.74344">
        <ele>6</ele>
      </trkpt>
      <trkpt lat="47.60594" lon="-2.74316">
        <ele>6</ele>
      </trkpt>
      <trkpt lat="47.6058" lon="-2.74288">
        <ele>6</ele>
      </trkpt>
      <trkpt lat="47.60572" lon="-2.74266">
        <ele>6</ele>
      </trkpt>
      <trkpt lat="47.60565" lon="-2.74243">
        <ele>6</ele>
      </trkpt>
      <trkpt lat="47.60567" lon="-2.74207">
        <ele>6</ele>
      </trkpt>
      <trkpt lat="47.6057" lon="-2.74171">
        <ele>5</ele>
      </trkpt>
      <trkpt lat="47.60565" lon="-2.74148">
        <ele>4</ele>
      </trkpt>
      <trkpt lat="47.60556" lon="-2.74132">
        <ele>3</ele>
      </trkpt>
      <trkpt lat="47.60547" lon="-2.74115">
        <ele>3</ele>
      </trkpt>
      <trkpt lat="47.60539" lon="-2.74096">
        <ele>3</ele>
      </trkpt>
      <trkpt lat="47.60531" lon="-2.74076">
        <ele>3</ele>
      </trkpt>
      <trkpt lat="47.60518" lon="-2.74052">
        <ele>3</ele>
      </trkpt>
      <trkpt lat="47.60505" lon="-2.74027">
        <ele>3</ele>
      </trkpt>
      <trkpt lat="47.60491" lon="-2.74009">
        <ele>3</ele>
      </trkpt>
      <trkpt lat="47.60474" lon="-2.74004">
        <ele>3</ele>
      </trkpt>
      <trkpt lat="47.6046" lon="-2.73994">
        <ele>3</ele>
      </trkpt>
      <trkpt lat="47.60455" lon="-2.73994">
        <ele>4</ele>
      </trkpt>
      <trkpt lat="47.60445" lon="-2.73999">
        <ele>4</ele>
      </trkpt>
      <trkpt lat="47.60427" lon="-2.74013">
        <ele>3</ele>
      </trkpt>
      <trkpt lat="47.60425" lon="-2.74005">
        <ele>3</ele>
      </trkpt>
      <trkpt lat="47.60411" lon="-2.73997">
        <ele>3</ele>
      </trkpt>
      <trkpt lat="47.60391" lon="-2.74">
        <ele>3</ele>
      </trkpt>
      <trkpt lat="47.60379" lon="-2.73969">
        <ele>4</ele>
      </trkpt>
      <trkpt lat="47.60382" lon="-2.7396">
        <ele>5</ele>
      </trkpt>
      <trkpt lat="47.60368" lon="-2.7394">
        <ele>5</ele>
      </trkpt>
      <trkpt lat="47.60353" lon="-2.7391">
        <ele>6</ele>
      </trkpt>
      <trkpt lat="47.60338" lon="-2.7388">
        <ele>6</ele>
      </trkpt>
      <trkpt lat="47.60328" lon="-2.73864">
        <ele>6</ele>
      </trkpt>
      <trkpt lat="47.60312" lon="-2.73847">
        <ele>6</ele>
      </trkpt>
      <trkpt lat="47.60299" lon="-2.73822">
        <ele>6</ele>
      </trkpt>
      <trkpt lat="47.60286" lon="-2.73798">
        <ele>6</ele>
      </trkpt>
      <trkpt lat="47.60272" lon="-2.73778">
        <ele>6</ele>
      </trkpt>
      <trkpt lat="47.60261" lon="-2.73757">
        <ele>7</ele>
      </trkpt>
      <trkpt lat="47.60249" lon="-2.73742">
        <ele>7</ele>
      </trkpt>
      <trkpt lat="47.60251" lon="-2.73735">
        <ele>7</ele>
      </trkpt>
      <trkpt lat="47.60265" lon="-2.73717">
        <ele>8</ele>
      </trkpt>
      <trkpt lat="47.60278" lon="-2.73699">
        <ele>8</ele>
      </trkpt>
      <trkpt lat="47.60269" lon="-2.73681">
        <ele>8</ele>
      </trkpt>
      <trkpt lat="47.60261" lon="-2.73664">
        <ele>8</ele>
      </trkpt>
      <trkpt lat="47.60252" lon="-2.73646">
        <ele>8</ele>
      </trkpt>
      <trkpt lat="47.60243" lon="-2.73629">
        <ele>8</ele>
      </trkpt>
      <trkpt lat="47.60235" lon="-2.73611">
        <ele>9</ele>
      </trkpt>
      <trkpt lat="47.60226" lon="-2.73593">
        <ele>9</ele>
      </trkpt>
      <trkpt lat="47.60218" lon="-2.73576">
        <ele>9</ele>
      </trkpt>
      <trkpt lat="47.60209" lon="-2.73558">
        <ele>10</ele>
      </trkpt>
      <trkpt lat="47.60201" lon="-2.73533">
        <ele>11</ele>
      </trkpt>
      <trkpt lat="47.60193" lon="-2.73507">
        <ele>11</ele>
      </trkpt>
      <trkpt lat="47.60186" lon="-2.73482">
        <ele>11</ele>
      </trkpt>
      <trkpt lat="47.60178" lon="-2.73456">
        <ele>11</ele>
      </trkpt>
      <trkpt lat="47.60175" lon="-2.73451">
        <ele>11</ele>
      </trkpt>
      <trkpt lat="47.60158" lon="-2.73436">
        <ele>12</ele>
      </trkpt>
      <trkpt lat="47.60142" lon="-2.7342">
        <ele>12</ele>
      </trkpt>
      <trkpt lat="47.60125" lon="-2.73405">
        <ele>12</ele>
      </trkpt>
      <trkpt lat="47.60108" lon="-2.73389">
        <ele>12</ele>
      </trkpt>
      <trkpt lat="47.60093" lon="-2.73362">
        <ele>12</ele>
      </trkpt>
      <trkpt lat="47.60077" lon="-2.73335">
        <ele>12</ele>
      </trkpt>
      <trkpt lat="47.60066" lon="-2.73318">
        <ele>12</ele>
      </trkpt>
      <trkpt lat="47.60054" lon="-2.733">
        <ele>11</ele>
      </trkpt>
      <trkpt lat="47.60033" lon="-2.73316">
        <ele>11</ele>
      </trkpt>
      <trkpt lat="47.60019" lon="-2.7329">
        <ele>9</ele>
      </trkpt>
      <trkpt lat="47.60006" lon="-2.73264">
        <ele>7</ele>
      </trkpt>
      <trkpt lat="47.60003" lon="-2.73253">
        <ele>7</ele>
      </trkpt>
      <trkpt lat="47.59986" lon="-2.73231">
        <ele>6</ele>
      </trkpt>
      <trkpt lat="47.59974" lon="-2.7325">
        <ele>6</ele>
      </trkpt>
      <trkpt lat="47.59954" lon="-2.73268">
        <ele>4</ele>
      </trkpt>
      <trkpt lat="47.59947" lon="-2.73269">
        <ele>4</ele>
      </trkpt>
      <trkpt lat="47.59936" lon="-2.73255">
        <ele>4</ele>
      </trkpt>
      <trkpt lat="47.59926" lon="-2.73242">
        <ele>4</ele>
      </trkpt>
      <trkpt lat="47.59907" lon="-2.73223">
        <ele>4</ele>
      </trkpt>
      <trkpt lat="47.59889" lon="-2.73204">
        <ele>4</ele>
      </trkpt>
      <trkpt lat="47.59892" lon="-2.73188">
        <ele>4</ele>
      </trkpt>
      <trkpt lat="47.59893" lon="-2.73168">
        <ele>4</ele>
      </trkpt>
      <trkpt lat="47.59893" lon="-2.73147">
        <ele>4</ele>
      </trkpt>
      <trkpt lat="47.599" lon="-2.73127">
        <ele>4</ele>
      </trkpt>
      <trkpt lat="47.59901" lon="-2.73113">
        <ele>4</ele>
      </trkpt>
      <trkpt lat="47.59911" lon="-2.73095">
        <ele>4</ele>
      </trkpt>
      <trkpt lat="47.59922" lon="-2.73092">
        <ele>4</ele>
      </trkpt>
      <trkpt lat="47.59936" lon="-2.73098">
        <ele>5</ele>
      </trkpt>
      <trkpt lat="47.59939" lon="-2.73101">
        <ele>5</ele>
      </trkpt>
      <trkpt lat="47.59946" lon="-2.73126">
        <ele>5</ele>
      </trkpt>
      <trkpt lat="47.59954" lon="-2.73138">
        <ele>5</ele>
      </trkpt>
      <trkpt lat="47.5997" lon="-2.73136">
        <ele>5</ele>
      </trkpt>
      <trkpt lat="47.59983" lon="-2.73151">
        <ele>5</ele>
      </trkpt>
      <trkpt lat="47.59996" lon="-2.73157">
        <ele>4</ele>
      </trkpt>
      <trkpt lat="47.60012" lon="-2.73176">
        <ele>4</ele>
      </trkpt>
      <trkpt lat="47.60027" lon="-2.73195">
        <ele>4</ele>
      </trkpt>
      <trkpt lat="47.60043" lon="-2.73204">
        <ele>4</ele>
      </trkpt>
      <trkpt lat="47.60058" lon="-2.73213">
        <ele>3</ele>
      </trkpt>
      <trkpt lat="47.60074" lon="-2.73208">
        <ele>3</ele>
      </trkpt>
      <trkpt lat="47.60096" lon="-2.73207">
        <ele>3</ele>
      </trkpt>
      <trkpt lat="47.60119" lon="-2.73214">
        <ele>3</ele>
      </trkpt>
      <trkpt lat="47.60138" lon="-2.73216">
        <ele>3</ele>
      </trkpt>
      <trkpt lat="47.60156" lon="-2.73224">
        <ele>3</ele>
      </trkpt>
      <trkpt lat="47.60169" lon="-2.73247">
        <ele>4</ele>
      </trkpt>
      <trkpt lat="47.60183" lon="-2.73271">
        <ele>4</ele>
      </trkpt>
      <trkpt lat="47.60196" lon="-2.73294">
        <ele>4</ele>
      </trkpt>
      <trkpt lat="47.6021" lon="-2.73317">
        <ele>4</ele>
      </trkpt>
      <trkpt lat="47.60226" lon="-2.73347">
        <ele>4</ele>
      </trkpt>
      <trkpt lat="47.60242" lon="-2.73378">
        <ele>4</ele>
      </trkpt>
      <trkpt lat="47.60257" lon="-2.73408">
        <ele>4</ele>
      </trkpt>
      <trkpt lat="47.60273" lon="-2.73439">
        <ele>4</ele>
      </trkpt>
      <trkpt lat="47.60288" lon="-2.7345">
        <ele>4</ele>
      </trkpt>
      <trkpt lat="47.60303" lon="-2.73461">
        <ele>4</ele>
      </trkpt>
      <trkpt lat="47.6031" lon="-2.73487">
        <ele>3</ele>
      </trkpt>
      <trkpt lat="47.60318" lon="-2.73513">
        <ele>3</ele>
      </trkpt>
      <trkpt lat="47.6033" lon="-2.73528">
        <ele>3</ele>
      </trkpt>
      <trkpt lat="47.60342" lon="-2.73538">
        <ele>3</ele>
      </trkpt>
      <trkpt lat="47.60352" lon="-2.73536">
        <ele>3</ele>
      </trkpt>
      <trkpt lat="47.60361" lon="-2.73508">
        <ele>3</ele>
      </trkpt>
      <trkpt lat="47.6037" lon="-2.7348">
        <ele>3</ele>
      </trkpt>
      <trkpt lat="47.60352" lon="-2.73462">
        <ele>3</ele>
      </trkpt>
      <trkpt lat="47.60352" lon="-2.73448">
        <ele>3</ele>
      </trkpt>
      <trkpt lat="47.60364" lon="-2.73419">
        <ele>3</ele>
      </trkpt>
      <trkpt lat="47.60379" lon="-2.73393">
        <ele>3</ele>
      </trkpt>
      <trkpt lat="47.60394" lon="-2.73367">
        <ele>3</ele>
      </trkpt>
      <trkpt lat="47.60395" lon="-2.73356">
        <ele>2</ele>
      </trkpt>
      <trkpt lat="47.60413" lon="-2.73327">
        <ele>2</ele>
      </trkpt>
      <trkpt lat="47.60424" lon="-2.73312">
        <ele>2</ele>
      </trkpt>
      <trkpt lat="47.60436" lon="-2.73297">
        <ele>2</ele>
      </trkpt>
      <trkpt lat="47.6045" lon="-2.73271">
        <ele>3</ele>
      </trkpt>
      <trkpt lat="47.60463" lon="-2.73259">
        <ele>3</ele>
      </trkpt>
      <trkpt lat="47.60476" lon="-2.73247">
        <ele>3</ele>
      </trkpt>
      <trkpt lat="47.60489" lon="-2.73235">
        <ele>3</ele>
      </trkpt>
      <trkpt lat="47.60502" lon="-2.73223">
        <ele>3</ele>
      </trkpt>
      <trkpt lat="47.60513" lon="-2.73218">
        <ele>3</ele>
      </trkpt>
      <trkpt lat="47.60522" lon="-2.732">
        <ele>3</ele>
      </trkpt>
      <trkpt lat="47.60534" lon="-2.73189">
        <ele>3</ele>
      </trkpt>
      <trkpt lat="47.60538" lon="-2.73175">
        <ele>3</ele>
      </trkpt>
      <trkpt lat="47.60551" lon="-2.73169">
        <ele>3</ele>
      </trkpt>
      <trkpt lat="47.60558" lon="-2.73153">
        <ele>3</ele>
      </trkpt>
      <trkpt lat="47.6056" lon="-2.73128">
        <ele>3</ele>
      </trkpt>
      <trkpt lat="47.60561" lon="-2.73102">
        <ele>3</ele>
      </trkpt>
      <trkpt lat="47.60578" lon="-2.73127">
        <ele>3</ele>
      </trkpt>
      <trkpt lat="47.60595" lon="-2.73151">
        <ele>4</ele>
      </trkpt>
      <trkpt lat="47.60612" lon="-2.73176">
        <ele>5</ele>
      </trkpt>
      <trkpt lat="47.60629" lon="-2.73201">
        <ele>7</ele>
      </trkpt>
      <trkpt lat="47.60639" lon="-2.73177">
        <ele>7</ele>
      </trkpt>
      <trkpt lat="47.6065" lon="-2.73153">
        <ele>7</ele>
      </trkpt>
      <trkpt lat="47.60661" lon="-2.73129">
        <ele>7</ele>
      </trkpt>
      <trkpt lat="47.60671" lon="-2.73105">
        <ele>8</ele>
      </trkpt>
      <trkpt lat="47.60688" lon="-2.73095">
        <ele>8</ele>
      </trkpt>
      <trkpt lat="47.60704" lon="-2.73084">
        <ele>10</ele>
      </trkpt>
      <trkpt lat="47.60721" lon="-2.73062">
        <ele>10</ele>
      </trkpt>
      <trkpt lat="47.60737" lon="-2.73039">
        <ele>10</ele>
      </trkpt>
      <trkpt lat="47.60753" lon="-2.73016">
        <ele>10</ele>
      </trkpt>
      <trkpt lat="47.6077" lon="-2.72994">
        <ele>10</ele>
      </trkpt>
      <trkpt lat="47.60788" lon="-2.72996">
        <ele>9</ele>
      </trkpt>
      <trkpt lat="47.60806" lon="-2.72997">
        <ele>9</ele>
      </trkpt>
      <trkpt lat="47.60824" lon="-2.72999">
        <ele>8</ele>
      </trkpt>
      <trkpt lat="47.60842" lon="-2.73001">
        <ele>8</ele>
      </trkpt>
      <trkpt lat="47.60859" lon="-2.73002">
        <ele>7</ele>
      </trkpt>
      <trkpt lat="47.60877" lon="-2.73004">
        <ele>7</ele>
      </trkpt>
      <trkpt lat="47.60895" lon="-2.73005">
        <ele>7</ele>
      </trkpt>
      <trkpt lat="47.60913" lon="-2.73007">
        <ele>7</ele>
      </trkpt>
      <trkpt lat="47.60935" lon="-2.7301">
        <ele>7</ele>
      </trkpt>
      <trkpt lat="47.60956" lon="-2.73012">
        <ele>7</ele>
      </trkpt>
      <trkpt lat="47.60977" lon="-2.73015">
        <ele>6</ele>
      </trkpt>
      <trkpt lat="47.60999" lon="-2.73017">
        <ele>6</ele>
      </trkpt>
      <trkpt lat="47.6102" lon="-2.7302">
        <ele>6</ele>
      </trkpt>
      <trkpt lat="47.61042" lon="-2.73022">
        <ele>5</ele>
      </trkpt>
      <trkpt lat="47.61064" lon="-2.73025">
        <ele>5</ele>
      </trkpt>
      <trkpt lat="47.61085" lon="-2.73027">
        <ele>4</ele>
      </trkpt>
      <trkpt lat="47.61106" lon="-2.7303">
        <ele>4</ele>
      </trkpt>
      <trkpt lat="47.61128" lon="-2.73033">
        <ele>4</ele>
      </trkpt>
      <trkpt lat="47.6115" lon="-2.73035">
        <ele>4</ele>
      </trkpt>
      <trkpt lat="47.61171" lon="-2.73038">
        <ele>3</ele>
      </trkpt>
      <trkpt lat="47.61192" lon="-2.7304">
        <ele>3</ele>
      </trkpt>
      <trkpt lat="47.61214" lon="-2.73043">
        <ele>3</ele>
      </trkpt>
      <trkpt lat="47.61235" lon="-2.73045">
        <ele>3</ele>
      </trkpt>
      <trkpt lat="47.61257" lon="-2.73048">
        <ele>3</ele>
      </trkpt>
      <trkpt lat="47.61276" lon="-2.73052">
        <ele>3</ele>
      </trkpt>
      <trkpt lat="47.61295" lon="-2.73057">
        <ele>3</ele>
      </trkpt>
      <trkpt lat="47.61314" lon="-2.73061">
        <ele>3</ele>
      </trkpt>
      <trkpt lat="47.61333" lon="-2.73066">
        <ele>3</ele>
      </trkpt>
      <trkpt lat="47.61352" lon="-2.7307">
        <ele>3</ele>
      </trkpt>
      <trkpt lat="47.61371" lon="-2.73074">
        <ele>3</ele>
      </trkpt>
      <trkpt lat="47.6139" lon="-2.73079">
        <ele>3</ele>
      </trkpt>
      <trkpt lat="47.61409" lon="-2.73083">
        <ele>3</ele>
      </trkpt>
      <trkpt lat="47.61427" lon="-2.7306">
        <ele>3</ele>
      </trkpt>
      <trkpt lat="47.61444" lon="-2.73036">
        <ele>3</ele>
      </trkpt>
      <trkpt lat="47.61447" lon="-2.73015">
        <ele>3</ele>
      </trkpt>
      <trkpt lat="47.61451" lon="-2.72993">
        <ele>3</ele>
      </trkpt>
      <trkpt lat="47.61463" lon="-2.72975">
        <ele>3</ele>
      </trkpt>
      <trkpt lat="47.61475" lon="-2.72957">
        <ele>3</ele>
      </trkpt>
      <trkpt lat="47.61491" lon="-2.72945">
        <ele>4</ele>
      </trkpt>
      <trkpt lat="47.61507" lon="-2.72934">
        <ele>4</ele>
      </trkpt>
      <trkpt lat="47.61522" lon="-2.72922">
        <ele>4</ele>
      </trkpt>
      <trkpt lat="47.61538" lon="-2.72911">
        <ele>4</ele>
      </trkpt>
      <trkpt lat="47.61552" lon="-2.72897">
        <ele>4</ele>
      </trkpt>
      <trkpt lat="47.6157" lon="-2.72873">
        <ele>4</ele>
      </trkpt>
      <trkpt lat="47.61575" lon="-2.72854">
        <ele>4</ele>
      </trkpt>
      <trkpt lat="47.6158" lon="-2.72835">
        <ele>4</ele>
      </trkpt>
      <trkpt lat="47.61588" lon="-2.72819">
        <ele>4</ele>
      </trkpt>
      <trkpt lat="47.61595" lon="-2.72798">
        <ele>4</ele>
      </trkpt>
      <trkpt lat="47.61603" lon="-2.72777">
        <ele>4</ele>
      </trkpt>
      <trkpt lat="47.6161" lon="-2.72756">
        <ele>4</ele>
      </trkpt>
      <trkpt lat="47.61618" lon="-2.72735">
        <ele>4</ele>
      </trkpt>
      <trkpt lat="47.61626" lon="-2.72713">
        <ele>5</ele>
      </trkpt>
      <trkpt lat="47.61633" lon="-2.72692">
        <ele>5</ele>
      </trkpt>
      <trkpt lat="47.61641" lon="-2.72671">
        <ele>5</ele>
      </trkpt>
      <trkpt lat="47.61648" lon="-2.7265">
        <ele>5</ele>
      </trkpt>
      <trkpt lat="47.61654" lon="-2.72617">
        <ele>5</ele>
      </trkpt>
      <trkpt lat="47.61652" lon="-2.72581">
        <ele>5</ele>
      </trkpt>
      <trkpt lat="47.6165" lon="-2.72545">
        <ele>5</ele>
      </trkpt>
      <trkpt lat="47.61648" lon="-2.72509">
        <ele>5</ele>
      </trkpt>
      <trkpt lat="47.61646" lon="-2.72473">
        <ele>5</ele>
      </trkpt>
      <trkpt lat="47.61644" lon="-2.72436">
        <ele>5</ele>
      </trkpt>
      <trkpt lat="47.61642" lon="-2.724">
        <ele>5</ele>
      </trkpt>
      <trkpt lat="47.6164" lon="-2.72364">
        <ele>5</ele>
      </trkpt>
      <trkpt lat="47.61638" lon="-2.72328">
        <ele>5</ele>
      </trkpt>
      <trkpt lat="47.61634" lon="-2.72307">
        <ele>5</ele>
      </trkpt>
      <trkpt lat="47.61631" lon="-2.72285">
        <ele>5</ele>
      </trkpt>
      <trkpt lat="47.61629" lon="-2.72252">
        <ele>5</ele>
      </trkpt>
      <trkpt lat="47.61626" lon="-2.7222">
        <ele>4</ele>
      </trkpt>
      <trkpt lat="47.61624" lon="-2.72187">
        <ele>4</ele>
      </trkpt>
      <trkpt lat="47.61622" lon="-2.72154">
        <ele>4</ele>
      </trkpt>
      <trkpt lat="47.6162" lon="-2.72121">
        <ele>3</ele>
      </trkpt>
      <trkpt lat="47.61617" lon="-2.72088">
        <ele>3</ele>
      </trkpt>
      <trkpt lat="47.61615" lon="-2.72056">
        <ele>3</ele>
      </trkpt>
      <trkpt lat="47.61613" lon="-2.72023">
        <ele>3</ele>
      </trkpt>
      <trkpt lat="47.61616" lon="-2.72007">
        <ele>3</ele>
      </trkpt>
      <trkpt lat="47.61632" lon="-2.71981">
        <ele>3</ele>
      </trkpt>
      <trkpt lat="47.61649" lon="-2.71955">
        <ele>3</ele>
      </trkpt>
      <trkpt lat="47.61665" lon="-2.71929">
        <ele>3</ele>
      </trkpt>
      <trkpt lat="47.61682" lon="-2.71903">
        <ele>2</ele>
      </trkpt>
      <trkpt lat="47.61698" lon="-2.71876">
        <ele>2</ele>
      </trkpt>
      <trkpt lat="47.61714" lon="-2.7185">
        <ele>2</ele>
      </trkpt>
      <trkpt lat="47.61731" lon="-2.71824">
        <ele>2</ele>
      </trkpt>
      <trkpt lat="47.61747" lon="-2.71798">
        <ele>2</ele>
      </trkpt>
      <trkpt lat="47.61753" lon="-2.71819">
        <ele>3</ele>
      </trkpt>
      <trkpt lat="47.6176" lon="-2.71841">
        <ele>3</ele>
      </trkpt>
      <trkpt lat="47.61767" lon="-2.71863">
        <ele>3</ele>
      </trkpt>
      <trkpt lat="47.61773" lon="-2.71884">
        <ele>3</ele>
      </trkpt>
      <trkpt lat="47.61775" lon="-2.71905">
        <ele>3</ele>
      </trkpt>
      <trkpt lat="47.61778" lon="-2.71927">
        <ele>3</ele>
      </trkpt>
      <trkpt lat="47.6178" lon="-2.71948">
        <ele>3</ele>
      </trkpt>
      <trkpt lat="47.61782" lon="-2.7197">
        <ele>4</ele>
      </trkpt>
      <trkpt lat="47.61798" lon="-2.71977">
        <ele>4</ele>
      </trkpt>
      <trkpt lat="47.61814" lon="-2.71984">
        <ele>4</ele>
      </trkpt>
      <trkpt lat="47.61829" lon="-2.71988">
        <ele>5</ele>
      </trkpt>
      <trkpt lat="47.61844" lon="-2.71992">
        <ele>5</ele>
      </trkpt>
      <trkpt lat="47.6186" lon="-2.71997">
        <ele>5</ele>
      </trkpt>
      <trkpt lat="47.61875" lon="-2.72001">
        <ele>6</ele>
      </trkpt>
      <trkpt lat="47.61897" lon="-2.72011">
        <ele>6</ele>
      </trkpt>
      <trkpt lat="47.61918" lon="-2.72021">
        <ele>7</ele>
      </trkpt>
      <trkpt lat="47.61933" lon="-2.72023">
        <ele>7</ele>
      </trkpt>
      <trkpt lat="47.61949" lon="-2.72026">
        <ele>8</ele>
      </trkpt>
      <trkpt lat="47.61962" lon="-2.72032">
        <ele>8</ele>
      </trkpt>
      <trkpt lat="47.61975" lon="-2.72037">
        <ele>8</ele>
      </trkpt>
      <trkpt lat="47.61989" lon="-2.72042">
        <ele>8</ele>
      </trkpt>
      <trkpt lat="47.62002" lon="-2.72048">
        <ele>8</ele>
      </trkpt>
      <trkpt lat="47.62022" lon="-2.72066">
        <ele>8</ele>
      </trkpt>
      <trkpt lat="47.62029" lon="-2.72048">
        <ele>7</ele>
      </trkpt>
      <trkpt lat="47.62051" lon="-2.72033">
        <ele>7</ele>
      </trkpt>
      <trkpt lat="47.62073" lon="-2.72018">
        <ele>6</ele>
      </trkpt>
      <trkpt lat="47.62087" lon="-2.72013">
        <ele>5</ele>
      </trkpt>
      <trkpt lat="47.62102" lon="-2.72007">
        <ele>5</ele>
      </trkpt>
      <trkpt lat="47.62117" lon="-2.72007">
        <ele>5</ele>
      </trkpt>
      <trkpt lat="47.62131" lon="-2.72007">
        <ele>5</ele>
      </trkpt>
      <trkpt lat="47.62148" lon="-2.72016">
        <ele>6</ele>
      </trkpt>
      <trkpt lat="47.62171" lon="-2.72016">
        <ele>6</ele>
      </trkpt>
      <trkpt lat="47.62194" lon="-2.72017">
        <ele>6</ele>
      </trkpt>
      <trkpt lat="47.62213" lon="-2.72021">
        <ele>6</ele>
      </trkpt>
      <trkpt lat="47.62232" lon="-2.72025">
        <ele>6</ele>
      </trkpt>
      <trkpt lat="47.6225" lon="-2.7203">
        <ele>6</ele>
      </trkpt>
      <trkpt lat="47.62269" lon="-2.72034">
        <ele>6</ele>
      </trkpt>
      <trkpt lat="47.62286" lon="-2.72059">
        <ele>6</ele>
      </trkpt>
      <trkpt lat="47.62297" lon="-2.72063">
        <ele>6</ele>
      </trkpt>
      <trkpt lat="47.62308" lon="-2.72073">
        <ele>6</ele>
      </trkpt>
      <trkpt lat="47.62321" lon="-2.72064">
        <ele>6</ele>
      </trkpt>
      <trkpt lat="47.62333" lon="-2.72055">
        <ele>5</ele>
      </trkpt>
      <trkpt lat="47.62346" lon="-2.72046">
        <ele>5</ele>
      </trkpt>
      <trkpt lat="47.62359" lon="-2.72037">
        <ele>5</ele>
      </trkpt>
      <trkpt lat="47.62373" lon="-2.7203">
        <ele>4</ele>
      </trkpt>
      <trkpt lat="47.62387" lon="-2.72022">
        <ele>4</ele>
      </trkpt>
      <trkpt lat="47.62399" lon="-2.72002">
        <ele>4</ele>
      </trkpt>
      <trkpt lat="47.62413" lon="-2.7199">
        <ele>4</ele>
      </trkpt>
      <trkpt lat="47.62428" lon="-2.71979">
        <ele>4</ele>
      </trkpt>
      <trkpt lat="47.62448" lon="-2.71969">
        <ele>4</ele>
      </trkpt>
      <trkpt lat="47.62467" lon="-2.71958">
        <ele>4</ele>
      </trkpt>
      <trkpt lat="47.62484" lon="-2.71941">
        <ele>4</ele>
      </trkpt>
      <trkpt lat="47.625" lon="-2.71924">
        <ele>4</ele>
      </trkpt>
      <trkpt lat="47.62517" lon="-2.71915">
        <ele>4</ele>
      </trkpt>
      <trkpt lat="47.62533" lon="-2.71905">
        <ele>4</ele>
      </trkpt>
      <trkpt lat="47.6255" lon="-2.71896">
        <ele>4</ele>
      </trkpt>
      <trkpt lat="47.62566" lon="-2.71886">
        <ele>4</ele>
      </trkpt>
      <trkpt lat="47.62582" lon="-2.71884">
        <ele>4</ele>
      </trkpt>
      <trkpt lat="47.62598" lon="-2.71882">
        <ele>4</ele>
      </trkpt>
      <trkpt lat="47.62618" lon="-2.71876">
        <ele>4</ele>
      </trkpt>
      <trkpt lat="47.62611" lon="-2.71844">
        <ele>4</ele>
      </trkpt>
      <trkpt lat="47.6261" lon="-2.71812">
        <ele>3</ele>
      </trkpt>
      <trkpt lat="47.6261" lon="-2.7178">
        <ele>3</ele>
      </trkpt>
      <trkpt lat="47.62622" lon="-2.71767">
        <ele>3</ele>
      </trkpt>
      <trkpt lat="47.62634" lon="-2.71753">
        <ele>3</ele>
      </trkpt>
      <trkpt lat="47.62655" lon="-2.71737">
        <ele>3</ele>
      </trkpt>
      <trkpt lat="47.62676" lon="-2.7172">
        <ele>3</ele>
      </trkpt>
      <trkpt lat="47.62689" lon="-2.71704">
        <ele>3</ele>
      </trkpt>
      <trkpt lat="47.62703" lon="-2.71687">
        <ele>3</ele>
      </trkpt>
      <trkpt lat="47.62716" lon="-2.71671">
        <ele>2</ele>
      </trkpt>
      <trkpt lat="47.6273" lon="-2.71655">
        <ele>2</ele>
      </trkpt>
      <trkpt lat="47.62741" lon="-2.71647">
        <ele>2</ele>
      </trkpt>
      <trkpt lat="47.62753" lon="-2.71635">
        <ele>2</ele>
      </trkpt>
      <trkpt lat="47.62765" lon="-2.71622">
        <ele>3</ele>
      </trkpt>
      <trkpt lat="47.62779" lon="-2.71606">
        <ele>3</ele>
      </trkpt>
      <trkpt lat="47.62792" lon="-2.7159">
        <ele>3</ele>
      </trkpt>
      <trkpt lat="47.62805" lon="-2.71571">
        <ele>3</ele>
      </trkpt>
      <trkpt lat="47.62818" lon="-2.71551">
        <ele>3</ele>
      </trkpt>
      <trkpt lat="47.62831" lon="-2.71532">
        <ele>3</ele>
      </trkpt>
      <trkpt lat="47.62844" lon="-2.71513">
        <ele>3</ele>
      </trkpt>
      <trkpt lat="47.62857" lon="-2.7154">
        <ele>3</ele>
      </trkpt>
      <trkpt lat="47.6287" lon="-2.71567">
        <ele>3</ele>
      </trkpt>
      <trkpt lat="47.62883" lon="-2.71594">
        <ele>4</ele>
      </trkpt>
      <trkpt lat="47.62896" lon="-2.71621">
        <ele>4</ele>
      </trkpt>
      <trkpt lat="47.62909" lon="-2.71648">
        <ele>4</ele>
      </trkpt>
      <trkpt lat="47.62922" lon="-2.71675">
        <ele>4</ele>
      </trkpt>
      <trkpt lat="47.62935" lon="-2.71702">
        <ele>4</ele>
      </trkpt>
      <trkpt lat="47.62948" lon="-2.71729">
        <ele>4</ele>
      </trkpt>
      <trkpt lat="47.62953" lon="-2.71759">
        <ele>5</ele>
      </trkpt>
      <trkpt lat="47.6296" lon="-2.71782">
        <ele>5</ele>
      </trkpt>
      <trkpt lat="47.62968" lon="-2.71806">
        <ele>6</ele>
      </trkpt>
      <trkpt lat="47.62983" lon="-2.71803">
        <ele>6</ele>
      </trkpt>
      <trkpt lat="47.62998" lon="-2.71792">
        <ele>6</ele>
      </trkpt>
      <trkpt lat="47.63018" lon="-2.71795">
        <ele>7</ele>
      </trkpt>
      <trkpt lat="47.63037" lon="-2.71799">
        <ele>8</ele>
      </trkpt>
      <trkpt lat="47.63057" lon="-2.71802">
        <ele>8</ele>
      </trkpt>
      <trkpt lat="47.63076" lon="-2.71806">
        <ele>8</ele>
      </trkpt>
      <trkpt lat="47.63094" lon="-2.71799">
        <ele>8</ele>
      </trkpt>
      <trkpt lat="47.63111" lon="-2.71792">
        <ele>8</ele>
      </trkpt>
      <trkpt lat="47.6312" lon="-2.71803">
        <ele>8</ele>
      </trkpt>
      <trkpt lat="47.63125" lon="-2.7183">
        <ele>8</ele>
      </trkpt>
      <trkpt lat="47.6313" lon="-2.71858">
        <ele>8</ele>
      </trkpt>
      <trkpt lat="47.63135" lon="-2.71864">
        <ele>8</ele>
      </trkpt>
      <trkpt lat="47.6315" lon="-2.71857">
        <ele>8</ele>
      </trkpt>
      <trkpt lat="47.63164" lon="-2.7185">
        <ele>8</ele>
      </trkpt>
      <trkpt lat="47.63178" lon="-2.71837">
        <ele>8</ele>
      </trkpt>
      <trkpt lat="47.63191" lon="-2.71805">
        <ele>7</ele>
      </trkpt>
      <trkpt lat="47.63199" lon="-2.71805">
        <ele>7</ele>
      </trkpt>
      <trkpt lat="47.63221" lon="-2.71814">
        <ele>7</ele>
      </trkpt>
      <trkpt lat="47.63223" lon="-2.71792">
        <ele>7</ele>
      </trkpt>
      <trkpt lat="47.63225" lon="-2.7177">
        <ele>6</ele>
      </trkpt>
      <trkpt lat="47.63232" lon="-2.71733">
        <ele>6</ele>
      </trkpt>
      <trkpt lat="47.63247" lon="-2.71718">
        <ele>6</ele>
      </trkpt>
      <trkpt lat="47.63266" lon="-2.71714">
        <ele>5</ele>
      </trkpt>
      <trkpt lat="47.63286" lon="-2.71711">
        <ele>5</ele>
      </trkpt>
      <trkpt lat="47.63305" lon="-2.71707">
        <ele>5</ele>
      </trkpt>
      <trkpt lat="47.63325" lon="-2.71703">
        <ele>4</ele>
      </trkpt>
      <trkpt lat="47.6334" lon="-2.71701">
        <ele>4</ele>
      </trkpt>
      <trkpt lat="47.63354" lon="-2.717">
        <ele>4</ele>
      </trkpt>
      <trkpt lat="47.63369" lon="-2.71695">
        <ele>3</ele>
      </trkpt>
      <trkpt lat="47.63379" lon="-2.71679">
        <ele>3</ele>
      </trkpt>
      <trkpt lat="47.63388" lon="-2.71663">
        <ele>3</ele>
      </trkpt>
      <trkpt lat="47.63399" lon="-2.71665">
        <ele>3</ele>
      </trkpt>
      <trkpt lat="47.63424" lon="-2.7168">
        <ele>4</ele>
      </trkpt>
      <trkpt lat="47.63449" lon="-2.71695">
        <ele>4</ele>
      </trkpt>
      <trkpt lat="47.63464" lon="-2.71701">
        <ele>4</ele>
      </trkpt>
      <trkpt lat="47.6348" lon="-2.71707">
        <ele>5</ele>
      </trkpt>
      <trkpt lat="47.63494" lon="-2.71711">
        <ele>5</ele>
      </trkpt>
      <trkpt lat="47.63508" lon="-2.71714">
        <ele>5</ele>
      </trkpt>
      <trkpt lat="47.6353" lon="-2.71714">
        <ele>6</ele>
      </trkpt>
      <trkpt lat="47.63547" lon="-2.7171">
        <ele>6</ele>
      </trkpt>
      <trkpt lat="47.63563" lon="-2.71706">
        <ele>6</ele>
      </trkpt>
      <trkpt lat="47.6358" lon="-2.71702">
        <ele>7</ele>
      </trkpt>
      <trkpt lat="47.63596" lon="-2.71698">
        <ele>7</ele>
      </trkpt>
      <trkpt lat="47.63613" lon="-2.71693">
        <ele>8</ele>
      </trkpt>
      <trkpt lat="47.6363" lon="-2.71689">
        <ele>8</ele>
      </trkpt>
      <trkpt lat="47.63646" lon="-2.71685">
        <ele>8</ele>
      </trkpt>
      <trkpt lat="47.63663" lon="-2.71681">
        <ele>9</ele>
      </trkpt>
      <trkpt lat="47.63674" lon="-2.71695">
        <ele>9</ele>
      </trkpt>
      <trkpt lat="47.63686" lon="-2.71693">
        <ele>9</ele>
      </trkpt>
      <trkpt lat="47.63712" lon="-2.71693">
        <ele>10</ele>
      </trkpt>
      <trkpt lat="47.63738" lon="-2.71692">
        <ele>10</ele>
      </trkpt>
      <trkpt lat="47.63765" lon="-2.71692">
        <ele>10</ele>
      </trkpt>
      <trkpt lat="47.63791" lon="-2.71692">
        <ele>10</ele>
      </trkpt>
      <trkpt lat="47.6381" lon="-2.71687">
        <ele>9</ele>
      </trkpt>
      <trkpt lat="47.63829" lon="-2.71681">
        <ele>9</ele>
      </trkpt>
      <trkpt lat="47.63848" lon="-2.71676">
        <ele>8</ele>
      </trkpt>
      <trkpt lat="47.63867" lon="-2.71671">
        <ele>8</ele>
      </trkpt>
      <trkpt lat="47.63876" lon="-2.71652">
        <ele>8</ele>
      </trkpt>
      <trkpt lat="47.63884" lon="-2.71633">
        <ele>8</ele>
      </trkpt>
      <trkpt lat="47.6389" lon="-2.71609">
        <ele>8</ele>
      </trkpt>
      <trkpt lat="47.63888" lon="-2.71573">
        <ele>8</ele>
      </trkpt>
      <trkpt lat="47.63884" lon="-2.71549">
        <ele>8</ele>
      </trkpt>
      <trkpt lat="47.6388" lon="-2.71525">
        <ele>8</ele>
      </trkpt>
      <trkpt lat="47.6387" lon="-2.71492">
        <ele>8</ele>
      </trkpt>
      <trkpt lat="47.63871" lon="-2.71478">
        <ele>8</ele>
      </trkpt>
      <trkpt lat="47.63891" lon="-2.71478">
        <ele>8</ele>
      </trkpt>
      <trkpt lat="47.63911" lon="-2.71477">
        <ele>8</ele>
      </trkpt>
      <trkpt lat="47.63925" lon="-2.7147">
        <ele>8</ele>
      </trkpt>
      <trkpt lat="47.63938" lon="-2.71462">
        <ele>9</ele>
      </trkpt>
      <trkpt lat="47.63952" lon="-2.71455">
        <ele>9</ele>
      </trkpt>
      <trkpt lat="47.63965" lon="-2.71448">
        <ele>10</ele>
      </trkpt>
      <trkpt lat="47.63979" lon="-2.7144">
        <ele>10</ele>
      </trkpt>
      <trkpt lat="47.63992" lon="-2.71433">
        <ele>11</ele>
      </trkpt>
      <trkpt lat="47.64006" lon="-2.71425">
        <ele>12</ele>
      </trkpt>
      <trkpt lat="47.64019" lon="-2.71418">
        <ele>12</ele>
      </trkpt>
      <trkpt lat="47.64034" lon="-2.71391">
        <ele>12</ele>
      </trkpt>
      <trkpt lat="47.64049" lon="-2.71364">
        <ele>12</ele>
      </trkpt>
      <trkpt lat="47.64068" lon="-2.71347">
        <ele>11</ele>
      </trkpt>
      <trkpt lat="47.64086" lon="-2.7133">
        <ele>11</ele>
      </trkpt>
      <trkpt lat="47.64099" lon="-2.71323">
        <ele>11</ele>
      </trkpt>
      <trkpt lat="47.64113" lon="-2.71316">
        <ele>11</ele>
      </trkpt>
      <trkpt lat="47.64126" lon="-2.71309">
        <ele>11</ele>
      </trkpt>
      <trkpt lat="47.64139" lon="-2.71302">
        <ele>11</ele>
      </trkpt>
      <trkpt lat="47.64152" lon="-2.7133">
        <ele>11</ele>
      </trkpt>
      <trkpt lat="47.64164" lon="-2.71364">
        <ele>11</ele>
      </trkpt>
      <trkpt lat="47.64176" lon="-2.71397">
        <ele>12</ele>
      </trkpt>
      <trkpt lat="47.64189" lon="-2.7143">
        <ele>12</ele>
      </trkpt>
      <trkpt lat="47.64201" lon="-2.71464">
        <ele>13</ele>
      </trkpt>
      <trkpt lat="47.6421" lon="-2.71494">
        <ele>13</ele>
      </trkpt>
      <trkpt lat="47.64219" lon="-2.71525">
        <ele>14</ele>
      </trkpt>
      <trkpt lat="47.64228" lon="-2.71555">
        <ele>15</ele>
      </trkpt>
      <trkpt lat="47.64237" lon="-2.71585">
        <ele>15</ele>
      </trkpt>
      <trkpt lat="47.64246" lon="-2.71615">
        <ele>16</ele>
      </trkpt>
      <trkpt lat="47.64255" lon="-2.71645">
        <ele>16</ele>
      </trkpt>
      <trkpt lat="47.64264" lon="-2.71676">
        <ele>16</ele>
      </trkpt>
      <trkpt lat="47.64273" lon="-2.71706">
        <ele>16</ele>
      </trkpt>
      <trkpt lat="47.64279" lon="-2.7173">
        <ele>16</ele>
      </trkpt>
      <trkpt lat="47.64285" lon="-2.71755">
        <ele>15</ele>
      </trkpt>
      <trkpt lat="47.6429" lon="-2.71779">
        <ele>13</ele>
      </trkpt>
      <trkpt lat="47.64296" lon="-2.71803">
        <ele>12</ele>
      </trkpt>
      <trkpt lat="47.64306" lon="-2.71827">
        <ele>11</ele>
      </trkpt>
      <trkpt lat="47.64315" lon="-2.7185">
        <ele>11</ele>
      </trkpt>
      <trkpt lat="47.64331" lon="-2.7188">
        <ele>11</ele>
      </trkpt>
      <trkpt lat="47.64347" lon="-2.7191">
        <ele>11</ele>
      </trkpt>
      <trkpt lat="47.64354" lon="-2.71928">
        <ele>11</ele>
      </trkpt>
      <trkpt lat="47.64361" lon="-2.71946">
        <ele>11</ele>
      </trkpt>
      <trkpt lat="47.64367" lon="-2.71964">
        <ele>12</ele>
      </trkpt>
      <trkpt lat="47.64374" lon="-2.71982">
        <ele>13</ele>
      </trkpt>
      <trkpt lat="47.64392" lon="-2.71976">
        <ele>13</ele>
      </trkpt>
      <trkpt lat="47.64411" lon="-2.7197">
        <ele>13</ele>
      </trkpt>
      <trkpt lat="47.64432" lon="-2.71958">
        <ele>13</ele>
      </trkpt>
      <trkpt lat="47.64454" lon="-2.71947">
        <ele>13</ele>
      </trkpt>
      <trkpt lat="47.64478" lon="-2.71947">
        <ele>13</ele>
      </trkpt>
      <trkpt lat="47.64495" lon="-2.71965">
        <ele>13</ele>
      </trkpt>
      <trkpt lat="47.64512" lon="-2.71983">
        <ele>14</ele>
      </trkpt>
      <trkpt lat="47.64529" lon="-2.72002">
        <ele>15</ele>
      </trkpt>
      <trkpt lat="47.64546" lon="-2.7202">
        <ele>16</ele>
      </trkpt>
      <trkpt lat="47.64557" lon="-2.72024">
        <ele>17</ele>
      </trkpt>
      <trkpt lat="47.64579" lon="-2.72018">
        <ele>17</ele>
      </trkpt>
      <trkpt lat="47.646" lon="-2.72011">
        <ele>18</ele>
      </trkpt>
      <trkpt lat="47.64625" lon="-2.72008">
        <ele>18</ele>
      </trkpt>
      <trkpt lat="47.64642" lon="-2.71995">
        <ele>19</ele>
      </trkpt>
      <trkpt lat="47.64659" lon="-2.71981">
        <ele>19</ele>
      </trkpt>
      <trkpt lat="47.64677" lon="-2.71969">
        <ele>19</ele>
      </trkpt>
      <trkpt lat="47.64695" lon="-2.71956">
        <ele>19</ele>
      </trkpt>
      <trkpt lat="47.64713" lon="-2.71943">
        <ele>19</ele>
      </trkpt>
      <trkpt lat="47.64731" lon="-2.71931">
        <ele>19</ele>
      </trkpt>
      <trkpt lat="47.64739" lon="-2.71932">
        <ele>19</ele>
      </trkpt>
      <trkpt lat="47.6473" lon="-2.71947">
        <ele>19</ele>
      </trkpt>
      <trkpt lat="47.64733" lon="-2.71968">
        <ele>19</ele>
      </trkpt>
      <trkpt lat="47.64737" lon="-2.71988">
        <ele>19</ele>
      </trkpt>
      <trkpt lat="47.6474" lon="-2.72009">
        <ele>19</ele>
      </trkpt>
      <trkpt lat="47.64744" lon="-2.7203">
        <ele>19</ele>
      </trkpt>
      <trkpt lat="47.64747" lon="-2.72051">
        <ele>19</ele>
      </trkpt>
      <trkpt lat="47.6475" lon="-2.72072">
        <ele>18</ele>
      </trkpt>
      <trkpt lat="47.64754" lon="-2.72092">
        <ele>18</ele>
      </trkpt>
      <trkpt lat="47.64757" lon="-2.72113">
        <ele>18</ele>
      </trkpt>
      <trkpt lat="47.64743" lon="-2.72126">
        <ele>17</ele>
      </trkpt>
      <trkpt lat="47.64742" lon="-2.72147">
        <ele>17</ele>
      </trkpt>
      <trkpt lat="47.64741" lon="-2.72168">
        <ele>17</ele>
      </trkpt>
      <trkpt lat="47.64752" lon="-2.72169">
        <ele>17</ele>
      </trkpt>
      <trkpt lat="47.64765" lon="-2.72145">
        <ele>17</ele>
      </trkpt>
      <trkpt lat="47.64764" lon="-2.72121">
        <ele>17</ele>
      </trkpt>
      <trkpt lat="47.6476" lon="-2.721">
        <ele>18</ele>
      </trkpt>
      <trkpt lat="47.64756" lon="-2.72078">
        <ele>18</ele>
      </trkpt>
      <trkpt lat="47.64752" lon="-2.72057">
        <ele>18</ele>
      </trkpt>
      <trkpt lat="47.64749" lon="-2.72036">
        <ele>19</ele>
      </trkpt>
      <trkpt lat="47.64745" lon="-2.72014">
        <ele>19</ele>
      </trkpt>
      <trkpt lat="47.64741" lon="-2.71993">
        <ele>19</ele>
      </trkpt>
      <trkpt lat="47.64737" lon="-2.71971">
        <ele>19</ele>
      </trkpt>
      <trkpt lat="47.64733" lon="-2.7195">
        <ele>19</ele>
      </trkpt>
      <trkpt lat="47.64736" lon="-2.71941">
        <ele>19</ele>
      </trkpt>
      <trkpt lat="47.64747" lon="-2.71925">
        <ele>18</ele>
      </trkpt>
      <trkpt lat="47.64752" lon="-2.71912">
        <ele>18</ele>
      </trkpt>
      <trkpt lat="47.64774" lon="-2.71895">
        <ele>18</ele>
      </trkpt>
      <trkpt lat="47.64795" lon="-2.71877">
        <ele>18</ele>
      </trkpt>
      <trkpt lat="47.64817" lon="-2.7186">
        <ele>19</ele>
      </trkpt>
      <trkpt lat="47.64839" lon="-2.71842">
        <ele>20</ele>
      </trkpt>
      <trkpt lat="47.64847" lon="-2.71838">
        <ele>20</ele>
      </trkpt>
      <trkpt lat="47.64857" lon="-2.71816">
        <ele>20</ele>
      </trkpt>
      <trkpt lat="47.64871" lon="-2.71802">
        <ele>20</ele>
      </trkpt>
      <trkpt lat="47.64873" lon="-2.71769">
        <ele>20</ele>
      </trkpt>
      <trkpt lat="47.64875" lon="-2.71735">
        <ele>20</ele>
      </trkpt>
      <trkpt lat="47.64877" lon="-2.71701">
        <ele>19</ele>
      </trkpt>
      <trkpt lat="47.64879" lon="-2.71668">
        <ele>19</ele>
      </trkpt>
      <trkpt lat="47.64899" lon="-2.71651">
        <ele>18</ele>
      </trkpt>
      <trkpt lat="47.64919" lon="-2.71639">
        <ele>18</ele>
      </trkpt>
      <trkpt lat="47.6494" lon="-2.71628">
        <ele>18</ele>
      </trkpt>
      <trkpt lat="47.64955" lon="-2.71617">
        <ele>18</ele>
      </trkpt>
      <trkpt lat="47.64952" lon="-2.71593">
        <ele>18</ele>
      </trkpt>
      <trkpt lat="47.64949" lon="-2.71568">
        <ele>18</ele>
      </trkpt>
      <trkpt lat="47.64946" lon="-2.71544">
        <ele>18</ele>
      </trkpt>
      <trkpt lat="47.64943" lon="-2.7152">
        <ele>17</ele>
      </trkpt>
      <trkpt lat="47.64941" lon="-2.71495">
        <ele>16</ele>
      </trkpt>
      <trkpt lat="47.64938" lon="-2.71471">
        <ele>15</ele>
      </trkpt>
      <trkpt lat="47.64935" lon="-2.71446">
        <ele>15</ele>
      </trkpt>
      <trkpt lat="47.64932" lon="-2.71422">
        <ele>14</ele>
      </trkpt>
      <trkpt lat="47.6493" lon="-2.71398">
        <ele>13</ele>
      </trkpt>
      <trkpt lat="47.64928" lon="-2.71373">
        <ele>12</ele>
      </trkpt>
      <trkpt lat="47.64926" lon="-2.71348">
        <ele>12</ele>
      </trkpt>
      <trkpt lat="47.64924" lon="-2.71324">
        <ele>11</ele>
      </trkpt>
      <trkpt lat="47.64923" lon="-2.71299">
        <ele>10</ele>
      </trkpt>
      <trkpt lat="47.64923" lon="-2.71274">
        <ele>9</ele>
      </trkpt>
      <trkpt lat="47.64922" lon="-2.7125">
        <ele>8</ele>
      </trkpt>
      <trkpt lat="47.64921" lon="-2.71225">
        <ele>8</ele>
      </trkpt>
      <trkpt lat="47.64921" lon="-2.712">
        <ele>7</ele>
      </trkpt>
      <trkpt lat="47.6492" lon="-2.71176">
        <ele>5</ele>
      </trkpt>
      <trkpt lat="47.6492" lon="-2.71151">
        <ele>5</ele>
      </trkpt>
      <trkpt lat="47.64919" lon="-2.71126">
        <ele>5</ele>
      </trkpt>
      <trkpt lat="47.64915" lon="-2.71098">
        <ele>5</ele>
      </trkpt>
      <trkpt lat="47.6491" lon="-2.7107">
        <ele>5</ele>
      </trkpt>
      <trkpt lat="47.64906" lon="-2.71043">
        <ele>5</ele>
      </trkpt>
      <trkpt lat="47.64902" lon="-2.71015">
        <ele>5</ele>
      </trkpt>
      <trkpt lat="47.64884" lon="-2.71026">
        <ele>5</ele>
      </trkpt>
      <trkpt lat="47.64866" lon="-2.71036">
        <ele>5</ele>
      </trkpt>
      <trkpt lat="47.64848" lon="-2.71047">
        <ele>5</ele>
      </trkpt>
      <trkpt lat="47.6483" lon="-2.71057">
        <ele>5</ele>
      </trkpt>
      <trkpt lat="47.64816" lon="-2.71067">
        <ele>5</ele>
      </trkpt>
      <trkpt lat="47.64803" lon="-2.71076">
        <ele>5</ele>
      </trkpt>
      <trkpt lat="47.64781" lon="-2.71075">
        <ele>5</ele>
      </trkpt>
      <trkpt lat="47.6476" lon="-2.71075">
        <ele>5</ele>
      </trkpt>
      <trkpt lat="47.64742" lon="-2.7107">
        <ele>5</ele>
      </trkpt>
      <trkpt lat="47.64725" lon="-2.71066">
        <ele>5</ele>
      </trkpt>
      <trkpt lat="47.64706" lon="-2.71052">
        <ele>5</ele>
      </trkpt>
      <trkpt lat="47.64687" lon="-2.71039">
        <ele>5</ele>
      </trkpt>
      <trkpt lat="47.64669" lon="-2.71014">
        <ele>5</ele>
      </trkpt>
      <trkpt lat="47.6465" lon="-2.70988">
        <ele>4</ele>
      </trkpt>
      <trkpt lat="47.64638" lon="-2.7097">
        <ele>4</ele>
      </trkpt>
      <trkpt lat="47.64625" lon="-2.70951">
        <ele>4</ele>
      </trkpt>
      <trkpt lat="47.64613" lon="-2.70933">
        <ele>4</ele>
      </trkpt>
      <trkpt lat="47.646" lon="-2.70915">
        <ele>4</ele>
      </trkpt>
      <trkpt lat="47.64588" lon="-2.70896">
        <ele>4</ele>
      </trkpt>
      <trkpt lat="47.64575" lon="-2.70878">
        <ele>4</ele>
      </trkpt>
      <trkpt lat="47.64563" lon="-2.7086">
        <ele>4</ele>
      </trkpt>
      <trkpt lat="47.6455" lon="-2.70842">
        <ele>4</ele>
      </trkpt>
      <trkpt lat="47.64538" lon="-2.70823">
        <ele>4</ele>
      </trkpt>
      <trkpt lat="47.64526" lon="-2.70805">
        <ele>4</ele>
      </trkpt>
      <trkpt lat="47.64513" lon="-2.70787">
        <ele>4</ele>
      </trkpt>
      <trkpt lat="47.64501" lon="-2.70768">
        <ele>4</ele>
      </trkpt>
      <trkpt lat="47.64488" lon="-2.7075">
        <ele>4</ele>
      </trkpt>
      <trkpt lat="47.64476" lon="-2.70732">
        <ele>4</ele>
      </trkpt>
      <trkpt lat="47.64463" lon="-2.70713">
        <ele>4</ele>
      </trkpt>
      <trkpt lat="47.64451" lon="-2.70695">
        <ele>4</ele>
      </trkpt>
      <trkpt lat="47.64436" lon="-2.70674">
        <ele>4</ele>
      </trkpt>
      <trkpt lat="47.64421" lon="-2.70654">
        <ele>4</ele>
      </trkpt>
      <trkpt lat="47.64406" lon="-2.70633">
        <ele>4</ele>
      </trkpt>
      <trkpt lat="47.64391" lon="-2.70612">
        <ele>4</ele>
      </trkpt>
      <trkpt lat="47.64377" lon="-2.70591">
        <ele>4</ele>
      </trkpt>
      <trkpt lat="47.64362" lon="-2.70571">
        <ele>4</ele>
      </trkpt>
      <trkpt lat="47.64347" lon="-2.7055">
        <ele>4</ele>
      </trkpt>
      <trkpt lat="47.64332" lon="-2.70529">
        <ele>4</ele>
      </trkpt>
      <trkpt lat="47.64315" lon="-2.70502">
        <ele>4</ele>
      </trkpt>
      <trkpt lat="47.64297" lon="-2.70475">
        <ele>4</ele>
      </trkpt>
      <trkpt lat="47.6428" lon="-2.70448">
        <ele>4</ele>
      </trkpt>
      <trkpt lat="47.64262" lon="-2.70421">
        <ele>5</ele>
      </trkpt>
      <trkpt lat="47.64244" lon="-2.70395">
        <ele>6</ele>
      </trkpt>
      <trkpt lat="47.64226" lon="-2.70369">
        <ele>6</ele>
      </trkpt>
      <trkpt lat="47.64208" lon="-2.70344">
        <ele>6</ele>
      </trkpt>
      <trkpt lat="47.6419" lon="-2.70318">
        <ele>6</ele>
      </trkpt>
      <trkpt lat="47.64171" lon="-2.70292">
        <ele>6</ele>
      </trkpt>
      <trkpt lat="47.64153" lon="-2.70266">
        <ele>5</ele>
      </trkpt>
      <trkpt lat="47.64135" lon="-2.70241">
        <ele>5</ele>
      </trkpt>
      <trkpt lat="47.64117" lon="-2.70215">
        <ele>5</ele>
      </trkpt>
      <trkpt lat="47.641" lon="-2.70189">
        <ele>5</ele>
      </trkpt>
      <trkpt lat="47.64084" lon="-2.70163">
        <ele>5</ele>
      </trkpt>
      <trkpt lat="47.64068" lon="-2.70141">
        <ele>5</ele>
      </trkpt>
      <trkpt lat="47.64051" lon="-2.70118">
        <ele>5</ele>
      </trkpt>
      <trkpt lat="47.64035" lon="-2.70095">
        <ele>5</ele>
      </trkpt>
      <trkpt lat="47.64019" lon="-2.70073">
        <ele>6</ele>
      </trkpt>
      <trkpt lat="47.64006" lon="-2.70052">
        <ele>6</ele>
      </trkpt>
      <trkpt lat="47.63992" lon="-2.70031">
        <ele>7</ele>
      </trkpt>
      <trkpt lat="47.63979" lon="-2.70009">
        <ele>7</ele>
      </trkpt>
      <trkpt lat="47.63965" lon="-2.69988">
        <ele>7</ele>
      </trkpt>
      <trkpt lat="47.63954" lon="-2.69964">
        <ele>7</ele>
      </trkpt>
      <trkpt lat="47.63943" lon="-2.6994">
        <ele>6</ele>
      </trkpt>
      <trkpt lat="47.63935" lon="-2.69915">
        <ele>6</ele>
      </trkpt>
      <trkpt lat="47.63928" lon="-2.6989">
        <ele>5</ele>
      </trkpt>
      <trkpt lat="47.63922" lon="-2.69864">
        <ele>5</ele>
      </trkpt>
      <trkpt lat="47.63916" lon="-2.69839">
        <ele>5</ele>
      </trkpt>
      <trkpt lat="47.63913" lon="-2.6981">
        <ele>5</ele>
      </trkpt>
      <trkpt lat="47.63911" lon="-2.69782">
        <ele>5</ele>
      </trkpt>
      <trkpt lat="47.63911" lon="-2.69752">
        <ele>5</ele>
      </trkpt>
      <trkpt lat="47.63911" lon="-2.69723">
        <ele>5</ele>
      </trkpt>
      <trkpt lat="47.63914" lon="-2.69686">
        <ele>5</ele>
      </trkpt>
      <trkpt lat="47.63917" lon="-2.6965">
        <ele>5</ele>
      </trkpt>
      <trkpt lat="47.6392" lon="-2.69623">
        <ele>5</ele>
      </trkpt>
      <trkpt lat="47.63922" lon="-2.69597">
        <ele>5</ele>
      </trkpt>
      <trkpt lat="47.63925" lon="-2.6957">
        <ele>5</ele>
      </trkpt>
      <trkpt lat="47.63927" lon="-2.69543">
        <ele>5</ele>
      </trkpt>
      <trkpt lat="47.6393" lon="-2.6952">
        <ele>5</ele>
      </trkpt>
      <trkpt lat="47.63932" lon="-2.69497">
        <ele>5</ele>
      </trkpt>
      <trkpt lat="47.63935" lon="-2.69474">
        <ele>5</ele>
      </trkpt>
      <trkpt lat="47.63938" lon="-2.69451">
        <ele>5</ele>
      </trkpt>
      <trkpt lat="47.63941" lon="-2.69429">
        <ele>5</ele>
      </trkpt>
      <trkpt lat="47.63944" lon="-2.69406">
        <ele>5</ele>
      </trkpt>
      <trkpt lat="47.63946" lon="-2.69383">
        <ele>5</ele>
      </trkpt>
      <trkpt lat="47.63949" lon="-2.6936">
        <ele>5</ele>
      </trkpt>
      <trkpt lat="47.6395" lon="-2.69325">
        <ele>4</ele>
      </trkpt>
      <trkpt lat="47.63951" lon="-2.6929">
        <ele>4</ele>
      </trkpt>
      <trkpt lat="47.63947" lon="-2.69257">
        <ele>4</ele>
      </trkpt>
      <trkpt lat="47.63943" lon="-2.69223">
        <ele>4</ele>
      </trkpt>
      <trkpt lat="47.63934" lon="-2.6919">
        <ele>4</ele>
      </trkpt>
      <trkpt lat="47.63924" lon="-2.69157">
        <ele>4</ele>
      </trkpt>
      <trkpt lat="47.63911" lon="-2.69132">
        <ele>4</ele>
      </trkpt>
      <trkpt lat="47.63897" lon="-2.69108">
        <ele>4</ele>
      </trkpt>
      <trkpt lat="47.63885" lon="-2.69096">
        <ele>4</ele>
      </trkpt>
      <trkpt lat="47.63873" lon="-2.69085">
        <ele>4</ele>
      </trkpt>
      <trkpt lat="47.63861" lon="-2.69073">
        <ele>4</ele>
      </trkpt>
      <trkpt lat="47.63849" lon="-2.69062">
        <ele>4</ele>
      </trkpt>
      <trkpt lat="47.63836" lon="-2.6905">
        <ele>4</ele>
      </trkpt>
      <trkpt lat="47.63824" lon="-2.69038">
        <ele>4</ele>
      </trkpt>
      <trkpt lat="47.63812" lon="-2.69027">
        <ele>4</ele>
      </trkpt>
      <trkpt lat="47.638" lon="-2.69015">
        <ele>3</ele>
      </trkpt>
      <trkpt lat="47.63783" lon="-2.68997">
        <ele>3</ele>
      </trkpt>
      <trkpt lat="47.63767" lon="-2.68979">
        <ele>3</ele>
      </trkpt>
      <trkpt lat="47.63752" lon="-2.68961">
        <ele>3</ele>
      </trkpt>
      <trkpt lat="47.63738" lon="-2.68942">
        <ele>4</ele>
      </trkpt>
      <trkpt lat="47.63725" lon="-2.68922">
        <ele>4</ele>
      </trkpt>
      <trkpt lat="47.63713" lon="-2.68902">
        <ele>4</ele>
      </trkpt>
      <trkpt lat="47.63701" lon="-2.68883">
        <ele>4</ele>
      </trkpt>
      <trkpt lat="47.63688" lon="-2.68863">
        <ele>4</ele>
      </trkpt>
      <trkpt lat="47.63677" lon="-2.68842">
        <ele>5</ele>
      </trkpt>
      <trkpt lat="47.63665" lon="-2.68822">
        <ele>5</ele>
      </trkpt>
      <trkpt lat="47.63654" lon="-2.68802">
        <ele>6</ele>
      </trkpt>
      <trkpt lat="47.63643" lon="-2.68781">
        <ele>6</ele>
      </trkpt>
      <trkpt lat="47.63631" lon="-2.68749">
        <ele>7</ele>
      </trkpt>
      <trkpt lat="47.63618" lon="-2.68716">
        <ele>7</ele>
      </trkpt>
      <trkpt lat="47.63606" lon="-2.68684">
        <ele>7</ele>
      </trkpt>
      <trkpt lat="47.63594" lon="-2.68652">
        <ele>7</ele>
      </trkpt>
      <trkpt lat="47.63585" lon="-2.68619">
        <ele>7</ele>
      </trkpt>
      <trkpt lat="47.63576" lon="-2.68586">
        <ele>7</ele>
      </trkpt>
      <trkpt lat="47.63568" lon="-2.68553">
        <ele>7</ele>
      </trkpt>
      <trkpt lat="47.63559" lon="-2.6852">
        <ele>8</ele>
      </trkpt>
      <trkpt lat="47.63555" lon="-2.68498">
        <ele>8</ele>
      </trkpt>
      <trkpt lat="47.63551" lon="-2.68475">
        <ele>8</ele>
      </trkpt>
      <trkpt lat="47.63546" lon="-2.68438">
        <ele>8</ele>
      </trkpt>
      <trkpt lat="47.63541" lon="-2.684">
        <ele>8</ele>
      </trkpt>
      <trkpt lat="47.63537" lon="-2.68363">
        <ele>8</ele>
      </trkpt>
      <trkpt lat="47.63532" lon="-2.68325">
        <ele>8</ele>
      </trkpt>
      <trkpt lat="47.63546" lon="-2.68315">
        <ele>8</ele>
      </trkpt>
      <trkpt lat="47.63568" lon="-2.68311">
        <ele>7</ele>
      </trkpt>
      <trkpt lat="47.63585" lon="-2.68313">
        <ele>7</ele>
      </trkpt>
      <trkpt lat="47.63598" lon="-2.68321">
        <ele>6</ele>
      </trkpt>
      <trkpt lat="47.6361" lon="-2.68329">
        <ele>6</ele>
      </trkpt>
      <trkpt lat="47.63618" lon="-2.68326">
        <ele>6</ele>
      </trkpt>
      <trkpt lat="47.63629" lon="-2.6833">
        <ele>6</ele>
      </trkpt>
      <trkpt lat="47.63636" lon="-2.68328">
        <ele>6</ele>
      </trkpt>
      <trkpt lat="47.63636" lon="-2.68302">
        <ele>6</ele>
      </trkpt>
      <trkpt lat="47.63637" lon="-2.68276">
        <ele>6</ele>
      </trkpt>
      <trkpt lat="47.63638" lon="-2.6825">
        <ele>7</ele>
      </trkpt>
      <trkpt lat="47.63638" lon="-2.68224">
        <ele>7</ele>
      </trkpt>
      <trkpt lat="47.63621" lon="-2.68229">
        <ele>7</ele>
      </trkpt>
      <trkpt lat="47.63605" lon="-2.68233">
        <ele>7</ele>
      </trkpt>
      <trkpt lat="47.63593" lon="-2.68241">
        <ele>7</ele>
      </trkpt>
      <trkpt lat="47.6358" lon="-2.68249">
        <ele>7</ele>
      </trkpt>
      <trkpt lat="47.63563" lon="-2.68246">
        <ele>8</ele>
      </trkpt>
      <trkpt lat="47.63542" lon="-2.68248">
        <ele>8</ele>
      </trkpt>
      <trkpt lat="47.63522" lon="-2.6825">
        <ele>9</ele>
      </trkpt>
      <trkpt lat="47.63516" lon="-2.68243">
        <ele>9</ele>
      </trkpt>
      <trkpt lat="47.63513" lon="-2.68225">
        <ele>9</ele>
      </trkpt>
      <trkpt lat="47.63499" lon="-2.68232">
        <ele>10</ele>
      </trkpt>
      <trkpt lat="47.63485" lon="-2.68239">
        <ele>10</ele>
      </trkpt>
      <trkpt lat="47.63471" lon="-2.68241">
        <ele>11</ele>
      </trkpt>
      <trkpt lat="47.63457" lon="-2.68242">
        <ele>11</ele>
      </trkpt>
      <trkpt lat="47.63442" lon="-2.6824">
        <ele>11</ele>
      </trkpt>
      <trkpt lat="47.63427" lon="-2.68237">
        <ele>12</ele>
      </trkpt>
      <trkpt lat="47.63408" lon="-2.68238">
        <ele>12</ele>
      </trkpt>
      <trkpt lat="47.63389" lon="-2.6824">
        <ele>12</ele>
      </trkpt>
      <trkpt lat="47.6337" lon="-2.68241">
        <ele>12</ele>
      </trkpt>
      <trkpt lat="47.63351" lon="-2.68242">
        <ele>12</ele>
      </trkpt>
      <trkpt lat="47.63334" lon="-2.68246">
        <ele>12</ele>
      </trkpt>
      <trkpt lat="47.63317" lon="-2.68249">
        <ele>12</ele>
      </trkpt>
      <trkpt lat="47.63299" lon="-2.68261">
        <ele>11</ele>
      </trkpt>
      <trkpt lat="47.63281" lon="-2.68273">
        <ele>11</ele>
      </trkpt>
      <trkpt lat="47.63261" lon="-2.68284">
        <ele>10</ele>
      </trkpt>
      <trkpt lat="47.63241" lon="-2.68295">
        <ele>10</ele>
      </trkpt>
      <trkpt lat="47.63227" lon="-2.683">
        <ele>10</ele>
      </trkpt>
      <trkpt lat="47.63216" lon="-2.68289">
        <ele>10</ele>
      </trkpt>
      <trkpt lat="47.63212" lon="-2.68265">
        <ele>10</ele>
      </trkpt>
      <trkpt lat="47.63207" lon="-2.6824">
        <ele>11</ele>
      </trkpt>
      <trkpt lat="47.63203" lon="-2.68216">
        <ele>11</ele>
      </trkpt>
      <trkpt lat="47.63199" lon="-2.68192">
        <ele>12</ele>
      </trkpt>
      <trkpt lat="47.63194" lon="-2.68167">
        <ele>13</ele>
      </trkpt>
      <trkpt lat="47.6319" lon="-2.68143">
        <ele>13</ele>
      </trkpt>
      <trkpt lat="47.63185" lon="-2.68118">
        <ele>14</ele>
      </trkpt>
      <trkpt lat="47.63181" lon="-2.68094">
        <ele>15</ele>
      </trkpt>
      <trkpt lat="47.63177" lon="-2.6807">
        <ele>16</ele>
      </trkpt>
      <trkpt lat="47.63172" lon="-2.68045">
        <ele>16</ele>
      </trkpt>
      <trkpt lat="47.63168" lon="-2.68021">
        <ele>17</ele>
      </trkpt>
      <trkpt lat="47.63164" lon="-2.67997">
        <ele>18</ele>
      </trkpt>
      <trkpt lat="47.63159" lon="-2.67972">
        <ele>18</ele>
      </trkpt>
      <trkpt lat="47.63155" lon="-2.67948">
        <ele>18</ele>
      </trkpt>
      <trkpt lat="47.6315" lon="-2.67923">
        <ele>18</ele>
      </trkpt>
      <trkpt lat="47.63146" lon="-2.67899">
        <ele>18</ele>
      </trkpt>
      <trkpt lat="47.63142" lon="-2.6788">
        <ele>18</ele>
      </trkpt>
      <trkpt lat="47.63138" lon="-2.67861">
        <ele>18</ele>
      </trkpt>
      <trkpt lat="47.63134" lon="-2.67841">
        <ele>18</ele>
      </trkpt>
      <trkpt lat="47.6313" lon="-2.67822">
        <ele>17</ele>
      </trkpt>
      <trkpt lat="47.63127" lon="-2.67803">
        <ele>17</ele>
      </trkpt>
      <trkpt lat="47.63123" lon="-2.67783">
        <ele>16</ele>
      </trkpt>
      <trkpt lat="47.63119" lon="-2.67764">
        <ele>16</ele>
      </trkpt>
      <trkpt lat="47.63115" lon="-2.67745">
        <ele>16</ele>
      </trkpt>
      <trkpt lat="47.63112" lon="-2.67722">
        <ele>16</ele>
      </trkpt>
      <trkpt lat="47.63109" lon="-2.67699">
        <ele>16</ele>
      </trkpt>
      <trkpt lat="47.63088" lon="-2.67714">
        <ele>15</ele>
      </trkpt>
      <trkpt lat="47.63067" lon="-2.67729">
        <ele>14</ele>
      </trkpt>
      <trkpt lat="47.63045" lon="-2.67745">
        <ele>14</ele>
      </trkpt>
      <trkpt lat="47.63024" lon="-2.6776">
        <ele>13</ele>
      </trkpt>
      <trkpt lat="47.63003" lon="-2.67775">
        <ele>13</ele>
      </trkpt>
      <trkpt lat="47.62982" lon="-2.6779">
        <ele>13</ele>
      </trkpt>
      <trkpt lat="47.6296" lon="-2.67806">
        <ele>12</ele>
      </trkpt>
      <trkpt lat="47.62939" lon="-2.67821">
        <ele>12</ele>
      </trkpt>
      <trkpt lat="47.62927" lon="-2.67829">
        <ele>12</ele>
      </trkpt>
      <trkpt lat="47.62914" lon="-2.67837">
        <ele>12</ele>
      </trkpt>
      <trkpt lat="47.62902" lon="-2.67846">
        <ele>12</ele>
      </trkpt>
      <trkpt lat="47.62889" lon="-2.67854">
        <ele>12</ele>
      </trkpt>
      <trkpt lat="47.62877" lon="-2.67862">
        <ele>12</ele>
      </trkpt>
      <trkpt lat="47.62865" lon="-2.6787">
        <ele>11</ele>
      </trkpt>
      <trkpt lat="47.62852" lon="-2.67879">
        <ele>11</ele>
      </trkpt>
      <trkpt lat="47.6284" lon="-2.67887">
        <ele>11</ele>
      </trkpt>
      <trkpt lat="47.62839" lon="-2.67905">
        <ele>11</ele>
      </trkpt>
      <trkpt lat="47.6282" lon="-2.67922">
        <ele>10</ele>
      </trkpt>
      <trkpt lat="47.62802" lon="-2.67938">
        <ele>10</ele>
      </trkpt>
      <trkpt lat="47.62783" lon="-2.67955">
        <ele>10</ele>
      </trkpt>
      <trkpt lat="47.62765" lon="-2.67971">
        <ele>10</ele>
      </trkpt>
      <trkpt lat="47.62746" lon="-2.67988">
        <ele>9</ele>
      </trkpt>
      <trkpt lat="47.62728" lon="-2.68004">
        <ele>9</ele>
      </trkpt>
      <trkpt lat="47.62709" lon="-2.68021">
        <ele>8</ele>
      </trkpt>
      <trkpt lat="47.62691" lon="-2.68038">
        <ele>8</ele>
      </trkpt>
      <trkpt lat="47.62672" lon="-2.68054">
        <ele>7</ele>
      </trkpt>
      <trkpt lat="47.62653" lon="-2.68071">
        <ele>6</ele>
      </trkpt>
      <trkpt lat="47.62635" lon="-2.68087">
        <ele>6</ele>
      </trkpt>
      <trkpt lat="47.62616" lon="-2.68104">
        <ele>6</ele>
      </trkpt>
      <trkpt lat="47.62598" lon="-2.6812">
        <ele>6</ele>
      </trkpt>
      <trkpt lat="47.62579" lon="-2.68137">
        <ele>6</ele>
      </trkpt>
      <trkpt lat="47.62561" lon="-2.68153">
        <ele>7</ele>
      </trkpt>
      <trkpt lat="47.62542" lon="-2.6817">
        <ele>8</ele>
      </trkpt>
      <trkpt lat="47.62529" lon="-2.6815">
        <ele>8</ele>
      </trkpt>
      <trkpt lat="47.62514" lon="-2.68137">
        <ele>8</ele>
      </trkpt>
      <trkpt lat="47.62499" lon="-2.68124">
        <ele>8</ele>
      </trkpt>
      <trkpt lat="47.62476" lon="-2.68112">
        <ele>8</ele>
      </trkpt>
      <trkpt lat="47.62453" lon="-2.68099">
        <ele>8</ele>
      </trkpt>
      <trkpt lat="47.62431" lon="-2.68086">
        <ele>9</ele>
      </trkpt>
      <trkpt lat="47.62408" lon="-2.68074">
        <ele>9</ele>
      </trkpt>
      <trkpt lat="47.62392" lon="-2.68071">
        <ele>9</ele>
      </trkpt>
      <trkpt lat="47.62376" lon="-2.68067">
        <ele>9</ele>
      </trkpt>
      <trkpt lat="47.62353" lon="-2.68085">
        <ele>10</ele>
      </trkpt>
      <trkpt lat="47.62341" lon="-2.68098">
        <ele>11</ele>
      </trkpt>
      <trkpt lat="47.6233" lon="-2.68111">
        <ele>11</ele>
      </trkpt>
      <trkpt lat="47.62318" lon="-2.68124">
        <ele>12</ele>
      </trkpt>
      <trkpt lat="47.62307" lon="-2.68136">
        <ele>13</ele>
      </trkpt>
      <trkpt lat="47.62295" lon="-2.68149">
        <ele>14</ele>
      </trkpt>
      <trkpt lat="47.62283" lon="-2.68162">
        <ele>15</ele>
      </trkpt>
      <trkpt lat="47.62272" lon="-2.68175">
        <ele>15</ele>
      </trkpt>
      <trkpt lat="47.6226" lon="-2.68188">
        <ele>15</ele>
      </trkpt>
      <trkpt lat="47.62248" lon="-2.68201">
        <ele>15</ele>
      </trkpt>
      <trkpt lat="47.62237" lon="-2.68214">
        <ele>14</ele>
      </trkpt>
      <trkpt lat="47.62225" lon="-2.68227">
        <ele>14</ele>
      </trkpt>
      <trkpt lat="47.62214" lon="-2.6824">
        <ele>14</ele>
      </trkpt>
      <trkpt lat="47.62202" lon="-2.68252">
        <ele>14</ele>
      </trkpt>
      <trkpt lat="47.6219" lon="-2.68265">
        <ele>13</ele>
      </trkpt>
      <trkpt lat="47.62179" lon="-2.68278">
        <ele>13</ele>
      </trkpt>
      <trkpt lat="47.62167" lon="-2.68291">
        <ele>13</ele>
      </trkpt>
      <trkpt lat="47.62154" lon="-2.68308">
        <ele>11</ele>
      </trkpt>
      <trkpt lat="47.62142" lon="-2.68324">
        <ele>11</ele>
      </trkpt>
      <trkpt lat="47.62127" lon="-2.68342">
        <ele>10</ele>
      </trkpt>
      <trkpt lat="47.62111" lon="-2.68359">
        <ele>9</ele>
      </trkpt>
      <trkpt lat="47.62096" lon="-2.68376">
        <ele>8</ele>
      </trkpt>
      <trkpt lat="47.6208" lon="-2.68394">
        <ele>8</ele>
      </trkpt>
      <trkpt lat="47.62065" lon="-2.68411">
        <ele>7</ele>
      </trkpt>
      <trkpt lat="47.62049" lon="-2.68429">
        <ele>7</ele>
      </trkpt>
      <trkpt lat="47.62033" lon="-2.68446">
        <ele>7</ele>
      </trkpt>
      <trkpt lat="47.62018" lon="-2.68464">
        <ele>7</ele>
      </trkpt>
      <trkpt lat="47.62003" lon="-2.68456">
        <ele>7</ele>
      </trkpt>
      <trkpt lat="47.61988" lon="-2.68447">
        <ele>7</ele>
      </trkpt>
      <trkpt lat="47.61973" lon="-2.68439">
        <ele>6</ele>
      </trkpt>
      <trkpt lat="47.61959" lon="-2.68431">
        <ele>6</ele>
      </trkpt>
      <trkpt lat="47.61944" lon="-2.68423">
        <ele>6</ele>
      </trkpt>
      <trkpt lat="47.61929" lon="-2.68415">
        <ele>6</ele>
      </trkpt>
      <trkpt lat="47.61914" lon="-2.68406">
        <ele>6</ele>
      </trkpt>
      <trkpt lat="47.61899" lon="-2.68398">
        <ele>5</ele>
      </trkpt>
      <trkpt lat="47.61883" lon="-2.68393">
        <ele>5</ele>
      </trkpt>
      <trkpt lat="47.61868" lon="-2.68387">
        <ele>5</ele>
      </trkpt>
      <trkpt lat="47.6185" lon="-2.68386">
        <ele>5</ele>
      </trkpt>
      <trkpt lat="47.61832" lon="-2.68384">
        <ele>5</ele>
      </trkpt>
      <trkpt lat="47.61812" lon="-2.68385">
        <ele>5</ele>
      </trkpt>
      <trkpt lat="47.61792" lon="-2.68386">
        <ele>5</ele>
      </trkpt>
      <trkpt lat="47.61774" lon="-2.68382">
        <ele>5</ele>
      </trkpt>
      <trkpt lat="47.61756" lon="-2.68377">
        <ele>5</ele>
      </trkpt>
      <trkpt lat="47.61739" lon="-2.68375">
        <ele>5</ele>
      </trkpt>
      <trkpt lat="47.61722" lon="-2.68372">
        <ele>4</ele>
      </trkpt>
      <trkpt lat="47.61708" lon="-2.68373">
        <ele>4</ele>
      </trkpt>
      <trkpt lat="47.61694" lon="-2.68374">
        <ele>4</ele>
      </trkpt>
      <trkpt lat="47.6167" lon="-2.68387">
        <ele>4</ele>
      </trkpt>
      <trkpt lat="47.61646" lon="-2.684">
        <ele>4</ele>
      </trkpt>
      <trkpt lat="47.61623" lon="-2.68414">
        <ele>4</ele>
      </trkpt>
      <trkpt lat="47.61599" lon="-2.68427">
        <ele>4</ele>
      </trkpt>
      <trkpt lat="47.61574" lon="-2.68434">
        <ele>5</ele>
      </trkpt>
      <trkpt lat="47.61557" lon="-2.68429">
        <ele>6</ele>
      </trkpt>
      <trkpt lat="47.6154" lon="-2.68424">
        <ele>7</ele>
      </trkpt>
      <trkpt lat="47.61523" lon="-2.68418">
        <ele>8</ele>
      </trkpt>
      <trkpt lat="47.61506" lon="-2.68413">
        <ele>9</ele>
      </trkpt>
      <trkpt lat="47.61492" lon="-2.68405">
        <ele>9</ele>
      </trkpt>
      <trkpt lat="47.61479" lon="-2.68398">
        <ele>10</ele>
      </trkpt>
      <trkpt lat="47.61461" lon="-2.68384">
        <ele>11</ele>
      </trkpt>
      <trkpt lat="47.61454" lon="-2.68354">
        <ele>11</ele>
      </trkpt>
      <trkpt lat="47.61447" lon="-2.68335">
        <ele>12</ele>
      </trkpt>
      <trkpt lat="47.61431" lon="-2.68309">
        <ele>12</ele>
      </trkpt>
      <trkpt lat="47.61406" lon="-2.68302">
        <ele>12</ele>
      </trkpt>
      <trkpt lat="47.6138" lon="-2.68296">
        <ele>13</ele>
      </trkpt>
      <trkpt lat="47.61368" lon="-2.68284">
        <ele>13</ele>
      </trkpt>
      <trkpt lat="47.61364" lon="-2.68263">
        <ele>13</ele>
      </trkpt>
      <trkpt lat="47.61359" lon="-2.68241">
        <ele>13</ele>
      </trkpt>
      <trkpt lat="47.61355" lon="-2.6822">
        <ele>13</ele>
      </trkpt>
      <trkpt lat="47.6135" lon="-2.68199">
        <ele>13</ele>
      </trkpt>
      <trkpt lat="47.61341" lon="-2.68176">
        <ele>13</ele>
      </trkpt>
      <trkpt lat="47.61332" lon="-2.68154">
        <ele>13</ele>
      </trkpt>
      <trkpt lat="47.61322" lon="-2.68135">
        <ele>14</ele>
      </trkpt>
      <trkpt lat="47.61308" lon="-2.68118">
        <ele>14</ele>
      </trkpt>
      <trkpt lat="47.61294" lon="-2.68101">
        <ele>15</ele>
      </trkpt>
      <trkpt lat="47.61278" lon="-2.68072">
        <ele>16</ele>
      </trkpt>
      <trkpt lat="47.61265" lon="-2.6804">
        <ele>18</ele>
      </trkpt>
      <trkpt lat="47.61252" lon="-2.68008">
        <ele>19</ele>
      </trkpt>
      <trkpt lat="47.61234" lon="-2.67985">
        <ele>19</ele>
      </trkpt>
      <trkpt lat="47.61216" lon="-2.67962">
        <ele>19</ele>
      </trkpt>
      <trkpt lat="47.61199" lon="-2.67948">
        <ele>19</ele>
      </trkpt>
      <trkpt lat="47.61181" lon="-2.67935">
        <ele>19</ele>
      </trkpt>
      <trkpt lat="47.61164" lon="-2.67922">
        <ele>19</ele>
      </trkpt>
      <trkpt lat="47.61147" lon="-2.67908">
        <ele>18</ele>
      </trkpt>
      <trkpt lat="47.61138" lon="-2.67889">
        <ele>18</ele>
      </trkpt>
      <trkpt lat="47.61134" lon="-2.67865">
        <ele>18</ele>
      </trkpt>
      <trkpt lat="47.61124" lon="-2.67847">
        <ele>18</ele>
      </trkpt>
      <trkpt lat="47.61114" lon="-2.67829">
        <ele>17</ele>
      </trkpt>
      <trkpt lat="47.61104" lon="-2.6782">
        <ele>17</ele>
      </trkpt>
      <trkpt lat="47.61086" lon="-2.67823">
        <ele>17</ele>
      </trkpt>
      <trkpt lat="47.61067" lon="-2.67826">
        <ele>17</ele>
      </trkpt>
      <trkpt lat="47.6105" lon="-2.67831">
        <ele>16</ele>
      </trkpt>
      <trkpt lat="47.61035" lon="-2.67823">
        <ele>16</ele>
      </trkpt>
      <trkpt lat="47.61015" lon="-2.67817">
        <ele>16</ele>
      </trkpt>
      <trkpt lat="47.60995" lon="-2.6781">
        <ele>16</ele>
      </trkpt>
      <trkpt lat="47.60976" lon="-2.67804">
        <ele>15</ele>
      </trkpt>
      <trkpt lat="47.60956" lon="-2.67798">
        <ele>15</ele>
      </trkpt>
      <trkpt lat="47.60948" lon="-2.67778">
        <ele>15</ele>
      </trkpt>
      <trkpt lat="47.60941" lon="-2.67757">
        <ele>14</ele>
      </trkpt>
      <trkpt lat="47.60934" lon="-2.67736">
        <ele>14</ele>
      </trkpt>
      <trkpt lat="47.60926" lon="-2.67716">
        <ele>14</ele>
      </trkpt>
      <trkpt lat="47.6091" lon="-2.6769">
        <ele>13</ele>
      </trkpt>
      <trkpt lat="47.60894" lon="-2.67663">
        <ele>13</ele>
      </trkpt>
      <trkpt lat="47.60877" lon="-2.67639">
        <ele>12</ele>
      </trkpt>
      <trkpt lat="47.60861" lon="-2.67616">
        <ele>12</ele>
      </trkpt>
      <trkpt lat="47.60845" lon="-2.67595">
        <ele>11</ele>
      </trkpt>
      <trkpt lat="47.60828" lon="-2.67573">
        <ele>10</ele>
      </trkpt>
      <trkpt lat="47.60811" lon="-2.67557">
        <ele>9</ele>
      </trkpt>
      <trkpt lat="47.60795" lon="-2.67541">
        <ele>9</ele>
      </trkpt>
      <trkpt lat="47.60783" lon="-2.67523">
        <ele>8</ele>
      </trkpt>
      <trkpt lat="47.6077" lon="-2.67505">
        <ele>8</ele>
      </trkpt>
      <trkpt lat="47.60753" lon="-2.67487">
        <ele>7</ele>
      </trkpt>
      <trkpt lat="47.60735" lon="-2.6747">
        <ele>7</ele>
      </trkpt>
      <trkpt lat="47.60718" lon="-2.67452">
        <ele>6</ele>
      </trkpt>
      <trkpt lat="47.60701" lon="-2.67434">
        <ele>6</ele>
      </trkpt>
      <trkpt lat="47.60683" lon="-2.67417">
        <ele>6</ele>
      </trkpt>
      <trkpt lat="47.60666" lon="-2.67399">
        <ele>6</ele>
      </trkpt>
      <trkpt lat="47.60648" lon="-2.67382">
        <ele>6</ele>
      </trkpt>
      <trkpt lat="47.60631" lon="-2.67364">
        <ele>6</ele>
      </trkpt>
      <trkpt lat="47.60614" lon="-2.67344">
        <ele>7</ele>
      </trkpt>
      <trkpt lat="47.60598" lon="-2.67323">
        <ele>7</ele>
      </trkpt>
      <trkpt lat="47.60586" lon="-2.67313">
        <ele>7</ele>
      </trkpt>
      <trkpt lat="47.60562" lon="-2.67312">
        <ele>7</ele>
      </trkpt>
      <trkpt lat="47.60553" lon="-2.67314">
        <ele>7</ele>
      </trkpt>
      <trkpt lat="47.60547" lon="-2.67352">
        <ele>7</ele>
      </trkpt>
      <trkpt lat="47.60538" lon="-2.67356">
        <ele>7</ele>
      </trkpt>
      <trkpt lat="47.60514" lon="-2.67362">
        <ele>7</ele>
      </trkpt>
      <trkpt lat="47.60491" lon="-2.67368">
        <ele>7</ele>
      </trkpt>
      <trkpt lat="47.60468" lon="-2.67373">
        <ele>7</ele>
      </trkpt>
      <trkpt lat="47.60444" lon="-2.67379">
        <ele>7</ele>
      </trkpt>
      <trkpt lat="47.60432" lon="-2.67358">
        <ele>7</ele>
      </trkpt>
      <trkpt lat="47.6042" lon="-2.67337">
        <ele>7</ele>
      </trkpt>
      <trkpt lat="47.60409" lon="-2.67316">
        <ele>8</ele>
      </trkpt>
      <trkpt lat="47.60397" lon="-2.67295">
        <ele>8</ele>
      </trkpt>
      <trkpt lat="47.60394" lon="-2.67286">
        <ele>8</ele>
      </trkpt>
      <trkpt lat="47.60381" lon="-2.67286">
        <ele>8</ele>
      </trkpt>
      <trkpt lat="47.6036" lon="-2.67282">
        <ele>8</ele>
      </trkpt>
      <trkpt lat="47.60339" lon="-2.67278">
        <ele>9</ele>
      </trkpt>
      <trkpt lat="47.60314" lon="-2.6728">
        <ele>9</ele>
      </trkpt>
      <trkpt lat="47.60289" lon="-2.67283">
        <ele>9</ele>
      </trkpt>
      <trkpt lat="47.60273" lon="-2.67291">
        <ele>9</ele>
      </trkpt>
      <trkpt lat="47.60257" lon="-2.673">
        <ele>8</ele>
      </trkpt>
      <trkpt lat="47.60237" lon="-2.67287">
        <ele>8</ele>
      </trkpt>
      <trkpt lat="47.60222" lon="-2.67272">
        <ele>8</ele>
      </trkpt>
      <trkpt lat="47.60206" lon="-2.67257">
        <ele>8</ele>
      </trkpt>
      <trkpt lat="47.60188" lon="-2.67232">
        <ele>7</ele>
      </trkpt>
      <trkpt lat="47.60169" lon="-2.67206">
        <ele>7</ele>
      </trkpt>
      <trkpt lat="47.60151" lon="-2.67181">
        <ele>7</ele>
      </trkpt>
      <trkpt lat="47.60132" lon="-2.67156">
        <ele>6</ele>
      </trkpt>
      <trkpt lat="47.60111" lon="-2.67134">
        <ele>6</ele>
      </trkpt>
      <trkpt lat="47.60089" lon="-2.67111">
        <ele>6</ele>
      </trkpt>
      <trkpt lat="47.60078" lon="-2.67092">
        <ele>6</ele>
      </trkpt>
      <trkpt lat="47.60061" lon="-2.6708">
        <ele>6</ele>
      </trkpt>
      <trkpt lat="47.60044" lon="-2.67067">
        <ele>6</ele>
      </trkpt>
      <trkpt lat="47.60027" lon="-2.67055">
        <ele>6</ele>
      </trkpt>
      <trkpt lat="47.6001" lon="-2.67042">
        <ele>6</ele>
      </trkpt>
      <trkpt lat="47.59994" lon="-2.67029">
        <ele>6</ele>
      </trkpt>
      <trkpt lat="47.59977" lon="-2.67017">
        <ele>6</ele>
      </trkpt>
      <trkpt lat="47.5996" lon="-2.67005">
        <ele>6</ele>
      </trkpt>
      <trkpt lat="47.59943" lon="-2.66992">
        <ele>6</ele>
      </trkpt>
      <trkpt lat="47.59923" lon="-2.66984">
        <ele>6</ele>
      </trkpt>
      <trkpt lat="47.59903" lon="-2.66977">
        <ele>6</ele>
      </trkpt>
      <trkpt lat="47.59883" lon="-2.66969">
        <ele>5</ele>
      </trkpt>
      <trkpt lat="47.59863" lon="-2.66962">
        <ele>5</ele>
      </trkpt>
      <trkpt lat="47.59854" lon="-2.66985">
        <ele>5</ele>
      </trkpt>
      <trkpt lat="47.59845" lon="-2.67008">
        <ele>4</ele>
      </trkpt>
      <trkpt lat="47.59836" lon="-2.67031">
        <ele>4</ele>
      </trkpt>
      <trkpt lat="47.59827" lon="-2.67054">
        <ele>4</ele>
      </trkpt>
      <trkpt lat="47.59818" lon="-2.6709">
        <ele>4</ele>
      </trkpt>
      <trkpt lat="47.59809" lon="-2.67127">
        <ele>4</ele>
      </trkpt>
      <trkpt lat="47.59798" lon="-2.67152">
        <ele>4</ele>
      </trkpt>
      <trkpt lat="47.59786" lon="-2.67172">
        <ele>5</ele>
      </trkpt>
      <trkpt lat="47.59774" lon="-2.67192">
        <ele>5</ele>
      </trkpt>
      <trkpt lat="47.59761" lon="-2.67211">
        <ele>5</ele>
      </trkpt>
      <trkpt lat="47.59749" lon="-2.67231">
        <ele>6</ele>
      </trkpt>
      <trkpt lat="47.59734" lon="-2.67252">
        <ele>6</ele>
      </trkpt>
      <trkpt lat="47.59719" lon="-2.67272">
        <ele>6</ele>
      </trkpt>
      <trkpt lat="47.59705" lon="-2.67293">
        <ele>7</ele>
      </trkpt>
      <trkpt lat="47.5969" lon="-2.67314">
        <ele>7</ele>
      </trkpt>
      <trkpt lat="47.59675" lon="-2.67336">
        <ele>7</ele>
      </trkpt>
      <trkpt lat="47.5966" lon="-2.67359">
        <ele>8</ele>
      </trkpt>
      <trkpt lat="47.59645" lon="-2.67382">
        <ele>8</ele>
      </trkpt>
      <trkpt lat="47.5963" lon="-2.67404">
        <ele>9</ele>
      </trkpt>
      <trkpt lat="47.59618" lon="-2.67425">
        <ele>9</ele>
      </trkpt>
      <trkpt lat="47.59605" lon="-2.67447">
        <ele>9</ele>
      </trkpt>
      <trkpt lat="47.59593" lon="-2.67468">
        <ele>9</ele>
      </trkpt>
      <trkpt lat="47.5958" lon="-2.67489">
        <ele>9</ele>
      </trkpt>
      <trkpt lat="47.59568" lon="-2.6751">
        <ele>9</ele>
      </trkpt>
      <trkpt lat="47.59556" lon="-2.67531">
        <ele>8</ele>
      </trkpt>
      <trkpt lat="47.59543" lon="-2.67553">
        <ele>8</ele>
      </trkpt>
      <trkpt lat="47.59531" lon="-2.67574">
        <ele>8</ele>
      </trkpt>
      <trkpt lat="47.59539" lon="-2.67598">
        <ele>8</ele>
      </trkpt>
      <trkpt lat="47.59547" lon="-2.67622">
        <ele>8</ele>
      </trkpt>
      <trkpt lat="47.59554" lon="-2.67656">
        <ele>8</ele>
      </trkpt>
      <trkpt lat="47.59561" lon="-2.6769">
        <ele>8</ele>
      </trkpt>
      <trkpt lat="47.59571" lon="-2.6772">
        <ele>9</ele>
      </trkpt>
      <trkpt lat="47.59581" lon="-2.6775">
        <ele>9</ele>
      </trkpt>
      <trkpt lat="47.59596" lon="-2.67779">
        <ele>10</ele>
      </trkpt>
      <trkpt lat="47.59612" lon="-2.67808">
        <ele>11</ele>
      </trkpt>
      <trkpt lat="47.59617" lon="-2.67829">
        <ele>12</ele>
      </trkpt>
      <trkpt lat="47.59622" lon="-2.67851">
        <ele>13</ele>
      </trkpt>
      <trkpt lat="47.59627" lon="-2.67872">
        <ele>13</ele>
      </trkpt>
      <trkpt lat="47.59632" lon="-2.67894">
        <ele>14</ele>
      </trkpt>
      <trkpt lat="47.59637" lon="-2.67915">
        <ele>15</ele>
      </trkpt>
      <trkpt lat="47.59642" lon="-2.67936">
        <ele>15</ele>
      </trkpt>
      <trkpt lat="47.59647" lon="-2.67958">
        <ele>16</ele>
      </trkpt>
      <trkpt lat="47.59652" lon="-2.67979">
        <ele>16</ele>
      </trkpt>
      <trkpt lat="47.5966" lon="-2.67999">
        <ele>17</ele>
      </trkpt>
      <trkpt lat="47.59668" lon="-2.6802">
        <ele>17</ele>
      </trkpt>
      <trkpt lat="47.59676" lon="-2.68049">
        <ele>17</ele>
      </trkpt>
      <trkpt lat="47.59683" lon="-2.68077">
        <ele>17</ele>
      </trkpt>
      <trkpt lat="47.59691" lon="-2.68105">
        <ele>17</ele>
      </trkpt>
      <trkpt lat="47.59699" lon="-2.68134">
        <ele>17</ele>
      </trkpt>
      <trkpt lat="47.59718" lon="-2.68131">
        <ele>16</ele>
      </trkpt>
      <trkpt lat="47.59737" lon="-2.68128">
        <ele>15</ele>
      </trkpt>
      <trkpt lat="47.59751" lon="-2.68124">
        <ele>15</ele>
      </trkpt>
      <trkpt lat="47.59764" lon="-2.68121">
        <ele>14</ele>
      </trkpt>
      <trkpt lat="47.59778" lon="-2.68117">
        <ele>14</ele>
      </trkpt>
      <trkpt lat="47.59792" lon="-2.68113">
        <ele>14</ele>
      </trkpt>
      <trkpt lat="47.59796" lon="-2.68151">
        <ele>14</ele>
      </trkpt>
      <trkpt lat="47.59822" lon="-2.68147">
        <ele>14</ele>
      </trkpt>
      <trkpt lat="47.59849" lon="-2.68144">
        <ele>15</ele>
      </trkpt>
      <trkpt lat="47.59872" lon="-2.68152">
        <ele>16</ele>
      </trkpt>
      <trkpt lat="47.59895" lon="-2.6816">
        <ele>16</ele>
      </trkpt>
      <trkpt lat="47.5992" lon="-2.68165">
        <ele>17</ele>
      </trkpt>
      <trkpt lat="47.59935" lon="-2.68166">
        <ele>17</ele>
      </trkpt>
      <trkpt lat="47.5995" lon="-2.68168">
        <ele>17</ele>
      </trkpt>
      <trkpt lat="47.59965" lon="-2.68169">
        <ele>18</ele>
      </trkpt>
      <trkpt lat="47.5998" lon="-2.6817">
        <ele>18</ele>
      </trkpt>
      <trkpt lat="47.59994" lon="-2.68166">
        <ele>18</ele>
      </trkpt>
      <trkpt lat="47.60006" lon="-2.6817">
        <ele>18</ele>
      </trkpt>
      <trkpt lat="47.60022" lon="-2.68192">
        <ele>18</ele>
      </trkpt>
      <trkpt lat="47.60038" lon="-2.68213">
        <ele>16</ele>
      </trkpt>
      <trkpt lat="47.60042" lon="-2.68236">
        <ele>16</ele>
      </trkpt>
      <trkpt lat="47.60046" lon="-2.6826">
        <ele>15</ele>
      </trkpt>
      <trkpt lat="47.6005" lon="-2.68283">
        <ele>15</ele>
      </trkpt>
      <trkpt lat="47.60054" lon="-2.68307">
        <ele>14</ele>
      </trkpt>
      <trkpt lat="47.60061" lon="-2.68331">
        <ele>14</ele>
      </trkpt>
      <trkpt lat="47.60062" lon="-2.68351">
        <ele>14</ele>
      </trkpt>
      <trkpt lat="47.60044" lon="-2.68355">
        <ele>14</ele>
      </trkpt>
      <trkpt lat="47.60032" lon="-2.68364">
        <ele>13</ele>
      </trkpt>
      <trkpt lat="47.60015" lon="-2.6839">
        <ele>13</ele>
      </trkpt>
      <trkpt lat="47.59994" lon="-2.68404">
        <ele>13</ele>
      </trkpt>
      <trkpt lat="47.59984" lon="-2.68406">
        <ele>13</ele>
      </trkpt>
      <trkpt lat="47.5997" lon="-2.68403">
        <ele>13</ele>
      </trkpt>
      <trkpt lat="47.59955" lon="-2.68401">
        <ele>13</ele>
      </trkpt>
      <trkpt lat="47.59941" lon="-2.68398">
        <ele>13</ele>
      </trkpt>
      <trkpt lat="47.59927" lon="-2.68396">
        <ele>13</ele>
      </trkpt>
      <trkpt lat="47.59914" lon="-2.68397">
        <ele>12</ele>
      </trkpt>
      <trkpt lat="47.59889" lon="-2.68408">
        <ele>11</ele>
      </trkpt>
      <trkpt lat="47.59876" lon="-2.68411">
        <ele>11</ele>
      </trkpt>
      <trkpt lat="47.59866" lon="-2.68418">
        <ele>10</ele>
      </trkpt>
      <trkpt lat="47.5985" lon="-2.68423">
        <ele>10</ele>
      </trkpt>
      <trkpt lat="47.59834" lon="-2.68427">
        <ele>10</ele>
      </trkpt>
      <trkpt lat="47.59812" lon="-2.68431">
        <ele>10</ele>
      </trkpt>
      <trkpt lat="47.59792" lon="-2.68429">
        <ele>9</ele>
      </trkpt>
      <trkpt lat="47.59772" lon="-2.68427">
        <ele>10</ele>
      </trkpt>
      <trkpt lat="47.59762" lon="-2.68431">
        <ele>10</ele>
      </trkpt>
      <trkpt lat="47.59757" lon="-2.6846">
        <ele>10</ele>
      </trkpt>
      <trkpt lat="47.59739" lon="-2.6847">
        <ele>10</ele>
      </trkpt>
      <trkpt lat="47.5972" lon="-2.68479">
        <ele>10</ele>
      </trkpt>
      <trkpt lat="47.59699" lon="-2.68492">
        <ele>10</ele>
      </trkpt>
      <trkpt lat="47.59679" lon="-2.68504">
        <ele>10</ele>
      </trkpt>
      <trkpt lat="47.5966" lon="-2.68521">
        <ele>10</ele>
      </trkpt>
      <trkpt lat="47.59642" lon="-2.68538">
        <ele>10</ele>
      </trkpt>
      <trkpt lat="47.59628" lon="-2.68556">
        <ele>10</ele>
      </trkpt>
      <trkpt lat="47.59613" lon="-2.68568">
        <ele>11</ele>
      </trkpt>
      <trkpt lat="47.59588" lon="-2.6858">
        <ele>11</ele>
      </trkpt>
      <trkpt lat="47.59563" lon="-2.68592">
        <ele>10</ele>
      </trkpt>
      <trkpt lat="47.59542" lon="-2.68614">
        <ele>10</ele>
      </trkpt>
      <trkpt lat="47.5952" lon="-2.68637">
        <ele>9</ele>
      </trkpt>
      <trkpt lat="47.59504" lon="-2.68644">
        <ele>9</ele>
      </trkpt>
      <trkpt lat="47.59485" lon="-2.68643">
        <ele>9</ele>
      </trkpt>
      <trkpt lat="47.59459" lon="-2.68648">
        <ele>9</ele>
      </trkpt>
      <trkpt lat="47.59433" lon="-2.68653">
        <ele>9</ele>
      </trkpt>
      <trkpt lat="47.59407" lon="-2.68656">
        <ele>10</ele>
      </trkpt>
      <trkpt lat="47.5938" lon="-2.6866">
        <ele>10</ele>
      </trkpt>
      <trkpt lat="47.59365" lon="-2.68663">
        <ele>10</ele>
      </trkpt>
      <trkpt lat="47.5935" lon="-2.68667">
        <ele>10</ele>
      </trkpt>
      <trkpt lat="47.59341" lon="-2.68672">
        <ele>9</ele>
      </trkpt>
      <trkpt lat="47.59328" lon="-2.68684">
        <ele>9</ele>
      </trkpt>
      <trkpt lat="47.59328" lon="-2.68708">
        <ele>8</ele>
      </trkpt>
      <trkpt lat="47.59329" lon="-2.68732">
        <ele>7</ele>
      </trkpt>
      <trkpt lat="47.59329" lon="-2.68756">
        <ele>7</ele>
      </trkpt>
      <trkpt lat="47.59329" lon="-2.6878">
        <ele>6</ele>
      </trkpt>
      <trkpt lat="47.59311" lon="-2.68787">
        <ele>6</ele>
      </trkpt>
      <trkpt lat="47.59294" lon="-2.68793">
        <ele>6</ele>
      </trkpt>
      <trkpt lat="47.59289" lon="-2.68826">
        <ele>5</ele>
      </trkpt>
      <trkpt lat="47.59281" lon="-2.68844">
        <ele>5</ele>
      </trkpt>
      <trkpt lat="47.59267" lon="-2.68867">
        <ele>4</ele>
      </trkpt>
      <trkpt lat="47.59253" lon="-2.68891">
        <ele>4</ele>
      </trkpt>
      <trkpt lat="47.59239" lon="-2.68897">
        <ele>4</ele>
      </trkpt>
      <trkpt lat="47.59225" lon="-2.68903">
        <ele>4</ele>
      </trkpt>
      <trkpt lat="47.5921" lon="-2.68908">
        <ele>4</ele>
      </trkpt>
      <trkpt lat="47.59195" lon="-2.68912">
        <ele>3</ele>
      </trkpt>
      <trkpt lat="47.59181" lon="-2.68917">
        <ele>3</ele>
      </trkpt>
      <trkpt lat="47.59166" lon="-2.68922">
        <ele>3</ele>
      </trkpt>
      <trkpt lat="47.59159" lon="-2.68949">
        <ele>3</ele>
      </trkpt>
      <trkpt lat="47.59147" lon="-2.68939">
        <ele>3</ele>
      </trkpt>
      <trkpt lat="47.59132" lon="-2.68931">
        <ele>2</ele>
      </trkpt>
      <trkpt lat="47.59113" lon="-2.68931">
        <ele>2</ele>
      </trkpt>
      <trkpt lat="47.59095" lon="-2.68937">
        <ele>2</ele>
      </trkpt>
      <trkpt lat="47.59076" lon="-2.68951">
        <ele>2</ele>
      </trkpt>
      <trkpt lat="47.59056" lon="-2.68965">
        <ele>2</ele>
      </trkpt>
      <trkpt lat="47.59042" lon="-2.68978">
        <ele>2</ele>
      </trkpt>
      <trkpt lat="47.59028" lon="-2.6899">
        <ele>2</ele>
      </trkpt>
      <trkpt lat="47.59013" lon="-2.68994">
        <ele>3</ele>
      </trkpt>
      <trkpt lat="47.58998" lon="-2.68997">
        <ele>3</ele>
      </trkpt>
      <trkpt lat="47.58976" lon="-2.69008">
        <ele>3</ele>
      </trkpt>
      <trkpt lat="47.58954" lon="-2.69018">
        <ele>3</ele>
      </trkpt>
      <trkpt lat="47.58963" lon="-2.6904">
        <ele>3</ele>
      </trkpt>
      <trkpt lat="47.58972" lon="-2.69062">
        <ele>3</ele>
      </trkpt>
      <trkpt lat="47.58977" lon="-2.69087">
        <ele>3</ele>
      </trkpt>
      <trkpt lat="47.58982" lon="-2.69111">
        <ele>3</ele>
      </trkpt>
      <trkpt lat="47.58987" lon="-2.69136">
        <ele>3</ele>
      </trkpt>
      <trkpt lat="47.58992" lon="-2.6916">
        <ele>3</ele>
      </trkpt>
      <trkpt lat="47.59001" lon="-2.69184">
        <ele>3</ele>
      </trkpt>
      <trkpt lat="47.59006" lon="-2.69206">
        <ele>3</ele>
      </trkpt>
      <trkpt lat="47.59012" lon="-2.69228">
        <ele>3</ele>
      </trkpt>
      <trkpt lat="47.59018" lon="-2.6925">
        <ele>3</ele>
      </trkpt>
      <trkpt lat="47.59023" lon="-2.69272">
        <ele>3</ele>
      </trkpt>
      <trkpt lat="47.59032" lon="-2.69293">
        <ele>3</ele>
      </trkpt>
      <trkpt lat="47.59044" lon="-2.69306">
        <ele>3</ele>
      </trkpt>
      <trkpt lat="47.59056" lon="-2.69319">
        <ele>3</ele>
      </trkpt>
      <trkpt lat="47.59062" lon="-2.69333">
        <ele>4</ele>
      </trkpt>
      <trkpt lat="47.59071" lon="-2.69368">
        <ele>5</ele>
      </trkpt>
      <trkpt lat="47.59089" lon="-2.69397">
        <ele>6</ele>
      </trkpt>
      <trkpt lat="47.59106" lon="-2.69426">
        <ele>6</ele>
      </trkpt>
      <trkpt lat="47.59107" lon="-2.69444">
        <ele>7</ele>
      </trkpt>
      <trkpt lat="47.59105" lon="-2.69468">
        <ele>7</ele>
      </trkpt>
      <trkpt lat="47.59102" lon="-2.69491">
        <ele>7</ele>
      </trkpt>
      <trkpt lat="47.59098" lon="-2.69504">
        <ele>8</ele>
      </trkpt>
      <trkpt lat="47.59082" lon="-2.6952">
        <ele>8</ele>
      </trkpt>
      <trkpt lat="47.59069" lon="-2.69528">
        <ele>8</ele>
      </trkpt>
      <trkpt lat="47.59053" lon="-2.69525">
        <ele>8</ele>
      </trkpt>
      <trkpt lat="47.5904" lon="-2.69519">
        <ele>8</ele>
      </trkpt>
      <trkpt lat="47.59026" lon="-2.69512">
        <ele>8</ele>
      </trkpt>
      <trkpt lat="47.59013" lon="-2.69531">
        <ele>8</ele>
      </trkpt>
      <trkpt lat="47.58989" lon="-2.69537">
        <ele>8</ele>
      </trkpt>
      <trkpt lat="47.58974" lon="-2.69557">
        <ele>6</ele>
      </trkpt>
      <trkpt lat="47.5896" lon="-2.69576">
        <ele>5</ele>
      </trkpt>
      <trkpt lat="47.58951" lon="-2.69594">
        <ele>4</ele>
      </trkpt>
      <trkpt lat="47.58937" lon="-2.69607">
        <ele>3</ele>
      </trkpt>
      <trkpt lat="47.58924" lon="-2.6961">
        <ele>3</ele>
      </trkpt>
      <trkpt lat="47.5891" lon="-2.69605">
        <ele>3</ele>
      </trkpt>
      <trkpt lat="47.58894" lon="-2.69577">
        <ele>3</ele>
      </trkpt>
      <trkpt lat="47.58876" lon="-2.69571">
        <ele>3</ele>
      </trkpt>
      <trkpt lat="47.58863" lon="-2.69577">
        <ele>3</ele>
      </trkpt>
      <trkpt lat="47.58849" lon="-2.69572">
        <ele>3</ele>
      </trkpt>
      <trkpt lat="47.58835" lon="-2.69567">
        <ele>3</ele>
      </trkpt>
      <trkpt lat="47.58821" lon="-2.69566">
        <ele>2</ele>
      </trkpt>
      <trkpt lat="47.58799" lon="-2.69551">
        <ele>2</ele>
      </trkpt>
      <trkpt lat="47.58806" lon="-2.69578">
        <ele>2</ele>
      </trkpt>
      <trkpt lat="47.58798" lon="-2.69594">
        <ele>2</ele>
      </trkpt>
      <trkpt lat="47.58788" lon="-2.69608">
        <ele>2</ele>
      </trkpt>
      <trkpt lat="47.58777" lon="-2.6961">
        <ele>2</ele>
      </trkpt>
      <trkpt lat="47.58759" lon="-2.69623">
        <ele>2</ele>
      </trkpt>
      <trkpt lat="47.58742" lon="-2.6964">
        <ele>3</ele>
      </trkpt>
      <trkpt lat="47.58729" lon="-2.69659">
        <ele>3</ele>
      </trkpt>
      <trkpt lat="47.58715" lon="-2.69671">
        <ele>3</ele>
      </trkpt>
      <trkpt lat="47.58696" lon="-2.69665">
        <ele>3</ele>
      </trkpt>
      <trkpt lat="47.58678" lon="-2.6966">
        <ele>3</ele>
      </trkpt>
      <trkpt lat="47.58659" lon="-2.69654">
        <ele>4</ele>
      </trkpt>
      <trkpt lat="47.5864" lon="-2.69648">
        <ele>4</ele>
      </trkpt>
      <trkpt lat="47.58627" lon="-2.6964">
        <ele>4</ele>
      </trkpt>
      <trkpt lat="47.58614" lon="-2.69632">
        <ele>4</ele>
      </trkpt>
      <trkpt lat="47.58604" lon="-2.69631">
        <ele>4</ele>
      </trkpt>
      <trkpt lat="47.58593" lon="-2.69638">
        <ele>3</ele>
      </trkpt>
      <trkpt lat="47.5858" lon="-2.69631">
        <ele>3</ele>
      </trkpt>
      <trkpt lat="47.58567" lon="-2.69629">
        <ele>3</ele>
      </trkpt>
      <trkpt lat="47.58548" lon="-2.69611">
        <ele>2</ele>
      </trkpt>
      <trkpt lat="47.58528" lon="-2.69593">
        <ele>2</ele>
      </trkpt>
      <trkpt lat="47.58509" lon="-2.69575">
        <ele>2</ele>
      </trkpt>
      <trkpt lat="47.5849" lon="-2.69557">
        <ele>2</ele>
      </trkpt>
      <trkpt lat="47.58477" lon="-2.69535">
        <ele>2</ele>
      </trkpt>
      <trkpt lat="47.58464" lon="-2.69512">
        <ele>3</ele>
      </trkpt>
      <trkpt lat="47.58452" lon="-2.6949">
        <ele>3</ele>
      </trkpt>
      <trkpt lat="47.58439" lon="-2.69468">
        <ele>3</ele>
      </trkpt>
      <trkpt lat="47.58431" lon="-2.69487">
        <ele>4</ele>
      </trkpt>
      <trkpt lat="47.58425" lon="-2.69489">
        <ele>4</ele>
      </trkpt>
      <trkpt lat="47.58404" lon="-2.6947">
        <ele>4</ele>
      </trkpt>
      <trkpt lat="47.58387" lon="-2.69464">
        <ele>4</ele>
      </trkpt>
      <trkpt lat="47.5837" lon="-2.69459">
        <ele>4</ele>
      </trkpt>
      <trkpt lat="47.58358" lon="-2.69476">
        <ele>4</ele>
      </trkpt>
      <trkpt lat="47.58344" lon="-2.69482">
        <ele>4</ele>
      </trkpt>
      <trkpt lat="47.5833" lon="-2.69489">
        <ele>5</ele>
      </trkpt>
      <trkpt lat="47.58326" lon="-2.69516">
        <ele>5</ele>
      </trkpt>
      <trkpt lat="47.58339" lon="-2.69505">
        <ele>5</ele>
      </trkpt>
      <trkpt lat="47.58352" lon="-2.69495">
        <ele>4</ele>
      </trkpt>
      <trkpt lat="47.58365" lon="-2.6948">
        <ele>4</ele>
      </trkpt>
      <trkpt lat="47.58377" lon="-2.69465">
        <ele>4</ele>
      </trkpt>
      <trkpt lat="47.58402" lon="-2.69474">
        <ele>4</ele>
      </trkpt>
      <trkpt lat="47.58411" lon="-2.69482">
        <ele>4</ele>
      </trkpt>
      <trkpt lat="47.5842" lon="-2.69493">
        <ele>4</ele>
      </trkpt>
      <trkpt lat="47.58425" lon="-2.69517">
        <ele>4</ele>
      </trkpt>
      <trkpt lat="47.5842" lon="-2.69542">
        <ele>4</ele>
      </trkpt>
      <trkpt lat="47.58416" lon="-2.69568">
        <ele>3</ele>
      </trkpt>
      <trkpt lat="47.58411" lon="-2.69593">
        <ele>3</ele>
      </trkpt>
      <trkpt lat="47.58407" lon="-2.69618">
        <ele>3</ele>
      </trkpt>
      <trkpt lat="47.58411" lon="-2.69636">
        <ele>3</ele>
      </trkpt>
      <trkpt lat="47.58433" lon="-2.69649">
        <ele>3</ele>
      </trkpt>
      <trkpt lat="47.58448" lon="-2.69652">
        <ele>3</ele>
      </trkpt>
      <trkpt lat="47.58464" lon="-2.69656">
        <ele>3</ele>
      </trkpt>
      <trkpt lat="47.58479" lon="-2.69659">
        <ele>3</ele>
      </trkpt>
      <trkpt lat="47.58494" lon="-2.69663">
        <ele>3</ele>
      </trkpt>
      <trkpt lat="47.58514" lon="-2.69674">
        <ele>3</ele>
      </trkpt>
      <trkpt lat="47.58533" lon="-2.69685">
        <ele>3</ele>
      </trkpt>
      <trkpt lat="47.58553" lon="-2.69696">
        <ele>3</ele>
      </trkpt>
      <trkpt lat="47.58572" lon="-2.69707">
        <ele>3</ele>
      </trkpt>
      <trkpt lat="47.58589" lon="-2.6969">
        <ele>3</ele>
      </trkpt>
      <trkpt lat="47.58614" lon="-2.69701">
        <ele>3</ele>
      </trkpt>
      <trkpt lat="47.58639" lon="-2.69712">
        <ele>3</ele>
      </trkpt>
      <trkpt lat="47.58662" lon="-2.69728">
        <ele>3</ele>
      </trkpt>
      <trkpt lat="47.58681" lon="-2.69752">
        <ele>3</ele>
      </trkpt>
      <trkpt lat="47.587" lon="-2.69775">
        <ele>3</ele>
      </trkpt>
      <trkpt lat="47.58705" lon="-2.69776">
        <ele>3</ele>
      </trkpt>
      <trkpt lat="47.58716" lon="-2.69801">
        <ele>2</ele>
      </trkpt>
      <trkpt lat="47.58727" lon="-2.69827">
        <ele>2</ele>
      </trkpt>
      <trkpt lat="47.58731" lon="-2.69851">
        <ele>2</ele>
      </trkpt>
      <trkpt lat="47.58749" lon="-2.69854">
        <ele>2</ele>
      </trkpt>
      <trkpt lat="47.58767" lon="-2.69855">
        <ele>2</ele>
      </trkpt>
      <trkpt lat="47.58785" lon="-2.69855">
        <ele>2</ele>
      </trkpt>
      <trkpt lat="47.58793" lon="-2.69851">
        <ele>2</ele>
      </trkpt>
      <trkpt lat="47.58814" lon="-2.69833">
        <ele>2</ele>
      </trkpt>
      <trkpt lat="47.58835" lon="-2.69814">
        <ele>2</ele>
      </trkpt>
      <trkpt lat="47.58845" lon="-2.69815">
        <ele>2</ele>
      </trkpt>
      <trkpt lat="47.5885" lon="-2.69839">
        <ele>2</ele>
      </trkpt>
      <trkpt lat="47.58854" lon="-2.69806">
        <ele>2</ele>
      </trkpt>
      <trkpt lat="47.58861" lon="-2.69801">
        <ele>2</ele>
      </trkpt>
      <trkpt lat="47.5888" lon="-2.69804">
        <ele>3</ele>
      </trkpt>
      <trkpt lat="47.58902" lon="-2.69813">
        <ele>2</ele>
      </trkpt>
      <trkpt lat="47.5892" lon="-2.69828">
        <ele>2</ele>
      </trkpt>
      <trkpt lat="47.58933" lon="-2.69844">
        <ele>2</ele>
      </trkpt>
      <trkpt lat="47.58947" lon="-2.69857">
        <ele>2</ele>
      </trkpt>
      <trkpt lat="47.58962" lon="-2.69871">
        <ele>2</ele>
      </trkpt>
      <trkpt lat="47.58978" lon="-2.69897">
        <ele>2</ele>
      </trkpt>
      <trkpt lat="47.58993" lon="-2.69922">
        <ele>2</ele>
      </trkpt>
      <trkpt lat="47.58995" lon="-2.69935">
        <ele>3</ele>
      </trkpt>
      <trkpt lat="47.58989" lon="-2.69964">
        <ele>3</ele>
      </trkpt>
      <trkpt lat="47.58982" lon="-2.69993">
        <ele>3</ele>
      </trkpt>
      <trkpt lat="47.58979" lon="-2.70022">
        <ele>3</ele>
      </trkpt>
      <trkpt lat="47.5898" lon="-2.70043">
        <ele>3</ele>
      </trkpt>
      <trkpt lat="47.58983" lon="-2.70071">
        <ele>3</ele>
      </trkpt>
      <trkpt lat="47.58986" lon="-2.70099">
        <ele>3</ele>
      </trkpt>
      <trkpt lat="47.58988" lon="-2.70127">
        <ele>3</ele>
      </trkpt>
      <trkpt lat="47.58991" lon="-2.70155">
        <ele>3</ele>
      </trkpt>
      <trkpt lat="47.58996" lon="-2.7018">
        <ele>4</ele>
      </trkpt>
      <trkpt lat="47.59009" lon="-2.70212">
        <ele>5</ele>
      </trkpt>
      <trkpt lat="47.59023" lon="-2.70245">
        <ele>5</ele>
      </trkpt>
      <trkpt lat="47.59029" lon="-2.7027">
        <ele>5</ele>
      </trkpt>
      <trkpt lat="47.59034" lon="-2.70279">
        <ele>5</ele>
      </trkpt>
      <trkpt lat="47.59027" lon="-2.70302">
        <ele>6</ele>
      </trkpt>
      <trkpt lat="47.59012" lon="-2.70303">
        <ele>6</ele>
      </trkpt>
      <trkpt lat="47.58997" lon="-2.70303">
        <ele>6</ele>
      </trkpt>
      <trkpt lat="47.58991" lon="-2.70311">
        <ele>6</ele>
      </trkpt>
      <trkpt lat="47.58988" lon="-2.70336">
        <ele>5</ele>
      </trkpt>
      <trkpt lat="47.58975" lon="-2.70347">
        <ele>4</ele>
      </trkpt>
      <trkpt lat="47.58963" lon="-2.70358">
        <ele>4</ele>
      </trkpt>
      <trkpt lat="47.58946" lon="-2.70363">
        <ele>4</ele>
      </trkpt>
      <trkpt lat="47.5894" lon="-2.70374">
        <ele>3</ele>
      </trkpt>
      <trkpt lat="47.5893" lon="-2.70383">
        <ele>3</ele>
      </trkpt>
      <trkpt lat="47.58911" lon="-2.70382">
        <ele>3</ele>
      </trkpt>
      <trkpt lat="47.58892" lon="-2.70376">
        <ele>3</ele>
      </trkpt>
      <trkpt lat="47.58872" lon="-2.70371">
        <ele>3</ele>
      </trkpt>
      <trkpt lat="47.58859" lon="-2.70359">
        <ele>3</ele>
      </trkpt>
      <trkpt lat="47.58853" lon="-2.7033">
        <ele>3</ele>
      </trkpt>
      <trkpt lat="47.5884" lon="-2.70326">
        <ele>2</ele>
      </trkpt>
      <trkpt lat="47.58834" lon="-2.70335">
        <ele>2</ele>
      </trkpt>
      <trkpt lat="47.58816" lon="-2.70331">
        <ele>2</ele>
      </trkpt>
      <trkpt lat="47.58797" lon="-2.70327">
        <ele>2</ele>
      </trkpt>
      <trkpt lat="47.58782" lon="-2.7031">
        <ele>2</ele>
      </trkpt>
      <trkpt lat="47.58767" lon="-2.70292">
        <ele>2</ele>
      </trkpt>
      <trkpt lat="47.58746" lon="-2.7028">
        <ele>2</ele>
      </trkpt>
      <trkpt lat="47.58724" lon="-2.70268">
        <ele>3</ele>
      </trkpt>
      <trkpt lat="47.58713" lon="-2.70278">
        <ele>3</ele>
      </trkpt>
      <trkpt lat="47.58693" lon="-2.70283">
        <ele>3</ele>
      </trkpt>
      <trkpt lat="47.58679" lon="-2.70282">
        <ele>4</ele>
      </trkpt>
      <trkpt lat="47.58665" lon="-2.70281">
        <ele>4</ele>
      </trkpt>
      <trkpt lat="47.5865" lon="-2.7028">
        <ele>5</ele>
      </trkpt>
      <trkpt lat="47.58636" lon="-2.70279">
        <ele>6</ele>
      </trkpt>
      <trkpt lat="47.58622" lon="-2.70278">
        <ele>7</ele>
      </trkpt>
      <trkpt lat="47.58608" lon="-2.70277">
        <ele>7</ele>
      </trkpt>
      <trkpt lat="47.58593" lon="-2.70276">
        <ele>8</ele>
      </trkpt>
      <trkpt lat="47.58579" lon="-2.70275">
        <ele>8</ele>
      </trkpt>
      <trkpt lat="47.58587" lon="-2.70307">
        <ele>8</ele>
      </trkpt>
      <trkpt lat="47.58587" lon="-2.70337">
        <ele>9</ele>
      </trkpt>
      <trkpt lat="47.58581" lon="-2.70368">
        <ele>9</ele>
      </trkpt>
      <trkpt lat="47.58575" lon="-2.70399">
        <ele>9</ele>
      </trkpt>
      <trkpt lat="47.58572" lon="-2.70438">
        <ele>9</ele>
      </trkpt>
      <trkpt lat="47.58569" lon="-2.70477">
        <ele>8</ele>
      </trkpt>
      <trkpt lat="47.58577" lon="-2.70493">
        <ele>8</ele>
      </trkpt>
      <trkpt lat="47.58585" lon="-2.7051">
        <ele>8</ele>
      </trkpt>
      <trkpt lat="47.58597" lon="-2.70521">
        <ele>8</ele>
      </trkpt>
      <trkpt lat="47.58609" lon="-2.70532">
        <ele>7</ele>
      </trkpt>
      <trkpt lat="47.58621" lon="-2.70557">
        <ele>6</ele>
      </trkpt>
      <trkpt lat="47.58625" lon="-2.70577">
        <ele>5</ele>
      </trkpt>
      <trkpt lat="47.58623" lon="-2.70598">
        <ele>4</ele>
      </trkpt>
      <trkpt lat="47.58613" lon="-2.70627">
        <ele>3</ele>
      </trkpt>
      <trkpt lat="47.58604" lon="-2.70655">
        <ele>3</ele>
      </trkpt>
      <trkpt lat="47.5859" lon="-2.70641">
        <ele>3</ele>
      </trkpt>
      <trkpt lat="47.58577" lon="-2.70626">
        <ele>3</ele>
      </trkpt>
      <trkpt lat="47.58564" lon="-2.70618">
        <ele>3</ele>
      </trkpt>
      <trkpt lat="47.58552" lon="-2.7061">
        <ele>3</ele>
      </trkpt>
      <trkpt lat="47.58533" lon="-2.70608">
        <ele>3</ele>
      </trkpt>
      <trkpt lat="47.58512" lon="-2.70601">
        <ele>4</ele>
      </trkpt>
      <trkpt lat="47.58499" lon="-2.70587">
        <ele>4</ele>
      </trkpt>
      <trkpt lat="47.58477" lon="-2.70592">
        <ele>3</ele>
      </trkpt>
      <trkpt lat="47.58461" lon="-2.70603">
        <ele>3</ele>
      </trkpt>
      <trkpt lat="47.58447" lon="-2.70619">
        <ele>4</ele>
      </trkpt>
      <trkpt lat="47.58434" lon="-2.70634">
        <ele>4</ele>
      </trkpt>
      <trkpt lat="47.5842" lon="-2.70641">
        <ele>4</ele>
      </trkpt>
      <trkpt lat="47.58406" lon="-2.70643">
        <ele>5</ele>
      </trkpt>
      <trkpt lat="47.58397" lon="-2.70647">
        <ele>5</ele>
      </trkpt>
      <trkpt lat="47.58388" lon="-2.7066">
        <ele>5</ele>
      </trkpt>
      <trkpt lat="47.58381" lon="-2.70683">
        <ele>5</ele>
      </trkpt>
      <trkpt lat="47.58374" lon="-2.70706">
        <ele>5</ele>
      </trkpt>
      <trkpt lat="47.58365" lon="-2.70724">
        <ele>5</ele>
      </trkpt>
      <trkpt lat="47.58352" lon="-2.70735">
        <ele>4</ele>
      </trkpt>
      <trkpt lat="47.58342" lon="-2.70751">
        <ele>4</ele>
      </trkpt>
      <trkpt lat="47.58332" lon="-2.70766">
        <ele>3</ele>
      </trkpt>
      <trkpt lat="47.58321" lon="-2.70768">
        <ele>3</ele>
      </trkpt>
      <trkpt lat="47.58299" lon="-2.70757">
        <ele>3</ele>
      </trkpt>
      <trkpt lat="47.58289" lon="-2.70742">
        <ele>3</ele>
      </trkpt>
      <trkpt lat="47.58279" lon="-2.70727">
        <ele>3</ele>
      </trkpt>
      <trkpt lat="47.58269" lon="-2.70711">
        <ele>3</ele>
      </trkpt>
      <trkpt lat="47.58259" lon="-2.70696">
        <ele>3</ele>
      </trkpt>
      <trkpt lat="47.58249" lon="-2.70675">
        <ele>3</ele>
      </trkpt>
      <trkpt lat="47.5824" lon="-2.70655">
        <ele>3</ele>
      </trkpt>
      <trkpt lat="47.5823" lon="-2.70634">
        <ele>3</ele>
      </trkpt>
      <trkpt lat="47.5822" lon="-2.70613">
        <ele>3</ele>
      </trkpt>
      <trkpt lat="47.58215" lon="-2.70588">
        <ele>4</ele>
      </trkpt>
      <trkpt lat="47.5821" lon="-2.70563">
        <ele>4</ele>
      </trkpt>
      <trkpt lat="47.5821" lon="-2.70527">
        <ele>4</ele>
      </trkpt>
      <trkpt lat="47.5821" lon="-2.70491">
        <ele>4</ele>
      </trkpt>
      <trkpt lat="47.58188" lon="-2.70495">
        <ele>3</ele>
      </trkpt>
      <trkpt lat="47.58172" lon="-2.70495">
        <ele>3</ele>
      </trkpt>
      <trkpt lat="47.58157" lon="-2.70494">
        <ele>3</ele>
      </trkpt>
      <trkpt lat="47.58143" lon="-2.70491">
        <ele>3</ele>
      </trkpt>
      <trkpt lat="47.5813" lon="-2.70489">
        <ele>3</ele>
      </trkpt>
      <trkpt lat="47.58113" lon="-2.70481">
        <ele>3</ele>
      </trkpt>
      <trkpt lat="47.581" lon="-2.70465">
        <ele>3</ele>
      </trkpt>
      <trkpt lat="47.58086" lon="-2.7045">
        <ele>3</ele>
      </trkpt>
      <trkpt lat="47.58076" lon="-2.70449">
        <ele>3</ele>
      </trkpt>
      <trkpt lat="47.58053" lon="-2.7044">
        <ele>3</ele>
      </trkpt>
      <trkpt lat="47.58031" lon="-2.70431">
        <ele>3</ele>
      </trkpt>
      <trkpt lat="47.58017" lon="-2.70427">
        <ele>3</ele>
      </trkpt>
      <trkpt lat="47.58002" lon="-2.70423">
        <ele>3</ele>
      </trkpt>
      <trkpt lat="47.57988" lon="-2.70418">
        <ele>2</ele>
      </trkpt>
      <trkpt lat="47.57974" lon="-2.70414">
        <ele>2</ele>
      </trkpt>
      <trkpt lat="47.5796" lon="-2.70417">
        <ele>2</ele>
      </trkpt>
      <trkpt lat="47.57946" lon="-2.7042">
        <ele>2</ele>
      </trkpt>
      <trkpt lat="47.57923" lon="-2.70432">
        <ele>2</ele>
      </trkpt>
      <trkpt lat="47.57901" lon="-2.70443">
        <ele>2</ele>
      </trkpt>
      <trkpt lat="47.57878" lon="-2.70455">
        <ele>3</ele>
      </trkpt>
      <trkpt lat="47.57856" lon="-2.70466">
        <ele>4</ele>
      </trkpt>
      <trkpt lat="47.57838" lon="-2.70481">
        <ele>4</ele>
      </trkpt>
      <trkpt lat="47.5782" lon="-2.70497">
        <ele>4</ele>
      </trkpt>
      <trkpt lat="47.57801" lon="-2.70513">
        <ele>5</ele>
      </trkpt>
      <trkpt lat="47.57783" lon="-2.70528">
        <ele>6</ele>
      </trkpt>
      <trkpt lat="47.57769" lon="-2.70535">
        <ele>6</ele>
      </trkpt>
      <trkpt lat="47.57755" lon="-2.70541">
        <ele>6</ele>
      </trkpt>
      <trkpt lat="47.57734" lon="-2.70549">
        <ele>6</ele>
      </trkpt>
      <trkpt lat="47.57713" lon="-2.70558">
        <ele>6</ele>
      </trkpt>
      <trkpt lat="47.57693" lon="-2.70566">
        <ele>6</ele>
      </trkpt>
      <trkpt lat="47.57672" lon="-2.70574">
        <ele>6</ele>
      </trkpt>
      <trkpt lat="47.57649" lon="-2.70575">
        <ele>6</ele>
      </trkpt>
      <trkpt lat="47.57626" lon="-2.70577">
        <ele>6</ele>
      </trkpt>
      <trkpt lat="47.57611" lon="-2.70576">
        <ele>7</ele>
      </trkpt>
      <trkpt lat="47.57596" lon="-2.70576">
        <ele>7</ele>
      </trkpt>
      <trkpt lat="47.57579" lon="-2.7058">
        <ele>7</ele>
      </trkpt>
      <trkpt lat="47.57563" lon="-2.70583">
        <ele>8</ele>
      </trkpt>
      <trkpt lat="47.57552" lon="-2.70603">
        <ele>9</ele>
      </trkpt>
      <trkpt lat="47.57541" lon="-2.70623">
        <ele>9</ele>
      </trkpt>
      <trkpt lat="47.57531" lon="-2.70643">
        <ele>9</ele>
      </trkpt>
      <trkpt lat="47.5752" lon="-2.70663">
        <ele>9</ele>
      </trkpt>
      <trkpt lat="47.57531" lon="-2.70679">
        <ele>9</ele>
      </trkpt>
      <trkpt lat="47.57543" lon="-2.70695">
        <ele>9</ele>
      </trkpt>
      <trkpt lat="47.57554" lon="-2.7071">
        <ele>8</ele>
      </trkpt>
      <trkpt lat="47.57565" lon="-2.70726">
        <ele>8</ele>
      </trkpt>
      <trkpt lat="47.5757" lon="-2.70739">
        <ele>7</ele>
      </trkpt>
      <trkpt lat="47.57577" lon="-2.7074">
        <ele>7</ele>
      </trkpt>
      <trkpt lat="47.57593" lon="-2.70755">
        <ele>5</ele>
      </trkpt>
      <trkpt lat="47.57604" lon="-2.70772">
        <ele>3</ele>
      </trkpt>
      <trkpt lat="47.57615" lon="-2.70789">
        <ele>3</ele>
      </trkpt>
      <trkpt lat="47.57626" lon="-2.70819">
        <ele>2</ele>
      </trkpt>
      <trkpt lat="47.57643" lon="-2.7085">
        <ele>2</ele>
      </trkpt>
      <trkpt lat="47.57649" lon="-2.70883">
        <ele>2</ele>
      </trkpt>
      <trkpt lat="47.57654" lon="-2.70917">
        <ele>2</ele>
      </trkpt>
      <trkpt lat="47.57649" lon="-2.70934">
        <ele>2</ele>
      </trkpt>
      <trkpt lat="47.57636" lon="-2.70955">
        <ele>2</ele>
      </trkpt>
      <trkpt lat="47.57623" lon="-2.70976">
        <ele>3</ele>
      </trkpt>
      <trkpt lat="47.57605" lon="-2.71002">
        <ele>3</ele>
      </trkpt>
      <trkpt lat="47.57587" lon="-2.71029">
        <ele>3</ele>
      </trkpt>
      <trkpt lat="47.57573" lon="-2.71038">
        <ele>3</ele>
      </trkpt>
      <trkpt lat="47.57581" lon="-2.71057">
        <ele>3</ele>
      </trkpt>
      <trkpt lat="47.57588" lon="-2.71076">
        <ele>3</ele>
      </trkpt>
      <trkpt lat="47.57605" lon="-2.71103">
        <ele>3</ele>
      </trkpt>
      <trkpt lat="47.57621" lon="-2.7112">
        <ele>3</ele>
      </trkpt>
      <trkpt lat="47.57637" lon="-2.71136">
        <ele>3</ele>
      </trkpt>
      <trkpt lat="47.57653" lon="-2.71145">
        <ele>4</ele>
      </trkpt>
      <trkpt lat="47.57668" lon="-2.71154">
        <ele>4</ele>
      </trkpt>
      <trkpt lat="47.57684" lon="-2.71163">
        <ele>4</ele>
      </trkpt>
      <trkpt lat="47.577" lon="-2.71172">
        <ele>4</ele>
      </trkpt>
      <trkpt lat="47.57715" lon="-2.71186">
        <ele>4</ele>
      </trkpt>
      <trkpt lat="47.5773" lon="-2.71199">
        <ele>4</ele>
      </trkpt>
      <trkpt lat="47.57746" lon="-2.71213">
        <ele>3</ele>
      </trkpt>
      <trkpt lat="47.57761" lon="-2.71227">
        <ele>3</ele>
      </trkpt>
      <trkpt lat="47.57775" lon="-2.71241">
        <ele>3</ele>
      </trkpt>
      <trkpt lat="47.57788" lon="-2.71254">
        <ele>3</ele>
      </trkpt>
      <trkpt lat="47.57802" lon="-2.71268">
        <ele>3</ele>
      </trkpt>
      <trkpt lat="47.57816" lon="-2.71281">
        <ele>3</ele>
      </trkpt>
      <trkpt lat="47.5783" lon="-2.71295">
        <ele>3</ele>
      </trkpt>
      <trkpt lat="47.57843" lon="-2.71309">
        <ele>3</ele>
      </trkpt>
      <trkpt lat="47.57857" lon="-2.71322">
        <ele>3</ele>
      </trkpt>
      <trkpt lat="47.57871" lon="-2.71336">
        <ele>3</ele>
      </trkpt>
      <trkpt lat="47.57875" lon="-2.71339">
        <ele>3</ele>
      </trkpt>
      <trkpt lat="47.57892" lon="-2.71341">
        <ele>4</ele>
      </trkpt>
      <trkpt lat="47.57909" lon="-2.71343">
        <ele>4</ele>
      </trkpt>
      <trkpt lat="47.57927" lon="-2.71345">
        <ele>4</ele>
      </trkpt>
      <trkpt lat="47.57944" lon="-2.71347">
        <ele>4</ele>
      </trkpt>
      <trkpt lat="47.57964" lon="-2.71352">
        <ele>3</ele>
      </trkpt>
      <trkpt lat="47.57974" lon="-2.71357">
        <ele>3</ele>
      </trkpt>
      <trkpt lat="47.57973" lon="-2.71367">
        <ele>3</ele>
      </trkpt>
      <trkpt lat="47.57952" lon="-2.71388">
        <ele>3</ele>
      </trkpt>
      <trkpt lat="47.57939" lon="-2.71397">
        <ele>3</ele>
      </trkpt>
      <trkpt lat="47.57926" lon="-2.71406">
        <ele>3</ele>
      </trkpt>
      <trkpt lat="47.57916" lon="-2.71417">
        <ele>3</ele>
      </trkpt>
      <trkpt lat="47.57911" lon="-2.71429">
        <ele>3</ele>
      </trkpt>
      <trkpt lat="47.57905" lon="-2.7143">
        <ele>3</ele>
      </trkpt>
      <trkpt lat="47.57899" lon="-2.71438">
        <ele>3</ele>
      </trkpt>
      <trkpt lat="47.57882" lon="-2.71442">
        <ele>3</ele>
      </trkpt>
      <trkpt lat="47.57877" lon="-2.71439">
        <ele>3</ele>
      </trkpt>
      <trkpt lat="47.5787" lon="-2.71443">
        <ele>3</ele>
      </trkpt>
      <trkpt lat="47.57858" lon="-2.71453">
        <ele>3</ele>
      </trkpt>
      <trkpt lat="47.57846" lon="-2.71464">
        <ele>3</ele>
      </trkpt>
      <trkpt lat="47.57835" lon="-2.71474">
        <ele>2</ele>
      </trkpt>
      <trkpt lat="47.57823" lon="-2.71484">
        <ele>2</ele>
      </trkpt>
      <trkpt lat="47.57811" lon="-2.71492">
        <ele>2</ele>
      </trkpt>
      <trkpt lat="47.57787" lon="-2.71493">
        <ele>2</ele>
      </trkpt>
      <trkpt lat="47.57763" lon="-2.71493">
        <ele>2</ele>
      </trkpt>
      <trkpt lat="47.57742" lon="-2.71498">
        <ele>2</ele>
      </trkpt>
      <trkpt lat="47.57722" lon="-2.71503">
        <ele>3</ele>
      </trkpt>
      <trkpt lat="47.57699" lon="-2.71517">
        <ele>3</ele>
      </trkpt>
      <trkpt lat="47.57686" lon="-2.71527">
        <ele>3</ele>
      </trkpt>
      <trkpt lat="47.57673" lon="-2.71537">
        <ele>3</ele>
      </trkpt>
      <trkpt lat="47.57661" lon="-2.71548">
        <ele>3</ele>
      </trkpt>
      <trkpt lat="47.57648" lon="-2.71558">
        <ele>3</ele>
      </trkpt>
      <trkpt lat="47.57629" lon="-2.71571">
        <ele>3</ele>
      </trkpt>
      <trkpt lat="47.5761" lon="-2.71584">
        <ele>3</ele>
      </trkpt>
      <trkpt lat="47.57596" lon="-2.71591">
        <ele>3</ele>
      </trkpt>
      <trkpt lat="47.57583" lon="-2.71598">
        <ele>3</ele>
      </trkpt>
      <trkpt lat="47.5757" lon="-2.71606">
        <ele>3</ele>
      </trkpt>
      <trkpt lat="47.57557" lon="-2.71615">
        <ele>3</ele>
      </trkpt>
      <trkpt lat="47.57547" lon="-2.71623">
        <ele>3</ele>
      </trkpt>
      <trkpt lat="47.57529" lon="-2.71648">
        <ele>3</ele>
      </trkpt>
      <trkpt lat="47.57514" lon="-2.71645">
        <ele>3</ele>
      </trkpt>
      <trkpt lat="47.57499" lon="-2.71643">
        <ele>3</ele>
      </trkpt>
      <trkpt lat="47.57494" lon="-2.71646">
        <ele>3</ele>
      </trkpt>
      <trkpt lat="47.57482" lon="-2.71643">
        <ele>3</ele>
      </trkpt>
      <trkpt lat="47.57463" lon="-2.71643">
        <ele>3</ele>
      </trkpt>
      <trkpt lat="47.57449" lon="-2.71648">
        <ele>3</ele>
      </trkpt>
      <trkpt lat="47.57435" lon="-2.71653">
        <ele>3</ele>
      </trkpt>
      <trkpt lat="47.5742" lon="-2.71659">
        <ele>3</ele>
      </trkpt>
      <trkpt lat="47.57406" lon="-2.71664">
        <ele>3</ele>
      </trkpt>
      <trkpt lat="47.57384" lon="-2.71676">
        <ele>3</ele>
      </trkpt>
      <trkpt lat="47.57361" lon="-2.71688">
        <ele>3</ele>
      </trkpt>
      <trkpt lat="47.57351" lon="-2.71698">
        <ele>3</ele>
      </trkpt>
      <trkpt lat="47.57348" lon="-2.7171">
        <ele>3</ele>
      </trkpt>
      <trkpt lat="47.5734" lon="-2.71723">
        <ele>3</ele>
      </trkpt>
      <trkpt lat="47.57332" lon="-2.71746">
        <ele>3</ele>
      </trkpt>
      <trkpt lat="47.57327" lon="-2.71774">
        <ele>3</ele>
      </trkpt>
      <trkpt lat="47.57321" lon="-2.71801">
        <ele>3</ele>
      </trkpt>
      <trkpt lat="47.57313" lon="-2.7181">
        <ele>3</ele>
      </trkpt>
      <trkpt lat="47.57288" lon="-2.71827">
        <ele>3</ele>
      </trkpt>
      <trkpt lat="47.57264" lon="-2.71843">
        <ele>3</ele>
      </trkpt>
      <trkpt lat="47.57251" lon="-2.71849">
        <ele>3</ele>
      </trkpt>
      <trkpt lat="47.57235" lon="-2.71851">
        <ele>3</ele>
      </trkpt>
      <trkpt lat="47.57219" lon="-2.71853">
        <ele>3</ele>
      </trkpt>
      <trkpt lat="47.57214" lon="-2.71856">
        <ele>3</ele>
      </trkpt>
      <trkpt lat="47.57218" lon="-2.71864">
        <ele>3</ele>
      </trkpt>
      <trkpt lat="47.57219" lon="-2.7188">
        <ele>3</ele>
      </trkpt>
      <trkpt lat="47.57209" lon="-2.71888">
        <ele>3</ele>
      </trkpt>
      <trkpt lat="47.57187" lon="-2.71888">
        <ele>3</ele>
      </trkpt>
      <trkpt lat="47.57178" lon="-2.71918">
        <ele>3</ele>
      </trkpt>
      <trkpt lat="47.57168" lon="-2.71949">
        <ele>3</ele>
      </trkpt>
      <trkpt lat="47.57157" lon="-2.71968">
        <ele>3</ele>
      </trkpt>
      <trkpt lat="47.57151" lon="-2.71991">
        <ele>3</ele>
      </trkpt>
      <trkpt lat="47.57151" lon="-2.72">
        <ele>3</ele>
      </trkpt>
      <trkpt lat="47.57161" lon="-2.72031">
        <ele>3</ele>
      </trkpt>
      <trkpt lat="47.57171" lon="-2.72062">
        <ele>3</ele>
      </trkpt>
      <trkpt lat="47.5718" lon="-2.72099">
        <ele>3</ele>
      </trkpt>
      <trkpt lat="47.5719" lon="-2.72136">
        <ele>3</ele>
      </trkpt>
      <trkpt lat="47.57189" lon="-2.72159">
        <ele>2</ele>
      </trkpt>
      <trkpt lat="47.57189" lon="-2.72182">
        <ele>2</ele>
      </trkpt>
      <trkpt lat="47.57183" lon="-2.72198">
        <ele>2</ele>
      </trkpt>
      <trkpt lat="47.57173" lon="-2.72203">
        <ele>2</ele>
      </trkpt>
      <trkpt lat="47.57159" lon="-2.72204">
        <ele>2</ele>
      </trkpt>
      <trkpt lat="47.57146" lon="-2.72209">
        <ele>2</ele>
      </trkpt>
      <trkpt lat="47.5713" lon="-2.72205">
        <ele>2</ele>
      </trkpt>
      <trkpt lat="47.57114" lon="-2.72201">
        <ele>2</ele>
      </trkpt>
      <trkpt lat="47.571" lon="-2.72226">
        <ele>3</ele>
      </trkpt>
      <trkpt lat="47.57085" lon="-2.7225">
        <ele>3</ele>
      </trkpt>
      <trkpt lat="47.57071" lon="-2.72274">
        <ele>3</ele>
      </trkpt>
      <trkpt lat="47.57057" lon="-2.72299">
        <ele>3</ele>
      </trkpt>
      <trkpt lat="47.57047" lon="-2.72319">
        <ele>3</ele>
      </trkpt>
      <trkpt lat="47.57037" lon="-2.7234">
        <ele>3</ele>
      </trkpt>
      <trkpt lat="47.57031" lon="-2.7237">
        <ele>3</ele>
      </trkpt>
      <trkpt lat="47.57026" lon="-2.72401">
        <ele>3</ele>
      </trkpt>
      <trkpt lat="47.57023" lon="-2.72426">
        <ele>3</ele>
      </trkpt>
      <trkpt lat="47.5702" lon="-2.72452">
        <ele>3</ele>
      </trkpt>
      <trkpt lat="47.57015" lon="-2.72462">
        <ele>3</ele>
      </trkpt>
      <trkpt lat="47.56995" lon="-2.72464">
        <ele>3</ele>
      </trkpt>
      <trkpt lat="47.56989" lon="-2.72469">
        <ele>3</ele>
      </trkpt>
      <trkpt lat="47.56994" lon="-2.72504">
        <ele>3</ele>
      </trkpt>
      <trkpt lat="47.56991" lon="-2.72529">
        <ele>3</ele>
      </trkpt>
      <trkpt lat="47.56987" lon="-2.72554">
        <ele>3</ele>
      </trkpt>
      <trkpt lat="47.56983" lon="-2.7258">
        <ele>3</ele>
      </trkpt>
      <trkpt lat="47.5698" lon="-2.72605">
        <ele>3</ele>
      </trkpt>
      <trkpt lat="47.56973" lon="-2.72615">
        <ele>3</ele>
      </trkpt>
      <trkpt lat="47.56958" lon="-2.7263">
        <ele>3</ele>
      </trkpt>
      <trkpt lat="47.56943" lon="-2.72645">
        <ele>3</ele>
      </trkpt>
      <trkpt lat="47.56928" lon="-2.7266">
        <ele>3</ele>
      </trkpt>
      <trkpt lat="47.56913" lon="-2.72675">
        <ele>3</ele>
      </trkpt>
      <trkpt lat="47.56902" lon="-2.72689">
        <ele>3</ele>
      </trkpt>
      <trkpt lat="47.56891" lon="-2.72702">
        <ele>3</ele>
      </trkpt>
      <trkpt lat="47.56871" lon="-2.72704">
        <ele>3</ele>
      </trkpt>
      <trkpt lat="47.56852" lon="-2.72701">
        <ele>2</ele>
      </trkpt>
      <trkpt lat="47.56845" lon="-2.72706">
        <ele>2</ele>
      </trkpt>
      <trkpt lat="47.56819" lon="-2.72713">
        <ele>2</ele>
      </trkpt>
      <trkpt lat="47.56793" lon="-2.72719">
        <ele>2</ele>
      </trkpt>
      <trkpt lat="47.56779" lon="-2.72718">
        <ele>2</ele>
      </trkpt>
      <trkpt lat="47.56765" lon="-2.72717">
        <ele>2</ele>
      </trkpt>
      <trkpt lat="47.56749" lon="-2.72706">
        <ele>2</ele>
      </trkpt>
      <trkpt lat="47.56732" lon="-2.72695">
        <ele>2</ele>
      </trkpt>
      <trkpt lat="47.56716" lon="-2.72684">
        <ele>2</ele>
      </trkpt>
      <trkpt lat="47.567" lon="-2.72673">
        <ele>2</ele>
      </trkpt>
      <trkpt lat="47.56697" lon="-2.72697">
        <ele>3</ele>
      </trkpt>
      <trkpt lat="47.56694" lon="-2.72722">
        <ele>3</ele>
      </trkpt>
      <trkpt lat="47.56691" lon="-2.72747">
        <ele>3</ele>
      </trkpt>
      <trkpt lat="47.56688" lon="-2.72771">
        <ele>3</ele>
      </trkpt>
      <trkpt lat="47.56672" lon="-2.72758">
        <ele>3</ele>
      </trkpt>
      <trkpt lat="47.56656" lon="-2.72745">
        <ele>3</ele>
      </trkpt>
      <trkpt lat="47.56641" lon="-2.72732">
        <ele>3</ele>
      </trkpt>
      <trkpt lat="47.56625" lon="-2.72719">
        <ele>3</ele>
      </trkpt>
      <trkpt lat="47.56621" lon="-2.7272">
        <ele>3</ele>
      </trkpt>
      <trkpt lat="47.56595" lon="-2.7271">
        <ele>3</ele>
      </trkpt>
      <trkpt lat="47.56587" lon="-2.7271">
        <ele>3</ele>
      </trkpt>
      <trkpt lat="47.56571" lon="-2.72702">
        <ele>3</ele>
      </trkpt>
      <trkpt lat="47.56556" lon="-2.72694">
        <ele>3</ele>
      </trkpt>
      <trkpt lat="47.56536" lon="-2.72687">
        <ele>3</ele>
      </trkpt>
      <trkpt lat="47.5652" lon="-2.72677">
        <ele>3</ele>
      </trkpt>
      <trkpt lat="47.56519" lon="-2.7267">
        <ele>3</ele>
      </trkpt>
      <trkpt lat="47.56513" lon="-2.72663">
        <ele>3</ele>
      </trkpt>
      <trkpt lat="47.56495" lon="-2.72657">
        <ele>3</ele>
      </trkpt>
      <trkpt lat="47.56478" lon="-2.72651">
        <ele>3</ele>
      </trkpt>
      <trkpt lat="47.56475" lon="-2.72648">
        <ele>4</ele>
      </trkpt>
      <trkpt lat="47.5647" lon="-2.72651">
        <ele>4</ele>
      </trkpt>
      <trkpt lat="47.56464" lon="-2.72648">
        <ele>4</ele>
      </trkpt>
      <trkpt lat="47.56453" lon="-2.72635">
        <ele>5</ele>
      </trkpt>
      <trkpt lat="47.56443" lon="-2.72621">
        <ele>5</ele>
      </trkpt>
      <trkpt lat="47.56453" lon="-2.72604">
        <ele>6</ele>
      </trkpt>
      <trkpt lat="47.56463" lon="-2.72587">
        <ele>6</ele>
      </trkpt>
      <trkpt lat="47.56458" lon="-2.72564">
        <ele>6</ele>
      </trkpt>
      <trkpt lat="47.56457" lon="-2.72545">
        <ele>6</ele>
      </trkpt>
      <trkpt lat="47.5646" lon="-2.72507">
        <ele>5</ele>
      </trkpt>
      <trkpt lat="47.56463" lon="-2.72469">
        <ele>4</ele>
      </trkpt>
      <trkpt lat="47.5645" lon="-2.72436">
        <ele>3</ele>
      </trkpt>
      <trkpt lat="47.56437" lon="-2.72403">
        <ele>3</ele>
      </trkpt>
      <trkpt lat="47.56436" lon="-2.72386">
        <ele>3</ele>
      </trkpt>
      <trkpt lat="47.56412" lon="-2.72386">
        <ele>3</ele>
      </trkpt>
      <trkpt lat="47.56387" lon="-2.72386">
        <ele>3</ele>
      </trkpt>
      <trkpt lat="47.56384" lon="-2.7235">
        <ele>3</ele>
      </trkpt>
      <trkpt lat="47.56381" lon="-2.72314">
        <ele>2</ele>
      </trkpt>
      <trkpt lat="47.56377" lon="-2.7229">
        <ele>2</ele>
      </trkpt>
      <trkpt lat="47.56374" lon="-2.72266">
        <ele>2</ele>
      </trkpt>
      <trkpt lat="47.5637" lon="-2.72241">
        <ele>2</ele>
      </trkpt>
      <trkpt lat="47.56367" lon="-2.72217">
        <ele>2</ele>
      </trkpt>
      <trkpt lat="47.56369" lon="-2.7218">
        <ele>3</ele>
      </trkpt>
      <trkpt lat="47.56371" lon="-2.72143">
        <ele>3</ele>
      </trkpt>
      <trkpt lat="47.56378" lon="-2.72123">
        <ele>3</ele>
      </trkpt>
      <trkpt lat="47.56386" lon="-2.72102">
        <ele>4</ele>
      </trkpt>
      <trkpt lat="47.56393" lon="-2.72081">
        <ele>4</ele>
      </trkpt>
      <trkpt lat="47.564" lon="-2.72061">
        <ele>4</ele>
      </trkpt>
      <trkpt lat="47.56401" lon="-2.72042">
        <ele>5</ele>
      </trkpt>
      <trkpt lat="47.56377" lon="-2.72048">
        <ele>5</ele>
      </trkpt>
      <trkpt lat="47.56353" lon="-2.72053">
        <ele>5</ele>
      </trkpt>
      <trkpt lat="47.56329" lon="-2.72059">
        <ele>5</ele>
      </trkpt>
      <trkpt lat="47.56305" lon="-2.72065">
        <ele>5</ele>
      </trkpt>
      <trkpt lat="47.56284" lon="-2.72064">
        <ele>5</ele>
      </trkpt>
      <trkpt lat="47.56263" lon="-2.72063">
        <ele>6</ele>
      </trkpt>
      <trkpt lat="47.56242" lon="-2.72062">
        <ele>6</ele>
      </trkpt>
      <trkpt lat="47.56221" lon="-2.72061">
        <ele>6</ele>
      </trkpt>
      <trkpt lat="47.562" lon="-2.7206">
        <ele>6</ele>
      </trkpt>
      <trkpt lat="47.56179" lon="-2.72059">
        <ele>7</ele>
      </trkpt>
      <trkpt lat="47.56158" lon="-2.72058">
        <ele>7</ele>
      </trkpt>
      <trkpt lat="47.56137" lon="-2.72057">
        <ele>7</ele>
      </trkpt>
      <trkpt lat="47.56116" lon="-2.72056">
        <ele>8</ele>
      </trkpt>
      <trkpt lat="47.56095" lon="-2.72055">
        <ele>9</ele>
      </trkpt>
      <trkpt lat="47.56074" lon="-2.72054">
        <ele>10</ele>
      </trkpt>
      <trkpt lat="47.56053" lon="-2.72053">
        <ele>11</ele>
      </trkpt>
      <trkpt lat="47.56032" lon="-2.72052">
        <ele>11</ele>
      </trkpt>
      <trkpt lat="47.56011" lon="-2.72051">
        <ele>11</ele>
      </trkpt>
      <trkpt lat="47.5599" lon="-2.7205">
        <ele>11</ele>
      </trkpt>
      <trkpt lat="47.55969" lon="-2.7205">
        <ele>11</ele>
      </trkpt>
      <trkpt lat="47.55949" lon="-2.72049">
        <ele>11</ele>
      </trkpt>
      <trkpt lat="47.55928" lon="-2.72048">
        <ele>11</ele>
      </trkpt>
      <trkpt lat="47.55907" lon="-2.72047">
        <ele>11</ele>
      </trkpt>
      <trkpt lat="47.55886" lon="-2.72046">
        <ele>11</ele>
      </trkpt>
      <trkpt lat="47.55865" lon="-2.72045">
        <ele>11</ele>
      </trkpt>
      <trkpt lat="47.55844" lon="-2.72044">
        <ele>11</ele>
      </trkpt>
      <trkpt lat="47.55823" lon="-2.72043">
        <ele>12</ele>
      </trkpt>
      <trkpt lat="47.55802" lon="-2.72042">
        <ele>12</ele>
      </trkpt>
      <trkpt lat="47.55781" lon="-2.72041">
        <ele>12</ele>
      </trkpt>
      <trkpt lat="47.5576" lon="-2.7204">
        <ele>12</ele>
      </trkpt>
      <trkpt lat="47.55739" lon="-2.72039">
        <ele>11</ele>
      </trkpt>
      <trkpt lat="47.55718" lon="-2.72038">
        <ele>10</ele>
      </trkpt>
      <trkpt lat="47.55697" lon="-2.72037">
        <ele>10</ele>
      </trkpt>
      <trkpt lat="47.55676" lon="-2.72036">
        <ele>9</ele>
      </trkpt>
      <trkpt lat="47.55655" lon="-2.72035">
        <ele>7</ele>
      </trkpt>
      <trkpt lat="47.55634" lon="-2.72034">
        <ele>7</ele>
      </trkpt>
      <trkpt lat="47.55616" lon="-2.7203">
        <ele>6</ele>
      </trkpt>
      <trkpt lat="47.55598" lon="-2.72025">
        <ele>6</ele>
      </trkpt>
      <trkpt lat="47.5558" lon="-2.72043">
        <ele>6</ele>
      </trkpt>
      <trkpt lat="47.55562" lon="-2.72061">
        <ele>6</ele>
      </trkpt>
      <trkpt lat="47.55546" lon="-2.7207">
        <ele>7</ele>
      </trkpt>
      <trkpt lat="47.55531" lon="-2.72078">
        <ele>7</ele>
      </trkpt>
      <trkpt lat="47.55509" lon="-2.72079">
        <ele>8</ele>
      </trkpt>
      <trkpt lat="47.55487" lon="-2.72079">
        <ele>8</ele>
      </trkpt>
      <trkpt lat="47.55473" lon="-2.72077">
        <ele>8</ele>
      </trkpt>
      <trkpt lat="47.5546" lon="-2.72075">
        <ele>8</ele>
      </trkpt>
      <trkpt lat="47.55446" lon="-2.72073">
        <ele>8</ele>
      </trkpt>
      <trkpt lat="47.55432" lon="-2.72071">
        <ele>8</ele>
      </trkpt>
      <trkpt lat="47.55418" lon="-2.72069">
        <ele>8</ele>
      </trkpt>
      <trkpt lat="47.55405" lon="-2.72067">
        <ele>8</ele>
      </trkpt>
      <trkpt lat="47.55391" lon="-2.72065">
        <ele>8</ele>
      </trkpt>
      <trkpt lat="47.55377" lon="-2.72063">
        <ele>8</ele>
      </trkpt>
      <trkpt lat="47.55362" lon="-2.7206">
        <ele>7</ele>
      </trkpt>
      <trkpt lat="47.55348" lon="-2.72057">
        <ele>7</ele>
      </trkpt>
      <trkpt lat="47.55334" lon="-2.72054">
        <ele>6</ele>
      </trkpt>
      <trkpt lat="47.55319" lon="-2.72051">
        <ele>6</ele>
      </trkpt>
      <trkpt lat="47.55295" lon="-2.72044">
        <ele>6</ele>
      </trkpt>
      <trkpt lat="47.55271" lon="-2.72036">
        <ele>6</ele>
      </trkpt>
      <trkpt lat="47.55256" lon="-2.72028">
        <ele>7</ele>
      </trkpt>
      <trkpt lat="47.55241" lon="-2.72021">
        <ele>8</ele>
      </trkpt>
      <trkpt lat="47.55226" lon="-2.72025">
        <ele>9</ele>
      </trkpt>
      <trkpt lat="47.55211" lon="-2.72028">
        <ele>9</ele>
      </trkpt>
      <trkpt lat="47.55196" lon="-2.72032">
        <ele>10</ele>
      </trkpt>
      <trkpt lat="47.55182" lon="-2.72036">
        <ele>11</ele>
      </trkpt>
      <trkpt lat="47.55167" lon="-2.7204">
        <ele>12</ele>
      </trkpt>
      <trkpt lat="47.55152" lon="-2.72044">
        <ele>12</ele>
      </trkpt>
      <trkpt lat="47.55137" lon="-2.72047">
        <ele>13</ele>
      </trkpt>
      <trkpt lat="47.55122" lon="-2.72051">
        <ele>13</ele>
      </trkpt>
      <trkpt lat="47.55106" lon="-2.72052">
        <ele>13</ele>
      </trkpt>
      <trkpt lat="47.5509" lon="-2.72053">
        <ele>13</ele>
      </trkpt>
      <trkpt lat="47.55074" lon="-2.72054">
        <ele>13</ele>
      </trkpt>
      <trkpt lat="47.55058" lon="-2.72055">
        <ele>13</ele>
      </trkpt>
      <trkpt lat="47.55056" lon="-2.72087">
        <ele>12</ele>
      </trkpt>
      <trkpt lat="47.55057" lon="-2.72108">
        <ele>11</ele>
      </trkpt>
      <trkpt lat="47.55059" lon="-2.7213">
        <ele>10</ele>
      </trkpt>
      <trkpt lat="47.5506" lon="-2.72151">
        <ele>9</ele>
      </trkpt>
      <trkpt lat="47.55061" lon="-2.72172">
        <ele>8</ele>
      </trkpt>
      <trkpt lat="47.55063" lon="-2.72193">
        <ele>7</ele>
      </trkpt>
      <trkpt lat="47.55064" lon="-2.72215">
        <ele>6</ele>
      </trkpt>
      <trkpt lat="47.55066" lon="-2.72236">
        <ele>5</ele>
      </trkpt>
      <trkpt lat="47.55067" lon="-2.72257">
        <ele>4</ele>
      </trkpt>
      <trkpt lat="47.55069" lon="-2.72277">
        <ele>4</ele>
      </trkpt>
      <trkpt lat="47.55071" lon="-2.72297">
        <ele>4</ele>
      </trkpt>
      <trkpt lat="47.55074" lon="-2.72317">
        <ele>4</ele>
      </trkpt>
      <trkpt lat="47.55076" lon="-2.72337">
        <ele>4</ele>
      </trkpt>
      <trkpt lat="47.55078" lon="-2.72357">
        <ele>3</ele>
      </trkpt>
      <trkpt lat="47.5508" lon="-2.72377">
        <ele>3</ele>
      </trkpt>
      <trkpt lat="47.55082" lon="-2.72397">
        <ele>3</ele>
      </trkpt>
      <trkpt lat="47.55084" lon="-2.72417">
        <ele>3</ele>
      </trkpt>
      <trkpt lat="47.55087" lon="-2.72437">
        <ele>3</ele>
      </trkpt>
      <trkpt lat="47.55089" lon="-2.72457">
        <ele>3</ele>
      </trkpt>
      <trkpt lat="47.55091" lon="-2.72477">
        <ele>3</ele>
      </trkpt>
      <trkpt lat="47.55093" lon="-2.72497">
        <ele>3</ele>
      </trkpt>
      <trkpt lat="47.55095" lon="-2.72517">
        <ele>3</ele>
      </trkpt>
      <trkpt lat="47.55098" lon="-2.72537">
        <ele>3</ele>
      </trkpt>
      <trkpt lat="47.551" lon="-2.72557">
        <ele>3</ele>
      </trkpt>
      <trkpt lat="47.55102" lon="-2.72577">
        <ele>3</ele>
      </trkpt>
      <trkpt lat="47.55102" lon="-2.72605">
        <ele>3</ele>
      </trkpt>
      <trkpt lat="47.55103" lon="-2.72633">
        <ele>3</ele>
      </trkpt>
      <trkpt lat="47.55103" lon="-2.72662">
        <ele>3</ele>
      </trkpt>
      <trkpt lat="47.55104" lon="-2.7269">
        <ele>3</ele>
      </trkpt>
      <trkpt lat="47.55111" lon="-2.72713">
        <ele>3</ele>
      </trkpt>
      <trkpt lat="47.55118" lon="-2.72735">
        <ele>3</ele>
      </trkpt>
      <trkpt lat="47.55124" lon="-2.72757">
        <ele>3</ele>
      </trkpt>
      <trkpt lat="47.55131" lon="-2.7278">
        <ele>3</ele>
      </trkpt>
      <trkpt lat="47.55138" lon="-2.72798">
        <ele>3</ele>
      </trkpt>
      <trkpt lat="47.55146" lon="-2.72817">
        <ele>3</ele>
      </trkpt>
      <trkpt lat="47.55153" lon="-2.72835">
        <ele>3</ele>
      </trkpt>
      <trkpt lat="47.5516" lon="-2.72853">
        <ele>3</ele>
      </trkpt>
      <trkpt lat="47.55167" lon="-2.72872">
        <ele>3</ele>
      </trkpt>
      <trkpt lat="47.55174" lon="-2.7289">
        <ele>3</ele>
      </trkpt>
      <trkpt lat="47.55182" lon="-2.72909">
        <ele>3</ele>
      </trkpt>
      <trkpt lat="47.55189" lon="-2.72927">
        <ele>3</ele>
      </trkpt>
      <trkpt lat="47.55211" lon="-2.72947">
        <ele>3</ele>
      </trkpt>
      <trkpt lat="47.55232" lon="-2.72968">
        <ele>3</ele>
      </trkpt>
      <trkpt lat="47.55254" lon="-2.72989">
        <ele>3</ele>
      </trkpt>
      <trkpt lat="47.55276" lon="-2.73009">
        <ele>3</ele>
      </trkpt>
      <trkpt lat="47.55295" lon="-2.7301">
        <ele>3</ele>
      </trkpt>
      <trkpt lat="47.55295" lon="-2.73037">
        <ele>3</ele>
      </trkpt>
      <trkpt lat="47.55294" lon="-2.73064">
        <ele>4</ele>
      </trkpt>
      <trkpt lat="47.55294" lon="-2.73092">
        <ele>5</ele>
      </trkpt>
      <trkpt lat="47.55293" lon="-2.73119">
        <ele>5</ele>
      </trkpt>
      <trkpt lat="47.55283" lon="-2.73121">
        <ele>5</ele>
      </trkpt>
      <trkpt lat="47.55268" lon="-2.7312">
        <ele>5</ele>
      </trkpt>
      <trkpt lat="47.55252" lon="-2.73119">
        <ele>5</ele>
      </trkpt>
      <trkpt lat="47.55237" lon="-2.73118">
        <ele>5</ele>
      </trkpt>
      <trkpt lat="47.55221" lon="-2.73117">
        <ele>5</ele>
      </trkpt>
      <trkpt lat="47.55206" lon="-2.73115">
        <ele>4</ele>
      </trkpt>
      <trkpt lat="47.55191" lon="-2.73113">
        <ele>4</ele>
      </trkpt>
      <trkpt lat="47.55176" lon="-2.7311">
        <ele>4</ele>
      </trkpt>
      <trkpt lat="47.55161" lon="-2.73108">
        <ele>3</ele>
      </trkpt>
      <trkpt lat="47.55145" lon="-2.73107">
        <ele>3</ele>
      </trkpt>
      <trkpt lat="47.5513" lon="-2.73105">
        <ele>3</ele>
      </trkpt>
      <trkpt lat="47.55114" lon="-2.73103">
        <ele>3</ele>
      </trkpt>
      <trkpt lat="47.55099" lon="-2.73102">
        <ele>3</ele>
      </trkpt>
      <trkpt lat="47.55072" lon="-2.73101">
        <ele>3</ele>
      </trkpt>
      <trkpt lat="47.55046" lon="-2.731">
        <ele>3</ele>
      </trkpt>
      <trkpt lat="47.55039" lon="-2.73095">
        <ele>3</ele>
      </trkpt>
      <trkpt lat="47.55044" lon="-2.73076">
        <ele>3</ele>
      </trkpt>
      <trkpt lat="47.55048" lon="-2.73056">
        <ele>3</ele>
      </trkpt>
      <trkpt lat="47.5506" lon="-2.73038">
        <ele>3</ele>
      </trkpt>
      <trkpt lat="47.55071" lon="-2.7302">
        <ele>3</ele>
      </trkpt>
      <trkpt lat="47.55084" lon="-2.73007">
        <ele>3</ele>
      </trkpt>
      <trkpt lat="47.55077" lon="-2.72991">
        <ele>3</ele>
      </trkpt>
      <trkpt lat="47.55064" lon="-2.72984">
        <ele>3</ele>
      </trkpt>
      <trkpt lat="47.55051" lon="-2.72976">
        <ele>3</ele>
      </trkpt>
      <trkpt lat="47.55037" lon="-2.72969">
        <ele>3</ele>
      </trkpt>
      <trkpt lat="47.55024" lon="-2.72962">
        <ele>3</ele>
      </trkpt>
      <trkpt lat="47.55001" lon="-2.72952">
        <ele>3</ele>
      </trkpt>
      <trkpt lat="47.54978" lon="-2.72942">
        <ele>3</ele>
      </trkpt>
      <trkpt lat="47.54963" lon="-2.72933">
        <ele>3</ele>
      </trkpt>
      <trkpt lat="47.54948" lon="-2.72924">
        <ele>3</ele>
      </trkpt>
      <trkpt lat="47.54933" lon="-2.72914">
        <ele>3</ele>
      </trkpt>
      <trkpt lat="47.54917" lon="-2.72905">
        <ele>3</ele>
      </trkpt>
      <trkpt lat="47.54902" lon="-2.72896">
        <ele>3</ele>
      </trkpt>
      <trkpt lat="47.54887" lon="-2.72886">
        <ele>3</ele>
      </trkpt>
      <trkpt lat="47.54872" lon="-2.72877">
        <ele>3</ele>
      </trkpt>
      <trkpt lat="47.54857" lon="-2.72868">
        <ele>3</ele>
      </trkpt>
      <trkpt lat="47.54843" lon="-2.72862">
        <ele>3</ele>
      </trkpt>
      <trkpt lat="47.54829" lon="-2.72856">
        <ele>3</ele>
      </trkpt>
      <trkpt lat="47.54816" lon="-2.72849">
        <ele>3</ele>
      </trkpt>
      <trkpt lat="47.54802" lon="-2.72843">
        <ele>3</ele>
      </trkpt>
      <trkpt lat="47.54783" lon="-2.72833">
        <ele>3</ele>
      </trkpt>
      <trkpt lat="47.54765" lon="-2.72823">
        <ele>3</ele>
      </trkpt>
      <trkpt lat="47.54754" lon="-2.7282">
        <ele>3</ele>
      </trkpt>
      <trkpt lat="47.54752" lon="-2.72847">
        <ele>3</ele>
      </trkpt>
      <trkpt lat="47.54733" lon="-2.72864">
        <ele>3</ele>
      </trkpt>
      <trkpt lat="47.54713" lon="-2.72881">
        <ele>3</ele>
      </trkpt>
      <trkpt lat="47.54693" lon="-2.72897">
        <ele>3</ele>
      </trkpt>
      <trkpt lat="47.54674" lon="-2.72914">
        <ele>3</ele>
      </trkpt>
      <trkpt lat="47.54658" lon="-2.72923">
        <ele>3</ele>
      </trkpt>
      <trkpt lat="47.54636" lon="-2.72928">
        <ele>3</ele>
      </trkpt>
      <trkpt lat="47.54621" lon="-2.72926">
        <ele>3</ele>
      </trkpt>
      <trkpt lat="47.54605" lon="-2.72923">
        <ele>3</ele>
      </trkpt>
      <trkpt lat="47.5459" lon="-2.72921">
        <ele>3</ele>
      </trkpt>
      <trkpt lat="47.54575" lon="-2.72918">
        <ele>3</ele>
      </trkpt>
      <trkpt lat="47.54552" lon="-2.72921">
        <ele>3</ele>
      </trkpt>
      <trkpt lat="47.5453" lon="-2.72932">
        <ele>3</ele>
      </trkpt>
      <trkpt lat="47.5451" lon="-2.7294">
        <ele>3</ele>
      </trkpt>
      <trkpt lat="47.54489" lon="-2.72947">
        <ele>3</ele>
      </trkpt>
      <trkpt lat="47.54487" lon="-2.72938">
        <ele>3</ele>
      </trkpt>
      <trkpt lat="47.54463" lon="-2.72937">
        <ele>4</ele>
      </trkpt>
      <trkpt lat="47.54449" lon="-2.72939">
        <ele>4</ele>
      </trkpt>
      <trkpt lat="47.54442" lon="-2.72946">
        <ele>5</ele>
      </trkpt>
      <trkpt lat="47.54427" lon="-2.72951">
        <ele>5</ele>
      </trkpt>
      <trkpt lat="47.54412" lon="-2.72957">
        <ele>5</ele>
      </trkpt>
      <trkpt lat="47.54396" lon="-2.72962">
        <ele>5</ele>
      </trkpt>
      <trkpt lat="47.54381" lon="-2.72967">
        <ele>5</ele>
      </trkpt>
      <trkpt lat="47.54372" lon="-2.72976">
        <ele>5</ele>
      </trkpt>
      <trkpt lat="47.54358" lon="-2.72977">
        <ele>5</ele>
      </trkpt>
      <trkpt lat="47.54345" lon="-2.72986">
        <ele>5</ele>
      </trkpt>
      <trkpt lat="47.54332" lon="-2.73005">
        <ele>4</ele>
      </trkpt>
      <trkpt lat="47.54315" lon="-2.73021">
        <ele>3</ele>
      </trkpt>
      <trkpt lat="47.54298" lon="-2.73023">
        <ele>3</ele>
      </trkpt>
      <trkpt lat="47.54281" lon="-2.7302">
        <ele>3</ele>
      </trkpt>
      <trkpt lat="47.54265" lon="-2.73009">
        <ele>3</ele>
      </trkpt>
      <trkpt lat="47.5425" lon="-2.72998">
        <ele>3</ele>
      </trkpt>
      <trkpt lat="47.54247" lon="-2.73">
        <ele>3</ele>
      </trkpt>
      <trkpt lat="47.54233" lon="-2.72999">
        <ele>3</ele>
      </trkpt>
      <trkpt lat="47.5422" lon="-2.73004">
        <ele>3</ele>
      </trkpt>
      <trkpt lat="47.54209" lon="-2.7303">
        <ele>3</ele>
      </trkpt>
      <trkpt lat="47.54198" lon="-2.73056">
        <ele>3</ele>
      </trkpt>
      <trkpt lat="47.54188" lon="-2.73089">
        <ele>3</ele>
      </trkpt>
      <trkpt lat="47.54184" lon="-2.73114">
        <ele>3</ele>
      </trkpt>
      <trkpt lat="47.54181" lon="-2.73138">
        <ele>3</ele>
      </trkpt>
      <trkpt lat="47.54174" lon="-2.73158">
        <ele>3</ele>
      </trkpt>
      <trkpt lat="47.54167" lon="-2.73177">
        <ele>3</ele>
      </trkpt>
      <trkpt lat="47.54161" lon="-2.73196">
        <ele>3</ele>
      </trkpt>
      <trkpt lat="47.54154" lon="-2.73216">
        <ele>3</ele>
      </trkpt>
      <trkpt lat="47.54138" lon="-2.73246">
        <ele>3</ele>
      </trkpt>
      <trkpt lat="47.54134" lon="-2.73266">
        <ele>3</ele>
      </trkpt>
      <trkpt lat="47.5413" lon="-2.73285">
        <ele>3</ele>
      </trkpt>
      <trkpt lat="47.54126" lon="-2.73304">
        <ele>3</ele>
      </trkpt>
      <trkpt lat="47.54122" lon="-2.73324">
        <ele>3</ele>
      </trkpt>
      <trkpt lat="47.54114" lon="-2.73346">
        <ele>3</ele>
      </trkpt>
      <trkpt lat="47.54106" lon="-2.73368">
        <ele>3</ele>
      </trkpt>
      <trkpt lat="47.541" lon="-2.7339">
        <ele>3</ele>
      </trkpt>
      <trkpt lat="47.54095" lon="-2.73411">
        <ele>3</ele>
      </trkpt>
      <trkpt lat="47.54089" lon="-2.73433">
        <ele>3</ele>
      </trkpt>
      <trkpt lat="47.54084" lon="-2.73454">
        <ele>3</ele>
      </trkpt>
      <trkpt lat="47.54078" lon="-2.73476">
        <ele>3</ele>
      </trkpt>
      <trkpt lat="47.54072" lon="-2.73498">
        <ele>3</ele>
      </trkpt>
      <trkpt lat="47.54067" lon="-2.73519">
        <ele>3</ele>
      </trkpt>
      <trkpt lat="47.54061" lon="-2.73541">
        <ele>3</ele>
      </trkpt>
      <trkpt lat="47.54058" lon="-2.73562">
        <ele>3</ele>
      </trkpt>
      <trkpt lat="47.54055" lon="-2.73583">
        <ele>3</ele>
      </trkpt>
      <trkpt lat="47.54052" lon="-2.73603">
        <ele>3</ele>
      </trkpt>
      <trkpt lat="47.54049" lon="-2.73624">
        <ele>3</ele>
      </trkpt>
      <trkpt lat="47.54046" lon="-2.73645">
        <ele>3</ele>
      </trkpt>
      <trkpt lat="47.54043" lon="-2.73665">
        <ele>3</ele>
      </trkpt>
      <trkpt lat="47.5404" lon="-2.73686">
        <ele>3</ele>
      </trkpt>
      <trkpt lat="47.54037" lon="-2.73707">
        <ele>3</ele>
      </trkpt>
      <trkpt lat="47.54031" lon="-2.73725">
        <ele>3</ele>
      </trkpt>
      <trkpt lat="47.54024" lon="-2.73744">
        <ele>4</ele>
      </trkpt>
      <trkpt lat="47.54018" lon="-2.73762">
        <ele>4</ele>
      </trkpt>
      <trkpt lat="47.54012" lon="-2.7378">
        <ele>4</ele>
      </trkpt>
      <trkpt lat="47.54012" lon="-2.73796">
        <ele>4</ele>
      </trkpt>
      <trkpt lat="47.54023" lon="-2.73799">
        <ele>4</ele>
      </trkpt>
      <trkpt lat="47.54039" lon="-2.73807">
        <ele>3</ele>
      </trkpt>
      <trkpt lat="47.54055" lon="-2.73815">
        <ele>3</ele>
      </trkpt>
      <trkpt lat="47.54071" lon="-2.73822">
        <ele>3</ele>
      </trkpt>
      <trkpt lat="47.54087" lon="-2.7383">
        <ele>3</ele>
      </trkpt>
      <trkpt lat="47.5408" lon="-2.73862">
        <ele>3</ele>
      </trkpt>
      <trkpt lat="47.54072" lon="-2.73894">
        <ele>3</ele>
      </trkpt>
      <trkpt lat="47.54064" lon="-2.73926">
        <ele>3</ele>
      </trkpt>
      <trkpt lat="47.54057" lon="-2.73958">
        <ele>3</ele>
      </trkpt>
      <trkpt lat="47.54047" lon="-2.73988">
        <ele>3</ele>
      </trkpt>
      <trkpt lat="47.54036" lon="-2.74002">
        <ele>3</ele>
      </trkpt>
      <trkpt lat="47.54014" lon="-2.74012">
        <ele>3</ele>
      </trkpt>
      <trkpt lat="47.53992" lon="-2.74022">
        <ele>3</ele>
      </trkpt>
      <trkpt lat="47.53969" lon="-2.74038">
        <ele>3</ele>
      </trkpt>
      <trkpt lat="47.53957" lon="-2.74051">
        <ele>3</ele>
      </trkpt>
      <trkpt lat="47.53946" lon="-2.74064">
        <ele>3</ele>
      </trkpt>
      <trkpt lat="47.53945" lon="-2.74082">
        <ele>3</ele>
      </trkpt>
      <trkpt lat="47.53955" lon="-2.74107">
        <ele>3</ele>
      </trkpt>
      <trkpt lat="47.53972" lon="-2.74106">
        <ele>3</ele>
      </trkpt>
      <trkpt lat="47.53988" lon="-2.74106">
        <ele>3</ele>
      </trkpt>
      <trkpt lat="47.54013" lon="-2.74097">
        <ele>3</ele>
      </trkpt>
      <trkpt lat="47.54029" lon="-2.74087">
        <ele>3</ele>
      </trkpt>
      <trkpt lat="47.54045" lon="-2.74092">
        <ele>2</ele>
      </trkpt>
      <trkpt lat="47.54069" lon="-2.74096">
        <ele>2</ele>
      </trkpt>
      <trkpt lat="47.54094" lon="-2.74099">
        <ele>2</ele>
      </trkpt>
      <trkpt lat="47.54118" lon="-2.74097">
        <ele>2</ele>
      </trkpt>
      <trkpt lat="47.54143" lon="-2.74096">
        <ele>2</ele>
      </trkpt>
      <trkpt lat="47.54169" lon="-2.7409">
        <ele>2</ele>
      </trkpt>
      <trkpt lat="47.54194" lon="-2.74085">
        <ele>2</ele>
      </trkpt>
      <trkpt lat="47.54212" lon="-2.7409">
        <ele>2</ele>
      </trkpt>
      <trkpt lat="47.54234" lon="-2.7411">
        <ele>2</ele>
      </trkpt>
      <trkpt lat="47.54254" lon="-2.74134">
        <ele>2</ele>
      </trkpt>
      <trkpt lat="47.54273" lon="-2.74158">
        <ele>2</ele>
      </trkpt>
      <trkpt lat="47.54286" lon="-2.74189">
        <ele>2</ele>
      </trkpt>
      <trkpt lat="47.543" lon="-2.74221">
        <ele>2</ele>
      </trkpt>
      <trkpt lat="47.54313" lon="-2.74222">
        <ele>2</ele>
      </trkpt>
      <trkpt lat="47.54327" lon="-2.74217">
        <ele>2</ele>
      </trkpt>
      <trkpt lat="47.54341" lon="-2.74212">
        <ele>2</ele>
      </trkpt>
      <trkpt lat="47.54356" lon="-2.74219">
        <ele>2</ele>
      </trkpt>
      <trkpt lat="47.54364" lon="-2.74253">
        <ele>2</ele>
      </trkpt>
      <trkpt lat="47.54372" lon="-2.74287">
        <ele>3</ele>
      </trkpt>
      <trkpt lat="47.54367" lon="-2.74301">
        <ele>3</ele>
      </trkpt>
      <trkpt lat="47.54367" lon="-2.7433">
        <ele>3</ele>
      </trkpt>
      <trkpt lat="47.54359" lon="-2.74353">
        <ele>3</ele>
      </trkpt>
      <trkpt lat="47.54346" lon="-2.74367">
        <ele>3</ele>
      </trkpt>
      <trkpt lat="47.54333" lon="-2.74381">
        <ele>3</ele>
      </trkpt>
      <trkpt lat="47.5432" lon="-2.74394">
        <ele>3</ele>
      </trkpt>
      <trkpt lat="47.54307" lon="-2.74408">
        <ele>3</ele>
      </trkpt>
      <trkpt lat="47.54295" lon="-2.74428">
        <ele>3</ele>
      </trkpt>
      <trkpt lat="47.54282" lon="-2.74447">
        <ele>3</ele>
      </trkpt>
      <trkpt lat="47.54277" lon="-2.74459">
        <ele>3</ele>
      </trkpt>
      <trkpt lat="47.54263" lon="-2.74473">
        <ele>3</ele>
      </trkpt>
      <trkpt lat="47.54249" lon="-2.74487">
        <ele>3</ele>
      </trkpt>
      <trkpt lat="47.54241" lon="-2.7449">
        <ele>3</ele>
      </trkpt>
      <trkpt lat="47.54221" lon="-2.7451">
        <ele>3</ele>
      </trkpt>
      <trkpt lat="47.54201" lon="-2.74531">
        <ele>3</ele>
      </trkpt>
      <trkpt lat="47.54185" lon="-2.74543">
        <ele>3</ele>
      </trkpt>
      <trkpt lat="47.5417" lon="-2.74554">
        <ele>3</ele>
      </trkpt>
      <trkpt lat="47.54151" lon="-2.74577">
        <ele>3</ele>
      </trkpt>
      <trkpt lat="47.54131" lon="-2.74599">
        <ele>3</ele>
      </trkpt>
      <trkpt lat="47.5412" lon="-2.74613">
        <ele>3</ele>
      </trkpt>
      <trkpt lat="47.54109" lon="-2.74628">
        <ele>3</ele>
      </trkpt>
      <trkpt lat="47.54096" lon="-2.74651">
        <ele>3</ele>
      </trkpt>
      <trkpt lat="47.54089" lon="-2.74644">
        <ele>3</ele>
      </trkpt>
      <trkpt lat="47.54078" lon="-2.74668">
        <ele>3</ele>
      </trkpt>
      <trkpt lat="47.54063" lon="-2.74687">
        <ele>3</ele>
      </trkpt>
      <trkpt lat="47.54048" lon="-2.74698">
        <ele>3</ele>
      </trkpt>
      <trkpt lat="47.54034" lon="-2.74731">
        <ele>3</ele>
      </trkpt>
      <trkpt lat="47.54012" lon="-2.7474">
        <ele>3</ele>
      </trkpt>
      <trkpt lat="47.54003" lon="-2.74749">
        <ele>3</ele>
      </trkpt>
      <trkpt lat="47.53997" lon="-2.74768">
        <ele>3</ele>
      </trkpt>
      <trkpt lat="47.53992" lon="-2.74787">
        <ele>3</ele>
      </trkpt>
      <trkpt lat="47.5398" lon="-2.74804">
        <ele>3</ele>
      </trkpt>
      <trkpt lat="47.53975" lon="-2.74817">
        <ele>3</ele>
      </trkpt>
      <trkpt lat="47.53971" lon="-2.74839">
        <ele>3</ele>
      </trkpt>
      <trkpt lat="47.5396" lon="-2.74855">
        <ele>3</ele>
      </trkpt>
      <trkpt lat="47.53949" lon="-2.74871">
        <ele>3</ele>
      </trkpt>
      <trkpt lat="47.53938" lon="-2.74887">
        <ele>3</ele>
      </trkpt>
      <trkpt lat="47.53927" lon="-2.74903">
        <ele>3</ele>
      </trkpt>
      <trkpt lat="47.53927" lon="-2.74917">
        <ele>3</ele>
      </trkpt>
      <trkpt lat="47.53915" lon="-2.7493">
        <ele>3</ele>
      </trkpt>
      <trkpt lat="47.53904" lon="-2.74953">
        <ele>3</ele>
      </trkpt>
      <trkpt lat="47.53893" lon="-2.74976">
        <ele>3</ele>
      </trkpt>
      <trkpt lat="47.53874" lon="-2.75001">
        <ele>3</ele>
      </trkpt>
      <trkpt lat="47.53855" lon="-2.75026">
        <ele>3</ele>
      </trkpt>
      <trkpt lat="47.53847" lon="-2.7505">
        <ele>3</ele>
      </trkpt>
      <trkpt lat="47.53839" lon="-2.75075">
        <ele>3</ele>
      </trkpt>
      <trkpt lat="47.5383" lon="-2.75099">
        <ele>3</ele>
      </trkpt>
      <trkpt lat="47.53822" lon="-2.75123">
        <ele>3</ele>
      </trkpt>
      <trkpt lat="47.53806" lon="-2.75153">
        <ele>3</ele>
      </trkpt>
      <trkpt lat="47.53799" lon="-2.75186">
        <ele>3</ele>
      </trkpt>
      <trkpt lat="47.538" lon="-2.75217">
        <ele>2</ele>
      </trkpt>
      <trkpt lat="47.53793" lon="-2.75239">
        <ele>2</ele>
      </trkpt>
      <trkpt lat="47.53786" lon="-2.75262">
        <ele>2</ele>
      </trkpt>
      <trkpt lat="47.53781" lon="-2.7529">
        <ele>2</ele>
      </trkpt>
      <trkpt lat="47.53776" lon="-2.75318">
        <ele>2</ele>
      </trkpt>
      <trkpt lat="47.53771" lon="-2.75351">
        <ele>3</ele>
      </trkpt>
      <trkpt lat="47.53767" lon="-2.75384">
        <ele>3</ele>
      </trkpt>
      <trkpt lat="47.53762" lon="-2.75417">
        <ele>3</ele>
      </trkpt>
      <trkpt lat="47.53758" lon="-2.7545">
        <ele>4</ele>
      </trkpt>
      <trkpt lat="47.53749" lon="-2.75483">
        <ele>4</ele>
      </trkpt>
      <trkpt lat="47.53741" lon="-2.75515">
        <ele>4</ele>
      </trkpt>
      <trkpt lat="47.53717" lon="-2.75513">
        <ele>4</ele>
      </trkpt>
      <trkpt lat="47.53692" lon="-2.75511">
        <ele>5</ele>
      </trkpt>
      <trkpt lat="47.53668" lon="-2.7551">
        <ele>6</ele>
      </trkpt>
      <trkpt lat="47.53643" lon="-2.75508">
        <ele>7</ele>
      </trkpt>
      <trkpt lat="47.53627" lon="-2.75505">
        <ele>8</ele>
      </trkpt>
      <trkpt lat="47.5361" lon="-2.75502">
        <ele>10</ele>
      </trkpt>
      <trkpt lat="47.53594" lon="-2.75498">
        <ele>11</ele>
      </trkpt>
      <trkpt lat="47.53577" lon="-2.75495">
        <ele>12</ele>
      </trkpt>
      <trkpt lat="47.53561" lon="-2.75497">
        <ele>12</ele>
      </trkpt>
      <trkpt lat="47.53545" lon="-2.75499">
        <ele>13</ele>
      </trkpt>
      <trkpt lat="47.53529" lon="-2.755">
        <ele>13</ele>
      </trkpt>
      <trkpt lat="47.53513" lon="-2.75502">
        <ele>13</ele>
      </trkpt>
      <trkpt lat="47.53498" lon="-2.7551">
        <ele>14</ele>
      </trkpt>
      <trkpt lat="47.53484" lon="-2.75519">
        <ele>14</ele>
      </trkpt>
      <trkpt lat="47.53469" lon="-2.75528">
        <ele>14</ele>
      </trkpt>
      <trkpt lat="47.53454" lon="-2.75536">
        <ele>14</ele>
      </trkpt>
      <trkpt lat="47.53429" lon="-2.75533">
        <ele>14</ele>
      </trkpt>
      <trkpt lat="47.53404" lon="-2.75531">
        <ele>15</ele>
      </trkpt>
      <trkpt lat="47.5338" lon="-2.75528">
        <ele>16</ele>
      </trkpt>
      <trkpt lat="47.53355" lon="-2.75526">
        <ele>18</ele>
      </trkpt>
      <trkpt lat="47.53332" lon="-2.75517">
        <ele>19</ele>
      </trkpt>
      <trkpt lat="47.53312" lon="-2.75497">
        <ele>19</ele>
      </trkpt>
      <trkpt lat="47.53291" lon="-2.75476">
        <ele>20</ele>
      </trkpt>
      <trkpt lat="47.53271" lon="-2.75466">
        <ele>21</ele>
      </trkpt>
      <trkpt lat="47.53256" lon="-2.75462">
        <ele>21</ele>
      </trkpt>
      <trkpt lat="47.5324" lon="-2.75459">
        <ele>22</ele>
      </trkpt>
      <trkpt lat="47.53225" lon="-2.75455">
        <ele>23</ele>
      </trkpt>
      <trkpt lat="47.53209" lon="-2.75452">
        <ele>24</ele>
      </trkpt>
      <trkpt lat="47.53194" lon="-2.75448">
        <ele>25</ele>
      </trkpt>
      <trkpt lat="47.53179" lon="-2.75445">
        <ele>25</ele>
      </trkpt>
      <trkpt lat="47.53163" lon="-2.75441">
        <ele>25</ele>
      </trkpt>
      <trkpt lat="47.53148" lon="-2.75438">
        <ele>25</ele>
      </trkpt>
      <trkpt lat="47.53127" lon="-2.75435">
        <ele>25</ele>
      </trkpt>
      <trkpt lat="47.53105" lon="-2.75432">
        <ele>24</ele>
      </trkpt>
      <trkpt lat="47.53084" lon="-2.75443">
        <ele>23</ele>
      </trkpt>
      <trkpt lat="47.53074" lon="-2.75459">
        <ele>23</ele>
      </trkpt>
      <trkpt lat="47.53074" lon="-2.75486">
        <ele>23</ele>
      </trkpt>
      <trkpt lat="47.53071" lon="-2.7551">
        <ele>23</ele>
      </trkpt>
      <trkpt lat="47.53058" lon="-2.75534">
        <ele>23</ele>
      </trkpt>
      <trkpt lat="47.5305" lon="-2.75557">
        <ele>24</ele>
      </trkpt>
      <trkpt lat="47.53041" lon="-2.7558">
        <ele>24</ele>
      </trkpt>
      <trkpt lat="47.53033" lon="-2.75603">
        <ele>24</ele>
      </trkpt>
      <trkpt lat="47.53024" lon="-2.75626">
        <ele>24</ele>
      </trkpt>
      <trkpt lat="47.53008" lon="-2.75619">
        <ele>24</ele>
      </trkpt>
      <trkpt lat="47.52993" lon="-2.75612">
        <ele>24</ele>
      </trkpt>
      <trkpt lat="47.52977" lon="-2.75605">
        <ele>25</ele>
      </trkpt>
      <trkpt lat="47.52961" lon="-2.75598">
        <ele>25</ele>
      </trkpt>
      <trkpt lat="47.52946" lon="-2.75591">
        <ele>25</ele>
      </trkpt>
      <trkpt lat="47.5293" lon="-2.75584">
        <ele>26</ele>
      </trkpt>
      <trkpt lat="47.52915" lon="-2.75577">
        <ele>26</ele>
      </trkpt>
      <trkpt lat="47.52899" lon="-2.7557">
        <ele>26</ele>
      </trkpt>
      <trkpt lat="47.52891" lon="-2.7559">
        <ele>26</ele>
      </trkpt>
      <trkpt lat="47.52875" lon="-2.75586">
        <ele>27</ele>
      </trkpt>
      <trkpt lat="47.52858" lon="-2.75582">
        <ele>27</ele>
      </trkpt>
      <trkpt lat="47.52837" lon="-2.75582">
        <ele>27</ele>
      </trkpt>
      <trkpt lat="47.52817" lon="-2.75581">
        <ele>27</ele>
      </trkpt>
      <trkpt lat="47.52801" lon="-2.75579">
        <ele>28</ele>
      </trkpt>
      <trkpt lat="47.52786" lon="-2.75577">
        <ele>28</ele>
      </trkpt>
      <trkpt lat="47.52772" lon="-2.75579">
        <ele>29</ele>
      </trkpt>
      <trkpt lat="47.52759" lon="-2.75581">
        <ele>29</ele>
      </trkpt>
      <trkpt lat="47.52756" lon="-2.75588">
        <ele>29</ele>
      </trkpt>
      <trkpt lat="47.52754" lon="-2.75608">
        <ele>29</ele>
      </trkpt>
      <trkpt lat="47.52757" lon="-2.75639">
        <ele>29</ele>
      </trkpt>
      <trkpt lat="47.5276" lon="-2.75671">
        <ele>29</ele>
      </trkpt>
      <trkpt lat="47.52765" lon="-2.75706">
        <ele>28</ele>
      </trkpt>
      <trkpt lat="47.52771" lon="-2.75741">
        <ele>28</ele>
      </trkpt>
      <trkpt lat="47.52759" lon="-2.75744">
        <ele>28</ele>
      </trkpt>
      <trkpt lat="47.52757" lon="-2.7573">
        <ele>28</ele>
      </trkpt>
      <trkpt lat="47.5274" lon="-2.75738">
        <ele>28</ele>
      </trkpt>
      <trkpt lat="47.52723" lon="-2.75746">
        <ele>28</ele>
      </trkpt>
      <trkpt lat="47.52706" lon="-2.75754">
        <ele>28</ele>
      </trkpt>
      <trkpt lat="47.52689" lon="-2.75762">
        <ele>28</ele>
      </trkpt>
      <trkpt lat="47.52671" lon="-2.7577">
        <ele>28</ele>
      </trkpt>
      <trkpt lat="47.52654" lon="-2.75778">
        <ele>28</ele>
      </trkpt>
      <trkpt lat="47.52637" lon="-2.75786">
        <ele>28</ele>
      </trkpt>
      <trkpt lat="47.5262" lon="-2.75794">
        <ele>27</ele>
      </trkpt>
      <trkpt lat="47.52625" lon="-2.75816">
        <ele>27</ele>
      </trkpt>
      <trkpt lat="47.52629" lon="-2.75837">
        <ele>27</ele>
      </trkpt>
      <trkpt lat="47.52634" lon="-2.75859">
        <ele>27</ele>
      </trkpt>
      <trkpt lat="47.52639" lon="-2.7588">
        <ele>27</ele>
      </trkpt>
      <trkpt lat="47.52643" lon="-2.75902">
        <ele>27</ele>
      </trkpt>
      <trkpt lat="47.52648" lon="-2.75924">
        <ele>27</ele>
      </trkpt>
      <trkpt lat="47.52652" lon="-2.75945">
        <ele>27</ele>
      </trkpt>
      <trkpt lat="47.52657" lon="-2.75967">
        <ele>27</ele>
      </trkpt>
      <trkpt lat="47.52641" lon="-2.75974">
        <ele>25</ele>
      </trkpt>
      <trkpt lat="47.52625" lon="-2.7598">
        <ele>25</ele>
      </trkpt>
      <trkpt lat="47.5261" lon="-2.75987">
        <ele>23</ele>
      </trkpt>
      <trkpt lat="47.52594" lon="-2.75993">
        <ele>23</ele>
      </trkpt>
      <trkpt lat="47.52596" lon="-2.76014">
        <ele>23</ele>
      </trkpt>
      <trkpt lat="47.5258" lon="-2.76021">
        <ele>23</ele>
      </trkpt>
      <trkpt lat="47.52565" lon="-2.76029">
        <ele>23</ele>
      </trkpt>
      <trkpt lat="47.52556" lon="-2.75997">
        <ele>22</ele>
      </trkpt>
      <trkpt lat="47.52547" lon="-2.75966">
        <ele>22</ele>
      </trkpt>
      <trkpt lat="47.52528" lon="-2.75973">
        <ele>22</ele>
      </trkpt>
      <trkpt lat="47.52508" lon="-2.7598">
        <ele>21</ele>
      </trkpt>
      <trkpt lat="47.52496" lon="-2.75967">
        <ele>21</ele>
      </trkpt>
      <trkpt lat="47.52484" lon="-2.75955">
        <ele>20</ele>
      </trkpt>
      <trkpt lat="47.52474" lon="-2.75928">
        <ele>20</ele>
      </trkpt>
      <trkpt lat="47.52465" lon="-2.75901">
        <ele>20</ele>
      </trkpt>
      <trkpt lat="47.5246" lon="-2.7588">
        <ele>19</ele>
      </trkpt>
      <trkpt lat="47.52455" lon="-2.75859">
        <ele>19</ele>
      </trkpt>
      <trkpt lat="47.5245" lon="-2.75839">
        <ele>18</ele>
      </trkpt>
      <trkpt lat="47.52445" lon="-2.75818">
        <ele>19</ele>
      </trkpt>
      <trkpt lat="47.52429" lon="-2.75815">
        <ele>19</ele>
      </trkpt>
      <trkpt lat="47.52413" lon="-2.75813">
        <ele>19</ele>
      </trkpt>
      <trkpt lat="47.52437" lon="-2.75807">
        <ele>19</ele>
      </trkpt>
      <trkpt lat="47.52462" lon="-2.758">
        <ele>20</ele>
      </trkpt>
      <trkpt lat="47.52477" lon="-2.75788">
        <ele>20</ele>
      </trkpt>
      <trkpt lat="47.52477" lon="-2.75768">
        <ele>20</ele>
      </trkpt>
      <trkpt lat="47.52476" lon="-2.75748">
        <ele>20</ele>
      </trkpt>
      <trkpt lat="47.52472" lon="-2.75711">
        <ele>20</ele>
      </trkpt>
      <trkpt lat="47.52468" lon="-2.75673">
        <ele>19</ele>
      </trkpt>
      <trkpt lat="47.5246" lon="-2.7564">
        <ele>19</ele>
      </trkpt>
      <trkpt lat="47.52452" lon="-2.75606">
        <ele>18</ele>
      </trkpt>
      <trkpt lat="47.52443" lon="-2.75579">
        <ele>17</ele>
      </trkpt>
      <trkpt lat="47.5243" lon="-2.75555">
        <ele>17</ele>
      </trkpt>
      <trkpt lat="47.52439" lon="-2.75534">
        <ele>17</ele>
      </trkpt>
      <trkpt lat="47.52448" lon="-2.75513">
        <ele>17</ele>
      </trkpt>
      <trkpt lat="47.52457" lon="-2.75492">
        <ele>18</ele>
      </trkpt>
      <trkpt lat="47.52466" lon="-2.75471">
        <ele>18</ele>
      </trkpt>
      <trkpt lat="47.52478" lon="-2.75454">
        <ele>19</ele>
      </trkpt>
      <trkpt lat="47.5249" lon="-2.75436">
        <ele>19</ele>
      </trkpt>
      <trkpt lat="47.52501" lon="-2.75419">
        <ele>20</ele>
      </trkpt>
      <trkpt lat="47.52513" lon="-2.75401">
        <ele>21</ele>
      </trkpt>
      <trkpt lat="47.52511" lon="-2.75388">
        <ele>21</ele>
      </trkpt>
      <trkpt lat="47.52495" lon="-2.75362">
        <ele>21</ele>
      </trkpt>
      <trkpt lat="47.52479" lon="-2.75336">
        <ele>21</ele>
      </trkpt>
      <trkpt lat="47.52464" lon="-2.7531">
        <ele>21</ele>
      </trkpt>
      <trkpt lat="47.52448" lon="-2.75284">
        <ele>21</ele>
      </trkpt>
      <trkpt lat="47.52433" lon="-2.75251">
        <ele>21</ele>
      </trkpt>
      <trkpt lat="47.52432" lon="-2.75238">
        <ele>21</ele>
      </trkpt>
      <trkpt lat="47.5244" lon="-2.75212">
        <ele>21</ele>
      </trkpt>
      <trkpt lat="47.52443" lon="-2.75185">
        <ele>21</ele>
      </trkpt>
      <trkpt lat="47.52447" lon="-2.75159">
        <ele>21</ele>
      </trkpt>
      <trkpt lat="47.52446" lon="-2.75142">
        <ele>21</ele>
      </trkpt>
      <trkpt lat="47.52442" lon="-2.75126">
        <ele>21</ele>
      </trkpt>
      <trkpt lat="47.52433" lon="-2.75111">
        <ele>21</ele>
      </trkpt>
      <trkpt lat="47.52421" lon="-2.75102">
        <ele>21</ele>
      </trkpt>
      <trkpt lat="47.52408" lon="-2.75089">
        <ele>21</ele>
      </trkpt>
      <trkpt lat="47.52396" lon="-2.75075">
        <ele>20</ele>
      </trkpt>
      <trkpt lat="47.52388" lon="-2.75058">
        <ele>20</ele>
      </trkpt>
      <trkpt lat="47.5238" lon="-2.75041">
        <ele>20</ele>
      </trkpt>
      <trkpt lat="47.52368" lon="-2.75022">
        <ele>19</ele>
      </trkpt>
      <trkpt lat="47.52356" lon="-2.75003">
        <ele>19</ele>
      </trkpt>
      <trkpt lat="47.52343" lon="-2.74984">
        <ele>18</ele>
      </trkpt>
      <trkpt lat="47.52331" lon="-2.74965">
        <ele>18</ele>
      </trkpt>
      <trkpt lat="47.52309" lon="-2.74976">
        <ele>17</ele>
      </trkpt>
      <trkpt lat="47.52286" lon="-2.74986">
        <ele>16</ele>
      </trkpt>
      <trkpt lat="47.52264" lon="-2.74997">
        <ele>16</ele>
      </trkpt>
      <trkpt lat="47.52242" lon="-2.75008">
        <ele>15</ele>
      </trkpt>
      <trkpt lat="47.52226" lon="-2.75019">
        <ele>15</ele>
      </trkpt>
      <trkpt lat="47.52209" lon="-2.75031">
        <ele>14</ele>
      </trkpt>
      <trkpt lat="47.52192" lon="-2.75042">
        <ele>14</ele>
      </trkpt>
      <trkpt lat="47.52176" lon="-2.75054">
        <ele>14</ele>
      </trkpt>
      <trkpt lat="47.52161" lon="-2.75063">
        <ele>14</ele>
      </trkpt>
      <trkpt lat="47.52147" lon="-2.75071">
        <ele>14</ele>
      </trkpt>
      <trkpt lat="47.52125" lon="-2.75089">
        <ele>14</ele>
      </trkpt>
      <trkpt lat="47.52108" lon="-2.75096">
        <ele>14</ele>
      </trkpt>
      <trkpt lat="47.52091" lon="-2.75104">
        <ele>14</ele>
      </trkpt>
      <trkpt lat="47.52086" lon="-2.75124">
        <ele>14</ele>
      </trkpt>
      <trkpt lat="47.52084" lon="-2.7516">
        <ele>14</ele>
      </trkpt>
      <trkpt lat="47.52082" lon="-2.75195">
        <ele>14</ele>
      </trkpt>
      <trkpt lat="47.52083" lon="-2.75221">
        <ele>14</ele>
      </trkpt>
      <trkpt lat="47.52084" lon="-2.75247">
        <ele>14</ele>
      </trkpt>
      <trkpt lat="47.52078" lon="-2.75276">
        <ele>14</ele>
      </trkpt>
      <trkpt lat="47.52071" lon="-2.75304">
        <ele>14</ele>
      </trkpt>
      <trkpt lat="47.52065" lon="-2.75333">
        <ele>14</ele>
      </trkpt>
      <trkpt lat="47.52058" lon="-2.75361">
        <ele>14</ele>
      </trkpt>
      <trkpt lat="47.5205" lon="-2.7539">
        <ele>13</ele>
      </trkpt>
      <trkpt lat="47.52036" lon="-2.75407">
        <ele>13</ele>
      </trkpt>
      <trkpt lat="47.52023" lon="-2.75425">
        <ele>12</ele>
      </trkpt>
      <trkpt lat="47.52009" lon="-2.75442">
        <ele>12</ele>
      </trkpt>
      <trkpt lat="47.51996" lon="-2.7546">
        <ele>12</ele>
      </trkpt>
      <trkpt lat="47.51993" lon="-2.75476">
        <ele>12</ele>
      </trkpt>
      <trkpt lat="47.51993" lon="-2.75497">
        <ele>11</ele>
      </trkpt>
      <trkpt lat="47.51993" lon="-2.75519">
        <ele>11</ele>
      </trkpt>
      <trkpt lat="47.51992" lon="-2.7554">
        <ele>11</ele>
      </trkpt>
      <trkpt lat="47.51992" lon="-2.75562">
        <ele>10</ele>
      </trkpt>
      <trkpt lat="47.52009" lon="-2.75572">
        <ele>10</ele>
      </trkpt>
      <trkpt lat="47.52027" lon="-2.75582">
        <ele>10</ele>
      </trkpt>
      <trkpt lat="47.52021" lon="-2.75605">
        <ele>10</ele>
      </trkpt>
      <trkpt lat="47.52014" lon="-2.75629">
        <ele>9</ele>
      </trkpt>
      <trkpt lat="47.52008" lon="-2.75652">
        <ele>9</ele>
      </trkpt>
      <trkpt lat="47.52002" lon="-2.75675">
        <ele>9</ele>
      </trkpt>
      <trkpt lat="47.51998" lon="-2.757">
        <ele>8</ele>
      </trkpt>
      <trkpt lat="47.51994" lon="-2.75725">
        <ele>8</ele>
      </trkpt>
      <trkpt lat="47.5199" lon="-2.75751">
        <ele>8</ele>
      </trkpt>
      <trkpt lat="47.51986" lon="-2.75776">
        <ele>7</ele>
      </trkpt>
      <trkpt lat="47.51982" lon="-2.75801">
        <ele>7</ele>
      </trkpt>
      <trkpt lat="47.51978" lon="-2.75827">
        <ele>7</ele>
      </trkpt>
      <trkpt lat="47.51974" lon="-2.75852">
        <ele>7</ele>
      </trkpt>
      <trkpt lat="47.5197" lon="-2.75877">
        <ele>7</ele>
      </trkpt>
      <trkpt lat="47.51959" lon="-2.75904">
        <ele>8</ele>
      </trkpt>
      <trkpt lat="47.51945" lon="-2.75928">
        <ele>8</ele>
      </trkpt>
      <trkpt lat="47.51931" lon="-2.75952">
        <ele>8</ele>
      </trkpt>
      <trkpt lat="47.51916" lon="-2.75976">
        <ele>8</ele>
      </trkpt>
      <trkpt lat="47.51902" lon="-2.76">
        <ele>8</ele>
      </trkpt>
      <trkpt lat="47.5189" lon="-2.76033">
        <ele>8</ele>
      </trkpt>
      <trkpt lat="47.51877" lon="-2.76067">
        <ele>8</ele>
      </trkpt>
      <trkpt lat="47.51865" lon="-2.761">
        <ele>8</ele>
      </trkpt>
      <trkpt lat="47.51853" lon="-2.76134">
        <ele>8</ele>
      </trkpt>
      <trkpt lat="47.51849" lon="-2.76167">
        <ele>8</ele>
      </trkpt>
      <trkpt lat="47.5185" lon="-2.76189">
        <ele>8</ele>
      </trkpt>
      <trkpt lat="47.5185" lon="-2.7621">
        <ele>8</ele>
      </trkpt>
      <trkpt lat="47.51851" lon="-2.76232">
        <ele>8</ele>
      </trkpt>
      <trkpt lat="47.51852" lon="-2.76253">
        <ele>8</ele>
      </trkpt>
      <trkpt lat="47.51853" lon="-2.76275">
        <ele>8</ele>
      </trkpt>
      <trkpt lat="47.51853" lon="-2.76297">
        <ele>8</ele>
      </trkpt>
      <trkpt lat="47.51854" lon="-2.76318">
        <ele>8</ele>
      </trkpt>
      <trkpt lat="47.51855" lon="-2.7634">
        <ele>8</ele>
      </trkpt>
      <trkpt lat="47.51852" lon="-2.76359">
        <ele>8</ele>
      </trkpt>
      <trkpt lat="47.51865" lon="-2.76394">
        <ele>8</ele>
      </trkpt>
      <trkpt lat="47.51874" lon="-2.7641">
        <ele>8</ele>
      </trkpt>
      <trkpt lat="47.51883" lon="-2.76427">
        <ele>8</ele>
      </trkpt>
      <trkpt lat="47.51897" lon="-2.76446">
        <ele>9</ele>
      </trkpt>
      <trkpt lat="47.51911" lon="-2.76465">
        <ele>9</ele>
      </trkpt>
      <trkpt lat="47.51926" lon="-2.76485">
        <ele>9</ele>
      </trkpt>
      <trkpt lat="47.5194" lon="-2.76504">
        <ele>9</ele>
      </trkpt>
      <trkpt lat="47.51949" lon="-2.76526">
        <ele>9</ele>
      </trkpt>
      <trkpt lat="47.51938" lon="-2.7656">
        <ele>9</ele>
      </trkpt>
      <trkpt lat="47.5192" lon="-2.76574">
        <ele>9</ele>
      </trkpt>
      <trkpt lat="47.51903" lon="-2.76588">
        <ele>10</ele>
      </trkpt>
      <trkpt lat="47.51887" lon="-2.76604">
        <ele>10</ele>
      </trkpt>
      <trkpt lat="47.5187" lon="-2.7662">
        <ele>10</ele>
      </trkpt>
      <trkpt lat="47.51866" lon="-2.76655">
        <ele>10</ele>
      </trkpt>
      <trkpt lat="47.51869" lon="-2.76674">
        <ele>10</ele>
      </trkpt>
      <trkpt lat="47.51863" lon="-2.76692">
        <ele>11</ele>
      </trkpt>
      <trkpt lat="47.51857" lon="-2.7671">
        <ele>11</ele>
      </trkpt>
      <trkpt lat="47.51852" lon="-2.76729">
        <ele>12</ele>
      </trkpt>
      <trkpt lat="47.51846" lon="-2.76747">
        <ele>12</ele>
      </trkpt>
      <trkpt lat="47.5183" lon="-2.76745">
        <ele>12</ele>
      </trkpt>
      <trkpt lat="47.51814" lon="-2.76743">
        <ele>12</ele>
      </trkpt>
      <trkpt lat="47.51797" lon="-2.76741">
        <ele>12</ele>
      </trkpt>
      <trkpt lat="47.51781" lon="-2.76739">
        <ele>12</ele>
      </trkpt>
      <trkpt lat="47.51765" lon="-2.76737">
        <ele>12</ele>
      </trkpt>
      <trkpt lat="47.51748" lon="-2.76735">
        <ele>12</ele>
      </trkpt>
      <trkpt lat="47.51732" lon="-2.76733">
        <ele>11</ele>
      </trkpt>
      <trkpt lat="47.51716" lon="-2.76731">
        <ele>11</ele>
      </trkpt>
      <trkpt lat="47.517" lon="-2.76717">
        <ele>10</ele>
      </trkpt>
      <trkpt lat="47.51684" lon="-2.76703">
        <ele>9</ele>
      </trkpt>
      <trkpt lat="47.51671" lon="-2.76675">
        <ele>9</ele>
      </trkpt>
      <trkpt lat="47.51664" lon="-2.76693">
        <ele>9</ele>
      </trkpt>
      <trkpt lat="47.51658" lon="-2.76711">
        <ele>9</ele>
      </trkpt>
      <trkpt lat="47.51652" lon="-2.76735">
        <ele>9</ele>
      </trkpt>
      <trkpt lat="47.51638" lon="-2.76768">
        <ele>10</ele>
      </trkpt>
      <trkpt lat="47.51625" lon="-2.76801">
        <ele>12</ele>
      </trkpt>
      <trkpt lat="47.51616" lon="-2.76817">
        <ele>13</ele>
      </trkpt>
      <trkpt lat="47.51607" lon="-2.76833">
        <ele>13</ele>
      </trkpt>
      <trkpt lat="47.51593" lon="-2.76852">
        <ele>14</ele>
      </trkpt>
      <trkpt lat="47.51571" lon="-2.76873">
        <ele>14</ele>
      </trkpt>
      <trkpt lat="47.51549" lon="-2.76895">
        <ele>15</ele>
      </trkpt>
      <trkpt lat="47.51531" lon="-2.76904">
        <ele>16</ele>
      </trkpt>
      <trkpt lat="47.51513" lon="-2.76913">
        <ele>16</ele>
      </trkpt>
      <trkpt lat="47.51514" lon="-2.76952">
        <ele>16</ele>
      </trkpt>
      <trkpt lat="47.51516" lon="-2.7699">
        <ele>16</ele>
      </trkpt>
      <trkpt lat="47.51517" lon="-2.77028">
        <ele>16</ele>
      </trkpt>
      <trkpt lat="47.51518" lon="-2.77067">
        <ele>16</ele>
      </trkpt>
      <trkpt lat="47.51521" lon="-2.771">
        <ele>16</ele>
      </trkpt>
      <trkpt lat="47.51524" lon="-2.77132">
        <ele>16</ele>
      </trkpt>
      <trkpt lat="47.51524" lon="-2.77162">
        <ele>16</ele>
      </trkpt>
      <trkpt lat="47.51523" lon="-2.77191">
        <ele>16</ele>
      </trkpt>
      <trkpt lat="47.51523" lon="-2.77221">
        <ele>17</ele>
      </trkpt>
      <trkpt lat="47.51522" lon="-2.77251">
        <ele>17</ele>
      </trkpt>
      <trkpt lat="47.51523" lon="-2.77272">
        <ele>18</ele>
      </trkpt>
      <trkpt lat="47.51524" lon="-2.77293">
        <ele>18</ele>
      </trkpt>
      <trkpt lat="47.51525" lon="-2.77315">
        <ele>18</ele>
      </trkpt>
      <trkpt lat="47.51526" lon="-2.77336">
        <ele>19</ele>
      </trkpt>
      <trkpt lat="47.5153" lon="-2.77366">
        <ele>19</ele>
      </trkpt>
      <trkpt lat="47.51535" lon="-2.77387">
        <ele>19</ele>
      </trkpt>
      <trkpt lat="47.51541" lon="-2.77408">
        <ele>19</ele>
      </trkpt>
      <trkpt lat="47.51548" lon="-2.7743">
        <ele>19</ele>
      </trkpt>
      <trkpt lat="47.51555" lon="-2.77452">
        <ele>19</ele>
      </trkpt>
      <trkpt lat="47.51562" lon="-2.77474">
        <ele>18</ele>
      </trkpt>
      <trkpt lat="47.5157" lon="-2.77496">
        <ele>18</ele>
      </trkpt>
      <trkpt lat="47.51577" lon="-2.77519">
        <ele>18</ele>
      </trkpt>
      <trkpt lat="47.51584" lon="-2.77541">
        <ele>18</ele>
      </trkpt>
      <trkpt lat="47.51591" lon="-2.77563">
        <ele>18</ele>
      </trkpt>
      <trkpt lat="47.51598" lon="-2.77585">
        <ele>18</ele>
      </trkpt>
      <trkpt lat="47.51579" lon="-2.77602">
        <ele>19</ele>
      </trkpt>
      <trkpt lat="47.5156" lon="-2.77618">
        <ele>20</ele>
      </trkpt>
      <trkpt lat="47.51545" lon="-2.7763">
        <ele>21</ele>
      </trkpt>
      <trkpt lat="47.5153" lon="-2.77641">
        <ele>21</ele>
      </trkpt>
      <trkpt lat="47.51515" lon="-2.77653">
        <ele>22</ele>
      </trkpt>
      <trkpt lat="47.51501" lon="-2.77664">
        <ele>23</ele>
      </trkpt>
      <trkpt lat="47.51486" lon="-2.77675">
        <ele>24</ele>
      </trkpt>
      <trkpt lat="47.51471" lon="-2.77687">
        <ele>24</ele>
      </trkpt>
      <trkpt lat="47.51456" lon="-2.77698">
        <ele>25</ele>
      </trkpt>
      <trkpt lat="47.51441" lon="-2.7771">
        <ele>25</ele>
      </trkpt>
      <trkpt lat="47.51425" lon="-2.77727">
        <ele>25</ele>
      </trkpt>
      <trkpt lat="47.51409" lon="-2.77745">
        <ele>25</ele>
      </trkpt>
      <trkpt lat="47.51396" lon="-2.77753">
        <ele>24</ele>
      </trkpt>
      <trkpt lat="47.51384" lon="-2.77761">
        <ele>24</ele>
      </trkpt>
      <trkpt lat="47.51373" lon="-2.7779">
        <ele>24</ele>
      </trkpt>
      <trkpt lat="47.51362" lon="-2.77818">
        <ele>23</ele>
      </trkpt>
      <trkpt lat="47.51351" lon="-2.77835">
        <ele>23</ele>
      </trkpt>
      <trkpt lat="47.5134" lon="-2.77853">
        <ele>22</ele>
      </trkpt>
      <trkpt lat="47.51317" lon="-2.7786">
        <ele>22</ele>
      </trkpt>
      <trkpt lat="47.51319" lon="-2.77889">
        <ele>22</ele>
      </trkpt>
      <trkpt lat="47.51321" lon="-2.77918">
        <ele>22</ele>
      </trkpt>
      <trkpt lat="47.51319" lon="-2.7794">
        <ele>22</ele>
      </trkpt>
      <trkpt lat="47.51317" lon="-2.77962">
        <ele>22</ele>
      </trkpt>
      <trkpt lat="47.51315" lon="-2.77983">
        <ele>22</ele>
      </trkpt>
      <trkpt lat="47.51313" lon="-2.78005">
        <ele>22</ele>
      </trkpt>
      <trkpt lat="47.51299" lon="-2.78015">
        <ele>21</ele>
      </trkpt>
      <trkpt lat="47.51279" lon="-2.78024">
        <ele>21</ele>
      </trkpt>
      <trkpt lat="47.51258" lon="-2.78033">
        <ele>20</ele>
      </trkpt>
      <trkpt lat="47.51236" lon="-2.78037">
        <ele>19</ele>
      </trkpt>
      <trkpt lat="47.51214" lon="-2.7804">
        <ele>19</ele>
      </trkpt>
      <trkpt lat="47.51199" lon="-2.78029">
        <ele>19</ele>
      </trkpt>
      <trkpt lat="47.51185" lon="-2.78019">
        <ele>19</ele>
      </trkpt>
      <trkpt lat="47.5117" lon="-2.78008">
        <ele>19</ele>
      </trkpt>
      <trkpt lat="47.51155" lon="-2.77998">
        <ele>19</ele>
      </trkpt>
      <trkpt lat="47.5114" lon="-2.77987">
        <ele>19</ele>
      </trkpt>
      <trkpt lat="47.51125" lon="-2.77976">
        <ele>19</ele>
      </trkpt>
      <trkpt lat="47.51111" lon="-2.77966">
        <ele>19</ele>
      </trkpt>
      <trkpt lat="47.51096" lon="-2.77955">
        <ele>19</ele>
      </trkpt>
      <trkpt lat="47.51083" lon="-2.77947">
        <ele>19</ele>
      </trkpt>
      <trkpt lat="47.5107" lon="-2.77939">
        <ele>19</ele>
      </trkpt>
      <trkpt lat="47.51049" lon="-2.77941">
        <ele>18</ele>
      </trkpt>
      <trkpt lat="47.51027" lon="-2.77943">
        <ele>17</ele>
      </trkpt>
      <trkpt lat="47.51013" lon="-2.77928">
        <ele>17</ele>
      </trkpt>
      <trkpt lat="47.50998" lon="-2.77913">
        <ele>16</ele>
      </trkpt>
      <trkpt lat="47.50984" lon="-2.77898">
        <ele>16</ele>
      </trkpt>
      <trkpt lat="47.5097" lon="-2.77883">
        <ele>16</ele>
      </trkpt>
      <trkpt lat="47.50955" lon="-2.77868">
        <ele>16</ele>
      </trkpt>
      <trkpt lat="47.50941" lon="-2.77853">
        <ele>16</ele>
      </trkpt>
      <trkpt lat="47.50926" lon="-2.77838">
        <ele>16</ele>
      </trkpt>
      <trkpt lat="47.50912" lon="-2.77823">
        <ele>17</ele>
      </trkpt>
      <trkpt lat="47.50898" lon="-2.77809">
        <ele>17</ele>
      </trkpt>
      <trkpt lat="47.50884" lon="-2.77796">
        <ele>18</ele>
      </trkpt>
      <trkpt lat="47.5087" lon="-2.77782">
        <ele>19</ele>
      </trkpt>
      <trkpt lat="47.50856" lon="-2.77768">
        <ele>20</ele>
      </trkpt>
      <trkpt lat="47.50841" lon="-2.77754">
        <ele>20</ele>
      </trkpt>
      <trkpt lat="47.50827" lon="-2.7774">
        <ele>21</ele>
      </trkpt>
      <trkpt lat="47.50813" lon="-2.77727">
        <ele>21</ele>
      </trkpt>
      <trkpt lat="47.50799" lon="-2.77713">
        <ele>22</ele>
      </trkpt>
      <trkpt lat="47.50782" lon="-2.77712">
        <ele>23</ele>
      </trkpt>
      <trkpt lat="47.50764" lon="-2.77711">
        <ele>24</ele>
      </trkpt>
      <trkpt lat="47.50752" lon="-2.77722">
        <ele>24</ele>
      </trkpt>
      <trkpt lat="47.50741" lon="-2.77732">
        <ele>25</ele>
      </trkpt>
      <trkpt lat="47.50729" lon="-2.77743">
        <ele>26</ele>
      </trkpt>
      <trkpt lat="47.50718" lon="-2.77754">
        <ele>26</ele>
      </trkpt>
      <trkpt lat="47.50706" lon="-2.77764">
        <ele>26</ele>
      </trkpt>
      <trkpt lat="47.50694" lon="-2.77775">
        <ele>26</ele>
      </trkpt>
      <trkpt lat="47.50683" lon="-2.77785">
        <ele>26</ele>
      </trkpt>
      <trkpt lat="47.50671" lon="-2.77796">
        <ele>26</ele>
      </trkpt>
      <trkpt lat="47.50656" lon="-2.77795">
        <ele>25</ele>
      </trkpt>
      <trkpt lat="47.50641" lon="-2.77794">
        <ele>25</ele>
      </trkpt>
      <trkpt lat="47.50625" lon="-2.77792">
        <ele>25</ele>
      </trkpt>
      <trkpt lat="47.5061" lon="-2.77791">
        <ele>26</ele>
      </trkpt>
      <trkpt lat="47.50599" lon="-2.77817">
        <ele>26</ele>
      </trkpt>
      <trkpt lat="47.50587" lon="-2.77843">
        <ele>27</ele>
      </trkpt>
      <trkpt lat="47.50567" lon="-2.77868">
        <ele>27</ele>
      </trkpt>
      <trkpt lat="47.50561" lon="-2.77887">
        <ele>28</ele>
      </trkpt>
      <trkpt lat="47.50547" lon="-2.77916">
        <ele>29</ele>
      </trkpt>
      <trkpt lat="47.50532" lon="-2.77944">
        <ele>30</ele>
      </trkpt>
      <trkpt lat="47.50518" lon="-2.77973">
        <ele>31</ele>
      </trkpt>
      <trkpt lat="47.50504" lon="-2.78002">
        <ele>31</ele>
      </trkpt>
      <trkpt lat="47.50498" lon="-2.7802">
        <ele>31</ele>
      </trkpt>
      <trkpt lat="47.50493" lon="-2.78038">
        <ele>32</ele>
      </trkpt>
      <trkpt lat="47.50487" lon="-2.78057">
        <ele>32</ele>
      </trkpt>
      <trkpt lat="47.50481" lon="-2.78075">
        <ele>32</ele>
      </trkpt>
      <trkpt lat="47.50471" lon="-2.78097">
        <ele>33</ele>
      </trkpt>
      <trkpt lat="47.50461" lon="-2.7812">
        <ele>34</ele>
      </trkpt>
      <trkpt lat="47.50455" lon="-2.78142">
        <ele>34</ele>
      </trkpt>
      <trkpt lat="47.50449" lon="-2.78164">
        <ele>34</ele>
      </trkpt>
      <trkpt lat="47.50442" lon="-2.78186">
        <ele>35</ele>
      </trkpt>
      <trkpt lat="47.50436" lon="-2.78209">
        <ele>35</ele>
      </trkpt>
      <trkpt lat="47.5043" lon="-2.78231">
        <ele>35</ele>
      </trkpt>
      <trkpt lat="47.50423" lon="-2.78253">
        <ele>35</ele>
      </trkpt>
      <trkpt lat="47.50417" lon="-2.78275">
        <ele>35</ele>
      </trkpt>
      <trkpt lat="47.50411" lon="-2.78297">
        <ele>35</ele>
      </trkpt>
      <trkpt lat="47.50401" lon="-2.78317">
        <ele>35</ele>
      </trkpt>
      <trkpt lat="47.50392" lon="-2.78338">
        <ele>35</ele>
      </trkpt>
      <trkpt lat="47.50381" lon="-2.78354">
        <ele>35</ele>
      </trkpt>
      <trkpt lat="47.50379" lon="-2.7837">
        <ele>35</ele>
      </trkpt>
      <trkpt lat="47.5038" lon="-2.78394">
        <ele>35</ele>
      </trkpt>
      <trkpt lat="47.50381" lon="-2.78418">
        <ele>35</ele>
      </trkpt>
      <trkpt lat="47.50382" lon="-2.78442">
        <ele>35</ele>
      </trkpt>
      <trkpt lat="47.50383" lon="-2.78466">
        <ele>35</ele>
      </trkpt>
      <trkpt lat="47.50383" lon="-2.78503">
        <ele>34</ele>
      </trkpt>
      <trkpt lat="47.50383" lon="-2.7854">
        <ele>34</ele>
      </trkpt>
      <trkpt lat="47.5038" lon="-2.78578">
        <ele>33</ele>
      </trkpt>
      <trkpt lat="47.50377" lon="-2.78616">
        <ele>33</ele>
      </trkpt>
      <trkpt lat="47.50374" lon="-2.78638">
        <ele>33</ele>
      </trkpt>
      <trkpt lat="47.5037" lon="-2.78659">
        <ele>33</ele>
      </trkpt>
      <trkpt lat="47.50346" lon="-2.78668">
        <ele>33</ele>
      </trkpt>
      <trkpt lat="47.50323" lon="-2.78676">
        <ele>32</ele>
      </trkpt>
      <trkpt lat="47.50299" lon="-2.78685">
        <ele>32</ele>
      </trkpt>
      <trkpt lat="47.50275" lon="-2.78694">
        <ele>32</ele>
      </trkpt>
      <trkpt lat="47.50259" lon="-2.78694">
        <ele>32</ele>
      </trkpt>
      <trkpt lat="47.50243" lon="-2.78695">
        <ele>32</ele>
      </trkpt>
      <trkpt lat="47.50226" lon="-2.78695">
        <ele>31</ele>
      </trkpt>
      <trkpt lat="47.5021" lon="-2.78695">
        <ele>31</ele>
      </trkpt>
      <trkpt lat="47.50185" lon="-2.78702">
        <ele>31</ele>
      </trkpt>
      <trkpt lat="47.50159" lon="-2.7871">
        <ele>30</ele>
      </trkpt>
      <trkpt lat="47.50133" lon="-2.78717">
        <ele>30</ele>
      </trkpt>
      <trkpt lat="47.50108" lon="-2.78725">
        <ele>29</ele>
      </trkpt>
      <trkpt lat="47.50088" lon="-2.78725">
        <ele>28</ele>
      </trkpt>
      <trkpt lat="47.50069" lon="-2.78725">
        <ele>28</ele>
      </trkpt>
      <trkpt lat="47.50052" lon="-2.78724">
        <ele>28</ele>
      </trkpt>
      <trkpt lat="47.50034" lon="-2.78722">
        <ele>26</ele>
      </trkpt>
      <trkpt lat="47.50017" lon="-2.78721">
        <ele>25</ele>
      </trkpt>
      <trkpt lat="47.5" lon="-2.7872">
        <ele>23</ele>
      </trkpt>
      <trkpt lat="47.49984" lon="-2.78721">
        <ele>22</ele>
      </trkpt>
      <trkpt lat="47.49968" lon="-2.78721">
        <ele>21</ele>
      </trkpt>
      <trkpt lat="47.49953" lon="-2.78721">
        <ele>20</ele>
      </trkpt>
      <trkpt lat="47.49937" lon="-2.78722">
        <ele>20</ele>
      </trkpt>
      <trkpt lat="47.49929" lon="-2.78711">
        <ele>19</ele>
      </trkpt>
      <trkpt lat="47.4991" lon="-2.78708">
        <ele>19</ele>
      </trkpt>
      <trkpt lat="47.49899" lon="-2.7872">
        <ele>18</ele>
      </trkpt>
      <trkpt lat="47.49882" lon="-2.78728">
        <ele>17</ele>
      </trkpt>
      <trkpt lat="47.49869" lon="-2.78729">
        <ele>16</ele>
      </trkpt>
      <trkpt lat="47.49855" lon="-2.7873">
        <ele>15</ele>
      </trkpt>
      <trkpt lat="47.49842" lon="-2.78732">
        <ele>15</ele>
      </trkpt>
      <trkpt lat="47.49828" lon="-2.78733">
        <ele>15</ele>
      </trkpt>
      <trkpt lat="47.49819" lon="-2.78762">
        <ele>15</ele>
      </trkpt>
      <trkpt lat="47.4981" lon="-2.78792">
        <ele>16</ele>
      </trkpt>
      <trkpt lat="47.49801" lon="-2.78822">
        <ele>16</ele>
      </trkpt>
      <trkpt lat="47.49792" lon="-2.78851">
        <ele>16</ele>
      </trkpt>
      <trkpt lat="47.49777" lon="-2.78861">
        <ele>16</ele>
      </trkpt>
      <trkpt lat="47.49762" lon="-2.78871">
        <ele>15</ele>
      </trkpt>
      <trkpt lat="47.49748" lon="-2.7888">
        <ele>14</ele>
      </trkpt>
      <trkpt lat="47.49733" lon="-2.7889">
        <ele>14</ele>
      </trkpt>
      <trkpt lat="47.49719" lon="-2.78877">
        <ele>13</ele>
      </trkpt>
      <trkpt lat="47.49705" lon="-2.78864">
        <ele>12</ele>
      </trkpt>
      <trkpt lat="47.49691" lon="-2.78852">
        <ele>12</ele>
      </trkpt>
      <trkpt lat="47.49677" lon="-2.78839">
        <ele>11</ele>
      </trkpt>
      <trkpt lat="47.49662" lon="-2.78828">
        <ele>11</ele>
      </trkpt>
      <trkpt lat="47.49647" lon="-2.78817">
        <ele>10</ele>
      </trkpt>
      <trkpt lat="47.4963" lon="-2.7882">
        <ele>10</ele>
      </trkpt>
      <trkpt lat="47.49613" lon="-2.78823">
        <ele>10</ele>
      </trkpt>
      <trkpt lat="47.49588" lon="-2.7883">
        <ele>9</ele>
      </trkpt>
      <trkpt lat="47.49564" lon="-2.78838">
        <ele>8</ele>
      </trkpt>
      <trkpt lat="47.49539" lon="-2.78845">
        <ele>8</ele>
      </trkpt>
      <trkpt lat="47.49514" lon="-2.78852">
        <ele>8</ele>
      </trkpt>
      <trkpt lat="47.49496" lon="-2.78859">
        <ele>8</ele>
      </trkpt>
      <trkpt lat="47.49477" lon="-2.78866">
        <ele>7</ele>
      </trkpt>
      <trkpt lat="47.49459" lon="-2.78873">
        <ele>7</ele>
      </trkpt>
      <trkpt lat="47.4944" lon="-2.7888">
        <ele>7</ele>
      </trkpt>
      <trkpt lat="47.49421" lon="-2.7889">
        <ele>7</ele>
      </trkpt>
      <trkpt lat="47.49402" lon="-2.789">
        <ele>7</ele>
      </trkpt>
      <trkpt lat="47.49392" lon="-2.7887">
        <ele>6</ele>
      </trkpt>
      <trkpt lat="47.49381" lon="-2.7884">
        <ele>6</ele>
      </trkpt>
      <trkpt lat="47.4937" lon="-2.78809">
        <ele>6</ele>
      </trkpt>
      <trkpt lat="47.4936" lon="-2.78779">
        <ele>5</ele>
      </trkpt>
      <trkpt lat="47.49351" lon="-2.78762">
        <ele>5</ele>
      </trkpt>
      <trkpt lat="47.49343" lon="-2.78744">
        <ele>5</ele>
      </trkpt>
      <trkpt lat="47.49334" lon="-2.78727">
        <ele>5</ele>
      </trkpt>
      <trkpt lat="47.49326" lon="-2.78709">
        <ele>5</ele>
      </trkpt>
      <trkpt lat="47.49317" lon="-2.78692">
        <ele>4</ele>
      </trkpt>
      <trkpt lat="47.49308" lon="-2.78675">
        <ele>4</ele>
      </trkpt>
      <trkpt lat="47.493" lon="-2.78657">
        <ele>4</ele>
      </trkpt>
      <trkpt lat="47.49291" lon="-2.7864">
        <ele>4</ele>
      </trkpt>
      <trkpt lat="47.49271" lon="-2.78656">
        <ele>4</ele>
      </trkpt>
      <trkpt lat="47.49251" lon="-2.78672">
        <ele>4</ele>
      </trkpt>
      <trkpt lat="47.49231" lon="-2.78689">
        <ele>4</ele>
      </trkpt>
      <trkpt lat="47.49211" lon="-2.78705">
        <ele>4</ele>
      </trkpt>
      <trkpt lat="47.4919" lon="-2.78707">
        <ele>4</ele>
      </trkpt>
      <trkpt lat="47.49169" lon="-2.78708">
        <ele>4</ele>
      </trkpt>
      <trkpt lat="47.49143" lon="-2.78716">
        <ele>4</ele>
      </trkpt>
      <trkpt lat="47.4912" lon="-2.7872">
        <ele>4</ele>
      </trkpt>
      <trkpt lat="47.49096" lon="-2.78724">
        <ele>4</ele>
      </trkpt>
      <trkpt lat="47.49079" lon="-2.78704">
        <ele>4</ele>
      </trkpt>
      <trkpt lat="47.49061" lon="-2.78684">
        <ele>4</ele>
      </trkpt>
      <trkpt lat="47.49036" lon="-2.7869">
        <ele>4</ele>
      </trkpt>
      <trkpt lat="47.49012" lon="-2.78696">
        <ele>4</ele>
      </trkpt>
      <trkpt lat="47.49005" lon="-2.78705">
        <ele>5</ele>
      </trkpt>
      <trkpt lat="47.48998" lon="-2.78722">
        <ele>5</ele>
      </trkpt>
      <trkpt lat="47.48995" lon="-2.78742">
        <ele>5</ele>
      </trkpt>
      <trkpt lat="47.48996" lon="-2.78765">
        <ele>5</ele>
      </trkpt>
      <trkpt lat="47.48996" lon="-2.78788">
        <ele>5</ele>
      </trkpt>
      <trkpt lat="47.48994" lon="-2.78808">
        <ele>5</ele>
      </trkpt>
      <trkpt lat="47.48992" lon="-2.78829">
        <ele>5</ele>
      </trkpt>
      <trkpt lat="47.48989" lon="-2.78849">
        <ele>5</ele>
      </trkpt>
      <trkpt lat="47.48987" lon="-2.78869">
        <ele>5</ele>
      </trkpt>
      <trkpt lat="47.48989" lon="-2.78897">
        <ele>5</ele>
      </trkpt>
      <trkpt lat="47.48986" lon="-2.78918">
        <ele>5</ele>
      </trkpt>
      <trkpt lat="47.48983" lon="-2.78938">
        <ele>5</ele>
      </trkpt>
      <trkpt lat="47.4898" lon="-2.78958">
        <ele>5</ele>
      </trkpt>
      <trkpt lat="47.48977" lon="-2.78979">
        <ele>5</ele>
      </trkpt>
      <trkpt lat="47.48971" lon="-2.79005">
        <ele>5</ele>
      </trkpt>
      <trkpt lat="47.48964" lon="-2.79031">
        <ele>5</ele>
      </trkpt>
      <trkpt lat="47.48958" lon="-2.79057">
        <ele>4</ele>
      </trkpt>
      <trkpt lat="47.48952" lon="-2.79083">
        <ele>4</ele>
      </trkpt>
      <trkpt lat="47.48945" lon="-2.79106">
        <ele>4</ele>
      </trkpt>
      <trkpt lat="47.48937" lon="-2.79129">
        <ele>4</ele>
      </trkpt>
      <trkpt lat="47.4893" lon="-2.79151">
        <ele>4</ele>
      </trkpt>
      <trkpt lat="47.48923" lon="-2.79174">
        <ele>4</ele>
      </trkpt>
      <trkpt lat="47.48911" lon="-2.79191">
        <ele>4</ele>
      </trkpt>
      <trkpt lat="47.48898" lon="-2.79209">
        <ele>4</ele>
      </trkpt>
      <trkpt lat="47.48886" lon="-2.79226">
        <ele>4</ele>
      </trkpt>
      <trkpt lat="47.48874" lon="-2.79243">
        <ele>4</ele>
      </trkpt>
      <trkpt lat="47.48862" lon="-2.79245">
        <ele>4</ele>
      </trkpt>
      <trkpt lat="47.48847" lon="-2.79256">
        <ele>4</ele>
      </trkpt>
      <trkpt lat="47.48832" lon="-2.79267">
        <ele>4</ele>
      </trkpt>
      <trkpt lat="47.48816" lon="-2.79278">
        <ele>4</ele>
      </trkpt>
      <trkpt lat="47.48801" lon="-2.79289">
        <ele>4</ele>
      </trkpt>
      <trkpt lat="47.48784" lon="-2.79296">
        <ele>4</ele>
      </trkpt>
      <trkpt lat="47.48766" lon="-2.79303">
        <ele>4</ele>
      </trkpt>
      <trkpt lat="47.48745" lon="-2.79305">
        <ele>4</ele>
      </trkpt>
      <trkpt lat="47.48725" lon="-2.79307">
        <ele>4</ele>
      </trkpt>
      <trkpt lat="47.48704" lon="-2.79309">
        <ele>4</ele>
      </trkpt>
      <trkpt lat="47.48683" lon="-2.79311">
        <ele>4</ele>
      </trkpt>
      <trkpt lat="47.48668" lon="-2.79308">
        <ele>4</ele>
      </trkpt>
      <trkpt lat="47.48653" lon="-2.79305">
        <ele>4</ele>
      </trkpt>
      <trkpt lat="47.48636" lon="-2.79294">
        <ele>4</ele>
      </trkpt>
      <trkpt lat="47.48628" lon="-2.7927">
        <ele>4</ele>
      </trkpt>
      <trkpt lat="47.48627" lon="-2.79245">
        <ele>4</ele>
      </trkpt>
      <trkpt lat="47.48627" lon="-2.79221">
        <ele>5</ele>
      </trkpt>
      <trkpt lat="47.48601" lon="-2.79216">
        <ele>6</ele>
      </trkpt>
      <trkpt lat="47.48575" lon="-2.79212">
        <ele>6</ele>
      </trkpt>
      <trkpt lat="47.48559" lon="-2.79217">
        <ele>6</ele>
      </trkpt>
      <trkpt lat="47.48541" lon="-2.79228">
        <ele>6</ele>
      </trkpt>
      <trkpt lat="47.48524" lon="-2.79246">
        <ele>6</ele>
      </trkpt>
      <trkpt lat="47.48506" lon="-2.79264">
        <ele>6</ele>
      </trkpt>
      <trkpt lat="47.48485" lon="-2.7928">
        <ele>6</ele>
      </trkpt>
      <trkpt lat="47.48465" lon="-2.79296">
        <ele>6</ele>
      </trkpt>
      <trkpt lat="47.48457" lon="-2.79315">
        <ele>7</ele>
      </trkpt>
      <trkpt lat="47.48449" lon="-2.79334">
        <ele>6</ele>
      </trkpt>
      <trkpt lat="47.48441" lon="-2.79364">
        <ele>6</ele>
      </trkpt>
      <trkpt lat="47.48433" lon="-2.79393">
        <ele>6</ele>
      </trkpt>
      <trkpt lat="47.48441" lon="-2.79414">
        <ele>6</ele>
      </trkpt>
      <trkpt lat="47.48446" lon="-2.79421">
        <ele>6</ele>
      </trkpt>
      <trkpt lat="47.48454" lon="-2.79424">
        <ele>6</ele>
      </trkpt>
      <trkpt lat="47.4846" lon="-2.79425">
        <ele>6</ele>
      </trkpt>
      <trkpt lat="47.48465" lon="-2.79423">
        <ele>6</ele>
      </trkpt>
      <trkpt lat="47.48469" lon="-2.79418">
        <ele>7</ele>
      </trkpt>
      <trkpt lat="47.48475" lon="-2.79417">
        <ele>7</ele>
      </trkpt>
      <trkpt lat="47.48482" lon="-2.7942">
        <ele>7</ele>
      </trkpt>
      <trkpt lat="47.48501" lon="-2.79415">
        <ele>7</ele>
      </trkpt>
      <trkpt lat="47.4851" lon="-2.7942">
        <ele>7</ele>
      </trkpt>
      <trkpt lat="47.48517" lon="-2.79446">
        <ele>7</ele>
      </trkpt>
      <trkpt lat="47.48524" lon="-2.79472">
        <ele>7</ele>
      </trkpt>
      <trkpt lat="47.48531" lon="-2.79499">
        <ele>7</ele>
      </trkpt>
      <trkpt lat="47.48538" lon="-2.79525">
        <ele>7</ele>
      </trkpt>
      <trkpt lat="47.48542" lon="-2.79558">
        <ele>7</ele>
      </trkpt>
      <trkpt lat="47.48546" lon="-2.79591">
        <ele>6</ele>
      </trkpt>
      <trkpt lat="47.4855" lon="-2.79624">
        <ele>6</ele>
      </trkpt>
      <trkpt lat="47.48554" lon="-2.79657">
        <ele>6</ele>
      </trkpt>
      <trkpt lat="47.48555" lon="-2.79685">
        <ele>6</ele>
      </trkpt>
      <trkpt lat="47.48556" lon="-2.79712">
        <ele>6</ele>
      </trkpt>
      <trkpt lat="47.48569" lon="-2.79745">
        <ele>6</ele>
      </trkpt>
      <trkpt lat="47.48579" lon="-2.79751">
        <ele>7</ele>
      </trkpt>
      <trkpt lat="47.48599" lon="-2.79756">
        <ele>7</ele>
      </trkpt>
      <trkpt lat="47.48619" lon="-2.79761">
        <ele>7</ele>
      </trkpt>
      <trkpt lat="47.48631" lon="-2.79772">
        <ele>7</ele>
      </trkpt>
      <trkpt lat="47.48646" lon="-2.79791">
        <ele>7</ele>
      </trkpt>
      <trkpt lat="47.48653" lon="-2.79809">
        <ele>7</ele>
      </trkpt>
      <trkpt lat="47.4866" lon="-2.79828">
        <ele>7</ele>
      </trkpt>
      <trkpt lat="47.48668" lon="-2.79847">
        <ele>7</ele>
      </trkpt>
      <trkpt lat="47.48675" lon="-2.79865">
        <ele>7</ele>
      </trkpt>
      <trkpt lat="47.48687" lon="-2.79884">
        <ele>7</ele>
      </trkpt>
      <trkpt lat="47.48707" lon="-2.799">
        <ele>6</ele>
      </trkpt>
      <trkpt lat="47.48727" lon="-2.79916">
        <ele>6</ele>
      </trkpt>
      <trkpt lat="47.48749" lon="-2.79921">
        <ele>6</ele>
      </trkpt>
      <trkpt lat="47.48762" lon="-2.79933">
        <ele>6</ele>
      </trkpt>
      <trkpt lat="47.48752" lon="-2.79952">
        <ele>6</ele>
      </trkpt>
      <trkpt lat="47.48745" lon="-2.79972">
        <ele>6</ele>
      </trkpt>
      <trkpt lat="47.48739" lon="-2.79993">
        <ele>6</ele>
      </trkpt>
      <trkpt lat="47.48734" lon="-2.80002">
        <ele>6</ele>
      </trkpt>
      <trkpt lat="47.48748" lon="-2.80034">
        <ele>6</ele>
      </trkpt>
      <trkpt lat="47.48761" lon="-2.80065">
        <ele>6</ele>
      </trkpt>
      <trkpt lat="47.48768" lon="-2.80084">
        <ele>5</ele>
      </trkpt>
      <trkpt lat="47.48775" lon="-2.80103">
        <ele>5</ele>
      </trkpt>
      <trkpt lat="47.48782" lon="-2.80122">
        <ele>5</ele>
      </trkpt>
      <trkpt lat="47.48789" lon="-2.80141">
        <ele>5</ele>
      </trkpt>
      <trkpt lat="47.48797" lon="-2.8016">
        <ele>5</ele>
      </trkpt>
      <trkpt lat="47.48804" lon="-2.80179">
        <ele>5</ele>
      </trkpt>
      <trkpt lat="47.48811" lon="-2.80198">
        <ele>5</ele>
      </trkpt>
      <trkpt lat="47.48818" lon="-2.80217">
        <ele>5</ele>
      </trkpt>
      <trkpt lat="47.48827" lon="-2.80252">
        <ele>5</ele>
      </trkpt>
      <trkpt lat="47.48836" lon="-2.80287">
        <ele>6</ele>
      </trkpt>
      <trkpt lat="47.48845" lon="-2.80322">
        <ele>5</ele>
      </trkpt>
      <trkpt lat="47.48854" lon="-2.80357">
        <ele>5</ele>
      </trkpt>
      <trkpt lat="47.4886" lon="-2.80386">
        <ele>5</ele>
      </trkpt>
      <trkpt lat="47.48865" lon="-2.80415">
        <ele>6</ele>
      </trkpt>
      <trkpt lat="47.48869" lon="-2.80441">
        <ele>6</ele>
      </trkpt>
      <trkpt lat="47.48873" lon="-2.80466">
        <ele>6</ele>
      </trkpt>
      <trkpt lat="47.48876" lon="-2.80492">
        <ele>6</ele>
      </trkpt>
      <trkpt lat="47.4888" lon="-2.80518">
        <ele>6</ele>
      </trkpt>
      <trkpt lat="47.48886" lon="-2.80524">
        <ele>6</ele>
      </trkpt>
      <trkpt lat="47.48888" lon="-2.80548">
        <ele>6</ele>
      </trkpt>
      <trkpt lat="47.48891" lon="-2.80572">
        <ele>6</ele>
      </trkpt>
      <trkpt lat="47.48894" lon="-2.80577">
        <ele>5</ele>
      </trkpt>
      <trkpt lat="47.48897" lon="-2.806">
        <ele>5</ele>
      </trkpt>
      <trkpt lat="47.489" lon="-2.80623">
        <ele>5</ele>
      </trkpt>
      <trkpt lat="47.48902" lon="-2.80646">
        <ele>5</ele>
      </trkpt>
      <trkpt lat="47.48905" lon="-2.80669">
        <ele>5</ele>
      </trkpt>
      <trkpt lat="47.48906" lon="-2.80696">
        <ele>5</ele>
      </trkpt>
      <trkpt lat="47.48907" lon="-2.80722">
        <ele>5</ele>
      </trkpt>
      <trkpt lat="47.48908" lon="-2.80749">
        <ele>5</ele>
      </trkpt>
      <trkpt lat="47.48909" lon="-2.80776">
        <ele>5</ele>
      </trkpt>
      <trkpt lat="47.48906" lon="-2.80808">
        <ele>5</ele>
      </trkpt>
      <trkpt lat="47.48903" lon="-2.80839">
        <ele>5</ele>
      </trkpt>
      <trkpt lat="47.48903" lon="-2.80866">
        <ele>5</ele>
      </trkpt>
      <trkpt lat="47.48897" lon="-2.809">
        <ele>5</ele>
      </trkpt>
      <trkpt lat="47.48891" lon="-2.80935">
        <ele>6</ele>
      </trkpt>
      <trkpt lat="47.48884" lon="-2.80955">
        <ele>6</ele>
      </trkpt>
      <trkpt lat="47.48877" lon="-2.80976">
        <ele>6</ele>
      </trkpt>
      <trkpt lat="47.48869" lon="-2.80996">
        <ele>6</ele>
      </trkpt>
      <trkpt lat="47.48862" lon="-2.81016">
        <ele>6</ele>
      </trkpt>
      <trkpt lat="47.48846" lon="-2.81023">
        <ele>6</ele>
      </trkpt>
      <trkpt lat="47.48824" lon="-2.81046">
        <ele>6</ele>
      </trkpt>
      <trkpt lat="47.48808" lon="-2.81077">
        <ele>6</ele>
      </trkpt>
      <trkpt lat="47.48802" lon="-2.81097">
        <ele>6</ele>
      </trkpt>
      <trkpt lat="47.4879" lon="-2.81109">
        <ele>5</ele>
      </trkpt>
      <trkpt lat="47.48778" lon="-2.81121">
        <ele>4</ele>
      </trkpt>
      <trkpt lat="47.48765" lon="-2.8115">
        <ele>4</ele>
      </trkpt>
      <trkpt lat="47.48752" lon="-2.8118">
        <ele>4</ele>
      </trkpt>
      <trkpt lat="47.48737" lon="-2.81207">
        <ele>4</ele>
      </trkpt>
      <trkpt lat="47.48722" lon="-2.81233">
        <ele>4</ele>
      </trkpt>
      <trkpt lat="47.48707" lon="-2.81247">
        <ele>5</ele>
      </trkpt>
      <trkpt lat="47.48692" lon="-2.81261">
        <ele>5</ele>
      </trkpt>
      <trkpt lat="47.48689" lon="-2.81288">
        <ele>5</ele>
      </trkpt>
      <trkpt lat="47.48686" lon="-2.81316">
        <ele>5</ele>
      </trkpt>
      <trkpt lat="47.48688" lon="-2.81338">
        <ele>5</ele>
      </trkpt>
      <trkpt lat="47.48685" lon="-2.81364">
        <ele>5</ele>
      </trkpt>
      <trkpt lat="47.48686" lon="-2.81386">
        <ele>5</ele>
      </trkpt>
      <trkpt lat="47.48687" lon="-2.81407">
        <ele>5</ele>
      </trkpt>
      <trkpt lat="47.48686" lon="-2.81435">
        <ele>5</ele>
      </trkpt>
      <trkpt lat="47.48685" lon="-2.81463">
        <ele>5</ele>
      </trkpt>
      <trkpt lat="47.48689" lon="-2.81489">
        <ele>5</ele>
      </trkpt>
      <trkpt lat="47.48692" lon="-2.81515">
        <ele>5</ele>
      </trkpt>
      <trkpt lat="47.48695" lon="-2.81542">
        <ele>5</ele>
      </trkpt>
      <trkpt lat="47.48699" lon="-2.81568">
        <ele>5</ele>
      </trkpt>
      <trkpt lat="47.48705" lon="-2.81593">
        <ele>5</ele>
      </trkpt>
      <trkpt lat="47.48711" lon="-2.81618">
        <ele>5</ele>
      </trkpt>
      <trkpt lat="47.48717" lon="-2.81643">
        <ele>5</ele>
      </trkpt>
      <trkpt lat="47.48723" lon="-2.81668">
        <ele>5</ele>
      </trkpt>
      <trkpt lat="47.4874" lon="-2.81679">
        <ele>4</ele>
      </trkpt>
      <trkpt lat="47.48752" lon="-2.81697">
        <ele>4</ele>
      </trkpt>
      <trkpt lat="47.48764" lon="-2.81722">
        <ele>4</ele>
      </trkpt>
      <trkpt lat="47.48768" lon="-2.81742">
        <ele>4</ele>
      </trkpt>
      <trkpt lat="47.48773" lon="-2.81762">
        <ele>4</ele>
      </trkpt>
      <trkpt lat="47.4878" lon="-2.81779">
        <ele>5</ele>
      </trkpt>
      <trkpt lat="47.48787" lon="-2.81797">
        <ele>5</ele>
      </trkpt>
      <trkpt lat="47.48809" lon="-2.81811">
        <ele>6</ele>
      </trkpt>
      <trkpt lat="47.48827" lon="-2.8181">
        <ele>6</ele>
      </trkpt>
      <trkpt lat="47.48836" lon="-2.81814">
        <ele>7</ele>
      </trkpt>
      <trkpt lat="47.48848" lon="-2.8182">
        <ele>7</ele>
      </trkpt>
      <trkpt lat="47.4886" lon="-2.81831">
        <ele>7</ele>
      </trkpt>
      <trkpt lat="47.48869" lon="-2.81848">
        <ele>6</ele>
      </trkpt>
      <trkpt lat="47.48879" lon="-2.81865">
        <ele>6</ele>
      </trkpt>
      <trkpt lat="47.48888" lon="-2.81882">
        <ele>6</ele>
      </trkpt>
      <trkpt lat="47.48898" lon="-2.81899">
        <ele>5</ele>
      </trkpt>
      <trkpt lat="47.48909" lon="-2.81923">
        <ele>5</ele>
      </trkpt>
      <trkpt lat="47.48921" lon="-2.81956">
        <ele>5</ele>
      </trkpt>
      <trkpt lat="47.48913" lon="-2.81961">
        <ele>5</ele>
      </trkpt>
      <trkpt lat="47.48918" lon="-2.81981">
        <ele>5</ele>
      </trkpt>
      <trkpt lat="47.48922" lon="-2.82001">
        <ele>5</ele>
      </trkpt>
      <trkpt lat="47.48927" lon="-2.82022">
        <ele>4</ele>
      </trkpt>
      <trkpt lat="47.48931" lon="-2.82042">
        <ele>4</ele>
      </trkpt>
      <trkpt lat="47.48941" lon="-2.82063">
        <ele>3</ele>
      </trkpt>
      <trkpt lat="47.48951" lon="-2.82084">
        <ele>3</ele>
      </trkpt>
      <trkpt lat="47.4896" lon="-2.82105">
        <ele>3</ele>
      </trkpt>
      <trkpt lat="47.4897" lon="-2.82126">
        <ele>3</ele>
      </trkpt>
      <trkpt lat="47.48978" lon="-2.82133">
        <ele>4</ele>
      </trkpt>
      <trkpt lat="47.48976" lon="-2.82154">
        <ele>4</ele>
      </trkpt>
      <trkpt lat="47.48974" lon="-2.82176">
        <ele>6</ele>
      </trkpt>
      <trkpt lat="47.48981" lon="-2.82185">
        <ele>7</ele>
      </trkpt>
      <trkpt lat="47.48976" lon="-2.82195">
        <ele>8</ele>
      </trkpt>
      <trkpt lat="47.48978" lon="-2.82224">
        <ele>8</ele>
      </trkpt>
      <trkpt lat="47.4898" lon="-2.82252">
        <ele>9</ele>
      </trkpt>
      <trkpt lat="47.48969" lon="-2.82283">
        <ele>10</ele>
      </trkpt>
      <trkpt lat="47.48967" lon="-2.82306">
        <ele>10</ele>
      </trkpt>
      <trkpt lat="47.48964" lon="-2.82328">
        <ele>10</ele>
      </trkpt>
      <trkpt lat="47.48964" lon="-2.82362">
        <ele>10</ele>
      </trkpt>
      <trkpt lat="47.48976" lon="-2.82388">
        <ele>11</ele>
      </trkpt>
      <trkpt lat="47.48986" lon="-2.82397">
        <ele>11</ele>
      </trkpt>
      <trkpt lat="47.49001" lon="-2.82403">
        <ele>11</ele>
      </trkpt>
      <trkpt lat="47.49013" lon="-2.82412">
        <ele>11</ele>
      </trkpt>
      <trkpt lat="47.49018" lon="-2.82422">
        <ele>11</ele>
      </trkpt>
      <trkpt lat="47.49024" lon="-2.82441">
        <ele>11</ele>
      </trkpt>
      <trkpt lat="47.4903" lon="-2.82459">
        <ele>11</ele>
      </trkpt>
      <trkpt lat="47.49033" lon="-2.82479">
        <ele>10</ele>
      </trkpt>
      <trkpt lat="47.49036" lon="-2.825">
        <ele>10</ele>
      </trkpt>
      <trkpt lat="47.4904" lon="-2.82521">
        <ele>10</ele>
      </trkpt>
      <trkpt lat="47.49043" lon="-2.82541">
        <ele>10</ele>
      </trkpt>
      <trkpt lat="47.4905" lon="-2.82563">
        <ele>10</ele>
      </trkpt>
      <trkpt lat="47.49058" lon="-2.82584">
        <ele>9</ele>
      </trkpt>
      <trkpt lat="47.49067" lon="-2.82602">
        <ele>9</ele>
      </trkpt>
      <trkpt lat="47.49077" lon="-2.8262">
        <ele>9</ele>
      </trkpt>
      <trkpt lat="47.49091" lon="-2.82634">
        <ele>9</ele>
      </trkpt>
      <trkpt lat="47.49105" lon="-2.82647">
        <ele>9</ele>
      </trkpt>
      <trkpt lat="47.49116" lon="-2.82654">
        <ele>9</ele>
      </trkpt>
      <trkpt lat="47.49124" lon="-2.82653">
        <ele>9</ele>
      </trkpt>
      <trkpt lat="47.49143" lon="-2.8266">
        <ele>9</ele>
      </trkpt>
      <trkpt lat="47.49169" lon="-2.8266">
        <ele>9</ele>
      </trkpt>
      <trkpt lat="47.49181" lon="-2.82677">
        <ele>9</ele>
      </trkpt>
      <trkpt lat="47.49174" lon="-2.82703">
        <ele>9</ele>
      </trkpt>
      <trkpt lat="47.49167" lon="-2.8273">
        <ele>10</ele>
      </trkpt>
      <trkpt lat="47.49164" lon="-2.82756">
        <ele>10</ele>
      </trkpt>
      <trkpt lat="47.49165" lon="-2.82783">
        <ele>10</ele>
      </trkpt>
      <trkpt lat="47.49172" lon="-2.82815">
        <ele>11</ele>
      </trkpt>
      <trkpt lat="47.49182" lon="-2.82839">
        <ele>11</ele>
      </trkpt>
      <trkpt lat="47.49185" lon="-2.82854">
        <ele>11</ele>
      </trkpt>
      <trkpt lat="47.49205" lon="-2.8288">
        <ele>11</ele>
      </trkpt>
      <trkpt lat="47.49225" lon="-2.82906">
        <ele>10</ele>
      </trkpt>
      <trkpt lat="47.49233" lon="-2.82927">
        <ele>10</ele>
      </trkpt>
      <trkpt lat="47.49242" lon="-2.8296">
        <ele>10</ele>
      </trkpt>
      <trkpt lat="47.49251" lon="-2.82994">
        <ele>10</ele>
      </trkpt>
      <trkpt lat="47.49274" lon="-2.83005">
        <ele>10</ele>
      </trkpt>
      <trkpt lat="47.49298" lon="-2.83015">
        <ele>11</ele>
      </trkpt>
      <trkpt lat="47.49304" lon="-2.83047">
        <ele>12</ele>
      </trkpt>
      <trkpt lat="47.49309" lon="-2.83079">
        <ele>13</ele>
      </trkpt>
      <trkpt lat="47.49314" lon="-2.8311">
        <ele>13</ele>
      </trkpt>
      <trkpt lat="47.4932" lon="-2.83142">
        <ele>13</ele>
      </trkpt>
      <trkpt lat="47.49324" lon="-2.83177">
        <ele>13</ele>
      </trkpt>
      <trkpt lat="47.49315" lon="-2.8319">
        <ele>13</ele>
      </trkpt>
      <trkpt lat="47.49306" lon="-2.83218">
        <ele>12</ele>
      </trkpt>
      <trkpt lat="47.493" lon="-2.83242">
        <ele>11</ele>
      </trkpt>
      <trkpt lat="47.49293" lon="-2.83265">
        <ele>10</ele>
      </trkpt>
      <trkpt lat="47.49287" lon="-2.83289">
        <ele>9</ele>
      </trkpt>
      <trkpt lat="47.49281" lon="-2.83312">
        <ele>9</ele>
      </trkpt>
      <trkpt lat="47.49274" lon="-2.83336">
        <ele>9</ele>
      </trkpt>
      <trkpt lat="47.49268" lon="-2.8336">
        <ele>9</ele>
      </trkpt>
      <trkpt lat="47.49261" lon="-2.83383">
        <ele>9</ele>
      </trkpt>
      <trkpt lat="47.49255" lon="-2.83407">
        <ele>8</ele>
      </trkpt>
      <trkpt lat="47.49263" lon="-2.83418">
        <ele>8</ele>
      </trkpt>
      <trkpt lat="47.49278" lon="-2.83422">
        <ele>8</ele>
      </trkpt>
      <trkpt lat="47.49294" lon="-2.83419">
        <ele>8</ele>
      </trkpt>
      <trkpt lat="47.4931" lon="-2.83412">
        <ele>6</ele>
      </trkpt>
      <trkpt lat="47.49319" lon="-2.83433">
        <ele>4</ele>
      </trkpt>
      <trkpt lat="47.49335" lon="-2.83444">
        <ele>4</ele>
      </trkpt>
      <trkpt lat="47.49354" lon="-2.8347">
        <ele>4</ele>
      </trkpt>
      <trkpt lat="47.49374" lon="-2.83496">
        <ele>4</ele>
      </trkpt>
      <trkpt lat="47.49399" lon="-2.83507">
        <ele>5</ele>
      </trkpt>
      <trkpt lat="47.49424" lon="-2.83518">
        <ele>6</ele>
      </trkpt>
      <trkpt lat="47.49429" lon="-2.83542">
        <ele>7</ele>
      </trkpt>
      <trkpt lat="47.49428" lon="-2.83555">
        <ele>8</ele>
      </trkpt>
      <trkpt lat="47.4942" lon="-2.83577">
        <ele>10</ele>
      </trkpt>
      <trkpt lat="47.49412" lon="-2.83598">
        <ele>10</ele>
      </trkpt>
      <trkpt lat="47.4941" lon="-2.83634">
        <ele>10</ele>
      </trkpt>
      <trkpt lat="47.49413" lon="-2.83654">
        <ele>11</ele>
      </trkpt>
      <trkpt lat="47.49416" lon="-2.83674">
        <ele>11</ele>
      </trkpt>
      <trkpt lat="47.49419" lon="-2.83695">
        <ele>11</ele>
      </trkpt>
      <trkpt lat="47.49422" lon="-2.83715">
        <ele>11</ele>
      </trkpt>
      <trkpt lat="47.49419" lon="-2.83738">
        <ele>11</ele>
      </trkpt>
      <trkpt lat="47.49422" lon="-2.83758">
        <ele>11</ele>
      </trkpt>
      <trkpt lat="47.49425" lon="-2.83777">
        <ele>11</ele>
      </trkpt>
      <trkpt lat="47.4943" lon="-2.83796">
        <ele>11</ele>
      </trkpt>
      <trkpt lat="47.49442" lon="-2.83815">
        <ele>11</ele>
      </trkpt>
      <trkpt lat="47.49454" lon="-2.83845">
        <ele>9</ele>
      </trkpt>
      <trkpt lat="47.49462" lon="-2.83873">
        <ele>9</ele>
      </trkpt>
      <trkpt lat="47.49471" lon="-2.83902">
        <ele>9</ele>
      </trkpt>
      <trkpt lat="47.49483" lon="-2.83933">
        <ele>9</ele>
      </trkpt>
      <trkpt lat="47.49496" lon="-2.83964">
        <ele>10</ele>
      </trkpt>
      <trkpt lat="47.49498" lon="-2.83979">
        <ele>11</ele>
      </trkpt>
      <trkpt lat="47.49504" lon="-2.84">
        <ele>11</ele>
      </trkpt>
      <trkpt lat="47.4951" lon="-2.8402">
        <ele>11</ele>
      </trkpt>
      <trkpt lat="47.4951" lon="-2.84034">
        <ele>11</ele>
      </trkpt>
      <trkpt lat="47.49518" lon="-2.84053">
        <ele>11</ele>
      </trkpt>
      <trkpt lat="47.49524" lon="-2.8408">
        <ele>12</ele>
      </trkpt>
      <trkpt lat="47.49532" lon="-2.84095">
        <ele>12</ele>
      </trkpt>
      <trkpt lat="47.49534" lon="-2.8411">
        <ele>12</ele>
      </trkpt>
      <trkpt lat="47.49547" lon="-2.84142">
        <ele>12</ele>
      </trkpt>
      <trkpt lat="47.49558" lon="-2.8416">
        <ele>12</ele>
      </trkpt>
      <trkpt lat="47.4958" lon="-2.84179">
        <ele>11</ele>
      </trkpt>
      <trkpt lat="47.49602" lon="-2.8419">
        <ele>11</ele>
      </trkpt>
      <trkpt lat="47.49616" lon="-2.84185">
        <ele>11</ele>
      </trkpt>
      <trkpt lat="47.49629" lon="-2.84179">
        <ele>11</ele>
      </trkpt>
      <trkpt lat="47.49635" lon="-2.84182">
        <ele>12</ele>
      </trkpt>
      <trkpt lat="47.49627" lon="-2.84214">
        <ele>12</ele>
      </trkpt>
      <trkpt lat="47.49628" lon="-2.84231">
        <ele>13</ele>
      </trkpt>
      <trkpt lat="47.49631" lon="-2.84253">
        <ele>13</ele>
      </trkpt>
      <trkpt lat="47.49638" lon="-2.84273">
        <ele>13</ele>
      </trkpt>
      <trkpt lat="47.49644" lon="-2.84293">
        <ele>15</ele>
      </trkpt>
      <trkpt lat="47.49653" lon="-2.84303">
        <ele>18</ele>
      </trkpt>
      <trkpt lat="47.49656" lon="-2.84314">
        <ele>18</ele>
      </trkpt>
      <trkpt lat="47.49658" lon="-2.84331">
        <ele>18</ele>
      </trkpt>
      <trkpt lat="47.49656" lon="-2.84348">
        <ele>18</ele>
      </trkpt>
      <trkpt lat="47.49657" lon="-2.84375">
        <ele>19</ele>
      </trkpt>
      <trkpt lat="47.49666" lon="-2.84394">
        <ele>20</ele>
      </trkpt>
      <trkpt lat="47.49675" lon="-2.84414">
        <ele>20</ele>
      </trkpt>
      <trkpt lat="47.49681" lon="-2.84433">
        <ele>21</ele>
      </trkpt>
      <trkpt lat="47.49688" lon="-2.84452">
        <ele>21</ele>
      </trkpt>
      <trkpt lat="47.49701" lon="-2.84471">
        <ele>21</ele>
      </trkpt>
      <trkpt lat="47.49714" lon="-2.84491">
        <ele>22</ele>
      </trkpt>
      <trkpt lat="47.49721" lon="-2.8451">
        <ele>23</ele>
      </trkpt>
      <trkpt lat="47.49725" lon="-2.8453">
        <ele>23</ele>
      </trkpt>
      <trkpt lat="47.49728" lon="-2.84549">
        <ele>23</ele>
      </trkpt>
      <trkpt lat="47.49733" lon="-2.84554">
        <ele>23</ele>
      </trkpt>
      <trkpt lat="47.49746" lon="-2.84555">
        <ele>23</ele>
      </trkpt>
      <trkpt lat="47.49767" lon="-2.84569">
        <ele>21</ele>
      </trkpt>
      <trkpt lat="47.49777" lon="-2.84589">
        <ele>20</ele>
      </trkpt>
      <trkpt lat="47.49786" lon="-2.8461">
        <ele>20</ele>
      </trkpt>
      <trkpt lat="47.4979" lon="-2.84624">
        <ele>20</ele>
      </trkpt>
      <trkpt lat="47.49809" lon="-2.84642">
        <ele>20</ele>
      </trkpt>
      <trkpt lat="47.49814" lon="-2.84652">
        <ele>20</ele>
      </trkpt>
      <trkpt lat="47.49821" lon="-2.84678">
        <ele>20</ele>
      </trkpt>
      <trkpt lat="47.49828" lon="-2.84703">
        <ele>20</ele>
      </trkpt>
      <trkpt lat="47.49842" lon="-2.84721">
        <ele>22</ele>
      </trkpt>
      <trkpt lat="47.49846" lon="-2.84732">
        <ele>22</ele>
      </trkpt>
      <trkpt lat="47.49864" lon="-2.84733">
        <ele>23</ele>
      </trkpt>
      <trkpt lat="47.49883" lon="-2.84734">
        <ele>23</ele>
      </trkpt>
      <trkpt lat="47.49892" lon="-2.84743">
        <ele>24</ele>
      </trkpt>
      <trkpt lat="47.49906" lon="-2.84752">
        <ele>24</ele>
      </trkpt>
      <trkpt lat="47.49927" lon="-2.84761">
        <ele>24</ele>
      </trkpt>
      <trkpt lat="47.49931" lon="-2.84773">
        <ele>24</ele>
      </trkpt>
      <trkpt lat="47.49931" lon="-2.84783">
        <ele>21</ele>
      </trkpt>
      <trkpt lat="47.49919" lon="-2.84814">
        <ele>21</ele>
      </trkpt>
      <trkpt lat="47.49917" lon="-2.84836">
        <ele>18</ele>
      </trkpt>
      <trkpt lat="47.49922" lon="-2.84866">
        <ele>18</ele>
      </trkpt>
      <trkpt lat="47.4992" lon="-2.84877">
        <ele>17</ele>
      </trkpt>
      <trkpt lat="47.49923" lon="-2.84892">
        <ele>18</ele>
      </trkpt>
      <trkpt lat="47.49939" lon="-2.84919">
        <ele>18</ele>
      </trkpt>
      <trkpt lat="47.49938" lon="-2.84927">
        <ele>18</ele>
      </trkpt>
      <trkpt lat="47.49946" lon="-2.84943">
        <ele>18</ele>
      </trkpt>
      <trkpt lat="47.49936" lon="-2.84957">
        <ele>20</ele>
      </trkpt>
      <trkpt lat="47.49926" lon="-2.8497">
        <ele>21</ele>
      </trkpt>
      <trkpt lat="47.49914" lon="-2.84991">
        <ele>24</ele>
      </trkpt>
      <trkpt lat="47.49915" lon="-2.85001">
        <ele>24</ele>
      </trkpt>
      <trkpt lat="47.49923" lon="-2.85003">
        <ele>24</ele>
      </trkpt>
      <trkpt lat="47.4994" lon="-2.84999">
        <ele>24</ele>
      </trkpt>
      <trkpt lat="47.49954" lon="-2.85006">
        <ele>25</ele>
      </trkpt>
      <trkpt lat="47.49968" lon="-2.85014">
        <ele>25</ele>
      </trkpt>
      <trkpt lat="47.49981" lon="-2.85015">
        <ele>26</ele>
      </trkpt>
      <trkpt lat="47.49995" lon="-2.85016">
        <ele>29</ele>
      </trkpt>
      <trkpt lat="47.50006" lon="-2.8503">
        <ele>29</ele>
      </trkpt>
      <trkpt lat="47.50018" lon="-2.85045">
        <ele>30</ele>
      </trkpt>
      <trkpt lat="47.50024" lon="-2.85049">
        <ele>30</ele>
      </trkpt>
      <trkpt lat="47.50034" lon="-2.85051">
        <ele>30</ele>
      </trkpt>
      <trkpt lat="47.50041" lon="-2.85047">
        <ele>30</ele>
      </trkpt>
      <trkpt lat="47.50048" lon="-2.85025">
        <ele>30</ele>
      </trkpt>
      <trkpt lat="47.50053" lon="-2.85021">
        <ele>30</ele>
      </trkpt>
      <trkpt lat="47.50077" lon="-2.85033">
        <ele>30</ele>
      </trkpt>
      <trkpt lat="47.50101" lon="-2.85033">
        <ele>30</ele>
      </trkpt>
      <trkpt lat="47.50119" lon="-2.85041">
        <ele>30</ele>
      </trkpt>
      <trkpt lat="47.50137" lon="-2.85049">
        <ele>30</ele>
      </trkpt>
      <trkpt lat="47.50146" lon="-2.85047">
        <ele>30</ele>
      </trkpt>
      <trkpt lat="47.50161" lon="-2.85035">
        <ele>30</ele>
      </trkpt>
      <trkpt lat="47.50173" lon="-2.85009">
        <ele>30</ele>
      </trkpt>
      <trkpt lat="47.50182" lon="-2.85011">
        <ele>30</ele>
      </trkpt>
      <trkpt lat="47.50193" lon="-2.85">
        <ele>30</ele>
      </trkpt>
      <trkpt lat="47.50204" lon="-2.84982">
        <ele>29</ele>
      </trkpt>
      <trkpt lat="47.50216" lon="-2.84975">
        <ele>29</ele>
      </trkpt>
      <trkpt lat="47.50234" lon="-2.84979">
        <ele>29</ele>
      </trkpt>
      <trkpt lat="47.50252" lon="-2.84983">
        <ele>28</ele>
      </trkpt>
      <trkpt lat="47.50272" lon="-2.84973">
        <ele>28</ele>
      </trkpt>
      <trkpt lat="47.50278" lon="-2.8496">
        <ele>27</ele>
      </trkpt>
      <trkpt lat="47.50289" lon="-2.84952">
        <ele>27</ele>
      </trkpt>
      <trkpt lat="47.50299" lon="-2.84935">
        <ele>27</ele>
      </trkpt>
      <trkpt lat="47.50309" lon="-2.84917">
        <ele>27</ele>
      </trkpt>
      <trkpt lat="47.50321" lon="-2.84903">
        <ele>26</ele>
      </trkpt>
      <trkpt lat="47.50333" lon="-2.8489">
        <ele>26</ele>
      </trkpt>
      <trkpt lat="47.50344" lon="-2.84872">
        <ele>26</ele>
      </trkpt>
      <trkpt lat="47.50353" lon="-2.84851">
        <ele>26</ele>
      </trkpt>
      <trkpt lat="47.50363" lon="-2.84846">
        <ele>25</ele>
      </trkpt>
      <trkpt lat="47.50384" lon="-2.84849">
        <ele>25</ele>
      </trkpt>
      <trkpt lat="47.50404" lon="-2.84852">
        <ele>25</ele>
      </trkpt>
      <trkpt lat="47.50419" lon="-2.84862">
        <ele>26</ele>
      </trkpt>
      <trkpt lat="47.50436" lon="-2.84864">
        <ele>26</ele>
      </trkpt>
      <trkpt lat="47.5045" lon="-2.84862">
        <ele>26</ele>
      </trkpt>
      <trkpt lat="47.50462" lon="-2.84856">
        <ele>25</ele>
      </trkpt>
      <trkpt lat="47.50477" lon="-2.84859">
        <ele>25</ele>
      </trkpt>
      <trkpt lat="47.50492" lon="-2.84863">
        <ele>25</ele>
      </trkpt>
      <trkpt lat="47.50507" lon="-2.84866">
        <ele>25</ele>
      </trkpt>
      <trkpt lat="47.50522" lon="-2.84869">
        <ele>25</ele>
      </trkpt>
      <trkpt lat="47.50539" lon="-2.8488">
        <ele>25</ele>
      </trkpt>
      <trkpt lat="47.50544" lon="-2.84886">
        <ele>25</ele>
      </trkpt>
      <trkpt lat="47.50564" lon="-2.84894">
        <ele>25</ele>
      </trkpt>
      <trkpt lat="47.50585" lon="-2.8489">
        <ele>25</ele>
      </trkpt>
      <trkpt lat="47.50607" lon="-2.84886">
        <ele>25</ele>
      </trkpt>
      <trkpt lat="47.50629" lon="-2.84865">
        <ele>25</ele>
      </trkpt>
      <trkpt lat="47.50641" lon="-2.84863">
        <ele>24</ele>
      </trkpt>
      <trkpt lat="47.50661" lon="-2.84852">
        <ele>24</ele>
      </trkpt>
      <trkpt lat="47.5067" lon="-2.84842">
        <ele>23</ele>
      </trkpt>
      <trkpt lat="47.50695" lon="-2.84834">
        <ele>22</ele>
      </trkpt>
      <trkpt lat="47.50712" lon="-2.84815">
        <ele>22</ele>
      </trkpt>
      <trkpt lat="47.50723" lon="-2.84807">
        <ele>21</ele>
      </trkpt>
      <trkpt lat="47.50747" lon="-2.84814">
        <ele>13</ele>
      </trkpt>
      <trkpt lat="47.50764" lon="-2.84797">
        <ele>13</ele>
      </trkpt>
      <trkpt lat="47.50775" lon="-2.84791">
        <ele>13</ele>
      </trkpt>
      <trkpt lat="47.50782" lon="-2.84793">
        <ele>13</ele>
      </trkpt>
      <trkpt lat="47.50791" lon="-2.84807">
        <ele>14</ele>
      </trkpt>
      <trkpt lat="47.50811" lon="-2.84823">
        <ele>16</ele>
      </trkpt>
      <trkpt lat="47.50825" lon="-2.84838">
        <ele>16</ele>
      </trkpt>
      <trkpt lat="47.50837" lon="-2.84838">
        <ele>17</ele>
      </trkpt>
      <trkpt lat="47.50856" lon="-2.84832">
        <ele>19</ele>
      </trkpt>
      <trkpt lat="47.50865" lon="-2.84819">
        <ele>19</ele>
      </trkpt>
      <trkpt lat="47.50877" lon="-2.84811">
        <ele>19</ele>
      </trkpt>
      <trkpt lat="47.5089" lon="-2.84802">
        <ele>19</ele>
      </trkpt>
      <trkpt lat="47.50902" lon="-2.84794">
        <ele>19</ele>
      </trkpt>
      <trkpt lat="47.50914" lon="-2.84785">
        <ele>19</ele>
      </trkpt>
      <trkpt lat="47.50933" lon="-2.84781">
        <ele>17</ele>
      </trkpt>
      <trkpt lat="47.50942" lon="-2.84772">
        <ele>16</ele>
      </trkpt>
      <trkpt lat="47.50947" lon="-2.84759">
        <ele>16</ele>
      </trkpt>
      <trkpt lat="47.50954" lon="-2.84754">
        <ele>16</ele>
      </trkpt>
      <trkpt lat="47.50971" lon="-2.84725">
        <ele>15</ele>
      </trkpt>
      <trkpt lat="47.50985" lon="-2.84718">
        <ele>15</ele>
      </trkpt>
      <trkpt lat="47.50999" lon="-2.84712">
        <ele>15</ele>
      </trkpt>
      <trkpt lat="47.51012" lon="-2.84713">
        <ele>16</ele>
      </trkpt>
      <trkpt lat="47.51026" lon="-2.84708">
        <ele>16</ele>
      </trkpt>
      <trkpt lat="47.51039" lon="-2.84702">
        <ele>16</ele>
      </trkpt>
      <trkpt lat="47.51054" lon="-2.84712">
        <ele>16</ele>
      </trkpt>
      <trkpt lat="47.51069" lon="-2.84721">
        <ele>16</ele>
      </trkpt>
      <trkpt lat="47.51085" lon="-2.84725">
        <ele>16</ele>
      </trkpt>
      <trkpt lat="47.511" lon="-2.84728">
        <ele>15</ele>
      </trkpt>
      <trkpt lat="47.51114" lon="-2.84724">
        <ele>15</ele>
      </trkpt>
      <trkpt lat="47.51129" lon="-2.8472">
        <ele>15</ele>
      </trkpt>
      <trkpt lat="47.51139" lon="-2.8471">
        <ele>15</ele>
      </trkpt>
      <trkpt lat="47.51156" lon="-2.84699">
        <ele>14</ele>
      </trkpt>
      <trkpt lat="47.51165" lon="-2.84698">
        <ele>13</ele>
      </trkpt>
      <trkpt lat="47.51177" lon="-2.84688">
        <ele>12</ele>
      </trkpt>
      <trkpt lat="47.51196" lon="-2.8467">
        <ele>11</ele>
      </trkpt>
      <trkpt lat="47.51199" lon="-2.84661">
        <ele>10</ele>
      </trkpt>
      <trkpt lat="47.51218" lon="-2.84638">
        <ele>7</ele>
      </trkpt>
      <trkpt lat="47.51237" lon="-2.84623">
        <ele>7</ele>
      </trkpt>
      <trkpt lat="47.51256" lon="-2.84607">
        <ele>6</ele>
      </trkpt>
      <trkpt lat="47.5126" lon="-2.84608">
        <ele>6</ele>
      </trkpt>
      <trkpt lat="47.51275" lon="-2.84628">
        <ele>6</ele>
      </trkpt>
      <trkpt lat="47.5129" lon="-2.84648">
        <ele>5</ele>
      </trkpt>
      <trkpt lat="47.51299" lon="-2.84673">
        <ele>5</ele>
      </trkpt>
      <trkpt lat="47.5131" lon="-2.84689">
        <ele>5</ele>
      </trkpt>
      <trkpt lat="47.51329" lon="-2.84713">
        <ele>5</ele>
      </trkpt>
      <trkpt lat="47.51348" lon="-2.84737">
        <ele>5</ele>
      </trkpt>
      <trkpt lat="47.51367" lon="-2.84761">
        <ele>5</ele>
      </trkpt>
      <trkpt lat="47.51386" lon="-2.84785">
        <ele>5</ele>
      </trkpt>
      <trkpt lat="47.514" lon="-2.84796">
        <ele>4</ele>
      </trkpt>
      <trkpt lat="47.51414" lon="-2.84806">
        <ele>4</ele>
      </trkpt>
      <trkpt lat="47.51429" lon="-2.84816">
        <ele>4</ele>
      </trkpt>
      <trkpt lat="47.51443" lon="-2.84827">
        <ele>4</ele>
      </trkpt>
      <trkpt lat="47.51465" lon="-2.84844">
        <ele>4</ele>
      </trkpt>
      <trkpt lat="47.51486" lon="-2.84862">
        <ele>4</ele>
      </trkpt>
      <trkpt lat="47.51507" lon="-2.84879">
        <ele>4</ele>
      </trkpt>
      <trkpt lat="47.51529" lon="-2.84897">
        <ele>4</ele>
      </trkpt>
      <trkpt lat="47.51542" lon="-2.84904">
        <ele>5</ele>
      </trkpt>
      <trkpt lat="47.51552" lon="-2.8487">
        <ele>5</ele>
      </trkpt>
      <trkpt lat="47.51552" lon="-2.84835">
        <ele>5</ele>
      </trkpt>
      <trkpt lat="47.51553" lon="-2.848">
        <ele>5</ele>
      </trkpt>
      <trkpt lat="47.51566" lon="-2.84793">
        <ele>5</ele>
      </trkpt>
      <trkpt lat="47.5158" lon="-2.84785">
        <ele>5</ele>
      </trkpt>
      <trkpt lat="47.516" lon="-2.84785">
        <ele>5</ele>
      </trkpt>
      <trkpt lat="47.51619" lon="-2.84784">
        <ele>5</ele>
      </trkpt>
      <trkpt lat="47.51623" lon="-2.84807">
        <ele>5</ele>
      </trkpt>
      <trkpt lat="47.51647" lon="-2.84807">
        <ele>5</ele>
      </trkpt>
      <trkpt lat="47.51672" lon="-2.84808">
        <ele>5</ele>
      </trkpt>
      <trkpt lat="47.5168" lon="-2.84785">
        <ele>5</ele>
      </trkpt>
      <trkpt lat="47.51688" lon="-2.84762">
        <ele>5</ele>
      </trkpt>
      <trkpt lat="47.51699" lon="-2.84752">
        <ele>5</ele>
      </trkpt>
      <trkpt lat="47.51703" lon="-2.84759">
        <ele>4</ele>
      </trkpt>
      <trkpt lat="47.51717" lon="-2.84771">
        <ele>4</ele>
      </trkpt>
      <trkpt lat="47.51732" lon="-2.84783">
        <ele>4</ele>
      </trkpt>
      <trkpt lat="47.51746" lon="-2.84805">
        <ele>4</ele>
      </trkpt>
      <trkpt lat="47.51756" lon="-2.84839">
        <ele>3</ele>
      </trkpt>
      <trkpt lat="47.51766" lon="-2.84874">
        <ele>3</ele>
      </trkpt>
      <trkpt lat="47.51776" lon="-2.84908">
        <ele>3</ele>
      </trkpt>
      <trkpt lat="47.51786" lon="-2.84942">
        <ele>3</ele>
      </trkpt>
      <trkpt lat="47.51792" lon="-2.84976">
        <ele>3</ele>
      </trkpt>
      <trkpt lat="47.51797" lon="-2.85009">
        <ele>3</ele>
      </trkpt>
      <trkpt lat="47.51803" lon="-2.85043">
        <ele>3</ele>
      </trkpt>
      <trkpt lat="47.51809" lon="-2.85077">
        <ele>3</ele>
      </trkpt>
      <trkpt lat="47.51816" lon="-2.85101">
        <ele>3</ele>
      </trkpt>
      <trkpt lat="47.51823" lon="-2.85126">
        <ele>3</ele>
      </trkpt>
      <trkpt lat="47.5183" lon="-2.8515">
        <ele>3</ele>
      </trkpt>
      <trkpt lat="47.51837" lon="-2.85175">
        <ele>3</ele>
      </trkpt>
      <trkpt lat="47.51845" lon="-2.85199">
        <ele>4</ele>
      </trkpt>
      <trkpt lat="47.51852" lon="-2.85223">
        <ele>4</ele>
      </trkpt>
      <trkpt lat="47.51859" lon="-2.85248">
        <ele>4</ele>
      </trkpt>
      <trkpt lat="47.51866" lon="-2.85272">
        <ele>4</ele>
      </trkpt>
      <trkpt lat="47.51867" lon="-2.85294">
        <ele>4</ele>
      </trkpt>
      <trkpt lat="47.51861" lon="-2.85314">
        <ele>4</ele>
      </trkpt>
      <trkpt lat="47.51856" lon="-2.85335">
        <ele>4</ele>
      </trkpt>
      <trkpt lat="47.51869" lon="-2.85333">
        <ele>4</ele>
      </trkpt>
      <trkpt lat="47.51884" lon="-2.85341">
        <ele>4</ele>
      </trkpt>
      <trkpt lat="47.51886" lon="-2.85363">
        <ele>4</ele>
      </trkpt>
      <trkpt lat="47.51887" lon="-2.85386">
        <ele>4</ele>
      </trkpt>
      <trkpt lat="47.51892" lon="-2.854">
        <ele>4</ele>
      </trkpt>
      <trkpt lat="47.51896" lon="-2.85426">
        <ele>4</ele>
      </trkpt>
      <trkpt lat="47.51898" lon="-2.85453">
        <ele>4</ele>
      </trkpt>
      <trkpt lat="47.519" lon="-2.8548">
        <ele>5</ele>
      </trkpt>
      <trkpt lat="47.51902" lon="-2.85506">
        <ele>5</ele>
      </trkpt>
      <trkpt lat="47.51904" lon="-2.85533">
        <ele>5</ele>
      </trkpt>
      <trkpt lat="47.51904" lon="-2.85555">
        <ele>5</ele>
      </trkpt>
      <trkpt lat="47.51904" lon="-2.85576">
        <ele>5</ele>
      </trkpt>
      <trkpt lat="47.51905" lon="-2.85597">
        <ele>5</ele>
      </trkpt>
      <trkpt lat="47.51905" lon="-2.85619">
        <ele>5</ele>
      </trkpt>
      <trkpt lat="47.51905" lon="-2.8564">
        <ele>5</ele>
      </trkpt>
      <trkpt lat="47.51906" lon="-2.85662">
        <ele>5</ele>
      </trkpt>
      <trkpt lat="47.51906" lon="-2.85684">
        <ele>5</ele>
      </trkpt>
      <trkpt lat="47.51906" lon="-2.85705">
        <ele>5</ele>
      </trkpt>
      <trkpt lat="47.51909" lon="-2.85712">
        <ele>5</ele>
      </trkpt>
      <trkpt lat="47.51908" lon="-2.85733">
        <ele>5</ele>
      </trkpt>
      <trkpt lat="47.5191" lon="-2.85744">
        <ele>6</ele>
      </trkpt>
      <trkpt lat="47.5191" lon="-2.85766">
        <ele>6</ele>
      </trkpt>
      <trkpt lat="47.51909" lon="-2.85788">
        <ele>7</ele>
      </trkpt>
      <trkpt lat="47.51906" lon="-2.85795">
        <ele>8</ele>
      </trkpt>
      <trkpt lat="47.51916" lon="-2.85814">
        <ele>8</ele>
      </trkpt>
      <trkpt lat="47.51926" lon="-2.85824">
        <ele>9</ele>
      </trkpt>
      <trkpt lat="47.51945" lon="-2.85851">
        <ele>9</ele>
      </trkpt>
      <trkpt lat="47.51961" lon="-2.85853">
        <ele>9</ele>
      </trkpt>
      <trkpt lat="47.51984" lon="-2.85852">
        <ele>10</ele>
      </trkpt>
      <trkpt lat="47.51997" lon="-2.85859">
        <ele>10</ele>
      </trkpt>
      <trkpt lat="47.52023" lon="-2.85858">
        <ele>10</ele>
      </trkpt>
      <trkpt lat="47.52042" lon="-2.85862">
        <ele>10</ele>
      </trkpt>
      <trkpt lat="47.52058" lon="-2.85861">
        <ele>10</ele>
      </trkpt>
      <trkpt lat="47.5208" lon="-2.85867">
        <ele>10</ele>
      </trkpt>
      <trkpt lat="47.52103" lon="-2.85872">
        <ele>10</ele>
      </trkpt>
      <trkpt lat="47.52125" lon="-2.85878">
        <ele>10</ele>
      </trkpt>
      <trkpt lat="47.52147" lon="-2.85884">
        <ele>10</ele>
      </trkpt>
      <trkpt lat="47.52161" lon="-2.85878">
        <ele>10</ele>
      </trkpt>
      <trkpt lat="47.52168" lon="-2.85886">
        <ele>10</ele>
      </trkpt>
      <trkpt lat="47.52186" lon="-2.85893">
        <ele>9</ele>
      </trkpt>
      <trkpt lat="47.5219" lon="-2.85901">
        <ele>9</ele>
      </trkpt>
      <trkpt lat="47.52206" lon="-2.85902">
        <ele>9</ele>
      </trkpt>
      <trkpt lat="47.52222" lon="-2.85908">
        <ele>8</ele>
      </trkpt>
      <trkpt lat="47.52238" lon="-2.85919">
        <ele>8</ele>
      </trkpt>
      <trkpt lat="47.52261" lon="-2.85907">
        <ele>8</ele>
      </trkpt>
      <trkpt lat="47.52276" lon="-2.85896">
        <ele>8</ele>
      </trkpt>
      <trkpt lat="47.5229" lon="-2.85886">
        <ele>8</ele>
      </trkpt>
      <trkpt lat="47.52302" lon="-2.85906">
        <ele>8</ele>
      </trkpt>
      <trkpt lat="47.52313" lon="-2.85926">
        <ele>8</ele>
      </trkpt>
      <trkpt lat="47.52324" lon="-2.85919">
        <ele>8</ele>
      </trkpt>
      <trkpt lat="47.52337" lon="-2.85928">
        <ele>8</ele>
      </trkpt>
      <trkpt lat="47.5235" lon="-2.85936">
        <ele>8</ele>
      </trkpt>
      <trkpt lat="47.52363" lon="-2.85946">
        <ele>8</ele>
      </trkpt>
      <trkpt lat="47.52375" lon="-2.85956">
        <ele>8</ele>
      </trkpt>
      <trkpt lat="47.52388" lon="-2.85967">
        <ele>9</ele>
      </trkpt>
      <trkpt lat="47.52401" lon="-2.85977">
        <ele>9</ele>
      </trkpt>
      <trkpt lat="47.52414" lon="-2.85989">
        <ele>9</ele>
      </trkpt>
      <trkpt lat="47.52428" lon="-2.86002">
        <ele>9</ele>
      </trkpt>
      <trkpt lat="47.52441" lon="-2.86015">
        <ele>8</ele>
      </trkpt>
      <trkpt lat="47.52454" lon="-2.86027">
        <ele>8</ele>
      </trkpt>
      <trkpt lat="47.52464" lon="-2.86032">
        <ele>8</ele>
      </trkpt>
      <trkpt lat="47.52464" lon="-2.86008">
        <ele>8</ele>
      </trkpt>
      <trkpt lat="47.52465" lon="-2.85985">
        <ele>7</ele>
      </trkpt>
      <trkpt lat="47.52462" lon="-2.85954">
        <ele>5</ele>
      </trkpt>
      <trkpt lat="47.52459" lon="-2.85922">
        <ele>5</ele>
      </trkpt>
      <trkpt lat="47.52459" lon="-2.85902">
        <ele>5</ele>
      </trkpt>
      <trkpt lat="47.52459" lon="-2.85881">
        <ele>5</ele>
      </trkpt>
      <trkpt lat="47.52458" lon="-2.8586">
        <ele>5</ele>
      </trkpt>
      <trkpt lat="47.52458" lon="-2.8584">
        <ele>5</ele>
      </trkpt>
      <trkpt lat="47.52465" lon="-2.85836">
        <ele>5</ele>
      </trkpt>
      <trkpt lat="47.52473" lon="-2.85837">
        <ele>5</ele>
      </trkpt>
      <trkpt lat="47.52495" lon="-2.85849">
        <ele>5</ele>
      </trkpt>
      <trkpt lat="47.52517" lon="-2.85866">
        <ele>5</ele>
      </trkpt>
      <trkpt lat="47.5254" lon="-2.85887">
        <ele>5</ele>
      </trkpt>
      <trkpt lat="47.52562" lon="-2.85908">
        <ele>5</ele>
      </trkpt>
      <trkpt lat="47.52578" lon="-2.85917">
        <ele>5</ele>
      </trkpt>
      <trkpt lat="47.52593" lon="-2.85926">
        <ele>4</ele>
      </trkpt>
      <trkpt lat="47.52611" lon="-2.85932">
        <ele>4</ele>
      </trkpt>
      <trkpt lat="47.52628" lon="-2.85935">
        <ele>4</ele>
      </trkpt>
      <trkpt lat="47.52645" lon="-2.85938">
        <ele>4</ele>
      </trkpt>
      <trkpt lat="47.52671" lon="-2.85937">
        <ele>4</ele>
      </trkpt>
      <trkpt lat="47.52686" lon="-2.85934">
        <ele>4</ele>
      </trkpt>
      <trkpt lat="47.52696" lon="-2.85926">
        <ele>4</ele>
      </trkpt>
      <trkpt lat="47.52713" lon="-2.85903">
        <ele>4</ele>
      </trkpt>
      <trkpt lat="47.52727" lon="-2.8587">
        <ele>4</ele>
      </trkpt>
      <trkpt lat="47.52732" lon="-2.85851">
        <ele>4</ele>
      </trkpt>
      <trkpt lat="47.52737" lon="-2.85832">
        <ele>4</ele>
      </trkpt>
      <trkpt lat="47.52743" lon="-2.85814">
        <ele>4</ele>
      </trkpt>
      <trkpt lat="47.52748" lon="-2.85795">
        <ele>4</ele>
      </trkpt>
      <trkpt lat="47.52759" lon="-2.85775">
        <ele>4</ele>
      </trkpt>
      <trkpt lat="47.52764" lon="-2.85757">
        <ele>3</ele>
      </trkpt>
      <trkpt lat="47.52773" lon="-2.85778">
        <ele>3</ele>
      </trkpt>
      <trkpt lat="47.52783" lon="-2.85798">
        <ele>3</ele>
      </trkpt>
      <trkpt lat="47.52799" lon="-2.85816">
        <ele>3</ele>
      </trkpt>
      <trkpt lat="47.52819" lon="-2.85829">
        <ele>3</ele>
      </trkpt>
      <trkpt lat="47.52838" lon="-2.85842">
        <ele>3</ele>
      </trkpt>
      <trkpt lat="47.52851" lon="-2.85847">
        <ele>3</ele>
      </trkpt>
      <trkpt lat="47.52865" lon="-2.85852">
        <ele>3</ele>
      </trkpt>
      <trkpt lat="47.52878" lon="-2.85862">
        <ele>3</ele>
      </trkpt>
      <trkpt lat="47.52891" lon="-2.85873">
        <ele>3</ele>
      </trkpt>
      <trkpt lat="47.52905" lon="-2.85891">
        <ele>3</ele>
      </trkpt>
      <trkpt lat="47.52918" lon="-2.85921">
        <ele>3</ele>
      </trkpt>
      <trkpt lat="47.52932" lon="-2.8595">
        <ele>3</ele>
      </trkpt>
      <trkpt lat="47.52935" lon="-2.85963">
        <ele>3</ele>
      </trkpt>
      <trkpt lat="47.52933" lon="-2.85974">
        <ele>3</ele>
      </trkpt>
      <trkpt lat="47.52917" lon="-2.85987">
        <ele>2</ele>
      </trkpt>
      <trkpt lat="47.52901" lon="-2.86001">
        <ele>2</ele>
      </trkpt>
      <trkpt lat="47.52885" lon="-2.86014">
        <ele>2</ele>
      </trkpt>
      <trkpt lat="47.52869" lon="-2.86027">
        <ele>3</ele>
      </trkpt>
      <trkpt lat="47.52853" lon="-2.8604">
        <ele>2</ele>
      </trkpt>
      <trkpt lat="47.52836" lon="-2.86052">
        <ele>2</ele>
      </trkpt>
      <trkpt lat="47.52819" lon="-2.86064">
        <ele>2</ele>
      </trkpt>
      <trkpt lat="47.52803" lon="-2.86077">
        <ele>2</ele>
      </trkpt>
      <trkpt lat="47.52799" lon="-2.86088">
        <ele>2</ele>
      </trkpt>
      <trkpt lat="47.52799" lon="-2.86102">
        <ele>2</ele>
      </trkpt>
      <trkpt lat="47.52806" lon="-2.86122">
        <ele>2</ele>
      </trkpt>
      <trkpt lat="47.52813" lon="-2.86142">
        <ele>2</ele>
      </trkpt>
      <trkpt lat="47.5282" lon="-2.86163">
        <ele>2</ele>
      </trkpt>
      <trkpt lat="47.52827" lon="-2.86183">
        <ele>2</ele>
      </trkpt>
      <trkpt lat="47.5284" lon="-2.86205">
        <ele>2</ele>
      </trkpt>
      <trkpt lat="47.52852" lon="-2.86226">
        <ele>2</ele>
      </trkpt>
      <trkpt lat="47.52863" lon="-2.86254">
        <ele>2</ele>
      </trkpt>
      <trkpt lat="47.52873" lon="-2.86281">
        <ele>2</ele>
      </trkpt>
      <trkpt lat="47.52887" lon="-2.86301">
        <ele>2</ele>
      </trkpt>
      <trkpt lat="47.52901" lon="-2.86322">
        <ele>2</ele>
      </trkpt>
      <trkpt lat="47.52907" lon="-2.86342">
        <ele>2</ele>
      </trkpt>
      <trkpt lat="47.52918" lon="-2.86366">
        <ele>2</ele>
      </trkpt>
      <trkpt lat="47.52928" lon="-2.86386">
        <ele>3</ele>
      </trkpt>
      <trkpt lat="47.52937" lon="-2.86406">
        <ele>3</ele>
      </trkpt>
      <trkpt lat="47.52947" lon="-2.86426">
        <ele>3</ele>
      </trkpt>
      <trkpt lat="47.52956" lon="-2.86446">
        <ele>3</ele>
      </trkpt>
      <trkpt lat="47.52966" lon="-2.86466">
        <ele>3</ele>
      </trkpt>
      <trkpt lat="47.52976" lon="-2.86486">
        <ele>2</ele>
      </trkpt>
      <trkpt lat="47.52985" lon="-2.86506">
        <ele>2</ele>
      </trkpt>
      <trkpt lat="47.52995" lon="-2.86526">
        <ele>2</ele>
      </trkpt>
      <trkpt lat="47.53012" lon="-2.86557">
        <ele>2</ele>
      </trkpt>
      <trkpt lat="47.53025" lon="-2.86589">
        <ele>2</ele>
      </trkpt>
      <trkpt lat="47.53039" lon="-2.86606">
        <ele>3</ele>
      </trkpt>
      <trkpt lat="47.53053" lon="-2.86624">
        <ele>3</ele>
      </trkpt>
      <trkpt lat="47.5306" lon="-2.86626">
        <ele>3</ele>
      </trkpt>
      <trkpt lat="47.53066" lon="-2.86624">
        <ele>3</ele>
      </trkpt>
      <trkpt lat="47.53074" lon="-2.86617">
        <ele>3</ele>
      </trkpt>
      <trkpt lat="47.53079" lon="-2.86606">
        <ele>3</ele>
      </trkpt>
      <trkpt lat="47.53092" lon="-2.8659">
        <ele>3</ele>
      </trkpt>
      <trkpt lat="47.53105" lon="-2.86575">
        <ele>3</ele>
      </trkpt>
      <trkpt lat="47.53116" lon="-2.86556">
        <ele>3</ele>
      </trkpt>
      <trkpt lat="47.53118" lon="-2.86546">
        <ele>3</ele>
      </trkpt>
      <trkpt lat="47.53118" lon="-2.86512">
        <ele>2</ele>
      </trkpt>
      <trkpt lat="47.53121" lon="-2.86494">
        <ele>2</ele>
      </trkpt>
      <trkpt lat="47.53137" lon="-2.86462">
        <ele>2</ele>
      </trkpt>
      <trkpt lat="47.53149" lon="-2.86447">
        <ele>2</ele>
      </trkpt>
      <trkpt lat="47.53164" lon="-2.86434">
        <ele>2</ele>
      </trkpt>
      <trkpt lat="47.53179" lon="-2.86421">
        <ele>2</ele>
      </trkpt>
      <trkpt lat="47.532" lon="-2.86398">
        <ele>2</ele>
      </trkpt>
      <trkpt lat="47.53221" lon="-2.86375">
        <ele>2</ele>
      </trkpt>
      <trkpt lat="47.53235" lon="-2.86363">
        <ele>2</ele>
      </trkpt>
      <trkpt lat="47.5325" lon="-2.86352">
        <ele>2</ele>
      </trkpt>
      <trkpt lat="47.53255" lon="-2.86342">
        <ele>2</ele>
      </trkpt>
      <trkpt lat="47.53258" lon="-2.86324">
        <ele>1</ele>
      </trkpt>
      <trkpt lat="47.53275" lon="-2.86311">
        <ele>1</ele>
      </trkpt>
      <trkpt lat="47.53291" lon="-2.86297">
        <ele>1</ele>
      </trkpt>
      <trkpt lat="47.53301" lon="-2.86282">
        <ele>1</ele>
      </trkpt>
      <trkpt lat="47.5331" lon="-2.86267">
        <ele>1</ele>
      </trkpt>
      <trkpt lat="47.53318" lon="-2.86263">
        <ele>1</ele>
      </trkpt>
      <trkpt lat="47.5333" lon="-2.86261">
        <ele>2</ele>
      </trkpt>
      <trkpt lat="47.5334" lon="-2.86263">
        <ele>2</ele>
      </trkpt>
      <trkpt lat="47.53352" lon="-2.86267">
        <ele>2</ele>
      </trkpt>
      <trkpt lat="47.53373" lon="-2.8628">
        <ele>2</ele>
      </trkpt>
      <trkpt lat="47.53393" lon="-2.86303">
        <ele>2</ele>
      </trkpt>
      <trkpt lat="47.53414" lon="-2.86327">
        <ele>2</ele>
      </trkpt>
      <trkpt lat="47.53428" lon="-2.86358">
        <ele>2</ele>
      </trkpt>
      <trkpt lat="47.53439" lon="-2.86364">
        <ele>2</ele>
      </trkpt>
      <trkpt lat="47.53455" lon="-2.86364">
        <ele>2</ele>
      </trkpt>
      <trkpt lat="47.53468" lon="-2.86376">
        <ele>2</ele>
      </trkpt>
      <trkpt lat="47.5348" lon="-2.86389">
        <ele>2</ele>
      </trkpt>
      <trkpt lat="47.53491" lon="-2.86392">
        <ele>2</ele>
      </trkpt>
      <trkpt lat="47.53507" lon="-2.86381">
        <ele>3</ele>
      </trkpt>
      <trkpt lat="47.53527" lon="-2.86358">
        <ele>3</ele>
      </trkpt>
      <trkpt lat="47.53532" lon="-2.86359">
        <ele>3</ele>
      </trkpt>
      <trkpt lat="47.53538" lon="-2.86395">
        <ele>3</ele>
      </trkpt>
      <trkpt lat="47.53544" lon="-2.86431">
        <ele>3</ele>
      </trkpt>
      <trkpt lat="47.53532" lon="-2.86462">
        <ele>3</ele>
      </trkpt>
      <trkpt lat="47.5352" lon="-2.86493">
        <ele>3</ele>
      </trkpt>
      <trkpt lat="47.53516" lon="-2.86511">
        <ele>3</ele>
      </trkpt>
      <trkpt lat="47.53512" lon="-2.86548">
        <ele>3</ele>
      </trkpt>
      <trkpt lat="47.53508" lon="-2.86585">
        <ele>3</ele>
      </trkpt>
      <trkpt lat="47.53507" lon="-2.86613">
        <ele>3</ele>
      </trkpt>
      <trkpt lat="47.53505" lon="-2.86641">
        <ele>3</ele>
      </trkpt>
      <trkpt lat="47.53504" lon="-2.86669">
        <ele>3</ele>
      </trkpt>
      <trkpt lat="47.53503" lon="-2.86697">
        <ele>3</ele>
      </trkpt>
      <trkpt lat="47.53507" lon="-2.86735">
        <ele>3</ele>
      </trkpt>
      <trkpt lat="47.53508" lon="-2.86756">
        <ele>3</ele>
      </trkpt>
      <trkpt lat="47.53509" lon="-2.86776">
        <ele>3</ele>
      </trkpt>
      <trkpt lat="47.5351" lon="-2.86797">
        <ele>3</ele>
      </trkpt>
      <trkpt lat="47.53511" lon="-2.86818">
        <ele>3</ele>
      </trkpt>
      <trkpt lat="47.53512" lon="-2.86839">
        <ele>3</ele>
      </trkpt>
      <trkpt lat="47.53513" lon="-2.8686">
        <ele>4</ele>
      </trkpt>
      <trkpt lat="47.53514" lon="-2.8688">
        <ele>4</ele>
      </trkpt>
      <trkpt lat="47.53515" lon="-2.86901">
        <ele>4</ele>
      </trkpt>
      <trkpt lat="47.53511" lon="-2.8693">
        <ele>4</ele>
      </trkpt>
      <trkpt lat="47.53507" lon="-2.86959">
        <ele>4</ele>
      </trkpt>
      <trkpt lat="47.53495" lon="-2.86982">
        <ele>4</ele>
      </trkpt>
      <trkpt lat="47.53494" lon="-2.87012">
        <ele>4</ele>
      </trkpt>
      <trkpt lat="47.53492" lon="-2.87042">
        <ele>4</ele>
      </trkpt>
      <trkpt lat="47.53494" lon="-2.87066">
        <ele>4</ele>
      </trkpt>
      <trkpt lat="47.53496" lon="-2.87089">
        <ele>4</ele>
      </trkpt>
      <trkpt lat="47.53498" lon="-2.87113">
        <ele>4</ele>
      </trkpt>
      <trkpt lat="47.535" lon="-2.87137">
        <ele>4</ele>
      </trkpt>
      <trkpt lat="47.53498" lon="-2.8716">
        <ele>3</ele>
      </trkpt>
      <trkpt lat="47.53497" lon="-2.87182">
        <ele>3</ele>
      </trkpt>
      <trkpt lat="47.53504" lon="-2.87207">
        <ele>3</ele>
      </trkpt>
      <trkpt lat="47.53512" lon="-2.87231">
        <ele>3</ele>
      </trkpt>
      <trkpt lat="47.53521" lon="-2.87245">
        <ele>3</ele>
      </trkpt>
      <trkpt lat="47.53528" lon="-2.87281">
        <ele>3</ele>
      </trkpt>
      <trkpt lat="47.53535" lon="-2.87316">
        <ele>3</ele>
      </trkpt>
      <trkpt lat="47.53538" lon="-2.87348">
        <ele>3</ele>
      </trkpt>
      <trkpt lat="47.5354" lon="-2.8738">
        <ele>4</ele>
      </trkpt>
      <trkpt lat="47.53546" lon="-2.87402">
        <ele>4</ele>
      </trkpt>
      <trkpt lat="47.53561" lon="-2.87435">
        <ele>4</ele>
      </trkpt>
      <trkpt lat="47.53564" lon="-2.87459">
        <ele>4</ele>
      </trkpt>
      <trkpt lat="47.53567" lon="-2.87483">
        <ele>4</ele>
      </trkpt>
      <trkpt lat="47.53567" lon="-2.87521">
        <ele>4</ele>
      </trkpt>
      <trkpt lat="47.53561" lon="-2.87541">
        <ele>3</ele>
      </trkpt>
      <trkpt lat="47.53548" lon="-2.87558">
        <ele>3</ele>
      </trkpt>
      <trkpt lat="47.53529" lon="-2.87566">
        <ele>3</ele>
      </trkpt>
      <trkpt lat="47.5352" lon="-2.87574">
        <ele>3</ele>
      </trkpt>
      <trkpt lat="47.53505" lon="-2.87577">
        <ele>5</ele>
      </trkpt>
      <trkpt lat="47.53498" lon="-2.87598">
        <ele>5</ele>
      </trkpt>
      <trkpt lat="47.5349" lon="-2.87618">
        <ele>5</ele>
      </trkpt>
      <trkpt lat="47.53494" lon="-2.87653">
        <ele>6</ele>
      </trkpt>
      <trkpt lat="47.53497" lon="-2.87688">
        <ele>7</ele>
      </trkpt>
      <trkpt lat="47.53501" lon="-2.87707">
        <ele>8</ele>
      </trkpt>
      <trkpt lat="47.53507" lon="-2.87716">
        <ele>9</ele>
      </trkpt>
      <trkpt lat="47.53524" lon="-2.87722">
        <ele>11</ele>
      </trkpt>
      <trkpt lat="47.53542" lon="-2.87723">
        <ele>12</ele>
      </trkpt>
      <trkpt lat="47.5356" lon="-2.87716">
        <ele>12</ele>
      </trkpt>
      <trkpt lat="47.53582" lon="-2.87699">
        <ele>12</ele>
      </trkpt>
      <trkpt lat="47.53602" lon="-2.877">
        <ele>12</ele>
      </trkpt>
      <trkpt lat="47.53609" lon="-2.87706">
        <ele>13</ele>
      </trkpt>
      <trkpt lat="47.53609" lon="-2.87737">
        <ele>13</ele>
      </trkpt>
      <trkpt lat="47.53633" lon="-2.8774">
        <ele>13</ele>
      </trkpt>
      <trkpt lat="47.53656" lon="-2.87743">
        <ele>14</ele>
      </trkpt>
      <trkpt lat="47.53665" lon="-2.87754">
        <ele>14</ele>
      </trkpt>
      <trkpt lat="47.53661" lon="-2.87784">
        <ele>14</ele>
      </trkpt>
      <trkpt lat="47.53657" lon="-2.87813">
        <ele>14</ele>
      </trkpt>
      <trkpt lat="47.53654" lon="-2.87843">
        <ele>14</ele>
      </trkpt>
      <trkpt lat="47.5365" lon="-2.87872">
        <ele>14</ele>
      </trkpt>
      <trkpt lat="47.53637" lon="-2.87891">
        <ele>14</ele>
      </trkpt>
      <trkpt lat="47.53616" lon="-2.87891">
        <ele>14</ele>
      </trkpt>
      <trkpt lat="47.53596" lon="-2.87891">
        <ele>14</ele>
      </trkpt>
      <trkpt lat="47.53581" lon="-2.879">
        <ele>13</ele>
      </trkpt>
      <trkpt lat="47.53566" lon="-2.87909">
        <ele>12</ele>
      </trkpt>
      <trkpt lat="47.53563" lon="-2.87925">
        <ele>10</ele>
      </trkpt>
      <trkpt lat="47.53569" lon="-2.87945">
        <ele>9</ele>
      </trkpt>
      <trkpt lat="47.53574" lon="-2.87964">
        <ele>9</ele>
      </trkpt>
      <trkpt lat="47.53581" lon="-2.87983">
        <ele>8</ele>
      </trkpt>
      <trkpt lat="47.53588" lon="-2.88001">
        <ele>8</ele>
      </trkpt>
      <trkpt lat="47.53595" lon="-2.8802">
        <ele>9</ele>
      </trkpt>
      <trkpt lat="47.53602" lon="-2.88038">
        <ele>9</ele>
      </trkpt>
      <trkpt lat="47.53615" lon="-2.88052">
        <ele>9</ele>
      </trkpt>
      <trkpt lat="47.53619" lon="-2.88065">
        <ele>10</ele>
      </trkpt>
      <trkpt lat="47.53633" lon="-2.88093">
        <ele>10</ele>
      </trkpt>
      <trkpt lat="47.5364" lon="-2.88094">
        <ele>12</ele>
      </trkpt>
      <trkpt lat="47.53652" lon="-2.88104">
        <ele>12</ele>
      </trkpt>
      <trkpt lat="47.53656" lon="-2.88131">
        <ele>12</ele>
      </trkpt>
      <trkpt lat="47.5366" lon="-2.88158">
        <ele>12</ele>
      </trkpt>
      <trkpt lat="47.53671" lon="-2.88179">
        <ele>12</ele>
      </trkpt>
      <trkpt lat="47.53682" lon="-2.88191">
        <ele>12</ele>
      </trkpt>
      <trkpt lat="47.53693" lon="-2.88203">
        <ele>12</ele>
      </trkpt>
      <trkpt lat="47.53705" lon="-2.88214">
        <ele>12</ele>
      </trkpt>
      <trkpt lat="47.53716" lon="-2.88226">
        <ele>11</ele>
      </trkpt>
      <trkpt lat="47.53739" lon="-2.88244">
        <ele>11</ele>
      </trkpt>
      <trkpt lat="47.53761" lon="-2.88256">
        <ele>11</ele>
      </trkpt>
      <trkpt lat="47.53783" lon="-2.88268">
        <ele>10</ele>
      </trkpt>
      <trkpt lat="47.53796" lon="-2.88299">
        <ele>8</ele>
      </trkpt>
      <trkpt lat="47.53813" lon="-2.88309">
        <ele>7</ele>
      </trkpt>
      <trkpt lat="47.53828" lon="-2.88336">
        <ele>6</ele>
      </trkpt>
      <trkpt lat="47.53816" lon="-2.88366">
        <ele>6</ele>
      </trkpt>
      <trkpt lat="47.53812" lon="-2.88395">
        <ele>5</ele>
      </trkpt>
      <trkpt lat="47.53817" lon="-2.88421">
        <ele>5</ele>
      </trkpt>
      <trkpt lat="47.53828" lon="-2.8845">
        <ele>4</ele>
      </trkpt>
      <trkpt lat="47.53839" lon="-2.8848">
        <ele>4</ele>
      </trkpt>
      <trkpt lat="47.53847" lon="-2.88504">
        <ele>4</ele>
      </trkpt>
      <trkpt lat="47.53854" lon="-2.88528">
        <ele>3</ele>
      </trkpt>
      <trkpt lat="47.53862" lon="-2.88553">
        <ele>3</ele>
      </trkpt>
      <trkpt lat="47.5387" lon="-2.88577">
        <ele>3</ele>
      </trkpt>
      <trkpt lat="47.53873" lon="-2.88597">
        <ele>3</ele>
      </trkpt>
      <trkpt lat="47.53876" lon="-2.88617">
        <ele>3</ele>
      </trkpt>
      <trkpt lat="47.53879" lon="-2.88636">
        <ele>3</ele>
      </trkpt>
      <trkpt lat="47.53882" lon="-2.88656">
        <ele>3</ele>
      </trkpt>
      <trkpt lat="47.53884" lon="-2.88689">
        <ele>3</ele>
      </trkpt>
      <trkpt lat="47.53886" lon="-2.88722">
        <ele>3</ele>
      </trkpt>
      <trkpt lat="47.53896" lon="-2.8875">
        <ele>3</ele>
      </trkpt>
      <trkpt lat="47.53905" lon="-2.88778">
        <ele>3</ele>
      </trkpt>
      <trkpt lat="47.53907" lon="-2.88807">
        <ele>3</ele>
      </trkpt>
      <trkpt lat="47.5391" lon="-2.88837">
        <ele>3</ele>
      </trkpt>
      <trkpt lat="47.53909" lon="-2.88864">
        <ele>3</ele>
      </trkpt>
      <trkpt lat="47.53907" lon="-2.88891">
        <ele>3</ele>
      </trkpt>
      <trkpt lat="47.53903" lon="-2.88914">
        <ele>3</ele>
      </trkpt>
      <trkpt lat="47.53899" lon="-2.88936">
        <ele>3</ele>
      </trkpt>
      <trkpt lat="47.53898" lon="-2.88956">
        <ele>3</ele>
      </trkpt>
      <trkpt lat="47.53898" lon="-2.88976">
        <ele>3</ele>
      </trkpt>
      <trkpt lat="47.53901" lon="-2.88996">
        <ele>3</ele>
      </trkpt>
      <trkpt lat="47.53903" lon="-2.89016">
        <ele>3</ele>
      </trkpt>
      <trkpt lat="47.53905" lon="-2.89035">
        <ele>3</ele>
      </trkpt>
      <trkpt lat="47.53908" lon="-2.89055">
        <ele>3</ele>
      </trkpt>
      <trkpt lat="47.53905" lon="-2.89087">
        <ele>3</ele>
      </trkpt>
      <trkpt lat="47.53901" lon="-2.89119">
        <ele>3</ele>
      </trkpt>
      <trkpt lat="47.53898" lon="-2.8915">
        <ele>3</ele>
      </trkpt>
      <trkpt lat="47.53895" lon="-2.89182">
        <ele>3</ele>
      </trkpt>
      <trkpt lat="47.53891" lon="-2.8921">
        <ele>3</ele>
      </trkpt>
      <trkpt lat="47.53887" lon="-2.89238">
        <ele>4</ele>
      </trkpt>
      <trkpt lat="47.53883" lon="-2.89266">
        <ele>4</ele>
      </trkpt>
      <trkpt lat="47.53879" lon="-2.89294">
        <ele>4</ele>
      </trkpt>
      <trkpt lat="47.53874" lon="-2.89316">
        <ele>4</ele>
      </trkpt>
      <trkpt lat="47.53869" lon="-2.89339">
        <ele>5</ele>
      </trkpt>
      <trkpt lat="47.53863" lon="-2.89362">
        <ele>5</ele>
      </trkpt>
      <trkpt lat="47.53858" lon="-2.89384">
        <ele>5</ele>
      </trkpt>
      <trkpt lat="47.53853" lon="-2.89406">
        <ele>5</ele>
      </trkpt>
      <trkpt lat="47.53847" lon="-2.89429">
        <ele>5</ele>
      </trkpt>
      <trkpt lat="47.53842" lon="-2.89452">
        <ele>5</ele>
      </trkpt>
      <trkpt lat="47.53837" lon="-2.89474">
        <ele>5</ele>
      </trkpt>
      <trkpt lat="47.53834" lon="-2.89511">
        <ele>5</ele>
      </trkpt>
      <trkpt lat="47.53828" lon="-2.89545">
        <ele>6</ele>
      </trkpt>
      <trkpt lat="47.53822" lon="-2.89579">
        <ele>6</ele>
      </trkpt>
      <trkpt lat="47.53816" lon="-2.89612">
        <ele>7</ele>
      </trkpt>
      <trkpt lat="47.5381" lon="-2.89646">
        <ele>8</ele>
      </trkpt>
      <trkpt lat="47.53804" lon="-2.89665">
        <ele>9</ele>
      </trkpt>
      <trkpt lat="47.53797" lon="-2.89684">
        <ele>9</ele>
      </trkpt>
      <trkpt lat="47.53791" lon="-2.89695">
        <ele>11</ele>
      </trkpt>
      <trkpt lat="47.53775" lon="-2.89713">
        <ele>12</ele>
      </trkpt>
      <trkpt lat="47.5376" lon="-2.89731">
        <ele>12</ele>
      </trkpt>
      <trkpt lat="47.53747" lon="-2.89738">
        <ele>12</ele>
      </trkpt>
      <trkpt lat="47.53721" lon="-2.89733">
        <ele>14</ele>
      </trkpt>
      <trkpt lat="47.53695" lon="-2.89729">
        <ele>15</ele>
      </trkpt>
      <trkpt lat="47.53691" lon="-2.89733">
        <ele>15</ele>
      </trkpt>
      <trkpt lat="47.53707" lon="-2.89754">
        <ele>17</ele>
      </trkpt>
      <trkpt lat="47.53721" lon="-2.89767">
        <ele>19</ele>
      </trkpt>
      <trkpt lat="47.53731" lon="-2.89784">
        <ele>20</ele>
      </trkpt>
      <trkpt lat="47.53742" lon="-2.89801">
        <ele>21</ele>
      </trkpt>
      <trkpt lat="47.53761" lon="-2.89825">
        <ele>22</ele>
      </trkpt>
      <trkpt lat="47.5378" lon="-2.89849">
        <ele>23</ele>
      </trkpt>
      <trkpt lat="47.53788" lon="-2.89861">
        <ele>23</ele>
      </trkpt>
      <trkpt lat="47.538" lon="-2.89888">
        <ele>23</ele>
      </trkpt>
      <trkpt lat="47.53783" lon="-2.89913">
        <ele>24</ele>
      </trkpt>
      <trkpt lat="47.53766" lon="-2.89938">
        <ele>24</ele>
      </trkpt>
      <trkpt lat="47.5375" lon="-2.89963">
        <ele>24</ele>
      </trkpt>
      <trkpt lat="47.53733" lon="-2.89989">
        <ele>26</ele>
      </trkpt>
      <trkpt lat="47.53716" lon="-2.90014">
        <ele>27</ele>
      </trkpt>
      <trkpt lat="47.53699" lon="-2.90039">
        <ele>27</ele>
      </trkpt>
      <trkpt lat="47.53683" lon="-2.90064">
        <ele>27</ele>
      </trkpt>
      <trkpt lat="47.53666" lon="-2.90089">
        <ele>28</ele>
      </trkpt>
      <trkpt lat="47.53659" lon="-2.90114">
        <ele>28</ele>
      </trkpt>
      <trkpt lat="47.53638" lon="-2.90113">
        <ele>28</ele>
      </trkpt>
      <trkpt lat="47.53633" lon="-2.9012">
        <ele>28</ele>
      </trkpt>
      <trkpt lat="47.53629" lon="-2.90139">
        <ele>28</ele>
      </trkpt>
      <trkpt lat="47.53625" lon="-2.90159">
        <ele>28</ele>
      </trkpt>
      <trkpt lat="47.53613" lon="-2.90193">
        <ele>29</ele>
      </trkpt>
      <trkpt lat="47.53612" lon="-2.90209">
        <ele>29</ele>
      </trkpt>
      <trkpt lat="47.53618" lon="-2.90235">
        <ele>29</ele>
      </trkpt>
      <trkpt lat="47.53618" lon="-2.90246">
        <ele>29</ele>
      </trkpt>
      <trkpt lat="47.53614" lon="-2.90277">
        <ele>29</ele>
      </trkpt>
      <trkpt lat="47.53605" lon="-2.90309">
        <ele>28</ele>
      </trkpt>
      <trkpt lat="47.53607" lon="-2.90321">
        <ele>28</ele>
      </trkpt>
      <trkpt lat="47.53619" lon="-2.90339">
        <ele>28</ele>
      </trkpt>
      <trkpt lat="47.53611" lon="-2.90353">
        <ele>27</ele>
      </trkpt>
      <trkpt lat="47.53605" lon="-2.90377">
        <ele>25</ele>
      </trkpt>
      <trkpt lat="47.53599" lon="-2.90401">
        <ele>22</ele>
      </trkpt>
      <trkpt lat="47.53596" lon="-2.90427">
        <ele>20</ele>
      </trkpt>
      <trkpt lat="47.53592" lon="-2.90453">
        <ele>20</ele>
      </trkpt>
      <trkpt lat="47.53603" lon="-2.90458">
        <ele>20</ele>
      </trkpt>
      <trkpt lat="47.5362" lon="-2.90461">
        <ele>20</ele>
      </trkpt>
      <trkpt lat="47.53638" lon="-2.90463">
        <ele>20</ele>
      </trkpt>
      <trkpt lat="47.5365" lon="-2.90473">
        <ele>20</ele>
      </trkpt>
      <trkpt lat="47.53662" lon="-2.90482">
        <ele>20</ele>
      </trkpt>
      <trkpt lat="47.53674" lon="-2.905">
        <ele>20</ele>
      </trkpt>
      <trkpt lat="47.53692" lon="-2.90512">
        <ele>19</ele>
      </trkpt>
      <trkpt lat="47.53714" lon="-2.90512">
        <ele>18</ele>
      </trkpt>
      <trkpt lat="47.5373" lon="-2.90505">
        <ele>17</ele>
      </trkpt>
      <trkpt lat="47.53742" lon="-2.90493">
        <ele>17</ele>
      </trkpt>
      <trkpt lat="47.53754" lon="-2.90481">
        <ele>17</ele>
      </trkpt>
      <trkpt lat="47.53765" lon="-2.90463">
        <ele>16</ele>
      </trkpt>
      <trkpt lat="47.53776" lon="-2.90445">
        <ele>16</ele>
      </trkpt>
      <trkpt lat="47.53788" lon="-2.9044">
        <ele>16</ele>
      </trkpt>
      <trkpt lat="47.53808" lon="-2.90425">
        <ele>16</ele>
      </trkpt>
      <trkpt lat="47.53815" lon="-2.90426">
        <ele>14</ele>
      </trkpt>
      <trkpt lat="47.5382" lon="-2.90422">
        <ele>13</ele>
      </trkpt>
      <trkpt lat="47.53832" lon="-2.90397">
        <ele>12</ele>
      </trkpt>
      <trkpt lat="47.53838" lon="-2.90378">
        <ele>11</ele>
      </trkpt>
      <trkpt lat="47.53843" lon="-2.90377">
        <ele>11</ele>
      </trkpt>
      <trkpt lat="47.53853" lon="-2.9038">
        <ele>9</ele>
      </trkpt>
      <trkpt lat="47.53858" lon="-2.90375">
        <ele>9</ele>
      </trkpt>
      <trkpt lat="47.53863" lon="-2.90357">
        <ele>9</ele>
      </trkpt>
      <trkpt lat="47.53862" lon="-2.90353">
        <ele>9</ele>
      </trkpt>
      <trkpt lat="47.53846" lon="-2.90336">
        <ele>9</ele>
      </trkpt>
      <trkpt lat="47.53846" lon="-2.90326">
        <ele>10</ele>
      </trkpt>
      <trkpt lat="47.53853" lon="-2.90304">
        <ele>10</ele>
      </trkpt>
      <trkpt lat="47.5386" lon="-2.90281">
        <ele>11</ele>
      </trkpt>
      <trkpt lat="47.53863" lon="-2.9028">
        <ele>11</ele>
      </trkpt>
      <trkpt lat="47.53874" lon="-2.9026">
        <ele>11</ele>
      </trkpt>
      <trkpt lat="47.53873" lon="-2.90251">
        <ele>11</ele>
      </trkpt>
      <trkpt lat="47.53882" lon="-2.90221">
        <ele>10</ele>
      </trkpt>
      <trkpt lat="47.53891" lon="-2.90192">
        <ele>10</ele>
      </trkpt>
      <trkpt lat="47.539" lon="-2.90191">
        <ele>10</ele>
      </trkpt>
      <trkpt lat="47.53909" lon="-2.90181">
        <ele>9</ele>
      </trkpt>
      <trkpt lat="47.53922" lon="-2.90153">
        <ele>6</ele>
      </trkpt>
      <trkpt lat="47.5394" lon="-2.90143">
        <ele>6</ele>
      </trkpt>
      <trkpt lat="47.53958" lon="-2.90132">
        <ele>6</ele>
      </trkpt>
      <trkpt lat="47.53975" lon="-2.90126">
        <ele>6</ele>
      </trkpt>
      <trkpt lat="47.53998" lon="-2.90122">
        <ele>6</ele>
      </trkpt>
      <trkpt lat="47.54024" lon="-2.90114">
        <ele>6</ele>
      </trkpt>
      <trkpt lat="47.54051" lon="-2.90107">
        <ele>5</ele>
      </trkpt>
      <trkpt lat="47.54061" lon="-2.90106">
        <ele>5</ele>
      </trkpt>
      <trkpt lat="47.54072" lon="-2.90111">
        <ele>4</ele>
      </trkpt>
      <trkpt lat="47.5408" lon="-2.9011">
        <ele>4</ele>
      </trkpt>
      <trkpt lat="47.54084" lon="-2.90104">
        <ele>4</ele>
      </trkpt>
      <trkpt lat="47.5409" lon="-2.9007">
        <ele>4</ele>
      </trkpt>
      <trkpt lat="47.54089" lon="-2.90034">
        <ele>4</ele>
      </trkpt>
      <trkpt lat="47.54087" lon="-2.89998">
        <ele>4</ele>
      </trkpt>
      <trkpt lat="47.54081" lon="-2.89968">
        <ele>4</ele>
      </trkpt>
      <trkpt lat="47.54076" lon="-2.89939">
        <ele>4</ele>
      </trkpt>
      <trkpt lat="47.54067" lon="-2.89901">
        <ele>4</ele>
      </trkpt>
      <trkpt lat="47.54058" lon="-2.89864">
        <ele>4</ele>
      </trkpt>
      <trkpt lat="47.54058" lon="-2.89845">
        <ele>4</ele>
      </trkpt>
      <trkpt lat="47.54054" lon="-2.89824">
        <ele>4</ele>
      </trkpt>
      <trkpt lat="47.5405" lon="-2.89803">
        <ele>4</ele>
      </trkpt>
      <trkpt lat="47.54057" lon="-2.89777">
        <ele>4</ele>
      </trkpt>
      <trkpt lat="47.54064" lon="-2.89751">
        <ele>4</ele>
      </trkpt>
      <trkpt lat="47.54072" lon="-2.89726">
        <ele>4</ele>
      </trkpt>
      <trkpt lat="47.54079" lon="-2.897">
        <ele>4</ele>
      </trkpt>
      <trkpt lat="47.54086" lon="-2.89679">
        <ele>4</ele>
      </trkpt>
      <trkpt lat="47.54094" lon="-2.89658">
        <ele>4</ele>
      </trkpt>
      <trkpt lat="47.54101" lon="-2.89638">
        <ele>4</ele>
      </trkpt>
      <trkpt lat="47.54108" lon="-2.89617">
        <ele>4</ele>
      </trkpt>
      <trkpt lat="47.54123" lon="-2.89593">
        <ele>4</ele>
      </trkpt>
      <trkpt lat="47.54138" lon="-2.89569">
        <ele>4</ele>
      </trkpt>
      <trkpt lat="47.54159" lon="-2.89569">
        <ele>4</ele>
      </trkpt>
      <trkpt lat="47.5417" lon="-2.89549">
        <ele>4</ele>
      </trkpt>
      <trkpt lat="47.5418" lon="-2.89529">
        <ele>4</ele>
      </trkpt>
      <trkpt lat="47.54192" lon="-2.8951">
        <ele>3</ele>
      </trkpt>
      <trkpt lat="47.54205" lon="-2.89492">
        <ele>3</ele>
      </trkpt>
      <trkpt lat="47.54217" lon="-2.89473">
        <ele>3</ele>
      </trkpt>
      <trkpt lat="47.54229" lon="-2.89454">
        <ele>3</ele>
      </trkpt>
      <trkpt lat="47.54234" lon="-2.89435">
        <ele>4</ele>
      </trkpt>
      <trkpt lat="47.5424" lon="-2.89416">
        <ele>4</ele>
      </trkpt>
      <trkpt lat="47.54245" lon="-2.89382">
        <ele>4</ele>
      </trkpt>
      <trkpt lat="47.5425" lon="-2.89348">
        <ele>4</ele>
      </trkpt>
      <trkpt lat="47.54254" lon="-2.89314">
        <ele>4</ele>
      </trkpt>
      <trkpt lat="47.54259" lon="-2.8928">
        <ele>4</ele>
      </trkpt>
      <trkpt lat="47.5426" lon="-2.89255">
        <ele>4</ele>
      </trkpt>
      <trkpt lat="47.54278" lon="-2.8923">
        <ele>4</ele>
      </trkpt>
      <trkpt lat="47.54291" lon="-2.89219">
        <ele>4</ele>
      </trkpt>
      <trkpt lat="47.54305" lon="-2.89214">
        <ele>4</ele>
      </trkpt>
      <trkpt lat="47.54319" lon="-2.89209">
        <ele>4</ele>
      </trkpt>
      <trkpt lat="47.54339" lon="-2.89185">
        <ele>4</ele>
      </trkpt>
      <trkpt lat="47.54358" lon="-2.89161">
        <ele>4</ele>
      </trkpt>
      <trkpt lat="47.54378" lon="-2.89137">
        <ele>4</ele>
      </trkpt>
      <trkpt lat="47.54398" lon="-2.89112">
        <ele>4</ele>
      </trkpt>
      <trkpt lat="47.54417" lon="-2.89088">
        <ele>4</ele>
      </trkpt>
      <trkpt lat="47.54437" lon="-2.89064">
        <ele>4</ele>
      </trkpt>
      <trkpt lat="47.54456" lon="-2.8904">
        <ele>4</ele>
      </trkpt>
      <trkpt lat="47.54476" lon="-2.89016">
        <ele>4</ele>
      </trkpt>
      <trkpt lat="47.54494" lon="-2.89039">
        <ele>4</ele>
      </trkpt>
      <trkpt lat="47.54511" lon="-2.89063">
        <ele>4</ele>
      </trkpt>
      <trkpt lat="47.54529" lon="-2.89086">
        <ele>4</ele>
      </trkpt>
      <trkpt lat="47.54547" lon="-2.8911">
        <ele>4</ele>
      </trkpt>
      <trkpt lat="47.54537" lon="-2.89126">
        <ele>4</ele>
      </trkpt>
      <trkpt lat="47.54528" lon="-2.89143">
        <ele>4</ele>
      </trkpt>
      <trkpt lat="47.54518" lon="-2.89159">
        <ele>4</ele>
      </trkpt>
      <trkpt lat="47.54509" lon="-2.89176">
        <ele>4</ele>
      </trkpt>
      <trkpt lat="47.54499" lon="-2.89192">
        <ele>4</ele>
      </trkpt>
      <trkpt lat="47.54489" lon="-2.89209">
        <ele>4</ele>
      </trkpt>
      <trkpt lat="47.5448" lon="-2.89225">
        <ele>4</ele>
      </trkpt>
      <trkpt lat="47.5447" lon="-2.89242">
        <ele>4</ele>
      </trkpt>
      <trkpt lat="47.54471" lon="-2.89254">
        <ele>4</ele>
      </trkpt>
      <trkpt lat="47.54477" lon="-2.89261">
        <ele>4</ele>
      </trkpt>
      <trkpt lat="47.54494" lon="-2.89272">
        <ele>4</ele>
      </trkpt>
      <trkpt lat="47.54511" lon="-2.89283">
        <ele>4</ele>
      </trkpt>
      <trkpt lat="47.54528" lon="-2.89294">
        <ele>4</ele>
      </trkpt>
      <trkpt lat="47.54545" lon="-2.89305">
        <ele>4</ele>
      </trkpt>
      <trkpt lat="47.54561" lon="-2.89316">
        <ele>4</ele>
      </trkpt>
      <trkpt lat="47.54578" lon="-2.89327">
        <ele>4</ele>
      </trkpt>
      <trkpt lat="47.54595" lon="-2.89338">
        <ele>4</ele>
      </trkpt>
      <trkpt lat="47.54612" lon="-2.89349">
        <ele>4</ele>
      </trkpt>
      <trkpt lat="47.54606" lon="-2.89377">
        <ele>4</ele>
      </trkpt>
      <trkpt lat="47.54599" lon="-2.89405">
        <ele>4</ele>
      </trkpt>
      <trkpt lat="47.54592" lon="-2.89432">
        <ele>4</ele>
      </trkpt>
      <trkpt lat="47.54586" lon="-2.8946">
        <ele>4</ele>
      </trkpt>
      <trkpt lat="47.54581" lon="-2.89492">
        <ele>4</ele>
      </trkpt>
      <trkpt lat="47.54575" lon="-2.89523">
        <ele>4</ele>
      </trkpt>
      <trkpt lat="47.5457" lon="-2.89554">
        <ele>4</ele>
      </trkpt>
      <trkpt lat="47.54565" lon="-2.89586">
        <ele>4</ele>
      </trkpt>
      <trkpt lat="47.54548" lon="-2.89581">
        <ele>4</ele>
      </trkpt>
      <trkpt lat="47.54531" lon="-2.89576">
        <ele>4</ele>
      </trkpt>
      <trkpt lat="47.54525" lon="-2.89577">
        <ele>4</ele>
      </trkpt>
      <trkpt lat="47.54521" lon="-2.89583">
        <ele>4</ele>
      </trkpt>
      <trkpt lat="47.54522" lon="-2.89613">
        <ele>4</ele>
      </trkpt>
      <trkpt lat="47.54523" lon="-2.89642">
        <ele>4</ele>
      </trkpt>
      <trkpt lat="47.54525" lon="-2.89672">
        <ele>4</ele>
      </trkpt>
      <trkpt lat="47.54526" lon="-2.89702">
        <ele>4</ele>
      </trkpt>
      <trkpt lat="47.54511" lon="-2.8971">
        <ele>4</ele>
      </trkpt>
      <trkpt lat="47.54496" lon="-2.89718">
        <ele>4</ele>
      </trkpt>
      <trkpt lat="47.5448" lon="-2.89726">
        <ele>4</ele>
      </trkpt>
      <trkpt lat="47.54465" lon="-2.89734">
        <ele>5</ele>
      </trkpt>
      <trkpt lat="47.54453" lon="-2.89726">
        <ele>5</ele>
      </trkpt>
      <trkpt lat="47.54442" lon="-2.89722">
        <ele>5</ele>
      </trkpt>
      <trkpt lat="47.54432" lon="-2.89709">
        <ele>5</ele>
      </trkpt>
      <trkpt lat="47.5442" lon="-2.89706">
        <ele>4</ele>
      </trkpt>
      <trkpt lat="47.54409" lon="-2.897">
        <ele>4</ele>
      </trkpt>
      <trkpt lat="47.54402" lon="-2.89691">
        <ele>4</ele>
      </trkpt>
      <trkpt lat="47.5438" lon="-2.8971">
        <ele>4</ele>
      </trkpt>
      <trkpt lat="47.54358" lon="-2.89729">
        <ele>3</ele>
      </trkpt>
      <trkpt lat="47.54335" lon="-2.89749">
        <ele>3</ele>
      </trkpt>
      <trkpt lat="47.54313" lon="-2.89768">
        <ele>3</ele>
      </trkpt>
      <trkpt lat="47.54305" lon="-2.89785">
        <ele>3</ele>
      </trkpt>
      <trkpt lat="47.54298" lon="-2.89802">
        <ele>4</ele>
      </trkpt>
      <trkpt lat="47.5429" lon="-2.8982">
        <ele>4</ele>
      </trkpt>
      <trkpt lat="47.54283" lon="-2.89837">
        <ele>4</ele>
      </trkpt>
      <trkpt lat="47.54275" lon="-2.89854">
        <ele>4</ele>
      </trkpt>
      <trkpt lat="47.54268" lon="-2.89872">
        <ele>4</ele>
      </trkpt>
      <trkpt lat="47.5426" lon="-2.89889">
        <ele>4</ele>
      </trkpt>
      <trkpt lat="47.54253" lon="-2.89906">
        <ele>4</ele>
      </trkpt>
      <trkpt lat="47.54256" lon="-2.89918">
        <ele>4</ele>
      </trkpt>
      <trkpt lat="47.54269" lon="-2.89926">
        <ele>6</ele>
      </trkpt>
      <trkpt lat="47.54271" lon="-2.89937">
        <ele>6</ele>
      </trkpt>
      <trkpt lat="47.54274" lon="-2.89975">
        <ele>6</ele>
      </trkpt>
      <trkpt lat="47.54277" lon="-2.90013">
        <ele>6</ele>
      </trkpt>
      <trkpt lat="47.54277" lon="-2.90042">
        <ele>6</ele>
      </trkpt>
      <trkpt lat="47.54271" lon="-2.90073">
        <ele>6</ele>
      </trkpt>
      <trkpt lat="47.54265" lon="-2.90098">
        <ele>6</ele>
      </trkpt>
      <trkpt lat="47.54258" lon="-2.90123">
        <ele>6</ele>
      </trkpt>
      <trkpt lat="47.54252" lon="-2.90148">
        <ele>6</ele>
      </trkpt>
      <trkpt lat="47.54245" lon="-2.90173">
        <ele>6</ele>
      </trkpt>
      <trkpt lat="47.54252" lon="-2.90193">
        <ele>6</ele>
      </trkpt>
      <trkpt lat="47.5426" lon="-2.90213">
        <ele>6</ele>
      </trkpt>
      <trkpt lat="47.54275" lon="-2.90236">
        <ele>6</ele>
      </trkpt>
      <trkpt lat="47.54282" lon="-2.90253">
        <ele>6</ele>
      </trkpt>
      <trkpt lat="47.54289" lon="-2.90271">
        <ele>7</ele>
      </trkpt>
      <trkpt lat="47.54291" lon="-2.90289">
        <ele>7</ele>
      </trkpt>
      <trkpt lat="47.54288" lon="-2.90318">
        <ele>7</ele>
      </trkpt>
      <trkpt lat="47.54289" lon="-2.90335">
        <ele>7</ele>
      </trkpt>
      <trkpt lat="47.543" lon="-2.90367">
        <ele>7</ele>
      </trkpt>
      <trkpt lat="47.54298" lon="-2.90402">
        <ele>7</ele>
      </trkpt>
      <trkpt lat="47.54296" lon="-2.90438">
        <ele>7</ele>
      </trkpt>
      <trkpt lat="47.54297" lon="-2.90458">
        <ele>7</ele>
      </trkpt>
      <trkpt lat="47.54298" lon="-2.90478">
        <ele>7</ele>
      </trkpt>
      <trkpt lat="47.54294" lon="-2.90494">
        <ele>7</ele>
      </trkpt>
      <trkpt lat="47.5428" lon="-2.90525">
        <ele>7</ele>
      </trkpt>
      <trkpt lat="47.54276" lon="-2.90559">
        <ele>7</ele>
      </trkpt>
      <trkpt lat="47.54265" lon="-2.90592">
        <ele>7</ele>
      </trkpt>
      <trkpt lat="47.54256" lon="-2.90613">
        <ele>7</ele>
      </trkpt>
      <trkpt lat="47.54248" lon="-2.90635">
        <ele>8</ele>
      </trkpt>
      <trkpt lat="47.54239" lon="-2.90656">
        <ele>8</ele>
      </trkpt>
      <trkpt lat="47.54231" lon="-2.90678">
        <ele>8</ele>
      </trkpt>
      <trkpt lat="47.54229" lon="-2.90694">
        <ele>8</ele>
      </trkpt>
      <trkpt lat="47.54231" lon="-2.90714">
        <ele>8</ele>
      </trkpt>
      <trkpt lat="47.54238" lon="-2.90736">
        <ele>8</ele>
      </trkpt>
      <trkpt lat="47.54245" lon="-2.90759">
        <ele>9</ele>
      </trkpt>
      <trkpt lat="47.5425" lon="-2.90765">
        <ele>9</ele>
      </trkpt>
      <trkpt lat="47.5427" lon="-2.90764">
        <ele>10</ele>
      </trkpt>
      <trkpt lat="47.5429" lon="-2.90763">
        <ele>12</ele>
      </trkpt>
      <trkpt lat="47.54309" lon="-2.90762">
        <ele>13</ele>
      </trkpt>
      <trkpt lat="47.54329" lon="-2.90761">
        <ele>13</ele>
      </trkpt>
      <trkpt lat="47.54346" lon="-2.90756">
        <ele>13</ele>
      </trkpt>
      <trkpt lat="47.54364" lon="-2.90751">
        <ele>13</ele>
      </trkpt>
      <trkpt lat="47.54388" lon="-2.90762">
        <ele>13</ele>
      </trkpt>
      <trkpt lat="47.54402" lon="-2.9076">
        <ele>13</ele>
      </trkpt>
      <trkpt lat="47.54416" lon="-2.90757">
        <ele>13</ele>
      </trkpt>
      <trkpt lat="47.54438" lon="-2.90761">
        <ele>13</ele>
      </trkpt>
      <trkpt lat="47.54461" lon="-2.90765">
        <ele>13</ele>
      </trkpt>
      <trkpt lat="47.54477" lon="-2.90763">
        <ele>13</ele>
      </trkpt>
      <trkpt lat="47.54481" lon="-2.90742">
        <ele>13</ele>
      </trkpt>
      <trkpt lat="47.54486" lon="-2.90722">
        <ele>13</ele>
      </trkpt>
      <trkpt lat="47.54497" lon="-2.90711">
        <ele>12</ele>
      </trkpt>
      <trkpt lat="47.54505" lon="-2.90711">
        <ele>12</ele>
      </trkpt>
      <trkpt lat="47.54516" lon="-2.90687">
        <ele>11</ele>
      </trkpt>
      <trkpt lat="47.54531" lon="-2.9068">
        <ele>11</ele>
      </trkpt>
      <trkpt lat="47.5455" lon="-2.90681">
        <ele>11</ele>
      </trkpt>
      <trkpt lat="47.54564" lon="-2.90677">
        <ele>11</ele>
      </trkpt>
      <trkpt lat="47.5457" lon="-2.90665">
        <ele>10</ele>
      </trkpt>
      <trkpt lat="47.54584" lon="-2.9067">
        <ele>10</ele>
      </trkpt>
      <trkpt lat="47.5459" lon="-2.90641">
        <ele>10</ele>
      </trkpt>
      <trkpt lat="47.54597" lon="-2.90613">
        <ele>10</ele>
      </trkpt>
      <trkpt lat="47.54604" lon="-2.90585">
        <ele>10</ele>
      </trkpt>
      <trkpt lat="47.5461" lon="-2.90556">
        <ele>9</ele>
      </trkpt>
      <trkpt lat="47.54626" lon="-2.90541">
        <ele>9</ele>
      </trkpt>
      <trkpt lat="47.54641" lon="-2.90527">
        <ele>9</ele>
      </trkpt>
      <trkpt lat="47.54657" lon="-2.90512">
        <ele>10</ele>
      </trkpt>
      <trkpt lat="47.54673" lon="-2.90498">
        <ele>10</ele>
      </trkpt>
      <trkpt lat="47.54681" lon="-2.90463">
        <ele>10</ele>
      </trkpt>
      <trkpt lat="47.54689" lon="-2.90429">
        <ele>11</ele>
      </trkpt>
      <trkpt lat="47.54696" lon="-2.90404">
        <ele>11</ele>
      </trkpt>
      <trkpt lat="47.54705" lon="-2.90383">
        <ele>11</ele>
      </trkpt>
      <trkpt lat="47.5472" lon="-2.90365">
        <ele>11</ele>
      </trkpt>
      <trkpt lat="47.54743" lon="-2.90348">
        <ele>11</ele>
      </trkpt>
      <trkpt lat="47.54766" lon="-2.9033">
        <ele>11</ele>
      </trkpt>
      <trkpt lat="47.54782" lon="-2.90323">
        <ele>11</ele>
      </trkpt>
      <trkpt lat="47.54798" lon="-2.90315">
        <ele>12</ele>
      </trkpt>
      <trkpt lat="47.54815" lon="-2.90308">
        <ele>12</ele>
      </trkpt>
      <trkpt lat="47.54831" lon="-2.90301">
        <ele>12</ele>
      </trkpt>
      <trkpt lat="47.54828" lon="-2.90268">
        <ele>12</ele>
      </trkpt>
      <trkpt lat="47.54829" lon="-2.90248">
        <ele>12</ele>
      </trkpt>
      <trkpt lat="47.5483" lon="-2.90228">
        <ele>13</ele>
      </trkpt>
      <trkpt lat="47.54832" lon="-2.90207">
        <ele>13</ele>
      </trkpt>
      <trkpt lat="47.54833" lon="-2.90187">
        <ele>13</ele>
      </trkpt>
      <trkpt lat="47.54842" lon="-2.90158">
        <ele>13</ele>
      </trkpt>
      <trkpt lat="47.54851" lon="-2.9013">
        <ele>13</ele>
      </trkpt>
      <trkpt lat="47.54869" lon="-2.90109">
        <ele>13</ele>
      </trkpt>
      <trkpt lat="47.54886" lon="-2.90088">
        <ele>13</ele>
      </trkpt>
      <trkpt lat="47.54904" lon="-2.90066">
        <ele>13</ele>
      </trkpt>
      <trkpt lat="47.54921" lon="-2.90045">
        <ele>13</ele>
      </trkpt>
      <trkpt lat="47.54941" lon="-2.90019">
        <ele>13</ele>
      </trkpt>
      <trkpt lat="47.54961" lon="-2.89993">
        <ele>13</ele>
      </trkpt>
      <trkpt lat="47.54981" lon="-2.89966">
        <ele>13</ele>
      </trkpt>
      <trkpt lat="47.55001" lon="-2.8994">
        <ele>13</ele>
      </trkpt>
      <trkpt lat="47.5502" lon="-2.89917">
        <ele>13</ele>
      </trkpt>
      <trkpt lat="47.55038" lon="-2.89894">
        <ele>13</ele>
      </trkpt>
      <trkpt lat="47.55057" lon="-2.89871">
        <ele>12</ele>
      </trkpt>
      <trkpt lat="47.55076" lon="-2.89848">
        <ele>12</ele>
      </trkpt>
      <trkpt lat="47.55095" lon="-2.89825">
        <ele>11</ele>
      </trkpt>
      <trkpt lat="47.55114" lon="-2.89802">
        <ele>11</ele>
      </trkpt>
      <trkpt lat="47.55132" lon="-2.89779">
        <ele>10</ele>
      </trkpt>
      <trkpt lat="47.55151" lon="-2.89756">
        <ele>10</ele>
      </trkpt>
      <trkpt lat="47.55164" lon="-2.89738">
        <ele>10</ele>
      </trkpt>
      <trkpt lat="47.55177" lon="-2.8972">
        <ele>10</ele>
      </trkpt>
      <trkpt lat="47.55194" lon="-2.89691">
        <ele>10</ele>
      </trkpt>
      <trkpt lat="47.5521" lon="-2.89661">
        <ele>10</ele>
      </trkpt>
      <trkpt lat="47.55219" lon="-2.8963">
        <ele>11</ele>
      </trkpt>
      <trkpt lat="47.55228" lon="-2.89598">
        <ele>11</ele>
      </trkpt>
      <trkpt lat="47.55232" lon="-2.89569">
        <ele>11</ele>
      </trkpt>
      <trkpt lat="47.55236" lon="-2.8954">
        <ele>12</ele>
      </trkpt>
      <trkpt lat="47.55243" lon="-2.89533">
        <ele>12</ele>
      </trkpt>
      <trkpt lat="47.55253" lon="-2.89531">
        <ele>12</ele>
      </trkpt>
      <trkpt lat="47.55269" lon="-2.89539">
        <ele>12</ele>
      </trkpt>
      <trkpt lat="47.55284" lon="-2.89546">
        <ele>12</ele>
      </trkpt>
      <trkpt lat="47.553" lon="-2.89553">
        <ele>11</ele>
      </trkpt>
      <trkpt lat="47.55316" lon="-2.89561">
        <ele>11</ele>
      </trkpt>
      <trkpt lat="47.55337" lon="-2.8958">
        <ele>10</ele>
      </trkpt>
      <trkpt lat="47.55356" lon="-2.896">
        <ele>8</ele>
      </trkpt>
      <trkpt lat="47.55374" lon="-2.89621">
        <ele>7</ele>
      </trkpt>
      <trkpt lat="47.55393" lon="-2.89642">
        <ele>6</ele>
      </trkpt>
      <trkpt lat="47.55412" lon="-2.89662">
        <ele>6</ele>
      </trkpt>
      <trkpt lat="47.55414" lon="-2.89669">
        <ele>6</ele>
      </trkpt>
      <trkpt lat="47.55402" lon="-2.89703">
        <ele>6</ele>
      </trkpt>
      <trkpt lat="47.5539" lon="-2.89736">
        <ele>6</ele>
      </trkpt>
      <trkpt lat="47.55386" lon="-2.89757">
        <ele>6</ele>
      </trkpt>
      <trkpt lat="47.55385" lon="-2.89783">
        <ele>7</ele>
      </trkpt>
      <trkpt lat="47.55388" lon="-2.89813">
        <ele>7</ele>
      </trkpt>
      <trkpt lat="47.55392" lon="-2.89842">
        <ele>7</ele>
      </trkpt>
      <trkpt lat="47.55397" lon="-2.89861">
        <ele>7</ele>
      </trkpt>
      <trkpt lat="47.55413" lon="-2.89886">
        <ele>7</ele>
      </trkpt>
      <trkpt lat="47.55429" lon="-2.8991">
        <ele>8</ele>
      </trkpt>
      <trkpt lat="47.55446" lon="-2.89934">
        <ele>9</ele>
      </trkpt>
      <trkpt lat="47.55462" lon="-2.89959">
        <ele>10</ele>
      </trkpt>
      <trkpt lat="47.55477" lon="-2.89987">
        <ele>11</ele>
      </trkpt>
      <trkpt lat="47.55492" lon="-2.90016">
        <ele>11</ele>
      </trkpt>
      <trkpt lat="47.55498" lon="-2.90042">
        <ele>12</ele>
      </trkpt>
      <trkpt lat="47.55484" lon="-2.90048">
        <ele>12</ele>
      </trkpt>
      <trkpt lat="47.5547" lon="-2.90055">
        <ele>12</ele>
      </trkpt>
      <trkpt lat="47.55464" lon="-2.9009">
        <ele>12</ele>
      </trkpt>
      <trkpt lat="47.55469" lon="-2.90111">
        <ele>12</ele>
      </trkpt>
      <trkpt lat="47.55474" lon="-2.90131">
        <ele>13</ele>
      </trkpt>
      <trkpt lat="47.55478" lon="-2.90151">
        <ele>13</ele>
      </trkpt>
      <trkpt lat="47.55483" lon="-2.90172">
        <ele>14</ele>
      </trkpt>
      <trkpt lat="47.55496" lon="-2.90195">
        <ele>14</ele>
      </trkpt>
      <trkpt lat="47.55509" lon="-2.90218">
        <ele>14</ele>
      </trkpt>
      <trkpt lat="47.55511" lon="-2.9023">
        <ele>14</ele>
      </trkpt>
      <trkpt lat="47.5553" lon="-2.9022">
        <ele>14</ele>
      </trkpt>
      <trkpt lat="47.55548" lon="-2.90211">
        <ele>15</ele>
      </trkpt>
      <trkpt lat="47.55568" lon="-2.90206">
        <ele>15</ele>
      </trkpt>
      <trkpt lat="47.55587" lon="-2.90201">
        <ele>16</ele>
      </trkpt>
      <trkpt lat="47.55596" lon="-2.90213">
        <ele>16</ele>
      </trkpt>
      <trkpt lat="47.55607" lon="-2.90233">
        <ele>16</ele>
      </trkpt>
      <trkpt lat="47.55617" lon="-2.90252">
        <ele>16</ele>
      </trkpt>
      <trkpt lat="47.55625" lon="-2.90274">
        <ele>15</ele>
      </trkpt>
      <trkpt lat="47.55633" lon="-2.90297">
        <ele>15</ele>
      </trkpt>
      <trkpt lat="47.55638" lon="-2.90325">
        <ele>14</ele>
      </trkpt>
      <trkpt lat="47.55644" lon="-2.90353">
        <ele>14</ele>
      </trkpt>
      <trkpt lat="47.55649" lon="-2.90381">
        <ele>14</ele>
      </trkpt>
      <trkpt lat="47.55654" lon="-2.90409">
        <ele>14</ele>
      </trkpt>
      <trkpt lat="47.55657" lon="-2.90441">
        <ele>13</ele>
      </trkpt>
      <trkpt lat="47.5566" lon="-2.90473">
        <ele>13</ele>
      </trkpt>
      <trkpt lat="47.55661" lon="-2.90505">
        <ele>13</ele>
      </trkpt>
      <trkpt lat="47.55662" lon="-2.90537">
        <ele>13</ele>
      </trkpt>
      <trkpt lat="47.55664" lon="-2.90569">
        <ele>13</ele>
      </trkpt>
      <trkpt lat="47.55665" lon="-2.90601">
        <ele>14</ele>
      </trkpt>
      <trkpt lat="47.55662" lon="-2.90628">
        <ele>15</ele>
      </trkpt>
      <trkpt lat="47.55658" lon="-2.9064">
        <ele>15</ele>
      </trkpt>
      <trkpt lat="47.5566" lon="-2.90668">
        <ele>17</ele>
      </trkpt>
      <trkpt lat="47.55662" lon="-2.90696">
        <ele>18</ele>
      </trkpt>
      <trkpt lat="47.55662" lon="-2.90724">
        <ele>20</ele>
      </trkpt>
      <trkpt lat="47.55661" lon="-2.90751">
        <ele>20</ele>
      </trkpt>
      <trkpt lat="47.55659" lon="-2.9076">
        <ele>20</ele>
      </trkpt>
      <trkpt lat="47.55647" lon="-2.90775">
        <ele>20</ele>
      </trkpt>
      <trkpt lat="47.55634" lon="-2.90789">
        <ele>19</ele>
      </trkpt>
      <trkpt lat="47.55621" lon="-2.90799">
        <ele>18</ele>
      </trkpt>
      <trkpt lat="47.55611" lon="-2.90803">
        <ele>18</ele>
      </trkpt>
      <trkpt lat="47.556" lon="-2.90825">
        <ele>17</ele>
      </trkpt>
      <trkpt lat="47.55595" lon="-2.90847">
        <ele>17</ele>
      </trkpt>
      <trkpt lat="47.55594" lon="-2.90876">
        <ele>17</ele>
      </trkpt>
      <trkpt lat="47.55592" lon="-2.90905">
        <ele>17</ele>
      </trkpt>
      <trkpt lat="47.55589" lon="-2.90925">
        <ele>16</ele>
      </trkpt>
      <trkpt lat="47.55586" lon="-2.90946">
        <ele>15</ele>
      </trkpt>
      <trkpt lat="47.55582" lon="-2.90967">
        <ele>14</ele>
      </trkpt>
      <trkpt lat="47.55579" lon="-2.90987">
        <ele>14</ele>
      </trkpt>
      <trkpt lat="47.55574" lon="-2.91007">
        <ele>14</ele>
      </trkpt>
      <trkpt lat="47.55569" lon="-2.91026">
        <ele>14</ele>
      </trkpt>
      <trkpt lat="47.55558" lon="-2.9105">
        <ele>14</ele>
      </trkpt>
      <trkpt lat="47.55547" lon="-2.91074">
        <ele>15</ele>
      </trkpt>
      <trkpt lat="47.55536" lon="-2.91098">
        <ele>15</ele>
      </trkpt>
      <trkpt lat="47.55525" lon="-2.91122">
        <ele>16</ele>
      </trkpt>
      <trkpt lat="47.55511" lon="-2.91118">
        <ele>16</ele>
      </trkpt>
      <trkpt lat="47.55496" lon="-2.91114">
        <ele>16</ele>
      </trkpt>
      <trkpt lat="47.55482" lon="-2.9111">
        <ele>16</ele>
      </trkpt>
      <trkpt lat="47.55468" lon="-2.91106">
        <ele>16</ele>
      </trkpt>
      <trkpt lat="47.55453" lon="-2.91103">
        <ele>15</ele>
      </trkpt>
      <trkpt lat="47.55439" lon="-2.91099">
        <ele>14</ele>
      </trkpt>
      <trkpt lat="47.55424" lon="-2.91095">
        <ele>13</ele>
      </trkpt>
      <trkpt lat="47.5541" lon="-2.91091">
        <ele>11</ele>
      </trkpt>
      <trkpt lat="47.55396" lon="-2.91081">
        <ele>9</ele>
      </trkpt>
      <trkpt lat="47.55384" lon="-2.91061">
        <ele>7</ele>
      </trkpt>
      <trkpt lat="47.55373" lon="-2.91041">
        <ele>6</ele>
      </trkpt>
      <trkpt lat="47.55372" lon="-2.91034">
        <ele>6</ele>
      </trkpt>
      <trkpt lat="47.55364" lon="-2.91016">
        <ele>5</ele>
      </trkpt>
      <trkpt lat="47.55356" lon="-2.90998">
        <ele>5</ele>
      </trkpt>
      <trkpt lat="47.55336" lon="-2.90977">
        <ele>5</ele>
      </trkpt>
      <trkpt lat="47.55317" lon="-2.90957">
        <ele>5</ele>
      </trkpt>
      <trkpt lat="47.55305" lon="-2.90947">
        <ele>5</ele>
      </trkpt>
      <trkpt lat="47.55293" lon="-2.90937">
        <ele>5</ele>
      </trkpt>
      <trkpt lat="47.5527" lon="-2.90924">
        <ele>5</ele>
      </trkpt>
      <trkpt lat="47.55248" lon="-2.90911">
        <ele>5</ele>
      </trkpt>
      <trkpt lat="47.55225" lon="-2.90897">
        <ele>5</ele>
      </trkpt>
      <trkpt lat="47.55202" lon="-2.90884">
        <ele>5</ele>
      </trkpt>
      <trkpt lat="47.55187" lon="-2.90883">
        <ele>5</ele>
      </trkpt>
      <trkpt lat="47.55172" lon="-2.90882">
        <ele>5</ele>
      </trkpt>
      <trkpt lat="47.55156" lon="-2.9088">
        <ele>5</ele>
      </trkpt>
      <trkpt lat="47.55141" lon="-2.90879">
        <ele>5</ele>
      </trkpt>
      <trkpt lat="47.55129" lon="-2.90876">
        <ele>5</ele>
      </trkpt>
      <trkpt lat="47.55115" lon="-2.90865">
        <ele>6</ele>
      </trkpt>
      <trkpt lat="47.55101" lon="-2.90854">
        <ele>6</ele>
      </trkpt>
      <trkpt lat="47.55091" lon="-2.9084">
        <ele>6</ele>
      </trkpt>
      <trkpt lat="47.5508" lon="-2.90827">
        <ele>6</ele>
      </trkpt>
      <trkpt lat="47.5507" lon="-2.90813">
        <ele>6</ele>
      </trkpt>
      <trkpt lat="47.5506" lon="-2.90799">
        <ele>6</ele>
      </trkpt>
      <trkpt lat="47.55041" lon="-2.90778">
        <ele>6</ele>
      </trkpt>
      <trkpt lat="47.55027" lon="-2.90768">
        <ele>6</ele>
      </trkpt>
      <trkpt lat="47.55019" lon="-2.90779">
        <ele>5</ele>
      </trkpt>
      <trkpt lat="47.55002" lon="-2.90785">
        <ele>5</ele>
      </trkpt>
      <trkpt lat="47.54984" lon="-2.90791">
        <ele>5</ele>
      </trkpt>
      <trkpt lat="47.54958" lon="-2.90797">
        <ele>5</ele>
      </trkpt>
      <trkpt lat="47.54954" lon="-2.90817">
        <ele>5</ele>
      </trkpt>
      <trkpt lat="47.54951" lon="-2.90837">
        <ele>6</ele>
      </trkpt>
      <trkpt lat="47.54943" lon="-2.90856">
        <ele>6</ele>
      </trkpt>
      <trkpt lat="47.54936" lon="-2.90865">
        <ele>6</ele>
      </trkpt>
      <trkpt lat="47.54918" lon="-2.90878">
        <ele>6</ele>
      </trkpt>
      <trkpt lat="47.549" lon="-2.90891">
        <ele>6</ele>
      </trkpt>
      <trkpt lat="47.54881" lon="-2.90908">
        <ele>6</ele>
      </trkpt>
      <trkpt lat="47.54862" lon="-2.90932">
        <ele>6</ele>
      </trkpt>
      <trkpt lat="47.54843" lon="-2.90957">
        <ele>6</ele>
      </trkpt>
      <trkpt lat="47.54834" lon="-2.90977">
        <ele>6</ele>
      </trkpt>
      <trkpt lat="47.54829" lon="-2.90994">
        <ele>6</ele>
      </trkpt>
      <trkpt lat="47.54826" lon="-2.91032">
        <ele>6</ele>
      </trkpt>
      <trkpt lat="47.54829" lon="-2.91047">
        <ele>6</ele>
      </trkpt>
      <trkpt lat="47.54827" lon="-2.9105">
        <ele>7</ele>
      </trkpt>
      <trkpt lat="47.54828" lon="-2.91073">
        <ele>7</ele>
      </trkpt>
      <trkpt lat="47.5483" lon="-2.91095">
        <ele>7</ele>
      </trkpt>
      <trkpt lat="47.54821" lon="-2.9113">
        <ele>9</ele>
      </trkpt>
      <trkpt lat="47.54809" lon="-2.91161">
        <ele>10</ele>
      </trkpt>
      <trkpt lat="47.54797" lon="-2.91191">
        <ele>12</ele>
      </trkpt>
      <trkpt lat="47.54781" lon="-2.91204">
        <ele>12</ele>
      </trkpt>
      <trkpt lat="47.54768" lon="-2.9121">
        <ele>12</ele>
      </trkpt>
      <trkpt lat="47.54759" lon="-2.91219">
        <ele>12</ele>
      </trkpt>
      <trkpt lat="47.54748" lon="-2.91233">
        <ele>12</ele>
      </trkpt>
      <trkpt lat="47.54739" lon="-2.91254">
        <ele>11</ele>
      </trkpt>
      <trkpt lat="47.54734" lon="-2.91273">
        <ele>10</ele>
      </trkpt>
      <trkpt lat="47.5473" lon="-2.91293">
        <ele>10</ele>
      </trkpt>
      <trkpt lat="47.54725" lon="-2.91312">
        <ele>9</ele>
      </trkpt>
      <trkpt lat="47.54721" lon="-2.91332">
        <ele>9</ele>
      </trkpt>
      <trkpt lat="47.54716" lon="-2.91351">
        <ele>9</ele>
      </trkpt>
      <trkpt lat="47.54712" lon="-2.91371">
        <ele>9</ele>
      </trkpt>
      <trkpt lat="47.54707" lon="-2.9139">
        <ele>9</ele>
      </trkpt>
      <trkpt lat="47.54703" lon="-2.9141">
        <ele>9</ele>
      </trkpt>
      <trkpt lat="47.54696" lon="-2.91448">
        <ele>9</ele>
      </trkpt>
      <trkpt lat="47.54695" lon="-2.91479">
        <ele>9</ele>
      </trkpt>
      <trkpt lat="47.54707" lon="-2.91493">
        <ele>8</ele>
      </trkpt>
      <trkpt lat="47.54718" lon="-2.91508">
        <ele>8</ele>
      </trkpt>
      <trkpt lat="47.54734" lon="-2.91525">
        <ele>7</ele>
      </trkpt>
      <trkpt lat="47.54749" lon="-2.91542">
        <ele>6</ele>
      </trkpt>
      <trkpt lat="47.54765" lon="-2.91559">
        <ele>5</ele>
      </trkpt>
      <trkpt lat="47.54781" lon="-2.91576">
        <ele>5</ele>
      </trkpt>
      <trkpt lat="47.54797" lon="-2.91593">
        <ele>4</ele>
      </trkpt>
      <trkpt lat="47.54812" lon="-2.9161">
        <ele>4</ele>
      </trkpt>
      <trkpt lat="47.54828" lon="-2.91627">
        <ele>4</ele>
      </trkpt>
      <trkpt lat="47.54844" lon="-2.91644">
        <ele>4</ele>
      </trkpt>
      <trkpt lat="47.54857" lon="-2.9161">
        <ele>4</ele>
      </trkpt>
      <trkpt lat="47.54851" lon="-2.91602">
        <ele>4</ele>
      </trkpt>
      <trkpt lat="47.54855" lon="-2.91589">
        <ele>4</ele>
      </trkpt>
      <trkpt lat="47.54869" lon="-2.91563">
        <ele>1</ele>
      </trkpt>
      <trkpt lat="47.54883" lon="-2.91538">
        <ele>0</ele>
      </trkpt>
      <trkpt lat="47.54905" lon="-2.91558">
        <ele>0</ele>
      </trkpt>
      <trkpt lat="47.54927" lon="-2.91578">
        <ele>0</ele>
      </trkpt>
      <trkpt lat="47.54947" lon="-2.91594">
        <ele>0</ele>
      </trkpt>
      <trkpt lat="47.54968" lon="-2.91611">
        <ele>0</ele>
      </trkpt>
      <trkpt lat="47.54988" lon="-2.91627">
        <ele>0</ele>
      </trkpt>
      <trkpt lat="47.55008" lon="-2.91643">
        <ele>0</ele>
      </trkpt>
      <trkpt lat="47.55029" lon="-2.9166">
        <ele>0</ele>
      </trkpt>
      <trkpt lat="47.55049" lon="-2.91676">
        <ele>0</ele>
      </trkpt>
      <trkpt lat="47.5507" lon="-2.91693">
        <ele>0</ele>
      </trkpt>
      <trkpt lat="47.5509" lon="-2.91709">
        <ele>0</ele>
      </trkpt>
      <trkpt lat="47.5511" lon="-2.91727">
        <ele>0</ele>
      </trkpt>
      <trkpt lat="47.55131" lon="-2.91744">
        <ele>0</ele>
      </trkpt>
      <trkpt lat="47.55151" lon="-2.91762">
        <ele>0</ele>
      </trkpt>
      <trkpt lat="47.55172" lon="-2.9178">
        <ele>0</ele>
      </trkpt>
      <trkpt lat="47.55192" lon="-2.91798">
        <ele>0</ele>
      </trkpt>
      <trkpt lat="47.55212" lon="-2.91815">
        <ele>0</ele>
      </trkpt>
      <trkpt lat="47.55233" lon="-2.91833">
        <ele>0</ele>
      </trkpt>
      <trkpt lat="47.55253" lon="-2.91851">
        <ele>0</ele>
      </trkpt>
      <trkpt lat="47.55266" lon="-2.91863">
        <ele>0</ele>
      </trkpt>
      <trkpt lat="47.55279" lon="-2.91874">
        <ele>0</ele>
      </trkpt>
      <trkpt lat="47.55292" lon="-2.91886">
        <ele>0</ele>
      </trkpt>
      <trkpt lat="47.55304" lon="-2.91897">
        <ele>0</ele>
      </trkpt>
      <trkpt lat="47.55317" lon="-2.91909">
        <ele>0</ele>
      </trkpt>
      <trkpt lat="47.5533" lon="-2.91921">
        <ele>0</ele>
      </trkpt>
      <trkpt lat="47.55343" lon="-2.91932">
        <ele>0</ele>
      </trkpt>
      <trkpt lat="47.55356" lon="-2.91944">
        <ele>0</ele>
      </trkpt>
      <trkpt lat="47.55371" lon="-2.91956">
        <ele>0</ele>
      </trkpt>
      <trkpt lat="47.55385" lon="-2.91968">
        <ele>0</ele>
      </trkpt>
      <trkpt lat="47.554" lon="-2.9198">
        <ele>0</ele>
      </trkpt>
      <trkpt lat="47.55415" lon="-2.91992">
        <ele>0</ele>
      </trkpt>
      <trkpt lat="47.5543" lon="-2.92005">
        <ele>0</ele>
      </trkpt>
      <trkpt lat="47.55445" lon="-2.92018">
        <ele>0</ele>
      </trkpt>
      <trkpt lat="47.55459" lon="-2.92031">
        <ele>0</ele>
      </trkpt>
      <trkpt lat="47.55474" lon="-2.92043">
        <ele>0</ele>
      </trkpt>
      <trkpt lat="47.55489" lon="-2.92056">
        <ele>0</ele>
      </trkpt>
      <trkpt lat="47.55503" lon="-2.92069">
        <ele>0</ele>
      </trkpt>
      <trkpt lat="47.55518" lon="-2.92082">
        <ele>0</ele>
      </trkpt>
      <trkpt lat="47.55533" lon="-2.92095">
        <ele>0</ele>
      </trkpt>
      <trkpt lat="47.55549" lon="-2.92108">
        <ele>0</ele>
      </trkpt>
      <trkpt lat="47.55565" lon="-2.92121">
        <ele>0</ele>
      </trkpt>
      <trkpt lat="47.5558" lon="-2.92134">
        <ele>0</ele>
      </trkpt>
      <trkpt lat="47.55596" lon="-2.92148">
        <ele>0</ele>
      </trkpt>
      <trkpt lat="47.55612" lon="-2.92161">
        <ele>0</ele>
      </trkpt>
      <trkpt lat="47.55628" lon="-2.92174">
        <ele>0</ele>
      </trkpt>
      <trkpt lat="47.55644" lon="-2.92187">
        <ele>0</ele>
      </trkpt>
      <trkpt lat="47.5566" lon="-2.922">
        <ele>0</ele>
      </trkpt>
      <trkpt lat="47.55675" lon="-2.92213">
        <ele>0</ele>
      </trkpt>
      <trkpt lat="47.55691" lon="-2.92226">
        <ele>0</ele>
      </trkpt>
      <trkpt lat="47.55707" lon="-2.92239">
        <ele>0</ele>
      </trkpt>
      <trkpt lat="47.55723" lon="-2.92252">
        <ele>0</ele>
      </trkpt>
      <trkpt lat="47.55739" lon="-2.92266">
        <ele>0</ele>
      </trkpt>
      <trkpt lat="47.55754" lon="-2.92279">
        <ele>0</ele>
      </trkpt>
      <trkpt lat="47.5577" lon="-2.92292">
        <ele>0</ele>
      </trkpt>
      <trkpt lat="47.55786" lon="-2.92305">
        <ele>0</ele>
      </trkpt>
      <trkpt lat="47.55798" lon="-2.92316">
        <ele>0</ele>
      </trkpt>
      <trkpt lat="47.55809" lon="-2.92326">
        <ele>0</ele>
      </trkpt>
      <trkpt lat="47.55821" lon="-2.92337">
        <ele>0</ele>
      </trkpt>
      <trkpt lat="47.55833" lon="-2.92348">
        <ele>0</ele>
      </trkpt>
      <trkpt lat="47.55852" lon="-2.92364">
        <ele>0</ele>
      </trkpt>
      <trkpt lat="47.55872" lon="-2.9238">
        <ele>0</ele>
      </trkpt>
      <trkpt lat="47.55891" lon="-2.92397">
        <ele>0</ele>
      </trkpt>
      <trkpt lat="47.55911" lon="-2.92413">
        <ele>0</ele>
      </trkpt>
      <trkpt lat="47.5593" lon="-2.92431">
        <ele>0</ele>
      </trkpt>
      <trkpt lat="47.5595" lon="-2.92448">
        <ele>0</ele>
      </trkpt>
      <trkpt lat="47.55969" lon="-2.92466">
        <ele>0</ele>
      </trkpt>
      <trkpt lat="47.55988" lon="-2.92483">
        <ele>0</ele>
      </trkpt>
      <trkpt lat="47.56008" lon="-2.92501">
        <ele>0</ele>
      </trkpt>
      <trkpt lat="47.56027" lon="-2.92519">
        <ele>0</ele>
      </trkpt>
      <trkpt lat="47.56047" lon="-2.92536">
        <ele>0</ele>
      </trkpt>
      <trkpt lat="47.56066" lon="-2.92554">
        <ele>0</ele>
      </trkpt>
      <trkpt lat="47.56083" lon="-2.92567">
        <ele>0</ele>
      </trkpt>
      <trkpt lat="47.561" lon="-2.9258">
        <ele>0</ele>
      </trkpt>
      <trkpt lat="47.56117" lon="-2.92593">
        <ele>0</ele>
      </trkpt>
      <trkpt lat="47.56133" lon="-2.92606">
        <ele>0</ele>
      </trkpt>
      <trkpt lat="47.5615" lon="-2.92619">
        <ele>0</ele>
      </trkpt>
      <trkpt lat="47.56167" lon="-2.92632">
        <ele>0</ele>
      </trkpt>
      <trkpt lat="47.56184" lon="-2.92645">
        <ele>0</ele>
      </trkpt>
      <trkpt lat="47.56201" lon="-2.92658">
        <ele>0</ele>
      </trkpt>
      <trkpt lat="47.56223" lon="-2.92676">
        <ele>0</ele>
      </trkpt>
      <trkpt lat="47.56245" lon="-2.92695">
        <ele>0</ele>
      </trkpt>
      <trkpt lat="47.56268" lon="-2.92713">
        <ele>0</ele>
      </trkpt>
      <trkpt lat="47.5629" lon="-2.92732">
        <ele>0</ele>
      </trkpt>
      <trkpt lat="47.56312" lon="-2.92751">
        <ele>0</ele>
      </trkpt>
      <trkpt lat="47.56334" lon="-2.92769">
        <ele>0</ele>
      </trkpt>
      <trkpt lat="47.56357" lon="-2.92788">
        <ele>0</ele>
      </trkpt>
      <trkpt lat="47.56379" lon="-2.92806">
        <ele>0</ele>
      </trkpt>
      <trkpt lat="47.56394" lon="-2.92817">
        <ele>0</ele>
      </trkpt>
      <trkpt lat="47.56409" lon="-2.92828">
        <ele>0</ele>
      </trkpt>
      <trkpt lat="47.56424" lon="-2.92839">
        <ele>0</ele>
      </trkpt>
      <trkpt lat="47.56439" lon="-2.9285">
        <ele>0</ele>
      </trkpt>
      <trkpt lat="47.56457" lon="-2.92865">
        <ele>0</ele>
      </trkpt>
      <trkpt lat="47.56474" lon="-2.9288">
        <ele>0</ele>
      </trkpt>
      <trkpt lat="47.56491" lon="-2.92895">
        <ele>0</ele>
      </trkpt>
      <trkpt lat="47.56509" lon="-2.9291">
        <ele>0</ele>
      </trkpt>
      <trkpt lat="47.56526" lon="-2.92925">
        <ele>0</ele>
      </trkpt>
      <trkpt lat="47.56544" lon="-2.9294">
        <ele>0</ele>
      </trkpt>
      <trkpt lat="47.56561" lon="-2.92955">
        <ele>0</ele>
      </trkpt>
      <trkpt lat="47.56579" lon="-2.9297">
        <ele>0</ele>
      </trkpt>
      <trkpt lat="47.56591" lon="-2.92982">
        <ele>0</ele>
      </trkpt>
      <trkpt lat="47.56603" lon="-2.92993">
        <ele>0</ele>
      </trkpt>
      <trkpt lat="47.56616" lon="-2.93005">
        <ele>0</ele>
      </trkpt>
      <trkpt lat="47.56628" lon="-2.93017">
        <ele>0</ele>
      </trkpt>
      <trkpt lat="47.5665" lon="-2.93036">
        <ele>0</ele>
      </trkpt>
      <trkpt lat="47.56672" lon="-2.93055">
        <ele>0</ele>
      </trkpt>
      <trkpt lat="47.56694" lon="-2.93071">
        <ele>0</ele>
      </trkpt>
      <trkpt lat="47.56715" lon="-2.93087">
        <ele>0</ele>
      </trkpt>
      <trkpt lat="47.56736" lon="-2.931">
        <ele>0</ele>
      </trkpt>
      <trkpt lat="47.56757" lon="-2.93114">
        <ele>0</ele>
      </trkpt>
      <trkpt lat="47.56773" lon="-2.93125">
        <ele>0</ele>
      </trkpt>
      <trkpt lat="47.56789" lon="-2.93136">
        <ele>0</ele>
      </trkpt>
      <trkpt lat="47.56805" lon="-2.93148">
        <ele>0</ele>
      </trkpt>
      <trkpt lat="47.56821" lon="-2.93159">
        <ele>0</ele>
      </trkpt>
      <trkpt lat="47.56837" lon="-2.9317">
        <ele>0</ele>
      </trkpt>
      <trkpt lat="47.56853" lon="-2.93182">
        <ele>0</ele>
      </trkpt>
      <trkpt lat="47.56869" lon="-2.93193">
        <ele>0</ele>
      </trkpt>
      <trkpt lat="47.56885" lon="-2.93204">
        <ele>0</ele>
      </trkpt>
      <trkpt lat="47.56876" lon="-2.93241">
        <ele>0</ele>
      </trkpt>
      <trkpt lat="47.56867" lon="-2.93278">
        <ele>0</ele>
      </trkpt>
      <trkpt lat="47.56858" lon="-2.93315">
        <ele>0</ele>
      </trkpt>
      <trkpt lat="47.56849" lon="-2.93352">
        <ele>0</ele>
      </trkpt>
      <trkpt lat="47.56844" lon="-2.93388">
        <ele>0</ele>
      </trkpt>
      <trkpt lat="47.5684" lon="-2.93424">
        <ele>0</ele>
      </trkpt>
      <trkpt lat="47.56835" lon="-2.93461">
        <ele>0</ele>
      </trkpt>
      <trkpt lat="47.56831" lon="-2.93497">
        <ele>0</ele>
      </trkpt>
      <trkpt lat="47.56826" lon="-2.93533">
        <ele>0</ele>
      </trkpt>
      <trkpt lat="47.56822" lon="-2.93569">
        <ele>0</ele>
      </trkpt>
      <trkpt lat="47.56817" lon="-2.93606">
        <ele>0</ele>
      </trkpt>
      <trkpt lat="47.56813" lon="-2.93642">
        <ele>0</ele>
      </trkpt>
      <trkpt lat="47.56803" lon="-2.93661">
        <ele>0</ele>
      </trkpt>
      <trkpt lat="47.56793" lon="-2.9368">
        <ele>0</ele>
      </trkpt>
      <trkpt lat="47.56772" lon="-2.93701">
        <ele>4</ele>
      </trkpt>
      <trkpt lat="47.56758" lon="-2.9371">
        <ele>4</ele>
      </trkpt>
      <trkpt lat="47.56744" lon="-2.9372">
        <ele>4</ele>
      </trkpt>
      <trkpt lat="47.56731" lon="-2.93729">
        <ele>4</ele>
      </trkpt>
      <trkpt lat="47.56717" lon="-2.93738">
        <ele>4</ele>
      </trkpt>
      <trkpt lat="47.56724" lon="-2.93753">
        <ele>4</ele>
      </trkpt>
      <trkpt lat="47.56728" lon="-2.93784">
        <ele>4</ele>
      </trkpt>
      <trkpt lat="47.56732" lon="-2.93815">
        <ele>4</ele>
      </trkpt>
      <trkpt lat="47.56736" lon="-2.93846">
        <ele>4</ele>
      </trkpt>
      <trkpt lat="47.5674" lon="-2.93877">
        <ele>4</ele>
      </trkpt>
      <trkpt lat="47.56736" lon="-2.93903">
        <ele>4</ele>
      </trkpt>
      <trkpt lat="47.56738" lon="-2.93925">
        <ele>4</ele>
      </trkpt>
      <trkpt lat="47.56736" lon="-2.93945">
        <ele>4</ele>
      </trkpt>
      <trkpt lat="47.56731" lon="-2.93958">
        <ele>5</ele>
      </trkpt>
      <trkpt lat="47.56725" lon="-2.93963">
        <ele>5</ele>
      </trkpt>
      <trkpt lat="47.56719" lon="-2.93989">
        <ele>5</ele>
      </trkpt>
      <trkpt lat="47.56714" lon="-2.94014">
        <ele>5</ele>
      </trkpt>
      <trkpt lat="47.56719" lon="-2.94037">
        <ele>5</ele>
      </trkpt>
      <trkpt lat="47.56723" lon="-2.94061">
        <ele>5</ele>
      </trkpt>
      <trkpt lat="47.56738" lon="-2.9408">
        <ele>3</ele>
      </trkpt>
      <trkpt lat="47.56748" lon="-2.94107">
        <ele>3</ele>
      </trkpt>
      <trkpt lat="47.56758" lon="-2.94133">
        <ele>3</ele>
      </trkpt>
      <trkpt lat="47.56769" lon="-2.94157">
        <ele>3</ele>
      </trkpt>
      <trkpt lat="47.5678" lon="-2.94182">
        <ele>3</ele>
      </trkpt>
      <trkpt lat="47.56763" lon="-2.94205">
        <ele>4</ele>
      </trkpt>
      <trkpt lat="47.56781" lon="-2.9422">
        <ele>4</ele>
      </trkpt>
      <trkpt lat="47.56795" lon="-2.94226">
        <ele>4</ele>
      </trkpt>
      <trkpt lat="47.56808" lon="-2.94232">
        <ele>4</ele>
      </trkpt>
      <trkpt lat="47.56827" lon="-2.94257">
        <ele>4</ele>
      </trkpt>
      <trkpt lat="47.56847" lon="-2.94282">
        <ele>3</ele>
      </trkpt>
      <trkpt lat="47.56853" lon="-2.94273">
        <ele>3</ele>
      </trkpt>
      <trkpt lat="47.56867" lon="-2.94264">
        <ele>3</ele>
      </trkpt>
      <trkpt lat="47.56887" lon="-2.94279">
        <ele>3</ele>
      </trkpt>
      <trkpt lat="47.56908" lon="-2.94294">
        <ele>3</ele>
      </trkpt>
      <trkpt lat="47.56901" lon="-2.94313">
        <ele>3</ele>
      </trkpt>
      <trkpt lat="47.56904" lon="-2.94322">
        <ele>3</ele>
      </trkpt>
      <trkpt lat="47.5692" lon="-2.94335">
        <ele>3</ele>
      </trkpt>
      <trkpt lat="47.56928" lon="-2.94335">
        <ele>3</ele>
      </trkpt>
      <trkpt lat="47.56937" lon="-2.94318">
        <ele>3</ele>
      </trkpt>
      <trkpt lat="47.56946" lon="-2.94301">
        <ele>3</ele>
      </trkpt>
      <trkpt lat="47.56963" lon="-2.9431">
        <ele>3</ele>
      </trkpt>
      <trkpt lat="47.56979" lon="-2.94319">
        <ele>3</ele>
      </trkpt>
      <trkpt lat="47.56976" lon="-2.94339">
        <ele>3</ele>
      </trkpt>
      <trkpt lat="47.56991" lon="-2.9435">
        <ele>3</ele>
      </trkpt>
      <trkpt lat="47.56993" lon="-2.94385">
        <ele>4</ele>
      </trkpt>
      <trkpt lat="47.57014" lon="-2.94396">
        <ele>5</ele>
      </trkpt>
      <trkpt lat="47.57034" lon="-2.94408">
        <ele>5</ele>
      </trkpt>
      <trkpt lat="47.57039" lon="-2.94402">
        <ele>5</ele>
      </trkpt>
      <trkpt lat="47.57059" lon="-2.94406">
        <ele>5</ele>
      </trkpt>
      <trkpt lat="47.57079" lon="-2.9442">
        <ele>5</ele>
      </trkpt>
      <trkpt lat="47.57092" lon="-2.94422">
        <ele>5</ele>
      </trkpt>
      <trkpt lat="47.57101" lon="-2.94432">
        <ele>5</ele>
      </trkpt>
      <trkpt lat="47.57105" lon="-2.94449">
        <ele>5</ele>
      </trkpt>
      <trkpt lat="47.57098" lon="-2.94458">
        <ele>5</ele>
      </trkpt>
      <trkpt lat="47.57096" lon="-2.94483">
        <ele>5</ele>
      </trkpt>
      <trkpt lat="47.57094" lon="-2.94508">
        <ele>5</ele>
      </trkpt>
      <trkpt lat="47.57078" lon="-2.94527">
        <ele>5</ele>
      </trkpt>
      <trkpt lat="47.57062" lon="-2.94547">
        <ele>5</ele>
      </trkpt>
      <trkpt lat="47.57076" lon="-2.94555">
        <ele>5</ele>
      </trkpt>
      <trkpt lat="47.57091" lon="-2.94562">
        <ele>5</ele>
      </trkpt>
      <trkpt lat="47.57106" lon="-2.9457">
        <ele>4</ele>
      </trkpt>
      <trkpt lat="47.5712" lon="-2.94578">
        <ele>4</ele>
      </trkpt>
      <trkpt lat="47.57131" lon="-2.94593">
        <ele>3</ele>
      </trkpt>
      <trkpt lat="47.57147" lon="-2.94605">
        <ele>3</ele>
      </trkpt>
      <trkpt lat="47.57164" lon="-2.94618">
        <ele>3</ele>
      </trkpt>
      <trkpt lat="47.5718" lon="-2.9463">
        <ele>3</ele>
      </trkpt>
      <trkpt lat="47.57197" lon="-2.94642">
        <ele>3</ele>
      </trkpt>
      <trkpt lat="47.57212" lon="-2.94641">
        <ele>3</ele>
      </trkpt>
      <trkpt lat="47.57228" lon="-2.9464">
        <ele>3</ele>
      </trkpt>
      <trkpt lat="47.57243" lon="-2.94639">
        <ele>3</ele>
      </trkpt>
      <trkpt lat="47.57259" lon="-2.94638">
        <ele>3</ele>
      </trkpt>
      <trkpt lat="47.57274" lon="-2.9463">
        <ele>3</ele>
      </trkpt>
      <trkpt lat="47.57288" lon="-2.94609">
        <ele>3</ele>
      </trkpt>
      <trkpt lat="47.57295" lon="-2.94587">
        <ele>3</ele>
      </trkpt>
      <trkpt lat="47.57302" lon="-2.94565">
        <ele>3</ele>
      </trkpt>
      <trkpt lat="47.57315" lon="-2.94572">
        <ele>3</ele>
      </trkpt>
      <trkpt lat="47.57315" lon="-2.94579">
        <ele>4</ele>
      </trkpt>
      <trkpt lat="47.57338" lon="-2.94586">
        <ele>4</ele>
      </trkpt>
      <trkpt lat="47.5734" lon="-2.94582">
        <ele>4</ele>
      </trkpt>
      <trkpt lat="47.57361" lon="-2.94572">
        <ele>5</ele>
      </trkpt>
      <trkpt lat="47.57367" lon="-2.94565">
        <ele>5</ele>
      </trkpt>
      <trkpt lat="47.57387" lon="-2.94555">
        <ele>5</ele>
      </trkpt>
      <trkpt lat="47.57402" lon="-2.94551">
        <ele>5</ele>
      </trkpt>
      <trkpt lat="47.57424" lon="-2.94529">
        <ele>5</ele>
      </trkpt>
      <trkpt lat="47.57439" lon="-2.94518">
        <ele>5</ele>
      </trkpt>
      <trkpt lat="47.57454" lon="-2.94507">
        <ele>5</ele>
      </trkpt>
      <trkpt lat="47.57457" lon="-2.94507">
        <ele>5</ele>
      </trkpt>
      <trkpt lat="47.57467" lon="-2.94514">
        <ele>5</ele>
      </trkpt>
      <trkpt lat="47.57479" lon="-2.94535">
        <ele>5</ele>
      </trkpt>
      <trkpt lat="47.57489" lon="-2.94544">
        <ele>5</ele>
      </trkpt>
      <trkpt lat="47.57505" lon="-2.94548">
        <ele>5</ele>
      </trkpt>
      <trkpt lat="47.57509" lon="-2.94547">
        <ele>6</ele>
      </trkpt>
      <trkpt lat="47.57529" lon="-2.94565">
        <ele>5</ele>
      </trkpt>
      <trkpt lat="47.57543" lon="-2.94571">
        <ele>5</ele>
      </trkpt>
      <trkpt lat="47.57556" lon="-2.94577">
        <ele>5</ele>
      </trkpt>
      <trkpt lat="47.57562" lon="-2.94587">
        <ele>5</ele>
      </trkpt>
      <trkpt lat="47.57566" lon="-2.94588">
        <ele>5</ele>
      </trkpt>
      <trkpt lat="47.57574" lon="-2.94578">
        <ele>5</ele>
      </trkpt>
      <trkpt lat="47.57585" lon="-2.94579">
        <ele>5</ele>
      </trkpt>
      <trkpt lat="47.57586" lon="-2.94573">
        <ele>4</ele>
      </trkpt>
      <trkpt lat="47.576" lon="-2.94573">
        <ele>4</ele>
      </trkpt>
      <trkpt lat="47.57606" lon="-2.94577">
        <ele>4</ele>
      </trkpt>
      <trkpt lat="47.57613" lon="-2.94596">
        <ele>3</ele>
      </trkpt>
      <trkpt lat="47.5762" lon="-2.94607">
        <ele>3</ele>
      </trkpt>
      <trkpt lat="47.57632" lon="-2.94618">
        <ele>3</ele>
      </trkpt>
      <trkpt lat="47.57644" lon="-2.94629">
        <ele>3</ele>
      </trkpt>
      <trkpt lat="47.57663" lon="-2.94641">
        <ele>4</ele>
      </trkpt>
      <trkpt lat="47.5767" lon="-2.94649">
        <ele>4</ele>
      </trkpt>
      <trkpt lat="47.57681" lon="-2.94653">
        <ele>4</ele>
      </trkpt>
      <trkpt lat="47.57702" lon="-2.94656">
        <ele>4</ele>
      </trkpt>
      <trkpt lat="47.57712" lon="-2.94644">
        <ele>4</ele>
      </trkpt>
      <trkpt lat="47.57726" lon="-2.9465">
        <ele>4</ele>
      </trkpt>
      <trkpt lat="47.57737" lon="-2.9467">
        <ele>4</ele>
      </trkpt>
      <trkpt lat="47.57747" lon="-2.94689">
        <ele>4</ele>
      </trkpt>
      <trkpt lat="47.57763" lon="-2.94708">
        <ele>4</ele>
      </trkpt>
      <trkpt lat="47.57776" lon="-2.94716">
        <ele>4</ele>
      </trkpt>
      <trkpt lat="47.57789" lon="-2.94724">
        <ele>4</ele>
      </trkpt>
      <trkpt lat="47.57805" lon="-2.94724">
        <ele>3</ele>
      </trkpt>
      <trkpt lat="47.57822" lon="-2.94724">
        <ele>3</ele>
      </trkpt>
      <trkpt lat="47.57835" lon="-2.94729">
        <ele>3</ele>
      </trkpt>
      <trkpt lat="47.5785" lon="-2.94729">
        <ele>3</ele>
      </trkpt>
      <trkpt lat="47.57866" lon="-2.94729">
        <ele>3</ele>
      </trkpt>
      <trkpt lat="47.57874" lon="-2.94738">
        <ele>3</ele>
      </trkpt>
      <trkpt lat="47.57889" lon="-2.94742">
        <ele>3</ele>
      </trkpt>
      <trkpt lat="47.57904" lon="-2.94747">
        <ele>3</ele>
      </trkpt>
      <trkpt lat="47.5792" lon="-2.94761">
        <ele>4</ele>
      </trkpt>
      <trkpt lat="47.57932" lon="-2.94778">
        <ele>4</ele>
      </trkpt>
      <trkpt lat="47.57936" lon="-2.94792">
        <ele>4</ele>
      </trkpt>
      <trkpt lat="47.57928" lon="-2.94822">
        <ele>4</ele>
      </trkpt>
      <trkpt lat="47.57931" lon="-2.94855">
        <ele>4</ele>
      </trkpt>
      <trkpt lat="47.57927" lon="-2.94866">
        <ele>4</ele>
      </trkpt>
      <trkpt lat="47.57925" lon="-2.94882">
        <ele>4</ele>
      </trkpt>
      <trkpt lat="47.57927" lon="-2.94914">
        <ele>4</ele>
      </trkpt>
      <trkpt lat="47.57929" lon="-2.94945">
        <ele>4</ele>
      </trkpt>
      <trkpt lat="47.57926" lon="-2.9496">
        <ele>3</ele>
      </trkpt>
      <trkpt lat="47.57917" lon="-2.94966">
        <ele>3</ele>
      </trkpt>
      <trkpt lat="47.5791" lon="-2.94983">
        <ele>3</ele>
      </trkpt>
      <trkpt lat="47.57905" lon="-2.95012">
        <ele>3</ele>
      </trkpt>
      <trkpt lat="47.57902" lon="-2.95018">
        <ele>3</ele>
      </trkpt>
      <trkpt lat="47.57903" lon="-2.9504">
        <ele>3</ele>
      </trkpt>
      <trkpt lat="47.57905" lon="-2.95061">
        <ele>3</ele>
      </trkpt>
      <trkpt lat="47.57906" lon="-2.95083">
        <ele>3</ele>
      </trkpt>
      <trkpt lat="47.57908" lon="-2.95105">
        <ele>3</ele>
      </trkpt>
      <trkpt lat="47.57909" lon="-2.95127">
        <ele>3</ele>
      </trkpt>
      <trkpt lat="47.5791" lon="-2.95148">
        <ele>3</ele>
      </trkpt>
      <trkpt lat="47.57912" lon="-2.9517">
        <ele>4</ele>
      </trkpt>
      <trkpt lat="47.57913" lon="-2.95192">
        <ele>4</ele>
      </trkpt>
      <trkpt lat="47.57909" lon="-2.95216">
        <ele>4</ele>
      </trkpt>
      <trkpt lat="47.57905" lon="-2.9524">
        <ele>4</ele>
      </trkpt>
      <trkpt lat="47.57909" lon="-2.95267">
        <ele>4</ele>
      </trkpt>
      <trkpt lat="47.57917" lon="-2.95293">
        <ele>3</ele>
      </trkpt>
      <trkpt lat="47.57916" lon="-2.95307">
        <ele>3</ele>
      </trkpt>
      <trkpt lat="47.57919" lon="-2.9533">
        <ele>3</ele>
      </trkpt>
      <trkpt lat="47.57928" lon="-2.9535">
        <ele>4</ele>
      </trkpt>
      <trkpt lat="47.57938" lon="-2.9537">
        <ele>4</ele>
      </trkpt>
      <trkpt lat="47.57939" lon="-2.95399">
        <ele>4</ele>
      </trkpt>
      <trkpt lat="47.5794" lon="-2.95427">
        <ele>4</ele>
      </trkpt>
      <trkpt lat="47.57939" lon="-2.95451">
        <ele>4</ele>
      </trkpt>
      <trkpt lat="47.57937" lon="-2.95476">
        <ele>4</ele>
      </trkpt>
      <trkpt lat="47.57935" lon="-2.955">
        <ele>4</ele>
      </trkpt>
      <trkpt lat="47.57934" lon="-2.95524">
        <ele>4</ele>
      </trkpt>
      <trkpt lat="47.57939" lon="-2.95545">
        <ele>3</ele>
      </trkpt>
      <trkpt lat="47.57944" lon="-2.95567">
        <ele>3</ele>
      </trkpt>
      <trkpt lat="47.57942" lon="-2.95575">
        <ele>3</ele>
      </trkpt>
      <trkpt lat="47.57946" lon="-2.95598">
        <ele>3</ele>
      </trkpt>
      <trkpt lat="47.5795" lon="-2.95621">
        <ele>3</ele>
      </trkpt>
      <trkpt lat="47.57955" lon="-2.95637">
        <ele>3</ele>
      </trkpt>
      <trkpt lat="47.57962" lon="-2.95647">
        <ele>3</ele>
      </trkpt>
      <trkpt lat="47.57963" lon="-2.95655">
        <ele>3</ele>
      </trkpt>
      <trkpt lat="47.57977" lon="-2.95662">
        <ele>3</ele>
      </trkpt>
      <trkpt lat="47.57978" lon="-2.9567">
        <ele>3</ele>
      </trkpt>
      <trkpt lat="47.57986" lon="-2.95677">
        <ele>3</ele>
      </trkpt>
      <trkpt lat="47.58008" lon="-2.9569">
        <ele>3</ele>
      </trkpt>
      <trkpt lat="47.58012" lon="-2.95697">
        <ele>3</ele>
      </trkpt>
      <trkpt lat="47.58028" lon="-2.95712">
        <ele>4</ele>
      </trkpt>
      <trkpt lat="47.58043" lon="-2.95738">
        <ele>4</ele>
      </trkpt>
      <trkpt lat="47.58052" lon="-2.95747">
        <ele>5</ele>
      </trkpt>
      <trkpt lat="47.5805" lon="-2.95752">
        <ele>5</ele>
      </trkpt>
      <trkpt lat="47.58054" lon="-2.95757">
        <ele>5</ele>
      </trkpt>
      <trkpt lat="47.58033" lon="-2.95777">
        <ele>5</ele>
      </trkpt>
      <trkpt lat="47.58013" lon="-2.95797">
        <ele>4</ele>
      </trkpt>
      <trkpt lat="47.58025" lon="-2.95808">
        <ele>4</ele>
      </trkpt>
      <trkpt lat="47.58037" lon="-2.95819">
        <ele>4</ele>
      </trkpt>
      <trkpt lat="47.58059" lon="-2.95833">
        <ele>4</ele>
      </trkpt>
      <trkpt lat="47.58073" lon="-2.95851">
        <ele>3</ele>
      </trkpt>
      <trkpt lat="47.58074" lon="-2.95875">
        <ele>3</ele>
      </trkpt>
      <trkpt lat="47.58075" lon="-2.95899">
        <ele>3</ele>
      </trkpt>
      <trkpt lat="47.58082" lon="-2.9593">
        <ele>3</ele>
      </trkpt>
      <trkpt lat="47.58092" lon="-2.9596">
        <ele>3</ele>
      </trkpt>
      <trkpt lat="47.58102" lon="-2.95967">
        <ele>3</ele>
      </trkpt>
      <trkpt lat="47.58108" lon="-2.95961">
        <ele>3</ele>
      </trkpt>
      <trkpt lat="47.58118" lon="-2.95975">
        <ele>3</ele>
      </trkpt>
      <trkpt lat="47.58128" lon="-2.95989">
        <ele>3</ele>
      </trkpt>
      <trkpt lat="47.58127" lon="-2.95996">
        <ele>3</ele>
      </trkpt>
      <trkpt lat="47.58131" lon="-2.96004">
        <ele>4</ele>
      </trkpt>
      <trkpt lat="47.58147" lon="-2.96014">
        <ele>4</ele>
      </trkpt>
      <trkpt lat="47.58164" lon="-2.96023">
        <ele>4</ele>
      </trkpt>
      <trkpt lat="47.5818" lon="-2.96025">
        <ele>4</ele>
      </trkpt>
      <trkpt lat="47.58192" lon="-2.96019">
        <ele>4</ele>
      </trkpt>
      <trkpt lat="47.58201" lon="-2.96022">
        <ele>4</ele>
      </trkpt>
      <trkpt lat="47.58205" lon="-2.96026">
        <ele>4</ele>
      </trkpt>
      <trkpt lat="47.5821" lon="-2.9604">
        <ele>5</ele>
      </trkpt>
      <trkpt lat="47.58218" lon="-2.96049">
        <ele>5</ele>
      </trkpt>
      <trkpt lat="47.58234" lon="-2.96044">
        <ele>5</ele>
      </trkpt>
      <trkpt lat="47.58244" lon="-2.96049">
        <ele>6</ele>
      </trkpt>
      <trkpt lat="47.58253" lon="-2.96066">
        <ele>6</ele>
      </trkpt>
      <trkpt lat="47.58259" lon="-2.96086">
        <ele>6</ele>
      </trkpt>
      <trkpt lat="47.58266" lon="-2.9609">
        <ele>6</ele>
      </trkpt>
      <trkpt lat="47.58275" lon="-2.96088">
        <ele>6</ele>
      </trkpt>
      <trkpt lat="47.58285" lon="-2.96091">
        <ele>6</ele>
      </trkpt>
      <trkpt lat="47.58289" lon="-2.96093">
        <ele>6</ele>
      </trkpt>
      <trkpt lat="47.58296" lon="-2.96104">
        <ele>5</ele>
      </trkpt>
      <trkpt lat="47.58307" lon="-2.96127">
        <ele>5</ele>
      </trkpt>
      <trkpt lat="47.58305" lon="-2.96144">
        <ele>5</ele>
      </trkpt>
      <trkpt lat="47.58316" lon="-2.96171">
        <ele>4</ele>
      </trkpt>
      <trkpt lat="47.58329" lon="-2.96186">
        <ele>4</ele>
      </trkpt>
      <trkpt lat="47.58342" lon="-2.96202">
        <ele>4</ele>
      </trkpt>
      <trkpt lat="47.58357" lon="-2.96215">
        <ele>4</ele>
      </trkpt>
      <trkpt lat="47.58371" lon="-2.96228">
        <ele>4</ele>
      </trkpt>
      <trkpt lat="47.58386" lon="-2.96242">
        <ele>4</ele>
      </trkpt>
      <trkpt lat="47.58401" lon="-2.96255">
        <ele>4</ele>
      </trkpt>
      <trkpt lat="47.58417" lon="-2.96258">
        <ele>4</ele>
      </trkpt>
      <trkpt lat="47.58425" lon="-2.96264">
        <ele>4</ele>
      </trkpt>
      <trkpt lat="47.5845" lon="-2.96262">
        <ele>3</ele>
      </trkpt>
      <trkpt lat="47.58451" lon="-2.96277">
        <ele>3</ele>
      </trkpt>
      <trkpt lat="47.58454" lon="-2.96283">
        <ele>3</ele>
      </trkpt>
      <trkpt lat="47.58463" lon="-2.96287">
        <ele>3</ele>
      </trkpt>
      <trkpt lat="47.58468" lon="-2.96287">
        <ele>3</ele>
      </trkpt>
      <trkpt lat="47.58486" lon="-2.96266">
        <ele>3</ele>
      </trkpt>
      <trkpt lat="47.58495" lon="-2.96269">
        <ele>3</ele>
      </trkpt>
      <trkpt lat="47.58515" lon="-2.9627">
        <ele>3</ele>
      </trkpt>
      <trkpt lat="47.58535" lon="-2.96281">
        <ele>3</ele>
      </trkpt>
      <trkpt lat="47.58556" lon="-2.96292">
        <ele>4</ele>
      </trkpt>
      <trkpt lat="47.58574" lon="-2.96294">
        <ele>4</ele>
      </trkpt>
      <trkpt lat="47.58593" lon="-2.96301">
        <ele>4</ele>
      </trkpt>
      <trkpt lat="47.58612" lon="-2.96309">
        <ele>4</ele>
      </trkpt>
      <trkpt lat="47.58626" lon="-2.96319">
        <ele>4</ele>
      </trkpt>
      <trkpt lat="47.58639" lon="-2.96329">
        <ele>6</ele>
      </trkpt>
      <trkpt lat="47.58664" lon="-2.96341">
        <ele>7</ele>
      </trkpt>
      <trkpt lat="47.58677" lon="-2.96352">
        <ele>7</ele>
      </trkpt>
      <trkpt lat="47.58689" lon="-2.96364">
        <ele>7</ele>
      </trkpt>
      <trkpt lat="47.58702" lon="-2.96375">
        <ele>7</ele>
      </trkpt>
      <trkpt lat="47.58715" lon="-2.96386">
        <ele>7</ele>
      </trkpt>
      <trkpt lat="47.58729" lon="-2.96391">
        <ele>6</ele>
      </trkpt>
      <trkpt lat="47.58742" lon="-2.96396">
        <ele>6</ele>
      </trkpt>
      <trkpt lat="47.58765" lon="-2.96411">
        <ele>5</ele>
      </trkpt>
      <trkpt lat="47.58782" lon="-2.96433">
        <ele>4</ele>
      </trkpt>
      <trkpt lat="47.58796" lon="-2.96465">
        <ele>3</ele>
      </trkpt>
      <trkpt lat="47.58796" lon="-2.96495">
        <ele>3</ele>
      </trkpt>
      <trkpt lat="47.58817" lon="-2.96502">
        <ele>3</ele>
      </trkpt>
      <trkpt lat="47.58838" lon="-2.9651">
        <ele>3</ele>
      </trkpt>
      <trkpt lat="47.58855" lon="-2.96514">
        <ele>3</ele>
      </trkpt>
      <trkpt lat="47.58873" lon="-2.96518">
        <ele>3</ele>
      </trkpt>
      <trkpt lat="47.5889" lon="-2.96521">
        <ele>3</ele>
      </trkpt>
      <trkpt lat="47.58908" lon="-2.96525">
        <ele>4</ele>
      </trkpt>
      <trkpt lat="47.5893" lon="-2.96531">
        <ele>5</ele>
      </trkpt>
      <trkpt lat="47.58952" lon="-2.96537">
        <ele>6</ele>
      </trkpt>
      <trkpt lat="47.58974" lon="-2.96543">
        <ele>7</ele>
      </trkpt>
      <trkpt lat="47.58997" lon="-2.96549">
        <ele>7</ele>
      </trkpt>
      <trkpt lat="47.59019" lon="-2.96555">
        <ele>7</ele>
      </trkpt>
      <trkpt lat="47.59041" lon="-2.96561">
        <ele>7</ele>
      </trkpt>
      <trkpt lat="47.59063" lon="-2.96567">
        <ele>7</ele>
      </trkpt>
      <trkpt lat="47.59085" lon="-2.96573">
        <ele>7</ele>
      </trkpt>
      <trkpt lat="47.59099" lon="-2.96592">
        <ele>7</ele>
      </trkpt>
      <trkpt lat="47.59113" lon="-2.96611">
        <ele>7</ele>
      </trkpt>
      <trkpt lat="47.59133" lon="-2.96623">
        <ele>7</ele>
      </trkpt>
      <trkpt lat="47.59152" lon="-2.96628">
        <ele>7</ele>
      </trkpt>
      <trkpt lat="47.59171" lon="-2.96634">
        <ele>7</ele>
      </trkpt>
      <trkpt lat="47.5919" lon="-2.96639">
        <ele>7</ele>
      </trkpt>
      <trkpt lat="47.59208" lon="-2.96645">
        <ele>7</ele>
      </trkpt>
      <trkpt lat="47.59227" lon="-2.9665">
        <ele>7</ele>
      </trkpt>
      <trkpt lat="47.59246" lon="-2.96655">
        <ele>7</ele>
      </trkpt>
      <trkpt lat="47.59265" lon="-2.96661">
        <ele>8</ele>
      </trkpt>
      <trkpt lat="47.59284" lon="-2.96666">
        <ele>8</ele>
      </trkpt>
      <trkpt lat="47.59295" lon="-2.96684">
        <ele>8</ele>
      </trkpt>
      <trkpt lat="47.59306" lon="-2.96701">
        <ele>9</ele>
      </trkpt>
      <trkpt lat="47.59317" lon="-2.96719">
        <ele>9</ele>
      </trkpt>
      <trkpt lat="47.59328" lon="-2.96736">
        <ele>9</ele>
      </trkpt>
      <trkpt lat="47.59329" lon="-2.96758">
        <ele>10</ele>
      </trkpt>
      <trkpt lat="47.5933" lon="-2.96779">
        <ele>10</ele>
      </trkpt>
      <trkpt lat="47.59331" lon="-2.968">
        <ele>11</ele>
      </trkpt>
      <trkpt lat="47.59332" lon="-2.96822">
        <ele>11</ele>
      </trkpt>
      <trkpt lat="47.59332" lon="-2.96844">
        <ele>11</ele>
      </trkpt>
      <trkpt lat="47.59333" lon="-2.96865">
        <ele>11</ele>
      </trkpt>
      <trkpt lat="47.59334" lon="-2.96887">
        <ele>11</ele>
      </trkpt>
      <trkpt lat="47.59335" lon="-2.96908">
        <ele>11</ele>
      </trkpt>
      <trkpt lat="47.59337" lon="-2.96934">
        <ele>10</ele>
      </trkpt>
      <trkpt lat="47.5934" lon="-2.9696">
        <ele>10</ele>
      </trkpt>
      <trkpt lat="47.59342" lon="-2.96986">
        <ele>9</ele>
      </trkpt>
      <trkpt lat="47.59344" lon="-2.97012">
        <ele>9</ele>
      </trkpt>
      <trkpt lat="47.59358" lon="-2.97029">
        <ele>9</ele>
      </trkpt>
      <trkpt lat="47.59372" lon="-2.97045">
        <ele>8</ele>
      </trkpt>
      <trkpt lat="47.59387" lon="-2.97062">
        <ele>8</ele>
      </trkpt>
      <trkpt lat="47.59401" lon="-2.97078">
        <ele>8</ele>
      </trkpt>
      <trkpt lat="47.59412" lon="-2.97091">
        <ele>8</ele>
      </trkpt>
      <trkpt lat="47.59422" lon="-2.97105">
        <ele>8</ele>
      </trkpt>
      <trkpt lat="47.59433" lon="-2.97119">
        <ele>8</ele>
      </trkpt>
      <trkpt lat="47.59444" lon="-2.97132">
        <ele>8</ele>
      </trkpt>
      <trkpt lat="47.59462" lon="-2.97159">
        <ele>9</ele>
      </trkpt>
      <trkpt lat="47.5948" lon="-2.97185">
        <ele>9</ele>
      </trkpt>
      <trkpt lat="47.59491" lon="-2.97203">
        <ele>9</ele>
      </trkpt>
      <trkpt lat="47.59502" lon="-2.97221">
        <ele>9</ele>
      </trkpt>
      <trkpt lat="47.59513" lon="-2.9724">
        <ele>10</ele>
      </trkpt>
      <trkpt lat="47.59524" lon="-2.97258">
        <ele>10</ele>
      </trkpt>
      <trkpt lat="47.59535" lon="-2.97276">
        <ele>10</ele>
      </trkpt>
      <trkpt lat="47.59546" lon="-2.97295">
        <ele>10</ele>
      </trkpt>
      <trkpt lat="47.59557" lon="-2.97313">
        <ele>11</ele>
      </trkpt>
      <trkpt lat="47.59568" lon="-2.97331">
        <ele>11</ele>
      </trkpt>
      <trkpt lat="47.59585" lon="-2.97357">
        <ele>11</ele>
      </trkpt>
      <trkpt lat="47.59602" lon="-2.97383">
        <ele>11</ele>
      </trkpt>
      <trkpt lat="47.59618" lon="-2.97408">
        <ele>10</ele>
      </trkpt>
      <trkpt lat="47.59635" lon="-2.97434">
        <ele>10</ele>
      </trkpt>
      <trkpt lat="47.59647" lon="-2.97456">
        <ele>10</ele>
      </trkpt>
      <trkpt lat="47.59659" lon="-2.97478">
        <ele>9</ele>
      </trkpt>
      <trkpt lat="47.59673" lon="-2.975">
        <ele>9</ele>
      </trkpt>
      <trkpt lat="47.59688" lon="-2.97523">
        <ele>9</ele>
      </trkpt>
      <trkpt lat="47.59705" lon="-2.97545">
        <ele>9</ele>
      </trkpt>
      <trkpt lat="47.59722" lon="-2.97567">
        <ele>9</ele>
      </trkpt>
      <trkpt lat="47.59745" lon="-2.97586">
        <ele>9</ele>
      </trkpt>
      <trkpt lat="47.59768" lon="-2.97604">
        <ele>10</ele>
      </trkpt>
      <trkpt lat="47.59786" lon="-2.97623">
        <ele>10</ele>
      </trkpt>
      <trkpt lat="47.59804" lon="-2.97642">
        <ele>10</ele>
      </trkpt>
      <trkpt lat="47.59822" lon="-2.97654">
        <ele>10</ele>
      </trkpt>
      <trkpt lat="47.59839" lon="-2.97667">
        <ele>10</ele>
      </trkpt>
      <trkpt lat="47.59857" lon="-2.9768">
        <ele>10</ele>
      </trkpt>
      <trkpt lat="47.59875" lon="-2.97692">
        <ele>11</ele>
      </trkpt>
      <trkpt lat="47.59894" lon="-2.97701">
        <ele>11</ele>
      </trkpt>
      <trkpt lat="47.59914" lon="-2.97706">
        <ele>12</ele>
      </trkpt>
      <trkpt lat="47.59934" lon="-2.97711">
        <ele>12</ele>
      </trkpt>
      <trkpt lat="47.59954" lon="-2.97719">
        <ele>13</ele>
      </trkpt>
      <trkpt lat="47.59974" lon="-2.97727">
        <ele>13</ele>
      </trkpt>
      <trkpt lat="47.59989" lon="-2.97734">
        <ele>13</ele>
      </trkpt>
      <trkpt lat="47.60003" lon="-2.97741">
        <ele>14</ele>
      </trkpt>
      <trkpt lat="47.60018" lon="-2.97749">
        <ele>14</ele>
      </trkpt>
      <trkpt lat="47.60032" lon="-2.97756">
        <ele>14</ele>
      </trkpt>
      <trkpt lat="47.60047" lon="-2.97763">
        <ele>14</ele>
      </trkpt>
      <trkpt lat="47.60062" lon="-2.97771">
        <ele>13</ele>
      </trkpt>
      <trkpt lat="47.60076" lon="-2.97778">
        <ele>12</ele>
      </trkpt>
      <trkpt lat="47.60091" lon="-2.97785">
        <ele>11</ele>
      </trkpt>
      <trkpt lat="47.60112" lon="-2.9779">
        <ele>10</ele>
      </trkpt>
      <trkpt lat="47.60134" lon="-2.97794">
        <ele>10</ele>
      </trkpt>
      <trkpt lat="47.60142" lon="-2.97813">
        <ele>10</ele>
      </trkpt>
      <trkpt lat="47.6015" lon="-2.97832">
        <ele>10</ele>
      </trkpt>
      <trkpt lat="47.60163" lon="-2.97858">
        <ele>11</ele>
      </trkpt>
      <trkpt lat="47.60176" lon="-2.97883">
        <ele>11</ele>
      </trkpt>
      <trkpt lat="47.60184" lon="-2.97908">
        <ele>11</ele>
      </trkpt>
      <trkpt lat="47.60192" lon="-2.97934">
        <ele>11</ele>
      </trkpt>
      <trkpt lat="47.60206" lon="-2.97964">
        <ele>11</ele>
      </trkpt>
      <trkpt lat="47.60221" lon="-2.97994">
        <ele>11</ele>
      </trkpt>
      <trkpt lat="47.60238" lon="-2.98018">
        <ele>10</ele>
      </trkpt>
      <trkpt lat="47.60255" lon="-2.98043">
        <ele>10</ele>
      </trkpt>
      <trkpt lat="47.60273" lon="-2.98067">
        <ele>10</ele>
      </trkpt>
      <trkpt lat="47.6029" lon="-2.98091">
        <ele>9</ele>
      </trkpt>
      <trkpt lat="47.60301" lon="-2.98123">
        <ele>9</ele>
      </trkpt>
      <trkpt lat="47.60314" lon="-2.98151">
        <ele>9</ele>
      </trkpt>
      <trkpt lat="47.60327" lon="-2.98179">
        <ele>9</ele>
      </trkpt>
      <trkpt lat="47.60321" lon="-2.98218">
        <ele>9</ele>
      </trkpt>
      <trkpt lat="47.60334" lon="-2.98238">
        <ele>10</ele>
      </trkpt>
      <trkpt lat="47.60346" lon="-2.98257">
        <ele>10</ele>
      </trkpt>
      <trkpt lat="47.60363" lon="-2.98264">
        <ele>11</ele>
      </trkpt>
      <trkpt lat="47.6038" lon="-2.98271">
        <ele>11</ele>
      </trkpt>
      <trkpt lat="47.60398" lon="-2.98277">
        <ele>12</ele>
      </trkpt>
      <trkpt lat="47.60415" lon="-2.98284">
        <ele>13</ele>
      </trkpt>
      <trkpt lat="47.60431" lon="-2.98294">
        <ele>13</ele>
      </trkpt>
      <trkpt lat="47.60448" lon="-2.98304">
        <ele>13</ele>
      </trkpt>
      <trkpt lat="47.60462" lon="-2.98317">
        <ele>13</ele>
      </trkpt>
      <trkpt lat="47.60477" lon="-2.98329">
        <ele>13</ele>
      </trkpt>
      <trkpt lat="47.60491" lon="-2.98341">
        <ele>13</ele>
      </trkpt>
      <trkpt lat="47.60505" lon="-2.98354">
        <ele>13</ele>
      </trkpt>
      <trkpt lat="47.60523" lon="-2.98361">
        <ele>12</ele>
      </trkpt>
      <trkpt lat="47.60541" lon="-2.98368">
        <ele>12</ele>
      </trkpt>
      <trkpt lat="47.60563" lon="-2.98367">
        <ele>12</ele>
      </trkpt>
      <trkpt lat="47.60585" lon="-2.98367">
        <ele>11</ele>
      </trkpt>
      <trkpt lat="47.60596" lon="-2.98386">
        <ele>10</ele>
      </trkpt>
      <trkpt lat="47.60607" lon="-2.98406">
        <ele>10</ele>
      </trkpt>
      <trkpt lat="47.60617" lon="-2.98425">
        <ele>9</ele>
      </trkpt>
      <trkpt lat="47.60628" lon="-2.98444">
        <ele>9</ele>
      </trkpt>
      <trkpt lat="47.6063" lon="-2.98459">
        <ele>9</ele>
      </trkpt>
      <trkpt lat="47.60622" lon="-2.98477">
        <ele>9</ele>
      </trkpt>
      <trkpt lat="47.60614" lon="-2.98495">
        <ele>9</ele>
      </trkpt>
      <trkpt lat="47.60632" lon="-2.98524">
        <ele>9</ele>
      </trkpt>
      <trkpt lat="47.6065" lon="-2.98553">
        <ele>9</ele>
      </trkpt>
      <trkpt lat="47.60668" lon="-2.98578">
        <ele>11</ele>
      </trkpt>
      <trkpt lat="47.60687" lon="-2.98603">
        <ele>13</ele>
      </trkpt>
      <trkpt lat="47.60702" lon="-2.98619">
        <ele>13</ele>
      </trkpt>
      <trkpt lat="47.60716" lon="-2.98636">
        <ele>14</ele>
      </trkpt>
      <trkpt lat="47.60729" lon="-2.98658">
        <ele>15</ele>
      </trkpt>
      <trkpt lat="47.60742" lon="-2.9868">
        <ele>15</ele>
      </trkpt>
      <trkpt lat="47.60747" lon="-2.98708">
        <ele>15</ele>
      </trkpt>
      <trkpt lat="47.60753" lon="-2.98737">
        <ele>15</ele>
      </trkpt>
      <trkpt lat="47.60754" lon="-2.98767">
        <ele>15</ele>
      </trkpt>
      <trkpt lat="47.60755" lon="-2.98798">
        <ele>15</ele>
      </trkpt>
      <trkpt lat="47.60766" lon="-2.98813">
        <ele>14</ele>
      </trkpt>
      <trkpt lat="47.60776" lon="-2.98828">
        <ele>14</ele>
      </trkpt>
      <trkpt lat="47.60787" lon="-2.98844">
        <ele>14</ele>
      </trkpt>
      <trkpt lat="47.60798" lon="-2.98859">
        <ele>14</ele>
      </trkpt>
      <trkpt lat="47.60808" lon="-2.98874">
        <ele>14</ele>
      </trkpt>
      <trkpt lat="47.60819" lon="-2.98889">
        <ele>14</ele>
      </trkpt>
      <trkpt lat="47.60829" lon="-2.98905">
        <ele>14</ele>
      </trkpt>
      <trkpt lat="47.6084" lon="-2.9892">
        <ele>14</ele>
      </trkpt>
      <trkpt lat="47.60842" lon="-2.98937">
        <ele>14</ele>
      </trkpt>
      <trkpt lat="47.60854" lon="-2.98949">
        <ele>14</ele>
      </trkpt>
      <trkpt lat="47.60868" lon="-2.98969">
        <ele>14</ele>
      </trkpt>
      <trkpt lat="47.60881" lon="-2.98989">
        <ele>14</ele>
      </trkpt>
      <trkpt lat="47.60895" lon="-2.99009">
        <ele>14</ele>
      </trkpt>
      <trkpt lat="47.60909" lon="-2.99029">
        <ele>14</ele>
      </trkpt>
      <trkpt lat="47.60922" lon="-2.9905">
        <ele>14</ele>
      </trkpt>
      <trkpt lat="47.60935" lon="-2.99071">
        <ele>14</ele>
      </trkpt>
      <trkpt lat="47.60945" lon="-2.99091">
        <ele>14</ele>
      </trkpt>
      <trkpt lat="47.60955" lon="-2.9911">
        <ele>14</ele>
      </trkpt>
      <trkpt lat="47.60965" lon="-2.9913">
        <ele>14</ele>
      </trkpt>
      <trkpt lat="47.60975" lon="-2.9915">
        <ele>14</ele>
      </trkpt>
      <trkpt lat="47.60985" lon="-2.99169">
        <ele>15</ele>
      </trkpt>
      <trkpt lat="47.60995" lon="-2.99189">
        <ele>15</ele>
      </trkpt>
      <trkpt lat="47.61005" lon="-2.99208">
        <ele>15</ele>
      </trkpt>
      <trkpt lat="47.61015" lon="-2.99228">
        <ele>16</ele>
      </trkpt>
      <trkpt lat="47.61028" lon="-2.99247">
        <ele>16</ele>
      </trkpt>
      <trkpt lat="47.6104" lon="-2.99265">
        <ele>16</ele>
      </trkpt>
      <trkpt lat="47.61049" lon="-2.99282">
        <ele>17</ele>
      </trkpt>
      <trkpt lat="47.61059" lon="-2.99299">
        <ele>17</ele>
      </trkpt>
      <trkpt lat="47.61068" lon="-2.99315">
        <ele>17</ele>
      </trkpt>
      <trkpt lat="47.61077" lon="-2.99332">
        <ele>17</ele>
      </trkpt>
      <trkpt lat="47.61088" lon="-2.99363">
        <ele>17</ele>
      </trkpt>
      <trkpt lat="47.611" lon="-2.99394">
        <ele>17</ele>
      </trkpt>
      <trkpt lat="47.61108" lon="-2.99412">
        <ele>17</ele>
      </trkpt>
      <trkpt lat="47.61115" lon="-2.9943">
        <ele>17</ele>
      </trkpt>
      <trkpt lat="47.61123" lon="-2.99447">
        <ele>17</ele>
      </trkpt>
      <trkpt lat="47.61131" lon="-2.99465">
        <ele>17</ele>
      </trkpt>
      <trkpt lat="47.61147" lon="-2.99485">
        <ele>17</ele>
      </trkpt>
      <trkpt lat="47.61163" lon="-2.99505">
        <ele>17</ele>
      </trkpt>
      <trkpt lat="47.61169" lon="-2.99528">
        <ele>16</ele>
      </trkpt>
      <trkpt lat="47.61176" lon="-2.99552">
        <ele>16</ele>
      </trkpt>
      <trkpt lat="47.61187" lon="-2.99579">
        <ele>15</ele>
      </trkpt>
      <trkpt lat="47.612" lon="-2.99602">
        <ele>15</ele>
      </trkpt>
      <trkpt lat="47.61206" lon="-2.99627">
        <ele>14</ele>
      </trkpt>
      <trkpt lat="47.61199" lon="-2.99647">
        <ele>14</ele>
      </trkpt>
      <trkpt lat="47.61214" lon="-2.99661">
        <ele>14</ele>
      </trkpt>
      <trkpt lat="47.61221" lon="-2.99692">
        <ele>14</ele>
      </trkpt>
      <trkpt lat="47.61228" lon="-2.99723">
        <ele>14</ele>
      </trkpt>
      <trkpt lat="47.61235" lon="-2.99755">
        <ele>14</ele>
      </trkpt>
      <trkpt lat="47.61242" lon="-2.99786">
        <ele>15</ele>
      </trkpt>
      <trkpt lat="47.61255" lon="-2.99809">
        <ele>16</ele>
      </trkpt>
      <trkpt lat="47.61268" lon="-2.99831">
        <ele>17</ele>
      </trkpt>
      <trkpt lat="47.6128" lon="-2.99843">
        <ele>18</ele>
      </trkpt>
      <trkpt lat="47.61291" lon="-2.9986">
        <ele>20</ele>
      </trkpt>
      <trkpt lat="47.61302" lon="-2.99878">
        <ele>20</ele>
      </trkpt>
      <trkpt lat="47.61308" lon="-2.99901">
        <ele>20</ele>
      </trkpt>
      <trkpt lat="47.61315" lon="-2.99924">
        <ele>20</ele>
      </trkpt>
      <trkpt lat="47.61321" lon="-2.99947">
        <ele>20</ele>
      </trkpt>
      <trkpt lat="47.61327" lon="-2.9997">
        <ele>20</ele>
      </trkpt>
      <trkpt lat="47.61337" lon="-2.99991">
        <ele>19</ele>
      </trkpt>
      <trkpt lat="47.61346" lon="-3.00012">
        <ele>19</ele>
      </trkpt>
      <trkpt lat="47.61356" lon="-3.00033">
        <ele>19</ele>
      </trkpt>
      <trkpt lat="47.61366" lon="-3.00054">
        <ele>19</ele>
      </trkpt>
      <trkpt lat="47.61375" lon="-3.00075">
        <ele>20</ele>
      </trkpt>
      <trkpt lat="47.61385" lon="-3.00096">
        <ele>20</ele>
      </trkpt>
      <trkpt lat="47.61394" lon="-3.00117">
        <ele>20</ele>
      </trkpt>
      <trkpt lat="47.61404" lon="-3.00138">
        <ele>20</ele>
      </trkpt>
      <trkpt lat="47.61415" lon="-3.0015">
        <ele>20</ele>
      </trkpt>
      <trkpt lat="47.61427" lon="-3.00163">
        <ele>21</ele>
      </trkpt>
      <trkpt lat="47.61438" lon="-3.00176">
        <ele>21</ele>
      </trkpt>
      <trkpt lat="47.61449" lon="-3.00188">
        <ele>21</ele>
      </trkpt>
      <trkpt lat="47.6146" lon="-3.00201">
        <ele>21</ele>
      </trkpt>
      <trkpt lat="47.61472" lon="-3.00213">
        <ele>21</ele>
      </trkpt>
      <trkpt lat="47.61483" lon="-3.00225">
        <ele>21</ele>
      </trkpt>
      <trkpt lat="47.61494" lon="-3.00238">
        <ele>21</ele>
      </trkpt>
      <trkpt lat="47.61495" lon="-3.0026">
        <ele>21</ele>
      </trkpt>
      <trkpt lat="47.61504" lon="-3.00278">
        <ele>20</ele>
      </trkpt>
      <trkpt lat="47.61512" lon="-3.00296">
        <ele>20</ele>
      </trkpt>
      <trkpt lat="47.61521" lon="-3.00314">
        <ele>19</ele>
      </trkpt>
      <trkpt lat="47.61529" lon="-3.00332">
        <ele>19</ele>
      </trkpt>
      <trkpt lat="47.61545" lon="-3.00354">
        <ele>19</ele>
      </trkpt>
      <trkpt lat="47.6156" lon="-3.00377">
        <ele>19</ele>
      </trkpt>
      <trkpt lat="47.61576" lon="-3.004">
        <ele>19</ele>
      </trkpt>
      <trkpt lat="47.61591" lon="-3.00422">
        <ele>19</ele>
      </trkpt>
      <trkpt lat="47.61589" lon="-3.00452">
        <ele>18</ele>
      </trkpt>
      <trkpt lat="47.61588" lon="-3.00481">
        <ele>18</ele>
      </trkpt>
      <trkpt lat="47.61607" lon="-3.00483">
        <ele>18</ele>
      </trkpt>
      <trkpt lat="47.61626" lon="-3.00485">
        <ele>18</ele>
      </trkpt>
      <trkpt lat="47.61646" lon="-3.00487">
        <ele>17</ele>
      </trkpt>
      <trkpt lat="47.61665" lon="-3.00489">
        <ele>17</ele>
      </trkpt>
      <trkpt lat="47.61692" lon="-3.00487">
        <ele>17</ele>
      </trkpt>
      <trkpt lat="47.61718" lon="-3.00486">
        <ele>17</ele>
      </trkpt>
      <trkpt lat="47.61745" lon="-3.00484">
        <ele>17</ele>
      </trkpt>
      <trkpt lat="47.61772" lon="-3.00482">
        <ele>17</ele>
      </trkpt>
      <trkpt lat="47.61795" lon="-3.00485">
        <ele>17</ele>
      </trkpt>
      <trkpt lat="47.61818" lon="-3.00488">
        <ele>17</ele>
      </trkpt>
      <trkpt lat="47.6184" lon="-3.0049">
        <ele>17</ele>
      </trkpt>
      <trkpt lat="47.61863" lon="-3.00493">
        <ele>17</ele>
      </trkpt>
      <trkpt lat="47.61885" lon="-3.00488">
        <ele>17</ele>
      </trkpt>
      <trkpt lat="47.619" lon="-3.0049">
        <ele>17</ele>
      </trkpt>
      <trkpt lat="47.61915" lon="-3.00492">
        <ele>17</ele>
      </trkpt>
      <trkpt lat="47.61929" lon="-3.00493">
        <ele>17</ele>
      </trkpt>
      <trkpt lat="47.61944" lon="-3.00495">
        <ele>17</ele>
      </trkpt>
      <trkpt lat="47.61951" lon="-3.00518">
        <ele>18</ele>
      </trkpt>
      <trkpt lat="47.61959" lon="-3.00541">
        <ele>18</ele>
      </trkpt>
      <trkpt lat="47.61966" lon="-3.00563">
        <ele>19</ele>
      </trkpt>
      <trkpt lat="47.61973" lon="-3.00586">
        <ele>19</ele>
      </trkpt>
      <trkpt lat="47.61983" lon="-3.006">
        <ele>19</ele>
      </trkpt>
      <trkpt lat="47.61997" lon="-3.00594">
        <ele>20</ele>
      </trkpt>
      <trkpt lat="47.6201" lon="-3.00588">
        <ele>20</ele>
      </trkpt>
      <trkpt lat="47.62024" lon="-3.00582">
        <ele>20</ele>
      </trkpt>
      <trkpt lat="47.62038" lon="-3.00576">
        <ele>20</ele>
      </trkpt>
      <trkpt lat="47.62053" lon="-3.00573">
        <ele>20</ele>
      </trkpt>
      <trkpt lat="47.62068" lon="-3.0057">
        <ele>21</ele>
      </trkpt>
      <trkpt lat="47.62084" lon="-3.00568">
        <ele>21</ele>
      </trkpt>
      <trkpt lat="47.62099" lon="-3.00565">
        <ele>21</ele>
      </trkpt>
      <trkpt lat="47.62095" lon="-3.00528">
        <ele>21</ele>
      </trkpt>
      <trkpt lat="47.62092" lon="-3.00491">
        <ele>21</ele>
      </trkpt>
      <trkpt lat="47.62114" lon="-3.00486">
        <ele>21</ele>
      </trkpt>
      <trkpt lat="47.62136" lon="-3.0048">
        <ele>21</ele>
      </trkpt>
      <trkpt lat="47.62146" lon="-3.00494">
        <ele>20</ele>
      </trkpt>
      <trkpt lat="47.62154" lon="-3.00484">
        <ele>20</ele>
      </trkpt>
      <trkpt lat="47.62158" lon="-3.00489">
        <ele>20</ele>
      </trkpt>
      <trkpt lat="47.62173" lon="-3.00468">
        <ele>20</ele>
      </trkpt>
      <trkpt lat="47.62172" lon="-3.00459">
        <ele>20</ele>
      </trkpt>
      <trkpt lat="47.62188" lon="-3.00432">
        <ele>20</ele>
      </trkpt>
      <trkpt lat="47.62204" lon="-3.00406">
        <ele>20</ele>
      </trkpt>
      <trkpt lat="47.62228" lon="-3.00407">
        <ele>21</ele>
      </trkpt>
      <trkpt lat="47.62242" lon="-3.0041">
        <ele>21</ele>
      </trkpt>
      <trkpt lat="47.62255" lon="-3.00413">
        <ele>22</ele>
      </trkpt>
      <trkpt lat="47.62269" lon="-3.00407">
        <ele>22</ele>
      </trkpt>
      <trkpt lat="47.62279" lon="-3.00436">
        <ele>22</ele>
      </trkpt>
      <trkpt lat="47.62293" lon="-3.00439">
        <ele>22</ele>
      </trkpt>
      <trkpt lat="47.62308" lon="-3.00441">
        <ele>22</ele>
      </trkpt>
      <trkpt lat="47.62308" lon="-3.00419">
        <ele>22</ele>
      </trkpt>
      <trkpt lat="47.62308" lon="-3.00397">
        <ele>22</ele>
      </trkpt>
      <trkpt lat="47.62322" lon="-3.00401">
        <ele>22</ele>
      </trkpt>
      <trkpt lat="47.62336" lon="-3.00402">
        <ele>22</ele>
      </trkpt>
      <trkpt lat="47.6235" lon="-3.00404">
        <ele>22</ele>
      </trkpt>
      <trkpt lat="47.62361" lon="-3.00391">
        <ele>22</ele>
      </trkpt>
      <trkpt lat="47.62387" lon="-3.00382">
        <ele>22</ele>
      </trkpt>
      <trkpt lat="47.62398" lon="-3.00374">
        <ele>22</ele>
      </trkpt>
      <trkpt lat="47.62402" lon="-3.00362">
        <ele>22</ele>
      </trkpt>
      <trkpt lat="47.62403" lon="-3.00351">
        <ele>21</ele>
      </trkpt>
      <trkpt lat="47.624" lon="-3.00338">
        <ele>21</ele>
      </trkpt>
      <trkpt lat="47.62396" lon="-3.00326">
        <ele>21</ele>
      </trkpt>
      <trkpt lat="47.6239" lon="-3.00323">
        <ele>21</ele>
      </trkpt>
      <trkpt lat="47.62374" lon="-3.0032">
        <ele>21</ele>
      </trkpt>
      <trkpt lat="47.62358" lon="-3.00317">
        <ele>21</ele>
      </trkpt>
      <trkpt lat="47.62341" lon="-3.00313">
        <ele>21</ele>
      </trkpt>
      <trkpt lat="47.62325" lon="-3.0031">
        <ele>21</ele>
      </trkpt>
      <trkpt lat="47.62305" lon="-3.003">
        <ele>21</ele>
      </trkpt>
      <trkpt lat="47.62284" lon="-3.0029">
        <ele>21</ele>
      </trkpt>
      <trkpt lat="47.62264" lon="-3.0028">
        <ele>21</ele>
      </trkpt>
      <trkpt lat="47.62244" lon="-3.0027">
        <ele>21</ele>
      </trkpt>
      <trkpt lat="47.62232" lon="-3.00267">
        <ele>20</ele>
      </trkpt>
      <trkpt lat="47.62211" lon="-3.00271">
        <ele>20</ele>
      </trkpt>
      <trkpt lat="47.62192" lon="-3.00285">
        <ele>20</ele>
      </trkpt>
      <trkpt lat="47.62183" lon="-3.00255">
        <ele>20</ele>
      </trkpt>
      <trkpt lat="47.62184" lon="-3.00215">
        <ele>20</ele>
      </trkpt>
      <trkpt lat="47.62186" lon="-3.00194">
        <ele>20</ele>
      </trkpt>
      <trkpt lat="47.62189" lon="-3.00172">
        <ele>20</ele>
      </trkpt>
      <trkpt lat="47.62195" lon="-3.00144">
        <ele>21</ele>
      </trkpt>
      <trkpt lat="47.6221" lon="-3.00137">
        <ele>21</ele>
      </trkpt>
      <trkpt lat="47.62224" lon="-3.00129">
        <ele>21</ele>
      </trkpt>
      <trkpt lat="47.62239" lon="-3.00122">
        <ele>21</ele>
      </trkpt>
      <trkpt lat="47.62253" lon="-3.00115">
        <ele>21</ele>
      </trkpt>
      <trkpt lat="47.62268" lon="-3.00107">
        <ele>22</ele>
      </trkpt>
      <trkpt lat="47.62283" lon="-3.001">
        <ele>22</ele>
      </trkpt>
      <trkpt lat="47.62297" lon="-3.00092">
        <ele>22</ele>
      </trkpt>
      <trkpt lat="47.62312" lon="-3.00085">
        <ele>23</ele>
      </trkpt>
      <trkpt lat="47.62337" lon="-3.0008">
        <ele>23</ele>
      </trkpt>
      <trkpt lat="47.62363" lon="-3.00085">
        <ele>24</ele>
      </trkpt>
      <trkpt lat="47.62389" lon="-3.0009">
        <ele>24</ele>
      </trkpt>
      <trkpt lat="47.62397" lon="-3.0009">
        <ele>24</ele>
      </trkpt>
      <trkpt lat="47.62402" lon="-3.00086">
        <ele>24</ele>
      </trkpt>
      <trkpt lat="47.62408" lon="-3.00088">
        <ele>24</ele>
      </trkpt>
      <trkpt lat="47.62418" lon="-3.00087">
        <ele>24</ele>
      </trkpt>
      <trkpt lat="47.62432" lon="-3.00081">
        <ele>24</ele>
      </trkpt>
      <trkpt lat="47.62447" lon="-3.00075">
        <ele>24</ele>
      </trkpt>
      <trkpt lat="47.62449" lon="-3.00065">
        <ele>24</ele>
      </trkpt>
      <trkpt lat="47.62473" lon="-3.00059">
        <ele>23</ele>
      </trkpt>
      <trkpt lat="47.62492" lon="-3.00052">
        <ele>23</ele>
      </trkpt>
      <trkpt lat="47.6251" lon="-3.00045">
        <ele>23</ele>
      </trkpt>
      <trkpt lat="47.62529" lon="-3.0003">
        <ele>23</ele>
      </trkpt>
      <trkpt lat="47.62547" lon="-3.00014">
        <ele>23</ele>
      </trkpt>
      <trkpt lat="47.62565" lon="-2.99999">
        <ele>23</ele>
      </trkpt>
      <trkpt lat="47.62584" lon="-2.99984">
        <ele>23</ele>
      </trkpt>
      <trkpt lat="47.62598" lon="-2.99984">
        <ele>23</ele>
      </trkpt>
      <trkpt lat="47.62615" lon="-2.99977">
        <ele>24</ele>
      </trkpt>
      <trkpt lat="47.62631" lon="-2.99969">
        <ele>24</ele>
      </trkpt>
      <trkpt lat="47.62648" lon="-2.99962">
        <ele>24</ele>
      </trkpt>
      <trkpt lat="47.62665" lon="-2.99954">
        <ele>24</ele>
      </trkpt>
      <trkpt lat="47.62685" lon="-2.9995">
        <ele>25</ele>
      </trkpt>
      <trkpt lat="47.62706" lon="-2.99946">
        <ele>25</ele>
      </trkpt>
      <trkpt lat="47.62731" lon="-2.99946">
        <ele>26</ele>
      </trkpt>
      <trkpt lat="47.62757" lon="-2.99947">
        <ele>26</ele>
      </trkpt>
      <trkpt lat="47.62772" lon="-2.9995">
        <ele>26</ele>
      </trkpt>
      <trkpt lat="47.62787" lon="-2.99953">
        <ele>27</ele>
      </trkpt>
      <trkpt lat="47.62805" lon="-2.99954">
        <ele>27</ele>
      </trkpt>
      <trkpt lat="47.62823" lon="-2.99954">
        <ele>27</ele>
      </trkpt>
      <trkpt lat="47.6284" lon="-2.99955">
        <ele>28</ele>
      </trkpt>
      <trkpt lat="47.62858" lon="-2.99956">
        <ele>29</ele>
      </trkpt>
      <trkpt lat="47.62874" lon="-2.99952">
        <ele>30</ele>
      </trkpt>
      <trkpt lat="47.62882" lon="-2.99945">
        <ele>30</ele>
      </trkpt>
      <trkpt lat="47.62896" lon="-2.99946">
        <ele>31</ele>
      </trkpt>
      <trkpt lat="47.62911" lon="-2.99946">
        <ele>31</ele>
      </trkpt>
      <trkpt lat="47.62926" lon="-2.99951">
        <ele>32</ele>
      </trkpt>
      <trkpt lat="47.62941" lon="-2.99955">
        <ele>32</ele>
      </trkpt>
      <trkpt lat="47.62957" lon="-2.9996">
        <ele>32</ele>
      </trkpt>
      <trkpt lat="47.62972" lon="-2.99964">
        <ele>32</ele>
      </trkpt>
      <trkpt lat="47.62994" lon="-2.99961">
        <ele>32</ele>
      </trkpt>
      <trkpt lat="47.63016" lon="-2.99959">
        <ele>31</ele>
      </trkpt>
      <trkpt lat="47.63037" lon="-2.99957">
        <ele>31</ele>
      </trkpt>
      <trkpt lat="47.63059" lon="-2.99954">
        <ele>31</ele>
      </trkpt>
      <trkpt lat="47.63078" lon="-2.99961">
        <ele>31</ele>
      </trkpt>
      <trkpt lat="47.63098" lon="-2.99969">
        <ele>31</ele>
      </trkpt>
      <trkpt lat="47.63117" lon="-2.99976">
        <ele>31</ele>
      </trkpt>
      <trkpt lat="47.63137" lon="-2.99983">
        <ele>32</ele>
      </trkpt>
      <trkpt lat="47.63154" lon="-2.99992">
        <ele>32</ele>
      </trkpt>
      <trkpt lat="47.63171" lon="-3">
        <ele>32</ele>
      </trkpt>
      <trkpt lat="47.63188" lon="-3.00009">
        <ele>32</ele>
      </trkpt>
      <trkpt lat="47.63204" lon="-3.00018">
        <ele>32</ele>
      </trkpt>
      <trkpt lat="47.63221" lon="-3.00026">
        <ele>32</ele>
      </trkpt>
      <trkpt lat="47.63238" lon="-3.00035">
        <ele>33</ele>
      </trkpt>
      <trkpt lat="47.63255" lon="-3.00043">
        <ele>33</ele>
      </trkpt>
      <trkpt lat="47.63272" lon="-3.00052">
        <ele>33</ele>
      </trkpt>
      <trkpt lat="47.63285" lon="-3.00062">
        <ele>33</ele>
      </trkpt>
      <trkpt lat="47.63298" lon="-3.00073">
        <ele>33</ele>
      </trkpt>
      <trkpt lat="47.63312" lon="-3.00083">
        <ele>33</ele>
      </trkpt>
      <trkpt lat="47.63325" lon="-3.00093">
        <ele>33</ele>
      </trkpt>
      <trkpt lat="47.63315" lon="-3.00124">
        <ele>33</ele>
      </trkpt>
      <trkpt lat="47.63305" lon="-3.00155">
        <ele>34</ele>
      </trkpt>
      <trkpt lat="47.63296" lon="-3.00186">
        <ele>34</ele>
      </trkpt>
      <trkpt lat="47.63286" lon="-3.00217">
        <ele>35</ele>
      </trkpt>
      <trkpt lat="47.63276" lon="-3.00248">
        <ele>35</ele>
      </trkpt>
      <trkpt lat="47.63266" lon="-3.00279">
        <ele>35</ele>
      </trkpt>
      <trkpt lat="47.63257" lon="-3.0031">
        <ele>35</ele>
      </trkpt>
      <trkpt lat="47.63247" lon="-3.00341">
        <ele>35</ele>
      </trkpt>
      <trkpt lat="47.6325" lon="-3.00369">
        <ele>35</ele>
      </trkpt>
      <trkpt lat="47.63244" lon="-3.00396">
        <ele>35</ele>
      </trkpt>
      <trkpt lat="47.63237" lon="-3.00422">
        <ele>35</ele>
      </trkpt>
      <trkpt lat="47.63231" lon="-3.00448">
        <ele>35</ele>
      </trkpt>
      <trkpt lat="47.63224" lon="-3.00475">
        <ele>34</ele>
      </trkpt>
      <trkpt lat="47.63229" lon="-3.0049">
        <ele>34</ele>
      </trkpt>
      <trkpt lat="47.63242" lon="-3.00504">
        <ele>33</ele>
      </trkpt>
      <trkpt lat="47.63255" lon="-3.00517">
        <ele>33</ele>
      </trkpt>
      <trkpt lat="47.6328" lon="-3.00532">
        <ele>33</ele>
      </trkpt>
      <trkpt lat="47.63298" lon="-3.0054">
        <ele>32</ele>
      </trkpt>
      <trkpt lat="47.63316" lon="-3.00547">
        <ele>32</ele>
      </trkpt>
      <trkpt lat="47.6333" lon="-3.00555">
        <ele>31</ele>
      </trkpt>
      <trkpt lat="47.63343" lon="-3.00564">
        <ele>31</ele>
      </trkpt>
      <trkpt lat="47.63357" lon="-3.00572">
        <ele>31</ele>
      </trkpt>
      <trkpt lat="47.63371" lon="-3.00581">
        <ele>30</ele>
      </trkpt>
      <trkpt lat="47.63384" lon="-3.00594">
        <ele>30</ele>
      </trkpt>
      <trkpt lat="47.63397" lon="-3.00606">
        <ele>29</ele>
      </trkpt>
      <trkpt lat="47.63403" lon="-3.0062">
        <ele>29</ele>
      </trkpt>
      <trkpt lat="47.63414" lon="-3.00634">
        <ele>29</ele>
      </trkpt>
      <trkpt lat="47.6343" lon="-3.0065">
        <ele>29</ele>
      </trkpt>
      <trkpt lat="47.63445" lon="-3.00666">
        <ele>29</ele>
      </trkpt>
      <trkpt lat="47.63462" lon="-3.00668">
        <ele>29</ele>
      </trkpt>
      <trkpt lat="47.63483" lon="-3.00687">
        <ele>29</ele>
      </trkpt>
      <trkpt lat="47.635" lon="-3.00697">
        <ele>29</ele>
      </trkpt>
      <trkpt lat="47.63521" lon="-3.00704">
        <ele>29</ele>
      </trkpt>
      <trkpt lat="47.63541" lon="-3.00707">
        <ele>29</ele>
      </trkpt>
      <trkpt lat="47.63541" lon="-3.00729">
        <ele>28</ele>
      </trkpt>
      <trkpt lat="47.63542" lon="-3.00752">
        <ele>28</ele>
      </trkpt>
      <trkpt lat="47.63542" lon="-3.00774">
        <ele>28</ele>
      </trkpt>
      <trkpt lat="47.63543" lon="-3.00796">
        <ele>28</ele>
      </trkpt>
      <trkpt lat="47.63546" lon="-3.00816">
        <ele>28</ele>
      </trkpt>
      <trkpt lat="47.63555" lon="-3.00822">
        <ele>28</ele>
      </trkpt>
      <trkpt lat="47.63575" lon="-3.00826">
        <ele>28</ele>
      </trkpt>
      <trkpt lat="47.63595" lon="-3.00829">
        <ele>28</ele>
      </trkpt>
      <trkpt lat="47.6362" lon="-3.00837">
        <ele>28</ele>
      </trkpt>
      <trkpt lat="47.63641" lon="-3.00841">
        <ele>29</ele>
      </trkpt>
      <trkpt lat="47.63662" lon="-3.00845">
        <ele>30</ele>
      </trkpt>
      <trkpt lat="47.63683" lon="-3.00848">
        <ele>30</ele>
      </trkpt>
      <trkpt lat="47.63704" lon="-3.00852">
        <ele>30</ele>
      </trkpt>
      <trkpt lat="47.6372" lon="-3.00857">
        <ele>31</ele>
      </trkpt>
      <trkpt lat="47.63737" lon="-3.00863">
        <ele>31</ele>
      </trkpt>
      <trkpt lat="47.63753" lon="-3.00868">
        <ele>32</ele>
      </trkpt>
      <trkpt lat="47.63769" lon="-3.00874">
        <ele>32</ele>
      </trkpt>
      <trkpt lat="47.63765" lon="-3.00894">
        <ele>32</ele>
      </trkpt>
      <trkpt lat="47.6376" lon="-3.00914">
        <ele>32</ele>
      </trkpt>
      <trkpt lat="47.63756" lon="-3.00934">
        <ele>32</ele>
      </trkpt>
      <trkpt lat="47.63752" lon="-3.00954">
        <ele>32</ele>
      </trkpt>
      <trkpt lat="47.63747" lon="-3.00973">
        <ele>32</ele>
      </trkpt>
      <trkpt lat="47.63743" lon="-3.00993">
        <ele>32</ele>
      </trkpt>
      <trkpt lat="47.63738" lon="-3.01013">
        <ele>32</ele>
      </trkpt>
      <trkpt lat="47.63734" lon="-3.01033">
        <ele>32</ele>
      </trkpt>
      <trkpt lat="47.63736" lon="-3.01062">
        <ele>31</ele>
      </trkpt>
      <trkpt lat="47.63743" lon="-3.01085">
        <ele>31</ele>
      </trkpt>
      <trkpt lat="47.63751" lon="-3.01108">
        <ele>31</ele>
      </trkpt>
      <trkpt lat="47.63758" lon="-3.01131">
        <ele>31</ele>
      </trkpt>
      <trkpt lat="47.63765" lon="-3.01154">
        <ele>30</ele>
      </trkpt>
      <trkpt lat="47.63772" lon="-3.01178">
        <ele>30</ele>
      </trkpt>
      <trkpt lat="47.63779" lon="-3.01201">
        <ele>30</ele>
      </trkpt>
      <trkpt lat="47.63787" lon="-3.01224">
        <ele>29</ele>
      </trkpt>
      <trkpt lat="47.63794" lon="-3.01247">
        <ele>29</ele>
      </trkpt>
      <trkpt lat="47.63813" lon="-3.01232">
        <ele>29</ele>
      </trkpt>
      <trkpt lat="47.63833" lon="-3.01217">
        <ele>29</ele>
      </trkpt>
      <trkpt lat="47.63853" lon="-3.01202">
        <ele>29</ele>
      </trkpt>
      <trkpt lat="47.63872" lon="-3.01187">
        <ele>30</ele>
      </trkpt>
      <trkpt lat="47.63885" lon="-3.01179">
        <ele>30</ele>
      </trkpt>
      <trkpt lat="47.63898" lon="-3.01171">
        <ele>30</ele>
      </trkpt>
      <trkpt lat="47.6391" lon="-3.01163">
        <ele>30</ele>
      </trkpt>
      <trkpt lat="47.63923" lon="-3.01155">
        <ele>30</ele>
      </trkpt>
      <trkpt lat="47.63945" lon="-3.01142">
        <ele>30</ele>
      </trkpt>
      <trkpt lat="47.63967" lon="-3.01129">
        <ele>31</ele>
      </trkpt>
      <trkpt lat="47.6399" lon="-3.01116">
        <ele>31</ele>
      </trkpt>
      <trkpt lat="47.64012" lon="-3.01103">
        <ele>31</ele>
      </trkpt>
      <trkpt lat="47.64034" lon="-3.0109">
        <ele>31</ele>
      </trkpt>
      <trkpt lat="47.64056" lon="-3.01077">
        <ele>31</ele>
      </trkpt>
      <trkpt lat="47.64079" lon="-3.01064">
        <ele>31</ele>
      </trkpt>
      <trkpt lat="47.64101" lon="-3.01051">
        <ele>32</ele>
      </trkpt>
      <trkpt lat="47.64122" lon="-3.01039">
        <ele>32</ele>
      </trkpt>
      <trkpt lat="47.64144" lon="-3.01028">
        <ele>33</ele>
      </trkpt>
      <trkpt lat="47.64165" lon="-3.01016">
        <ele>34</ele>
      </trkpt>
      <trkpt lat="47.64186" lon="-3.01005">
        <ele>34</ele>
      </trkpt>
      <trkpt lat="47.64192" lon="-3.01029">
        <ele>34</ele>
      </trkpt>
      <trkpt lat="47.64199" lon="-3.01052">
        <ele>34</ele>
      </trkpt>
      <trkpt lat="47.64205" lon="-3.01076">
        <ele>33</ele>
      </trkpt>
      <trkpt lat="47.64212" lon="-3.011">
        <ele>33</ele>
      </trkpt>
      <trkpt lat="47.64218" lon="-3.01123">
        <ele>33</ele>
      </trkpt>
      <trkpt lat="47.64224" lon="-3.01147">
        <ele>32</ele>
      </trkpt>
      <trkpt lat="47.64231" lon="-3.0117">
        <ele>32</ele>
      </trkpt>
      <trkpt lat="47.64237" lon="-3.01194">
        <ele>32</ele>
      </trkpt>
      <trkpt lat="47.64247" lon="-3.01228">
        <ele>31</ele>
      </trkpt>
      <trkpt lat="47.64258" lon="-3.01262">
        <ele>31</ele>
      </trkpt>
      <trkpt lat="47.64269" lon="-3.01296">
        <ele>31</ele>
      </trkpt>
      <trkpt lat="47.64279" lon="-3.0133">
        <ele>30</ele>
      </trkpt>
      <trkpt lat="47.64299" lon="-3.01316">
        <ele>30</ele>
      </trkpt>
      <trkpt lat="47.64319" lon="-3.01302">
        <ele>29</ele>
      </trkpt>
      <trkpt lat="47.64335" lon="-3.01288">
        <ele>29</ele>
      </trkpt>
      <trkpt lat="47.64351" lon="-3.01273">
        <ele>29</ele>
      </trkpt>
      <trkpt lat="47.64364" lon="-3.01257">
        <ele>28</ele>
      </trkpt>
      <trkpt lat="47.64377" lon="-3.01241">
        <ele>28</ele>
      </trkpt>
      <trkpt lat="47.6439" lon="-3.01226">
        <ele>28</ele>
      </trkpt>
      <trkpt lat="47.64403" lon="-3.0121">
        <ele>28</ele>
      </trkpt>
      <trkpt lat="47.64415" lon="-3.01193">
        <ele>27</ele>
      </trkpt>
      <trkpt lat="47.64427" lon="-3.01177">
        <ele>27</ele>
      </trkpt>
      <trkpt lat="47.64439" lon="-3.0116">
        <ele>27</ele>
      </trkpt>
      <trkpt lat="47.64451" lon="-3.01143">
        <ele>27</ele>
      </trkpt>
      <trkpt lat="47.64467" lon="-3.01116">
        <ele>27</ele>
      </trkpt>
      <trkpt lat="47.64483" lon="-3.01089">
        <ele>28</ele>
      </trkpt>
      <trkpt lat="47.64491" lon="-3.01067">
        <ele>28</ele>
      </trkpt>
      <trkpt lat="47.645" lon="-3.01045">
        <ele>28</ele>
      </trkpt>
      <trkpt lat="47.64514" lon="-3.01023">
        <ele>28</ele>
      </trkpt>
      <trkpt lat="47.64528" lon="-3.01032">
        <ele>28</ele>
      </trkpt>
      <trkpt lat="47.64543" lon="-3.01042">
        <ele>28</ele>
      </trkpt>
      <trkpt lat="47.64557" lon="-3.01051">
        <ele>27</ele>
      </trkpt>
      <trkpt lat="47.64571" lon="-3.0106">
        <ele>26</ele>
      </trkpt>
      <trkpt lat="47.64586" lon="-3.01073">
        <ele>25</ele>
      </trkpt>
      <trkpt lat="47.64601" lon="-3.01086">
        <ele>23</ele>
      </trkpt>
      <trkpt lat="47.64621" lon="-3.01099">
        <ele>21</ele>
      </trkpt>
      <trkpt lat="47.64645" lon="-3.01109">
        <ele>19</ele>
      </trkpt>
      <trkpt lat="47.64663" lon="-3.01111">
        <ele>18</ele>
      </trkpt>
      <trkpt lat="47.64682" lon="-3.01113">
        <ele>17</ele>
      </trkpt>
      <trkpt lat="47.647" lon="-3.01115">
        <ele>17</ele>
      </trkpt>
      <trkpt lat="47.64719" lon="-3.01117">
        <ele>17</ele>
      </trkpt>
      <trkpt lat="47.64737" lon="-3.01118">
        <ele>17</ele>
      </trkpt>
      <trkpt lat="47.64755" lon="-3.0112">
        <ele>18</ele>
      </trkpt>
      <trkpt lat="47.64774" lon="-3.01122">
        <ele>18</ele>
      </trkpt>
      <trkpt lat="47.64792" lon="-3.01124">
        <ele>18</ele>
      </trkpt>
      <trkpt lat="47.64808" lon="-3.01123">
        <ele>18</ele>
      </trkpt>
      <trkpt lat="47.64825" lon="-3.01121">
        <ele>18</ele>
      </trkpt>
      <trkpt lat="47.64844" lon="-3.01117">
        <ele>18</ele>
      </trkpt>
      <trkpt lat="47.64864" lon="-3.01113">
        <ele>19</ele>
      </trkpt>
      <trkpt lat="47.64888" lon="-3.01103">
        <ele>19</ele>
      </trkpt>
      <trkpt lat="47.64887" lon="-3.01082">
        <ele>20</ele>
      </trkpt>
      <trkpt lat="47.64887" lon="-3.01061">
        <ele>20</ele>
      </trkpt>
      <trkpt lat="47.64886" lon="-3.0104">
        <ele>20</ele>
      </trkpt>
      <trkpt lat="47.64885" lon="-3.01019">
        <ele>20</ele>
      </trkpt>
      <trkpt lat="47.64872" lon="-3.00988">
        <ele>20</ele>
      </trkpt>
      <trkpt lat="47.64858" lon="-3.00957">
        <ele>20</ele>
      </trkpt>
      <trkpt lat="47.6485" lon="-3.0092">
        <ele>19</ele>
      </trkpt>
      <trkpt lat="47.64852" lon="-3.00896">
        <ele>19</ele>
      </trkpt>
      <trkpt lat="47.64853" lon="-3.00873">
        <ele>19</ele>
      </trkpt>
      <trkpt lat="47.6486" lon="-3.00855">
        <ele>19</ele>
      </trkpt>
      <trkpt lat="47.64867" lon="-3.00837">
        <ele>19</ele>
      </trkpt>
      <trkpt lat="47.64873" lon="-3.00819">
        <ele>20</ele>
      </trkpt>
      <trkpt lat="47.6488" lon="-3.00801">
        <ele>20</ele>
      </trkpt>
      <trkpt lat="47.64887" lon="-3.00784">
        <ele>20</ele>
      </trkpt>
      <trkpt lat="47.64894" lon="-3.00766">
        <ele>20</ele>
      </trkpt>
      <trkpt lat="47.649" lon="-3.00748">
        <ele>20</ele>
      </trkpt>
      <trkpt lat="47.64907" lon="-3.0073">
        <ele>20</ele>
      </trkpt>
      <trkpt lat="47.64922" lon="-3.00705">
        <ele>22</ele>
      </trkpt>
      <trkpt lat="47.64937" lon="-3.00679">
        <ele>22</ele>
      </trkpt>
      <trkpt lat="47.64951" lon="-3.00654">
        <ele>22</ele>
      </trkpt>
      <trkpt lat="47.64966" lon="-3.00629">
        <ele>23</ele>
      </trkpt>
      <trkpt lat="47.64992" lon="-3.00629">
        <ele>26</ele>
      </trkpt>
      <trkpt lat="47.65002" lon="-3.00612">
        <ele>27</ele>
      </trkpt>
      <trkpt lat="47.65013" lon="-3.00595">
        <ele>28</ele>
      </trkpt>
      <trkpt lat="47.65024" lon="-3.00578">
        <ele>28</ele>
      </trkpt>
      <trkpt lat="47.65034" lon="-3.00561">
        <ele>28</ele>
      </trkpt>
      <trkpt lat="47.65048" lon="-3.00556">
        <ele>29</ele>
      </trkpt>
      <trkpt lat="47.65065" lon="-3.00552">
        <ele>29</ele>
      </trkpt>
      <trkpt lat="47.65082" lon="-3.00549">
        <ele>29</ele>
      </trkpt>
      <trkpt lat="47.65099" lon="-3.00545">
        <ele>29</ele>
      </trkpt>
      <trkpt lat="47.65116" lon="-3.00541">
        <ele>29</ele>
      </trkpt>
      <trkpt lat="47.6512" lon="-3.00512">
        <ele>30</ele>
      </trkpt>
      <trkpt lat="47.65125" lon="-3.00482">
        <ele>30</ele>
      </trkpt>
      <trkpt lat="47.65129" lon="-3.00453">
        <ele>31</ele>
      </trkpt>
      <trkpt lat="47.65133" lon="-3.00424">
        <ele>31</ele>
      </trkpt>
      <trkpt lat="47.65155" lon="-3.0041">
        <ele>31</ele>
      </trkpt>
      <trkpt lat="47.65174" lon="-3.00389">
        <ele>31</ele>
      </trkpt>
      <trkpt lat="47.65193" lon="-3.00368">
        <ele>31</ele>
      </trkpt>
      <trkpt lat="47.65207" lon="-3.00347">
        <ele>31</ele>
      </trkpt>
      <trkpt lat="47.6522" lon="-3.00326">
        <ele>31</ele>
      </trkpt>
      <trkpt lat="47.65234" lon="-3.00306">
        <ele>31</ele>
      </trkpt>
      <trkpt lat="47.65248" lon="-3.00285">
        <ele>31</ele>
      </trkpt>
      <trkpt lat="47.65268" lon="-3.00259">
        <ele>30</ele>
      </trkpt>
      <trkpt lat="47.65288" lon="-3.00233">
        <ele>30</ele>
      </trkpt>
      <trkpt lat="47.65308" lon="-3.00207">
        <ele>30</ele>
      </trkpt>
      <trkpt lat="47.65327" lon="-3.00181">
        <ele>30</ele>
      </trkpt>
      <trkpt lat="47.65347" lon="-3.00156">
        <ele>30</ele>
      </trkpt>
      <trkpt lat="47.65367" lon="-3.0013">
        <ele>30</ele>
      </trkpt>
      <trkpt lat="47.65387" lon="-3.00104">
        <ele>29</ele>
      </trkpt>
      <trkpt lat="47.65407" lon="-3.00078">
        <ele>29</ele>
      </trkpt>
      <trkpt lat="47.65412" lon="-3.00051">
        <ele>29</ele>
      </trkpt>
      <trkpt lat="47.65412" lon="-3.00026">
        <ele>29</ele>
      </trkpt>
      <trkpt lat="47.65396" lon="-3.00012">
        <ele>30</ele>
      </trkpt>
      <trkpt lat="47.6538" lon="-2.99998">
        <ele>30</ele>
      </trkpt>
      <trkpt lat="47.65367" lon="-2.99984">
        <ele>30</ele>
      </trkpt>
      <trkpt lat="47.65354" lon="-2.9997">
        <ele>30</ele>
      </trkpt>
      <trkpt lat="47.65365" lon="-2.99946">
        <ele>30</ele>
      </trkpt>
      <trkpt lat="47.65376" lon="-2.99921">
        <ele>30</ele>
      </trkpt>
      <trkpt lat="47.65386" lon="-2.99897">
        <ele>30</ele>
      </trkpt>
      <trkpt lat="47.65397" lon="-2.99873">
        <ele>29</ele>
      </trkpt>
      <trkpt lat="47.65404" lon="-2.99854">
        <ele>29</ele>
      </trkpt>
      <trkpt lat="47.65411" lon="-2.99836">
        <ele>29</ele>
      </trkpt>
      <trkpt lat="47.65418" lon="-2.99817">
        <ele>28</ele>
      </trkpt>
      <trkpt lat="47.65425" lon="-2.99798">
        <ele>28</ele>
      </trkpt>
      <trkpt lat="47.65433" lon="-2.99779">
        <ele>28</ele>
      </trkpt>
      <trkpt lat="47.6544" lon="-2.99761">
        <ele>28</ele>
      </trkpt>
      <trkpt lat="47.65447" lon="-2.99742">
        <ele>28</ele>
      </trkpt>
      <trkpt lat="47.65454" lon="-2.99723">
        <ele>29</ele>
      </trkpt>
      <trkpt lat="47.65463" lon="-2.99701">
        <ele>30</ele>
      </trkpt>
      <trkpt lat="47.65472" lon="-2.9968">
        <ele>30</ele>
      </trkpt>
      <trkpt lat="47.65481" lon="-2.99658">
        <ele>30</ele>
      </trkpt>
      <trkpt lat="47.6549" lon="-2.99636">
        <ele>31</ele>
      </trkpt>
      <trkpt lat="47.65499" lon="-2.99614">
        <ele>32</ele>
      </trkpt>
      <trkpt lat="47.65508" lon="-2.99593">
        <ele>32</ele>
      </trkpt>
      <trkpt lat="47.65517" lon="-2.99571">
        <ele>32</ele>
      </trkpt>
      <trkpt lat="47.65526" lon="-2.99549">
        <ele>33</ele>
      </trkpt>
      <trkpt lat="47.65535" lon="-2.99527">
        <ele>33</ele>
      </trkpt>
      <trkpt lat="47.65544" lon="-2.99506">
        <ele>34</ele>
      </trkpt>
      <trkpt lat="47.65553" lon="-2.99484">
        <ele>34</ele>
      </trkpt>
      <trkpt lat="47.65562" lon="-2.99462">
        <ele>34</ele>
      </trkpt>
      <trkpt lat="47.65571" lon="-2.9944">
        <ele>34</ele>
      </trkpt>
      <trkpt lat="47.6558" lon="-2.99418">
        <ele>34</ele>
      </trkpt>
      <trkpt lat="47.65589" lon="-2.99397">
        <ele>34</ele>
      </trkpt>
      <trkpt lat="47.65598" lon="-2.99375">
        <ele>34</ele>
      </trkpt>
      <trkpt lat="47.65613" lon="-2.99391">
        <ele>33</ele>
      </trkpt>
      <trkpt lat="47.65629" lon="-2.99407">
        <ele>33</ele>
      </trkpt>
      <trkpt lat="47.65644" lon="-2.99423">
        <ele>33</ele>
      </trkpt>
      <trkpt lat="47.6566" lon="-2.99439">
        <ele>33</ele>
      </trkpt>
      <trkpt lat="47.65661" lon="-2.99474">
        <ele>33</ele>
      </trkpt>
      <trkpt lat="47.65664" lon="-2.995">
        <ele>33</ele>
      </trkpt>
      <trkpt lat="47.65667" lon="-2.99526">
        <ele>33</ele>
      </trkpt>
      <trkpt lat="47.65671" lon="-2.99551">
        <ele>33</ele>
      </trkpt>
      <trkpt lat="47.65675" lon="-2.99575">
        <ele>33</ele>
      </trkpt>
      <trkpt lat="47.65679" lon="-2.996">
        <ele>33</ele>
      </trkpt>
      <trkpt lat="47.65682" lon="-2.99625">
        <ele>33</ele>
      </trkpt>
      <trkpt lat="47.65686" lon="-2.9965">
        <ele>33</ele>
      </trkpt>
      <trkpt lat="47.6569" lon="-2.99674">
        <ele>33</ele>
      </trkpt>
      <trkpt lat="47.65694" lon="-2.99699">
        <ele>32</ele>
      </trkpt>
      <trkpt lat="47.65698" lon="-2.99724">
        <ele>32</ele>
      </trkpt>
      <trkpt lat="47.65694" lon="-2.99759">
        <ele>32</ele>
      </trkpt>
      <trkpt lat="47.65695" lon="-2.99787">
        <ele>32</ele>
      </trkpt>
      <trkpt lat="47.65706" lon="-2.99796">
        <ele>32</ele>
      </trkpt>
      <trkpt lat="47.65716" lon="-2.99797">
        <ele>32</ele>
      </trkpt>
      <trkpt lat="47.65738" lon="-2.99781">
        <ele>32</ele>
      </trkpt>
      <trkpt lat="47.6576" lon="-2.99765">
        <ele>33</ele>
      </trkpt>
      <trkpt lat="47.65782" lon="-2.99749">
        <ele>33</ele>
      </trkpt>
      <trkpt lat="47.65804" lon="-2.99733">
        <ele>32</ele>
      </trkpt>
      <trkpt lat="47.65809" lon="-2.99712">
        <ele>32</ele>
      </trkpt>
      <trkpt lat="47.65806" lon="-2.99688">
        <ele>32</ele>
      </trkpt>
      <trkpt lat="47.65803" lon="-2.99664">
        <ele>31</ele>
      </trkpt>
      <trkpt lat="47.658" lon="-2.9964">
        <ele>31</ele>
      </trkpt>
      <trkpt lat="47.65797" lon="-2.99616">
        <ele>30</ele>
      </trkpt>
      <trkpt lat="47.65794" lon="-2.99592">
        <ele>29</ele>
      </trkpt>
      <trkpt lat="47.65791" lon="-2.99568">
        <ele>29</ele>
      </trkpt>
      <trkpt lat="47.65788" lon="-2.99544">
        <ele>28</ele>
      </trkpt>
      <trkpt lat="47.65785" lon="-2.99519">
        <ele>27</ele>
      </trkpt>
      <trkpt lat="47.65781" lon="-2.99495">
        <ele>27</ele>
      </trkpt>
      <trkpt lat="47.65778" lon="-2.99471">
        <ele>27</ele>
      </trkpt>
      <trkpt lat="47.65775" lon="-2.99447">
        <ele>27</ele>
      </trkpt>
      <trkpt lat="47.65772" lon="-2.99423">
        <ele>27</ele>
      </trkpt>
      <trkpt lat="47.65769" lon="-2.99399">
        <ele>27</ele>
      </trkpt>
      <trkpt lat="47.65766" lon="-2.99375">
        <ele>26</ele>
      </trkpt>
      <trkpt lat="47.65763" lon="-2.99351">
        <ele>25</ele>
      </trkpt>
      <trkpt lat="47.6576" lon="-2.99327">
        <ele>23</ele>
      </trkpt>
      <trkpt lat="47.65776" lon="-2.99325">
        <ele>22</ele>
      </trkpt>
      <trkpt lat="47.65792" lon="-2.99323">
        <ele>22</ele>
      </trkpt>
      <trkpt lat="47.65801" lon="-2.9933">
        <ele>22</ele>
      </trkpt>
      <trkpt lat="47.65808" lon="-2.9934">
        <ele>22</ele>
      </trkpt>
      <trkpt lat="47.65818" lon="-2.99347">
        <ele>22</ele>
      </trkpt>
      <trkpt lat="47.6583" lon="-2.99351">
        <ele>22</ele>
      </trkpt>
      <trkpt lat="47.65855" lon="-2.99347">
        <ele>22</ele>
      </trkpt>
      <trkpt lat="47.65863" lon="-2.99341">
        <ele>22</ele>
      </trkpt>
      <trkpt lat="47.65879" lon="-2.99341">
        <ele>23</ele>
      </trkpt>
      <trkpt lat="47.65895" lon="-2.99342">
        <ele>24</ele>
      </trkpt>
      <trkpt lat="47.65909" lon="-2.99344">
        <ele>24</ele>
      </trkpt>
      <trkpt lat="47.65923" lon="-2.99345">
        <ele>25</ele>
      </trkpt>
      <trkpt lat="47.65937" lon="-2.99347">
        <ele>25</ele>
      </trkpt>
      <trkpt lat="47.6595" lon="-2.99349">
        <ele>26</ele>
      </trkpt>
      <trkpt lat="47.65964" lon="-2.99351">
        <ele>27</ele>
      </trkpt>
      <trkpt lat="47.65978" lon="-2.99352">
        <ele>27</ele>
      </trkpt>
      <trkpt lat="47.65992" lon="-2.99354">
        <ele>28</ele>
      </trkpt>
      <trkpt lat="47.66006" lon="-2.99356">
        <ele>28</ele>
      </trkpt>
      <trkpt lat="47.66024" lon="-2.99365">
        <ele>29</ele>
      </trkpt>
      <trkpt lat="47.66024" lon="-2.99332">
        <ele>30</ele>
      </trkpt>
      <trkpt lat="47.66023" lon="-2.99299">
        <ele>30</ele>
      </trkpt>
      <trkpt lat="47.6602" lon="-2.99276">
        <ele>30</ele>
      </trkpt>
      <trkpt lat="47.66016" lon="-2.99253">
        <ele>30</ele>
      </trkpt>
      <trkpt lat="47.66026" lon="-2.99251">
        <ele>30</ele>
      </trkpt>
      <trkpt lat="47.66022" lon="-2.99223">
        <ele>30</ele>
      </trkpt>
      <trkpt lat="47.66018" lon="-2.99194">
        <ele>29</ele>
      </trkpt>
      <trkpt lat="47.66015" lon="-2.99166">
        <ele>29</ele>
      </trkpt>
      <trkpt lat="47.66011" lon="-2.99138">
        <ele>28</ele>
      </trkpt>
      <trkpt lat="47.66011" lon="-2.991">
        <ele>26</ele>
      </trkpt>
      <trkpt lat="47.6601" lon="-2.99062">
        <ele>23</ele>
      </trkpt>
      <trkpt lat="47.66009" lon="-2.99024">
        <ele>22</ele>
      </trkpt>
      <trkpt lat="47.66009" lon="-2.98986">
        <ele>19</ele>
      </trkpt>
      <trkpt lat="47.66019" lon="-2.98974">
        <ele>18</ele>
      </trkpt>
      <trkpt lat="47.66025" lon="-2.98972">
        <ele>18</ele>
      </trkpt>
      <trkpt lat="47.66033" lon="-2.98976">
        <ele>18</ele>
      </trkpt>
      <trkpt lat="47.6604" lon="-2.9897">
        <ele>17</ele>
      </trkpt>
      <trkpt lat="47.66041" lon="-2.98963">
        <ele>16</ele>
      </trkpt>
      <trkpt lat="47.66055" lon="-2.98956">
        <ele>15</ele>
      </trkpt>
      <trkpt lat="47.66069" lon="-2.98948">
        <ele>13</ele>
      </trkpt>
      <trkpt lat="47.66082" lon="-2.9894">
        <ele>12</ele>
      </trkpt>
      <trkpt lat="47.66096" lon="-2.98933">
        <ele>11</ele>
      </trkpt>
      <trkpt lat="47.66112" lon="-2.98923">
        <ele>9</ele>
      </trkpt>
      <trkpt lat="47.66127" lon="-2.98912">
        <ele>8</ele>
      </trkpt>
      <trkpt lat="47.66146" lon="-2.98894">
        <ele>8</ele>
      </trkpt>
      <trkpt lat="47.66165" lon="-2.98876">
        <ele>8</ele>
      </trkpt>
      <trkpt lat="47.66183" lon="-2.98859">
        <ele>8</ele>
      </trkpt>
      <trkpt lat="47.66202" lon="-2.98841">
        <ele>8</ele>
      </trkpt>
      <trkpt lat="47.66196" lon="-2.98824">
        <ele>8</ele>
      </trkpt>
      <trkpt lat="47.66187" lon="-2.98835">
        <ele>8</ele>
      </trkpt>
      <trkpt lat="47.66181" lon="-2.98835">
        <ele>8</ele>
      </trkpt>
      <trkpt lat="47.66172" lon="-2.98842">
        <ele>8</ele>
      </trkpt>
      <trkpt lat="47.66147" lon="-2.98829">
        <ele>8</ele>
      </trkpt>
      <trkpt lat="47.66129" lon="-2.98813">
        <ele>8</ele>
      </trkpt>
      <trkpt lat="47.66111" lon="-2.98798">
        <ele>8</ele>
      </trkpt>
      <trkpt lat="47.66092" lon="-2.98773">
        <ele>8</ele>
      </trkpt>
      <trkpt lat="47.66074" lon="-2.98747">
        <ele>8</ele>
      </trkpt>
      <trkpt lat="47.66053" lon="-2.98723">
        <ele>7</ele>
      </trkpt>
      <trkpt lat="47.66042" lon="-2.98701">
        <ele>6</ele>
      </trkpt>
      <trkpt lat="47.66033" lon="-2.98674">
        <ele>6</ele>
      </trkpt>
      <trkpt lat="47.66024" lon="-2.98646">
        <ele>6</ele>
      </trkpt>
      <trkpt lat="47.66015" lon="-2.98631">
        <ele>5</ele>
      </trkpt>
      <trkpt lat="47.66005" lon="-2.98615">
        <ele>5</ele>
      </trkpt>
      <trkpt lat="47.65996" lon="-2.98599">
        <ele>5</ele>
      </trkpt>
      <trkpt lat="47.65987" lon="-2.98584">
        <ele>5</ele>
      </trkpt>
      <trkpt lat="47.65983" lon="-2.98563">
        <ele>5</ele>
      </trkpt>
      <trkpt lat="47.65979" lon="-2.98542">
        <ele>5</ele>
      </trkpt>
      <trkpt lat="47.65982" lon="-2.98527">
        <ele>5</ele>
      </trkpt>
      <trkpt lat="47.65972" lon="-2.98501">
        <ele>5</ele>
      </trkpt>
      <trkpt lat="47.65968" lon="-2.98468">
        <ele>5</ele>
      </trkpt>
      <trkpt lat="47.65963" lon="-2.98435">
        <ele>5</ele>
      </trkpt>
      <trkpt lat="47.65964" lon="-2.98411">
        <ele>5</ele>
      </trkpt>
      <trkpt lat="47.65958" lon="-2.98392">
        <ele>5</ele>
      </trkpt>
      <trkpt lat="47.65961" lon="-2.98377">
        <ele>8</ele>
      </trkpt>
      <trkpt lat="47.65977" lon="-2.98375">
        <ele>10</ele>
      </trkpt>
      <trkpt lat="47.65987" lon="-2.98355">
        <ele>13</ele>
      </trkpt>
      <trkpt lat="47.65997" lon="-2.9836">
        <ele>13</ele>
      </trkpt>
      <trkpt lat="47.66008" lon="-2.98358">
        <ele>13</ele>
      </trkpt>
      <trkpt lat="47.66007" lon="-2.98342">
        <ele>14</ele>
      </trkpt>
      <trkpt lat="47.6599" lon="-2.98329">
        <ele>15</ele>
      </trkpt>
      <trkpt lat="47.65974" lon="-2.98316">
        <ele>15</ele>
      </trkpt>
      <trkpt lat="47.6597" lon="-2.98296">
        <ele>16</ele>
      </trkpt>
      <trkpt lat="47.65978" lon="-2.98263">
        <ele>19</ele>
      </trkpt>
      <trkpt lat="47.65988" lon="-2.98239">
        <ele>21</ele>
      </trkpt>
      <trkpt lat="47.65998" lon="-2.9823">
        <ele>23</ele>
      </trkpt>
      <trkpt lat="47.66022" lon="-2.98233">
        <ele>24</ele>
      </trkpt>
      <trkpt lat="47.66031" lon="-2.98232">
        <ele>24</ele>
      </trkpt>
      <trkpt lat="47.6603" lon="-2.98207">
        <ele>27</ele>
      </trkpt>
      <trkpt lat="47.66033" lon="-2.98185">
        <ele>28</ele>
      </trkpt>
      <trkpt lat="47.6604" lon="-2.98178">
        <ele>28</ele>
      </trkpt>
      <trkpt lat="47.66049" lon="-2.98174">
        <ele>28</ele>
      </trkpt>
      <trkpt lat="47.66063" lon="-2.98171">
        <ele>28</ele>
      </trkpt>
      <trkpt lat="47.66076" lon="-2.98169">
        <ele>28</ele>
      </trkpt>
      <trkpt lat="47.66073" lon="-2.98141">
        <ele>28</ele>
      </trkpt>
      <trkpt lat="47.6607" lon="-2.98112">
        <ele>28</ele>
      </trkpt>
      <trkpt lat="47.66063" lon="-2.98093">
        <ele>28</ele>
      </trkpt>
      <trkpt lat="47.66056" lon="-2.98074">
        <ele>27</ele>
      </trkpt>
      <trkpt lat="47.66058" lon="-2.98036">
        <ele>25</ele>
      </trkpt>
      <trkpt lat="47.6606" lon="-2.97999">
        <ele>23</ele>
      </trkpt>
      <trkpt lat="47.66051" lon="-2.97987">
        <ele>23</ele>
      </trkpt>
      <trkpt lat="47.66029" lon="-2.97982">
        <ele>22</ele>
      </trkpt>
      <trkpt lat="47.66006" lon="-2.97976">
        <ele>22</ele>
      </trkpt>
      <trkpt lat="47.66012" lon="-2.97954">
        <ele>21</ele>
      </trkpt>
      <trkpt lat="47.66017" lon="-2.97933">
        <ele>20</ele>
      </trkpt>
      <trkpt lat="47.66022" lon="-2.97911">
        <ele>19</ele>
      </trkpt>
      <trkpt lat="47.66028" lon="-2.97889">
        <ele>17</ele>
      </trkpt>
      <trkpt lat="47.6604" lon="-2.97887">
        <ele>15</ele>
      </trkpt>
      <trkpt lat="47.66038" lon="-2.97883">
        <ele>14</ele>
      </trkpt>
      <trkpt lat="47.6602" lon="-2.97874">
        <ele>11</ele>
      </trkpt>
      <trkpt lat="47.6602" lon="-2.97866">
        <ele>10</ele>
      </trkpt>
      <trkpt lat="47.66031" lon="-2.97861">
        <ele>5</ele>
      </trkpt>
      <trkpt lat="47.66048" lon="-2.9786">
        <ele>5</ele>
      </trkpt>
      <trkpt lat="47.66053" lon="-2.97839">
        <ele>4</ele>
      </trkpt>
      <trkpt lat="47.66061" lon="-2.97829">
        <ele>3</ele>
      </trkpt>
      <trkpt lat="47.66083" lon="-2.97821">
        <ele>2</ele>
      </trkpt>
      <trkpt lat="47.66104" lon="-2.97813">
        <ele>2</ele>
      </trkpt>
      <trkpt lat="47.66119" lon="-2.97809">
        <ele>2</ele>
      </trkpt>
      <trkpt lat="47.66134" lon="-2.97804">
        <ele>2</ele>
      </trkpt>
      <trkpt lat="47.66148" lon="-2.97799">
        <ele>2</ele>
      </trkpt>
      <trkpt lat="47.66163" lon="-2.97795">
        <ele>3</ele>
      </trkpt>
      <trkpt lat="47.6618" lon="-2.97795">
        <ele>3</ele>
      </trkpt>
      <trkpt lat="47.66197" lon="-2.97795">
        <ele>3</ele>
      </trkpt>
      <trkpt lat="47.66218" lon="-2.97803">
        <ele>3</ele>
      </trkpt>
      <trkpt lat="47.6624" lon="-2.97811">
        <ele>3</ele>
      </trkpt>
      <trkpt lat="47.66253" lon="-2.97817">
        <ele>3</ele>
      </trkpt>
      <trkpt lat="47.66266" lon="-2.97823">
        <ele>3</ele>
      </trkpt>
      <trkpt lat="47.66279" lon="-2.9783">
        <ele>3</ele>
      </trkpt>
      <trkpt lat="47.66292" lon="-2.97836">
        <ele>3</ele>
      </trkpt>
      <trkpt lat="47.66305" lon="-2.97844">
        <ele>3</ele>
      </trkpt>
      <trkpt lat="47.66319" lon="-2.97851">
        <ele>3</ele>
      </trkpt>
      <trkpt lat="47.66333" lon="-2.97859">
        <ele>3</ele>
      </trkpt>
      <trkpt lat="47.66346" lon="-2.97867">
        <ele>3</ele>
      </trkpt>
      <trkpt lat="47.66364" lon="-2.97876">
        <ele>3</ele>
      </trkpt>
      <trkpt lat="47.66381" lon="-2.97885">
        <ele>3</ele>
      </trkpt>
      <trkpt lat="47.66399" lon="-2.97894">
        <ele>3</ele>
      </trkpt>
      <trkpt lat="47.66417" lon="-2.97903">
        <ele>3</ele>
      </trkpt>
      <trkpt lat="47.66429" lon="-2.97911">
        <ele>3</ele>
      </trkpt>
      <trkpt lat="47.66442" lon="-2.97919">
        <ele>3</ele>
      </trkpt>
      <trkpt lat="47.66455" lon="-2.97928">
        <ele>3</ele>
      </trkpt>
      <trkpt lat="47.66467" lon="-2.97936">
        <ele>3</ele>
      </trkpt>
      <trkpt lat="47.66479" lon="-2.97944">
        <ele>3</ele>
      </trkpt>
      <trkpt lat="47.66492" lon="-2.97952">
        <ele>0</ele>
      </trkpt>
      <trkpt lat="47.66505" lon="-2.97961">
        <ele>0</ele>
      </trkpt>
      <trkpt lat="47.66517" lon="-2.97969">
        <ele>3</ele>
      </trkpt>
      <trkpt lat="47.6654" lon="-2.97976">
        <ele>3</ele>
      </trkpt>
      <trkpt lat="47.66563" lon="-2.97984">
        <ele>3</ele>
      </trkpt>
      <trkpt lat="47.66585" lon="-2.97991">
        <ele>3</ele>
      </trkpt>
      <trkpt lat="47.66608" lon="-2.97998">
        <ele>3</ele>
      </trkpt>
      <trkpt lat="47.66628" lon="-2.97995">
        <ele>3</ele>
      </trkpt>
      <trkpt lat="47.66643" lon="-2.97981">
        <ele>3</ele>
      </trkpt>
      <trkpt lat="47.66657" lon="-2.97967">
        <ele>3</ele>
      </trkpt>
      <trkpt lat="47.66645" lon="-2.97942">
        <ele>3</ele>
      </trkpt>
      <trkpt lat="47.66634" lon="-2.97917">
        <ele>3</ele>
      </trkpt>
      <trkpt lat="47.66622" lon="-2.97892">
        <ele>3</ele>
      </trkpt>
      <trkpt lat="47.6661" lon="-2.97867">
        <ele>3</ele>
      </trkpt>
      <trkpt lat="47.66598" lon="-2.97877">
        <ele>3</ele>
      </trkpt>
      <trkpt lat="47.66585" lon="-2.97886">
        <ele>3</ele>
      </trkpt>
      <trkpt lat="47.66581" lon="-2.97902">
        <ele>3</ele>
      </trkpt>
      <trkpt lat="47.66559" lon="-2.979">
        <ele>3</ele>
      </trkpt>
      <trkpt lat="47.66536" lon="-2.97898">
        <ele>3</ele>
      </trkpt>
      <trkpt lat="47.66514" lon="-2.97877">
        <ele>3</ele>
      </trkpt>
      <trkpt lat="47.66493" lon="-2.97856">
        <ele>3</ele>
      </trkpt>
      <trkpt lat="47.66479" lon="-2.97838">
        <ele>3</ele>
      </trkpt>
      <trkpt lat="47.66465" lon="-2.97821">
        <ele>3</ele>
      </trkpt>
      <trkpt lat="47.66452" lon="-2.97804">
        <ele>3</ele>
      </trkpt>
      <trkpt lat="47.66438" lon="-2.97786">
        <ele>3</ele>
      </trkpt>
      <trkpt lat="47.66428" lon="-2.9777">
        <ele>3</ele>
      </trkpt>
      <trkpt lat="47.66418" lon="-2.97755">
        <ele>3</ele>
      </trkpt>
      <trkpt lat="47.66408" lon="-2.97739">
        <ele>3</ele>
      </trkpt>
      <trkpt lat="47.66398" lon="-2.97723">
        <ele>3</ele>
      </trkpt>
      <trkpt lat="47.66384" lon="-2.97709">
        <ele>3</ele>
      </trkpt>
      <trkpt lat="47.66367" lon="-2.97701">
        <ele>3</ele>
      </trkpt>
      <trkpt lat="47.6635" lon="-2.97694">
        <ele>3</ele>
      </trkpt>
      <trkpt lat="47.66333" lon="-2.97687">
        <ele>3</ele>
      </trkpt>
      <trkpt lat="47.66316" lon="-2.97679">
        <ele>3</ele>
      </trkpt>
      <trkpt lat="47.66292" lon="-2.97674">
        <ele>3</ele>
      </trkpt>
      <trkpt lat="47.66275" lon="-2.97675">
        <ele>3</ele>
      </trkpt>
      <trkpt lat="47.66257" lon="-2.97675">
        <ele>3</ele>
      </trkpt>
      <trkpt lat="47.6624" lon="-2.97675">
        <ele>3</ele>
      </trkpt>
      <trkpt lat="47.66222" lon="-2.97676">
        <ele>3</ele>
      </trkpt>
      <trkpt lat="47.66205" lon="-2.97677">
        <ele>3</ele>
      </trkpt>
      <trkpt lat="47.66187" lon="-2.97677">
        <ele>3</ele>
      </trkpt>
      <trkpt lat="47.6617" lon="-2.97677">
        <ele>3</ele>
      </trkpt>
      <trkpt lat="47.66152" lon="-2.97678">
        <ele>3</ele>
      </trkpt>
      <trkpt lat="47.66134" lon="-2.97675">
        <ele>3</ele>
      </trkpt>
      <trkpt lat="47.66115" lon="-2.97673">
        <ele>3</ele>
      </trkpt>
      <trkpt lat="47.66092" lon="-2.97673">
        <ele>3</ele>
      </trkpt>
      <trkpt lat="47.6608" lon="-2.97666">
        <ele>3</ele>
      </trkpt>
      <trkpt lat="47.66056" lon="-2.97673">
        <ele>3</ele>
      </trkpt>
      <trkpt lat="47.66031" lon="-2.97681">
        <ele>3</ele>
      </trkpt>
      <trkpt lat="47.66016" lon="-2.97679">
        <ele>3</ele>
      </trkpt>
      <trkpt lat="47.66002" lon="-2.97677">
        <ele>3</ele>
      </trkpt>
      <trkpt lat="47.65987" lon="-2.97676">
        <ele>3</ele>
      </trkpt>
      <trkpt lat="47.65972" lon="-2.97674">
        <ele>3</ele>
      </trkpt>
      <trkpt lat="47.65957" lon="-2.9767">
        <ele>3</ele>
      </trkpt>
      <trkpt lat="47.65942" lon="-2.97666">
        <ele>3</ele>
      </trkpt>
      <trkpt lat="47.65928" lon="-2.97661">
        <ele>3</ele>
      </trkpt>
      <trkpt lat="47.65913" lon="-2.97657">
        <ele>3</ele>
      </trkpt>
      <trkpt lat="47.65892" lon="-2.97649">
        <ele>3</ele>
      </trkpt>
      <trkpt lat="47.6587" lon="-2.9764">
        <ele>4</ele>
      </trkpt>
      <trkpt lat="47.65849" lon="-2.97632">
        <ele>4</ele>
      </trkpt>
      <trkpt lat="47.65828" lon="-2.97623">
        <ele>4</ele>
      </trkpt>
      <trkpt lat="47.65815" lon="-2.97613">
        <ele>4</ele>
      </trkpt>
      <trkpt lat="47.65802" lon="-2.97602">
        <ele>4</ele>
      </trkpt>
      <trkpt lat="47.6579" lon="-2.97592">
        <ele>4</ele>
      </trkpt>
      <trkpt lat="47.65777" lon="-2.97581">
        <ele>4</ele>
      </trkpt>
      <trkpt lat="47.65764" lon="-2.97571">
        <ele>4</ele>
      </trkpt>
      <trkpt lat="47.65751" lon="-2.97561">
        <ele>4</ele>
      </trkpt>
      <trkpt lat="47.65739" lon="-2.9755">
        <ele>4</ele>
      </trkpt>
      <trkpt lat="47.65726" lon="-2.9754">
        <ele>4</ele>
      </trkpt>
      <trkpt lat="47.65713" lon="-2.9753">
        <ele>4</ele>
      </trkpt>
      <trkpt lat="47.657" lon="-2.97519">
        <ele>4</ele>
      </trkpt>
      <trkpt lat="47.65688" lon="-2.97509">
        <ele>4</ele>
      </trkpt>
      <trkpt lat="47.65675" lon="-2.97499">
        <ele>4</ele>
      </trkpt>
      <trkpt lat="47.65662" lon="-2.97488">
        <ele>4</ele>
      </trkpt>
      <trkpt lat="47.65649" lon="-2.97478">
        <ele>4</ele>
      </trkpt>
      <trkpt lat="47.65637" lon="-2.97467">
        <ele>4</ele>
      </trkpt>
      <trkpt lat="47.65624" lon="-2.97457">
        <ele>4</ele>
      </trkpt>
      <trkpt lat="47.6561" lon="-2.97425">
        <ele>4</ele>
      </trkpt>
      <trkpt lat="47.65597" lon="-2.97412">
        <ele>4</ele>
      </trkpt>
      <trkpt lat="47.65585" lon="-2.97399">
        <ele>4</ele>
      </trkpt>
      <trkpt lat="47.65572" lon="-2.97386">
        <ele>4</ele>
      </trkpt>
      <trkpt lat="47.6556" lon="-2.97373">
        <ele>4</ele>
      </trkpt>
      <trkpt lat="47.65547" lon="-2.9736">
        <ele>4</ele>
      </trkpt>
      <trkpt lat="47.65534" lon="-2.97347">
        <ele>4</ele>
      </trkpt>
      <trkpt lat="47.65522" lon="-2.97334">
        <ele>4</ele>
      </trkpt>
      <trkpt lat="47.65509" lon="-2.97321">
        <ele>4</ele>
      </trkpt>
      <trkpt lat="47.65489" lon="-2.97313">
        <ele>4</ele>
      </trkpt>
      <trkpt lat="47.6547" lon="-2.97304">
        <ele>4</ele>
      </trkpt>
      <trkpt lat="47.6545" lon="-2.97296">
        <ele>4</ele>
      </trkpt>
      <trkpt lat="47.6543" lon="-2.97288">
        <ele>4</ele>
      </trkpt>
      <trkpt lat="47.65413" lon="-2.9727">
        <ele>4</ele>
      </trkpt>
      <trkpt lat="47.6539" lon="-2.97258">
        <ele>4</ele>
      </trkpt>
      <trkpt lat="47.65373" lon="-2.97245">
        <ele>4</ele>
      </trkpt>
      <trkpt lat="47.65357" lon="-2.97232">
        <ele>4</ele>
      </trkpt>
      <trkpt lat="47.65333" lon="-2.97222">
        <ele>5</ele>
      </trkpt>
      <trkpt lat="47.65322" lon="-2.97206">
        <ele>5</ele>
      </trkpt>
      <trkpt lat="47.6531" lon="-2.97189">
        <ele>5</ele>
      </trkpt>
      <trkpt lat="47.65303" lon="-2.97161">
        <ele>5</ele>
      </trkpt>
      <trkpt lat="47.65296" lon="-2.97134">
        <ele>5</ele>
      </trkpt>
      <trkpt lat="47.65295" lon="-2.97111">
        <ele>4</ele>
      </trkpt>
      <trkpt lat="47.65293" lon="-2.97087">
        <ele>3</ele>
      </trkpt>
      <trkpt lat="47.65284" lon="-2.97071">
        <ele>3</ele>
      </trkpt>
      <trkpt lat="47.65273" lon="-2.97072">
        <ele>3</ele>
      </trkpt>
      <trkpt lat="47.65264" lon="-2.97105">
        <ele>3</ele>
      </trkpt>
      <trkpt lat="47.6525" lon="-2.97104">
        <ele>3</ele>
      </trkpt>
      <trkpt lat="47.65236" lon="-2.97102">
        <ele>3</ele>
      </trkpt>
      <trkpt lat="47.65231" lon="-2.97099">
        <ele>3</ele>
      </trkpt>
      <trkpt lat="47.6523" lon="-2.9709">
        <ele>4</ele>
      </trkpt>
      <trkpt lat="47.65225" lon="-2.97086">
        <ele>4</ele>
      </trkpt>
      <trkpt lat="47.65207" lon="-2.97083">
        <ele>5</ele>
      </trkpt>
      <trkpt lat="47.65201" lon="-2.97079">
        <ele>5</ele>
      </trkpt>
      <trkpt lat="47.65187" lon="-2.97048">
        <ele>5</ele>
      </trkpt>
      <trkpt lat="47.65172" lon="-2.97017">
        <ele>6</ele>
      </trkpt>
      <trkpt lat="47.65158" lon="-2.96999">
        <ele>6</ele>
      </trkpt>
      <trkpt lat="47.65145" lon="-2.96981">
        <ele>6</ele>
      </trkpt>
      <trkpt lat="47.65131" lon="-2.96963">
        <ele>6</ele>
      </trkpt>
      <trkpt lat="47.65118" lon="-2.96945">
        <ele>6</ele>
      </trkpt>
      <trkpt lat="47.65104" lon="-2.9693">
        <ele>6</ele>
      </trkpt>
      <trkpt lat="47.65091" lon="-2.96915">
        <ele>6</ele>
      </trkpt>
      <trkpt lat="47.6508" lon="-2.96908">
        <ele>6</ele>
      </trkpt>
      <trkpt lat="47.65068" lon="-2.96895">
        <ele>6</ele>
      </trkpt>
      <trkpt lat="47.65056" lon="-2.96876">
        <ele>6</ele>
      </trkpt>
      <trkpt lat="47.65039" lon="-2.96862">
        <ele>6</ele>
      </trkpt>
      <trkpt lat="47.65031" lon="-2.96861">
        <ele>6</ele>
      </trkpt>
      <trkpt lat="47.65017" lon="-2.96839">
        <ele>6</ele>
      </trkpt>
      <trkpt lat="47.65002" lon="-2.96816">
        <ele>5</ele>
      </trkpt>
      <trkpt lat="47.64997" lon="-2.96804">
        <ele>5</ele>
      </trkpt>
      <trkpt lat="47.64997" lon="-2.96786">
        <ele>5</ele>
      </trkpt>
      <trkpt lat="47.64977" lon="-2.96766">
        <ele>5</ele>
      </trkpt>
      <trkpt lat="47.6497" lon="-2.96749">
        <ele>6</ele>
      </trkpt>
      <trkpt lat="47.64959" lon="-2.96744">
        <ele>6</ele>
      </trkpt>
      <trkpt lat="47.64954" lon="-2.96739">
        <ele>6</ele>
      </trkpt>
      <trkpt lat="47.64951" lon="-2.96728">
        <ele>6</ele>
      </trkpt>
      <trkpt lat="47.64945" lon="-2.96723">
        <ele>6</ele>
      </trkpt>
      <trkpt lat="47.64939" lon="-2.9669">
        <ele>4</ele>
      </trkpt>
      <trkpt lat="47.64933" lon="-2.96687">
        <ele>4</ele>
      </trkpt>
      <trkpt lat="47.64927" lon="-2.96691">
        <ele>4</ele>
      </trkpt>
      <trkpt lat="47.64918" lon="-2.96688">
        <ele>4</ele>
      </trkpt>
      <trkpt lat="47.64899" lon="-2.96677">
        <ele>4</ele>
      </trkpt>
      <trkpt lat="47.64881" lon="-2.96666">
        <ele>6</ele>
      </trkpt>
      <trkpt lat="47.64869" lon="-2.9667">
        <ele>6</ele>
      </trkpt>
      <trkpt lat="47.64859" lon="-2.96664">
        <ele>7</ele>
      </trkpt>
      <trkpt lat="47.64846" lon="-2.96645">
        <ele>7</ele>
      </trkpt>
      <trkpt lat="47.64833" lon="-2.96626">
        <ele>7</ele>
      </trkpt>
      <trkpt lat="47.64816" lon="-2.96608">
        <ele>7</ele>
      </trkpt>
      <trkpt lat="47.64799" lon="-2.96589">
        <ele>8</ele>
      </trkpt>
      <trkpt lat="47.64789" lon="-2.96575">
        <ele>8</ele>
      </trkpt>
      <trkpt lat="47.64778" lon="-2.96562">
        <ele>8</ele>
      </trkpt>
      <trkpt lat="47.64768" lon="-2.96549">
        <ele>8</ele>
      </trkpt>
      <trkpt lat="47.64758" lon="-2.96535">
        <ele>8</ele>
      </trkpt>
      <trkpt lat="47.64742" lon="-2.96527">
        <ele>8</ele>
      </trkpt>
      <trkpt lat="47.64726" lon="-2.96519">
        <ele>8</ele>
      </trkpt>
      <trkpt lat="47.64702" lon="-2.96503">
        <ele>7</ele>
      </trkpt>
      <trkpt lat="47.6468" lon="-2.96482">
        <ele>7</ele>
      </trkpt>
      <trkpt lat="47.64657" lon="-2.96465">
        <ele>7</ele>
      </trkpt>
      <trkpt lat="47.64642" lon="-2.96438">
        <ele>6</ele>
      </trkpt>
      <trkpt lat="47.64625" lon="-2.96431">
        <ele>6</ele>
      </trkpt>
      <trkpt lat="47.6461" lon="-2.96416">
        <ele>6</ele>
      </trkpt>
      <trkpt lat="47.64594" lon="-2.96401">
        <ele>5</ele>
      </trkpt>
      <trkpt lat="47.64588" lon="-2.96382">
        <ele>5</ele>
      </trkpt>
      <trkpt lat="47.64583" lon="-2.96364">
        <ele>5</ele>
      </trkpt>
      <trkpt lat="47.64569" lon="-2.96364">
        <ele>5</ele>
      </trkpt>
      <trkpt lat="47.64555" lon="-2.96363">
        <ele>5</ele>
      </trkpt>
      <trkpt lat="47.64541" lon="-2.96363">
        <ele>5</ele>
      </trkpt>
      <trkpt lat="47.64526" lon="-2.96362">
        <ele>6</ele>
      </trkpt>
      <trkpt lat="47.64512" lon="-2.96362">
        <ele>7</ele>
      </trkpt>
      <trkpt lat="47.64498" lon="-2.96362">
        <ele>7</ele>
      </trkpt>
      <trkpt lat="47.64484" lon="-2.96361">
        <ele>7</ele>
      </trkpt>
      <trkpt lat="47.6447" lon="-2.96361">
        <ele>7</ele>
      </trkpt>
      <trkpt lat="47.64449" lon="-2.96372">
        <ele>6</ele>
      </trkpt>
      <trkpt lat="47.64429" lon="-2.96382">
        <ele>6</ele>
      </trkpt>
      <trkpt lat="47.64414" lon="-2.964">
        <ele>6</ele>
      </trkpt>
      <trkpt lat="47.64399" lon="-2.96417">
        <ele>6</ele>
      </trkpt>
      <trkpt lat="47.64383" lon="-2.96434">
        <ele>6</ele>
      </trkpt>
      <trkpt lat="47.64368" lon="-2.96452">
        <ele>5</ele>
      </trkpt>
      <trkpt lat="47.64352" lon="-2.96474">
        <ele>5</ele>
      </trkpt>
      <trkpt lat="47.64335" lon="-2.96497">
        <ele>5</ele>
      </trkpt>
      <trkpt lat="47.64313" lon="-2.96507">
        <ele>5</ele>
      </trkpt>
      <trkpt lat="47.64291" lon="-2.96517">
        <ele>5</ele>
      </trkpt>
      <trkpt lat="47.64274" lon="-2.96534">
        <ele>5</ele>
      </trkpt>
      <trkpt lat="47.64259" lon="-2.96544">
        <ele>6</ele>
      </trkpt>
      <trkpt lat="47.64244" lon="-2.96564">
        <ele>8</ele>
      </trkpt>
      <trkpt lat="47.6423" lon="-2.96584">
        <ele>8</ele>
      </trkpt>
      <trkpt lat="47.6422" lon="-2.96601">
        <ele>8</ele>
      </trkpt>
      <trkpt lat="47.6421" lon="-2.96617">
        <ele>8</ele>
      </trkpt>
      <trkpt lat="47.642" lon="-2.96634">
        <ele>8</ele>
      </trkpt>
      <trkpt lat="47.6419" lon="-2.96651">
        <ele>8</ele>
      </trkpt>
      <trkpt lat="47.64173" lon="-2.96669">
        <ele>8</ele>
      </trkpt>
      <trkpt lat="47.64156" lon="-2.96687">
        <ele>7</ele>
      </trkpt>
      <trkpt lat="47.64139" lon="-2.96706">
        <ele>7</ele>
      </trkpt>
      <trkpt lat="47.64122" lon="-2.96724">
        <ele>7</ele>
      </trkpt>
      <trkpt lat="47.64108" lon="-2.96741">
        <ele>6</ele>
      </trkpt>
      <trkpt lat="47.64095" lon="-2.96759">
        <ele>5</ele>
      </trkpt>
      <trkpt lat="47.64071" lon="-2.96751">
        <ele>5</ele>
      </trkpt>
      <trkpt lat="47.64048" lon="-2.96747">
        <ele>5</ele>
      </trkpt>
      <trkpt lat="47.64026" lon="-2.96743">
        <ele>5</ele>
      </trkpt>
      <trkpt lat="47.64005" lon="-2.96746">
        <ele>7</ele>
      </trkpt>
      <trkpt lat="47.63983" lon="-2.96748">
        <ele>7</ele>
      </trkpt>
      <trkpt lat="47.63972" lon="-2.96762">
        <ele>7</ele>
      </trkpt>
      <trkpt lat="47.63961" lon="-2.96777">
        <ele>7</ele>
      </trkpt>
      <trkpt lat="47.6395" lon="-2.96791">
        <ele>7</ele>
      </trkpt>
      <trkpt lat="47.63939" lon="-2.96806">
        <ele>5</ele>
      </trkpt>
      <trkpt lat="47.63923" lon="-2.96812">
        <ele>4</ele>
      </trkpt>
      <trkpt lat="47.63904" lon="-2.96795">
        <ele>3</ele>
      </trkpt>
      <trkpt lat="47.63885" lon="-2.96791">
        <ele>3</ele>
      </trkpt>
      <trkpt lat="47.6388" lon="-2.96758">
        <ele>3</ele>
      </trkpt>
      <trkpt lat="47.63885" lon="-2.96723">
        <ele>4</ele>
      </trkpt>
      <trkpt lat="47.63895" lon="-2.96721">
        <ele>5</ele>
      </trkpt>
      <trkpt lat="47.63912" lon="-2.96692">
        <ele>8</ele>
      </trkpt>
      <trkpt lat="47.63923" lon="-2.96657">
        <ele>9</ele>
      </trkpt>
      <trkpt lat="47.63934" lon="-2.96622">
        <ele>9</ele>
      </trkpt>
      <trkpt lat="47.6393" lon="-2.96589">
        <ele>9</ele>
      </trkpt>
      <trkpt lat="47.63934" lon="-2.96567">
        <ele>9</ele>
      </trkpt>
      <trkpt lat="47.63933" lon="-2.96536">
        <ele>9</ele>
      </trkpt>
      <trkpt lat="47.63935" lon="-2.96511">
        <ele>9</ele>
      </trkpt>
      <trkpt lat="47.63937" lon="-2.96485">
        <ele>9</ele>
      </trkpt>
      <trkpt lat="47.63937" lon="-2.9646">
        <ele>8</ele>
      </trkpt>
      <trkpt lat="47.63936" lon="-2.96435">
        <ele>7</ele>
      </trkpt>
      <trkpt lat="47.63936" lon="-2.9641">
        <ele>7</ele>
      </trkpt>
      <trkpt lat="47.63936" lon="-2.96385">
        <ele>6</ele>
      </trkpt>
      <trkpt lat="47.63922" lon="-2.96355">
        <ele>5</ele>
      </trkpt>
      <trkpt lat="47.63917" lon="-2.96331">
        <ele>5</ele>
      </trkpt>
      <trkpt lat="47.6392" lon="-2.96305">
        <ele>5</ele>
      </trkpt>
      <trkpt lat="47.63914" lon="-2.96285">
        <ele>5</ele>
      </trkpt>
      <trkpt lat="47.63909" lon="-2.96265">
        <ele>5</ele>
      </trkpt>
      <trkpt lat="47.63903" lon="-2.96244">
        <ele>5</ele>
      </trkpt>
      <trkpt lat="47.63897" lon="-2.96224">
        <ele>5</ele>
      </trkpt>
      <trkpt lat="47.63887" lon="-2.96202">
        <ele>5</ele>
      </trkpt>
      <trkpt lat="47.63878" lon="-2.96179">
        <ele>5</ele>
      </trkpt>
      <trkpt lat="47.63884" lon="-2.9615">
        <ele>5</ele>
      </trkpt>
      <trkpt lat="47.6389" lon="-2.9612">
        <ele>5</ele>
      </trkpt>
      <trkpt lat="47.63897" lon="-2.96099">
        <ele>5</ele>
      </trkpt>
      <trkpt lat="47.63904" lon="-2.96079">
        <ele>5</ele>
      </trkpt>
      <trkpt lat="47.63907" lon="-2.96051">
        <ele>5</ele>
      </trkpt>
      <trkpt lat="47.63898" lon="-2.96015">
        <ele>5</ele>
      </trkpt>
      <trkpt lat="47.63883" lon="-2.95984">
        <ele>5</ele>
      </trkpt>
      <trkpt lat="47.63891" lon="-2.95949">
        <ele>6</ele>
      </trkpt>
      <trkpt lat="47.6389" lon="-2.95929">
        <ele>7</ele>
      </trkpt>
      <trkpt lat="47.63888" lon="-2.95909">
        <ele>7</ele>
      </trkpt>
      <trkpt lat="47.63891" lon="-2.95885">
        <ele>7</ele>
      </trkpt>
      <trkpt lat="47.63893" lon="-2.95861">
        <ele>7</ele>
      </trkpt>
      <trkpt lat="47.63891" lon="-2.95824">
        <ele>7</ele>
      </trkpt>
      <trkpt lat="47.6389" lon="-2.95787">
        <ele>7</ele>
      </trkpt>
      <trkpt lat="47.63904" lon="-2.95763">
        <ele>8</ele>
      </trkpt>
      <trkpt lat="47.63919" lon="-2.9574">
        <ele>9</ele>
      </trkpt>
      <trkpt lat="47.63924" lon="-2.95711">
        <ele>9</ele>
      </trkpt>
      <trkpt lat="47.63931" lon="-2.95684">
        <ele>9</ele>
      </trkpt>
      <trkpt lat="47.63938" lon="-2.95657">
        <ele>9</ele>
      </trkpt>
      <trkpt lat="47.63944" lon="-2.95629">
        <ele>8</ele>
      </trkpt>
      <trkpt lat="47.63951" lon="-2.95602">
        <ele>8</ele>
      </trkpt>
      <trkpt lat="47.63957" lon="-2.95582">
        <ele>8</ele>
      </trkpt>
      <trkpt lat="47.63963" lon="-2.95563">
        <ele>7</ele>
      </trkpt>
      <trkpt lat="47.63977" lon="-2.95537">
        <ele>7</ele>
      </trkpt>
      <trkpt lat="47.63977" lon="-2.95515">
        <ele>7</ele>
      </trkpt>
      <trkpt lat="47.63977" lon="-2.95494">
        <ele>7</ele>
      </trkpt>
      <trkpt lat="47.63987" lon="-2.95471">
        <ele>8</ele>
      </trkpt>
      <trkpt lat="47.63997" lon="-2.95447">
        <ele>8</ele>
      </trkpt>
      <trkpt lat="47.64014" lon="-2.95428">
        <ele>8</ele>
      </trkpt>
      <trkpt lat="47.64032" lon="-2.95431">
        <ele>10</ele>
      </trkpt>
      <trkpt lat="47.64049" lon="-2.95434">
        <ele>10</ele>
      </trkpt>
      <trkpt lat="47.64069" lon="-2.95424">
        <ele>10</ele>
      </trkpt>
      <trkpt lat="47.64072" lon="-2.95428">
        <ele>10</ele>
      </trkpt>
      <trkpt lat="47.64076" lon="-2.95408">
        <ele>9</ele>
      </trkpt>
      <trkpt lat="47.64079" lon="-2.95388">
        <ele>1</ele>
      </trkpt>
      <trkpt lat="47.64083" lon="-2.95368">
        <ele>1</ele>
      </trkpt>
      <trkpt lat="47.64087" lon="-2.95348">
        <ele>1</ele>
      </trkpt>
      <trkpt lat="47.6409" lon="-2.95327">
        <ele>1</ele>
      </trkpt>
      <trkpt lat="47.64094" lon="-2.95307">
        <ele>1</ele>
      </trkpt>
      <trkpt lat="47.64097" lon="-2.95287">
        <ele>4</ele>
      </trkpt>
      <trkpt lat="47.64101" lon="-2.95267">
        <ele>4</ele>
      </trkpt>
      <trkpt lat="47.64095" lon="-2.95272">
        <ele>4</ele>
      </trkpt>
      <trkpt lat="47.64089" lon="-2.953">
        <ele>4</ele>
      </trkpt>
      <trkpt lat="47.64076" lon="-2.95295">
        <ele>4</ele>
      </trkpt>
      <trkpt lat="47.64066" lon="-2.95263">
        <ele>4</ele>
      </trkpt>
      <trkpt lat="47.64069" lon="-2.95242">
        <ele>4</ele>
      </trkpt>
      <trkpt lat="47.64072" lon="-2.95221">
        <ele>3</ele>
      </trkpt>
      <trkpt lat="47.64075" lon="-2.95199">
        <ele>4</ele>
      </trkpt>
      <trkpt lat="47.64078" lon="-2.95178">
        <ele>4</ele>
      </trkpt>
      <trkpt lat="47.64074" lon="-2.95152">
        <ele>4</ele>
      </trkpt>
      <trkpt lat="47.64069" lon="-2.95134">
        <ele>4</ele>
      </trkpt>
      <trkpt lat="47.64063" lon="-2.95124">
        <ele>4</ele>
      </trkpt>
      <trkpt lat="47.64055" lon="-2.95121">
        <ele>4</ele>
      </trkpt>
      <trkpt lat="47.64049" lon="-2.95129">
        <ele>5</ele>
      </trkpt>
      <trkpt lat="47.6404" lon="-2.95164">
        <ele>5</ele>
      </trkpt>
      <trkpt lat="47.64032" lon="-2.95199">
        <ele>5</ele>
      </trkpt>
      <trkpt lat="47.64023" lon="-2.95233">
        <ele>5</ele>
      </trkpt>
      <trkpt lat="47.64014" lon="-2.95268">
        <ele>4</ele>
      </trkpt>
      <trkpt lat="47.63998" lon="-2.9528">
        <ele>3</ele>
      </trkpt>
      <trkpt lat="47.63982" lon="-2.95291">
        <ele>3</ele>
      </trkpt>
      <trkpt lat="47.63976" lon="-2.95288">
        <ele>3</ele>
      </trkpt>
      <trkpt lat="47.6396" lon="-2.953">
        <ele>3</ele>
      </trkpt>
      <trkpt lat="47.63942" lon="-2.95309">
        <ele>4</ele>
      </trkpt>
      <trkpt lat="47.6393" lon="-2.95328">
        <ele>4</ele>
      </trkpt>
      <trkpt lat="47.63917" lon="-2.95346">
        <ele>4</ele>
      </trkpt>
      <trkpt lat="47.63906" lon="-2.95367">
        <ele>4</ele>
      </trkpt>
      <trkpt lat="47.63898" lon="-2.95401">
        <ele>4</ele>
      </trkpt>
      <trkpt lat="47.6389" lon="-2.95418">
        <ele>4</ele>
      </trkpt>
      <trkpt lat="47.63883" lon="-2.95435">
        <ele>4</ele>
      </trkpt>
      <trkpt lat="47.63873" lon="-2.95463">
        <ele>4</ele>
      </trkpt>
      <trkpt lat="47.63864" lon="-2.95492">
        <ele>4</ele>
      </trkpt>
      <trkpt lat="47.63856" lon="-2.95504">
        <ele>3</ele>
      </trkpt>
      <trkpt lat="47.63848" lon="-2.95526">
        <ele>3</ele>
      </trkpt>
      <trkpt lat="47.6384" lon="-2.95549">
        <ele>3</ele>
      </trkpt>
      <trkpt lat="47.63831" lon="-2.95572">
        <ele>3</ele>
      </trkpt>
      <trkpt lat="47.63823" lon="-2.95594">
        <ele>3</ele>
      </trkpt>
      <trkpt lat="47.63813" lon="-2.95618">
        <ele>3</ele>
      </trkpt>
      <trkpt lat="47.63802" lon="-2.95642">
        <ele>3</ele>
      </trkpt>
      <trkpt lat="47.63792" lon="-2.95666">
        <ele>3</ele>
      </trkpt>
      <trkpt lat="47.63782" lon="-2.9569">
        <ele>3</ele>
      </trkpt>
      <trkpt lat="47.63776" lon="-2.95709">
        <ele>3</ele>
      </trkpt>
      <trkpt lat="47.6377" lon="-2.95729">
        <ele>4</ele>
      </trkpt>
      <trkpt lat="47.63752" lon="-2.95758">
        <ele>4</ele>
      </trkpt>
      <trkpt lat="47.63746" lon="-2.95733">
        <ele>9</ele>
      </trkpt>
      <trkpt lat="47.63732" lon="-2.95738">
        <ele>10</ele>
      </trkpt>
      <trkpt lat="47.63719" lon="-2.95744">
        <ele>10</ele>
      </trkpt>
      <trkpt lat="47.63703" lon="-2.95748">
        <ele>10</ele>
      </trkpt>
      <trkpt lat="47.63688" lon="-2.95751">
        <ele>11</ele>
      </trkpt>
      <trkpt lat="47.63669" lon="-2.95757">
        <ele>12</ele>
      </trkpt>
      <trkpt lat="47.6365" lon="-2.95763">
        <ele>13</ele>
      </trkpt>
      <trkpt lat="47.63631" lon="-2.95769">
        <ele>14</ele>
      </trkpt>
      <trkpt lat="47.63612" lon="-2.95775">
        <ele>14</ele>
      </trkpt>
      <trkpt lat="47.63609" lon="-2.95747">
        <ele>15</ele>
      </trkpt>
      <trkpt lat="47.63606" lon="-2.95718">
        <ele>15</ele>
      </trkpt>
      <trkpt lat="47.63607" lon="-2.95683">
        <ele>16</ele>
      </trkpt>
      <trkpt lat="47.63607" lon="-2.95649">
        <ele>17</ele>
      </trkpt>
      <trkpt lat="47.6361" lon="-2.95619">
        <ele>18</ele>
      </trkpt>
      <trkpt lat="47.63613" lon="-2.95589">
        <ele>20</ele>
      </trkpt>
      <trkpt lat="47.63605" lon="-2.95571">
        <ele>20</ele>
      </trkpt>
      <trkpt lat="47.63598" lon="-2.95553">
        <ele>20</ele>
      </trkpt>
      <trkpt lat="47.63578" lon="-2.95571">
        <ele>20</ele>
      </trkpt>
      <trkpt lat="47.63557" lon="-2.95589">
        <ele>19</ele>
      </trkpt>
      <trkpt lat="47.63553" lon="-2.956">
        <ele>19</ele>
      </trkpt>
      <trkpt lat="47.63536" lon="-2.95612">
        <ele>18</ele>
      </trkpt>
      <trkpt lat="47.6352" lon="-2.95625">
        <ele>18</ele>
      </trkpt>
      <trkpt lat="47.63503" lon="-2.95637">
        <ele>17</ele>
      </trkpt>
      <trkpt lat="47.63486" lon="-2.95649">
        <ele>17</ele>
      </trkpt>
      <trkpt lat="47.63467" lon="-2.9567">
        <ele>17</ele>
      </trkpt>
      <trkpt lat="47.63448" lon="-2.95691">
        <ele>17</ele>
      </trkpt>
      <trkpt lat="47.63428" lon="-2.95713">
        <ele>16</ele>
      </trkpt>
      <trkpt lat="47.63409" lon="-2.95734">
        <ele>16</ele>
      </trkpt>
      <trkpt lat="47.63405" lon="-2.95748">
        <ele>16</ele>
      </trkpt>
      <trkpt lat="47.63385" lon="-2.95761">
        <ele>16</ele>
      </trkpt>
      <trkpt lat="47.63364" lon="-2.95775">
        <ele>16</ele>
      </trkpt>
      <trkpt lat="47.6334" lon="-2.95763">
        <ele>16</ele>
      </trkpt>
      <trkpt lat="47.63317" lon="-2.95756">
        <ele>16</ele>
      </trkpt>
      <trkpt lat="47.63294" lon="-2.95749">
        <ele>9</ele>
      </trkpt>
      <trkpt lat="47.63285" lon="-2.95751">
        <ele>7</ele>
      </trkpt>
      <trkpt lat="47.63276" lon="-2.95738">
        <ele>4</ele>
      </trkpt>
      <trkpt lat="47.6326" lon="-2.95728">
        <ele>3</ele>
      </trkpt>
      <trkpt lat="47.63238" lon="-2.95738">
        <ele>3</ele>
      </trkpt>
      <trkpt lat="47.63217" lon="-2.95748">
        <ele>3</ele>
      </trkpt>
      <trkpt lat="47.63202" lon="-2.95752">
        <ele>3</ele>
      </trkpt>
      <trkpt lat="47.63188" lon="-2.95757">
        <ele>3</ele>
      </trkpt>
      <trkpt lat="47.63171" lon="-2.95752">
        <ele>3</ele>
      </trkpt>
      <trkpt lat="47.63156" lon="-2.95744">
        <ele>3</ele>
      </trkpt>
      <trkpt lat="47.63143" lon="-2.95742">
        <ele>3</ele>
      </trkpt>
      <trkpt lat="47.63127" lon="-2.95744">
        <ele>3</ele>
      </trkpt>
      <trkpt lat="47.63117" lon="-2.95737">
        <ele>3</ele>
      </trkpt>
      <trkpt lat="47.63105" lon="-2.95746">
        <ele>3</ele>
      </trkpt>
      <trkpt lat="47.63105" lon="-2.95758">
        <ele>3</ele>
      </trkpt>
      <trkpt lat="47.63091" lon="-2.95765">
        <ele>3</ele>
      </trkpt>
      <trkpt lat="47.63077" lon="-2.95773">
        <ele>3</ele>
      </trkpt>
      <trkpt lat="47.63072" lon="-2.95796">
        <ele>3</ele>
      </trkpt>
      <trkpt lat="47.63067" lon="-2.95818">
        <ele>3</ele>
      </trkpt>
      <trkpt lat="47.63068" lon="-2.95827">
        <ele>4</ele>
      </trkpt>
      <trkpt lat="47.63055" lon="-2.95842">
        <ele>4</ele>
      </trkpt>
      <trkpt lat="47.63045" lon="-2.95862">
        <ele>4</ele>
      </trkpt>
      <trkpt lat="47.6303" lon="-2.95859">
        <ele>5</ele>
      </trkpt>
      <trkpt lat="47.63016" lon="-2.95857">
        <ele>5</ele>
      </trkpt>
      <trkpt lat="47.62999" lon="-2.9587">
        <ele>5</ele>
      </trkpt>
      <trkpt lat="47.6298" lon="-2.95873">
        <ele>6</ele>
      </trkpt>
      <trkpt lat="47.62961" lon="-2.95876">
        <ele>6</ele>
      </trkpt>
      <trkpt lat="47.62936" lon="-2.9589">
        <ele>6</ele>
      </trkpt>
      <trkpt lat="47.62924" lon="-2.95889">
        <ele>6</ele>
      </trkpt>
      <trkpt lat="47.62911" lon="-2.95881">
        <ele>7</ele>
      </trkpt>
      <trkpt lat="47.62894" lon="-2.95881">
        <ele>7</ele>
      </trkpt>
      <trkpt lat="47.62879" lon="-2.95872">
        <ele>8</ele>
      </trkpt>
      <trkpt lat="47.62865" lon="-2.95855">
        <ele>8</ele>
      </trkpt>
      <trkpt lat="47.62854" lon="-2.95853">
        <ele>8</ele>
      </trkpt>
      <trkpt lat="47.62829" lon="-2.95841">
        <ele>8</ele>
      </trkpt>
      <trkpt lat="47.62812" lon="-2.95841">
        <ele>8</ele>
      </trkpt>
      <trkpt lat="47.62794" lon="-2.95841">
        <ele>7</ele>
      </trkpt>
      <trkpt lat="47.62774" lon="-2.95836">
        <ele>6</ele>
      </trkpt>
      <trkpt lat="47.62772" lon="-2.95848">
        <ele>3</ele>
      </trkpt>
      <trkpt lat="47.62764" lon="-2.95857">
        <ele>3</ele>
      </trkpt>
      <trkpt lat="47.62754" lon="-2.95855">
        <ele>3</ele>
      </trkpt>
      <trkpt lat="47.62747" lon="-2.95837">
        <ele>3</ele>
      </trkpt>
      <trkpt lat="47.62743" lon="-2.95815">
        <ele>3</ele>
      </trkpt>
      <trkpt lat="47.62739" lon="-2.95794">
        <ele>3</ele>
      </trkpt>
      <trkpt lat="47.62739" lon="-2.95777">
        <ele>3</ele>
      </trkpt>
      <trkpt lat="47.62747" lon="-2.95747">
        <ele>3</ele>
      </trkpt>
      <trkpt lat="47.62754" lon="-2.95717">
        <ele>3</ele>
      </trkpt>
      <trkpt lat="47.62736" lon="-2.95728">
        <ele>3</ele>
      </trkpt>
      <trkpt lat="47.62718" lon="-2.95738">
        <ele>3</ele>
      </trkpt>
      <trkpt lat="47.62705" lon="-2.95725">
        <ele>3</ele>
      </trkpt>
      <trkpt lat="47.62692" lon="-2.95711">
        <ele>3</ele>
      </trkpt>
      <trkpt lat="47.62681" lon="-2.95693">
        <ele>3</ele>
      </trkpt>
      <trkpt lat="47.62669" lon="-2.95675">
        <ele>3</ele>
      </trkpt>
      <trkpt lat="47.62657" lon="-2.95659">
        <ele>3</ele>
      </trkpt>
      <trkpt lat="47.62645" lon="-2.95643">
        <ele>3</ele>
      </trkpt>
      <trkpt lat="47.62632" lon="-2.95628">
        <ele>3</ele>
      </trkpt>
      <trkpt lat="47.6262" lon="-2.95612">
        <ele>3</ele>
      </trkpt>
      <trkpt lat="47.62616" lon="-2.95591">
        <ele>3</ele>
      </trkpt>
      <trkpt lat="47.62617" lon="-2.95561">
        <ele>3</ele>
      </trkpt>
      <trkpt lat="47.62624" lon="-2.95533">
        <ele>3</ele>
      </trkpt>
      <trkpt lat="47.6263" lon="-2.95506">
        <ele>3</ele>
      </trkpt>
      <trkpt lat="47.62636" lon="-2.95479">
        <ele>3</ele>
      </trkpt>
      <trkpt lat="47.62643" lon="-2.95451">
        <ele>3</ele>
      </trkpt>
      <trkpt lat="47.62651" lon="-2.95428">
        <ele>3</ele>
      </trkpt>
      <trkpt lat="47.62659" lon="-2.95405">
        <ele>3</ele>
      </trkpt>
      <trkpt lat="47.62664" lon="-2.95385">
        <ele>4</ele>
      </trkpt>
      <trkpt lat="47.62669" lon="-2.95365">
        <ele>4</ele>
      </trkpt>
      <trkpt lat="47.6267" lon="-2.95358">
        <ele>4</ele>
      </trkpt>
      <trkpt lat="47.62666" lon="-2.9534">
        <ele>4</ele>
      </trkpt>
      <trkpt lat="47.62667" lon="-2.95316">
        <ele>4</ele>
      </trkpt>
      <trkpt lat="47.62671" lon="-2.95294">
        <ele>4</ele>
      </trkpt>
      <trkpt lat="47.62678" lon="-2.95284">
        <ele>4</ele>
      </trkpt>
      <trkpt lat="47.6268" lon="-2.95273">
        <ele>4</ele>
      </trkpt>
      <trkpt lat="47.62684" lon="-2.95267">
        <ele>4</ele>
      </trkpt>
      <trkpt lat="47.62697" lon="-2.95259">
        <ele>4</ele>
      </trkpt>
      <trkpt lat="47.62702" lon="-2.95237">
        <ele>4</ele>
      </trkpt>
      <trkpt lat="47.62712" lon="-2.95216">
        <ele>4</ele>
      </trkpt>
      <trkpt lat="47.62721" lon="-2.95194">
        <ele>4</ele>
      </trkpt>
      <trkpt lat="47.6273" lon="-2.95166">
        <ele>4</ele>
      </trkpt>
      <trkpt lat="47.62732" lon="-2.95144">
        <ele>4</ele>
      </trkpt>
      <trkpt lat="47.62735" lon="-2.95123">
        <ele>4</ele>
      </trkpt>
      <trkpt lat="47.62738" lon="-2.95101">
        <ele>4</ele>
      </trkpt>
      <trkpt lat="47.6274" lon="-2.9508">
        <ele>3</ele>
      </trkpt>
      <trkpt lat="47.62743" lon="-2.95071">
        <ele>3</ele>
      </trkpt>
      <trkpt lat="47.62758" lon="-2.95061">
        <ele>3</ele>
      </trkpt>
      <trkpt lat="47.62764" lon="-2.95046">
        <ele>3</ele>
      </trkpt>
      <trkpt lat="47.62781" lon="-2.95028">
        <ele>3</ele>
      </trkpt>
      <trkpt lat="47.62798" lon="-2.9501">
        <ele>3</ele>
      </trkpt>
      <trkpt lat="47.62803" lon="-2.95002">
        <ele>3</ele>
      </trkpt>
      <trkpt lat="47.62797" lon="-2.94977">
        <ele>3</ele>
      </trkpt>
      <trkpt lat="47.6279" lon="-2.94953">
        <ele>3</ele>
      </trkpt>
      <trkpt lat="47.62781" lon="-2.9493">
        <ele>3</ele>
      </trkpt>
      <trkpt lat="47.62772" lon="-2.94908">
        <ele>3</ele>
      </trkpt>
      <trkpt lat="47.62764" lon="-2.94874">
        <ele>3</ele>
      </trkpt>
      <trkpt lat="47.62756" lon="-2.94839">
        <ele>3</ele>
      </trkpt>
      <trkpt lat="47.6276" lon="-2.94832">
        <ele>3</ele>
      </trkpt>
      <trkpt lat="47.62782" lon="-2.9481">
        <ele>3</ele>
      </trkpt>
      <trkpt lat="47.62794" lon="-2.94805">
        <ele>3</ele>
      </trkpt>
      <trkpt lat="47.62803" lon="-2.94822">
        <ele>3</ele>
      </trkpt>
      <trkpt lat="47.62822" lon="-2.94806">
        <ele>3</ele>
      </trkpt>
      <trkpt lat="47.62841" lon="-2.94789">
        <ele>3</ele>
      </trkpt>
      <trkpt lat="47.6286" lon="-2.94773">
        <ele>3</ele>
      </trkpt>
      <trkpt lat="47.62879" lon="-2.94756">
        <ele>3</ele>
      </trkpt>
      <trkpt lat="47.62897" lon="-2.9474">
        <ele>3</ele>
      </trkpt>
      <trkpt lat="47.62916" lon="-2.94723">
        <ele>3</ele>
      </trkpt>
      <trkpt lat="47.62935" lon="-2.94707">
        <ele>3</ele>
      </trkpt>
      <trkpt lat="47.62954" lon="-2.9469">
        <ele>3</ele>
      </trkpt>
      <trkpt lat="47.62954" lon="-2.94681">
        <ele>3</ele>
      </trkpt>
      <trkpt lat="47.62947" lon="-2.9465">
        <ele>3</ele>
      </trkpt>
      <trkpt lat="47.62937" lon="-2.94622">
        <ele>3</ele>
      </trkpt>
      <trkpt lat="47.62929" lon="-2.94607">
        <ele>3</ele>
      </trkpt>
      <trkpt lat="47.62921" lon="-2.94596">
        <ele>3</ele>
      </trkpt>
      <trkpt lat="47.62913" lon="-2.94594">
        <ele>3</ele>
      </trkpt>
      <trkpt lat="47.62893" lon="-2.94583">
        <ele>3</ele>
      </trkpt>
      <trkpt lat="47.62887" lon="-2.94565">
        <ele>3</ele>
      </trkpt>
      <trkpt lat="47.62889" lon="-2.94538">
        <ele>4</ele>
      </trkpt>
      <trkpt lat="47.62891" lon="-2.94512">
        <ele>5</ele>
      </trkpt>
      <trkpt lat="47.62893" lon="-2.94486">
        <ele>5</ele>
      </trkpt>
      <trkpt lat="47.62895" lon="-2.94459">
        <ele>5</ele>
      </trkpt>
      <trkpt lat="47.62884" lon="-2.94431">
        <ele>5</ele>
      </trkpt>
      <trkpt lat="47.62891" lon="-2.94408">
        <ele>5</ele>
      </trkpt>
      <trkpt lat="47.62899" lon="-2.94385">
        <ele>5</ele>
      </trkpt>
      <trkpt lat="47.62907" lon="-2.94371">
        <ele>5</ele>
      </trkpt>
      <trkpt lat="47.6291" lon="-2.94356">
        <ele>5</ele>
      </trkpt>
      <trkpt lat="47.6292" lon="-2.94336">
        <ele>5</ele>
      </trkpt>
      <trkpt lat="47.62927" lon="-2.94315">
        <ele>5</ele>
      </trkpt>
      <trkpt lat="47.62933" lon="-2.94295">
        <ele>5</ele>
      </trkpt>
      <trkpt lat="47.62935" lon="-2.94279">
        <ele>5</ele>
      </trkpt>
      <trkpt lat="47.62926" lon="-2.94249">
        <ele>5</ele>
      </trkpt>
      <trkpt lat="47.62928" lon="-2.94234">
        <ele>5</ele>
      </trkpt>
      <trkpt lat="47.62923" lon="-2.94221">
        <ele>5</ele>
      </trkpt>
      <trkpt lat="47.6292" lon="-2.94198">
        <ele>5</ele>
      </trkpt>
      <trkpt lat="47.62913" lon="-2.9418">
        <ele>4</ele>
      </trkpt>
      <trkpt lat="47.62905" lon="-2.94162">
        <ele>4</ele>
      </trkpt>
      <trkpt lat="47.62899" lon="-2.94137">
        <ele>3</ele>
      </trkpt>
      <trkpt lat="47.62892" lon="-2.94111">
        <ele>3</ele>
      </trkpt>
      <trkpt lat="47.62886" lon="-2.94091">
        <ele>3</ele>
      </trkpt>
      <trkpt lat="47.62879" lon="-2.94071">
        <ele>3</ele>
      </trkpt>
      <trkpt lat="47.6287" lon="-2.94064">
        <ele>3</ele>
      </trkpt>
      <trkpt lat="47.62862" lon="-2.94053">
        <ele>3</ele>
      </trkpt>
      <trkpt lat="47.6285" lon="-2.94019">
        <ele>3</ele>
      </trkpt>
      <trkpt lat="47.62838" lon="-2.94007">
        <ele>3</ele>
      </trkpt>
      <trkpt lat="47.62826" lon="-2.93995">
        <ele>3</ele>
      </trkpt>
      <trkpt lat="47.62813" lon="-2.93983">
        <ele>3</ele>
      </trkpt>
      <trkpt lat="47.62801" lon="-2.93971">
        <ele>3</ele>
      </trkpt>
      <trkpt lat="47.62787" lon="-2.93955">
        <ele>3</ele>
      </trkpt>
      <trkpt lat="47.62773" lon="-2.93939">
        <ele>3</ele>
      </trkpt>
      <trkpt lat="47.62764" lon="-2.93919">
        <ele>3</ele>
      </trkpt>
      <trkpt lat="47.6275" lon="-2.93905">
        <ele>3</ele>
      </trkpt>
      <trkpt lat="47.62735" lon="-2.93899">
        <ele>3</ele>
      </trkpt>
      <trkpt lat="47.62727" lon="-2.93892">
        <ele>3</ele>
      </trkpt>
      <trkpt lat="47.62716" lon="-2.9387">
        <ele>3</ele>
      </trkpt>
      <trkpt lat="47.62709" lon="-2.93846">
        <ele>3</ele>
      </trkpt>
      <trkpt lat="47.62703" lon="-2.93821">
        <ele>3</ele>
      </trkpt>
      <trkpt lat="47.627" lon="-2.938">
        <ele>3</ele>
      </trkpt>
      <trkpt lat="47.62694" lon="-2.93786">
        <ele>3</ele>
      </trkpt>
      <trkpt lat="47.62684" lon="-2.9377">
        <ele>3</ele>
      </trkpt>
      <trkpt lat="47.62674" lon="-2.93753">
        <ele>3</ele>
      </trkpt>
      <trkpt lat="47.62669" lon="-2.93728">
        <ele>3</ele>
      </trkpt>
      <trkpt lat="47.62664" lon="-2.93717">
        <ele>3</ele>
      </trkpt>
      <trkpt lat="47.62654" lon="-2.93703">
        <ele>4</ele>
      </trkpt>
      <trkpt lat="47.62643" lon="-2.93689">
        <ele>4</ele>
      </trkpt>
      <trkpt lat="47.62631" lon="-2.93684">
        <ele>3</ele>
      </trkpt>
      <trkpt lat="47.62625" lon="-2.93675">
        <ele>3</ele>
      </trkpt>
      <trkpt lat="47.62613" lon="-2.93648">
        <ele>3</ele>
      </trkpt>
      <trkpt lat="47.62601" lon="-2.93621">
        <ele>3</ele>
      </trkpt>
      <trkpt lat="47.62593" lon="-2.93609">
        <ele>3</ele>
      </trkpt>
      <trkpt lat="47.62579" lon="-2.9361">
        <ele>3</ele>
      </trkpt>
      <trkpt lat="47.62574" lon="-2.93614">
        <ele>3</ele>
      </trkpt>
      <trkpt lat="47.62567" lon="-2.93613">
        <ele>3</ele>
      </trkpt>
      <trkpt lat="47.62562" lon="-2.93607">
        <ele>3</ele>
      </trkpt>
      <trkpt lat="47.62558" lon="-2.93581">
        <ele>3</ele>
      </trkpt>
      <trkpt lat="47.62554" lon="-2.93556">
        <ele>3</ele>
      </trkpt>
      <trkpt lat="47.62548" lon="-2.93543">
        <ele>3</ele>
      </trkpt>
      <trkpt lat="47.62546" lon="-2.93519">
        <ele>3</ele>
      </trkpt>
      <trkpt lat="47.62543" lon="-2.9351">
        <ele>3</ele>
      </trkpt>
      <trkpt lat="47.62542" lon="-2.93499">
        <ele>3</ele>
      </trkpt>
      <trkpt lat="47.62545" lon="-2.93477">
        <ele>3</ele>
      </trkpt>
      <trkpt lat="47.62543" lon="-2.93464">
        <ele>3</ele>
      </trkpt>
      <trkpt lat="47.6253" lon="-2.93434">
        <ele>3</ele>
      </trkpt>
      <trkpt lat="47.62522" lon="-2.93439">
        <ele>3</ele>
      </trkpt>
      <trkpt lat="47.62514" lon="-2.93466">
        <ele>4</ele>
      </trkpt>
      <trkpt lat="47.62512" lon="-2.93501">
        <ele>4</ele>
      </trkpt>
      <trkpt lat="47.62511" lon="-2.93536">
        <ele>4</ele>
      </trkpt>
      <trkpt lat="47.62505" lon="-2.93574">
        <ele>4</ele>
      </trkpt>
      <trkpt lat="47.62496" lon="-2.93603">
        <ele>4</ele>
      </trkpt>
      <trkpt lat="47.62494" lon="-2.93622">
        <ele>4</ele>
      </trkpt>
      <trkpt lat="47.62498" lon="-2.93644">
        <ele>3</ele>
      </trkpt>
      <trkpt lat="47.62503" lon="-2.93652">
        <ele>3</ele>
      </trkpt>
      <trkpt lat="47.62503" lon="-2.93666">
        <ele>3</ele>
      </trkpt>
      <trkpt lat="47.62511" lon="-2.9369">
        <ele>3</ele>
      </trkpt>
      <trkpt lat="47.6252" lon="-2.93727">
        <ele>3</ele>
      </trkpt>
      <trkpt lat="47.62529" lon="-2.93764">
        <ele>4</ele>
      </trkpt>
      <trkpt lat="47.6253" lon="-2.93801">
        <ele>4</ele>
      </trkpt>
      <trkpt lat="47.62538" lon="-2.93824">
        <ele>4</ele>
      </trkpt>
      <trkpt lat="47.62539" lon="-2.93851">
        <ele>4</ele>
      </trkpt>
      <trkpt lat="47.62541" lon="-2.93879">
        <ele>4</ele>
      </trkpt>
      <trkpt lat="47.62548" lon="-2.939">
        <ele>3</ele>
      </trkpt>
      <trkpt lat="47.62555" lon="-2.93922">
        <ele>3</ele>
      </trkpt>
      <trkpt lat="47.62555" lon="-2.93944">
        <ele>3</ele>
      </trkpt>
      <trkpt lat="47.62555" lon="-2.93966">
        <ele>3</ele>
      </trkpt>
      <trkpt lat="47.62551" lon="-2.93971">
        <ele>3</ele>
      </trkpt>
      <trkpt lat="47.62551" lon="-2.93982">
        <ele>3</ele>
      </trkpt>
      <trkpt lat="47.62564" lon="-2.94009">
        <ele>3</ele>
      </trkpt>
      <trkpt lat="47.62578" lon="-2.94036">
        <ele>3</ele>
      </trkpt>
      <trkpt lat="47.6259" lon="-2.94071">
        <ele>3</ele>
      </trkpt>
      <trkpt lat="47.62602" lon="-2.94107">
        <ele>3</ele>
      </trkpt>
      <trkpt lat="47.62605" lon="-2.94124">
        <ele>3</ele>
      </trkpt>
      <trkpt lat="47.62602" lon="-2.94147">
        <ele>3</ele>
      </trkpt>
      <trkpt lat="47.62598" lon="-2.94166">
        <ele>3</ele>
      </trkpt>
      <trkpt lat="47.62594" lon="-2.94186">
        <ele>3</ele>
      </trkpt>
      <trkpt lat="47.6259" lon="-2.94205">
        <ele>3</ele>
      </trkpt>
      <trkpt lat="47.62586" lon="-2.94225">
        <ele>3</ele>
      </trkpt>
      <trkpt lat="47.62575" lon="-2.94259">
        <ele>3</ele>
      </trkpt>
      <trkpt lat="47.6257" lon="-2.94295">
        <ele>3</ele>
      </trkpt>
      <trkpt lat="47.62564" lon="-2.94318">
        <ele>3</ele>
      </trkpt>
      <trkpt lat="47.62555" lon="-2.94323">
        <ele>3</ele>
      </trkpt>
      <trkpt lat="47.62546" lon="-2.94341">
        <ele>3</ele>
      </trkpt>
      <trkpt lat="47.62537" lon="-2.94358">
        <ele>3</ele>
      </trkpt>
      <trkpt lat="47.62529" lon="-2.94376">
        <ele>3</ele>
      </trkpt>
      <trkpt lat="47.6252" lon="-2.94394">
        <ele>3</ele>
      </trkpt>
      <trkpt lat="47.62505" lon="-2.94407">
        <ele>4</ele>
      </trkpt>
      <trkpt lat="47.62489" lon="-2.94421">
        <ele>4</ele>
      </trkpt>
      <trkpt lat="47.6247" lon="-2.94428">
        <ele>4</ele>
      </trkpt>
      <trkpt lat="47.62457" lon="-2.94449">
        <ele>4</ele>
      </trkpt>
      <trkpt lat="47.62444" lon="-2.9447">
        <ele>4</ele>
      </trkpt>
      <trkpt lat="47.62431" lon="-2.94491">
        <ele>4</ele>
      </trkpt>
      <trkpt lat="47.62417" lon="-2.94512">
        <ele>4</ele>
      </trkpt>
      <trkpt lat="47.62404" lon="-2.94533">
        <ele>4</ele>
      </trkpt>
      <trkpt lat="47.62391" lon="-2.94554">
        <ele>4</ele>
      </trkpt>
      <trkpt lat="47.62378" lon="-2.94575">
        <ele>4</ele>
      </trkpt>
      <trkpt lat="47.62365" lon="-2.94596">
        <ele>4</ele>
      </trkpt>
      <trkpt lat="47.62352" lon="-2.94615">
        <ele>5</ele>
      </trkpt>
      <trkpt lat="47.62339" lon="-2.94634">
        <ele>5</ele>
      </trkpt>
      <trkpt lat="47.62322" lon="-2.94649">
        <ele>5</ele>
      </trkpt>
      <trkpt lat="47.62305" lon="-2.94665">
        <ele>5</ele>
      </trkpt>
      <trkpt lat="47.62288" lon="-2.9468">
        <ele>5</ele>
      </trkpt>
      <trkpt lat="47.62271" lon="-2.94695">
        <ele>5</ele>
      </trkpt>
      <trkpt lat="47.62256" lon="-2.94707">
        <ele>6</ele>
      </trkpt>
      <trkpt lat="47.62241" lon="-2.94718">
        <ele>6</ele>
      </trkpt>
      <trkpt lat="47.62226" lon="-2.9473">
        <ele>6</ele>
      </trkpt>
      <trkpt lat="47.62211" lon="-2.94741">
        <ele>7</ele>
      </trkpt>
      <trkpt lat="47.62199" lon="-2.9475">
        <ele>7</ele>
      </trkpt>
      <trkpt lat="47.62186" lon="-2.94759">
        <ele>8</ele>
      </trkpt>
      <trkpt lat="47.62174" lon="-2.94767">
        <ele>8</ele>
      </trkpt>
      <trkpt lat="47.62162" lon="-2.94776">
        <ele>8</ele>
      </trkpt>
      <trkpt lat="47.6215" lon="-2.94785">
        <ele>8</ele>
      </trkpt>
      <trkpt lat="47.62138" lon="-2.94793">
        <ele>9</ele>
      </trkpt>
      <trkpt lat="47.62125" lon="-2.94802">
        <ele>9</ele>
      </trkpt>
      <trkpt lat="47.62113" lon="-2.94811">
        <ele>9</ele>
      </trkpt>
      <trkpt lat="47.62099" lon="-2.94817">
        <ele>9</ele>
      </trkpt>
      <trkpt lat="47.62098" lon="-2.94839">
        <ele>8</ele>
      </trkpt>
      <trkpt lat="47.62098" lon="-2.9486">
        <ele>7</ele>
      </trkpt>
      <trkpt lat="47.62097" lon="-2.94881">
        <ele>7</ele>
      </trkpt>
      <trkpt lat="47.62096" lon="-2.94903">
        <ele>7</ele>
      </trkpt>
      <trkpt lat="47.62081" lon="-2.949">
        <ele>7</ele>
      </trkpt>
      <trkpt lat="47.62066" lon="-2.94896">
        <ele>7</ele>
      </trkpt>
      <trkpt lat="47.62046" lon="-2.94896">
        <ele>7</ele>
      </trkpt>
      <trkpt lat="47.62026" lon="-2.94889">
        <ele>8</ele>
      </trkpt>
      <trkpt lat="47.62002" lon="-2.94888">
        <ele>8</ele>
      </trkpt>
      <trkpt lat="47.61986" lon="-2.94874">
        <ele>8</ele>
      </trkpt>
      <trkpt lat="47.6197" lon="-2.9486">
        <ele>8</ele>
      </trkpt>
      <trkpt lat="47.61955" lon="-2.94847">
        <ele>8</ele>
      </trkpt>
      <trkpt lat="47.61939" lon="-2.94833">
        <ele>10</ele>
      </trkpt>
      <trkpt lat="47.61926" lon="-2.94835">
        <ele>10</ele>
      </trkpt>
      <trkpt lat="47.61902" lon="-2.94843">
        <ele>10</ele>
      </trkpt>
      <trkpt lat="47.61878" lon="-2.94852">
        <ele>10</ele>
      </trkpt>
      <trkpt lat="47.61854" lon="-2.94857">
        <ele>10</ele>
      </trkpt>
      <trkpt lat="47.61839" lon="-2.94865">
        <ele>10</ele>
      </trkpt>
      <trkpt lat="47.61823" lon="-2.94873">
        <ele>7</ele>
      </trkpt>
      <trkpt lat="47.61797" lon="-2.94882">
        <ele>4</ele>
      </trkpt>
      <trkpt lat="47.61782" lon="-2.94881">
        <ele>4</ele>
      </trkpt>
      <trkpt lat="47.61766" lon="-2.94881">
        <ele>4</ele>
      </trkpt>
      <trkpt lat="47.6176" lon="-2.94857">
        <ele>3</ele>
      </trkpt>
      <trkpt lat="47.61755" lon="-2.94834">
        <ele>3</ele>
      </trkpt>
      <trkpt lat="47.61738" lon="-2.94825">
        <ele>3</ele>
      </trkpt>
      <trkpt lat="47.61727" lon="-2.94814">
        <ele>3</ele>
      </trkpt>
      <trkpt lat="47.61707" lon="-2.948">
        <ele>3</ele>
      </trkpt>
      <trkpt lat="47.61689" lon="-2.94794">
        <ele>3</ele>
      </trkpt>
      <trkpt lat="47.61672" lon="-2.94787">
        <ele>3</ele>
      </trkpt>
      <trkpt lat="47.61661" lon="-2.9478">
        <ele>3</ele>
      </trkpt>
      <trkpt lat="47.61655" lon="-2.94766">
        <ele>4</ele>
      </trkpt>
      <trkpt lat="47.61642" lon="-2.94759">
        <ele>5</ele>
      </trkpt>
      <trkpt lat="47.61629" lon="-2.94752">
        <ele>7</ele>
      </trkpt>
      <trkpt lat="47.61612" lon="-2.94757">
        <ele>7</ele>
      </trkpt>
      <trkpt lat="47.61595" lon="-2.94762">
        <ele>7</ele>
      </trkpt>
      <trkpt lat="47.61576" lon="-2.94776">
        <ele>8</ele>
      </trkpt>
      <trkpt lat="47.6156" lon="-2.94778">
        <ele>8</ele>
      </trkpt>
      <trkpt lat="47.61544" lon="-2.9478">
        <ele>9</ele>
      </trkpt>
      <trkpt lat="47.61534" lon="-2.94785">
        <ele>9</ele>
      </trkpt>
      <trkpt lat="47.61524" lon="-2.94771">
        <ele>10</ele>
      </trkpt>
      <trkpt lat="47.61522" lon="-2.94763">
        <ele>10</ele>
      </trkpt>
      <trkpt lat="47.61503" lon="-2.9478">
        <ele>10</ele>
      </trkpt>
      <trkpt lat="47.61501" lon="-2.94785">
        <ele>10</ele>
      </trkpt>
      <trkpt lat="47.61492" lon="-2.94794">
        <ele>9</ele>
      </trkpt>
      <trkpt lat="47.61471" lon="-2.94812">
        <ele>9</ele>
      </trkpt>
      <trkpt lat="47.61451" lon="-2.94823">
        <ele>8</ele>
      </trkpt>
      <trkpt lat="47.61434" lon="-2.94828">
        <ele>8</ele>
      </trkpt>
      <trkpt lat="47.61434" lon="-2.94833">
        <ele>8</ele>
      </trkpt>
      <trkpt lat="47.61429" lon="-2.94835">
        <ele>8</ele>
      </trkpt>
      <trkpt lat="47.61418" lon="-2.94849">
        <ele>8</ele>
      </trkpt>
      <trkpt lat="47.61408" lon="-2.94854">
        <ele>8</ele>
      </trkpt>
      <trkpt lat="47.61399" lon="-2.94845">
        <ele>8</ele>
      </trkpt>
      <trkpt lat="47.61386" lon="-2.9484">
        <ele>8</ele>
      </trkpt>
      <trkpt lat="47.61379" lon="-2.9483">
        <ele>8</ele>
      </trkpt>
      <trkpt lat="47.61377" lon="-2.94821">
        <ele>8</ele>
      </trkpt>
      <trkpt lat="47.61378" lon="-2.94808">
        <ele>8</ele>
      </trkpt>
      <trkpt lat="47.61375" lon="-2.94797">
        <ele>8</ele>
      </trkpt>
      <trkpt lat="47.61366" lon="-2.94779">
        <ele>8</ele>
      </trkpt>
      <trkpt lat="47.61358" lon="-2.9476">
        <ele>7</ele>
      </trkpt>
      <trkpt lat="47.61337" lon="-2.94742">
        <ele>6</ele>
      </trkpt>
      <trkpt lat="47.61329" lon="-2.94737">
        <ele>5</ele>
      </trkpt>
      <trkpt lat="47.61323" lon="-2.94737">
        <ele>5</ele>
      </trkpt>
      <trkpt lat="47.61322" lon="-2.94712">
        <ele>5</ele>
      </trkpt>
      <trkpt lat="47.61322" lon="-2.94686">
        <ele>5</ele>
      </trkpt>
      <trkpt lat="47.61321" lon="-2.9466">
        <ele>5</ele>
      </trkpt>
      <trkpt lat="47.61321" lon="-2.94635">
        <ele>5</ele>
      </trkpt>
      <trkpt lat="47.613" lon="-2.94633">
        <ele>4</ele>
      </trkpt>
      <trkpt lat="47.61279" lon="-2.94631">
        <ele>4</ele>
      </trkpt>
      <trkpt lat="47.61258" lon="-2.94629">
        <ele>4</ele>
      </trkpt>
      <trkpt lat="47.61237" lon="-2.94627">
        <ele>4</ele>
      </trkpt>
      <trkpt lat="47.61218" lon="-2.94634">
        <ele>4</ele>
      </trkpt>
      <trkpt lat="47.61199" lon="-2.9464">
        <ele>4</ele>
      </trkpt>
      <trkpt lat="47.61183" lon="-2.94654">
        <ele>4</ele>
      </trkpt>
      <trkpt lat="47.61167" lon="-2.94668">
        <ele>4</ele>
      </trkpt>
      <trkpt lat="47.61149" lon="-2.94688">
        <ele>4</ele>
      </trkpt>
      <trkpt lat="47.6113" lon="-2.94707">
        <ele>4</ele>
      </trkpt>
      <trkpt lat="47.61127" lon="-2.94678">
        <ele>5</ele>
      </trkpt>
      <trkpt lat="47.61123" lon="-2.9465">
        <ele>6</ele>
      </trkpt>
      <trkpt lat="47.6112" lon="-2.94621">
        <ele>7</ele>
      </trkpt>
      <trkpt lat="47.61116" lon="-2.94592">
        <ele>8</ele>
      </trkpt>
      <trkpt lat="47.61113" lon="-2.94563">
        <ele>9</ele>
      </trkpt>
      <trkpt lat="47.61109" lon="-2.94535">
        <ele>11</ele>
      </trkpt>
      <trkpt lat="47.61106" lon="-2.94506">
        <ele>12</ele>
      </trkpt>
      <trkpt lat="47.61102" lon="-2.94477">
        <ele>13</ele>
      </trkpt>
      <trkpt lat="47.61099" lon="-2.94448">
        <ele>14</ele>
      </trkpt>
      <trkpt lat="47.61096" lon="-2.9442">
        <ele>16</ele>
      </trkpt>
      <trkpt lat="47.61092" lon="-2.94391">
        <ele>17</ele>
      </trkpt>
      <trkpt lat="47.61089" lon="-2.94362">
        <ele>19</ele>
      </trkpt>
      <trkpt lat="47.61085" lon="-2.94333">
        <ele>21</ele>
      </trkpt>
      <trkpt lat="47.61082" lon="-2.94305">
        <ele>22</ele>
      </trkpt>
      <trkpt lat="47.61078" lon="-2.94276">
        <ele>23</ele>
      </trkpt>
      <trkpt lat="47.61075" lon="-2.94247">
        <ele>23</ele>
      </trkpt>
      <trkpt lat="47.61074" lon="-2.94227">
        <ele>23</ele>
      </trkpt>
      <trkpt lat="47.61073" lon="-2.94207">
        <ele>23</ele>
      </trkpt>
      <trkpt lat="47.61071" lon="-2.94187">
        <ele>22</ele>
      </trkpt>
      <trkpt lat="47.6107" lon="-2.94167">
        <ele>22</ele>
      </trkpt>
      <trkpt lat="47.6107" lon="-2.94128">
        <ele>21</ele>
      </trkpt>
      <trkpt lat="47.61069" lon="-2.9409">
        <ele>20</ele>
      </trkpt>
      <trkpt lat="47.61069" lon="-2.94051">
        <ele>20</ele>
      </trkpt>
      <trkpt lat="47.61069" lon="-2.94013">
        <ele>19</ele>
      </trkpt>
      <trkpt lat="47.61066" lon="-2.93976">
        <ele>19</ele>
      </trkpt>
      <trkpt lat="47.61064" lon="-2.9394">
        <ele>19</ele>
      </trkpt>
      <trkpt lat="47.6108" lon="-2.93935">
        <ele>19</ele>
      </trkpt>
      <trkpt lat="47.61095" lon="-2.9393">
        <ele>19</ele>
      </trkpt>
      <trkpt lat="47.61111" lon="-2.93925">
        <ele>19</ele>
      </trkpt>
      <trkpt lat="47.61127" lon="-2.9392">
        <ele>20</ele>
      </trkpt>
      <trkpt lat="47.61142" lon="-2.93912">
        <ele>21</ele>
      </trkpt>
      <trkpt lat="47.61158" lon="-2.93905">
        <ele>21</ele>
      </trkpt>
      <trkpt lat="47.61175" lon="-2.93889">
        <ele>22</ele>
      </trkpt>
      <trkpt lat="47.61194" lon="-2.93868">
        <ele>22</ele>
      </trkpt>
      <trkpt lat="47.61213" lon="-2.93846">
        <ele>23</ele>
      </trkpt>
      <trkpt lat="47.61232" lon="-2.93825">
        <ele>23</ele>
      </trkpt>
      <trkpt lat="47.61251" lon="-2.93804">
        <ele>24</ele>
      </trkpt>
      <trkpt lat="47.61267" lon="-2.9378">
        <ele>24</ele>
      </trkpt>
      <trkpt lat="47.61284" lon="-2.93757">
        <ele>24</ele>
      </trkpt>
      <trkpt lat="47.61295" lon="-2.93738">
        <ele>24</ele>
      </trkpt>
      <trkpt lat="47.61307" lon="-2.93719">
        <ele>24</ele>
      </trkpt>
      <trkpt lat="47.61318" lon="-2.93706">
        <ele>24</ele>
      </trkpt>
      <trkpt lat="47.6132" lon="-2.93695">
        <ele>24</ele>
      </trkpt>
      <trkpt lat="47.61317" lon="-2.93683">
        <ele>24</ele>
      </trkpt>
      <trkpt lat="47.61303" lon="-2.9366">
        <ele>23</ele>
      </trkpt>
      <trkpt lat="47.61289" lon="-2.93636">
        <ele>22</ele>
      </trkpt>
      <trkpt lat="47.61275" lon="-2.93613">
        <ele>21</ele>
      </trkpt>
      <trkpt lat="47.61261" lon="-2.93589">
        <ele>20</ele>
      </trkpt>
      <trkpt lat="47.61257" lon="-2.93568">
        <ele>19</ele>
      </trkpt>
      <trkpt lat="47.61252" lon="-2.93546">
        <ele>18</ele>
      </trkpt>
      <trkpt lat="47.61248" lon="-2.93525">
        <ele>17</ele>
      </trkpt>
      <trkpt lat="47.61244" lon="-2.93504">
        <ele>16</ele>
      </trkpt>
      <trkpt lat="47.6124" lon="-2.93483">
        <ele>15</ele>
      </trkpt>
      <trkpt lat="47.61235" lon="-2.93461">
        <ele>14</ele>
      </trkpt>
      <trkpt lat="47.61231" lon="-2.9344">
        <ele>14</ele>
      </trkpt>
      <trkpt lat="47.61227" lon="-2.93419">
        <ele>13</ele>
      </trkpt>
      <trkpt lat="47.61223" lon="-2.93398">
        <ele>12</ele>
      </trkpt>
      <trkpt lat="47.61218" lon="-2.93377">
        <ele>12</ele>
      </trkpt>
      <trkpt lat="47.61214" lon="-2.93355">
        <ele>12</ele>
      </trkpt>
      <trkpt lat="47.6121" lon="-2.93334">
        <ele>11</ele>
      </trkpt>
      <trkpt lat="47.61206" lon="-2.93313">
        <ele>11</ele>
      </trkpt>
      <trkpt lat="47.61201" lon="-2.93292">
        <ele>11</ele>
      </trkpt>
      <trkpt lat="47.61197" lon="-2.9327">
        <ele>11</ele>
      </trkpt>
      <trkpt lat="47.61193" lon="-2.93249">
        <ele>10</ele>
      </trkpt>
      <trkpt lat="47.61187" lon="-2.93226">
        <ele>10</ele>
      </trkpt>
      <trkpt lat="47.6118" lon="-2.93203">
        <ele>9</ele>
      </trkpt>
      <trkpt lat="47.61172" lon="-2.93184">
        <ele>9</ele>
      </trkpt>
      <trkpt lat="47.61164" lon="-2.93166">
        <ele>8</ele>
      </trkpt>
      <trkpt lat="47.61156" lon="-2.93147">
        <ele>8</ele>
      </trkpt>
      <trkpt lat="47.61149" lon="-2.93128">
        <ele>7</ele>
      </trkpt>
      <trkpt lat="47.61141" lon="-2.93109">
        <ele>7</ele>
      </trkpt>
      <trkpt lat="47.61133" lon="-2.93091">
        <ele>6</ele>
      </trkpt>
      <trkpt lat="47.61125" lon="-2.93072">
        <ele>6</ele>
      </trkpt>
      <trkpt lat="47.61117" lon="-2.93053">
        <ele>5</ele>
      </trkpt>
      <trkpt lat="47.61106" lon="-2.93029">
        <ele>5</ele>
      </trkpt>
      <trkpt lat="47.61096" lon="-2.93005">
        <ele>5</ele>
      </trkpt>
      <trkpt lat="47.61085" lon="-2.92982">
        <ele>5</ele>
      </trkpt>
      <trkpt lat="47.61075" lon="-2.92958">
        <ele>5</ele>
      </trkpt>
      <trkpt lat="47.61064" lon="-2.92934">
        <ele>5</ele>
      </trkpt>
      <trkpt lat="47.61054" lon="-2.9291">
        <ele>6</ele>
      </trkpt>
      <trkpt lat="47.61043" lon="-2.92886">
        <ele>7</ele>
      </trkpt>
      <trkpt lat="47.61033" lon="-2.92863">
        <ele>7</ele>
      </trkpt>
      <trkpt lat="47.61022" lon="-2.92839">
        <ele>8</ele>
      </trkpt>
      <trkpt lat="47.61011" lon="-2.92815">
        <ele>9</ele>
      </trkpt>
      <trkpt lat="47.61001" lon="-2.92791">
        <ele>9</ele>
      </trkpt>
      <trkpt lat="47.6099" lon="-2.92767">
        <ele>10</ele>
      </trkpt>
      <trkpt lat="47.6098" lon="-2.92743">
        <ele>11</ele>
      </trkpt>
      <trkpt lat="47.60969" lon="-2.9272">
        <ele>11</ele>
      </trkpt>
      <trkpt lat="47.60959" lon="-2.92696">
        <ele>11</ele>
      </trkpt>
      <trkpt lat="47.60948" lon="-2.92672">
        <ele>11</ele>
      </trkpt>
      <trkpt lat="47.60931" lon="-2.92657">
        <ele>9</ele>
      </trkpt>
      <trkpt lat="47.60914" lon="-2.92642">
        <ele>8</ele>
      </trkpt>
      <trkpt lat="47.60903" lon="-2.92624">
        <ele>8</ele>
      </trkpt>
      <trkpt lat="47.60896" lon="-2.92606">
        <ele>8</ele>
      </trkpt>
      <trkpt lat="47.60891" lon="-2.92585">
        <ele>8</ele>
      </trkpt>
      <trkpt lat="47.60886" lon="-2.92564">
        <ele>8</ele>
      </trkpt>
      <trkpt lat="47.60883" lon="-2.92561">
        <ele>8</ele>
      </trkpt>
      <trkpt lat="47.60877" lon="-2.9256">
        <ele>8</ele>
      </trkpt>
      <trkpt lat="47.60858" lon="-2.92569">
        <ele>8</ele>
      </trkpt>
      <trkpt lat="47.60839" lon="-2.92578">
        <ele>8</ele>
      </trkpt>
      <trkpt lat="47.60824" lon="-2.92583">
        <ele>8</ele>
      </trkpt>
      <trkpt lat="47.60809" lon="-2.92589">
        <ele>8</ele>
      </trkpt>
      <trkpt lat="47.60793" lon="-2.92594">
        <ele>8</ele>
      </trkpt>
      <trkpt lat="47.60778" lon="-2.92599">
        <ele>8</ele>
      </trkpt>
      <trkpt lat="47.60757" lon="-2.92616">
        <ele>8</ele>
      </trkpt>
      <trkpt lat="47.60736" lon="-2.92632">
        <ele>8</ele>
      </trkpt>
      <trkpt lat="47.60717" lon="-2.92643">
        <ele>8</ele>
      </trkpt>
      <trkpt lat="47.60699" lon="-2.92655">
        <ele>7</ele>
      </trkpt>
      <trkpt lat="47.6068" lon="-2.92666">
        <ele>6</ele>
      </trkpt>
      <trkpt lat="47.60662" lon="-2.92678">
        <ele>6</ele>
      </trkpt>
      <trkpt lat="47.60643" lon="-2.92694">
        <ele>6</ele>
      </trkpt>
      <trkpt lat="47.60624" lon="-2.9271">
        <ele>6</ele>
      </trkpt>
      <trkpt lat="47.6061" lon="-2.92723">
        <ele>7</ele>
      </trkpt>
      <trkpt lat="47.60595" lon="-2.92736">
        <ele>7</ele>
      </trkpt>
      <trkpt lat="47.60581" lon="-2.9275">
        <ele>8</ele>
      </trkpt>
      <trkpt lat="47.60567" lon="-2.92763">
        <ele>9</ele>
      </trkpt>
      <trkpt lat="47.60552" lon="-2.92776">
        <ele>9</ele>
      </trkpt>
      <trkpt lat="47.60538" lon="-2.92789">
        <ele>9</ele>
      </trkpt>
      <trkpt lat="47.60523" lon="-2.92802">
        <ele>9</ele>
      </trkpt>
      <trkpt lat="47.60509" lon="-2.92815">
        <ele>8</ele>
      </trkpt>
      <trkpt lat="47.60495" lon="-2.92829">
        <ele>8</ele>
      </trkpt>
      <trkpt lat="47.6048" lon="-2.92842">
        <ele>8</ele>
      </trkpt>
      <trkpt lat="47.60466" lon="-2.92855">
        <ele>7</ele>
      </trkpt>
      <trkpt lat="47.60452" lon="-2.92868">
        <ele>7</ele>
      </trkpt>
      <trkpt lat="47.60437" lon="-2.92881">
        <ele>6</ele>
      </trkpt>
      <trkpt lat="47.60423" lon="-2.92895">
        <ele>6</ele>
      </trkpt>
      <trkpt lat="47.60408" lon="-2.92908">
        <ele>6</ele>
      </trkpt>
      <trkpt lat="47.60394" lon="-2.92921">
        <ele>6</ele>
      </trkpt>
      <trkpt lat="47.60391" lon="-2.92919">
        <ele>6</ele>
      </trkpt>
      <trkpt lat="47.60382" lon="-2.92882">
        <ele>7</ele>
      </trkpt>
      <trkpt lat="47.60379" lon="-2.92878">
        <ele>7</ele>
      </trkpt>
      <trkpt lat="47.60375" lon="-2.92878">
        <ele>7</ele>
      </trkpt>
      <trkpt lat="47.60361" lon="-2.92885">
        <ele>7</ele>
      </trkpt>
      <trkpt lat="47.60348" lon="-2.92892">
        <ele>7</ele>
      </trkpt>
      <trkpt lat="47.60334" lon="-2.92899">
        <ele>7</ele>
      </trkpt>
      <trkpt lat="47.60321" lon="-2.92906">
        <ele>7</ele>
      </trkpt>
      <trkpt lat="47.60297" lon="-2.92912">
        <ele>7</ele>
      </trkpt>
      <trkpt lat="47.60278" lon="-2.92915">
        <ele>7</ele>
      </trkpt>
      <trkpt lat="47.6026" lon="-2.92917">
        <ele>7</ele>
      </trkpt>
      <trkpt lat="47.60251" lon="-2.92916">
        <ele>7</ele>
      </trkpt>
      <trkpt lat="47.60251" lon="-2.92907">
        <ele>7</ele>
      </trkpt>
      <trkpt lat="47.60246" lon="-2.92885">
        <ele>7</ele>
      </trkpt>
      <trkpt lat="47.60241" lon="-2.92864">
        <ele>7</ele>
      </trkpt>
      <trkpt lat="47.60239" lon="-2.92844">
        <ele>7</ele>
      </trkpt>
      <trkpt lat="47.60237" lon="-2.92823">
        <ele>7</ele>
      </trkpt>
      <trkpt lat="47.60235" lon="-2.92803">
        <ele>7</ele>
      </trkpt>
      <trkpt lat="47.60233" lon="-2.92783">
        <ele>7</ele>
      </trkpt>
      <trkpt lat="47.60227" lon="-2.92761">
        <ele>7</ele>
      </trkpt>
      <trkpt lat="47.6022" lon="-2.92739">
        <ele>7</ele>
      </trkpt>
      <trkpt lat="47.60219" lon="-2.92725">
        <ele>8</ele>
      </trkpt>
      <trkpt lat="47.60214" lon="-2.92704">
        <ele>9</ele>
      </trkpt>
      <trkpt lat="47.60209" lon="-2.92682">
        <ele>9</ele>
      </trkpt>
      <trkpt lat="47.60191" lon="-2.92686">
        <ele>9</ele>
      </trkpt>
      <trkpt lat="47.60177" lon="-2.92684">
        <ele>10</ele>
      </trkpt>
      <trkpt lat="47.60162" lon="-2.92682">
        <ele>11</ele>
      </trkpt>
      <trkpt lat="47.6015" lon="-2.92674">
        <ele>11</ele>
      </trkpt>
      <trkpt lat="47.60139" lon="-2.92658">
        <ele>11</ele>
      </trkpt>
      <trkpt lat="47.60133" lon="-2.92659">
        <ele>11</ele>
      </trkpt>
      <trkpt lat="47.60123" lon="-2.92667">
        <ele>11</ele>
      </trkpt>
      <trkpt lat="47.60108" lon="-2.92667">
        <ele>11</ele>
      </trkpt>
      <trkpt lat="47.60097" lon="-2.92672">
        <ele>11</ele>
      </trkpt>
      <trkpt lat="47.60084" lon="-2.9268">
        <ele>9</ele>
      </trkpt>
      <trkpt lat="47.60072" lon="-2.92689">
        <ele>9</ele>
      </trkpt>
      <trkpt lat="47.60059" lon="-2.92685">
        <ele>9</ele>
      </trkpt>
      <trkpt lat="47.60044" lon="-2.92688">
        <ele>9</ele>
      </trkpt>
      <trkpt lat="47.60041" lon="-2.92687">
        <ele>9</ele>
      </trkpt>
      <trkpt lat="47.60041" lon="-2.92674">
        <ele>10</ele>
      </trkpt>
      <trkpt lat="47.6003" lon="-2.92643">
        <ele>13</ele>
      </trkpt>
      <trkpt lat="47.60023" lon="-2.92639">
        <ele>13</ele>
      </trkpt>
      <trkpt lat="47.59997" lon="-2.92634">
        <ele>13</ele>
      </trkpt>
      <trkpt lat="47.59971" lon="-2.9263">
        <ele>13</ele>
      </trkpt>
      <trkpt lat="47.59962" lon="-2.92661">
        <ele>9</ele>
      </trkpt>
      <trkpt lat="47.59944" lon="-2.92649">
        <ele>9</ele>
      </trkpt>
      <trkpt lat="47.59929" lon="-2.92647">
        <ele>9</ele>
      </trkpt>
      <trkpt lat="47.59915" lon="-2.92645">
        <ele>9</ele>
      </trkpt>
      <trkpt lat="47.59901" lon="-2.92644">
        <ele>9</ele>
      </trkpt>
      <trkpt lat="47.59886" lon="-2.92642">
        <ele>9</ele>
      </trkpt>
      <trkpt lat="47.59879" lon="-2.92643">
        <ele>9</ele>
      </trkpt>
      <trkpt lat="47.59871" lon="-2.92648">
        <ele>9</ele>
      </trkpt>
      <trkpt lat="47.59854" lon="-2.92661">
        <ele>9</ele>
      </trkpt>
      <trkpt lat="47.59848" lon="-2.9267">
        <ele>8</ele>
      </trkpt>
      <trkpt lat="47.59831" lon="-2.92674">
        <ele>8</ele>
      </trkpt>
      <trkpt lat="47.59825" lon="-2.92679">
        <ele>8</ele>
      </trkpt>
      <trkpt lat="47.59816" lon="-2.92675">
        <ele>7</ele>
      </trkpt>
      <trkpt lat="47.59805" lon="-2.92678">
        <ele>8</ele>
      </trkpt>
      <trkpt lat="47.59779" lon="-2.92675">
        <ele>8</ele>
      </trkpt>
      <trkpt lat="47.5977" lon="-2.9267">
        <ele>8</ele>
      </trkpt>
      <trkpt lat="47.59758" lon="-2.92648">
        <ele>8</ele>
      </trkpt>
      <trkpt lat="47.59755" lon="-2.92637">
        <ele>9</ele>
      </trkpt>
      <trkpt lat="47.59744" lon="-2.92627">
        <ele>9</ele>
      </trkpt>
      <trkpt lat="47.59728" lon="-2.92625">
        <ele>9</ele>
      </trkpt>
      <trkpt lat="47.59713" lon="-2.92623">
        <ele>9</ele>
      </trkpt>
      <trkpt lat="47.59696" lon="-2.92626">
        <ele>9</ele>
      </trkpt>
      <trkpt lat="47.5968" lon="-2.92628">
        <ele>9</ele>
      </trkpt>
      <trkpt lat="47.59662" lon="-2.9262">
        <ele>9</ele>
      </trkpt>
      <trkpt lat="47.5965" lon="-2.9262">
        <ele>8</ele>
      </trkpt>
      <trkpt lat="47.59638" lon="-2.92615">
        <ele>8</ele>
      </trkpt>
      <trkpt lat="47.59635" lon="-2.92616">
        <ele>8</ele>
      </trkpt>
      <trkpt lat="47.5963" lon="-2.92626">
        <ele>7</ele>
      </trkpt>
      <trkpt lat="47.59624" lon="-2.92628">
        <ele>7</ele>
      </trkpt>
      <trkpt lat="47.59607" lon="-2.92625">
        <ele>7</ele>
      </trkpt>
      <trkpt lat="47.5959" lon="-2.92635">
        <ele>7</ele>
      </trkpt>
      <trkpt lat="47.59577" lon="-2.92652">
        <ele>5</ele>
      </trkpt>
      <trkpt lat="47.59567" lon="-2.92656">
        <ele>5</ele>
      </trkpt>
      <trkpt lat="47.59553" lon="-2.92653">
        <ele>5</ele>
      </trkpt>
      <trkpt lat="47.59533" lon="-2.9266">
        <ele>5</ele>
      </trkpt>
      <trkpt lat="47.59522" lon="-2.9266">
        <ele>5</ele>
      </trkpt>
      <trkpt lat="47.59505" lon="-2.92672">
        <ele>4</ele>
      </trkpt>
      <trkpt lat="47.59495" lon="-2.92673">
        <ele>4</ele>
      </trkpt>
      <trkpt lat="47.59488" lon="-2.92666">
        <ele>4</ele>
      </trkpt>
      <trkpt lat="47.59482" lon="-2.92654">
        <ele>4</ele>
      </trkpt>
      <trkpt lat="47.59473" lon="-2.92654">
        <ele>4</ele>
      </trkpt>
      <trkpt lat="47.5947" lon="-2.92647">
        <ele>4</ele>
      </trkpt>
      <trkpt lat="47.59463" lon="-2.92641">
        <ele>4</ele>
      </trkpt>
      <trkpt lat="47.59458" lon="-2.92618">
        <ele>5</ele>
      </trkpt>
      <trkpt lat="47.59435" lon="-2.92614">
        <ele>6</ele>
      </trkpt>
      <trkpt lat="47.59432" lon="-2.92589">
        <ele>8</ele>
      </trkpt>
      <trkpt lat="47.5943" lon="-2.92564">
        <ele>8</ele>
      </trkpt>
      <trkpt lat="47.59409" lon="-2.92566">
        <ele>8</ele>
      </trkpt>
      <trkpt lat="47.59394" lon="-2.92573">
        <ele>8</ele>
      </trkpt>
      <trkpt lat="47.59388" lon="-2.92583">
        <ele>7</ele>
      </trkpt>
      <trkpt lat="47.59383" lon="-2.92603">
        <ele>7</ele>
      </trkpt>
      <trkpt lat="47.59378" lon="-2.92624">
        <ele>6</ele>
      </trkpt>
      <trkpt lat="47.59372" lon="-2.92645">
        <ele>6</ele>
      </trkpt>
      <trkpt lat="47.59367" lon="-2.92665">
        <ele>6</ele>
      </trkpt>
      <trkpt lat="47.5936" lon="-2.92668">
        <ele>6</ele>
      </trkpt>
      <trkpt lat="47.59345" lon="-2.92668">
        <ele>7</ele>
      </trkpt>
      <trkpt lat="47.59331" lon="-2.92667">
        <ele>7</ele>
      </trkpt>
      <trkpt lat="47.59316" lon="-2.92667">
        <ele>8</ele>
      </trkpt>
      <trkpt lat="47.59301" lon="-2.92666">
        <ele>8</ele>
      </trkpt>
      <trkpt lat="47.59286" lon="-2.92666">
        <ele>8</ele>
      </trkpt>
      <trkpt lat="47.59271" lon="-2.92666">
        <ele>8</ele>
      </trkpt>
      <trkpt lat="47.59257" lon="-2.92665">
        <ele>7</ele>
      </trkpt>
      <trkpt lat="47.59242" lon="-2.92665">
        <ele>5</ele>
      </trkpt>
      <trkpt lat="47.59238" lon="-2.92664">
        <ele>5</ele>
      </trkpt>
      <trkpt lat="47.59234" lon="-2.92648">
        <ele>4</ele>
      </trkpt>
      <trkpt lat="47.59238" lon="-2.92635">
        <ele>3</ele>
      </trkpt>
      <trkpt lat="47.59237" lon="-2.92627">
        <ele>3</ele>
      </trkpt>
      <trkpt lat="47.59226" lon="-2.92611">
        <ele>3</ele>
      </trkpt>
      <trkpt lat="47.59215" lon="-2.92594">
        <ele>3</ele>
      </trkpt>
      <trkpt lat="47.59203" lon="-2.92579">
        <ele>3</ele>
      </trkpt>
      <trkpt lat="47.59191" lon="-2.92563">
        <ele>3</ele>
      </trkpt>
      <trkpt lat="47.59179" lon="-2.92548">
        <ele>3</ele>
      </trkpt>
      <trkpt lat="47.59167" lon="-2.92532">
        <ele>3</ele>
      </trkpt>
      <trkpt lat="47.59159" lon="-2.92531">
        <ele>5</ele>
      </trkpt>
      <trkpt lat="47.59152" lon="-2.92551">
        <ele>5</ele>
      </trkpt>
      <trkpt lat="47.59145" lon="-2.92572">
        <ele>6</ele>
      </trkpt>
      <trkpt lat="47.59139" lon="-2.92592">
        <ele>6</ele>
      </trkpt>
      <trkpt lat="47.59132" lon="-2.92612">
        <ele>6</ele>
      </trkpt>
      <trkpt lat="47.59121" lon="-2.92631">
        <ele>6</ele>
      </trkpt>
      <trkpt lat="47.59106" lon="-2.92642">
        <ele>6</ele>
      </trkpt>
      <trkpt lat="47.59087" lon="-2.92647">
        <ele>6</ele>
      </trkpt>
      <trkpt lat="47.59072" lon="-2.92664">
        <ele>6</ele>
      </trkpt>
      <trkpt lat="47.59049" lon="-2.92668">
        <ele>7</ele>
      </trkpt>
      <trkpt lat="47.59026" lon="-2.92673">
        <ele>7</ele>
      </trkpt>
      <trkpt lat="47.59012" lon="-2.92677">
        <ele>6</ele>
      </trkpt>
      <trkpt lat="47.58998" lon="-2.92681">
        <ele>6</ele>
      </trkpt>
      <trkpt lat="47.58985" lon="-2.92686">
        <ele>6</ele>
      </trkpt>
      <trkpt lat="47.58971" lon="-2.9269">
        <ele>6</ele>
      </trkpt>
      <trkpt lat="47.58954" lon="-2.92691">
        <ele>6</ele>
      </trkpt>
      <trkpt lat="47.58934" lon="-2.92675">
        <ele>6</ele>
      </trkpt>
      <trkpt lat="47.58914" lon="-2.9266">
        <ele>6</ele>
      </trkpt>
      <trkpt lat="47.58895" lon="-2.92638">
        <ele>6</ele>
      </trkpt>
      <trkpt lat="47.58876" lon="-2.92617">
        <ele>6</ele>
      </trkpt>
      <trkpt lat="47.58859" lon="-2.92588">
        <ele>6</ele>
      </trkpt>
      <trkpt lat="47.58849" lon="-2.92575">
        <ele>6</ele>
      </trkpt>
      <trkpt lat="47.58839" lon="-2.92561">
        <ele>6</ele>
      </trkpt>
      <trkpt lat="47.58828" lon="-2.92548">
        <ele>7</ele>
      </trkpt>
      <trkpt lat="47.58818" lon="-2.92535">
        <ele>7</ele>
      </trkpt>
      <trkpt lat="47.58804" lon="-2.92522">
        <ele>7</ele>
      </trkpt>
      <trkpt lat="47.58786" lon="-2.92514">
        <ele>7</ele>
      </trkpt>
      <trkpt lat="47.58776" lon="-2.92516">
        <ele>6</ele>
      </trkpt>
      <trkpt lat="47.58755" lon="-2.92527">
        <ele>4</ele>
      </trkpt>
      <trkpt lat="47.58729" lon="-2.92531">
        <ele>4</ele>
      </trkpt>
      <trkpt lat="47.58705" lon="-2.92539">
        <ele>4</ele>
      </trkpt>
      <trkpt lat="47.58681" lon="-2.92548">
        <ele>4</ele>
      </trkpt>
      <trkpt lat="47.58665" lon="-2.92552">
        <ele>4</ele>
      </trkpt>
      <trkpt lat="47.58648" lon="-2.92556">
        <ele>3</ele>
      </trkpt>
      <trkpt lat="47.58632" lon="-2.92559">
        <ele>3</ele>
      </trkpt>
      <trkpt lat="47.58616" lon="-2.92563">
        <ele>3</ele>
      </trkpt>
      <trkpt lat="47.58595" lon="-2.92559">
        <ele>3</ele>
      </trkpt>
      <trkpt lat="47.58592" lon="-2.92538">
        <ele>3</ele>
      </trkpt>
      <trkpt lat="47.58588" lon="-2.92518">
        <ele>4</ele>
      </trkpt>
      <trkpt lat="47.58585" lon="-2.92497">
        <ele>4</ele>
      </trkpt>
      <trkpt lat="47.58582" lon="-2.92476">
        <ele>4</ele>
      </trkpt>
      <trkpt lat="47.58574" lon="-2.92454">
        <ele>5</ele>
      </trkpt>
      <trkpt lat="47.58567" lon="-2.92433">
        <ele>5</ele>
      </trkpt>
      <trkpt lat="47.58559" lon="-2.92411">
        <ele>5</ele>
      </trkpt>
      <trkpt lat="47.58552" lon="-2.92389">
        <ele>5</ele>
      </trkpt>
      <trkpt lat="47.58544" lon="-2.92368">
        <ele>5</ele>
      </trkpt>
      <trkpt lat="47.58536" lon="-2.92346">
        <ele>5</ele>
      </trkpt>
      <trkpt lat="47.58529" lon="-2.92325">
        <ele>5</ele>
      </trkpt>
      <trkpt lat="47.58521" lon="-2.92303">
        <ele>5</ele>
      </trkpt>
      <trkpt lat="47.58517" lon="-2.92266">
        <ele>5</ele>
      </trkpt>
      <trkpt lat="47.58514" lon="-2.9223">
        <ele>5</ele>
      </trkpt>
      <trkpt lat="47.58507" lon="-2.92199">
        <ele>5</ele>
      </trkpt>
      <trkpt lat="47.58499" lon="-2.92168">
        <ele>6</ele>
      </trkpt>
      <trkpt lat="47.58506" lon="-2.9214">
        <ele>6</ele>
      </trkpt>
      <trkpt lat="47.58513" lon="-2.92112">
        <ele>6</ele>
      </trkpt>
      <trkpt lat="47.5852" lon="-2.92085">
        <ele>7</ele>
      </trkpt>
      <trkpt lat="47.58527" lon="-2.92057">
        <ele>8</ele>
      </trkpt>
      <trkpt lat="47.58534" lon="-2.92029">
        <ele>9</ele>
      </trkpt>
      <trkpt lat="47.58541" lon="-2.92001">
        <ele>9</ele>
      </trkpt>
      <trkpt lat="47.58548" lon="-2.91974">
        <ele>9</ele>
      </trkpt>
      <trkpt lat="47.58555" lon="-2.91946">
        <ele>9</ele>
      </trkpt>
      <trkpt lat="47.58564" lon="-2.91919">
        <ele>9</ele>
      </trkpt>
      <trkpt lat="47.58574" lon="-2.91892">
        <ele>8</ele>
      </trkpt>
      <trkpt lat="47.58591" lon="-2.91874">
        <ele>8</ele>
      </trkpt>
      <trkpt lat="47.58608" lon="-2.91856">
        <ele>7</ele>
      </trkpt>
      <trkpt lat="47.58625" lon="-2.91845">
        <ele>7</ele>
      </trkpt>
      <trkpt lat="47.58639" lon="-2.91821">
        <ele>6</ele>
      </trkpt>
      <trkpt lat="47.58645" lon="-2.91801">
        <ele>5</ele>
      </trkpt>
      <trkpt lat="47.58652" lon="-2.91781">
        <ele>4</ele>
      </trkpt>
      <trkpt lat="47.58658" lon="-2.9176">
        <ele>4</ele>
      </trkpt>
      <trkpt lat="47.58664" lon="-2.9174">
        <ele>3</ele>
      </trkpt>
      <trkpt lat="47.5867" lon="-2.91717">
        <ele>3</ele>
      </trkpt>
      <trkpt lat="47.58676" lon="-2.91695">
        <ele>3</ele>
      </trkpt>
      <trkpt lat="47.58682" lon="-2.91672">
        <ele>3</ele>
      </trkpt>
      <trkpt lat="47.58688" lon="-2.91649">
        <ele>3</ele>
      </trkpt>
      <trkpt lat="47.58689" lon="-2.91627">
        <ele>3</ele>
      </trkpt>
      <trkpt lat="47.58689" lon="-2.91604">
        <ele>3</ele>
      </trkpt>
      <trkpt lat="47.5869" lon="-2.91581">
        <ele>4</ele>
      </trkpt>
      <trkpt lat="47.58691" lon="-2.91559">
        <ele>4</ele>
      </trkpt>
      <trkpt lat="47.58688" lon="-2.9154">
        <ele>4</ele>
      </trkpt>
      <trkpt lat="47.58689" lon="-2.9153">
        <ele>4</ele>
      </trkpt>
      <trkpt lat="47.58705" lon="-2.91521">
        <ele>4</ele>
      </trkpt>
      <trkpt lat="47.5872" lon="-2.91512">
        <ele>5</ele>
      </trkpt>
      <trkpt lat="47.58736" lon="-2.91502">
        <ele>6</ele>
      </trkpt>
      <trkpt lat="47.58752" lon="-2.91493">
        <ele>6</ele>
      </trkpt>
      <trkpt lat="47.58763" lon="-2.91492">
        <ele>6</ele>
      </trkpt>
      <trkpt lat="47.5878" lon="-2.91495">
        <ele>7</ele>
      </trkpt>
      <trkpt lat="47.58799" lon="-2.91496">
        <ele>7</ele>
      </trkpt>
      <trkpt lat="47.58818" lon="-2.91498">
        <ele>7</ele>
      </trkpt>
      <trkpt lat="47.58837" lon="-2.91499">
        <ele>7</ele>
      </trkpt>
      <trkpt lat="47.58856" lon="-2.915">
        <ele>6</ele>
      </trkpt>
      <trkpt lat="47.58868" lon="-2.91492">
        <ele>5</ele>
      </trkpt>
      <trkpt lat="47.5889" lon="-2.91488">
        <ele>4</ele>
      </trkpt>
      <trkpt lat="47.58913" lon="-2.91484">
        <ele>2</ele>
      </trkpt>
      <trkpt lat="47.58932" lon="-2.91486">
        <ele>2</ele>
      </trkpt>
      <trkpt lat="47.58953" lon="-2.91491">
        <ele>4</ele>
      </trkpt>
      <trkpt lat="47.58974" lon="-2.91497">
        <ele>4</ele>
      </trkpt>
      <trkpt lat="47.58981" lon="-2.91496">
        <ele>4</ele>
      </trkpt>
      <trkpt lat="47.59003" lon="-2.91481">
        <ele>4</ele>
      </trkpt>
      <trkpt lat="47.59025" lon="-2.91467">
        <ele>4</ele>
      </trkpt>
      <trkpt lat="47.5903" lon="-2.91468">
        <ele>4</ele>
      </trkpt>
      <trkpt lat="47.59031" lon="-2.9149">
        <ele>5</ele>
      </trkpt>
      <trkpt lat="47.59031" lon="-2.91511">
        <ele>7</ele>
      </trkpt>
      <trkpt lat="47.59039" lon="-2.91514">
        <ele>7</ele>
      </trkpt>
      <trkpt lat="47.59044" lon="-2.9154">
        <ele>11</ele>
      </trkpt>
      <trkpt lat="47.59049" lon="-2.91566">
        <ele>12</ele>
      </trkpt>
      <trkpt lat="47.59065" lon="-2.91567">
        <ele>12</ele>
      </trkpt>
      <trkpt lat="47.5908" lon="-2.91568">
        <ele>12</ele>
      </trkpt>
      <trkpt lat="47.59084" lon="-2.91544">
        <ele>12</ele>
      </trkpt>
      <trkpt lat="47.59087" lon="-2.9154">
        <ele>11</ele>
      </trkpt>
      <trkpt lat="47.591" lon="-2.91533">
        <ele>10</ele>
      </trkpt>
      <trkpt lat="47.59113" lon="-2.91518">
        <ele>8</ele>
      </trkpt>
      <trkpt lat="47.59126" lon="-2.91504">
        <ele>6</ele>
      </trkpt>
      <trkpt lat="47.59139" lon="-2.91489">
        <ele>5</ele>
      </trkpt>
      <trkpt lat="47.59152" lon="-2.91474">
        <ele>4</ele>
      </trkpt>
      <trkpt lat="47.59167" lon="-2.91441">
        <ele>4</ele>
      </trkpt>
      <trkpt lat="47.59176" lon="-2.91405">
        <ele>4</ele>
      </trkpt>
      <trkpt lat="47.59184" lon="-2.9138">
        <ele>4</ele>
      </trkpt>
      <trkpt lat="47.59193" lon="-2.91356">
        <ele>4</ele>
      </trkpt>
      <trkpt lat="47.59204" lon="-2.91348">
        <ele>5</ele>
      </trkpt>
      <trkpt lat="47.5921" lon="-2.91329">
        <ele>5</ele>
      </trkpt>
      <trkpt lat="47.59215" lon="-2.91309">
        <ele>5</ele>
      </trkpt>
      <trkpt lat="47.5922" lon="-2.91281">
        <ele>5</ele>
      </trkpt>
      <trkpt lat="47.59226" lon="-2.91252">
        <ele>5</ele>
      </trkpt>
      <trkpt lat="47.59226" lon="-2.91226">
        <ele>5</ele>
      </trkpt>
      <trkpt lat="47.59226" lon="-2.91199">
        <ele>5</ele>
      </trkpt>
      <trkpt lat="47.59227" lon="-2.91173">
        <ele>5</ele>
      </trkpt>
      <trkpt lat="47.59227" lon="-2.91146">
        <ele>5</ele>
      </trkpt>
      <trkpt lat="47.59227" lon="-2.91114">
        <ele>4</ele>
      </trkpt>
      <trkpt lat="47.59224" lon="-2.91093">
        <ele>4</ele>
      </trkpt>
      <trkpt lat="47.59222" lon="-2.91073">
        <ele>4</ele>
      </trkpt>
      <trkpt lat="47.5922" lon="-2.91052">
        <ele>4</ele>
      </trkpt>
      <trkpt lat="47.59217" lon="-2.91031">
        <ele>4</ele>
      </trkpt>
      <trkpt lat="47.5921" lon="-2.91004">
        <ele>3</ele>
      </trkpt>
      <trkpt lat="47.59202" lon="-2.90977">
        <ele>3</ele>
      </trkpt>
      <trkpt lat="47.59198" lon="-2.9095">
        <ele>3</ele>
      </trkpt>
      <trkpt lat="47.59194" lon="-2.90923">
        <ele>3</ele>
      </trkpt>
      <trkpt lat="47.5919" lon="-2.90897">
        <ele>3</ele>
      </trkpt>
      <trkpt lat="47.59186" lon="-2.9087">
        <ele>3</ele>
      </trkpt>
      <trkpt lat="47.59177" lon="-2.9084">
        <ele>3</ele>
      </trkpt>
      <trkpt lat="47.59168" lon="-2.9081">
        <ele>3</ele>
      </trkpt>
      <trkpt lat="47.5916" lon="-2.9078">
        <ele>3</ele>
      </trkpt>
      <trkpt lat="47.59151" lon="-2.9075">
        <ele>3</ele>
      </trkpt>
      <trkpt lat="47.59143" lon="-2.90732">
        <ele>3</ele>
      </trkpt>
      <trkpt lat="47.59136" lon="-2.90714">
        <ele>3</ele>
      </trkpt>
      <trkpt lat="47.59128" lon="-2.90697">
        <ele>3</ele>
      </trkpt>
      <trkpt lat="47.59121" lon="-2.90679">
        <ele>3</ele>
      </trkpt>
      <trkpt lat="47.5911" lon="-2.90658">
        <ele>3</ele>
      </trkpt>
      <trkpt lat="47.59099" lon="-2.90638">
        <ele>3</ele>
      </trkpt>
      <trkpt lat="47.59088" lon="-2.90618">
        <ele>3</ele>
      </trkpt>
      <trkpt lat="47.59077" lon="-2.90597">
        <ele>3</ele>
      </trkpt>
      <trkpt lat="47.59064" lon="-2.90576">
        <ele>3</ele>
      </trkpt>
      <trkpt lat="47.59051" lon="-2.90555">
        <ele>3</ele>
      </trkpt>
      <trkpt lat="47.59045" lon="-2.90527">
        <ele>3</ele>
      </trkpt>
      <trkpt lat="47.59031" lon="-2.90516">
        <ele>3</ele>
      </trkpt>
      <trkpt lat="47.59006" lon="-2.90501">
        <ele>3</ele>
      </trkpt>
      <trkpt lat="47.58981" lon="-2.90486">
        <ele>3</ele>
      </trkpt>
      <trkpt lat="47.58964" lon="-2.90477">
        <ele>3</ele>
      </trkpt>
      <trkpt lat="47.58947" lon="-2.90469">
        <ele>3</ele>
      </trkpt>
      <trkpt lat="47.58938" lon="-2.90453">
        <ele>3</ele>
      </trkpt>
      <trkpt lat="47.58923" lon="-2.90449">
        <ele>3</ele>
      </trkpt>
      <trkpt lat="47.58908" lon="-2.90446">
        <ele>3</ele>
      </trkpt>
      <trkpt lat="47.58893" lon="-2.90436">
        <ele>3</ele>
      </trkpt>
      <trkpt lat="47.58887" lon="-2.90439">
        <ele>3</ele>
      </trkpt>
      <trkpt lat="47.58877" lon="-2.90438">
        <ele>3</ele>
      </trkpt>
      <trkpt lat="47.58854" lon="-2.90418">
        <ele>3</ele>
      </trkpt>
      <trkpt lat="47.58837" lon="-2.9041">
        <ele>3</ele>
      </trkpt>
      <trkpt lat="47.5882" lon="-2.90402">
        <ele>3</ele>
      </trkpt>
      <trkpt lat="47.58805" lon="-2.90377">
        <ele>3</ele>
      </trkpt>
      <trkpt lat="47.5879" lon="-2.90352">
        <ele>3</ele>
      </trkpt>
      <trkpt lat="47.58781" lon="-2.9035">
        <ele>3</ele>
      </trkpt>
      <trkpt lat="47.58774" lon="-2.90353">
        <ele>3</ele>
      </trkpt>
      <trkpt lat="47.58756" lon="-2.90348">
        <ele>3</ele>
      </trkpt>
      <trkpt lat="47.58743" lon="-2.90358">
        <ele>3</ele>
      </trkpt>
      <trkpt lat="47.58731" lon="-2.90368">
        <ele>3</ele>
      </trkpt>
      <trkpt lat="47.58723" lon="-2.90368">
        <ele>3</ele>
      </trkpt>
      <trkpt lat="47.58717" lon="-2.90358">
        <ele>3</ele>
      </trkpt>
      <trkpt lat="47.58708" lon="-2.90361">
        <ele>3</ele>
      </trkpt>
      <trkpt lat="47.587" lon="-2.90374">
        <ele>3</ele>
      </trkpt>
      <trkpt lat="47.58677" lon="-2.9039">
        <ele>3</ele>
      </trkpt>
      <trkpt lat="47.58665" lon="-2.90417">
        <ele>3</ele>
      </trkpt>
      <trkpt lat="47.58657" lon="-2.90424">
        <ele>3</ele>
      </trkpt>
      <trkpt lat="47.58643" lon="-2.90426">
        <ele>3</ele>
      </trkpt>
      <trkpt lat="47.58627" lon="-2.90423">
        <ele>3</ele>
      </trkpt>
      <trkpt lat="47.58612" lon="-2.90424">
        <ele>4</ele>
      </trkpt>
      <trkpt lat="47.58598" lon="-2.90426">
        <ele>4</ele>
      </trkpt>
      <trkpt lat="47.58584" lon="-2.90431">
        <ele>4</ele>
      </trkpt>
      <trkpt lat="47.58569" lon="-2.90437">
        <ele>4</ele>
      </trkpt>
      <trkpt lat="47.58549" lon="-2.90461">
        <ele>4</ele>
      </trkpt>
      <trkpt lat="47.58529" lon="-2.90484">
        <ele>6</ele>
      </trkpt>
      <trkpt lat="47.5852" lon="-2.90462">
        <ele>7</ele>
      </trkpt>
      <trkpt lat="47.58512" lon="-2.90439">
        <ele>9</ele>
      </trkpt>
      <trkpt lat="47.58503" lon="-2.90416">
        <ele>11</ele>
      </trkpt>
      <trkpt lat="47.58494" lon="-2.90394">
        <ele>12</ele>
      </trkpt>
      <trkpt lat="47.58482" lon="-2.90384">
        <ele>12</ele>
      </trkpt>
      <trkpt lat="47.58469" lon="-2.90374">
        <ele>12</ele>
      </trkpt>
      <trkpt lat="47.58448" lon="-2.9035">
        <ele>12</ele>
      </trkpt>
      <trkpt lat="47.58431" lon="-2.9037">
        <ele>13</ele>
      </trkpt>
      <trkpt lat="47.58414" lon="-2.90391">
        <ele>13</ele>
      </trkpt>
      <trkpt lat="47.58397" lon="-2.90411">
        <ele>13</ele>
      </trkpt>
      <trkpt lat="47.58379" lon="-2.90432">
        <ele>13</ele>
      </trkpt>
      <trkpt lat="47.58362" lon="-2.90452">
        <ele>13</ele>
      </trkpt>
      <trkpt lat="47.58345" lon="-2.90472">
        <ele>13</ele>
      </trkpt>
      <trkpt lat="47.58328" lon="-2.90493">
        <ele>12</ele>
      </trkpt>
      <trkpt lat="47.58311" lon="-2.90513">
        <ele>11</ele>
      </trkpt>
      <trkpt lat="47.58295" lon="-2.90525">
        <ele>10</ele>
      </trkpt>
      <trkpt lat="47.58279" lon="-2.90537">
        <ele>7</ele>
      </trkpt>
      <trkpt lat="47.58263" lon="-2.90548">
        <ele>6</ele>
      </trkpt>
      <trkpt lat="47.58247" lon="-2.9056">
        <ele>3</ele>
      </trkpt>
      <trkpt lat="47.58231" lon="-2.90564">
        <ele>3</ele>
      </trkpt>
      <trkpt lat="47.58213" lon="-2.90565">
        <ele>3</ele>
      </trkpt>
      <trkpt lat="47.58203" lon="-2.90555">
        <ele>3</ele>
      </trkpt>
      <trkpt lat="47.58202" lon="-2.90539">
        <ele>3</ele>
      </trkpt>
      <trkpt lat="47.58205" lon="-2.90529">
        <ele>3</ele>
      </trkpt>
      <trkpt lat="47.58205" lon="-2.90505">
        <ele>3</ele>
      </trkpt>
      <trkpt lat="47.58204" lon="-2.90481">
        <ele>4</ele>
      </trkpt>
      <trkpt lat="47.58212" lon="-2.90456">
        <ele>4</ele>
      </trkpt>
      <trkpt lat="47.58224" lon="-2.90439">
        <ele>5</ele>
      </trkpt>
      <trkpt lat="47.58226" lon="-2.90421">
        <ele>7</ele>
      </trkpt>
      <trkpt lat="47.58229" lon="-2.90414">
        <ele>7</ele>
      </trkpt>
      <trkpt lat="47.58239" lon="-2.90402">
        <ele>8</ele>
      </trkpt>
      <trkpt lat="47.58245" lon="-2.90388">
        <ele>8</ele>
      </trkpt>
      <trkpt lat="47.58245" lon="-2.90378">
        <ele>8</ele>
      </trkpt>
      <trkpt lat="47.5825" lon="-2.90368">
        <ele>8</ele>
      </trkpt>
      <trkpt lat="47.58253" lon="-2.9035">
        <ele>8</ele>
      </trkpt>
      <trkpt lat="47.58252" lon="-2.90332">
        <ele>7</ele>
      </trkpt>
      <trkpt lat="47.58255" lon="-2.90315">
        <ele>7</ele>
      </trkpt>
      <trkpt lat="47.5826" lon="-2.90306">
        <ele>7</ele>
      </trkpt>
      <trkpt lat="47.58264" lon="-2.9028">
        <ele>7</ele>
      </trkpt>
      <trkpt lat="47.58271" lon="-2.90285">
        <ele>7</ele>
      </trkpt>
      <trkpt lat="47.58277" lon="-2.90283">
        <ele>7</ele>
      </trkpt>
      <trkpt lat="47.58288" lon="-2.90273">
        <ele>7</ele>
      </trkpt>
      <trkpt lat="47.583" lon="-2.90257">
        <ele>7</ele>
      </trkpt>
      <trkpt lat="47.58309" lon="-2.90223">
        <ele>7</ele>
      </trkpt>
      <trkpt lat="47.58326" lon="-2.90202">
        <ele>8</ele>
      </trkpt>
      <trkpt lat="47.58345" lon="-2.90184">
        <ele>8</ele>
      </trkpt>
      <trkpt lat="47.58368" lon="-2.90186">
        <ele>7</ele>
      </trkpt>
      <trkpt lat="47.58378" lon="-2.90182">
        <ele>7</ele>
      </trkpt>
      <trkpt lat="47.58401" lon="-2.90168">
        <ele>7</ele>
      </trkpt>
      <trkpt lat="47.58424" lon="-2.90153">
        <ele>7</ele>
      </trkpt>
      <trkpt lat="47.58425" lon="-2.90149">
        <ele>7</ele>
      </trkpt>
      <trkpt lat="47.58418" lon="-2.90111">
        <ele>6</ele>
      </trkpt>
      <trkpt lat="47.58419" lon="-2.90099">
        <ele>5</ele>
      </trkpt>
      <trkpt lat="47.58429" lon="-2.90085">
        <ele>5</ele>
      </trkpt>
      <trkpt lat="47.58438" lon="-2.9007">
        <ele>5</ele>
      </trkpt>
      <trkpt lat="47.58449" lon="-2.9005">
        <ele>4</ele>
      </trkpt>
      <trkpt lat="47.5846" lon="-2.9003">
        <ele>4</ele>
      </trkpt>
      <trkpt lat="47.58478" lon="-2.90017">
        <ele>4</ele>
      </trkpt>
      <trkpt lat="47.58495" lon="-2.90005">
        <ele>3</ele>
      </trkpt>
      <trkpt lat="47.58515" lon="-2.89981">
        <ele>3</ele>
      </trkpt>
      <trkpt lat="47.58535" lon="-2.89957">
        <ele>3</ele>
      </trkpt>
      <trkpt lat="47.58555" lon="-2.89934">
        <ele>3</ele>
      </trkpt>
      <trkpt lat="47.58575" lon="-2.8991">
        <ele>3</ele>
      </trkpt>
      <trkpt lat="47.5859" lon="-2.89934">
        <ele>2</ele>
      </trkpt>
      <trkpt lat="47.58602" lon="-2.89945">
        <ele>2</ele>
      </trkpt>
      <trkpt lat="47.58624" lon="-2.89951">
        <ele>2</ele>
      </trkpt>
      <trkpt lat="47.58635" lon="-2.89961">
        <ele>2</ele>
      </trkpt>
      <trkpt lat="47.58647" lon="-2.89972">
        <ele>2</ele>
      </trkpt>
      <trkpt lat="47.58656" lon="-2.89988">
        <ele>2</ele>
      </trkpt>
      <trkpt lat="47.58665" lon="-2.90004">
        <ele>2</ele>
      </trkpt>
      <trkpt lat="47.58673" lon="-2.9002">
        <ele>2</ele>
      </trkpt>
      <trkpt lat="47.58682" lon="-2.90036">
        <ele>2</ele>
      </trkpt>
      <trkpt lat="47.58701" lon="-2.90062">
        <ele>2</ele>
      </trkpt>
      <trkpt lat="47.58721" lon="-2.90069">
        <ele>2</ele>
      </trkpt>
      <trkpt lat="47.58727" lon="-2.9009">
        <ele>2</ele>
      </trkpt>
      <trkpt lat="47.58734" lon="-2.90112">
        <ele>3</ele>
      </trkpt>
      <trkpt lat="47.58749" lon="-2.90102">
        <ele>3</ele>
      </trkpt>
      <trkpt lat="47.58765" lon="-2.90092">
        <ele>3</ele>
      </trkpt>
      <trkpt lat="47.58781" lon="-2.90081">
        <ele>4</ele>
      </trkpt>
      <trkpt lat="47.58796" lon="-2.90071">
        <ele>4</ele>
      </trkpt>
      <trkpt lat="47.5881" lon="-2.90064">
        <ele>5</ele>
      </trkpt>
      <trkpt lat="47.58824" lon="-2.90058">
        <ele>5</ele>
      </trkpt>
      <trkpt lat="47.5884" lon="-2.90059">
        <ele>5</ele>
      </trkpt>
      <trkpt lat="47.58856" lon="-2.9006">
        <ele>5</ele>
      </trkpt>
      <trkpt lat="47.58868" lon="-2.90052">
        <ele>5</ele>
      </trkpt>
      <trkpt lat="47.58881" lon="-2.90044">
        <ele>5</ele>
      </trkpt>
      <trkpt lat="47.58894" lon="-2.90036">
        <ele>5</ele>
      </trkpt>
      <trkpt lat="47.58906" lon="-2.90028">
        <ele>5</ele>
      </trkpt>
      <trkpt lat="47.58926" lon="-2.9003">
        <ele>5</ele>
      </trkpt>
      <trkpt lat="47.58948" lon="-2.90013">
        <ele>4</ele>
      </trkpt>
      <trkpt lat="47.5897" lon="-2.89996">
        <ele>4</ele>
      </trkpt>
      <trkpt lat="47.58992" lon="-2.89979">
        <ele>3</ele>
      </trkpt>
      <trkpt lat="47.59014" lon="-2.89962">
        <ele>3</ele>
      </trkpt>
      <trkpt lat="47.59033" lon="-2.89939">
        <ele>2</ele>
      </trkpt>
      <trkpt lat="47.59052" lon="-2.89916">
        <ele>2</ele>
      </trkpt>
      <trkpt lat="47.59078" lon="-2.89922">
        <ele>2</ele>
      </trkpt>
      <trkpt lat="47.59103" lon="-2.89928">
        <ele>2</ele>
      </trkpt>
      <trkpt lat="47.59129" lon="-2.89935">
        <ele>2</ele>
      </trkpt>
      <trkpt lat="47.59155" lon="-2.89941">
        <ele>2</ele>
      </trkpt>
      <trkpt lat="47.59169" lon="-2.89961">
        <ele>2</ele>
      </trkpt>
      <trkpt lat="47.59183" lon="-2.89982">
        <ele>2</ele>
      </trkpt>
      <trkpt lat="47.59197" lon="-2.90002">
        <ele>2</ele>
      </trkpt>
      <trkpt lat="47.59211" lon="-2.90022">
        <ele>3</ele>
      </trkpt>
      <trkpt lat="47.59225" lon="-2.90043">
        <ele>3</ele>
      </trkpt>
      <trkpt lat="47.59239" lon="-2.90063">
        <ele>3</ele>
      </trkpt>
      <trkpt lat="47.59253" lon="-2.90084">
        <ele>3</ele>
      </trkpt>
      <trkpt lat="47.59267" lon="-2.90104">
        <ele>2</ele>
      </trkpt>
      <trkpt lat="47.5928" lon="-2.90097">
        <ele>2</ele>
      </trkpt>
      <trkpt lat="47.59293" lon="-2.90089">
        <ele>1</ele>
      </trkpt>
      <trkpt lat="47.593" lon="-2.90109">
        <ele>1</ele>
      </trkpt>
      <trkpt lat="47.59308" lon="-2.90129">
        <ele>1</ele>
      </trkpt>
      <trkpt lat="47.59315" lon="-2.90149">
        <ele>1</ele>
      </trkpt>
      <trkpt lat="47.59323" lon="-2.90169">
        <ele>1</ele>
      </trkpt>
      <trkpt lat="47.5933" lon="-2.90188">
        <ele>1</ele>
      </trkpt>
      <trkpt lat="47.59337" lon="-2.90208">
        <ele>1</ele>
      </trkpt>
      <trkpt lat="47.59345" lon="-2.90228">
        <ele>1</ele>
      </trkpt>
      <trkpt lat="47.59352" lon="-2.90248">
        <ele>2</ele>
      </trkpt>
      <trkpt lat="47.59365" lon="-2.90244">
        <ele>2</ele>
      </trkpt>
      <trkpt lat="47.59379" lon="-2.90239">
        <ele>2</ele>
      </trkpt>
      <trkpt lat="47.59392" lon="-2.90235">
        <ele>2</ele>
      </trkpt>
      <trkpt lat="47.59405" lon="-2.9023">
        <ele>1</ele>
      </trkpt>
      <trkpt lat="47.59419" lon="-2.90226">
        <ele>1</ele>
      </trkpt>
      <trkpt lat="47.59432" lon="-2.90221">
        <ele>1</ele>
      </trkpt>
      <trkpt lat="47.59445" lon="-2.90217">
        <ele>1</ele>
      </trkpt>
      <trkpt lat="47.59458" lon="-2.90212">
        <ele>1</ele>
      </trkpt>
      <trkpt lat="47.59472" lon="-2.90207">
        <ele>1</ele>
      </trkpt>
      <trkpt lat="47.59485" lon="-2.90203">
        <ele>1</ele>
      </trkpt>
      <trkpt lat="47.59498" lon="-2.90198">
        <ele>1</ele>
      </trkpt>
      <trkpt lat="47.59512" lon="-2.90194">
        <ele>1</ele>
      </trkpt>
      <trkpt lat="47.59525" lon="-2.90189">
        <ele>1</ele>
      </trkpt>
      <trkpt lat="47.59538" lon="-2.90185">
        <ele>1</ele>
      </trkpt>
      <trkpt lat="47.59552" lon="-2.9018">
        <ele>1</ele>
      </trkpt>
      <trkpt lat="47.59565" lon="-2.90176">
        <ele>1</ele>
      </trkpt>
      <trkpt lat="47.59583" lon="-2.90182">
        <ele>1</ele>
      </trkpt>
      <trkpt lat="47.59601" lon="-2.90189">
        <ele>1</ele>
      </trkpt>
      <trkpt lat="47.59619" lon="-2.90196">
        <ele>1</ele>
      </trkpt>
      <trkpt lat="47.59637" lon="-2.90202">
        <ele>1</ele>
      </trkpt>
      <trkpt lat="47.59655" lon="-2.90209">
        <ele>2</ele>
      </trkpt>
      <trkpt lat="47.59673" lon="-2.90215">
        <ele>1</ele>
      </trkpt>
      <trkpt lat="47.59691" lon="-2.90221">
        <ele>1</ele>
      </trkpt>
      <trkpt lat="47.59709" lon="-2.90228">
        <ele>1</ele>
      </trkpt>
      <trkpt lat="47.59728" lon="-2.90254">
        <ele>1</ele>
      </trkpt>
      <trkpt lat="47.59747" lon="-2.90281">
        <ele>0</ele>
      </trkpt>
      <trkpt lat="47.59746" lon="-2.90308">
        <ele>1</ele>
      </trkpt>
      <trkpt lat="47.59744" lon="-2.90334">
        <ele>1</ele>
      </trkpt>
      <trkpt lat="47.59743" lon="-2.90361">
        <ele>1</ele>
      </trkpt>
      <trkpt lat="47.59741" lon="-2.90388">
        <ele>1</ele>
      </trkpt>
      <trkpt lat="47.59738" lon="-2.90414">
        <ele>2</ele>
      </trkpt>
      <trkpt lat="47.59735" lon="-2.90441">
        <ele>1</ele>
      </trkpt>
      <trkpt lat="47.59731" lon="-2.90468">
        <ele>1</ele>
      </trkpt>
      <trkpt lat="47.59728" lon="-2.90494">
        <ele>1</ele>
      </trkpt>
      <trkpt lat="47.59734" lon="-2.90512">
        <ele>1</ele>
      </trkpt>
      <trkpt lat="47.59739" lon="-2.90531">
        <ele>1</ele>
      </trkpt>
      <trkpt lat="47.59751" lon="-2.90543">
        <ele>1</ele>
      </trkpt>
      <trkpt lat="47.59763" lon="-2.90554">
        <ele>1</ele>
      </trkpt>
      <trkpt lat="47.59775" lon="-2.90566">
        <ele>2</ele>
      </trkpt>
      <trkpt lat="47.59787" lon="-2.90577">
        <ele>3</ele>
      </trkpt>
      <trkpt lat="47.59795" lon="-2.9056">
        <ele>3</ele>
      </trkpt>
      <trkpt lat="47.59802" lon="-2.90543">
        <ele>3</ele>
      </trkpt>
      <trkpt lat="47.5981" lon="-2.90527">
        <ele>3</ele>
      </trkpt>
      <trkpt lat="47.59817" lon="-2.9051">
        <ele>3</ele>
      </trkpt>
      <trkpt lat="47.59832" lon="-2.90497">
        <ele>3</ele>
      </trkpt>
      <trkpt lat="47.59847" lon="-2.90485">
        <ele>3</ele>
      </trkpt>
      <trkpt lat="47.59862" lon="-2.90473">
        <ele>3</ele>
      </trkpt>
      <trkpt lat="47.59877" lon="-2.9046">
        <ele>3</ele>
      </trkpt>
      <trkpt lat="47.59897" lon="-2.90451">
        <ele>3</ele>
      </trkpt>
      <trkpt lat="47.59918" lon="-2.90443">
        <ele>3</ele>
      </trkpt>
      <trkpt lat="47.5994" lon="-2.90439">
        <ele>2</ele>
      </trkpt>
      <trkpt lat="47.59963" lon="-2.90435">
        <ele>2</ele>
      </trkpt>
      <trkpt lat="47.5997" lon="-2.90454">
        <ele>2</ele>
      </trkpt>
      <trkpt lat="47.59983" lon="-2.90465">
        <ele>2</ele>
      </trkpt>
      <trkpt lat="47.59996" lon="-2.90477">
        <ele>2</ele>
      </trkpt>
      <trkpt lat="47.60009" lon="-2.90488">
        <ele>2</ele>
      </trkpt>
      <trkpt lat="47.60022" lon="-2.90499">
        <ele>2</ele>
      </trkpt>
      <trkpt lat="47.60031" lon="-2.90482">
        <ele>1</ele>
      </trkpt>
      <trkpt lat="47.6004" lon="-2.90464">
        <ele>1</ele>
      </trkpt>
      <trkpt lat="47.60049" lon="-2.90447">
        <ele>1</ele>
      </trkpt>
      <trkpt lat="47.60058" lon="-2.90429">
        <ele>0</ele>
      </trkpt>
      <trkpt lat="47.60071" lon="-2.90417">
        <ele>0</ele>
      </trkpt>
      <trkpt lat="47.60083" lon="-2.90404">
        <ele>0</ele>
      </trkpt>
      <trkpt lat="47.60095" lon="-2.90392">
        <ele>0</ele>
      </trkpt>
      <trkpt lat="47.60108" lon="-2.9038">
        <ele>0</ele>
      </trkpt>
      <trkpt lat="47.60122" lon="-2.90372">
        <ele>0</ele>
      </trkpt>
      <trkpt lat="47.60135" lon="-2.90363">
        <ele>0</ele>
      </trkpt>
      <trkpt lat="47.60149" lon="-2.90355">
        <ele>0</ele>
      </trkpt>
      <trkpt lat="47.60162" lon="-2.90347">
        <ele>0</ele>
      </trkpt>
      <trkpt lat="47.60176" lon="-2.90339">
        <ele>0</ele>
      </trkpt>
      <trkpt lat="47.6019" lon="-2.90331">
        <ele>0</ele>
      </trkpt>
      <trkpt lat="47.60203" lon="-2.90322">
        <ele>1</ele>
      </trkpt>
      <trkpt lat="47.60217" lon="-2.90314">
        <ele>1</ele>
      </trkpt>
      <trkpt lat="47.60237" lon="-2.90301">
        <ele>1</ele>
      </trkpt>
      <trkpt lat="47.60256" lon="-2.90287">
        <ele>1</ele>
      </trkpt>
      <trkpt lat="47.60276" lon="-2.90273">
        <ele>1</ele>
      </trkpt>
      <trkpt lat="47.60296" lon="-2.9026">
        <ele>1</ele>
      </trkpt>
      <trkpt lat="47.60313" lon="-2.90259">
        <ele>1</ele>
      </trkpt>
      <trkpt lat="47.6033" lon="-2.90258">
        <ele>1</ele>
      </trkpt>
      <trkpt lat="47.60353" lon="-2.9027">
        <ele>1</ele>
      </trkpt>
      <trkpt lat="47.60377" lon="-2.90282">
        <ele>1</ele>
      </trkpt>
      <trkpt lat="47.60389" lon="-2.90257">
        <ele>2</ele>
      </trkpt>
      <trkpt lat="47.60401" lon="-2.90231">
        <ele>2</ele>
      </trkpt>
      <trkpt lat="47.60414" lon="-2.90206">
        <ele>2</ele>
      </trkpt>
      <trkpt lat="47.60426" lon="-2.90181">
        <ele>2</ele>
      </trkpt>
      <trkpt lat="47.60438" lon="-2.90149">
        <ele>2</ele>
      </trkpt>
      <trkpt lat="47.60451" lon="-2.90116">
        <ele>2</ele>
      </trkpt>
      <trkpt lat="47.60463" lon="-2.90084">
        <ele>3</ele>
      </trkpt>
      <trkpt lat="47.60475" lon="-2.90052">
        <ele>4</ele>
      </trkpt>
      <trkpt lat="47.60481" lon="-2.90031">
        <ele>5</ele>
      </trkpt>
      <trkpt lat="47.60487" lon="-2.90009">
        <ele>6</ele>
      </trkpt>
      <trkpt lat="47.60492" lon="-2.89987">
        <ele>7</ele>
      </trkpt>
      <trkpt lat="47.60498" lon="-2.89966">
        <ele>9</ele>
      </trkpt>
      <trkpt lat="47.60502" lon="-2.8993">
        <ele>12</ele>
      </trkpt>
      <trkpt lat="47.60506" lon="-2.89894">
        <ele>15</ele>
      </trkpt>
      <trkpt lat="47.60506" lon="-2.89859">
        <ele>17</ele>
      </trkpt>
      <trkpt lat="47.60506" lon="-2.89825">
        <ele>17</ele>
      </trkpt>
      <trkpt lat="47.60506" lon="-2.8979">
        <ele>18</ele>
      </trkpt>
      <trkpt lat="47.60506" lon="-2.89755">
        <ele>19</ele>
      </trkpt>
      <trkpt lat="47.60506" lon="-2.8972">
        <ele>19</ele>
      </trkpt>
      <trkpt lat="47.60506" lon="-2.89685">
        <ele>20</ele>
      </trkpt>
      <trkpt lat="47.60506" lon="-2.89651">
        <ele>20</ele>
      </trkpt>
      <trkpt lat="47.60506" lon="-2.89616">
        <ele>20</ele>
      </trkpt>
      <trkpt lat="47.60507" lon="-2.89584">
        <ele>20</ele>
      </trkpt>
      <trkpt lat="47.60508" lon="-2.89552">
        <ele>20</ele>
      </trkpt>
      <trkpt lat="47.60512" lon="-2.89527">
        <ele>20</ele>
      </trkpt>
      <trkpt lat="47.60516" lon="-2.89501">
        <ele>20</ele>
      </trkpt>
      <trkpt lat="47.60523" lon="-2.89475">
        <ele>20</ele>
      </trkpt>
      <trkpt lat="47.6053" lon="-2.8945">
        <ele>20</ele>
      </trkpt>
      <trkpt lat="47.6054" lon="-2.89428">
        <ele>19</ele>
      </trkpt>
      <trkpt lat="47.60549" lon="-2.89406">
        <ele>19</ele>
      </trkpt>
      <trkpt lat="47.60559" lon="-2.89384">
        <ele>19</ele>
      </trkpt>
      <trkpt lat="47.60568" lon="-2.89362">
        <ele>19</ele>
      </trkpt>
      <trkpt lat="47.60556" lon="-2.89342">
        <ele>20</ele>
      </trkpt>
      <trkpt lat="47.60545" lon="-2.89322">
        <ele>21</ele>
      </trkpt>
      <trkpt lat="47.60533" lon="-2.89302">
        <ele>21</ele>
      </trkpt>
      <trkpt lat="47.60522" lon="-2.89282">
        <ele>21</ele>
      </trkpt>
      <trkpt lat="47.6051" lon="-2.89262">
        <ele>21</ele>
      </trkpt>
      <trkpt lat="47.60499" lon="-2.89242">
        <ele>20</ele>
      </trkpt>
      <trkpt lat="47.60487" lon="-2.89222">
        <ele>20</ele>
      </trkpt>
      <trkpt lat="47.60475" lon="-2.89202">
        <ele>19</ele>
      </trkpt>
      <trkpt lat="47.60464" lon="-2.89182">
        <ele>19</ele>
      </trkpt>
      <trkpt lat="47.60452" lon="-2.89162">
        <ele>18</ele>
      </trkpt>
      <trkpt lat="47.60441" lon="-2.89142">
        <ele>17</ele>
      </trkpt>
      <trkpt lat="47.60429" lon="-2.89122">
        <ele>16</ele>
      </trkpt>
      <trkpt lat="47.60418" lon="-2.89102">
        <ele>15</ele>
      </trkpt>
      <trkpt lat="47.60406" lon="-2.89082">
        <ele>14</ele>
      </trkpt>
      <trkpt lat="47.60395" lon="-2.89062">
        <ele>13</ele>
      </trkpt>
      <trkpt lat="47.60383" lon="-2.89042">
        <ele>12</ele>
      </trkpt>
      <trkpt lat="47.60367" lon="-2.89041">
        <ele>11</ele>
      </trkpt>
      <trkpt lat="47.60362" lon="-2.89021">
        <ele>10</ele>
      </trkpt>
      <trkpt lat="47.60356" lon="-2.89001">
        <ele>10</ele>
      </trkpt>
      <trkpt lat="47.6035" lon="-2.88981">
        <ele>9</ele>
      </trkpt>
      <trkpt lat="47.60345" lon="-2.88961">
        <ele>7</ele>
      </trkpt>
      <trkpt lat="47.6034" lon="-2.88941">
        <ele>6</ele>
      </trkpt>
      <trkpt lat="47.60334" lon="-2.88921">
        <ele>5</ele>
      </trkpt>
      <trkpt lat="47.60328" lon="-2.88901">
        <ele>3</ele>
      </trkpt>
      <trkpt lat="47.60323" lon="-2.88881">
        <ele>3</ele>
      </trkpt>
      <trkpt lat="47.60335" lon="-2.88866">
        <ele>3</ele>
      </trkpt>
      <trkpt lat="47.60347" lon="-2.88851">
        <ele>3</ele>
      </trkpt>
      <trkpt lat="47.60351" lon="-2.88823">
        <ele>2</ele>
      </trkpt>
      <trkpt lat="47.60366" lon="-2.8879">
        <ele>3</ele>
      </trkpt>
      <trkpt lat="47.60371" lon="-2.88759">
        <ele>3</ele>
      </trkpt>
      <trkpt lat="47.60376" lon="-2.88728">
        <ele>3</ele>
      </trkpt>
      <trkpt lat="47.60402" lon="-2.88738">
        <ele>3</ele>
      </trkpt>
      <trkpt lat="47.60427" lon="-2.88748">
        <ele>4</ele>
      </trkpt>
      <trkpt lat="47.60425" lon="-2.88711">
        <ele>4</ele>
      </trkpt>
      <trkpt lat="47.60424" lon="-2.88673">
        <ele>4</ele>
      </trkpt>
      <trkpt lat="47.60422" lon="-2.88636">
        <ele>4</ele>
      </trkpt>
      <trkpt lat="47.60421" lon="-2.88598">
        <ele>4</ele>
      </trkpt>
      <trkpt lat="47.60419" lon="-2.8856">
        <ele>4</ele>
      </trkpt>
      <trkpt lat="47.60417" lon="-2.88523">
        <ele>4</ele>
      </trkpt>
      <trkpt lat="47.60416" lon="-2.88485">
        <ele>6</ele>
      </trkpt>
      <trkpt lat="47.60414" lon="-2.88448">
        <ele>7</ele>
      </trkpt>
      <trkpt lat="47.60412" lon="-2.88419">
        <ele>8</ele>
      </trkpt>
      <trkpt lat="47.6041" lon="-2.88389">
        <ele>10</ele>
      </trkpt>
      <trkpt lat="47.60408" lon="-2.8836">
        <ele>11</ele>
      </trkpt>
      <trkpt lat="47.60407" lon="-2.88331">
        <ele>12</ele>
      </trkpt>
      <trkpt lat="47.60405" lon="-2.88301">
        <ele>14</ele>
      </trkpt>
      <trkpt lat="47.60403" lon="-2.88272">
        <ele>15</ele>
      </trkpt>
      <trkpt lat="47.60401" lon="-2.88242">
        <ele>16</ele>
      </trkpt>
      <trkpt lat="47.60399" lon="-2.88213">
        <ele>18</ele>
      </trkpt>
      <trkpt lat="47.60394" lon="-2.88182">
        <ele>19</ele>
      </trkpt>
      <trkpt lat="47.60389" lon="-2.88151">
        <ele>20</ele>
      </trkpt>
      <trkpt lat="47.60384" lon="-2.8812">
        <ele>20</ele>
      </trkpt>
      <trkpt lat="47.60379" lon="-2.88089">
        <ele>20</ele>
      </trkpt>
      <trkpt lat="47.60374" lon="-2.88058">
        <ele>20</ele>
      </trkpt>
      <trkpt lat="47.60369" lon="-2.88027">
        <ele>20</ele>
      </trkpt>
      <trkpt lat="47.60364" lon="-2.87996">
        <ele>20</ele>
      </trkpt>
      <trkpt lat="47.60359" lon="-2.87965">
        <ele>20</ele>
      </trkpt>
      <trkpt lat="47.60352" lon="-2.87937">
        <ele>20</ele>
      </trkpt>
      <trkpt lat="47.60345" lon="-2.87909">
        <ele>20</ele>
      </trkpt>
      <trkpt lat="47.60338" lon="-2.87881">
        <ele>20</ele>
      </trkpt>
      <trkpt lat="47.60331" lon="-2.87853">
        <ele>20</ele>
      </trkpt>
      <trkpt lat="47.60319" lon="-2.87819">
        <ele>19</ele>
      </trkpt>
      <trkpt lat="47.60307" lon="-2.87784">
        <ele>18</ele>
      </trkpt>
      <trkpt lat="47.60307" lon="-2.8777">
        <ele>18</ele>
      </trkpt>
      <trkpt lat="47.60301" lon="-2.87765">
        <ele>18</ele>
      </trkpt>
      <trkpt lat="47.6028" lon="-2.87764">
        <ele>17</ele>
      </trkpt>
      <trkpt lat="47.60258" lon="-2.87763">
        <ele>16</ele>
      </trkpt>
      <trkpt lat="47.60237" lon="-2.87761">
        <ele>15</ele>
      </trkpt>
      <trkpt lat="47.60215" lon="-2.8776">
        <ele>15</ele>
      </trkpt>
      <trkpt lat="47.60211" lon="-2.87726">
        <ele>15</ele>
      </trkpt>
      <trkpt lat="47.60207" lon="-2.87692">
        <ele>15</ele>
      </trkpt>
      <trkpt lat="47.60201" lon="-2.87656">
        <ele>15</ele>
      </trkpt>
      <trkpt lat="47.60196" lon="-2.8762">
        <ele>15</ele>
      </trkpt>
      <trkpt lat="47.60191" lon="-2.87584">
        <ele>15</ele>
      </trkpt>
      <trkpt lat="47.60185" lon="-2.87548">
        <ele>14</ele>
      </trkpt>
      <trkpt lat="47.60187" lon="-2.87529">
        <ele>14</ele>
      </trkpt>
      <trkpt lat="47.6018" lon="-2.87522">
        <ele>13</ele>
      </trkpt>
      <trkpt lat="47.60161" lon="-2.87511">
        <ele>13</ele>
      </trkpt>
      <trkpt lat="47.60149" lon="-2.87496">
        <ele>12</ele>
      </trkpt>
      <trkpt lat="47.60137" lon="-2.87481">
        <ele>11</ele>
      </trkpt>
      <trkpt lat="47.60125" lon="-2.87466">
        <ele>11</ele>
      </trkpt>
      <trkpt lat="47.60113" lon="-2.87451">
        <ele>10</ele>
      </trkpt>
      <trkpt lat="47.60099" lon="-2.87431">
        <ele>9</ele>
      </trkpt>
      <trkpt lat="47.60086" lon="-2.87411">
        <ele>8</ele>
      </trkpt>
      <trkpt lat="47.60076" lon="-2.87387">
        <ele>8</ele>
      </trkpt>
      <trkpt lat="47.60066" lon="-2.87364">
        <ele>8</ele>
      </trkpt>
      <trkpt lat="47.60049" lon="-2.87387">
        <ele>8</ele>
      </trkpt>
      <trkpt lat="47.60032" lon="-2.8741">
        <ele>8</ele>
      </trkpt>
      <trkpt lat="47.60016" lon="-2.87432">
        <ele>8</ele>
      </trkpt>
      <trkpt lat="47.59999" lon="-2.87455">
        <ele>7</ele>
      </trkpt>
      <trkpt lat="47.59994" lon="-2.87476">
        <ele>6</ele>
      </trkpt>
      <trkpt lat="47.59989" lon="-2.87497">
        <ele>6</ele>
      </trkpt>
      <trkpt lat="47.59974" lon="-2.87507">
        <ele>5</ele>
      </trkpt>
      <trkpt lat="47.59959" lon="-2.87517">
        <ele>5</ele>
      </trkpt>
      <trkpt lat="47.59933" lon="-2.87514">
        <ele>5</ele>
      </trkpt>
      <trkpt lat="47.59916" lon="-2.87517">
        <ele>5</ele>
      </trkpt>
      <trkpt lat="47.59904" lon="-2.87526">
        <ele>5</ele>
      </trkpt>
      <trkpt lat="47.59893" lon="-2.87522">
        <ele>5</ele>
      </trkpt>
      <trkpt lat="47.59889" lon="-2.87513">
        <ele>5</ele>
      </trkpt>
      <trkpt lat="47.59885" lon="-2.87485">
        <ele>5</ele>
      </trkpt>
      <trkpt lat="47.5988" lon="-2.87457">
        <ele>6</ele>
      </trkpt>
      <trkpt lat="47.59876" lon="-2.87429">
        <ele>7</ele>
      </trkpt>
      <trkpt lat="47.59872" lon="-2.87401">
        <ele>7</ele>
      </trkpt>
      <trkpt lat="47.59872" lon="-2.87366">
        <ele>8</ele>
      </trkpt>
      <trkpt lat="47.59874" lon="-2.87345">
        <ele>9</ele>
      </trkpt>
      <trkpt lat="47.59876" lon="-2.87325">
        <ele>9</ele>
      </trkpt>
      <trkpt lat="47.59875" lon="-2.87305">
        <ele>9</ele>
      </trkpt>
      <trkpt lat="47.59874" lon="-2.87284">
        <ele>9</ele>
      </trkpt>
      <trkpt lat="47.5987" lon="-2.87263">
        <ele>9</ele>
      </trkpt>
      <trkpt lat="47.59867" lon="-2.87241">
        <ele>9</ele>
      </trkpt>
      <trkpt lat="47.59859" lon="-2.87209">
        <ele>9</ele>
      </trkpt>
      <trkpt lat="47.59864" lon="-2.87188">
        <ele>9</ele>
      </trkpt>
      <trkpt lat="47.59869" lon="-2.87168">
        <ele>9</ele>
      </trkpt>
      <trkpt lat="47.59875" lon="-2.87148">
        <ele>11</ele>
      </trkpt>
      <trkpt lat="47.5988" lon="-2.87127">
        <ele>11</ele>
      </trkpt>
      <trkpt lat="47.59884" lon="-2.87103">
        <ele>11</ele>
      </trkpt>
      <trkpt lat="47.59888" lon="-2.87079">
        <ele>11</ele>
      </trkpt>
      <trkpt lat="47.59893" lon="-2.87055">
        <ele>11</ele>
      </trkpt>
      <trkpt lat="47.59897" lon="-2.87031">
        <ele>11</ele>
      </trkpt>
      <trkpt lat="47.59892" lon="-2.87005">
        <ele>8</ele>
      </trkpt>
      <trkpt lat="47.59887" lon="-2.86979">
        <ele>8</ele>
      </trkpt>
      <trkpt lat="47.59883" lon="-2.86952">
        <ele>8</ele>
      </trkpt>
      <trkpt lat="47.59878" lon="-2.86926">
        <ele>8</ele>
      </trkpt>
      <trkpt lat="47.59879" lon="-2.86912">
        <ele>8</ele>
      </trkpt>
      <trkpt lat="47.59873" lon="-2.8689">
        <ele>8</ele>
      </trkpt>
      <trkpt lat="47.59866" lon="-2.86869">
        <ele>8</ele>
      </trkpt>
      <trkpt lat="47.5986" lon="-2.86848">
        <ele>8</ele>
      </trkpt>
      <trkpt lat="47.59854" lon="-2.86826">
        <ele>8</ele>
      </trkpt>
      <trkpt lat="47.59846" lon="-2.86804">
        <ele>8</ele>
      </trkpt>
      <trkpt lat="47.59838" lon="-2.86782">
        <ele>8</ele>
      </trkpt>
      <trkpt lat="47.59845" lon="-2.86769">
        <ele>9</ele>
      </trkpt>
      <trkpt lat="47.59864" lon="-2.86764">
        <ele>11</ele>
      </trkpt>
      <trkpt lat="47.59883" lon="-2.8676">
        <ele>13</ele>
      </trkpt>
      <trkpt lat="47.59902" lon="-2.86755">
        <ele>15</ele>
      </trkpt>
      <trkpt lat="47.5992" lon="-2.8675">
        <ele>16</ele>
      </trkpt>
      <trkpt lat="47.59939" lon="-2.86746">
        <ele>17</ele>
      </trkpt>
      <trkpt lat="47.59958" lon="-2.86741">
        <ele>18</ele>
      </trkpt>
      <trkpt lat="47.59977" lon="-2.86737">
        <ele>19</ele>
      </trkpt>
      <trkpt lat="47.59996" lon="-2.86732">
        <ele>19</ele>
      </trkpt>
      <trkpt lat="47.59995" lon="-2.86713">
        <ele>19</ele>
      </trkpt>
      <trkpt lat="47.60011" lon="-2.86708">
        <ele>19</ele>
      </trkpt>
      <trkpt lat="47.60013" lon="-2.86726">
        <ele>19</ele>
      </trkpt>
      <trkpt lat="47.59992" lon="-2.86731">
        <ele>19</ele>
      </trkpt>
      <trkpt lat="47.59971" lon="-2.86736">
        <ele>19</ele>
      </trkpt>
      <trkpt lat="47.5995" lon="-2.86741">
        <ele>18</ele>
      </trkpt>
      <trkpt lat="47.59929" lon="-2.86746">
        <ele>17</ele>
      </trkpt>
      <trkpt lat="47.59908" lon="-2.86751">
        <ele>15</ele>
      </trkpt>
      <trkpt lat="47.59887" lon="-2.86756">
        <ele>14</ele>
      </trkpt>
      <trkpt lat="47.59866" lon="-2.86761">
        <ele>11</ele>
      </trkpt>
      <trkpt lat="47.59845" lon="-2.86766">
        <ele>9</ele>
      </trkpt>
      <trkpt lat="47.59839" lon="-2.86775">
        <ele>9</ele>
      </trkpt>
      <trkpt lat="47.59825" lon="-2.86758">
        <ele>9</ele>
      </trkpt>
      <trkpt lat="47.59817" lon="-2.86734">
        <ele>9</ele>
      </trkpt>
      <trkpt lat="47.5981" lon="-2.8671">
        <ele>8</ele>
      </trkpt>
      <trkpt lat="47.59802" lon="-2.86686">
        <ele>7</ele>
      </trkpt>
      <trkpt lat="47.59794" lon="-2.86662">
        <ele>7</ele>
      </trkpt>
      <trkpt lat="47.59784" lon="-2.86634">
        <ele>7</ele>
      </trkpt>
      <trkpt lat="47.59773" lon="-2.86607">
        <ele>7</ele>
      </trkpt>
      <trkpt lat="47.59761" lon="-2.86581">
        <ele>7</ele>
      </trkpt>
      <trkpt lat="47.59749" lon="-2.86556">
        <ele>7</ele>
      </trkpt>
      <trkpt lat="47.59738" lon="-2.8653">
        <ele>7</ele>
      </trkpt>
      <trkpt lat="47.59726" lon="-2.86504">
        <ele>8</ele>
      </trkpt>
      <trkpt lat="47.59724" lon="-2.86479">
        <ele>9</ele>
      </trkpt>
      <trkpt lat="47.59721" lon="-2.86454">
        <ele>9</ele>
      </trkpt>
      <trkpt lat="47.59719" lon="-2.86428">
        <ele>9</ele>
      </trkpt>
      <trkpt lat="47.59717" lon="-2.86403">
        <ele>11</ele>
      </trkpt>
      <trkpt lat="47.59721" lon="-2.86371">
        <ele>12</ele>
      </trkpt>
      <trkpt lat="47.59731" lon="-2.86334">
        <ele>12</ele>
      </trkpt>
      <trkpt lat="47.59745" lon="-2.86306">
        <ele>13</ele>
      </trkpt>
      <trkpt lat="47.59761" lon="-2.86284">
        <ele>14</ele>
      </trkpt>
      <trkpt lat="47.59778" lon="-2.86268">
        <ele>15</ele>
      </trkpt>
      <trkpt lat="47.59796" lon="-2.86262">
        <ele>15</ele>
      </trkpt>
      <trkpt lat="47.59814" lon="-2.86256">
        <ele>15</ele>
      </trkpt>
      <trkpt lat="47.59829" lon="-2.86254">
        <ele>15</ele>
      </trkpt>
      <trkpt lat="47.59843" lon="-2.86252">
        <ele>14</ele>
      </trkpt>
      <trkpt lat="47.59857" lon="-2.86249">
        <ele>13</ele>
      </trkpt>
      <trkpt lat="47.59872" lon="-2.86247">
        <ele>12</ele>
      </trkpt>
      <trkpt lat="47.59886" lon="-2.86239">
        <ele>11</ele>
      </trkpt>
      <trkpt lat="47.599" lon="-2.86231">
        <ele>10</ele>
      </trkpt>
      <trkpt lat="47.59913" lon="-2.86226">
        <ele>10</ele>
      </trkpt>
      <trkpt lat="47.59927" lon="-2.86221">
        <ele>10</ele>
      </trkpt>
      <trkpt lat="47.59944" lon="-2.86206">
        <ele>9</ele>
      </trkpt>
      <trkpt lat="47.59954" lon="-2.86191">
        <ele>9</ele>
      </trkpt>
      <trkpt lat="47.59965" lon="-2.86176">
        <ele>9</ele>
      </trkpt>
      <trkpt lat="47.59975" lon="-2.86161">
        <ele>9</ele>
      </trkpt>
      <trkpt lat="47.59985" lon="-2.86146">
        <ele>9</ele>
      </trkpt>
      <trkpt lat="47.60005" lon="-2.86133">
        <ele>9</ele>
      </trkpt>
      <trkpt lat="47.60026" lon="-2.86121">
        <ele>9</ele>
      </trkpt>
      <trkpt lat="47.60048" lon="-2.86117">
        <ele>9</ele>
      </trkpt>
      <trkpt lat="47.60066" lon="-2.86117">
        <ele>9</ele>
      </trkpt>
      <trkpt lat="47.60072" lon="-2.86112">
        <ele>9</ele>
      </trkpt>
      <trkpt lat="47.60089" lon="-2.86118">
        <ele>9</ele>
      </trkpt>
      <trkpt lat="47.601" lon="-2.86128">
        <ele>9</ele>
      </trkpt>
      <trkpt lat="47.60121" lon="-2.86151">
        <ele>8</ele>
      </trkpt>
      <trkpt lat="47.60143" lon="-2.86175">
        <ele>8</ele>
      </trkpt>
      <trkpt lat="47.60157" lon="-2.86193">
        <ele>7</ele>
      </trkpt>
      <trkpt lat="47.60172" lon="-2.86212">
        <ele>7</ele>
      </trkpt>
      <trkpt lat="47.60175" lon="-2.86207">
        <ele>7</ele>
      </trkpt>
      <trkpt lat="47.60184" lon="-2.86207">
        <ele>7</ele>
      </trkpt>
      <trkpt lat="47.60197" lon="-2.862">
        <ele>7</ele>
      </trkpt>
      <trkpt lat="47.60213" lon="-2.86177">
        <ele>6</ele>
      </trkpt>
      <trkpt lat="47.60228" lon="-2.86155">
        <ele>5</ele>
      </trkpt>
      <trkpt lat="47.60237" lon="-2.86138">
        <ele>5</ele>
      </trkpt>
      <trkpt lat="47.60246" lon="-2.86121">
        <ele>4</ele>
      </trkpt>
      <trkpt lat="47.6025" lon="-2.861">
        <ele>4</ele>
      </trkpt>
      <trkpt lat="47.60253" lon="-2.8608">
        <ele>4</ele>
      </trkpt>
      <trkpt lat="47.60255" lon="-2.86051">
        <ele>3</ele>
      </trkpt>
      <trkpt lat="47.60271" lon="-2.86033">
        <ele>3</ele>
      </trkpt>
      <trkpt lat="47.60288" lon="-2.86044">
        <ele>3</ele>
      </trkpt>
      <trkpt lat="47.60293" lon="-2.86071">
        <ele>3</ele>
      </trkpt>
      <trkpt lat="47.60308" lon="-2.8608">
        <ele>3</ele>
      </trkpt>
      <trkpt lat="47.60323" lon="-2.86089">
        <ele>3</ele>
      </trkpt>
      <trkpt lat="47.60338" lon="-2.86097">
        <ele>3</ele>
      </trkpt>
      <trkpt lat="47.60353" lon="-2.86106">
        <ele>3</ele>
      </trkpt>
      <trkpt lat="47.60357" lon="-2.86115">
        <ele>3</ele>
      </trkpt>
      <trkpt lat="47.60374" lon="-2.8613">
        <ele>3</ele>
      </trkpt>
      <trkpt lat="47.60374" lon="-2.86153">
        <ele>4</ele>
      </trkpt>
      <trkpt lat="47.60365" lon="-2.86174">
        <ele>5</ele>
      </trkpt>
      <trkpt lat="47.60356" lon="-2.86195">
        <ele>6</ele>
      </trkpt>
      <trkpt lat="47.60347" lon="-2.86205">
        <ele>6</ele>
      </trkpt>
      <trkpt lat="47.6034" lon="-2.86223">
        <ele>7</ele>
      </trkpt>
      <trkpt lat="47.60333" lon="-2.8624">
        <ele>7</ele>
      </trkpt>
      <trkpt lat="47.60323" lon="-2.86272">
        <ele>8</ele>
      </trkpt>
      <trkpt lat="47.60314" lon="-2.86303">
        <ele>8</ele>
      </trkpt>
      <trkpt lat="47.6031" lon="-2.86337">
        <ele>8</ele>
      </trkpt>
      <trkpt lat="47.60314" lon="-2.8636">
        <ele>8</ele>
      </trkpt>
      <trkpt lat="47.60319" lon="-2.86383">
        <ele>8</ele>
      </trkpt>
      <trkpt lat="47.6033" lon="-2.86408">
        <ele>8</ele>
      </trkpt>
      <trkpt lat="47.60342" lon="-2.86426">
        <ele>7</ele>
      </trkpt>
      <trkpt lat="47.60353" lon="-2.86444">
        <ele>7</ele>
      </trkpt>
      <trkpt lat="47.60365" lon="-2.86462">
        <ele>7</ele>
      </trkpt>
      <trkpt lat="47.60377" lon="-2.8648">
        <ele>7</ele>
      </trkpt>
      <trkpt lat="47.60389" lon="-2.86498">
        <ele>7</ele>
      </trkpt>
      <trkpt lat="47.60401" lon="-2.86516">
        <ele>8</ele>
      </trkpt>
      <trkpt lat="47.60412" lon="-2.86534">
        <ele>8</ele>
      </trkpt>
      <trkpt lat="47.60424" lon="-2.86552">
        <ele>8</ele>
      </trkpt>
      <trkpt lat="47.60436" lon="-2.86584">
        <ele>8</ele>
      </trkpt>
      <trkpt lat="47.60451" lon="-2.86616">
        <ele>8</ele>
      </trkpt>
      <trkpt lat="47.60466" lon="-2.86647">
        <ele>8</ele>
      </trkpt>
      <trkpt lat="47.60481" lon="-2.86679">
        <ele>7</ele>
      </trkpt>
      <trkpt lat="47.60496" lon="-2.8671">
        <ele>7</ele>
      </trkpt>
      <trkpt lat="47.60506" lon="-2.86723">
        <ele>7</ele>
      </trkpt>
      <trkpt lat="47.60515" lon="-2.86749">
        <ele>6</ele>
      </trkpt>
      <trkpt lat="47.60526" lon="-2.86763">
        <ele>5</ele>
      </trkpt>
      <trkpt lat="47.60537" lon="-2.86777">
        <ele>5</ele>
      </trkpt>
      <trkpt lat="47.60548" lon="-2.8679">
        <ele>4</ele>
      </trkpt>
      <trkpt lat="47.60559" lon="-2.86804">
        <ele>4</ele>
      </trkpt>
      <trkpt lat="47.6058" lon="-2.86818">
        <ele>3</ele>
      </trkpt>
      <trkpt lat="47.60601" lon="-2.86832">
        <ele>3</ele>
      </trkpt>
      <trkpt lat="47.60627" lon="-2.86833">
        <ele>2</ele>
      </trkpt>
      <trkpt lat="47.60641" lon="-2.86836">
        <ele>2</ele>
      </trkpt>
      <trkpt lat="47.60654" lon="-2.86839">
        <ele>2</ele>
      </trkpt>
      <trkpt lat="47.60676" lon="-2.8684">
        <ele>2</ele>
      </trkpt>
      <trkpt lat="47.60698" lon="-2.86841">
        <ele>2</ele>
      </trkpt>
      <trkpt lat="47.60713" lon="-2.86849">
        <ele>2</ele>
      </trkpt>
      <trkpt lat="47.60713" lon="-2.86838">
        <ele>2</ele>
      </trkpt>
      <trkpt lat="47.60733" lon="-2.86831">
        <ele>2</ele>
      </trkpt>
      <trkpt lat="47.60753" lon="-2.86824">
        <ele>2</ele>
      </trkpt>
      <trkpt lat="47.60765" lon="-2.86808">
        <ele>2</ele>
      </trkpt>
      <trkpt lat="47.60782" lon="-2.86798">
        <ele>2</ele>
      </trkpt>
      <trkpt lat="47.60798" lon="-2.86788">
        <ele>4</ele>
      </trkpt>
      <trkpt lat="47.60815" lon="-2.86778">
        <ele>4</ele>
      </trkpt>
      <trkpt lat="47.60831" lon="-2.86768">
        <ele>4</ele>
      </trkpt>
      <trkpt lat="47.60848" lon="-2.86747">
        <ele>5</ele>
      </trkpt>
      <trkpt lat="47.60865" lon="-2.86727">
        <ele>5</ele>
      </trkpt>
      <trkpt lat="47.60873" lon="-2.86691">
        <ele>5</ele>
      </trkpt>
      <trkpt lat="47.60871" lon="-2.86672">
        <ele>5</ele>
      </trkpt>
      <trkpt lat="47.60879" lon="-2.86656">
        <ele>5</ele>
      </trkpt>
      <trkpt lat="47.60887" lon="-2.86645">
        <ele>5</ele>
      </trkpt>
      <trkpt lat="47.60902" lon="-2.86633">
        <ele>5</ele>
      </trkpt>
      <trkpt lat="47.60911" lon="-2.86621">
        <ele>5</ele>
      </trkpt>
      <trkpt lat="47.60921" lon="-2.86598">
        <ele>5</ele>
      </trkpt>
      <trkpt lat="47.60944" lon="-2.86585">
        <ele>5</ele>
      </trkpt>
      <trkpt lat="47.60967" lon="-2.86571">
        <ele>6</ele>
      </trkpt>
      <trkpt lat="47.60984" lon="-2.86549">
        <ele>6</ele>
      </trkpt>
      <trkpt lat="47.61" lon="-2.86527">
        <ele>6</ele>
      </trkpt>
      <trkpt lat="47.61012" lon="-2.86505">
        <ele>6</ele>
      </trkpt>
      <trkpt lat="47.61025" lon="-2.86482">
        <ele>6</ele>
      </trkpt>
      <trkpt lat="47.6103" lon="-2.86461">
        <ele>6</ele>
      </trkpt>
      <trkpt lat="47.61046" lon="-2.86442">
        <ele>6</ele>
      </trkpt>
      <trkpt lat="47.61062" lon="-2.86424">
        <ele>6</ele>
      </trkpt>
      <trkpt lat="47.61078" lon="-2.86402">
        <ele>6</ele>
      </trkpt>
      <trkpt lat="47.61094" lon="-2.86379">
        <ele>6</ele>
      </trkpt>
      <trkpt lat="47.61106" lon="-2.8636">
        <ele>6</ele>
      </trkpt>
      <trkpt lat="47.61117" lon="-2.86342">
        <ele>6</ele>
      </trkpt>
      <trkpt lat="47.61132" lon="-2.8631">
        <ele>7</ele>
      </trkpt>
      <trkpt lat="47.61146" lon="-2.86278">
        <ele>7</ele>
      </trkpt>
      <trkpt lat="47.61154" lon="-2.86252">
        <ele>7</ele>
      </trkpt>
      <trkpt lat="47.61162" lon="-2.86227">
        <ele>7</ele>
      </trkpt>
      <trkpt lat="47.61166" lon="-2.86196">
        <ele>7</ele>
      </trkpt>
      <trkpt lat="47.61175" lon="-2.86165">
        <ele>7</ele>
      </trkpt>
      <trkpt lat="47.61185" lon="-2.86142">
        <ele>7</ele>
      </trkpt>
      <trkpt lat="47.61197" lon="-2.8613">
        <ele>7</ele>
      </trkpt>
      <trkpt lat="47.61209" lon="-2.86117">
        <ele>7</ele>
      </trkpt>
      <trkpt lat="47.61221" lon="-2.86104">
        <ele>7</ele>
      </trkpt>
      <trkpt lat="47.61233" lon="-2.86092">
        <ele>7</ele>
      </trkpt>
      <trkpt lat="47.61246" lon="-2.86069">
        <ele>6</ele>
      </trkpt>
      <trkpt lat="47.61259" lon="-2.86045">
        <ele>6</ele>
      </trkpt>
      <trkpt lat="47.61267" lon="-2.86028">
        <ele>6</ele>
      </trkpt>
      <trkpt lat="47.61274" lon="-2.86006">
        <ele>6</ele>
      </trkpt>
      <trkpt lat="47.6128" lon="-2.85983">
        <ele>5</ele>
      </trkpt>
      <trkpt lat="47.61295" lon="-2.85958">
        <ele>5</ele>
      </trkpt>
      <trkpt lat="47.6131" lon="-2.85933">
        <ele>4</ele>
      </trkpt>
      <trkpt lat="47.61324" lon="-2.85908">
        <ele>3</ele>
      </trkpt>
      <trkpt lat="47.61339" lon="-2.85883">
        <ele>3</ele>
      </trkpt>
      <trkpt lat="47.61352" lon="-2.85854">
        <ele>3</ele>
      </trkpt>
      <trkpt lat="47.61352" lon="-2.85848">
        <ele>3</ele>
      </trkpt>
      <trkpt lat="47.61356" lon="-2.85841">
        <ele>4</ele>
      </trkpt>
      <trkpt lat="47.6136" lon="-2.85818">
        <ele>4</ele>
      </trkpt>
      <trkpt lat="47.61363" lon="-2.85794">
        <ele>4</ele>
      </trkpt>
      <trkpt lat="47.61369" lon="-2.85789">
        <ele>4</ele>
      </trkpt>
      <trkpt lat="47.6139" lon="-2.85781">
        <ele>5</ele>
      </trkpt>
      <trkpt lat="47.61405" lon="-2.85786">
        <ele>5</ele>
      </trkpt>
      <trkpt lat="47.61414" lon="-2.8577">
        <ele>5</ele>
      </trkpt>
      <trkpt lat="47.61422" lon="-2.85754">
        <ele>5</ele>
      </trkpt>
      <trkpt lat="47.61431" lon="-2.85738">
        <ele>5</ele>
      </trkpt>
      <trkpt lat="47.61439" lon="-2.85722">
        <ele>4</ele>
      </trkpt>
      <trkpt lat="47.61447" lon="-2.85706">
        <ele>4</ele>
      </trkpt>
      <trkpt lat="47.61456" lon="-2.8569">
        <ele>3</ele>
      </trkpt>
      <trkpt lat="47.61464" lon="-2.85674">
        <ele>3</ele>
      </trkpt>
      <trkpt lat="47.61473" lon="-2.85658">
        <ele>3</ele>
      </trkpt>
      <trkpt lat="47.61486" lon="-2.85678">
        <ele>3</ele>
      </trkpt>
      <trkpt lat="47.61494" lon="-2.85696">
        <ele>3</ele>
      </trkpt>
      <trkpt lat="47.61501" lon="-2.85714">
        <ele>3</ele>
      </trkpt>
      <trkpt lat="47.61513" lon="-2.85727">
        <ele>3</ele>
      </trkpt>
      <trkpt lat="47.61525" lon="-2.8574">
        <ele>3</ele>
      </trkpt>
      <trkpt lat="47.61538" lon="-2.85753">
        <ele>2</ele>
      </trkpt>
      <trkpt lat="47.6155" lon="-2.85766">
        <ele>2</ele>
      </trkpt>
      <trkpt lat="47.6157" lon="-2.85773">
        <ele>2</ele>
      </trkpt>
      <trkpt lat="47.61587" lon="-2.85783">
        <ele>2</ele>
      </trkpt>
      <trkpt lat="47.61601" lon="-2.85789">
        <ele>3</ele>
      </trkpt>
      <trkpt lat="47.61614" lon="-2.85794">
        <ele>3</ele>
      </trkpt>
      <trkpt lat="47.61628" lon="-2.858">
        <ele>3</ele>
      </trkpt>
      <trkpt lat="47.61641" lon="-2.85806">
        <ele>4</ele>
      </trkpt>
      <trkpt lat="47.61658" lon="-2.85798">
        <ele>4</ele>
      </trkpt>
      <trkpt lat="47.61668" lon="-2.8581">
        <ele>4</ele>
      </trkpt>
      <trkpt lat="47.6166" lon="-2.85828">
        <ele>5</ele>
      </trkpt>
      <trkpt lat="47.61653" lon="-2.85847">
        <ele>6</ele>
      </trkpt>
      <trkpt lat="47.61667" lon="-2.85871">
        <ele>7</ele>
      </trkpt>
      <trkpt lat="47.61675" lon="-2.85894">
        <ele>8</ele>
      </trkpt>
      <trkpt lat="47.61684" lon="-2.85917">
        <ele>9</ele>
      </trkpt>
      <trkpt lat="47.61692" lon="-2.8594">
        <ele>10</ele>
      </trkpt>
      <trkpt lat="47.61701" lon="-2.85963">
        <ele>11</ele>
      </trkpt>
      <trkpt lat="47.61711" lon="-2.85968">
        <ele>13</ele>
      </trkpt>
      <trkpt lat="47.61728" lon="-2.85956">
        <ele>13</ele>
      </trkpt>
      <trkpt lat="47.61745" lon="-2.85945">
        <ele>13</ele>
      </trkpt>
      <trkpt lat="47.61762" lon="-2.85933">
        <ele>13</ele>
      </trkpt>
      <trkpt lat="47.61779" lon="-2.85922">
        <ele>13</ele>
      </trkpt>
      <trkpt lat="47.61796" lon="-2.85912">
        <ele>12</ele>
      </trkpt>
      <trkpt lat="47.61813" lon="-2.85902">
        <ele>10</ele>
      </trkpt>
      <trkpt lat="47.61825" lon="-2.85923">
        <ele>9</ele>
      </trkpt>
      <trkpt lat="47.61836" lon="-2.85944">
        <ele>9</ele>
      </trkpt>
      <trkpt lat="47.61835" lon="-2.85983">
        <ele>8</ele>
      </trkpt>
      <trkpt lat="47.61838" lon="-2.86021">
        <ele>6</ele>
      </trkpt>
      <trkpt lat="47.61837" lon="-2.86058">
        <ele>5</ele>
      </trkpt>
      <trkpt lat="47.61836" lon="-2.86096">
        <ele>5</ele>
      </trkpt>
      <trkpt lat="47.61827" lon="-2.86125">
        <ele>5</ele>
      </trkpt>
      <trkpt lat="47.61819" lon="-2.86154">
        <ele>5</ele>
      </trkpt>
      <trkpt lat="47.61824" lon="-2.86179">
        <ele>4</ele>
      </trkpt>
      <trkpt lat="47.61829" lon="-2.86205">
        <ele>4</ele>
      </trkpt>
      <trkpt lat="47.61823" lon="-2.86234">
        <ele>4</ele>
      </trkpt>
      <trkpt lat="47.61818" lon="-2.86263">
        <ele>4</ele>
      </trkpt>
      <trkpt lat="47.61826" lon="-2.86296">
        <ele>3</ele>
      </trkpt>
      <trkpt lat="47.61839" lon="-2.86321">
        <ele>3</ele>
      </trkpt>
      <trkpt lat="47.61843" lon="-2.86336">
        <ele>3</ele>
      </trkpt>
      <trkpt lat="47.61837" lon="-2.86353">
        <ele>3</ele>
      </trkpt>
      <trkpt lat="47.61816" lon="-2.86357">
        <ele>3</ele>
      </trkpt>
      <trkpt lat="47.61795" lon="-2.86362">
        <ele>3</ele>
      </trkpt>
      <trkpt lat="47.61778" lon="-2.8639">
        <ele>3</ele>
      </trkpt>
      <trkpt lat="47.61762" lon="-2.86418">
        <ele>3</ele>
      </trkpt>
      <trkpt lat="47.61756" lon="-2.86418">
        <ele>3</ele>
      </trkpt>
      <trkpt lat="47.61745" lon="-2.8645">
        <ele>3</ele>
      </trkpt>
      <trkpt lat="47.61728" lon="-2.86465">
        <ele>3</ele>
      </trkpt>
      <trkpt lat="47.61712" lon="-2.8648">
        <ele>3</ele>
      </trkpt>
      <trkpt lat="47.61699" lon="-2.86504">
        <ele>3</ele>
      </trkpt>
      <trkpt lat="47.61695" lon="-2.86525">
        <ele>3</ele>
      </trkpt>
      <trkpt lat="47.61695" lon="-2.8654">
        <ele>3</ele>
      </trkpt>
      <trkpt lat="47.61692" lon="-2.86547">
        <ele>3</ele>
      </trkpt>
      <trkpt lat="47.61675" lon="-2.86555">
        <ele>3</ele>
      </trkpt>
      <trkpt lat="47.61666" lon="-2.86579">
        <ele>4</ele>
      </trkpt>
      <trkpt lat="47.61656" lon="-2.86603">
        <ele>4</ele>
      </trkpt>
      <trkpt lat="47.61647" lon="-2.86627">
        <ele>4</ele>
      </trkpt>
      <trkpt lat="47.61637" lon="-2.86651">
        <ele>4</ele>
      </trkpt>
      <trkpt lat="47.61639" lon="-2.86672">
        <ele>4</ele>
      </trkpt>
      <trkpt lat="47.6164" lon="-2.86692">
        <ele>4</ele>
      </trkpt>
      <trkpt lat="47.61646" lon="-2.86715">
        <ele>3</ele>
      </trkpt>
      <trkpt lat="47.61653" lon="-2.86739">
        <ele>3</ele>
      </trkpt>
      <trkpt lat="47.61661" lon="-2.86761">
        <ele>3</ele>
      </trkpt>
      <trkpt lat="47.61669" lon="-2.86783">
        <ele>3</ele>
      </trkpt>
      <trkpt lat="47.61677" lon="-2.86789">
        <ele>2</ele>
      </trkpt>
      <trkpt lat="47.61683" lon="-2.8679">
        <ele>2</ele>
      </trkpt>
      <trkpt lat="47.61696" lon="-2.86803">
        <ele>2</ele>
      </trkpt>
      <trkpt lat="47.61711" lon="-2.86784">
        <ele>2</ele>
      </trkpt>
      <trkpt lat="47.61727" lon="-2.86766">
        <ele>2</ele>
      </trkpt>
      <trkpt lat="47.61749" lon="-2.86753">
        <ele>2</ele>
      </trkpt>
      <trkpt lat="47.61775" lon="-2.86763">
        <ele>2</ele>
      </trkpt>
      <trkpt lat="47.61791" lon="-2.86784">
        <ele>3</ele>
      </trkpt>
      <trkpt lat="47.61808" lon="-2.86804">
        <ele>4</ele>
      </trkpt>
      <trkpt lat="47.61825" lon="-2.86825">
        <ele>5</ele>
      </trkpt>
      <trkpt lat="47.61841" lon="-2.86846">
        <ele>5</ele>
      </trkpt>
      <trkpt lat="47.61846" lon="-2.86865">
        <ele>5</ele>
      </trkpt>
      <trkpt lat="47.61852" lon="-2.86884">
        <ele>4</ele>
      </trkpt>
      <trkpt lat="47.61857" lon="-2.86904">
        <ele>3</ele>
      </trkpt>
      <trkpt lat="47.61862" lon="-2.86923">
        <ele>3</ele>
      </trkpt>
      <trkpt lat="47.61875" lon="-2.86949">
        <ele>0</ele>
      </trkpt>
      <trkpt lat="47.61888" lon="-2.86975">
        <ele>3</ele>
      </trkpt>
      <trkpt lat="47.61907" lon="-2.86995">
        <ele>3</ele>
      </trkpt>
      <trkpt lat="47.61927" lon="-2.87015">
        <ele>3</ele>
      </trkpt>
      <trkpt lat="47.61939" lon="-2.87031">
        <ele>7</ele>
      </trkpt>
      <trkpt lat="47.6195" lon="-2.87047">
        <ele>7</ele>
      </trkpt>
      <trkpt lat="47.61964" lon="-2.87048">
        <ele>7</ele>
      </trkpt>
      <trkpt lat="47.61979" lon="-2.87049">
        <ele>7</ele>
      </trkpt>
      <trkpt lat="47.61993" lon="-2.8705">
        <ele>7</ele>
      </trkpt>
      <trkpt lat="47.62007" lon="-2.87051">
        <ele>7</ele>
      </trkpt>
      <trkpt lat="47.6203" lon="-2.87055">
        <ele>6</ele>
      </trkpt>
      <trkpt lat="47.62053" lon="-2.87059">
        <ele>6</ele>
      </trkpt>
      <trkpt lat="47.62074" lon="-2.87035">
        <ele>3</ele>
      </trkpt>
      <trkpt lat="47.62078" lon="-2.8702">
        <ele>3</ele>
      </trkpt>
      <trkpt lat="47.62086" lon="-2.87012">
        <ele>3</ele>
      </trkpt>
      <trkpt lat="47.6209" lon="-2.86978">
        <ele>3</ele>
      </trkpt>
      <trkpt lat="47.62089" lon="-2.86947">
        <ele>3</ele>
      </trkpt>
      <trkpt lat="47.62087" lon="-2.86917">
        <ele>3</ele>
      </trkpt>
      <trkpt lat="47.62067" lon="-2.86934">
        <ele>3</ele>
      </trkpt>
      <trkpt lat="47.62053" lon="-2.86942">
        <ele>3</ele>
      </trkpt>
      <trkpt lat="47.62039" lon="-2.8695">
        <ele>3</ele>
      </trkpt>
      <trkpt lat="47.62025" lon="-2.86958">
        <ele>3</ele>
      </trkpt>
      <trkpt lat="47.62011" lon="-2.86966">
        <ele>3</ele>
      </trkpt>
      <trkpt lat="47.61992" lon="-2.86967">
        <ele>3</ele>
      </trkpt>
      <trkpt lat="47.61974" lon="-2.86968">
        <ele>3</ele>
      </trkpt>
      <trkpt lat="47.61963" lon="-2.86966">
        <ele>3</ele>
      </trkpt>
      <trkpt lat="47.61948" lon="-2.86959">
        <ele>3</ele>
      </trkpt>
      <trkpt lat="47.61932" lon="-2.86952">
        <ele>3</ele>
      </trkpt>
      <trkpt lat="47.61915" lon="-2.86927">
        <ele>3</ele>
      </trkpt>
      <trkpt lat="47.61907" lon="-2.86906">
        <ele>4</ele>
      </trkpt>
      <trkpt lat="47.619" lon="-2.86884">
        <ele>4</ele>
      </trkpt>
      <trkpt lat="47.61898" lon="-2.8685">
        <ele>4</ele>
      </trkpt>
      <trkpt lat="47.61896" lon="-2.86817">
        <ele>3</ele>
      </trkpt>
      <trkpt lat="47.61886" lon="-2.86792">
        <ele>1</ele>
      </trkpt>
      <trkpt lat="47.61872" lon="-2.86768">
        <ele>1</ele>
      </trkpt>
      <trkpt lat="47.61857" lon="-2.86745">
        <ele>1</ele>
      </trkpt>
      <trkpt lat="47.61843" lon="-2.86721">
        <ele>1</ele>
      </trkpt>
      <trkpt lat="47.61829" lon="-2.86698">
        <ele>3</ele>
      </trkpt>
      <trkpt lat="47.61846" lon="-2.86691">
        <ele>4</ele>
      </trkpt>
      <trkpt lat="47.61863" lon="-2.86684">
        <ele>4</ele>
      </trkpt>
      <trkpt lat="47.61863" lon="-2.86659">
        <ele>4</ele>
      </trkpt>
      <trkpt lat="47.61856" lon="-2.86631">
        <ele>4</ele>
      </trkpt>
      <trkpt lat="47.61856" lon="-2.86608">
        <ele>4</ele>
      </trkpt>
      <trkpt lat="47.6185" lon="-2.86584">
        <ele>4</ele>
      </trkpt>
      <trkpt lat="47.61867" lon="-2.86576">
        <ele>4</ele>
      </trkpt>
      <trkpt lat="47.61883" lon="-2.86569">
        <ele>4</ele>
      </trkpt>
      <trkpt lat="47.61901" lon="-2.86569">
        <ele>4</ele>
      </trkpt>
      <trkpt lat="47.61915" lon="-2.86564">
        <ele>4</ele>
      </trkpt>
      <trkpt lat="47.61928" lon="-2.8656">
        <ele>4</ele>
      </trkpt>
      <trkpt lat="47.61939" lon="-2.86547">
        <ele>4</ele>
      </trkpt>
      <trkpt lat="47.61944" lon="-2.86527">
        <ele>4</ele>
      </trkpt>
      <trkpt lat="47.61949" lon="-2.86507">
        <ele>4</ele>
      </trkpt>
      <trkpt lat="47.61954" lon="-2.86487">
        <ele>4</ele>
      </trkpt>
      <trkpt lat="47.61959" lon="-2.86467">
        <ele>4</ele>
      </trkpt>
      <trkpt lat="47.61966" lon="-2.86459">
        <ele>4</ele>
      </trkpt>
      <trkpt lat="47.61992" lon="-2.86456">
        <ele>4</ele>
      </trkpt>
      <trkpt lat="47.62017" lon="-2.86453">
        <ele>4</ele>
      </trkpt>
      <trkpt lat="47.62034" lon="-2.86454">
        <ele>4</ele>
      </trkpt>
      <trkpt lat="47.62051" lon="-2.86455">
        <ele>4</ele>
      </trkpt>
      <trkpt lat="47.62069" lon="-2.86456">
        <ele>4</ele>
      </trkpt>
      <trkpt lat="47.62086" lon="-2.86457">
        <ele>4</ele>
      </trkpt>
      <trkpt lat="47.62103" lon="-2.86448">
        <ele>4</ele>
      </trkpt>
      <trkpt lat="47.6212" lon="-2.86439">
        <ele>4</ele>
      </trkpt>
      <trkpt lat="47.6214" lon="-2.86419">
        <ele>4</ele>
      </trkpt>
      <trkpt lat="47.62153" lon="-2.86399">
        <ele>4</ele>
      </trkpt>
      <trkpt lat="47.62164" lon="-2.86386">
        <ele>4</ele>
      </trkpt>
      <trkpt lat="47.62175" lon="-2.86373">
        <ele>4</ele>
      </trkpt>
      <trkpt lat="47.62188" lon="-2.86353">
        <ele>3</ele>
      </trkpt>
      <trkpt lat="47.62202" lon="-2.86332">
        <ele>3</ele>
      </trkpt>
      <trkpt lat="47.62214" lon="-2.86309">
        <ele>4</ele>
      </trkpt>
      <trkpt lat="47.62226" lon="-2.86275">
        <ele>3</ele>
      </trkpt>
      <trkpt lat="47.62239" lon="-2.8624">
        <ele>3</ele>
      </trkpt>
      <trkpt lat="47.62243" lon="-2.86212">
        <ele>3</ele>
      </trkpt>
      <trkpt lat="47.62247" lon="-2.86184">
        <ele>4</ele>
      </trkpt>
      <trkpt lat="47.62255" lon="-2.86153">
        <ele>4</ele>
      </trkpt>
      <trkpt lat="47.62262" lon="-2.86123">
        <ele>4</ele>
      </trkpt>
      <trkpt lat="47.62273" lon="-2.86096">
        <ele>5</ele>
      </trkpt>
      <trkpt lat="47.62285" lon="-2.86069">
        <ele>5</ele>
      </trkpt>
      <trkpt lat="47.62297" lon="-2.86043">
        <ele>5</ele>
      </trkpt>
      <trkpt lat="47.62308" lon="-2.86016">
        <ele>5</ele>
      </trkpt>
      <trkpt lat="47.62315" lon="-2.85984">
        <ele>4</ele>
      </trkpt>
      <trkpt lat="47.62321" lon="-2.85951">
        <ele>5</ele>
      </trkpt>
      <trkpt lat="47.62324" lon="-2.85922">
        <ele>5</ele>
      </trkpt>
      <trkpt lat="47.62331" lon="-2.85917">
        <ele>6</ele>
      </trkpt>
      <trkpt lat="47.62344" lon="-2.85923">
        <ele>6</ele>
      </trkpt>
      <trkpt lat="47.62359" lon="-2.8594">
        <ele>8</ele>
      </trkpt>
      <trkpt lat="47.62373" lon="-2.85958">
        <ele>9</ele>
      </trkpt>
      <trkpt lat="47.62389" lon="-2.85939">
        <ele>9</ele>
      </trkpt>
      <trkpt lat="47.62386" lon="-2.85929">
        <ele>9</ele>
      </trkpt>
      <trkpt lat="47.62385" lon="-2.85909">
        <ele>9</ele>
      </trkpt>
      <trkpt lat="47.62384" lon="-2.85888">
        <ele>9</ele>
      </trkpt>
      <trkpt lat="47.6238" lon="-2.8586">
        <ele>9</ele>
      </trkpt>
      <trkpt lat="47.6238" lon="-2.85844">
        <ele>9</ele>
      </trkpt>
      <trkpt lat="47.62383" lon="-2.8582">
        <ele>9</ele>
      </trkpt>
      <trkpt lat="47.62387" lon="-2.85796">
        <ele>9</ele>
      </trkpt>
      <trkpt lat="47.62375" lon="-2.85806">
        <ele>9</ele>
      </trkpt>
      <trkpt lat="47.62363" lon="-2.85817">
        <ele>8</ele>
      </trkpt>
      <trkpt lat="47.62351" lon="-2.85827">
        <ele>8</ele>
      </trkpt>
      <trkpt lat="47.62339" lon="-2.85838">
        <ele>7</ele>
      </trkpt>
      <trkpt lat="47.62322" lon="-2.85811">
        <ele>6</ele>
      </trkpt>
      <trkpt lat="47.62304" lon="-2.85785">
        <ele>6</ele>
      </trkpt>
      <trkpt lat="47.6228" lon="-2.85797">
        <ele>4</ele>
      </trkpt>
      <trkpt lat="47.62257" lon="-2.85808">
        <ele>4</ele>
      </trkpt>
      <trkpt lat="47.6225" lon="-2.85805">
        <ele>3</ele>
      </trkpt>
      <trkpt lat="47.62239" lon="-2.85782">
        <ele>3</ele>
      </trkpt>
      <trkpt lat="47.62227" lon="-2.85759">
        <ele>3</ele>
      </trkpt>
      <trkpt lat="47.62234" lon="-2.85741">
        <ele>4</ele>
      </trkpt>
      <trkpt lat="47.62233" lon="-2.85714">
        <ele>5</ele>
      </trkpt>
      <trkpt lat="47.62219" lon="-2.85689">
        <ele>5</ele>
      </trkpt>
      <trkpt lat="47.6223" lon="-2.85664">
        <ele>6</ele>
      </trkpt>
      <trkpt lat="47.62228" lon="-2.85645">
        <ele>6</ele>
      </trkpt>
      <trkpt lat="47.62232" lon="-2.85631">
        <ele>5</ele>
      </trkpt>
      <trkpt lat="47.62231" lon="-2.85619">
        <ele>5</ele>
      </trkpt>
      <trkpt lat="47.62237" lon="-2.85601">
        <ele>4</ele>
      </trkpt>
      <trkpt lat="47.62237" lon="-2.85592">
        <ele>3</ele>
      </trkpt>
      <trkpt lat="47.62233" lon="-2.85587">
        <ele>3</ele>
      </trkpt>
      <trkpt lat="47.62233" lon="-2.85579">
        <ele>3</ele>
      </trkpt>
      <trkpt lat="47.62227" lon="-2.85588">
        <ele>3</ele>
      </trkpt>
      <trkpt lat="47.62215" lon="-2.85588">
        <ele>3</ele>
      </trkpt>
      <trkpt lat="47.62194" lon="-2.85597">
        <ele>4</ele>
      </trkpt>
      <trkpt lat="47.62174" lon="-2.85605">
        <ele>4</ele>
      </trkpt>
      <trkpt lat="47.62166" lon="-2.85616">
        <ele>4</ele>
      </trkpt>
      <trkpt lat="47.62163" lon="-2.85615">
        <ele>4</ele>
      </trkpt>
      <trkpt lat="47.62157" lon="-2.85586">
        <ele>3</ele>
      </trkpt>
      <trkpt lat="47.62156" lon="-2.85562">
        <ele>3</ele>
      </trkpt>
      <trkpt lat="47.62155" lon="-2.85539">
        <ele>3</ele>
      </trkpt>
      <trkpt lat="47.6216" lon="-2.85518">
        <ele>3</ele>
      </trkpt>
      <trkpt lat="47.62165" lon="-2.85498">
        <ele>3</ele>
      </trkpt>
      <trkpt lat="47.62176" lon="-2.85466">
        <ele>3</ele>
      </trkpt>
      <trkpt lat="47.62186" lon="-2.85435">
        <ele>3</ele>
      </trkpt>
      <trkpt lat="47.62181" lon="-2.85404">
        <ele>3</ele>
      </trkpt>
      <trkpt lat="47.62183" lon="-2.85381">
        <ele>3</ele>
      </trkpt>
      <trkpt lat="47.62185" lon="-2.85358">
        <ele>3</ele>
      </trkpt>
      <trkpt lat="47.62184" lon="-2.85334">
        <ele>3</ele>
      </trkpt>
      <trkpt lat="47.62175" lon="-2.85313">
        <ele>2</ele>
      </trkpt>
      <trkpt lat="47.62159" lon="-2.85306">
        <ele>2</ele>
      </trkpt>
      <trkpt lat="47.62153" lon="-2.85297">
        <ele>2</ele>
      </trkpt>
      <trkpt lat="47.62146" lon="-2.85298">
        <ele>2</ele>
      </trkpt>
      <trkpt lat="47.62136" lon="-2.85314">
        <ele>2</ele>
      </trkpt>
      <trkpt lat="47.62126" lon="-2.8533">
        <ele>3</ele>
      </trkpt>
      <trkpt lat="47.62107" lon="-2.85355">
        <ele>5</ele>
      </trkpt>
      <trkpt lat="47.62099" lon="-2.85382">
        <ele>5</ele>
      </trkpt>
      <trkpt lat="47.6209" lon="-2.8541">
        <ele>5</ele>
      </trkpt>
      <trkpt lat="47.62082" lon="-2.85438">
        <ele>5</ele>
      </trkpt>
      <trkpt lat="47.62073" lon="-2.85465">
        <ele>4</ele>
      </trkpt>
      <trkpt lat="47.62058" lon="-2.85486">
        <ele>4</ele>
      </trkpt>
      <trkpt lat="47.62042" lon="-2.85487">
        <ele>4</ele>
      </trkpt>
      <trkpt lat="47.62026" lon="-2.85487">
        <ele>4</ele>
      </trkpt>
      <trkpt lat="47.62009" lon="-2.85488">
        <ele>4</ele>
      </trkpt>
      <trkpt lat="47.61993" lon="-2.85489">
        <ele>4</ele>
      </trkpt>
      <trkpt lat="47.61989" lon="-2.85504">
        <ele>5</ele>
      </trkpt>
      <trkpt lat="47.61982" lon="-2.85495">
        <ele>5</ele>
      </trkpt>
      <trkpt lat="47.61976" lon="-2.85499">
        <ele>5</ele>
      </trkpt>
      <trkpt lat="47.6196" lon="-2.85502">
        <ele>5</ele>
      </trkpt>
      <trkpt lat="47.61953" lon="-2.85501">
        <ele>5</ele>
      </trkpt>
      <trkpt lat="47.61929" lon="-2.85487">
        <ele>5</ele>
      </trkpt>
      <trkpt lat="47.61922" lon="-2.85478">
        <ele>5</ele>
      </trkpt>
      <trkpt lat="47.61918" lon="-2.85452">
        <ele>5</ele>
      </trkpt>
      <trkpt lat="47.61918" lon="-2.85412">
        <ele>5</ele>
      </trkpt>
      <trkpt lat="47.6192" lon="-2.85401">
        <ele>5</ele>
      </trkpt>
      <trkpt lat="47.61927" lon="-2.85392">
        <ele>4</ele>
      </trkpt>
      <trkpt lat="47.61931" lon="-2.85359">
        <ele>4</ele>
      </trkpt>
      <trkpt lat="47.61925" lon="-2.85343">
        <ele>4</ele>
      </trkpt>
      <trkpt lat="47.61923" lon="-2.8533">
        <ele>4</ele>
      </trkpt>
      <trkpt lat="47.61931" lon="-2.85312">
        <ele>4</ele>
      </trkpt>
      <trkpt lat="47.61934" lon="-2.85276">
        <ele>4</ele>
      </trkpt>
      <trkpt lat="47.61933" lon="-2.85256">
        <ele>5</ele>
      </trkpt>
      <trkpt lat="47.6194" lon="-2.8524">
        <ele>5</ele>
      </trkpt>
      <trkpt lat="47.61954" lon="-2.8525">
        <ele>6</ele>
      </trkpt>
      <trkpt lat="47.61968" lon="-2.85261">
        <ele>8</ele>
      </trkpt>
      <trkpt lat="47.61981" lon="-2.85271">
        <ele>10</ele>
      </trkpt>
      <trkpt lat="47.61995" lon="-2.85282">
        <ele>12</ele>
      </trkpt>
      <trkpt lat="47.62011" lon="-2.85267">
        <ele>13</ele>
      </trkpt>
      <trkpt lat="47.62026" lon="-2.85251">
        <ele>14</ele>
      </trkpt>
      <trkpt lat="47.6204" lon="-2.85227">
        <ele>15</ele>
      </trkpt>
      <trkpt lat="47.62054" lon="-2.85203">
        <ele>16</ele>
      </trkpt>
      <trkpt lat="47.62053" lon="-2.85179">
        <ele>17</ele>
      </trkpt>
      <trkpt lat="47.62051" lon="-2.85154">
        <ele>17</ele>
      </trkpt>
      <trkpt lat="47.6205" lon="-2.8513">
        <ele>17</ele>
      </trkpt>
      <trkpt lat="47.62049" lon="-2.85106">
        <ele>17</ele>
      </trkpt>
      <trkpt lat="47.62055" lon="-2.85088">
        <ele>17</ele>
      </trkpt>
      <trkpt lat="47.62062" lon="-2.85071">
        <ele>16</ele>
      </trkpt>
      <trkpt lat="47.62068" lon="-2.85053">
        <ele>16</ele>
      </trkpt>
      <trkpt lat="47.62074" lon="-2.85035">
        <ele>15</ele>
      </trkpt>
      <trkpt lat="47.62074" lon="-2.85017">
        <ele>15</ele>
      </trkpt>
      <trkpt lat="47.62064" lon="-2.8498">
        <ele>15</ele>
      </trkpt>
      <trkpt lat="47.62055" lon="-2.84943">
        <ele>15</ele>
      </trkpt>
      <trkpt lat="47.62057" lon="-2.84921">
        <ele>15</ele>
      </trkpt>
      <trkpt lat="47.62076" lon="-2.84896">
        <ele>15</ele>
      </trkpt>
      <trkpt lat="47.62094" lon="-2.8487">
        <ele>14</ele>
      </trkpt>
      <trkpt lat="47.62082" lon="-2.84847">
        <ele>14</ele>
      </trkpt>
      <trkpt lat="47.6207" lon="-2.84823">
        <ele>14</ele>
      </trkpt>
      <trkpt lat="47.62058" lon="-2.848">
        <ele>14</ele>
      </trkpt>
      <trkpt lat="47.62046" lon="-2.84776">
        <ele>15</ele>
      </trkpt>
      <trkpt lat="47.62027" lon="-2.84761">
        <ele>17</ele>
      </trkpt>
      <trkpt lat="47.62008" lon="-2.84746">
        <ele>18</ele>
      </trkpt>
      <trkpt lat="47.61989" lon="-2.84731">
        <ele>19</ele>
      </trkpt>
      <trkpt lat="47.6197" lon="-2.84716">
        <ele>20</ele>
      </trkpt>
      <trkpt lat="47.61954" lon="-2.84699">
        <ele>20</ele>
      </trkpt>
      <trkpt lat="47.61944" lon="-2.84674">
        <ele>20</ele>
      </trkpt>
      <trkpt lat="47.61923" lon="-2.84685">
        <ele>20</ele>
      </trkpt>
      <trkpt lat="47.61902" lon="-2.84696">
        <ele>19</ele>
      </trkpt>
      <trkpt lat="47.61877" lon="-2.84694">
        <ele>17</ele>
      </trkpt>
      <trkpt lat="47.61852" lon="-2.84692">
        <ele>13</ele>
      </trkpt>
      <trkpt lat="47.61834" lon="-2.84683">
        <ele>9</ele>
      </trkpt>
      <trkpt lat="47.61816" lon="-2.84674">
        <ele>7</ele>
      </trkpt>
      <trkpt lat="47.61799" lon="-2.84666">
        <ele>6</ele>
      </trkpt>
      <trkpt lat="47.61781" lon="-2.84657">
        <ele>3</ele>
      </trkpt>
      <trkpt lat="47.61781" lon="-2.84638">
        <ele>3</ele>
      </trkpt>
      <trkpt lat="47.6179" lon="-2.84603">
        <ele>3</ele>
      </trkpt>
      <trkpt lat="47.61798" lon="-2.84568">
        <ele>3</ele>
      </trkpt>
      <trkpt lat="47.61813" lon="-2.84546">
        <ele>3</ele>
      </trkpt>
      <trkpt lat="47.61827" lon="-2.84524">
        <ele>3</ele>
      </trkpt>
      <trkpt lat="47.61827" lon="-2.84498">
        <ele>3</ele>
      </trkpt>
      <trkpt lat="47.61828" lon="-2.84472">
        <ele>3</ele>
      </trkpt>
      <trkpt lat="47.61838" lon="-2.84447">
        <ele>4</ele>
      </trkpt>
      <trkpt lat="47.61856" lon="-2.84419">
        <ele>6</ele>
      </trkpt>
      <trkpt lat="47.61833" lon="-2.84404">
        <ele>7</ele>
      </trkpt>
      <trkpt lat="47.61821" lon="-2.84382">
        <ele>7</ele>
      </trkpt>
      <trkpt lat="47.61808" lon="-2.84361">
        <ele>7</ele>
      </trkpt>
      <trkpt lat="47.618" lon="-2.84341">
        <ele>7</ele>
      </trkpt>
      <trkpt lat="47.61792" lon="-2.84321">
        <ele>6</ele>
      </trkpt>
      <trkpt lat="47.61776" lon="-2.84304">
        <ele>4</ele>
      </trkpt>
      <trkpt lat="47.61761" lon="-2.84287">
        <ele>4</ele>
      </trkpt>
      <trkpt lat="47.61756" lon="-2.84264">
        <ele>3</ele>
      </trkpt>
      <trkpt lat="47.61751" lon="-2.84241">
        <ele>3</ele>
      </trkpt>
      <trkpt lat="47.61753" lon="-2.84214">
        <ele>3</ele>
      </trkpt>
      <trkpt lat="47.61749" lon="-2.84192">
        <ele>3</ele>
      </trkpt>
      <trkpt lat="47.61745" lon="-2.84169">
        <ele>3</ele>
      </trkpt>
      <trkpt lat="47.61745" lon="-2.84153">
        <ele>4</ele>
      </trkpt>
      <trkpt lat="47.61734" lon="-2.84138">
        <ele>5</ele>
      </trkpt>
      <trkpt lat="47.61724" lon="-2.84117">
        <ele>6</ele>
      </trkpt>
      <trkpt lat="47.61714" lon="-2.84095">
        <ele>6</ele>
      </trkpt>
      <trkpt lat="47.61709" lon="-2.84057">
        <ele>6</ele>
      </trkpt>
      <trkpt lat="47.61703" lon="-2.84019">
        <ele>6</ele>
      </trkpt>
      <trkpt lat="47.61697" lon="-2.83981">
        <ele>6</ele>
      </trkpt>
      <trkpt lat="47.61692" lon="-2.83943">
        <ele>6</ele>
      </trkpt>
      <trkpt lat="47.61697" lon="-2.83922">
        <ele>5</ele>
      </trkpt>
      <trkpt lat="47.61703" lon="-2.83901">
        <ele>5</ele>
      </trkpt>
      <trkpt lat="47.61703" lon="-2.83874">
        <ele>5</ele>
      </trkpt>
      <trkpt lat="47.61703" lon="-2.83847">
        <ele>6</ele>
      </trkpt>
      <trkpt lat="47.61708" lon="-2.83829">
        <ele>6</ele>
      </trkpt>
      <trkpt lat="47.61722" lon="-2.83815">
        <ele>6</ele>
      </trkpt>
      <trkpt lat="47.61736" lon="-2.83796">
        <ele>6</ele>
      </trkpt>
      <trkpt lat="47.61749" lon="-2.83777">
        <ele>6</ele>
      </trkpt>
      <trkpt lat="47.61761" lon="-2.83743">
        <ele>6</ele>
      </trkpt>
      <trkpt lat="47.61778" lon="-2.83716">
        <ele>6</ele>
      </trkpt>
      <trkpt lat="47.61795" lon="-2.83688">
        <ele>7</ele>
      </trkpt>
      <trkpt lat="47.61803" lon="-2.83655">
        <ele>7</ele>
      </trkpt>
      <trkpt lat="47.61808" lon="-2.83616">
        <ele>7</ele>
      </trkpt>
      <trkpt lat="47.61818" lon="-2.83596">
        <ele>8</ele>
      </trkpt>
      <trkpt lat="47.61828" lon="-2.83575">
        <ele>8</ele>
      </trkpt>
      <trkpt lat="47.61838" lon="-2.8356">
        <ele>8</ele>
      </trkpt>
      <trkpt lat="47.61848" lon="-2.83544">
        <ele>8</ele>
      </trkpt>
      <trkpt lat="47.61859" lon="-2.83528">
        <ele>7</ele>
      </trkpt>
      <trkpt lat="47.61869" lon="-2.83513">
        <ele>7</ele>
      </trkpt>
      <trkpt lat="47.6189" lon="-2.83495">
        <ele>7</ele>
      </trkpt>
      <trkpt lat="47.6191" lon="-2.83477">
        <ele>6</ele>
      </trkpt>
      <trkpt lat="47.61924" lon="-2.83461">
        <ele>6</ele>
      </trkpt>
      <trkpt lat="47.61938" lon="-2.83445">
        <ele>3</ele>
      </trkpt>
      <trkpt lat="47.61955" lon="-2.83417">
        <ele>3</ele>
      </trkpt>
      <trkpt lat="47.61973" lon="-2.83388">
        <ele>3</ele>
      </trkpt>
      <trkpt lat="47.61995" lon="-2.8338">
        <ele>3</ele>
      </trkpt>
      <trkpt lat="47.62018" lon="-2.83373">
        <ele>3</ele>
      </trkpt>
      <trkpt lat="47.62031" lon="-2.83355">
        <ele>3</ele>
      </trkpt>
      <trkpt lat="47.62044" lon="-2.83337">
        <ele>3</ele>
      </trkpt>
      <trkpt lat="47.62059" lon="-2.83329">
        <ele>5</ele>
      </trkpt>
      <trkpt lat="47.62075" lon="-2.83322">
        <ele>7</ele>
      </trkpt>
      <trkpt lat="47.6209" lon="-2.83314">
        <ele>9</ele>
      </trkpt>
      <trkpt lat="47.62105" lon="-2.83306">
        <ele>10</ele>
      </trkpt>
      <trkpt lat="47.62121" lon="-2.83298">
        <ele>12</ele>
      </trkpt>
      <trkpt lat="47.62136" lon="-2.8329">
        <ele>14</ele>
      </trkpt>
      <trkpt lat="47.62152" lon="-2.83283">
        <ele>16</ele>
      </trkpt>
      <trkpt lat="47.62167" lon="-2.83275">
        <ele>17</ele>
      </trkpt>
      <trkpt lat="47.6219" lon="-2.8326">
        <ele>18</ele>
      </trkpt>
      <trkpt lat="47.62214" lon="-2.83245">
        <ele>20</ele>
      </trkpt>
      <trkpt lat="47.62237" lon="-2.83231">
        <ele>20</ele>
      </trkpt>
      <trkpt lat="47.6226" lon="-2.83216">
        <ele>20</ele>
      </trkpt>
      <trkpt lat="47.62241" lon="-2.8319">
        <ele>21</ele>
      </trkpt>
      <trkpt lat="47.62222" lon="-2.83165">
        <ele>21</ele>
      </trkpt>
      <trkpt lat="47.62221" lon="-2.83142">
        <ele>21</ele>
      </trkpt>
      <trkpt lat="47.62242" lon="-2.83134">
        <ele>20</ele>
      </trkpt>
      <trkpt lat="47.62255" lon="-2.83136">
        <ele>20</ele>
      </trkpt>
      <trkpt lat="47.62276" lon="-2.83148">
        <ele>20</ele>
      </trkpt>
      <trkpt lat="47.62289" lon="-2.83148">
        <ele>20</ele>
      </trkpt>
      <trkpt lat="47.62308" lon="-2.83135">
        <ele>20</ele>
      </trkpt>
      <trkpt lat="47.62316" lon="-2.83136">
        <ele>19</ele>
      </trkpt>
      <trkpt lat="47.62325" lon="-2.83132">
        <ele>19</ele>
      </trkpt>
      <trkpt lat="47.62337" lon="-2.83101">
        <ele>18</ele>
      </trkpt>
      <trkpt lat="47.62343" lon="-2.83093">
        <ele>18</ele>
      </trkpt>
      <trkpt lat="47.62347" lon="-2.83074">
        <ele>18</ele>
      </trkpt>
      <trkpt lat="47.62359" lon="-2.83055">
        <ele>17</ele>
      </trkpt>
      <trkpt lat="47.62377" lon="-2.83037">
        <ele>16</ele>
      </trkpt>
      <trkpt lat="47.62395" lon="-2.83018">
        <ele>15</ele>
      </trkpt>
      <trkpt lat="47.62418" lon="-2.83003">
        <ele>15</ele>
      </trkpt>
      <trkpt lat="47.62441" lon="-2.82988">
        <ele>14</ele>
      </trkpt>
      <trkpt lat="47.62448" lon="-2.8298">
        <ele>14</ele>
      </trkpt>
      <trkpt lat="47.62452" lon="-2.82971">
        <ele>14</ele>
      </trkpt>
      <trkpt lat="47.62469" lon="-2.82971">
        <ele>14</ele>
      </trkpt>
      <trkpt lat="47.62481" lon="-2.82977">
        <ele>14</ele>
      </trkpt>
      <trkpt lat="47.62495" lon="-2.82986">
        <ele>14</ele>
      </trkpt>
      <trkpt lat="47.62515" lon="-2.83005">
        <ele>15</ele>
      </trkpt>
      <trkpt lat="47.62536" lon="-2.83025">
        <ele>15</ele>
      </trkpt>
      <trkpt lat="47.62547" lon="-2.83032">
        <ele>15</ele>
      </trkpt>
      <trkpt lat="47.62567" lon="-2.8304">
        <ele>16</ele>
      </trkpt>
      <trkpt lat="47.62587" lon="-2.83047">
        <ele>16</ele>
      </trkpt>
      <trkpt lat="47.62603" lon="-2.83049">
        <ele>16</ele>
      </trkpt>
      <trkpt lat="47.62619" lon="-2.83052">
        <ele>17</ele>
      </trkpt>
      <trkpt lat="47.62636" lon="-2.83047">
        <ele>17</ele>
      </trkpt>
      <trkpt lat="47.62652" lon="-2.83042">
        <ele>17</ele>
      </trkpt>
      <trkpt lat="47.62668" lon="-2.83038">
        <ele>18</ele>
      </trkpt>
      <trkpt lat="47.62685" lon="-2.83033">
        <ele>18</ele>
      </trkpt>
      <trkpt lat="47.62694" lon="-2.83049">
        <ele>18</ele>
      </trkpt>
      <trkpt lat="47.62716" lon="-2.83033">
        <ele>18</ele>
      </trkpt>
      <trkpt lat="47.62709" lon="-2.82997">
        <ele>18</ele>
      </trkpt>
      <trkpt lat="47.62703" lon="-2.8296">
        <ele>18</ele>
      </trkpt>
      <trkpt lat="47.62685" lon="-2.82953">
        <ele>18</ele>
      </trkpt>
      <trkpt lat="47.62667" lon="-2.82946">
        <ele>17</ele>
      </trkpt>
      <trkpt lat="47.62652" lon="-2.82955">
        <ele>17</ele>
      </trkpt>
      <trkpt lat="47.62636" lon="-2.82954">
        <ele>16</ele>
      </trkpt>
      <trkpt lat="47.62631" lon="-2.82935">
        <ele>16</ele>
      </trkpt>
      <trkpt lat="47.62617" lon="-2.8293">
        <ele>16</ele>
      </trkpt>
      <trkpt lat="47.62602" lon="-2.82926">
        <ele>15</ele>
      </trkpt>
      <trkpt lat="47.62588" lon="-2.82921">
        <ele>15</ele>
      </trkpt>
      <trkpt lat="47.62574" lon="-2.82917">
        <ele>15</ele>
      </trkpt>
      <trkpt lat="47.62557" lon="-2.82903">
        <ele>14</ele>
      </trkpt>
      <trkpt lat="47.62539" lon="-2.82889">
        <ele>14</ele>
      </trkpt>
      <trkpt lat="47.62519" lon="-2.82867">
        <ele>14</ele>
      </trkpt>
      <trkpt lat="47.62499" lon="-2.82845">
        <ele>13</ele>
      </trkpt>
      <trkpt lat="47.6248" lon="-2.82824">
        <ele>13</ele>
      </trkpt>
      <trkpt lat="47.6246" lon="-2.82802">
        <ele>12</ele>
      </trkpt>
      <trkpt lat="47.62443" lon="-2.8278">
        <ele>11</ele>
      </trkpt>
      <trkpt lat="47.62427" lon="-2.82757">
        <ele>11</ele>
      </trkpt>
      <trkpt lat="47.6241" lon="-2.82734">
        <ele>10</ele>
      </trkpt>
      <trkpt lat="47.62394" lon="-2.82712">
        <ele>10</ele>
      </trkpt>
      <trkpt lat="47.62377" lon="-2.82689">
        <ele>10</ele>
      </trkpt>
      <trkpt lat="47.6236" lon="-2.82667">
        <ele>9</ele>
      </trkpt>
      <trkpt lat="47.62344" lon="-2.82645">
        <ele>9</ele>
      </trkpt>
      <trkpt lat="47.62327" lon="-2.82622">
        <ele>8</ele>
      </trkpt>
      <trkpt lat="47.62311" lon="-2.8261">
        <ele>8</ele>
      </trkpt>
      <trkpt lat="47.62296" lon="-2.82597">
        <ele>8</ele>
      </trkpt>
      <trkpt lat="47.62274" lon="-2.82583">
        <ele>7</ele>
      </trkpt>
      <trkpt lat="47.62253" lon="-2.82568">
        <ele>7</ele>
      </trkpt>
      <trkpt lat="47.62238" lon="-2.82563">
        <ele>7</ele>
      </trkpt>
      <trkpt lat="47.62223" lon="-2.82559">
        <ele>6</ele>
      </trkpt>
      <trkpt lat="47.62207" lon="-2.82554">
        <ele>6</ele>
      </trkpt>
      <trkpt lat="47.62192" lon="-2.82549">
        <ele>6</ele>
      </trkpt>
      <trkpt lat="47.62172" lon="-2.82547">
        <ele>5</ele>
      </trkpt>
      <trkpt lat="47.62153" lon="-2.82545">
        <ele>5</ele>
      </trkpt>
      <trkpt lat="47.62133" lon="-2.82542">
        <ele>5</ele>
      </trkpt>
      <trkpt lat="47.62113" lon="-2.8254">
        <ele>5</ele>
      </trkpt>
      <trkpt lat="47.62092" lon="-2.82536">
        <ele>5</ele>
      </trkpt>
      <trkpt lat="47.62071" lon="-2.82531">
        <ele>6</ele>
      </trkpt>
      <trkpt lat="47.6205" lon="-2.82527">
        <ele>6</ele>
      </trkpt>
      <trkpt lat="47.62029" lon="-2.82523">
        <ele>6</ele>
      </trkpt>
      <trkpt lat="47.62008" lon="-2.82521">
        <ele>7</ele>
      </trkpt>
      <trkpt lat="47.61987" lon="-2.82519">
        <ele>7</ele>
      </trkpt>
      <trkpt lat="47.61966" lon="-2.82517">
        <ele>7</ele>
      </trkpt>
      <trkpt lat="47.61945" lon="-2.82515">
        <ele>8</ele>
      </trkpt>
      <trkpt lat="47.61929" lon="-2.82518">
        <ele>8</ele>
      </trkpt>
      <trkpt lat="47.61908" lon="-2.82539">
        <ele>9</ele>
      </trkpt>
      <trkpt lat="47.61897" lon="-2.82528">
        <ele>9</ele>
      </trkpt>
      <trkpt lat="47.61883" lon="-2.82502">
        <ele>10</ele>
      </trkpt>
      <trkpt lat="47.61869" lon="-2.82477">
        <ele>10</ele>
      </trkpt>
      <trkpt lat="47.61855" lon="-2.82451">
        <ele>10</ele>
      </trkpt>
      <trkpt lat="47.61841" lon="-2.82425">
        <ele>11</ele>
      </trkpt>
      <trkpt lat="47.61823" lon="-2.8242">
        <ele>11</ele>
      </trkpt>
      <trkpt lat="47.61806" lon="-2.82414">
        <ele>11</ele>
      </trkpt>
      <trkpt lat="47.618" lon="-2.82396">
        <ele>11</ele>
      </trkpt>
      <trkpt lat="47.61793" lon="-2.82378">
        <ele>11</ele>
      </trkpt>
      <trkpt lat="47.618" lon="-2.82354">
        <ele>10</ele>
      </trkpt>
      <trkpt lat="47.61808" lon="-2.82329">
        <ele>8</ele>
      </trkpt>
      <trkpt lat="47.61801" lon="-2.82296">
        <ele>6</ele>
      </trkpt>
      <trkpt lat="47.61795" lon="-2.82264">
        <ele>3</ele>
      </trkpt>
      <trkpt lat="47.61808" lon="-2.8225">
        <ele>2</ele>
      </trkpt>
      <trkpt lat="47.6182" lon="-2.82236">
        <ele>2</ele>
      </trkpt>
      <trkpt lat="47.6183" lon="-2.82219">
        <ele>2</ele>
      </trkpt>
      <trkpt lat="47.61841" lon="-2.82202">
        <ele>2</ele>
      </trkpt>
      <trkpt lat="47.61859" lon="-2.82202">
        <ele>2</ele>
      </trkpt>
      <trkpt lat="47.61878" lon="-2.82201">
        <ele>2</ele>
      </trkpt>
      <trkpt lat="47.61901" lon="-2.82192">
        <ele>2</ele>
      </trkpt>
      <trkpt lat="47.61921" lon="-2.8218">
        <ele>2</ele>
      </trkpt>
      <trkpt lat="47.61937" lon="-2.82166">
        <ele>2</ele>
      </trkpt>
      <trkpt lat="47.61937" lon="-2.82156">
        <ele>1</ele>
      </trkpt>
      <trkpt lat="47.61952" lon="-2.82132">
        <ele>1</ele>
      </trkpt>
      <trkpt lat="47.61968" lon="-2.82115">
        <ele>1</ele>
      </trkpt>
      <trkpt lat="47.61972" lon="-2.82093">
        <ele>1</ele>
      </trkpt>
      <trkpt lat="47.61975" lon="-2.82071">
        <ele>1</ele>
      </trkpt>
      <trkpt lat="47.61979" lon="-2.8205">
        <ele>1</ele>
      </trkpt>
      <trkpt lat="47.61983" lon="-2.82028">
        <ele>1</ele>
      </trkpt>
      <trkpt lat="47.61984" lon="-2.81996">
        <ele>1</ele>
      </trkpt>
      <trkpt lat="47.61985" lon="-2.81965">
        <ele>1</ele>
      </trkpt>
      <trkpt lat="47.61993" lon="-2.81945">
        <ele>1</ele>
      </trkpt>
      <trkpt lat="47.62006" lon="-2.81934">
        <ele>1</ele>
      </trkpt>
      <trkpt lat="47.62015" lon="-2.81912">
        <ele>1</ele>
      </trkpt>
      <trkpt lat="47.62025" lon="-2.8189">
        <ele>2</ele>
      </trkpt>
      <trkpt lat="47.62035" lon="-2.81862">
        <ele>2</ele>
      </trkpt>
      <trkpt lat="47.62045" lon="-2.81835">
        <ele>2</ele>
      </trkpt>
      <trkpt lat="47.62054" lon="-2.81803">
        <ele>2</ele>
      </trkpt>
      <trkpt lat="47.62069" lon="-2.81771">
        <ele>2</ele>
      </trkpt>
      <trkpt lat="47.62085" lon="-2.81738">
        <ele>2</ele>
      </trkpt>
      <trkpt lat="47.621" lon="-2.81705">
        <ele>2</ele>
      </trkpt>
      <trkpt lat="47.62115" lon="-2.81673">
        <ele>2</ele>
      </trkpt>
      <trkpt lat="47.6213" lon="-2.81649">
        <ele>2</ele>
      </trkpt>
      <trkpt lat="47.62145" lon="-2.81625">
        <ele>2</ele>
      </trkpt>
      <trkpt lat="47.62161" lon="-2.81602">
        <ele>2</ele>
      </trkpt>
      <trkpt lat="47.62176" lon="-2.81578">
        <ele>2</ele>
      </trkpt>
      <trkpt lat="47.62188" lon="-2.81553">
        <ele>2</ele>
      </trkpt>
      <trkpt lat="47.62194" lon="-2.81531">
        <ele>2</ele>
      </trkpt>
      <trkpt lat="47.62194" lon="-2.81508">
        <ele>2</ele>
      </trkpt>
      <trkpt lat="47.62191" lon="-2.81477">
        <ele>2</ele>
      </trkpt>
      <trkpt lat="47.62188" lon="-2.81447">
        <ele>2</ele>
      </trkpt>
      <trkpt lat="47.62185" lon="-2.81416">
        <ele>2</ele>
      </trkpt>
      <trkpt lat="47.62182" lon="-2.81385">
        <ele>2</ele>
      </trkpt>
      <trkpt lat="47.62195" lon="-2.81357">
        <ele>2</ele>
      </trkpt>
      <trkpt lat="47.62209" lon="-2.81329">
        <ele>2</ele>
      </trkpt>
      <trkpt lat="47.62215" lon="-2.81291">
        <ele>2</ele>
      </trkpt>
      <trkpt lat="47.62234" lon="-2.81269">
        <ele>2</ele>
      </trkpt>
      <trkpt lat="47.6224" lon="-2.81255">
        <ele>2</ele>
      </trkpt>
      <trkpt lat="47.62248" lon="-2.81249">
        <ele>2</ele>
      </trkpt>
      <trkpt lat="47.62251" lon="-2.81224">
        <ele>3</ele>
      </trkpt>
      <trkpt lat="47.62254" lon="-2.81198">
        <ele>3</ele>
      </trkpt>
      <trkpt lat="47.62252" lon="-2.81159">
        <ele>3</ele>
      </trkpt>
      <trkpt lat="47.62248" lon="-2.81136">
        <ele>2</ele>
      </trkpt>
      <trkpt lat="47.62243" lon="-2.81113">
        <ele>3</ele>
      </trkpt>
      <trkpt lat="47.62241" lon="-2.81093">
        <ele>3</ele>
      </trkpt>
      <trkpt lat="47.62238" lon="-2.81072">
        <ele>2</ele>
      </trkpt>
      <trkpt lat="47.62235" lon="-2.81052">
        <ele>2</ele>
      </trkpt>
      <trkpt lat="47.62233" lon="-2.81032">
        <ele>3</ele>
      </trkpt>
      <trkpt lat="47.62225" lon="-2.81016">
        <ele>3</ele>
      </trkpt>
      <trkpt lat="47.6222" lon="-2.80992">
        <ele>3</ele>
      </trkpt>
      <trkpt lat="47.62209" lon="-2.80977">
        <ele>3</ele>
      </trkpt>
      <trkpt lat="47.62199" lon="-2.80968">
        <ele>3</ele>
      </trkpt>
      <trkpt lat="47.62205" lon="-2.80937">
        <ele>3</ele>
      </trkpt>
      <trkpt lat="47.62196" lon="-2.80917">
        <ele>3</ele>
      </trkpt>
      <trkpt lat="47.62187" lon="-2.80896">
        <ele>3</ele>
      </trkpt>
      <trkpt lat="47.62178" lon="-2.80876">
        <ele>3</ele>
      </trkpt>
      <trkpt lat="47.62169" lon="-2.80856">
        <ele>3</ele>
      </trkpt>
      <trkpt lat="47.62168" lon="-2.80835">
        <ele>3</ele>
      </trkpt>
      <trkpt lat="47.62167" lon="-2.80815">
        <ele>4</ele>
      </trkpt>
      <trkpt lat="47.62155" lon="-2.80785">
        <ele>4</ele>
      </trkpt>
      <trkpt lat="47.62149" lon="-2.80766">
        <ele>5</ele>
      </trkpt>
      <trkpt lat="47.62144" lon="-2.80747">
        <ele>5</ele>
      </trkpt>
      <trkpt lat="47.62144" lon="-2.80718">
        <ele>5</ele>
      </trkpt>
      <trkpt lat="47.62144" lon="-2.8069">
        <ele>5</ele>
      </trkpt>
      <trkpt lat="47.62144" lon="-2.80661">
        <ele>5</ele>
      </trkpt>
      <trkpt lat="47.62144" lon="-2.80633">
        <ele>5</ele>
      </trkpt>
      <trkpt lat="47.62134" lon="-2.80599">
        <ele>5</ele>
      </trkpt>
      <trkpt lat="47.62125" lon="-2.80565">
        <ele>5</ele>
      </trkpt>
      <trkpt lat="47.62115" lon="-2.8053">
        <ele>5</ele>
      </trkpt>
      <trkpt lat="47.62105" lon="-2.80496">
        <ele>3</ele>
      </trkpt>
      <trkpt lat="47.62087" lon="-2.8047">
        <ele>3</ele>
      </trkpt>
      <trkpt lat="47.6207" lon="-2.80443">
        <ele>3</ele>
      </trkpt>
      <trkpt lat="47.62053" lon="-2.80417">
        <ele>2</ele>
      </trkpt>
      <trkpt lat="47.62035" lon="-2.8039">
        <ele>2</ele>
      </trkpt>
      <trkpt lat="47.62018" lon="-2.80364">
        <ele>2</ele>
      </trkpt>
      <trkpt lat="47.62" lon="-2.80338">
        <ele>2</ele>
      </trkpt>
      <trkpt lat="47.61983" lon="-2.80311">
        <ele>2</ele>
      </trkpt>
      <trkpt lat="47.61965" lon="-2.80285">
        <ele>2</ele>
      </trkpt>
      <trkpt lat="47.61954" lon="-2.80251">
        <ele>4</ele>
      </trkpt>
      <trkpt lat="47.61936" lon="-2.80233">
        <ele>4</ele>
      </trkpt>
      <trkpt lat="47.61919" lon="-2.80215">
        <ele>4</ele>
      </trkpt>
      <trkpt lat="47.61901" lon="-2.80197">
        <ele>4</ele>
      </trkpt>
      <trkpt lat="47.61883" lon="-2.80179">
        <ele>4</ele>
      </trkpt>
      <trkpt lat="47.61865" lon="-2.80161">
        <ele>4</ele>
      </trkpt>
      <trkpt lat="47.61848" lon="-2.80143">
        <ele>3</ele>
      </trkpt>
      <trkpt lat="47.6183" lon="-2.80125">
        <ele>3</ele>
      </trkpt>
      <trkpt lat="47.61812" lon="-2.80107">
        <ele>3</ele>
      </trkpt>
      <trkpt lat="47.61816" lon="-2.80088">
        <ele>3</ele>
      </trkpt>
      <trkpt lat="47.61821" lon="-2.80068">
        <ele>3</ele>
      </trkpt>
      <trkpt lat="47.61825" lon="-2.80049">
        <ele>3</ele>
      </trkpt>
      <trkpt lat="47.6183" lon="-2.8003">
        <ele>3</ele>
      </trkpt>
      <trkpt lat="47.61834" lon="-2.8001">
        <ele>3</ele>
      </trkpt>
      <trkpt lat="47.61838" lon="-2.79991">
        <ele>3</ele>
      </trkpt>
      <trkpt lat="47.61843" lon="-2.79971">
        <ele>4</ele>
      </trkpt>
      <trkpt lat="47.61847" lon="-2.79952">
        <ele>5</ele>
      </trkpt>
      <trkpt lat="47.61844" lon="-2.79921">
        <ele>5</ele>
      </trkpt>
      <trkpt lat="47.61841" lon="-2.79891">
        <ele>5</ele>
      </trkpt>
      <trkpt lat="47.61839" lon="-2.7986">
        <ele>5</ele>
      </trkpt>
      <trkpt lat="47.61836" lon="-2.7983">
        <ele>5</ele>
      </trkpt>
      <trkpt lat="47.61851" lon="-2.79822">
        <ele>5</ele>
      </trkpt>
      <trkpt lat="47.61866" lon="-2.79814">
        <ele>5</ele>
      </trkpt>
      <trkpt lat="47.61885" lon="-2.79825">
        <ele>5</ele>
      </trkpt>
      <trkpt lat="47.61904" lon="-2.79835">
        <ele>5</ele>
      </trkpt>
      <trkpt lat="47.61925" lon="-2.79821">
        <ele>6</ele>
      </trkpt>
      <trkpt lat="47.61946" lon="-2.79808">
        <ele>6</ele>
      </trkpt>
      <trkpt lat="47.61959" lon="-2.79838">
        <ele>6</ele>
      </trkpt>
      <trkpt lat="47.61973" lon="-2.79867">
        <ele>6</ele>
      </trkpt>
      <trkpt lat="47.61986" lon="-2.79896">
        <ele>7</ele>
      </trkpt>
      <trkpt lat="47.61999" lon="-2.79926">
        <ele>9</ele>
      </trkpt>
      <trkpt lat="47.62017" lon="-2.79955">
        <ele>9</ele>
      </trkpt>
      <trkpt lat="47.62034" lon="-2.79984">
        <ele>10</ele>
      </trkpt>
      <trkpt lat="47.62051" lon="-2.80013">
        <ele>10</ele>
      </trkpt>
      <trkpt lat="47.62069" lon="-2.80042">
        <ele>10</ele>
      </trkpt>
      <trkpt lat="47.62086" lon="-2.80072">
        <ele>10</ele>
      </trkpt>
      <trkpt lat="47.62104" lon="-2.80101">
        <ele>10</ele>
      </trkpt>
      <trkpt lat="47.62121" lon="-2.8013">
        <ele>10</ele>
      </trkpt>
      <trkpt lat="47.62139" lon="-2.80159">
        <ele>10</ele>
      </trkpt>
      <trkpt lat="47.62155" lon="-2.80152">
        <ele>10</ele>
      </trkpt>
      <trkpt lat="47.6217" lon="-2.80144">
        <ele>10</ele>
      </trkpt>
      <trkpt lat="47.62186" lon="-2.80136">
        <ele>11</ele>
      </trkpt>
      <trkpt lat="47.62202" lon="-2.80129">
        <ele>12</ele>
      </trkpt>
      <trkpt lat="47.62219" lon="-2.80129">
        <ele>13</ele>
      </trkpt>
      <trkpt lat="47.62236" lon="-2.80129">
        <ele>14</ele>
      </trkpt>
      <trkpt lat="47.62259" lon="-2.80113">
        <ele>14</ele>
      </trkpt>
      <trkpt lat="47.62282" lon="-2.80097">
        <ele>14</ele>
      </trkpt>
      <trkpt lat="47.62306" lon="-2.80082">
        <ele>14</ele>
      </trkpt>
      <trkpt lat="47.62329" lon="-2.80066">
        <ele>15</ele>
      </trkpt>
      <trkpt lat="47.62352" lon="-2.8005">
        <ele>16</ele>
      </trkpt>
      <trkpt lat="47.62376" lon="-2.80035">
        <ele>18</ele>
      </trkpt>
      <trkpt lat="47.62399" lon="-2.80019">
        <ele>19</ele>
      </trkpt>
      <trkpt lat="47.62422" lon="-2.80003">
        <ele>19</ele>
      </trkpt>
      <trkpt lat="47.62414" lon="-2.79967">
        <ele>19</ele>
      </trkpt>
      <trkpt lat="47.62407" lon="-2.7993">
        <ele>19</ele>
      </trkpt>
      <trkpt lat="47.624" lon="-2.79912">
        <ele>19</ele>
      </trkpt>
      <trkpt lat="47.62394" lon="-2.79893">
        <ele>18</ele>
      </trkpt>
      <trkpt lat="47.6238" lon="-2.79865">
        <ele>17</ele>
      </trkpt>
      <trkpt lat="47.62366" lon="-2.79836">
        <ele>17</ele>
      </trkpt>
      <trkpt lat="47.62353" lon="-2.79808">
        <ele>17</ele>
      </trkpt>
      <trkpt lat="47.62339" lon="-2.7978">
        <ele>17</ele>
      </trkpt>
      <trkpt lat="47.62325" lon="-2.79752">
        <ele>18</ele>
      </trkpt>
      <trkpt lat="47.62311" lon="-2.79723">
        <ele>19</ele>
      </trkpt>
      <trkpt lat="47.62297" lon="-2.79695">
        <ele>19</ele>
      </trkpt>
      <trkpt lat="47.62283" lon="-2.79667">
        <ele>19</ele>
      </trkpt>
      <trkpt lat="47.6227" lon="-2.79639">
        <ele>19</ele>
      </trkpt>
      <trkpt lat="47.62256" lon="-2.7961">
        <ele>19</ele>
      </trkpt>
      <trkpt lat="47.62242" lon="-2.79582">
        <ele>19</ele>
      </trkpt>
      <trkpt lat="47.62228" lon="-2.79554">
        <ele>18</ele>
      </trkpt>
      <trkpt lat="47.62214" lon="-2.79526">
        <ele>17</ele>
      </trkpt>
      <trkpt lat="47.62201" lon="-2.79497">
        <ele>16</ele>
      </trkpt>
      <trkpt lat="47.62187" lon="-2.79469">
        <ele>15</ele>
      </trkpt>
      <trkpt lat="47.62173" lon="-2.79441">
        <ele>15</ele>
      </trkpt>
      <trkpt lat="47.62162" lon="-2.79427">
        <ele>15</ele>
      </trkpt>
      <trkpt lat="47.62151" lon="-2.79414">
        <ele>15</ele>
      </trkpt>
      <trkpt lat="47.6214" lon="-2.79401">
        <ele>15</ele>
      </trkpt>
      <trkpt lat="47.62129" lon="-2.79387">
        <ele>15</ele>
      </trkpt>
      <trkpt lat="47.62123" lon="-2.79366">
        <ele>16</ele>
      </trkpt>
      <trkpt lat="47.62118" lon="-2.79345">
        <ele>17</ele>
      </trkpt>
      <trkpt lat="47.62112" lon="-2.79324">
        <ele>17</ele>
      </trkpt>
      <trkpt lat="47.62107" lon="-2.79303">
        <ele>17</ele>
      </trkpt>
      <trkpt lat="47.62101" lon="-2.79282">
        <ele>17</ele>
      </trkpt>
      <trkpt lat="47.62095" lon="-2.79261">
        <ele>16</ele>
      </trkpt>
      <trkpt lat="47.6209" lon="-2.7924">
        <ele>16</ele>
      </trkpt>
      <trkpt lat="47.62084" lon="-2.79219">
        <ele>16</ele>
      </trkpt>
      <trkpt lat="47.62086" lon="-2.79191">
        <ele>16</ele>
      </trkpt>
      <trkpt lat="47.62094" lon="-2.79168">
        <ele>16</ele>
      </trkpt>
      <trkpt lat="47.62102" lon="-2.79144">
        <ele>16</ele>
      </trkpt>
      <trkpt lat="47.62116" lon="-2.79133">
        <ele>16</ele>
      </trkpt>
      <trkpt lat="47.6213" lon="-2.79121">
        <ele>16</ele>
      </trkpt>
      <trkpt lat="47.62143" lon="-2.7911">
        <ele>17</ele>
      </trkpt>
      <trkpt lat="47.62157" lon="-2.79099">
        <ele>17</ele>
      </trkpt>
      <trkpt lat="47.62171" lon="-2.79087">
        <ele>17</ele>
      </trkpt>
      <trkpt lat="47.62185" lon="-2.79076">
        <ele>17</ele>
      </trkpt>
      <trkpt lat="47.62199" lon="-2.79065">
        <ele>17</ele>
      </trkpt>
      <trkpt lat="47.62212" lon="-2.79054">
        <ele>16</ele>
      </trkpt>
      <trkpt lat="47.62226" lon="-2.79042">
        <ele>16</ele>
      </trkpt>
      <trkpt lat="47.6224" lon="-2.79031">
        <ele>15</ele>
      </trkpt>
      <trkpt lat="47.62254" lon="-2.7902">
        <ele>15</ele>
      </trkpt>
      <trkpt lat="47.62268" lon="-2.79008">
        <ele>14</ele>
      </trkpt>
      <trkpt lat="47.62282" lon="-2.78997">
        <ele>14</ele>
      </trkpt>
      <trkpt lat="47.62295" lon="-2.78986">
        <ele>13</ele>
      </trkpt>
      <trkpt lat="47.62309" lon="-2.78974">
        <ele>13</ele>
      </trkpt>
      <trkpt lat="47.62323" lon="-2.78963">
        <ele>13</ele>
      </trkpt>
      <trkpt lat="47.62349" lon="-2.7896">
        <ele>13</ele>
      </trkpt>
      <trkpt lat="47.62363" lon="-2.78961">
        <ele>13</ele>
      </trkpt>
      <trkpt lat="47.6238" lon="-2.78969">
        <ele>14</ele>
      </trkpt>
      <trkpt lat="47.62396" lon="-2.78977">
        <ele>14</ele>
      </trkpt>
      <trkpt lat="47.62401" lon="-2.78963">
        <ele>14</ele>
      </trkpt>
      <trkpt lat="47.62402" lon="-2.78935">
        <ele>15</ele>
      </trkpt>
      <trkpt lat="47.62396" lon="-2.78916">
        <ele>15</ele>
      </trkpt>
      <trkpt lat="47.62391" lon="-2.78896">
        <ele>15</ele>
      </trkpt>
      <trkpt lat="47.62385" lon="-2.78877">
        <ele>15</ele>
      </trkpt>
      <trkpt lat="47.62379" lon="-2.78857">
        <ele>14</ele>
      </trkpt>
      <trkpt lat="47.62373" lon="-2.78838">
        <ele>13</ele>
      </trkpt>
      <trkpt lat="47.62367" lon="-2.78818">
        <ele>12</ele>
      </trkpt>
      <trkpt lat="47.62362" lon="-2.78798">
        <ele>12</ele>
      </trkpt>
      <trkpt lat="47.62356" lon="-2.78779">
        <ele>12</ele>
      </trkpt>
      <trkpt lat="47.62343" lon="-2.78786">
        <ele>11</ele>
      </trkpt>
      <trkpt lat="47.6233" lon="-2.78793">
        <ele>10</ele>
      </trkpt>
      <trkpt lat="47.62317" lon="-2.78799">
        <ele>10</ele>
      </trkpt>
      <trkpt lat="47.62304" lon="-2.78806">
        <ele>8</ele>
      </trkpt>
      <trkpt lat="47.62292" lon="-2.78795">
        <ele>8</ele>
      </trkpt>
      <trkpt lat="47.6228" lon="-2.78784">
        <ele>7</ele>
      </trkpt>
      <trkpt lat="47.62272" lon="-2.78768">
        <ele>7</ele>
      </trkpt>
      <trkpt lat="47.62264" lon="-2.78752">
        <ele>7</ele>
      </trkpt>
      <trkpt lat="47.62255" lon="-2.78736">
        <ele>7</ele>
      </trkpt>
      <trkpt lat="47.62247" lon="-2.7872">
        <ele>7</ele>
      </trkpt>
      <trkpt lat="47.62253" lon="-2.78692">
        <ele>7</ele>
      </trkpt>
      <trkpt lat="47.62249" lon="-2.78672">
        <ele>7</ele>
      </trkpt>
      <trkpt lat="47.62245" lon="-2.78653">
        <ele>8</ele>
      </trkpt>
      <trkpt lat="47.62243" lon="-2.78632">
        <ele>10</ele>
      </trkpt>
      <trkpt lat="47.62242" lon="-2.78611">
        <ele>10</ele>
      </trkpt>
      <trkpt lat="47.6224" lon="-2.7859">
        <ele>11</ele>
      </trkpt>
      <trkpt lat="47.62239" lon="-2.78568">
        <ele>12</ele>
      </trkpt>
      <trkpt lat="47.62237" lon="-2.78547">
        <ele>12</ele>
      </trkpt>
      <trkpt lat="47.62235" lon="-2.78526">
        <ele>12</ele>
      </trkpt>
      <trkpt lat="47.62234" lon="-2.78505">
        <ele>12</ele>
      </trkpt>
      <trkpt lat="47.62232" lon="-2.78484">
        <ele>12</ele>
      </trkpt>
      <trkpt lat="47.62226" lon="-2.78465">
        <ele>12</ele>
      </trkpt>
      <trkpt lat="47.62221" lon="-2.78446">
        <ele>12</ele>
      </trkpt>
      <trkpt lat="47.62215" lon="-2.78427">
        <ele>12</ele>
      </trkpt>
      <trkpt lat="47.62209" lon="-2.78409">
        <ele>12</ele>
      </trkpt>
      <trkpt lat="47.62203" lon="-2.7839">
        <ele>11</ele>
      </trkpt>
      <trkpt lat="47.62197" lon="-2.78371">
        <ele>10</ele>
      </trkpt>
      <trkpt lat="47.62192" lon="-2.78352">
        <ele>10</ele>
      </trkpt>
      <trkpt lat="47.62186" lon="-2.78333">
        <ele>10</ele>
      </trkpt>
      <trkpt lat="47.6218" lon="-2.783">
        <ele>9</ele>
      </trkpt>
      <trkpt lat="47.62174" lon="-2.78268">
        <ele>9</ele>
      </trkpt>
      <trkpt lat="47.62167" lon="-2.78235">
        <ele>8</ele>
      </trkpt>
      <trkpt lat="47.62161" lon="-2.78202">
        <ele>8</ele>
      </trkpt>
      <trkpt lat="47.62185" lon="-2.78194">
        <ele>8</ele>
      </trkpt>
      <trkpt lat="47.62208" lon="-2.78179">
        <ele>8</ele>
      </trkpt>
      <trkpt lat="47.6223" lon="-2.78164">
        <ele>8</ele>
      </trkpt>
      <trkpt lat="47.62253" lon="-2.78148">
        <ele>9</ele>
      </trkpt>
      <trkpt lat="47.62275" lon="-2.78133">
        <ele>9</ele>
      </trkpt>
      <trkpt lat="47.62299" lon="-2.78131">
        <ele>9</ele>
      </trkpt>
      <trkpt lat="47.6232" lon="-2.78133">
        <ele>9</ele>
      </trkpt>
      <trkpt lat="47.62341" lon="-2.78135">
        <ele>9</ele>
      </trkpt>
      <trkpt lat="47.62362" lon="-2.78137">
        <ele>9</ele>
      </trkpt>
      <trkpt lat="47.62383" lon="-2.78139">
        <ele>9</ele>
      </trkpt>
      <trkpt lat="47.62398" lon="-2.78138">
        <ele>11</ele>
      </trkpt>
      <trkpt lat="47.62413" lon="-2.78136">
        <ele>12</ele>
      </trkpt>
      <trkpt lat="47.62429" lon="-2.78134">
        <ele>12</ele>
      </trkpt>
      <trkpt lat="47.62444" lon="-2.78133">
        <ele>12</ele>
      </trkpt>
      <trkpt lat="47.62462" lon="-2.78151">
        <ele>12</ele>
      </trkpt>
      <trkpt lat="47.6248" lon="-2.78168">
        <ele>11</ele>
      </trkpt>
      <trkpt lat="47.62494" lon="-2.78171">
        <ele>11</ele>
      </trkpt>
      <trkpt lat="47.62508" lon="-2.78174">
        <ele>10</ele>
      </trkpt>
      <trkpt lat="47.62522" lon="-2.78177">
        <ele>7</ele>
      </trkpt>
      <trkpt lat="47.62536" lon="-2.7818">
        <ele>5</ele>
      </trkpt>
      <trkpt lat="47.62555" lon="-2.78193">
        <ele>5</ele>
      </trkpt>
      <trkpt lat="47.62574" lon="-2.78207">
        <ele>5</ele>
      </trkpt>
      <trkpt lat="47.62593" lon="-2.7822">
        <ele>5</ele>
      </trkpt>
      <trkpt lat="47.62612" lon="-2.78233">
        <ele>5</ele>
      </trkpt>
      <trkpt lat="47.62628" lon="-2.78258">
        <ele>8</ele>
      </trkpt>
      <trkpt lat="47.62644" lon="-2.78282">
        <ele>10</ele>
      </trkpt>
      <trkpt lat="47.62659" lon="-2.78307">
        <ele>11</ele>
      </trkpt>
      <trkpt lat="47.62675" lon="-2.78332">
        <ele>12</ele>
      </trkpt>
      <trkpt lat="47.62686" lon="-2.7836">
        <ele>14</ele>
      </trkpt>
      <trkpt lat="47.62696" lon="-2.78388">
        <ele>15</ele>
      </trkpt>
      <trkpt lat="47.62707" lon="-2.78415">
        <ele>16</ele>
      </trkpt>
      <trkpt lat="47.62718" lon="-2.78443">
        <ele>17</ele>
      </trkpt>
      <trkpt lat="47.62729" lon="-2.78471">
        <ele>18</ele>
      </trkpt>
      <trkpt lat="47.62739" lon="-2.78498">
        <ele>20</ele>
      </trkpt>
      <trkpt lat="47.6275" lon="-2.78526">
        <ele>21</ele>
      </trkpt>
      <trkpt lat="47.62761" lon="-2.78554">
        <ele>22</ele>
      </trkpt>
      <trkpt lat="47.62776" lon="-2.78572">
        <ele>23</ele>
      </trkpt>
      <trkpt lat="47.62792" lon="-2.78591">
        <ele>23</ele>
      </trkpt>
      <trkpt lat="47.62807" lon="-2.78609">
        <ele>24</ele>
      </trkpt>
      <trkpt lat="47.62822" lon="-2.78627">
        <ele>24</ele>
      </trkpt>
      <trkpt lat="47.62837" lon="-2.78646">
        <ele>25</ele>
      </trkpt>
      <trkpt lat="47.62852" lon="-2.78664">
        <ele>26</ele>
      </trkpt>
      <trkpt lat="47.62868" lon="-2.78683">
        <ele>26</ele>
      </trkpt>
      <trkpt lat="47.62883" lon="-2.78701">
        <ele>26</ele>
      </trkpt>
      <trkpt lat="47.62893" lon="-2.78719">
        <ele>26</ele>
      </trkpt>
      <trkpt lat="47.62904" lon="-2.78737">
        <ele>26</ele>
      </trkpt>
      <trkpt lat="47.62915" lon="-2.78754">
        <ele>26</ele>
      </trkpt>
      <trkpt lat="47.62925" lon="-2.78772">
        <ele>26</ele>
      </trkpt>
      <trkpt lat="47.62937" lon="-2.78799">
        <ele>25</ele>
      </trkpt>
      <trkpt lat="47.6295" lon="-2.78825">
        <ele>24</ele>
      </trkpt>
      <trkpt lat="47.62962" lon="-2.78852">
        <ele>23</ele>
      </trkpt>
      <trkpt lat="47.62974" lon="-2.78879">
        <ele>22</ele>
      </trkpt>
      <trkpt lat="47.62987" lon="-2.78905">
        <ele>21</ele>
      </trkpt>
      <trkpt lat="47.62999" lon="-2.78932">
        <ele>21</ele>
      </trkpt>
      <trkpt lat="47.63011" lon="-2.78958">
        <ele>20</ele>
      </trkpt>
      <trkpt lat="47.63023" lon="-2.78985">
        <ele>20</ele>
      </trkpt>
      <trkpt lat="47.63036" lon="-2.79012">
        <ele>20</ele>
      </trkpt>
      <trkpt lat="47.63048" lon="-2.79038">
        <ele>18</ele>
      </trkpt>
      <trkpt lat="47.6306" lon="-2.79065">
        <ele>16</ele>
      </trkpt>
      <trkpt lat="47.63073" lon="-2.79092">
        <ele>16</ele>
      </trkpt>
      <trkpt lat="47.63085" lon="-2.79118">
        <ele>16</ele>
      </trkpt>
      <trkpt lat="47.63097" lon="-2.79145">
        <ele>16</ele>
      </trkpt>
      <trkpt lat="47.6311" lon="-2.79171">
        <ele>16</ele>
      </trkpt>
      <trkpt lat="47.63122" lon="-2.79198">
        <ele>18</ele>
      </trkpt>
      <trkpt lat="47.63142" lon="-2.79185">
        <ele>18</ele>
      </trkpt>
      <trkpt lat="47.63162" lon="-2.79173">
        <ele>18</ele>
      </trkpt>
      <trkpt lat="47.63179" lon="-2.79173">
        <ele>18</ele>
      </trkpt>
      <trkpt lat="47.63195" lon="-2.79173">
        <ele>18</ele>
      </trkpt>
      <trkpt lat="47.63219" lon="-2.79189">
        <ele>18</ele>
      </trkpt>
      <trkpt lat="47.63238" lon="-2.79211">
        <ele>18</ele>
      </trkpt>
      <trkpt lat="47.63256" lon="-2.79234">
        <ele>18</ele>
      </trkpt>
      <trkpt lat="47.63275" lon="-2.79257">
        <ele>18</ele>
      </trkpt>
      <trkpt lat="47.63294" lon="-2.79279">
        <ele>18</ele>
      </trkpt>
      <trkpt lat="47.63313" lon="-2.79289">
        <ele>17</ele>
      </trkpt>
      <trkpt lat="47.63331" lon="-2.79298">
        <ele>17</ele>
      </trkpt>
      <trkpt lat="47.6335" lon="-2.79308">
        <ele>16</ele>
      </trkpt>
      <trkpt lat="47.63369" lon="-2.79318">
        <ele>15</ele>
      </trkpt>
      <trkpt lat="47.63389" lon="-2.79327">
        <ele>14</ele>
      </trkpt>
      <trkpt lat="47.63408" lon="-2.79335">
        <ele>13</ele>
      </trkpt>
      <trkpt lat="47.63428" lon="-2.79344">
        <ele>12</ele>
      </trkpt>
      <trkpt lat="47.63448" lon="-2.79352">
        <ele>11</ele>
      </trkpt>
      <trkpt lat="47.63468" lon="-2.79361">
        <ele>11</ele>
      </trkpt>
      <trkpt lat="47.63488" lon="-2.79369">
        <ele>10</ele>
      </trkpt>
      <trkpt lat="47.63507" lon="-2.79378">
        <ele>9</ele>
      </trkpt>
      <trkpt lat="47.63527" lon="-2.79387">
        <ele>8</ele>
      </trkpt>
      <trkpt lat="47.63547" lon="-2.79395">
        <ele>7</ele>
      </trkpt>
      <trkpt lat="47.63567" lon="-2.79404">
        <ele>6</ele>
      </trkpt>
      <trkpt lat="47.63586" lon="-2.79412">
        <ele>5</ele>
      </trkpt>
      <trkpt lat="47.63606" lon="-2.79421">
        <ele>4</ele>
      </trkpt>
      <trkpt lat="47.63626" lon="-2.79429">
        <ele>4</ele>
      </trkpt>
      <trkpt lat="47.63645" lon="-2.79438">
        <ele>4</ele>
      </trkpt>
      <trkpt lat="47.63665" lon="-2.79446">
        <ele>4</ele>
      </trkpt>
      <trkpt lat="47.63685" lon="-2.79455">
        <ele>4</ele>
      </trkpt>
      <trkpt lat="47.63698" lon="-2.79463">
        <ele>5</ele>
      </trkpt>
      <trkpt lat="47.6371" lon="-2.79471">
        <ele>5</ele>
      </trkpt>
      <trkpt lat="47.63723" lon="-2.79479">
        <ele>5</ele>
      </trkpt>
      <trkpt lat="47.63735" lon="-2.79487">
        <ele>6</ele>
      </trkpt>
      <trkpt lat="47.63747" lon="-2.79495">
        <ele>6</ele>
      </trkpt>
      <trkpt lat="47.6376" lon="-2.79503">
        <ele>6</ele>
      </trkpt>
      <trkpt lat="47.63773" lon="-2.79511">
        <ele>6</ele>
      </trkpt>
      <trkpt lat="47.63785" lon="-2.7952">
        <ele>7</ele>
      </trkpt>
      <trkpt lat="47.63797" lon="-2.79528">
        <ele>7</ele>
      </trkpt>
      <trkpt lat="47.6381" lon="-2.79536">
        <ele>8</ele>
      </trkpt>
      <trkpt lat="47.63823" lon="-2.79544">
        <ele>8</ele>
      </trkpt>
      <trkpt lat="47.63835" lon="-2.79552">
        <ele>9</ele>
      </trkpt>
      <trkpt lat="47.63847" lon="-2.7956">
        <ele>9</ele>
      </trkpt>
      <trkpt lat="47.6386" lon="-2.79568">
        <ele>9</ele>
      </trkpt>
      <trkpt lat="47.63872" lon="-2.79576">
        <ele>10</ele>
      </trkpt>
      <trkpt lat="47.63885" lon="-2.79584">
        <ele>10</ele>
      </trkpt>
      <trkpt lat="47.63896" lon="-2.79598">
        <ele>11</ele>
      </trkpt>
      <trkpt lat="47.63908" lon="-2.79612">
        <ele>12</ele>
      </trkpt>
      <trkpt lat="47.6392" lon="-2.79625">
        <ele>12</ele>
      </trkpt>
      <trkpt lat="47.63931" lon="-2.79639">
        <ele>12</ele>
      </trkpt>
      <trkpt lat="47.63946" lon="-2.79652">
        <ele>12</ele>
      </trkpt>
      <trkpt lat="47.63961" lon="-2.79666">
        <ele>12</ele>
      </trkpt>
      <trkpt lat="47.63976" lon="-2.7968">
        <ele>11</ele>
      </trkpt>
      <trkpt lat="47.63991" lon="-2.79693">
        <ele>10</ele>
      </trkpt>
      <trkpt lat="47.64017" lon="-2.79692">
        <ele>10</ele>
      </trkpt>
      <trkpt lat="47.64044" lon="-2.79692">
        <ele>9</ele>
      </trkpt>
      <trkpt lat="47.64069" lon="-2.79695">
        <ele>9</ele>
      </trkpt>
      <trkpt lat="47.64094" lon="-2.79698">
        <ele>8</ele>
      </trkpt>
      <trkpt lat="47.64111" lon="-2.79697">
        <ele>8</ele>
      </trkpt>
      <trkpt lat="47.64128" lon="-2.79697">
        <ele>7</ele>
      </trkpt>
      <trkpt lat="47.64142" lon="-2.79692">
        <ele>7</ele>
      </trkpt>
      <trkpt lat="47.64156" lon="-2.79688">
        <ele>6</ele>
      </trkpt>
      <trkpt lat="47.64171" lon="-2.79678">
        <ele>5</ele>
      </trkpt>
      <trkpt lat="47.64185" lon="-2.79669">
        <ele>5</ele>
      </trkpt>
      <trkpt lat="47.64197" lon="-2.79658">
        <ele>5</ele>
      </trkpt>
      <trkpt lat="47.64209" lon="-2.79647">
        <ele>5</ele>
      </trkpt>
      <trkpt lat="47.64227" lon="-2.79625">
        <ele>5</ele>
      </trkpt>
      <trkpt lat="47.64236" lon="-2.79604">
        <ele>6</ele>
      </trkpt>
      <trkpt lat="47.64246" lon="-2.79582">
        <ele>6</ele>
      </trkpt>
      <trkpt lat="47.64256" lon="-2.79561">
        <ele>8</ele>
      </trkpt>
      <trkpt lat="47.64265" lon="-2.7954">
        <ele>8</ele>
      </trkpt>
      <trkpt lat="47.64276" lon="-2.79522">
        <ele>9</ele>
      </trkpt>
      <trkpt lat="47.64295" lon="-2.795">
        <ele>10</ele>
      </trkpt>
      <trkpt lat="47.64311" lon="-2.79488">
        <ele>12</ele>
      </trkpt>
      <trkpt lat="47.64328" lon="-2.79483">
        <ele>13</ele>
      </trkpt>
      <trkpt lat="47.64353" lon="-2.7948">
        <ele>15</ele>
      </trkpt>
      <trkpt lat="47.64368" lon="-2.79486">
        <ele>16</ele>
      </trkpt>
      <trkpt lat="47.64382" lon="-2.79491">
        <ele>16</ele>
      </trkpt>
      <trkpt lat="47.64401" lon="-2.79506">
        <ele>17</ele>
      </trkpt>
      <trkpt lat="47.6442" lon="-2.79521">
        <ele>18</ele>
      </trkpt>
      <trkpt lat="47.64439" lon="-2.79536">
        <ele>19</ele>
      </trkpt>
      <trkpt lat="47.64458" lon="-2.7955">
        <ele>19</ele>
      </trkpt>
      <trkpt lat="47.64478" lon="-2.79565">
        <ele>20</ele>
      </trkpt>
      <trkpt lat="47.64497" lon="-2.7958">
        <ele>21</ele>
      </trkpt>
      <trkpt lat="47.64516" lon="-2.79595">
        <ele>21</ele>
      </trkpt>
      <trkpt lat="47.64535" lon="-2.7961">
        <ele>21</ele>
      </trkpt>
      <trkpt lat="47.64547" lon="-2.79621">
        <ele>21</ele>
      </trkpt>
      <trkpt lat="47.64559" lon="-2.79632">
        <ele>20</ele>
      </trkpt>
      <trkpt lat="47.64571" lon="-2.79644">
        <ele>20</ele>
      </trkpt>
      <trkpt lat="47.64583" lon="-2.79655">
        <ele>20</ele>
      </trkpt>
      <trkpt lat="47.64594" lon="-2.79666">
        <ele>20</ele>
      </trkpt>
      <trkpt lat="47.64606" lon="-2.79678">
        <ele>20</ele>
      </trkpt>
      <trkpt lat="47.64618" lon="-2.79689">
        <ele>19</ele>
      </trkpt>
      <trkpt lat="47.6463" lon="-2.797">
        <ele>19</ele>
      </trkpt>
      <trkpt lat="47.64644" lon="-2.79716">
        <ele>18</ele>
      </trkpt>
      <trkpt lat="47.64659" lon="-2.79731">
        <ele>17</ele>
      </trkpt>
      <trkpt lat="47.64673" lon="-2.79747">
        <ele>16</ele>
      </trkpt>
      <trkpt lat="47.64687" lon="-2.79762">
        <ele>15</ele>
      </trkpt>
      <trkpt lat="47.64702" lon="-2.79778">
        <ele>14</ele>
      </trkpt>
      <trkpt lat="47.64716" lon="-2.79793">
        <ele>14</ele>
      </trkpt>
      <trkpt lat="47.64731" lon="-2.79808">
        <ele>13</ele>
      </trkpt>
      <trkpt lat="47.64745" lon="-2.79824">
        <ele>12</ele>
      </trkpt>
      <trkpt lat="47.64762" lon="-2.79834">
        <ele>12</ele>
      </trkpt>
      <trkpt lat="47.64778" lon="-2.79844">
        <ele>11</ele>
      </trkpt>
      <trkpt lat="47.64795" lon="-2.79846">
        <ele>10</ele>
      </trkpt>
      <trkpt lat="47.64813" lon="-2.79847">
        <ele>9</ele>
      </trkpt>
      <trkpt lat="47.6483" lon="-2.79849">
        <ele>8</ele>
      </trkpt>
      <trkpt lat="47.64848" lon="-2.79851">
        <ele>7</ele>
      </trkpt>
      <trkpt lat="47.64865" lon="-2.79861">
        <ele>6</ele>
      </trkpt>
      <trkpt lat="47.64881" lon="-2.79872">
        <ele>6</ele>
      </trkpt>
      <trkpt lat="47.64892" lon="-2.79857">
        <ele>6</ele>
      </trkpt>
      <trkpt lat="47.64904" lon="-2.79842">
        <ele>6</ele>
      </trkpt>
      <trkpt lat="47.64908" lon="-2.79816">
        <ele>6</ele>
      </trkpt>
      <trkpt lat="47.64912" lon="-2.7979">
        <ele>6</ele>
      </trkpt>
      <trkpt lat="47.64916" lon="-2.79763">
        <ele>6</ele>
      </trkpt>
      <trkpt lat="47.6492" lon="-2.79737">
        <ele>7</ele>
      </trkpt>
      <trkpt lat="47.64932" lon="-2.79703">
        <ele>10</ele>
      </trkpt>
      <trkpt lat="47.64935" lon="-2.79673">
        <ele>10</ele>
      </trkpt>
      <trkpt lat="47.64924" lon="-2.79663">
        <ele>10</ele>
      </trkpt>
      <trkpt lat="47.6491" lon="-2.79661">
        <ele>11</ele>
      </trkpt>
      <trkpt lat="47.64895" lon="-2.79658">
        <ele>11</ele>
      </trkpt>
      <trkpt lat="47.6488" lon="-2.79637">
        <ele>12</ele>
      </trkpt>
      <trkpt lat="47.64866" lon="-2.79616">
        <ele>12</ele>
      </trkpt>
      <trkpt lat="47.64863" lon="-2.79594">
        <ele>12</ele>
      </trkpt>
      <trkpt lat="47.64861" lon="-2.79573">
        <ele>13</ele>
      </trkpt>
      <trkpt lat="47.64861" lon="-2.79551">
        <ele>14</ele>
      </trkpt>
      <trkpt lat="47.64862" lon="-2.7953">
        <ele>15</ele>
      </trkpt>
      <trkpt lat="47.64869" lon="-2.7951">
        <ele>15</ele>
      </trkpt>
      <trkpt lat="47.64875" lon="-2.7949">
        <ele>16</ele>
      </trkpt>
      <trkpt lat="47.6488" lon="-2.79469">
        <ele>17</ele>
      </trkpt>
      <trkpt lat="47.64885" lon="-2.79448">
        <ele>17</ele>
      </trkpt>
      <trkpt lat="47.64905" lon="-2.79429">
        <ele>19</ele>
      </trkpt>
      <trkpt lat="47.64925" lon="-2.7941">
        <ele>20</ele>
      </trkpt>
      <trkpt lat="47.64911" lon="-2.79387">
        <ele>20</ele>
      </trkpt>
      <trkpt lat="47.64896" lon="-2.79364">
        <ele>20</ele>
      </trkpt>
      <trkpt lat="47.64881" lon="-2.7934">
        <ele>21</ele>
      </trkpt>
      <trkpt lat="47.64867" lon="-2.79317">
        <ele>21</ele>
      </trkpt>
      <trkpt lat="47.64852" lon="-2.79305">
        <ele>20</ele>
      </trkpt>
      <trkpt lat="47.64836" lon="-2.79293">
        <ele>20</ele>
      </trkpt>
      <trkpt lat="47.64821" lon="-2.79282">
        <ele>20</ele>
      </trkpt>
      <trkpt lat="47.64806" lon="-2.7927">
        <ele>19</ele>
      </trkpt>
      <trkpt lat="47.64787" lon="-2.79262">
        <ele>18</ele>
      </trkpt>
      <trkpt lat="47.64769" lon="-2.79253">
        <ele>17</ele>
      </trkpt>
      <trkpt lat="47.64753" lon="-2.79237">
        <ele>17</ele>
      </trkpt>
      <trkpt lat="47.64737" lon="-2.79221">
        <ele>17</ele>
      </trkpt>
      <trkpt lat="47.64722" lon="-2.79204">
        <ele>17</ele>
      </trkpt>
      <trkpt lat="47.64706" lon="-2.79188">
        <ele>17</ele>
      </trkpt>
      <trkpt lat="47.64702" lon="-2.79153">
        <ele>17</ele>
      </trkpt>
      <trkpt lat="47.64686" lon="-2.79144">
        <ele>17</ele>
      </trkpt>
      <trkpt lat="47.64684" lon="-2.79117">
        <ele>17</ele>
      </trkpt>
      <trkpt lat="47.64682" lon="-2.79089">
        <ele>16</ele>
      </trkpt>
      <trkpt lat="47.64674" lon="-2.79052">
        <ele>14</ele>
      </trkpt>
      <trkpt lat="47.64667" lon="-2.79015">
        <ele>12</ele>
      </trkpt>
      <trkpt lat="47.6465" lon="-2.78991">
        <ele>12</ele>
      </trkpt>
      <trkpt lat="47.64633" lon="-2.78967">
        <ele>12</ele>
      </trkpt>
      <trkpt lat="47.64632" lon="-2.7894">
        <ele>12</ele>
      </trkpt>
      <trkpt lat="47.6463" lon="-2.78913">
        <ele>14</ele>
      </trkpt>
      <trkpt lat="47.64629" lon="-2.78886">
        <ele>16</ele>
      </trkpt>
      <trkpt lat="47.64628" lon="-2.78859">
        <ele>17</ele>
      </trkpt>
      <trkpt lat="47.64626" lon="-2.78833">
        <ele>18</ele>
      </trkpt>
      <trkpt lat="47.64625" lon="-2.78806">
        <ele>19</ele>
      </trkpt>
      <trkpt lat="47.64623" lon="-2.78779">
        <ele>20</ele>
      </trkpt>
      <trkpt lat="47.64622" lon="-2.78752">
        <ele>21</ele>
      </trkpt>
      <trkpt lat="47.64605" lon="-2.78762">
        <ele>21</ele>
      </trkpt>
      <trkpt lat="47.64587" lon="-2.78772">
        <ele>21</ele>
      </trkpt>
      <trkpt lat="47.6457" lon="-2.78779">
        <ele>21</ele>
      </trkpt>
      <trkpt lat="47.64553" lon="-2.78785">
        <ele>21</ele>
      </trkpt>
      <trkpt lat="47.64535" lon="-2.78791">
        <ele>21</ele>
      </trkpt>
      <trkpt lat="47.64518" lon="-2.78798">
        <ele>20</ele>
      </trkpt>
      <trkpt lat="47.64502" lon="-2.78799">
        <ele>20</ele>
      </trkpt>
      <trkpt lat="47.64496" lon="-2.78769">
        <ele>20</ele>
      </trkpt>
      <trkpt lat="47.6449" lon="-2.78739">
        <ele>20</ele>
      </trkpt>
      <trkpt lat="47.64486" lon="-2.78714">
        <ele>20</ele>
      </trkpt>
      <trkpt lat="47.64483" lon="-2.7869">
        <ele>20</ele>
      </trkpt>
      <trkpt lat="47.6448" lon="-2.78666">
        <ele>19</ele>
      </trkpt>
      <trkpt lat="47.64476" lon="-2.78641">
        <ele>19</ele>
      </trkpt>
      <trkpt lat="47.64473" lon="-2.78617">
        <ele>18</ele>
      </trkpt>
      <trkpt lat="47.64469" lon="-2.78592">
        <ele>17</ele>
      </trkpt>
      <trkpt lat="47.64466" lon="-2.78567">
        <ele>16</ele>
      </trkpt>
      <trkpt lat="47.64462" lon="-2.78543">
        <ele>16</ele>
      </trkpt>
      <trkpt lat="47.64439" lon="-2.78546">
        <ele>16</ele>
      </trkpt>
      <trkpt lat="47.64422" lon="-2.78553">
        <ele>16</ele>
      </trkpt>
      <trkpt lat="47.64406" lon="-2.78559">
        <ele>15</ele>
      </trkpt>
      <trkpt lat="47.64389" lon="-2.78566">
        <ele>15</ele>
      </trkpt>
      <trkpt lat="47.64372" lon="-2.78573">
        <ele>15</ele>
      </trkpt>
      <trkpt lat="47.64353" lon="-2.78587">
        <ele>15</ele>
      </trkpt>
      <trkpt lat="47.64334" lon="-2.78601">
        <ele>15</ele>
      </trkpt>
      <trkpt lat="47.64325" lon="-2.78566">
        <ele>14</ele>
      </trkpt>
      <trkpt lat="47.64316" lon="-2.78532">
        <ele>13</ele>
      </trkpt>
      <trkpt lat="47.64307" lon="-2.78498">
        <ele>12</ele>
      </trkpt>
      <trkpt lat="47.64298" lon="-2.78463">
        <ele>10</ele>
      </trkpt>
      <trkpt lat="47.64317" lon="-2.78439">
        <ele>7</ele>
      </trkpt>
      <trkpt lat="47.64336" lon="-2.78415">
        <ele>7</ele>
      </trkpt>
      <trkpt lat="47.64351" lon="-2.78416">
        <ele>7</ele>
      </trkpt>
      <trkpt lat="47.64365" lon="-2.78417">
        <ele>7</ele>
      </trkpt>
      <trkpt lat="47.64379" lon="-2.78418">
        <ele>6</ele>
      </trkpt>
      <trkpt lat="47.64394" lon="-2.78419">
        <ele>6</ele>
      </trkpt>
      <trkpt lat="47.64406" lon="-2.78407">
        <ele>7</ele>
      </trkpt>
      <trkpt lat="47.64418" lon="-2.78394">
        <ele>7</ele>
      </trkpt>
      <trkpt lat="47.64438" lon="-2.78383">
        <ele>8</ele>
      </trkpt>
      <trkpt lat="47.64458" lon="-2.78373">
        <ele>8</ele>
      </trkpt>
      <trkpt lat="47.64479" lon="-2.78363">
        <ele>7</ele>
      </trkpt>
      <trkpt lat="47.64499" lon="-2.78352">
        <ele>8</ele>
      </trkpt>
      <trkpt lat="47.64487" lon="-2.78332">
        <ele>8</ele>
      </trkpt>
      <trkpt lat="47.64475" lon="-2.78312">
        <ele>9</ele>
      </trkpt>
      <trkpt lat="47.64465" lon="-2.78304">
        <ele>8</ele>
      </trkpt>
      <trkpt lat="47.64451" lon="-2.78309">
        <ele>8</ele>
      </trkpt>
      <trkpt lat="47.64437" lon="-2.78314">
        <ele>8</ele>
      </trkpt>
      <trkpt lat="47.64423" lon="-2.78337">
        <ele>8</ele>
      </trkpt>
      <trkpt lat="47.64409" lon="-2.78343">
        <ele>8</ele>
      </trkpt>
      <trkpt lat="47.64396" lon="-2.7835">
        <ele>8</ele>
      </trkpt>
      <trkpt lat="47.64382" lon="-2.78356">
        <ele>8</ele>
      </trkpt>
      <trkpt lat="47.64368" lon="-2.78362">
        <ele>8</ele>
      </trkpt>
      <trkpt lat="47.64354" lon="-2.78369">
        <ele>8</ele>
      </trkpt>
      <trkpt lat="47.64341" lon="-2.78375">
        <ele>8</ele>
      </trkpt>
      <trkpt lat="47.64327" lon="-2.78382">
        <ele>7</ele>
      </trkpt>
      <trkpt lat="47.64313" lon="-2.78388">
        <ele>5</ele>
      </trkpt>
      <trkpt lat="47.64297" lon="-2.78389">
        <ele>5</ele>
      </trkpt>
      <trkpt lat="47.64281" lon="-2.78389">
        <ele>5</ele>
      </trkpt>
      <trkpt lat="47.64265" lon="-2.7839">
        <ele>5</ele>
      </trkpt>
      <trkpt lat="47.64249" lon="-2.78391">
        <ele>5</ele>
      </trkpt>
      <trkpt lat="47.64234" lon="-2.78392">
        <ele>4</ele>
      </trkpt>
      <trkpt lat="47.64218" lon="-2.78392">
        <ele>4</ele>
      </trkpt>
      <trkpt lat="47.64202" lon="-2.78393">
        <ele>4</ele>
      </trkpt>
      <trkpt lat="47.64186" lon="-2.78394">
        <ele>4</ele>
      </trkpt>
      <trkpt lat="47.64167" lon="-2.78399">
        <ele>4</ele>
      </trkpt>
      <trkpt lat="47.64147" lon="-2.78404">
        <ele>4</ele>
      </trkpt>
      <trkpt lat="47.64129" lon="-2.784">
        <ele>3</ele>
      </trkpt>
      <trkpt lat="47.64116" lon="-2.78393">
        <ele>3</ele>
      </trkpt>
      <trkpt lat="47.64104" lon="-2.78385">
        <ele>3</ele>
      </trkpt>
      <trkpt lat="47.64091" lon="-2.78378">
        <ele>3</ele>
      </trkpt>
      <trkpt lat="47.64078" lon="-2.78371">
        <ele>3</ele>
      </trkpt>
      <trkpt lat="47.64062" lon="-2.78374">
        <ele>3</ele>
      </trkpt>
      <trkpt lat="47.64045" lon="-2.78385">
        <ele>3</ele>
      </trkpt>
      <trkpt lat="47.64028" lon="-2.78397">
        <ele>3</ele>
      </trkpt>
      <trkpt lat="47.64014" lon="-2.78415">
        <ele>3</ele>
      </trkpt>
      <trkpt lat="47.64" lon="-2.78432">
        <ele>3</ele>
      </trkpt>
      <trkpt lat="47.63974" lon="-2.78432">
        <ele>3</ele>
      </trkpt>
      <trkpt lat="47.63947" lon="-2.78432">
        <ele>3</ele>
      </trkpt>
      <trkpt lat="47.63932" lon="-2.78423">
        <ele>3</ele>
      </trkpt>
      <trkpt lat="47.63918" lon="-2.78415">
        <ele>3</ele>
      </trkpt>
      <trkpt lat="47.63902" lon="-2.78387">
        <ele>3</ele>
      </trkpt>
      <trkpt lat="47.639" lon="-2.78361">
        <ele>3</ele>
      </trkpt>
      <trkpt lat="47.63898" lon="-2.78335">
        <ele>3</ele>
      </trkpt>
      <trkpt lat="47.63889" lon="-2.78311">
        <ele>3</ele>
      </trkpt>
      <trkpt lat="47.63886" lon="-2.78331">
        <ele>3</ele>
      </trkpt>
      <trkpt lat="47.63882" lon="-2.7835">
        <ele>3</ele>
      </trkpt>
      <trkpt lat="47.63879" lon="-2.78369">
        <ele>3</ele>
      </trkpt>
      <trkpt lat="47.63876" lon="-2.78389">
        <ele>3</ele>
      </trkpt>
      <trkpt lat="47.63877" lon="-2.78419">
        <ele>3</ele>
      </trkpt>
      <trkpt lat="47.63879" lon="-2.7845">
        <ele>3</ele>
      </trkpt>
      <trkpt lat="47.63876" lon="-2.7848">
        <ele>3</ele>
      </trkpt>
      <trkpt lat="47.63883" lon="-2.785">
        <ele>2</ele>
      </trkpt>
      <trkpt lat="47.6389" lon="-2.78519">
        <ele>2</ele>
      </trkpt>
      <trkpt lat="47.63897" lon="-2.78538">
        <ele>2</ele>
      </trkpt>
      <trkpt lat="47.63904" lon="-2.78558">
        <ele>2</ele>
      </trkpt>
      <trkpt lat="47.63908" lon="-2.78579">
        <ele>2</ele>
      </trkpt>
      <trkpt lat="47.63901" lon="-2.78587">
        <ele>2</ele>
      </trkpt>
      <trkpt lat="47.63882" lon="-2.78577">
        <ele>2</ele>
      </trkpt>
      <trkpt lat="47.63864" lon="-2.78567">
        <ele>2</ele>
      </trkpt>
      <trkpt lat="47.63845" lon="-2.78557">
        <ele>2</ele>
      </trkpt>
      <trkpt lat="47.63827" lon="-2.78547">
        <ele>2</ele>
      </trkpt>
      <trkpt lat="47.63817" lon="-2.78555">
        <ele>3</ele>
      </trkpt>
      <trkpt lat="47.63819" lon="-2.78577">
        <ele>3</ele>
      </trkpt>
      <trkpt lat="47.63815" lon="-2.78604">
        <ele>3</ele>
      </trkpt>
      <trkpt lat="47.6381" lon="-2.7863">
        <ele>3</ele>
      </trkpt>
      <trkpt lat="47.63819" lon="-2.78657">
        <ele>3</ele>
      </trkpt>
      <trkpt lat="47.6382" lon="-2.78683">
        <ele>3</ele>
      </trkpt>
      <trkpt lat="47.63826" lon="-2.7872">
        <ele>4</ele>
      </trkpt>
      <trkpt lat="47.63831" lon="-2.78757">
        <ele>4</ele>
      </trkpt>
      <trkpt lat="47.63838" lon="-2.78784">
        <ele>4</ele>
      </trkpt>
      <trkpt lat="47.63846" lon="-2.7881">
        <ele>4</ele>
      </trkpt>
      <trkpt lat="47.63858" lon="-2.78841">
        <ele>4</ele>
      </trkpt>
      <trkpt lat="47.63854" lon="-2.78861">
        <ele>4</ele>
      </trkpt>
      <trkpt lat="47.6385" lon="-2.78881">
        <ele>4</ele>
      </trkpt>
      <trkpt lat="47.63832" lon="-2.789">
        <ele>4</ele>
      </trkpt>
      <trkpt lat="47.63822" lon="-2.78904">
        <ele>4</ele>
      </trkpt>
      <trkpt lat="47.6381" lon="-2.78904">
        <ele>4</ele>
      </trkpt>
      <trkpt lat="47.63801" lon="-2.789">
        <ele>4</ele>
      </trkpt>
      <trkpt lat="47.63791" lon="-2.789">
        <ele>4</ele>
      </trkpt>
      <trkpt lat="47.63773" lon="-2.78907">
        <ele>4</ele>
      </trkpt>
      <trkpt lat="47.63755" lon="-2.78915">
        <ele>4</ele>
      </trkpt>
      <trkpt lat="47.63744" lon="-2.78915">
        <ele>4</ele>
      </trkpt>
      <trkpt lat="47.63726" lon="-2.78908">
        <ele>3</ele>
      </trkpt>
      <trkpt lat="47.63709" lon="-2.78901">
        <ele>3</ele>
      </trkpt>
      <trkpt lat="47.63692" lon="-2.78894">
        <ele>3</ele>
      </trkpt>
      <trkpt lat="47.63674" lon="-2.78887">
        <ele>3</ele>
      </trkpt>
      <trkpt lat="47.63664" lon="-2.78867">
        <ele>3</ele>
      </trkpt>
      <trkpt lat="47.63643" lon="-2.78846">
        <ele>3</ele>
      </trkpt>
      <trkpt lat="47.63623" lon="-2.78825">
        <ele>3</ele>
      </trkpt>
      <trkpt lat="47.63602" lon="-2.78815">
        <ele>3</ele>
      </trkpt>
      <trkpt lat="47.63581" lon="-2.78804">
        <ele>3</ele>
      </trkpt>
      <trkpt lat="47.63563" lon="-2.78779">
        <ele>3</ele>
      </trkpt>
      <trkpt lat="47.63545" lon="-2.78754">
        <ele>4</ele>
      </trkpt>
      <trkpt lat="47.63534" lon="-2.78734">
        <ele>4</ele>
      </trkpt>
      <trkpt lat="47.63513" lon="-2.78724">
        <ele>5</ele>
      </trkpt>
      <trkpt lat="47.63488" lon="-2.78726">
        <ele>5</ele>
      </trkpt>
      <trkpt lat="47.63463" lon="-2.78727">
        <ele>5</ele>
      </trkpt>
      <trkpt lat="47.63446" lon="-2.78735">
        <ele>5</ele>
      </trkpt>
      <trkpt lat="47.63429" lon="-2.78743">
        <ele>4</ele>
      </trkpt>
      <trkpt lat="47.63412" lon="-2.78739">
        <ele>4</ele>
      </trkpt>
      <trkpt lat="47.63394" lon="-2.78735">
        <ele>4</ele>
      </trkpt>
      <trkpt lat="47.63377" lon="-2.78732">
        <ele>4</ele>
      </trkpt>
      <trkpt lat="47.6336" lon="-2.78728">
        <ele>4</ele>
      </trkpt>
      <trkpt lat="47.63345" lon="-2.78702">
        <ele>4</ele>
      </trkpt>
      <trkpt lat="47.63329" lon="-2.78677">
        <ele>4</ele>
      </trkpt>
      <trkpt lat="47.6333" lon="-2.78637">
        <ele>4</ele>
      </trkpt>
      <trkpt lat="47.6333" lon="-2.78597">
        <ele>5</ele>
      </trkpt>
      <trkpt lat="47.63334" lon="-2.78578">
        <ele>5</ele>
      </trkpt>
      <trkpt lat="47.63339" lon="-2.78559">
        <ele>5</ele>
      </trkpt>
      <trkpt lat="47.63338" lon="-2.78531">
        <ele>5</ele>
      </trkpt>
      <trkpt lat="47.63336" lon="-2.78503">
        <ele>5</ele>
      </trkpt>
      <trkpt lat="47.63335" lon="-2.78474">
        <ele>5</ele>
      </trkpt>
      <trkpt lat="47.63334" lon="-2.78446">
        <ele>5</ele>
      </trkpt>
      <trkpt lat="47.63329" lon="-2.78416">
        <ele>5</ele>
      </trkpt>
      <trkpt lat="47.63325" lon="-2.78387">
        <ele>5</ele>
      </trkpt>
      <trkpt lat="47.6332" lon="-2.78357">
        <ele>5</ele>
      </trkpt>
      <trkpt lat="47.63316" lon="-2.78327">
        <ele>5</ele>
      </trkpt>
      <trkpt lat="47.633" lon="-2.7831">
        <ele>5</ele>
      </trkpt>
      <trkpt lat="47.63302" lon="-2.78273">
        <ele>5</ele>
      </trkpt>
      <trkpt lat="47.63303" lon="-2.78235">
        <ele>5</ele>
      </trkpt>
      <trkpt lat="47.63299" lon="-2.78204">
        <ele>5</ele>
      </trkpt>
      <trkpt lat="47.63291" lon="-2.78179">
        <ele>4</ele>
      </trkpt>
      <trkpt lat="47.63284" lon="-2.78154">
        <ele>4</ele>
      </trkpt>
      <trkpt lat="47.63274" lon="-2.78134">
        <ele>4</ele>
      </trkpt>
      <trkpt lat="47.63264" lon="-2.78114">
        <ele>3</ele>
      </trkpt>
      <trkpt lat="47.63253" lon="-2.78095">
        <ele>3</ele>
      </trkpt>
      <trkpt lat="47.63243" lon="-2.78075">
        <ele>3</ele>
      </trkpt>
      <trkpt lat="47.63223" lon="-2.7808">
        <ele>3</ele>
      </trkpt>
      <trkpt lat="47.63207" lon="-2.7808">
        <ele>2</ele>
      </trkpt>
      <trkpt lat="47.63191" lon="-2.78079">
        <ele>2</ele>
      </trkpt>
      <trkpt lat="47.63164" lon="-2.78075">
        <ele>2</ele>
      </trkpt>
      <trkpt lat="47.63138" lon="-2.7807">
        <ele>2</ele>
      </trkpt>
      <trkpt lat="47.63112" lon="-2.78065">
        <ele>3</ele>
      </trkpt>
      <trkpt lat="47.63085" lon="-2.78061">
        <ele>3</ele>
      </trkpt>
      <trkpt lat="47.63066" lon="-2.78081">
        <ele>3</ele>
      </trkpt>
      <trkpt lat="47.63046" lon="-2.78102">
        <ele>3</ele>
      </trkpt>
      <trkpt lat="47.63032" lon="-2.78127">
        <ele>3</ele>
      </trkpt>
      <trkpt lat="47.63011" lon="-2.78127">
        <ele>3</ele>
      </trkpt>
      <trkpt lat="47.62996" lon="-2.78117">
        <ele>3</ele>
      </trkpt>
      <trkpt lat="47.62982" lon="-2.78107">
        <ele>3</ele>
      </trkpt>
      <trkpt lat="47.62967" lon="-2.78098">
        <ele>3</ele>
      </trkpt>
      <trkpt lat="47.62952" lon="-2.78088">
        <ele>3</ele>
      </trkpt>
      <trkpt lat="47.62937" lon="-2.78087">
        <ele>2</ele>
      </trkpt>
      <trkpt lat="47.62922" lon="-2.78086">
        <ele>2</ele>
      </trkpt>
      <trkpt lat="47.62902" lon="-2.78079">
        <ele>2</ele>
      </trkpt>
      <trkpt lat="47.62882" lon="-2.78059">
        <ele>2</ele>
      </trkpt>
      <trkpt lat="47.62861" lon="-2.78038">
        <ele>2</ele>
      </trkpt>
      <trkpt lat="47.62841" lon="-2.78018">
        <ele>2</ele>
      </trkpt>
      <trkpt lat="47.62821" lon="-2.77998">
        <ele>2</ele>
      </trkpt>
      <trkpt lat="47.62817" lon="-2.77977">
        <ele>2</ele>
      </trkpt>
      <trkpt lat="47.62818" lon="-2.77953">
        <ele>2</ele>
      </trkpt>
      <trkpt lat="47.62804" lon="-2.77941">
        <ele>3</ele>
      </trkpt>
      <trkpt lat="47.62796" lon="-2.77907">
        <ele>3</ele>
      </trkpt>
      <trkpt lat="47.62788" lon="-2.77873">
        <ele>3</ele>
      </trkpt>
      <trkpt lat="47.6279" lon="-2.77845">
        <ele>3</ele>
      </trkpt>
      <trkpt lat="47.62792" lon="-2.77817">
        <ele>3</ele>
      </trkpt>
      <trkpt lat="47.62789" lon="-2.77797">
        <ele>3</ele>
      </trkpt>
      <trkpt lat="47.62786" lon="-2.77777">
        <ele>3</ele>
      </trkpt>
      <trkpt lat="47.62778" lon="-2.77755">
        <ele>3</ele>
      </trkpt>
      <trkpt lat="47.6277" lon="-2.77734">
        <ele>3</ele>
      </trkpt>
      <trkpt lat="47.62754" lon="-2.77721">
        <ele>3</ele>
      </trkpt>
      <trkpt lat="47.62739" lon="-2.77709">
        <ele>3</ele>
      </trkpt>
      <trkpt lat="47.6273" lon="-2.77683">
        <ele>3</ele>
      </trkpt>
      <trkpt lat="47.62736" lon="-2.77659">
        <ele>3</ele>
      </trkpt>
      <trkpt lat="47.62751" lon="-2.77646">
        <ele>2</ele>
      </trkpt>
      <trkpt lat="47.62763" lon="-2.77656">
        <ele>2</ele>
      </trkpt>
      <trkpt lat="47.62776" lon="-2.77665">
        <ele>2</ele>
      </trkpt>
      <trkpt lat="47.62797" lon="-2.77687">
        <ele>2</ele>
      </trkpt>
      <trkpt lat="47.62806" lon="-2.77702">
        <ele>2</ele>
      </trkpt>
      <trkpt lat="47.62816" lon="-2.77718">
        <ele>2</ele>
      </trkpt>
      <trkpt lat="47.62825" lon="-2.77733">
        <ele>3</ele>
      </trkpt>
      <trkpt lat="47.62835" lon="-2.77748">
        <ele>3</ele>
      </trkpt>
      <trkpt lat="47.62847" lon="-2.77764">
        <ele>3</ele>
      </trkpt>
      <trkpt lat="47.6286" lon="-2.7778">
        <ele>3</ele>
      </trkpt>
      <trkpt lat="47.62874" lon="-2.77795">
        <ele>3</ele>
      </trkpt>
      <trkpt lat="47.62888" lon="-2.7781">
        <ele>3</ele>
      </trkpt>
      <trkpt lat="47.62901" lon="-2.77825">
        <ele>3</ele>
      </trkpt>
      <trkpt lat="47.62915" lon="-2.7784">
        <ele>3</ele>
      </trkpt>
      <trkpt lat="47.62932" lon="-2.77834">
        <ele>3</ele>
      </trkpt>
      <trkpt lat="47.6294" lon="-2.77864">
        <ele>3</ele>
      </trkpt>
      <trkpt lat="47.62949" lon="-2.77894">
        <ele>3</ele>
      </trkpt>
      <trkpt lat="47.62962" lon="-2.77906">
        <ele>3</ele>
      </trkpt>
      <trkpt lat="47.62975" lon="-2.77917">
        <ele>3</ele>
      </trkpt>
      <trkpt lat="47.62993" lon="-2.77926">
        <ele>3</ele>
      </trkpt>
      <trkpt lat="47.63007" lon="-2.77924">
        <ele>3</ele>
      </trkpt>
      <trkpt lat="47.63021" lon="-2.77923">
        <ele>3</ele>
      </trkpt>
      <trkpt lat="47.63047" lon="-2.7793">
        <ele>3</ele>
      </trkpt>
      <trkpt lat="47.63061" lon="-2.77942">
        <ele>3</ele>
      </trkpt>
      <trkpt lat="47.63068" lon="-2.77962">
        <ele>3</ele>
      </trkpt>
      <trkpt lat="47.63071" lon="-2.77995">
        <ele>3</ele>
      </trkpt>
      <trkpt lat="47.63082" lon="-2.78019">
        <ele>3</ele>
      </trkpt>
      <trkpt lat="47.63104" lon="-2.78032">
        <ele>3</ele>
      </trkpt>
      <trkpt lat="47.63124" lon="-2.78037">
        <ele>3</ele>
      </trkpt>
      <trkpt lat="47.63143" lon="-2.78043">
        <ele>3</ele>
      </trkpt>
      <trkpt lat="47.63163" lon="-2.78048">
        <ele>3</ele>
      </trkpt>
      <trkpt lat="47.63183" lon="-2.78053">
        <ele>3</ele>
      </trkpt>
      <trkpt lat="47.63207" lon="-2.78052">
        <ele>3</ele>
      </trkpt>
      <trkpt lat="47.63233" lon="-2.78046">
        <ele>3</ele>
      </trkpt>
      <trkpt lat="47.63245" lon="-2.78024">
        <ele>3</ele>
      </trkpt>
      <trkpt lat="47.63265" lon="-2.78004">
        <ele>3</ele>
      </trkpt>
      <trkpt lat="47.63274" lon="-2.77989">
        <ele>3</ele>
      </trkpt>
      <trkpt lat="47.63283" lon="-2.77973">
        <ele>3</ele>
      </trkpt>
      <trkpt lat="47.63289" lon="-2.77942">
        <ele>3</ele>
      </trkpt>
      <trkpt lat="47.63291" lon="-2.77912">
        <ele>3</ele>
      </trkpt>
      <trkpt lat="47.63293" lon="-2.77882">
        <ele>3</ele>
      </trkpt>
      <trkpt lat="47.63294" lon="-2.77848">
        <ele>4</ele>
      </trkpt>
      <trkpt lat="47.63296" lon="-2.77815">
        <ele>4</ele>
      </trkpt>
      <trkpt lat="47.63295" lon="-2.77791">
        <ele>4</ele>
      </trkpt>
      <trkpt lat="47.63294" lon="-2.77766">
        <ele>4</ele>
      </trkpt>
      <trkpt lat="47.63285" lon="-2.77732">
        <ele>4</ele>
      </trkpt>
      <trkpt lat="47.63276" lon="-2.77698">
        <ele>4</ele>
      </trkpt>
      <trkpt lat="47.63266" lon="-2.77663">
        <ele>4</ele>
      </trkpt>
      <trkpt lat="47.63257" lon="-2.77629">
        <ele>6</ele>
      </trkpt>
      <trkpt lat="47.63247" lon="-2.77604">
        <ele>6</ele>
      </trkpt>
      <trkpt lat="47.63238" lon="-2.77578">
        <ele>6</ele>
      </trkpt>
      <trkpt lat="47.63228" lon="-2.77553">
        <ele>6</ele>
      </trkpt>
      <trkpt lat="47.63219" lon="-2.77527">
        <ele>6</ele>
      </trkpt>
      <trkpt lat="47.63206" lon="-2.77496">
        <ele>6</ele>
      </trkpt>
      <trkpt lat="47.63193" lon="-2.77466">
        <ele>6</ele>
      </trkpt>
      <trkpt lat="47.6318" lon="-2.77448">
        <ele>5</ele>
      </trkpt>
      <trkpt lat="47.63168" lon="-2.7743">
        <ele>5</ele>
      </trkpt>
      <trkpt lat="47.63156" lon="-2.77409">
        <ele>5</ele>
      </trkpt>
      <trkpt lat="47.63143" lon="-2.77388">
        <ele>5</ele>
      </trkpt>
      <trkpt lat="47.6313" lon="-2.77367">
        <ele>4</ele>
      </trkpt>
      <trkpt lat="47.63118" lon="-2.77346">
        <ele>4</ele>
      </trkpt>
      <trkpt lat="47.63108" lon="-2.77327">
        <ele>4</ele>
      </trkpt>
      <trkpt lat="47.63098" lon="-2.77307">
        <ele>4</ele>
      </trkpt>
      <trkpt lat="47.63088" lon="-2.7727">
        <ele>4</ele>
      </trkpt>
      <trkpt lat="47.63079" lon="-2.77233">
        <ele>5</ele>
      </trkpt>
      <trkpt lat="47.63074" lon="-2.77203">
        <ele>5</ele>
      </trkpt>
      <trkpt lat="47.6307" lon="-2.77173">
        <ele>5</ele>
      </trkpt>
      <trkpt lat="47.63065" lon="-2.77143">
        <ele>5</ele>
      </trkpt>
      <trkpt lat="47.63061" lon="-2.77113">
        <ele>4</ele>
      </trkpt>
      <trkpt lat="47.63055" lon="-2.77093">
        <ele>4</ele>
      </trkpt>
      <trkpt lat="47.63049" lon="-2.77073">
        <ele>4</ele>
      </trkpt>
      <trkpt lat="47.63044" lon="-2.77043">
        <ele>4</ele>
      </trkpt>
      <trkpt lat="47.63039" lon="-2.77014">
        <ele>4</ele>
      </trkpt>
      <trkpt lat="47.6304" lon="-2.76987">
        <ele>4</ele>
      </trkpt>
      <trkpt lat="47.63041" lon="-2.76961">
        <ele>5</ele>
      </trkpt>
      <trkpt lat="47.63048" lon="-2.76924">
        <ele>5</ele>
      </trkpt>
      <trkpt lat="47.63054" lon="-2.76886">
        <ele>5</ele>
      </trkpt>
      <trkpt lat="47.63058" lon="-2.76856">
        <ele>6</ele>
      </trkpt>
      <trkpt lat="47.63061" lon="-2.76827">
        <ele>6</ele>
      </trkpt>
      <trkpt lat="47.63061" lon="-2.76799">
        <ele>6</ele>
      </trkpt>
      <trkpt lat="47.63072" lon="-2.7677">
        <ele>6</ele>
      </trkpt>
      <trkpt lat="47.63083" lon="-2.76741">
        <ele>6</ele>
      </trkpt>
      <trkpt lat="47.63093" lon="-2.76712">
        <ele>6</ele>
      </trkpt>
      <trkpt lat="47.63104" lon="-2.76683">
        <ele>6</ele>
      </trkpt>
      <trkpt lat="47.63114" lon="-2.76654">
        <ele>6</ele>
      </trkpt>
      <trkpt lat="47.63124" lon="-2.76625">
        <ele>6</ele>
      </trkpt>
      <trkpt lat="47.63133" lon="-2.76596">
        <ele>6</ele>
      </trkpt>
      <trkpt lat="47.63143" lon="-2.76567">
        <ele>6</ele>
      </trkpt>
      <trkpt lat="47.63146" lon="-2.76537">
        <ele>6</ele>
      </trkpt>
      <trkpt lat="47.63148" lon="-2.76507">
        <ele>6</ele>
      </trkpt>
      <trkpt lat="47.63157" lon="-2.76474">
        <ele>6</ele>
      </trkpt>
      <trkpt lat="47.63167" lon="-2.76441">
        <ele>6</ele>
      </trkpt>
      <trkpt lat="47.63177" lon="-2.76425">
        <ele>6</ele>
      </trkpt>
      <trkpt lat="47.63186" lon="-2.76409">
        <ele>4</ele>
      </trkpt>
      <trkpt lat="47.63198" lon="-2.76396">
        <ele>3</ele>
      </trkpt>
      <trkpt lat="47.6321" lon="-2.76383">
        <ele>3</ele>
      </trkpt>
      <trkpt lat="47.63225" lon="-2.76358">
        <ele>3</ele>
      </trkpt>
      <trkpt lat="47.6324" lon="-2.76334">
        <ele>3</ele>
      </trkpt>
      <trkpt lat="47.6326" lon="-2.76345">
        <ele>3</ele>
      </trkpt>
      <trkpt lat="47.63276" lon="-2.76341">
        <ele>3</ele>
      </trkpt>
      <trkpt lat="47.63294" lon="-2.76362">
        <ele>3</ele>
      </trkpt>
      <trkpt lat="47.63312" lon="-2.76383">
        <ele>3</ele>
      </trkpt>
      <trkpt lat="47.63334" lon="-2.76396">
        <ele>3</ele>
      </trkpt>
      <trkpt lat="47.63356" lon="-2.7641">
        <ele>3</ele>
      </trkpt>
      <trkpt lat="47.63375" lon="-2.7641">
        <ele>3</ele>
      </trkpt>
      <trkpt lat="47.63394" lon="-2.76409">
        <ele>3</ele>
      </trkpt>
      <trkpt lat="47.63413" lon="-2.76408">
        <ele>3</ele>
      </trkpt>
      <trkpt lat="47.63432" lon="-2.76408">
        <ele>4</ele>
      </trkpt>
      <trkpt lat="47.63445" lon="-2.76394">
        <ele>4</ele>
      </trkpt>
      <trkpt lat="47.63451" lon="-2.76427">
        <ele>6</ele>
      </trkpt>
      <trkpt lat="47.63457" lon="-2.76461">
        <ele>7</ele>
      </trkpt>
      <trkpt lat="47.63461" lon="-2.76474">
        <ele>7</ele>
      </trkpt>
      <trkpt lat="47.63471" lon="-2.76485">
        <ele>7</ele>
      </trkpt>
      <trkpt lat="47.63493" lon="-2.76472">
        <ele>8</ele>
      </trkpt>
      <trkpt lat="47.63513" lon="-2.76469">
        <ele>8</ele>
      </trkpt>
      <trkpt lat="47.63534" lon="-2.76466">
        <ele>8</ele>
      </trkpt>
      <trkpt lat="47.63539" lon="-2.76469">
        <ele>8</ele>
      </trkpt>
      <trkpt lat="47.63542" lon="-2.76502">
        <ele>6</ele>
      </trkpt>
      <trkpt lat="47.63545" lon="-2.76536">
        <ele>6</ele>
      </trkpt>
      <trkpt lat="47.63553" lon="-2.76524">
        <ele>5</ele>
      </trkpt>
      <trkpt lat="47.63553" lon="-2.76492">
        <ele>5</ele>
      </trkpt>
      <trkpt lat="47.63554" lon="-2.76459">
        <ele>5</ele>
      </trkpt>
      <trkpt lat="47.63554" lon="-2.76426">
        <ele>5</ele>
      </trkpt>
      <trkpt lat="47.63554" lon="-2.76394">
        <ele>5</ele>
      </trkpt>
      <trkpt lat="47.63568" lon="-2.76395">
        <ele>5</ele>
      </trkpt>
      <trkpt lat="47.63582" lon="-2.76396">
        <ele>5</ele>
      </trkpt>
      <trkpt lat="47.63597" lon="-2.76397">
        <ele>5</ele>
      </trkpt>
      <trkpt lat="47.63611" lon="-2.76398">
        <ele>5</ele>
      </trkpt>
      <trkpt lat="47.63628" lon="-2.76395">
        <ele>5</ele>
      </trkpt>
      <trkpt lat="47.63631" lon="-2.76378">
        <ele>5</ele>
      </trkpt>
      <trkpt lat="47.63646" lon="-2.76377">
        <ele>5</ele>
      </trkpt>
      <trkpt lat="47.63662" lon="-2.76377">
        <ele>4</ele>
      </trkpt>
      <trkpt lat="47.63677" lon="-2.76376">
        <ele>4</ele>
      </trkpt>
      <trkpt lat="47.63692" lon="-2.76375">
        <ele>4</ele>
      </trkpt>
      <trkpt lat="47.63707" lon="-2.76374">
        <ele>4</ele>
      </trkpt>
      <trkpt lat="47.63723" lon="-2.76374">
        <ele>4</ele>
      </trkpt>
      <trkpt lat="47.63738" lon="-2.76373">
        <ele>4</ele>
      </trkpt>
      <trkpt lat="47.63753" lon="-2.76372">
        <ele>4</ele>
      </trkpt>
      <trkpt lat="47.63752" lon="-2.76356">
        <ele>4</ele>
      </trkpt>
      <trkpt lat="47.63759" lon="-2.76353">
        <ele>4</ele>
      </trkpt>
      <trkpt lat="47.63761" lon="-2.76347">
        <ele>4</ele>
      </trkpt>
      <trkpt lat="47.63769" lon="-2.76339">
        <ele>4</ele>
      </trkpt>
      <trkpt lat="47.6377" lon="-2.76332">
        <ele>4</ele>
      </trkpt>
      <trkpt lat="47.63769" lon="-2.76311">
        <ele>4</ele>
      </trkpt>
      <trkpt lat="47.63768" lon="-2.76291">
        <ele>3</ele>
      </trkpt>
      <trkpt lat="47.63766" lon="-2.76271">
        <ele>3</ele>
      </trkpt>
      <trkpt lat="47.63765" lon="-2.7625">
        <ele>3</ele>
      </trkpt>
      <trkpt lat="47.63779" lon="-2.76249">
        <ele>3</ele>
      </trkpt>
      <trkpt lat="47.63794" lon="-2.76248">
        <ele>3</ele>
      </trkpt>
      <trkpt lat="47.63808" lon="-2.76247">
        <ele>3</ele>
      </trkpt>
      <trkpt lat="47.63823" lon="-2.76246">
        <ele>3</ele>
      </trkpt>
      <trkpt lat="47.63837" lon="-2.76245">
        <ele>3</ele>
      </trkpt>
      <trkpt lat="47.63852" lon="-2.76244">
        <ele>3</ele>
      </trkpt>
      <trkpt lat="47.63866" lon="-2.76243">
        <ele>3</ele>
      </trkpt>
      <trkpt lat="47.63881" lon="-2.76241">
        <ele>3</ele>
      </trkpt>
      <trkpt lat="47.63895" lon="-2.7624">
        <ele>3</ele>
      </trkpt>
      <trkpt lat="47.63909" lon="-2.76239">
        <ele>3</ele>
      </trkpt>
      <trkpt lat="47.63924" lon="-2.76238">
        <ele>3</ele>
      </trkpt>
      <trkpt lat="47.63938" lon="-2.76237">
        <ele>3</ele>
      </trkpt>
      <trkpt lat="47.63953" lon="-2.76236">
        <ele>3</ele>
      </trkpt>
      <trkpt lat="47.63967" lon="-2.76235">
        <ele>3</ele>
      </trkpt>
      <trkpt lat="47.63982" lon="-2.76234">
        <ele>3</ele>
      </trkpt>
      <trkpt lat="47.63996" lon="-2.76233">
        <ele>3</ele>
      </trkpt>
      <trkpt lat="47.64004" lon="-2.76208">
        <ele>3</ele>
      </trkpt>
      <trkpt lat="47.64012" lon="-2.76182">
        <ele>3</ele>
      </trkpt>
      <trkpt lat="47.64032" lon="-2.7617">
        <ele>3</ele>
      </trkpt>
      <trkpt lat="47.64055" lon="-2.76164">
        <ele>3</ele>
      </trkpt>
      <trkpt lat="47.64078" lon="-2.76157">
        <ele>3</ele>
      </trkpt>
      <trkpt lat="47.64095" lon="-2.76149">
        <ele>3</ele>
      </trkpt>
      <trkpt lat="47.64112" lon="-2.76141">
        <ele>3</ele>
      </trkpt>
      <trkpt lat="47.64126" lon="-2.76136">
        <ele>4</ele>
      </trkpt>
      <trkpt lat="47.64141" lon="-2.7613">
        <ele>4</ele>
      </trkpt>
      <trkpt lat="47.64155" lon="-2.76125">
        <ele>4</ele>
      </trkpt>
      <trkpt lat="47.64169" lon="-2.76119">
        <ele>4</ele>
      </trkpt>
      <trkpt lat="47.64184" lon="-2.76113">
        <ele>4</ele>
      </trkpt>
      <trkpt lat="47.64198" lon="-2.76108">
        <ele>4</ele>
      </trkpt>
      <trkpt lat="47.64213" lon="-2.76103">
        <ele>4</ele>
      </trkpt>
      <trkpt lat="47.64227" lon="-2.76097">
        <ele>4</ele>
      </trkpt>
      <trkpt lat="47.64242" lon="-2.7609">
        <ele>3</ele>
      </trkpt>
      <trkpt lat="47.64257" lon="-2.76083">
        <ele>3</ele>
      </trkpt>
      <trkpt lat="47.64272" lon="-2.76076">
        <ele>3</ele>
      </trkpt>
      <trkpt lat="47.64287" lon="-2.76069">
        <ele>3</ele>
      </trkpt>
      <trkpt lat="47.64303" lon="-2.76054">
        <ele>3</ele>
      </trkpt>
      <trkpt lat="47.64318" lon="-2.76039">
        <ele>3</ele>
      </trkpt>
      <trkpt lat="47.64332" lon="-2.7603">
        <ele>3</ele>
      </trkpt>
      <trkpt lat="47.64346" lon="-2.76021">
        <ele>3</ele>
      </trkpt>
      <trkpt lat="47.64359" lon="-2.76012">
        <ele>3</ele>
      </trkpt>
      <trkpt lat="47.64373" lon="-2.76003">
        <ele>3</ele>
      </trkpt>
      <trkpt lat="47.64387" lon="-2.75994">
        <ele>3</ele>
      </trkpt>
      <trkpt lat="47.64401" lon="-2.75985">
        <ele>3</ele>
      </trkpt>
      <trkpt lat="47.64414" lon="-2.75976">
        <ele>3</ele>
      </trkpt>
      <trkpt lat="47.64428" lon="-2.75967">
        <ele>3</ele>
      </trkpt>
      <trkpt lat="47.64452" lon="-2.75955">
        <ele>3</ele>
      </trkpt>
      <trkpt lat="47.64476" lon="-2.75942">
        <ele>3</ele>
      </trkpt>
      <trkpt lat="47.645" lon="-2.75929">
        <ele>3</ele>
      </trkpt>
      <trkpt lat="47.64524" lon="-2.75917">
        <ele>3</ele>
      </trkpt>
      <trkpt lat="47.64548" lon="-2.75904">
        <ele>3</ele>
      </trkpt>
      <trkpt lat="47.64572" lon="-2.75892">
        <ele>3</ele>
      </trkpt>
      <trkpt lat="47.64596" lon="-2.7588">
        <ele>3</ele>
      </trkpt>
      <trkpt lat="47.6462" lon="-2.75867">
        <ele>3</ele>
      </trkpt>
      <trkpt lat="47.64642" lon="-2.75857">
        <ele>3</ele>
      </trkpt>
      <trkpt lat="47.64664" lon="-2.75847">
        <ele>3</ele>
      </trkpt>
      <trkpt lat="47.64687" lon="-2.75836">
        <ele>3</ele>
      </trkpt>
      <trkpt lat="47.64709" lon="-2.75826">
        <ele>3</ele>
      </trkpt>
      <trkpt lat="47.64728" lon="-2.75819">
        <ele>3</ele>
      </trkpt>
      <trkpt lat="47.64748" lon="-2.75813">
        <ele>3</ele>
      </trkpt>
      <trkpt lat="47.64767" lon="-2.75809">
        <ele>3</ele>
      </trkpt>
      <trkpt lat="47.64787" lon="-2.75806">
        <ele>3</ele>
      </trkpt>
      <trkpt lat="47.64801" lon="-2.75807">
        <ele>3</ele>
      </trkpt>
      <trkpt lat="47.64814" lon="-2.75809">
        <ele>3</ele>
      </trkpt>
      <trkpt lat="47.64828" lon="-2.75811">
        <ele>3</ele>
      </trkpt>
      <trkpt lat="47.64842" lon="-2.75812">
        <ele>3</ele>
      </trkpt>
      <trkpt lat="47.64856" lon="-2.75813">
        <ele>3</ele>
      </trkpt>
      <trkpt lat="47.6487" lon="-2.75815">
        <ele>3</ele>
      </trkpt>
      <trkpt lat="47.64883" lon="-2.75816">
        <ele>3</ele>
      </trkpt>
      <trkpt lat="47.64897" lon="-2.75818">
        <ele>3</ele>
      </trkpt>
      <trkpt lat="47.64913" lon="-2.75819">
        <ele>3</ele>
      </trkpt>
      <trkpt lat="47.64928" lon="-2.75819">
        <ele>3</ele>
      </trkpt>
      <trkpt lat="47.64944" lon="-2.7582">
        <ele>3</ele>
      </trkpt>
      <trkpt lat="47.64959" lon="-2.75821">
        <ele>3</ele>
      </trkpt>
      <trkpt lat="47.64975" lon="-2.75821">
        <ele>3</ele>
      </trkpt>
      <trkpt lat="47.64991" lon="-2.75822">
        <ele>2</ele>
      </trkpt>
      <trkpt lat="47.65006" lon="-2.75822">
        <ele>2</ele>
      </trkpt>
      <trkpt lat="47.65022" lon="-2.75823">
        <ele>2</ele>
      </trkpt>
      <trkpt lat="47.65049" lon="-2.75826">
        <ele>2</ele>
      </trkpt>
      <trkpt lat="47.65076" lon="-2.75829">
        <ele>2</ele>
      </trkpt>
      <trkpt lat="47.65103" lon="-2.75832">
        <ele>2</ele>
      </trkpt>
      <trkpt lat="47.65129" lon="-2.75835">
        <ele>3</ele>
      </trkpt>
      <trkpt lat="47.65156" lon="-2.75837">
        <ele>3</ele>
      </trkpt>
      <trkpt lat="47.65183" lon="-2.7584">
        <ele>3</ele>
      </trkpt>
      <trkpt lat="47.6521" lon="-2.75843">
        <ele>3</ele>
      </trkpt>
      <trkpt lat="47.65237" lon="-2.75846">
        <ele>3</ele>
      </trkpt>
      <trkpt lat="47.65257" lon="-2.75847">
        <ele>3</ele>
      </trkpt>
      <trkpt lat="47.65276" lon="-2.75849">
        <ele>3</ele>
      </trkpt>
      <trkpt lat="47.65296" lon="-2.7585">
        <ele>3</ele>
      </trkpt>
      <trkpt lat="47.65315" lon="-2.75851">
        <ele>3</ele>
      </trkpt>
      <trkpt lat="47.65335" lon="-2.75852">
        <ele>3</ele>
      </trkpt>
      <trkpt lat="47.65355" lon="-2.75854">
        <ele>3</ele>
      </trkpt>
      <trkpt lat="47.65374" lon="-2.75855">
        <ele>3</ele>
      </trkpt>
      <trkpt lat="47.65394" lon="-2.75856">
        <ele>3</ele>
      </trkpt>
      <trkpt lat="47.65393" lon="-2.75869">
        <ele>3</ele>
      </trkpt>
      <trkpt lat="47.65378" lon="-2.75868">
        <ele>3</ele>
      </trkpt>
      <trkpt lat="47.65364" lon="-2.75866">
        <ele>3</ele>
      </trkpt>
    </trkseg>
  </trk>
</gpx>
