<?xml version="1.0" encoding="UTF-8"?>
<gpx version="1.1" creator="TrailCompareMVP" xmlns="http://www.topografix.com/GPX/1/1">
  <trk>
    <trkseg>
      <trkpt lat="-21.33975033393679" lon="55.459659903268665">
        <ele>7</ele>
      </trkpt>
      <trkpt lat="-21.33996035198232" lon="55.45987999051327">
        <ele>8</ele>
      </trkpt>
      <trkpt lat="-21.340290021136425" lon="55.460279740814705">
        <ele>8</ele>
      </trkpt>
      <trkpt lat="-21.340430590499597" lon="55.46045940387154">
        <ele>6</ele>
      </trkpt>
      <trkpt lat="-21.34058036366093" lon="55.46073967824019">
        <ele>8</ele>
      </trkpt>
      <trkpt lat="-21.340670729516674" lon="55.46095976548479">
        <ele>5</ele>
      </trkpt>
      <trkpt lat="-21.34074017731242" lon="55.46105947848133">
        <ele>7</ele>
      </trkpt>
      <trkpt lat="-21.34074017731242" lon="55.46118973419753">
        <ele>6</ele>
      </trkpt>
      <trkpt lat="-21.340870705610612" lon="55.46146911025089">
        <ele>7</ele>
      </trkpt>
      <trkpt lat="-21.341017968166515" lon="55.461825741418686">
        <ele>6</ele>
      </trkpt>
      <trkpt lat="-21.341220453939414" lon="55.462319814824944">
        <ele>6</ele>
      </trkpt>
      <trkpt lat="-21.341340104491998" lon="55.46262973359798">
        <ele>7</ele>
      </trkpt>
      <trkpt lat="-21.341479836132603" lon="55.46294594057799">
        <ele>7</ele>
      </trkpt>
      <trkpt lat="-21.341630444937465" lon="55.4632899953318">
        <ele>6</ele>
      </trkpt>
      <trkpt lat="-21.341803644871824" lon="55.46366818606641">
        <ele>5</ele>
      </trkpt>
      <trkpt lat="-21.34209063754944" lon="55.46429970171114">
        <ele>4</ele>
      </trkpt>
      <trkpt lat="-21.34222032793378" lon="55.464629383420416">
        <ele>4</ele>
      </trkpt>
      <trkpt lat="-21.342390180328195" lon="55.465029133721856">
        <ele>5</ele>
      </trkpt>
      <trkpt lat="-21.342520707157682" lon="55.46536959521453">
        <ele>4</ele>
      </trkpt>
      <trkpt lat="-21.342690559204126" lon="55.465769345515966">
        <ele>4</ele>
      </trkpt>
      <trkpt lat="-21.342900573038794" lon="55.46621940147331">
        <ele>3</ele>
      </trkpt>
      <trkpt lat="-21.34301018173346" lon="55.46651943877821">
        <ele>3</ele>
      </trkpt>
      <trkpt lat="-21.34318003321293" lon="55.46691918907965">
        <ele>5</ele>
      </trkpt>
      <trkpt lat="-21.343317252983695" lon="55.4672551589959">
        <ele>2</ele>
      </trkpt>
      <trkpt lat="-21.343480410470836" lon="55.46765940087375">
        <ele>0</ele>
      </trkpt>
      <trkpt lat="-21.343630180517177" lon="55.46809957536297">
        <ele>0</ele>
      </trkpt>
      <trkpt lat="-21.343650261405617" lon="55.46852986838407">
        <ele>0</ele>
      </trkpt>
      <trkpt lat="-21.343641894369103" lon="55.46890716080339">
        <ele>4</ele>
      </trkpt>
      <trkpt lat="-21.343630180517177" lon="55.46938955611097">
        <ele>5</ele>
      </trkpt>
      <trkpt lat="-21.34363938425806" lon="55.46975517043161">
        <ele>6</ele>
      </trkpt>
      <trkpt lat="-21.343650261405617" lon="55.47018995502912">
        <ele>6</ele>
      </trkpt>
      <trkpt lat="-21.343650261405617" lon="55.47070918126334">
        <ele>6</ele>
      </trkpt>
      <trkpt lat="-21.343670342291297" lon="55.471039761287905">
        <ele>6</ele>
      </trkpt>
      <trkpt lat="-21.343664485366595" lon="55.471502393659215">
        <ele>6</ele>
      </trkpt>
      <trkpt lat="-21.343657791738078" lon="55.471965026030546">
        <ele>6</ele>
      </trkpt>
      <trkpt lat="-21.343650261405617" lon="55.47251928656084">
        <ele>7</ele>
      </trkpt>
      <trkpt lat="-21.343650261405617" lon="55.47296395262648">
        <ele>7</ele>
      </trkpt>
      <trkpt lat="-21.343650261405617" lon="55.47382992856038">
        <ele>6</ele>
      </trkpt>
      <trkpt lat="-21.343640220961746" lon="55.474119186081865">
        <ele>6</ele>
      </trkpt>
      <trkpt lat="-21.343640220961746" lon="55.474419223386754">
        <ele>6</ele>
      </trkpt>
      <trkpt lat="-21.343650261405617" lon="55.47468961628728">
        <ele>5</ele>
      </trkpt>
      <trkpt lat="-21.343646914591066" lon="55.47508846827341">
        <ele>5</ele>
      </trkpt>
      <trkpt lat="-21.343640220961746" lon="55.47566967826225">
        <ele>5</ele>
      </trkpt>
      <trkpt lat="-21.343650261405617" lon="55.47602990269119">
        <ele>4</ele>
      </trkpt>
      <trkpt lat="-21.343650261405617" lon="55.47649972158478">
        <ele>4</ele>
      </trkpt>
      <trkpt lat="-21.343640220961746" lon="55.476979421946496">
        <ele>5</ele>
      </trkpt>
      <trkpt lat="-21.343640220961746" lon="55.47761992074408">
        <ele>6</ele>
      </trkpt>
      <trkpt lat="-21.34362767040593" lon="55.477995416532835">
        <ele>6</ele>
      </trkpt>
      <trkpt lat="-21.343610099625984" lon="55.478469727002846">
        <ele>7</ele>
      </trkpt>
      <trkpt lat="-21.343620140071916" lon="55.478579321467514">
        <ele>9</ele>
      </trkpt>
      <trkpt lat="-21.343670342291297" lon="55.478809290180244">
        <ele>6</ele>
      </trkpt>
      <trkpt lat="-21.343710504054417" lon="55.47891978296019">
        <ele>6</ele>
      </trkpt>
      <trkpt lat="-21.343790827547664" lon="55.479089564548886">
        <ele>6</ele>
      </trkpt>
      <trkpt lat="-21.343920516428238" lon="55.479329414729754">
        <ele>7</ele>
      </trkpt>
      <trkpt lat="-21.344200811358927" lon="55.479639333502774">
        <ele>6</ele>
      </trkpt>
      <trkpt lat="-21.344430067112825" lon="55.479879183683636">
        <ele>6</ele>
      </trkpt>
      <trkpt lat="-21.34475470603433" lon="55.480061541686304">
        <ele>7</ele>
      </trkpt>
      <trkpt lat="-21.345210705367347" lon="55.480319358172856">
        <ele>10</ele>
      </trkpt>
      <trkpt lat="-21.34539059462238" lon="55.48040918970127">
        <ele>10</ele>
      </trkpt>
      <trkpt lat="-21.345570483656683" lon="55.48047925829343">
        <ele>11</ele>
      </trkpt>
      <trkpt lat="-21.345870019326398" lon="55.48051968248121">
        <ele>11</ele>
      </trkpt>
      <trkpt lat="-21.34618043134401" lon="55.480529563949325">
        <ele>10</ele>
      </trkpt>
      <trkpt lat="-21.346320158371903" lon="55.48051968248121">
        <ele>11</ele>
      </trkpt>
      <trkpt lat="-21.34656447117856" lon="55.48054932688558">
        <ele>9</ele>
      </trkpt>
      <trkpt lat="-21.346810456949278" lon="55.48057986960524">
        <ele>8</ele>
      </trkpt>
      <trkpt lat="-21.34719031171637" lon="55.48095985697043">
        <ele>5</ele>
      </trkpt>
      <trkpt lat="-21.347280673498435" lon="55.481129638559125">
        <ele>6</ele>
      </trkpt>
      <trkpt lat="-21.34738023873084" lon="55.48134972580373">
        <ele>5</ele>
      </trkpt>
      <trkpt lat="-21.347470600395816" lon="55.48156981304834">
        <ele>5</ele>
      </trkpt>
      <trkpt lat="-21.347590245848032" lon="55.48173959463704">
        <ele>5</ele>
      </trkpt>
      <trkpt lat="-21.347690647550742" lon="55.48179978176108">
        <ele>5</ele>
      </trkpt>
      <trkpt lat="-21.347830373139253" lon="55.48181954469733">
        <ele>5</ele>
      </trkpt>
      <trkpt lat="-21.34802029932447" lon="55.48177912050955">
        <ele>7</ele>
      </trkpt>
      <trkpt lat="-21.348090580317404" lon="55.48179978176108">
        <ele>7</ele>
      </trkpt>
      <trkpt lat="-21.348210225263614" lon="55.4819399189454">
        <ele>7</ele>
      </trkpt>
      <trkpt lat="-21.348330706789067" lon="55.482159107874736">
        <ele>7</ele>
      </trkpt>
      <trkpt lat="-21.348470431767513" lon="55.482449263711494">
        <ele>7</ele>
      </trkpt>
      <trkpt lat="-21.348520632326046" lon="55.482629825083606">
        <ele>7</ele>
      </trkpt>
      <trkpt lat="-21.348580036298095" lon="55.48289931966884">
        <ele>7</ele>
      </trkpt>
      <trkpt lat="-21.348620196716286" lon="55.482979269729135">
        <ele>7</ele>
      </trkpt>
      <trkpt lat="-21.348780001604606" lon="55.4832298996934">
        <ele>7</ele>
      </trkpt>
      <trkpt lat="-21.348900482661776" lon="55.48337991834585">
        <ele>7</ele>
      </trkpt>
      <trkpt lat="-21.349050247171164" lon="55.483509275746755">
        <ele>9</ele>
      </trkpt>
      <trkpt lat="-21.34924017177587" lon="55.483589225807044">
        <ele>9</ele>
      </trkpt>
      <trkpt lat="-21.349330532294367" lon="55.48364941293108">
        <ele>9</ele>
      </trkpt>
      <trkpt lat="-21.34941001603773" lon="55.483719481523245">
        <ele>10</ele>
      </trkpt>
      <trkpt lat="-21.349460216274483" lon="55.483809313051665">
        <ele>12</ele>
      </trkpt>
      <trkpt lat="-21.349550576657332" lon="55.48404467165609">
        <ele>9</ele>
      </trkpt>
      <trkpt lat="-21.349650140348015" lon="55.48430967466491">
        <ele>9</ele>
      </trkpt>
      <trkpt lat="-21.349630060281378" lon="55.48460971196981">
        <ele>11</ele>
      </trkpt>
      <trkpt lat="-21.349550576657332" lon="55.484699543498216">
        <ele>11</ele>
      </trkpt>
      <trkpt lat="-21.349400812659116" lon="55.48478937502663">
        <ele>13</ele>
      </trkpt>
      <trkpt lat="-21.349111324273522" lon="55.484918732427545">
        <ele>15</ele>
      </trkpt>
      <trkpt lat="-21.348820161968003" lon="55.485049886459024">
        <ele>15</ele>
      </trkpt>
      <trkpt lat="-21.348550752652912" lon="55.48518912532806">
        <ele>15</ele>
      </trkpt>
      <trkpt lat="-21.348460391653745" lon="55.48526997370364">
        <ele>18</ele>
      </trkpt>
      <trkpt lat="-21.348330706789067" lon="55.485419992356086">
        <ele>18</ele>
      </trkpt>
      <trkpt lat="-21.348220265394506" lon="55.48555923122512">
        <ele>21</ele>
      </trkpt>
      <trkpt lat="-21.348160024598776" lon="55.485669724005064">
        <ele>21</ele>
      </trkpt>
      <trkpt lat="-21.348140781006038" lon="55.485829624125635">
        <ele>23</ele>
      </trkpt>
      <trkpt lat="-21.348160024598776" lon="55.486099118710875">
        <ele>23</ele>
      </trkpt>
      <trkpt lat="-21.348120700732636" lon="55.486299443019234">
        <ele>23</ele>
      </trkpt>
      <trkpt lat="-21.348030339468377" lon="55.486529411731965">
        <ele>24</ele>
      </trkpt>
      <trkpt lat="-21.347900654223263" lon="55.48677914338095">
        <ele>25</ele>
      </trkpt>
      <trkpt lat="-21.34785045345241" lon="55.48685999175653">
        <ele>28</ele>
      </trkpt>
      <trkpt lat="-21.34782033298166" lon="55.4868896361609">
        <ele>28</ele>
      </trkpt>
      <trkpt lat="-21.347670567215697" lon="55.48696958622119">
        <ele>25</ele>
      </trkpt>
      <trkpt lat="-21.347500720938434" lon="55.486999230625564">
        <ele>27</ele>
      </trkpt>
      <trkpt lat="-21.347300753886884" lon="55.48696958622119">
        <ele>27</ele>
      </trkpt>
      <trkpt lat="-21.34711082676943" lon="55.48690939909715">
        <ele>34</ele>
      </trkpt>
      <trkpt lat="-21.347010424669612" lon="55.48686987322465">
        <ele>33</ele>
      </trkpt>
      <trkpt lat="-21.346890778744196" lon="55.486809686100614">
        <ele>39</ele>
      </trkpt>
      <trkpt lat="-21.3467000144094" lon="55.48667943038442">
        <ele>39</ele>
      </trkpt>
      <trkpt lat="-21.346560287743518" lon="55.48667943038442">
        <ele>39</ele>
      </trkpt>
      <trkpt lat="-21.346290037586737" lon="55.486609361792254">
        <ele>39</ele>
      </trkpt>
      <trkpt lat="-21.346060784741198" lon="55.48663990451192">
        <ele>45</ele>
      </trkpt>
      <trkpt lat="-21.345680090355422" lon="55.48664978598004">
        <ele>44</ele>
      </trkpt>
      <trkpt lat="-21.345560443344308" lon="55.48665966744817">
        <ele>43</ele>
      </trkpt>
      <trkpt lat="-21.34518309443889" lon="55.48670548152765">
        <ele>44</ele>
      </trkpt>
      <trkpt lat="-21.344805744562265" lon="55.48675219392243">
        <ele>47</ele>
      </trkpt>
      <trkpt lat="-21.34442002672235" lon="55.48679980463248">
        <ele>53</ele>
      </trkpt>
      <trkpt lat="-21.344260217081402" lon="55.486809686100614">
        <ele>54</ele>
      </trkpt>
      <trkpt lat="-21.344030124360454" lon="55.48679980463248">
        <ele>53</ele>
      </trkpt>
      <trkpt lat="-21.343440248644708" lon="55.48670997310408">
        <ele>53</ele>
      </trkpt>
      <trkpt lat="-21.34323023558298" lon="55.48673961750845">
        <ele>56</ele>
      </trkpt>
      <trkpt lat="-21.34304030319245" lon="55.48679980463248">
        <ele>55</ele>
      </trkpt>
      <trkpt lat="-21.342490585591953" lon="55.48700911209368">
        <ele>57</ele>
      </trkpt>
      <trkpt lat="-21.342030394235127" lon="55.487159130746136">
        <ele>59</ele>
      </trkpt>
      <trkpt lat="-21.3419007036828" lon="55.487209436402054">
        <ele>61</ele>
      </trkpt>
      <trkpt lat="-21.341760135728805" lon="55.48727950499421">
        <ele>61</ele>
      </trkpt>
      <trkpt lat="-21.341440510474765" lon="55.48754989789473">
        <ele>62</ele>
      </trkpt>
      <trkpt lat="-21.34121041332917" lon="55.48784993519963">
        <ele>63</ele>
      </trkpt>
      <trkpt lat="-21.341060640811342" lon="55.48802959825645">
        <ele>63</ele>
      </trkpt>
      <trkpt lat="-21.340900827509074" lon="55.4881796169089">
        <ele>63</ele>
      </trkpt>
      <trkpt lat="-21.340750217954874" lon="55.48839970415351">
        <ele>63</ele>
      </trkpt>
      <trkpt lat="-21.340630566921" lon="55.48863955433436">
        <ele>64</ele>
      </trkpt>
      <trkpt lat="-21.340450671826208" lon="55.48894947310738">
        <ele>68</ele>
      </trkpt>
      <trkpt lat="-21.34031010248227" lon="55.489219866007915">
        <ele>69</ele>
      </trkpt>
      <trkpt lat="-21.340170369727083" lon="55.48954954771718">
        <ele>70</ele>
      </trkpt>
      <trkpt lat="-21.340020596147035" lon="55.489629497777464">
        <ele>74</ele>
      </trkpt>
      <trkpt lat="-21.339760374647014" lon="55.48960973484122">
        <ele>71</ele>
      </trkpt>
      <trkpt lat="-21.339490111957222" lon="55.48964926071371">
        <ele>73</ele>
      </trkpt>
      <trkpt lat="-21.33925080773566" lon="55.48965914218184">
        <ele>74</ele>
      </trkpt>
      <trkpt lat="-21.33915040025369" lon="55.489789397898036">
        <ele>74</ele>
      </trkpt>
      <trkpt lat="-21.33905082943284" lon="55.48987922942644">
        <ele>74</ele>
      </trkpt>
      <trkpt lat="-21.338990584869755" lon="55.48991965361424">
        <ele>80</ele>
      </trkpt>
      <trkpt lat="-21.33890021797874" lon="55.49000948514265">
        <ele>80</ele>
      </trkpt>
      <trkpt lat="-21.338890177209628" lon="55.49005979079856">
        <ele>80</ele>
      </trkpt>
      <trkpt lat="-21.338880136439837" lon="55.49024933532351">
        <ele>80</ele>
      </trkpt>
      <trkpt lat="-21.338800646988034" lon="55.490389472507836">
        <ele>80</ele>
      </trkpt>
      <trkpt lat="-21.338530382529672" lon="55.490769459873015">
        <ele>80</ele>
      </trkpt>
      <trkpt lat="-21.33831366856395" lon="55.49102907299012">
        <ele>83</ele>
      </trkpt>
      <trkpt lat="-21.338080219570802" lon="55.491309347358765">
        <ele>88</ele>
      </trkpt>
      <trkpt lat="-21.33793044385622" lon="55.49152943460338">
        <ele>88</ele>
      </trkpt>
      <trkpt lat="-21.337820831364834" lon="55.491789946035766">
        <ele>88</ele>
      </trkpt>
      <trkpt lat="-21.337780667988707" lon="55.49207920355726">
        <ele>87</ele>
      </trkpt>
      <trkpt lat="-21.337720422903892" lon="55.49227952786562">
        <ele>85</ele>
      </trkpt>
      <trkpt lat="-21.337630055230257" lon="55.49238912233028">
        <ele>89</ele>
      </trkpt>
      <trkpt lat="-21.33760076939816" lon="55.492409783581806">
        <ele>83</ele>
      </trkpt>
      <trkpt lat="-21.337400788845493" lon="55.49247985217397">
        <ele>91</ele>
      </trkpt>
      <trkpt lat="-21.337200808020174" lon="55.492529259514605">
        <ele>91</ele>
      </trkpt>
      <trkpt lat="-21.337110440026414" lon="55.49255980223427">
        <ele>91</ele>
      </trkpt>
      <trkpt lat="-21.336940581517066" lon="55.4926595152308">
        <ele>92</ele>
      </trkpt>
      <trkpt lat="-21.336600027164433" lon="55.492999976723475">
        <ele>93</ele>
      </trkpt>
      <trkpt lat="-21.33646029087449" lon="55.49316975831219">
        <ele>95</ele>
      </trkpt>
      <trkpt lat="-21.33643016806401" lon="55.49321916565281">
        <ele>95</ele>
      </trkpt>
      <trkpt lat="-21.336370759169657" lon="55.49340960849303">
        <ele>95</ele>
      </trkpt>
      <trkpt lat="-21.33639000430708" lon="55.49346979561708">
        <ele>95</ele>
      </trkpt>
      <trkpt lat="-21.336420127125802" lon="55.4935192029577">
        <ele>99</ele>
      </trkpt>
      <trkpt lat="-21.336500454612185" lon="55.49357939008174">
        <ele>101</ele>
      </trkpt>
      <trkpt lat="-21.33673055914736" lon="55.49365934014203">
        <ele>99</ele>
      </trkpt>
      <trkpt lat="-21.33704015377054" lon="55.49373929020231">
        <ele>100</ele>
      </trkpt>
      <trkpt lat="-21.33728029833905" lon="55.4938192402626">
        <ele>101</ele>
      </trkpt>
      <trkpt lat="-21.3374401155866" lon="55.49393961451067">
        <ele>102</ele>
      </trkpt>
      <trkpt lat="-21.337540524239444" lon="55.49411927756749">
        <ele>102</ele>
      </trkpt>
      <trkpt lat="-21.3376200143742" lon="55.49439955193614">
        <ele>100</ele>
      </trkpt>
      <trkpt lat="-21.337720422903892" lon="55.49459987624449">
        <ele>103</ele>
      </trkpt>
      <trkpt lat="-21.33787019883292" lon="55.49481996348911">
        <ele>99</ele>
      </trkpt>
      <trkpt lat="-21.33809862774863" lon="55.49506610187696">
        <ele>99</ele>
      </trkpt>
      <trkpt lat="-21.33834044405194" lon="55.49532930825521">
        <ele>100</ele>
      </trkpt>
      <trkpt lat="-21.338594810944215" lon="55.495591616318166">
        <ele>101</ele>
      </trkpt>
      <trkpt lat="-21.338920299514882" lon="55.495929382865">
        <ele>101</ele>
      </trkpt>
      <trkpt lat="-21.339142032960417" lon="55.496175521252844">
        <ele>100</ele>
      </trkpt>
      <trkpt lat="-21.339370459895253" lon="55.49642974447824">
        <ele>99</ele>
      </trkpt>
      <trkpt lat="-21.3395101934126" lon="55.496619289003206">
        <ele>97</ele>
      </trkpt>
      <trkpt lat="-21.339570437762234" lon="55.49671990031502">
        <ele>97</ele>
      </trkpt>
      <trkpt lat="-21.339640722805537" lon="55.496929207776226">
        <ele>96</ele>
      </trkpt>
      <trkpt lat="-21.33962064136803" lon="55.49718971920863">
        <ele>97</ele>
      </trkpt>
      <trkpt lat="-21.339560397039023" lon="55.49740980645322">
        <ele>95</ele>
      </trkpt>
      <trkpt lat="-21.339480071228497" lon="55.49759935097818">
        <ele>97</ele>
      </trkpt>
      <trkpt lat="-21.339370459895253" lon="55.497779912350275">
        <ele>97</ele>
      </trkpt>
      <trkpt lat="-21.339240766990564" lon="55.49802964399927">
        <ele>97</ele>
      </trkpt>
      <trkpt lat="-21.33915040025369" lon="55.498249731243874">
        <ele>98</ele>
      </trkpt>
      <trkpt lat="-21.339080114975406" lon="55.49845993702036">
        <ele>98</ele>
      </trkpt>
      <trkpt lat="-21.338990584869755" lon="55.498799500197755">
        <ele>101</ele>
      </trkpt>
      <trkpt lat="-21.338950421813955" lon="55.49923967468697">
        <ele>101</ele>
      </trkpt>
      <trkpt lat="-21.338950421813955" lon="55.499549593459996">
        <ele>101</ele>
      </trkpt>
      <trkpt lat="-21.33897050334323" lon="55.49979932510898">
        <ele>101</ele>
      </trkpt>
      <trkpt lat="-21.33905082943284" lon="55.500039175289835">
        <ele>101</ele>
      </trkpt>
      <trkpt lat="-21.33911023724165" lon="55.50027992378599">
        <ele>102</ele>
      </trkpt>
      <trkpt lat="-21.339140359501716" lon="55.50049282450832">
        <ele>102</ele>
      </trkpt>
      <trkpt lat="-21.339170481755584" lon="55.50070931849179">
        <ele>106</ele>
      </trkpt>
      <trkpt lat="-21.33921064475113" lon="55.501209680105056">
        <ele>107</ele>
      </trkpt>
      <trkpt lat="-21.339240766990564" lon="55.501279748697215">
        <ele>105</ele>
      </trkpt>
      <trkpt lat="-21.33936041915834" lon="55.50139922463">
        <ele>107</ele>
      </trkpt>
      <trkpt lat="-21.339540315590508" lon="55.50148995447369">
        <ele>107</ele>
      </trkpt>
      <trkpt lat="-21.339810578187787" lon="55.50165973606239">
        <ele>109</ele>
      </trkpt>
      <trkpt lat="-21.339870822414028" lon="55.50167949899865">
        <ele>109</ele>
      </trkpt>
      <trkpt lat="-21.340060758909765" lon="55.50162919334273">
        <ele>109</ele>
      </trkpt>
      <trkpt lat="-21.34024065448287" lon="55.50156990453398">
        <ele>104</ele>
      </trkpt>
      <trkpt lat="-21.340280817185317" lon="55.50156990453398">
        <ele>104</ele>
      </trkpt>
      <trkpt lat="-21.340390427838166" lon="55.501689380466765">
        <ele>110</ele>
      </trkpt>
      <trkpt lat="-21.34051007906797" lon="55.501899586243255">
        <ele>109</ele>
      </trkpt>
      <trkpt lat="-21.340670729516674" lon="55.502209505016275">
        <ele>110</ele>
      </trkpt>
      <trkpt lat="-21.34070001473577" lon="55.50228945507656">
        <ele>110</ele>
      </trkpt>
      <trkpt lat="-21.340710055380956" lon="55.502409829324634">
        <ele>113</ele>
      </trkpt>
      <trkpt lat="-21.340670729516674" lon="55.50248977938492">
        <ele>113</ele>
      </trkpt>
      <trkpt lat="-21.34060044496702" lon="55.502539186725556">
        <ele>113</ele>
      </trkpt>
      <trkpt lat="-21.34024065448287" lon="55.502759273970156">
        <ele>117</ele>
      </trkpt>
      <trkpt lat="-21.340130206994367" lon="55.50279969815794">
        <ele>117</ele>
      </trkpt>
      <trkpt lat="-21.340020596147035" lon="55.50288952968636">
        <ele>119</ele>
      </trkpt>
      <trkpt lat="-21.339920189192085" lon="55.50302966687068">
        <ele>119</ele>
      </trkpt>
      <trkpt lat="-21.339880026390862" lon="55.50309973546284">
        <ele>119</ele>
      </trkpt>
      <trkpt lat="-21.339760374647014" lon="55.503469841359895">
        <ele>124</ele>
      </trkpt>
      <trkpt lat="-21.339710171089052" lon="55.50373933594513">
        <ele>126</ele>
      </trkpt>
      <trkpt lat="-21.339700130375395" lon="55.50390911753383">
        <ele>127</ele>
      </trkpt>
      <trkpt lat="-21.339700130375395" lon="55.50406991596969">
        <ele>127</ele>
      </trkpt>
      <trkpt lat="-21.33975033393679" lon="55.504479547739244">
        <ele>129</ele>
      </trkpt>
      <trkpt lat="-21.339780456065373" lon="55.50480922944851">
        <ele>129</ele>
      </trkpt>
      <trkpt lat="-21.339820618893878" lon="55.5051496909412">
        <ele>129</ele>
      </trkpt>
      <trkpt lat="-21.339820618893878" lon="55.505349116934276">
        <ele>131</ele>
      </trkpt>
      <trkpt lat="-21.339760374647014" lon="55.505389541122064">
        <ele>138</ele>
      </trkpt>
      <trkpt lat="-21.3396608042403" lon="55.50536977818581">
        <ele>138</ele>
      </trkpt>
      <trkpt lat="-21.33962064136803" lon="55.50537965965393">
        <ele>138</ele>
      </trkpt>
      <trkpt lat="-21.339260011751406" lon="55.50557998396229">
        <ele>145</ele>
      </trkpt>
      <trkpt lat="-21.339070074218608" lon="55.50566981549071">
        <ele>145</ele>
      </trkpt>
      <trkpt lat="-21.338855871243325" lon="55.50575066386627">
        <ele>147</ele>
      </trkpt>
      <trkpt lat="-21.33862074964857" lon="55.5058395970794">
        <ele>150</ele>
      </trkpt>
      <trkpt lat="-21.33834044405194" lon="55.50603992138776">
        <ele>156</ele>
      </trkpt>
      <trkpt lat="-21.33814046450783" lon="55.50614951585242">
        <ele>156</ele>
      </trkpt>
      <trkpt lat="-21.33793044385622" lon="55.50627977156862">
        <ele>157</ele>
      </trkpt>
      <trkpt lat="-21.337840076311995" lon="55.50634984016079">
        <ele>161</ele>
      </trkpt>
      <trkpt lat="-21.337680259500257" lon="55.50644955315732">
        <ele>161</ele>
      </trkpt>
      <trkpt lat="-21.3375104016508" lon="55.50653938468574">
        <ele>161</ele>
      </trkpt>
      <trkpt lat="-21.337400788845493" lon="55.50660945327789">
        <ele>164</ele>
      </trkpt>
      <trkpt lat="-21.33708031734945" lon="55.50668940333818">
        <ele>165</ele>
      </trkpt>
      <trkpt lat="-21.336810049721066" lon="55.50686996471029">
        <ele>165</ele>
      </trkpt>
      <trkpt lat="-21.33653057740823" lon="55.507169103699894">
        <ele>169</ele>
      </trkpt>
      <trkpt lat="-21.336230185915344" lon="55.50745925953667">
        <ele>177</ele>
      </trkpt>
      <trkpt lat="-21.336190022103654" lon="55.50752932812883">
        <ele>181</ele>
      </trkpt>
      <trkpt lat="-21.33599003962758" lon="55.50772965243719">
        <ele>185</ele>
      </trkpt>
      <trkpt lat="-21.335800097860176" lon="55.507939858213675">
        <ele>188</ele>
      </trkpt>
      <trkpt lat="-21.335470418613905" lon="55.50826953992294">
        <ele>191</ele>
      </trkpt>
      <trkpt lat="-21.3353005582054" lon="55.50850939010381">
        <ele>194</ele>
      </trkpt>
      <trkpt lat="-21.335260394139176" lon="55.50858934016409">
        <ele>194</ele>
      </trkpt>
      <trkpt lat="-21.335250353120898" lon="55.508639645820004">
        <ele>194</ele>
      </trkpt>
      <trkpt lat="-21.33546037761" lon="55.50909958324548">
        <ele>194</ele>
      </trkpt>
      <trkpt lat="-21.335540705621952" lon="55.50924960189792">
        <ele>199</ele>
      </trkpt>
      <trkpt lat="-21.3356503198173" lon="55.509389739082245">
        <ele>194</ele>
      </trkpt>
      <trkpt lat="-21.33583022080006" lon="55.50964935219936">
        <ele>198</ele>
      </trkpt>
      <trkpt lat="-21.33591054860948" lon="55.50981913378805">
        <ele>194</ele>
      </trkpt>
      <trkpt lat="-21.335900507635706" lon="55.50983979503959">
        <ele>194</ele>
      </trkpt>
      <trkpt lat="-21.335690483776755" lon="55.51017935821699">
        <ele>201</ele>
      </trkpt>
      <trkpt lat="-21.335590073857478" lon="55.5102691897454">
        <ele>208</ele>
      </trkpt>
      <trkpt lat="-21.33536080428412" lon="55.51061953270621">
        <ele>207</ele>
      </trkpt>
      <trkpt lat="-21.335270435156772" lon="55.510719245702745">
        <ele>209</ele>
      </trkpt>
      <trkpt lat="-21.335170024949946" lon="55.51080997554643">
        <ele>209</ele>
      </trkpt>
      <trkpt lat="-21.335010205228993" lon="55.51092945147923">
        <ele>209</ele>
      </trkpt>
      <trkpt lat="-21.334830303240555" lon="55.511075876870535">
        <ele>213</ele>
      </trkpt>
      <trkpt lat="-21.334640359971463" lon="55.511229488784124">
        <ele>217</ele>
      </trkpt>
      <trkpt lat="-21.334400211080936" lon="55.51139927037282">
        <ele>218</ele>
      </trkpt>
      <trkpt lat="-21.334100651983544" lon="55.51162923908555">
        <ele>220</ele>
      </trkpt>
      <trkpt lat="-21.333700681061877" lon="55.51206941357478">
        <ele>228</ele>
      </trkpt>
      <trkpt lat="-21.333600269780582" lon="55.5122095507591">
        <ele>229</ele>
      </trkpt>
      <trkpt lat="-21.333310750201434" lon="55.51256977518802">
        <ele>230</ele>
      </trkpt>
      <trkpt lat="-21.33311076380011" lon="55.51296952548947">
        <ele>230</ele>
      </trkpt>
      <trkpt lat="-21.3329902697698" lon="55.51316984979781">
        <ele>236</ele>
      </trkpt>
      <trkpt lat="-21.332910777126163" lon="55.51327944426249">
        <ele>234</ele>
      </trkpt>
      <trkpt lat="-21.33275011817807" lon="55.513559718631136">
        <ele>236</ele>
      </trkpt>
      <trkpt lat="-21.332510802960428" lon="55.513849874467894">
        <ele>237</ele>
      </trkpt>
      <trkpt lat="-21.332200362009036" lon="55.5140699617125">
        <ele>242</ele>
      </trkpt>
      <trkpt lat="-21.332150155863538" lon="55.51411936905313">
        <ele>242</ele>
      </trkpt>
      <trkpt lat="-21.332050580290815" lon="55.51413913198939">
        <ele>242</ele>
      </trkpt>
      <trkpt lat="-21.332000374094086" lon="55.514049300460975">
        <ele>242</ele>
      </trkpt>
      <trkpt lat="-21.33197025036778" lon="55.51390916327664">
        <ele>241</ele>
      </trkpt>
      <trkpt lat="-21.331820468414644" lon="55.51362978722329">
        <ele>244</ele>
      </trkpt>
      <trkpt lat="-21.33168072757188" lon="55.513439344383045">
        <ele>246</ele>
      </trkpt>
      <trkpt lat="-21.331620479981847" lon="55.51336927579089">
        <ele>246</ele>
      </trkpt>
      <trkpt lat="-21.331480738948592" lon="55.51326956279435">
        <ele>250</ele>
      </trkpt>
      <trkpt lat="-21.331310037146572" lon="55.51316984979781">
        <ele>249</ele>
      </trkpt>
      <trkpt lat="-21.33129079134271" lon="55.51316984979781">
        <ele>249</ele>
      </trkpt>
      <trkpt lat="-21.331150213220507" lon="55.513229138606576">
        <ele>253</ele>
      </trkpt>
      <trkpt lat="-21.330948550321942" lon="55.51350671802936">
        <ele>254</ele>
      </trkpt>
      <trkpt lat="-21.33061049239301" lon="55.513969350400686">
        <ele>255</ele>
      </trkpt>
      <trkpt lat="-21.330410502310944" lon="55.51420920058155">
        <ele>256</ele>
      </trkpt>
      <trkpt lat="-21.33023059468204" lon="55.514319693361486">
        <ele>258</ele>
      </trkpt>
      <trkpt lat="-21.330050686832532" lon="55.51437988048553">
        <ele>265</ele>
      </trkpt>
      <trkpt lat="-21.329756976334437" lon="55.51449935641832">
        <ele>269</ele>
      </trkpt>
      <trkpt lat="-21.32946075489473" lon="55.51461973066638">
        <ele>272</ele>
      </trkpt>
      <trkpt lat="-21.329340257866786" lon="55.51464937507075">
        <ele>272</ele>
      </trkpt>
      <trkpt lat="-21.329240680387073" lon="55.514669138007015">
        <ele>273</ele>
      </trkpt>
      <trkpt lat="-21.328890066706407" lon="55.514679917790424">
        <ele>278</ele>
      </trkpt>
      <trkpt lat="-21.32876036453587" lon="55.51468979925855">
        <ele>278</ele>
      </trkpt>
      <trkpt lat="-21.32858045488374" lon="55.51468979925855">
        <ele>286</ele>
      </trkpt>
      <trkpt lat="-21.328310171596378" lon="55.51471944366292">
        <ele>286</ele>
      </trkpt>
      <trkpt lat="-21.32816038590695" lon="55.514779630786954">
        <ele>286</ele>
      </trkpt>
      <trkpt lat="-21.32799051703504" lon="55.51486946231537">
        <ele>289</ele>
      </trkpt>
      <trkpt lat="-21.327820647966497" lon="55.5149296494394">
        <ele>293</ele>
      </trkpt>
      <trkpt lat="-21.327450784585338" lon="55.51512997374776">
        <ele>295</ele>
      </trkpt>
      <trkpt lat="-21.32713029135415" lon="55.51543989252079">
        <ele>295</ele>
      </trkpt>
      <trkpt lat="-21.32670017662274" lon="55.51590971141438">
        <ele>299</ele>
      </trkpt>
      <trkpt lat="-21.326570472516657" lon="55.51601930587904">
        <ele>300</ele>
      </trkpt>
      <trkpt lat="-21.32642068505152" lon="55.51620974871928">
        <ele>303</ele>
      </trkpt>
      <trkpt lat="-21.32632026878818" lon="55.51631934318394">
        <ele>303</ele>
      </trkpt>
      <trkpt lat="-21.326250814165835" lon="55.51637953030797">
        <ele>303</ele>
      </trkpt>
      <trkpt lat="-21.32621064762224" lon="55.51642983596389">
        <ele>303</ele>
      </trkpt>
      <trkpt lat="-21.32621064762224" lon="55.51647924330451">
        <ele>303</ele>
      </trkpt>
      <trkpt lat="-21.326350393674396" lon="55.516599617552586">
        <ele>303</ele>
      </trkpt>
      <trkpt lat="-21.326568798914547" lon="55.51677119577185">
        <ele>305</ele>
      </trkpt>
      <trkpt lat="-21.32687004698829" lon="55.51700924932215">
        <ele>306</ele>
      </trkpt>
      <trkpt lat="-21.3268800885801" lon="55.5170397920418">
        <ele>306</ele>
      </trkpt>
      <trkpt lat="-21.32687004698829" lon="55.517109860633965">
        <ele>308</ele>
      </trkpt>
      <trkpt lat="-21.326780509430957" lon="55.51719969216238">
        <ele>309</ele>
      </trkpt>
      <trkpt lat="-21.326570472516657" lon="55.517369473751074">
        <ele>309</ele>
      </trkpt>
      <trkpt lat="-21.326350393674396" lon="55.51761920540005">
        <ele>319</ele>
      </trkpt>
      <trkpt lat="-21.326190564346323" lon="55.51774946111625">
        <ele>320</ele>
      </trkpt>
      <trkpt lat="-21.32613031450209" lon="55.51782941117654">
        <ele>320</ele>
      </trkpt>
      <trkpt lat="-21.325990568240385" lon="55.51796954836086">
        <ele>320</ele>
      </trkpt>
      <trkpt lat="-21.32587006836295" lon="55.518119567013315">
        <ele>325</ele>
      </trkpt>
      <trkpt lat="-21.325440786745574" lon="55.51855974150253">
        <ele>339</ele>
      </trkpt>
      <trkpt lat="-21.325370494899115" lon="55.51861992862657">
        <ele>339</ele>
      </trkpt>
      <trkpt lat="-21.32528011961848" lon="55.518739404559355">
        <ele>339</ele>
      </trkpt>
      <trkpt lat="-21.325390578287255" lon="55.518809473151514">
        <ele>341</ele>
      </trkpt>
      <trkpt lat="-21.325580533530797" lon="55.51902956039613">
        <ele>341</ele>
      </trkpt>
      <trkpt lat="-21.325720280182946" lon="55.51911939192454">
        <ele>341</ele>
      </trkpt>
      <trkpt lat="-21.325760446860745" lon="55.51926941057699">
        <ele>341</ele>
      </trkpt>
      <trkpt lat="-21.325680113494165" lon="55.51939966629318">
        <ele>341</ele>
      </trkpt>
      <trkpt lat="-21.325470075004997" lon="55.519639516474044">
        <ele>344</ele>
      </trkpt>
      <trkpt lat="-21.325270077917214" lon="55.51996919818332">
        <ele>348</ele>
      </trkpt>
      <trkpt lat="-21.32503075049998" lon="55.52024947255197">
        <ele>357</ele>
      </trkpt>
      <trkpt lat="-21.324950416733987" lon="55.52037972826816">
        <ele>357</ele>
      </trkpt>
      <trkpt lat="-21.324890166380637" lon="55.520439915392195">
        <ele>357</ele>
      </trkpt>
      <trkpt lat="-21.324810669348786" lon="55.52055939132499">
        <ele>358</ele>
      </trkpt>
      <trkpt lat="-21.324390589581306" lon="55.52102921021858">
        <ele>363</ele>
      </trkpt>
      <trkpt lat="-21.324290171928965" lon="55.52114958446665">
        <ele>362</ele>
      </trkpt>
      <trkpt lat="-21.32412029857732" lon="55.52143974030342">
        <ele>368</ele>
      </trkpt>
      <trkpt lat="-21.324050006098428" lon="55.52163916629649">
        <ele>371</ele>
      </trkpt>
      <trkpt lat="-21.32384080209306" lon="55.52201915366168">
        <ele>371</ele>
      </trkpt>
      <trkpt lat="-21.323681806849546" lon="55.522332665695835">
        <ele>374</ele>
      </trkpt>
      <trkpt lat="-21.32350021733442" lon="55.52268929686363">
        <ele>376</ele>
      </trkpt>
      <trkpt lat="-21.323430761377537" lon="55.52279978964358">
        <ele>376</ele>
      </trkpt>
      <trkpt lat="-21.32318055229653" lon="55.523019876888185">
        <ele>380</ele>
      </trkpt>
      <trkpt lat="-21.32299059394687" lon="55.523209421413135">
        <ele>384</ele>
      </trkpt>
      <trkpt lat="-21.32279059348045" lon="55.523369321533714">
        <ele>388</ele>
      </trkpt>
      <trkpt lat="-21.32257050897024" lon="55.523603781822864">
        <ele>389</ele>
      </trkpt>
      <trkpt lat="-21.322180548533463" lon="55.52401970179941">
        <ele>391</ele>
      </trkpt>
      <trkpt lat="-21.321970505036298" lon="55.524349383508685">
        <ele>394</ele>
      </trkpt>
      <trkpt lat="-21.321800629000034" lon="55.52457935222142">
        <ele>395</ele>
      </trkpt>
      <trkpt lat="-21.321670083735132" lon="55.52471948940574">
        <ele>399</ele>
      </trkpt>
      <trkpt lat="-21.321540375183858" lon="55.52482998218569">
        <ele>399</ele>
      </trkpt>
      <trkpt lat="-21.321430750447934" lon="55.52486950805819">
        <ele>401</ele>
      </trkpt>
      <trkpt lat="-21.32131024682697" lon="55.52481920240228">
        <ele>401</ele>
      </trkpt>
      <trkpt lat="-21.321190579938825" lon="55.52484974512194">
        <ele>405</ele>
      </trkpt>
      <trkpt lat="-21.32109016009725" lon="55.524979102522856">
        <ele>408</ele>
      </trkpt>
      <trkpt lat="-21.3211002020845" lon="55.52511923970717">
        <ele>408</ele>
      </trkpt>
      <trkpt lat="-21.32106003413139" lon="55.52519918976746">
        <ele>408</ele>
      </trkpt>
      <trkpt lat="-21.321020702999984" lon="55.52533932695179">
        <ele>411</ele>
      </trkpt>
      <trkpt lat="-21.320940367039267" lon="55.52546958266799">
        <ele>411</ele>
      </trkpt>
      <trkpt lat="-21.32086003103457" lon="55.52554953272828">
        <ele>421</ele>
      </trkpt>
      <trkpt lat="-21.320750405790584" lon="55.52563936425668">
        <ele>421</ele>
      </trkpt>
      <trkpt lat="-21.320640780464732" lon="55.52570943284884">
        <ele>419</ele>
      </trkpt>
      <trkpt lat="-21.32046002402348" lon="55.52587921443754">
        <ele>427</ele>
      </trkpt>
      <trkpt lat="-21.320390566628053" lon="55.52595916449783">
        <ele>424</ele>
      </trkpt>
      <trkpt lat="-21.32031023032249" lon="55.52611996293369">
        <ele>425</ele>
      </trkpt>
      <trkpt lat="-21.320210646716024" lon="55.526269981586125">
        <ele>425</ele>
      </trkpt>
      <trkpt lat="-21.32007005798013" lon="55.526409220455164">
        <ele>433</ele>
      </trkpt>
      <trkpt lat="-21.319885116640368" lon="55.526570018891036">
        <ele>433</ele>
      </trkpt>
      <trkpt lat="-21.319680090900892" lon="55.526749681947855">
        <ele>436</ele>
      </trkpt>
      <trkpt lat="-21.3195604226839" lon="55.52688981913218">
        <ele>436</ele>
      </trkpt>
      <trkpt lat="-21.319440754369325" lon="55.52710990637678">
        <ele>441</ele>
      </trkpt>
      <trkpt lat="-21.319340333330814" lon="55.52721950084145">
        <ele>450</ele>
      </trkpt>
      <trkpt lat="-21.31923070695198" lon="55.52731921383799">
        <ele>447</ele>
      </trkpt>
      <trkpt lat="-21.318980490711994" lon="55.52747911395856">
        <ele>449</ele>
      </trkpt>
      <trkpt lat="-21.31888006935863" lon="55.52755996233414">
        <ele>449</ele>
      </trkpt>
      <trkpt lat="-21.318770442636122" lon="55.52781957545124">
        <ele>451</ele>
      </trkpt>
      <trkpt lat="-21.318490099118446" lon="55.52838910734137">
        <ele>457</ele>
      </trkpt>
      <trkpt lat="-21.318330261231434" lon="55.52865950024189">
        <ele>457</ele>
      </trkpt>
      <trkpt lat="-21.31815033879444" lon="55.52898918195116">
        <ele>459</ele>
      </trkpt>
      <trkpt lat="-21.317960373935595" lon="55.529299999039466">
        <ele>463</ele>
      </trkpt>
      <trkpt lat="-21.3177302399668" lon="55.529799462337444">
        <ele>478</ele>
      </trkpt>
      <trkpt lat="-21.317450731315958" lon="55.53013992383012">
        <ele>480</ele>
      </trkpt>
      <trkpt lat="-21.31728001319559" lon="55.53029982395069">
        <ele>482</ele>
      </trkpt>
      <trkpt lat="-21.317250723302053" lon="55.530339349823194">
        <ele>482</ele>
      </trkpt>
      <trkpt lat="-21.31720051204239" lon="55.53056931853593">
        <ele>486</ele>
      </trkpt>
      <trkpt lat="-21.31717038527835" lon="55.530819948500195">
        <ele>490</ele>
      </trkpt>
      <trkpt lat="-21.3171603430223" lon="55.531209817333504">
        <ele>491</ele>
      </trkpt>
      <trkpt lat="-21.317110131731724" lon="55.531639212039316">
        <ele>495</ele>
      </trkpt>
      <trkpt lat="-21.31708000494915" lon="55.53176946775551">
        <ele>495</ele>
      </trkpt>
      <trkpt lat="-21.317030630486553" lon="55.53188984200359">
        <ele>495</ele>
      </trkpt>
      <trkpt lat="-21.31695029234241" lon="55.531949130812336">
        <ele>504</ele>
      </trkpt>
      <trkpt lat="-21.316820579621098" lon="55.531959910595745">
        <ele>504</ele>
      </trkpt>
      <trkpt lat="-21.3166900299278" lon="55.53193924934421">
        <ele>509</ele>
      </trkpt>
      <trkpt lat="-21.316620570748814" lon="55.53193924934421">
        <ele>509</ele>
      </trkpt>
      <trkpt lat="-21.316570359273644" lon="55.531949130812336">
        <ele>509</ele>
      </trkpt>
      <trkpt lat="-21.316100044289357" lon="55.53211981071632">
        <ele>511</ele>
      </trkpt>
      <trkpt lat="-21.315870744266768" lon="55.53224916811723">
        <ele>512</ele>
      </trkpt>
      <trkpt lat="-21.315790405488016" lon="55.5323192367094">
        <ele>512</ele>
      </trkpt>
      <trkpt lat="-21.315710066665297" lon="55.53240996655308">
        <ele>514</ele>
      </trkpt>
      <trkpt lat="-21.31568077645859" lon="55.53253932395401">
        <ele>514</ele>
      </trkpt>
      <trkpt lat="-21.31578036313758" lon="55.532679461138315">
        <ele>514</ele>
      </trkpt>
      <trkpt lat="-21.315930161460287" lon="55.53269922407457">
        <ele>516</ele>
      </trkpt>
      <trkpt lat="-21.316180382898715" lon="55.532689342606446">
        <ele>516</ele>
      </trkpt>
      <trkpt lat="-21.316250679145817" lon="55.5327198853261">
        <ele>518</ele>
      </trkpt>
      <trkpt lat="-21.316200467544167" lon="55.53279983538639">
        <ele>523</ele>
      </trkpt>
      <trkpt lat="-21.31596028847879" lon="55.53289954838293">
        <ele>521</ele>
      </trkpt>
      <trkpt lat="-21.315870744266768" lon="55.53294985403885">
        <ele>519</ele>
      </trkpt>
      <trkpt lat="-21.315640607022736" lon="55.53313939856379">
        <ele>526</ele>
      </trkpt>
      <trkpt lat="-21.315420511793743" lon="55.53333972287215">
        <ele>532</ele>
      </trkpt>
      <trkpt lat="-21.315270712951122" lon="55.53344931733681">
        <ele>534</ele>
      </trkpt>
      <trkpt lat="-21.315150204274058" lon="55.53347986005648">
        <ele>531</ele>
      </trkpt>
      <trkpt lat="-21.31509078676495" lon="55.533409791464315">
        <ele>534</ele>
      </trkpt>
      <trkpt lat="-21.3149401507186" lon="55.53313939856379">
        <ele>531</ele>
      </trkpt>
      <trkpt lat="-21.314910023490782" lon="55.533409791464315">
        <ele>534</ele>
      </trkpt>
      <trkpt lat="-21.314810436221542" lon="55.53373947317358">
        <ele>536</ele>
      </trkpt>
      <trkpt lat="-21.314760224127394" lon="55.53396944188632">
        <ele>541</ele>
      </trkpt>
      <trkpt lat="-21.314720054439718" lon="55.53410957907064">
        <ele>544</ele>
      </trkpt>
      <trkpt lat="-21.314720054439718" lon="55.53416976619468">
        <ele>544</ele>
      </trkpt>
      <trkpt lat="-21.314760224127394" lon="55.53423983478684">
        <ele>544</ele>
      </trkpt>
      <trkpt lat="-21.314810436221542" lon="55.53425959772309">
        <ele>544</ele>
      </trkpt>
      <trkpt lat="-21.314890775536448" lon="55.53426947919121">
        <ele>544</ele>
      </trkpt>
      <trkpt lat="-21.31510082916254" lon="55.53418952913093">
        <ele>544</ele>
      </trkpt>
      <trkpt lat="-21.315200416234863" lon="55.53419941059905">
        <ele>544</ele>
      </trkpt>
      <trkpt lat="-21.315210458624943" lon="55.534289242127464">
        <ele>544</ele>
      </trkpt>
      <trkpt lat="-21.31510082916254" lon="55.53439973490741">
        <ele>544</ele>
      </trkpt>
      <trkpt lat="-21.31498032034607" lon="55.53457939796424">
        <ele>546</ele>
      </trkpt>
      <trkpt lat="-21.3149501931265" lon="55.5346494665564">
        <ele>550</ele>
      </trkpt>
      <trkpt lat="-21.314900817947734" lon="55.53482912961323">
        <ele>550</ele>
      </trkpt>
      <trkpt lat="-21.314810436221542" lon="55.53487943526913">
        <ele>550</ele>
      </trkpt>
      <trkpt lat="-21.31469076403552" lon="55.5349099779888">
        <ele>554</ele>
      </trkpt>
      <trkpt lat="-21.314490752262174" lon="55.53484979086476">
        <ele>553</ele>
      </trkpt>
      <trkpt lat="-21.31436020049747" lon="55.53484979086476">
        <ele>553</ele>
      </trkpt>
      <trkpt lat="-21.314220443031004" lon="55.534899198205395">
        <ele>560</ele>
      </trkpt>
      <trkpt lat="-21.313910800266196" lon="55.53506987810937">
        <ele>563</ele>
      </trkpt>
      <trkpt lat="-21.313610362473042" lon="55.53521989676182">
        <ele>565</ele>
      </trkpt>
      <trkpt lat="-21.31349068930904" lon="55.53532949122648">
        <ele>565</ele>
      </trkpt>
      <trkpt lat="-21.313480646801334" lon="55.53541932275488">
        <ele>565</ele>
      </trkpt>
      <trkpt lat="-21.313480646801334" lon="55.5355091542833">
        <ele>565</ele>
      </trkpt>
      <trkpt lat="-21.313520816828053" lon="55.53561964706325">
        <ele>570</ele>
      </trkpt>
      <trkpt lat="-21.313540064961963" lon="55.5356394099995">
        <ele>570</ele>
      </trkpt>
      <trkpt lat="-21.31364048996749" lon="55.535679834187285">
        <ele>570</ele>
      </trkpt>
      <trkpt lat="-21.313840502898927" lon="55.53564929146762">
        <ele>565</ele>
      </trkpt>
      <trkpt lat="-21.313950133302257" lon="55.535689715655415">
        <ele>565</ele>
      </trkpt>
      <trkpt lat="-21.314000345673396" lon="55.53577954718382">
        <ele>567</ele>
      </trkpt>
      <trkpt lat="-21.313990303200548" lon="55.535839734307864">
        <ele>569</ele>
      </trkpt>
      <trkpt lat="-21.31393004834899" lon="55.53589992143189">
        <ele>569</ele>
      </trkpt>
      <trkpt lat="-21.31383046041514" lon="55.53593944730439">
        <ele>569</ele>
      </trkpt>
      <trkpt lat="-21.31371078743051" lon="55.53600951589655">
        <ele>571</ele>
      </trkpt>
      <trkpt lat="-21.313570192470827" lon="55.53613977161275">
        <ele>573</ele>
      </trkpt>
      <trkpt lat="-21.31321033571086" lon="55.536409266197985">
        <ele>573</ele>
      </trkpt>
      <trkpt lat="-21.313020364461014" lon="55.53651975897793">
        <ele>575</ele>
      </trkpt>
      <trkpt lat="-21.31287056317" lon="55.53666977763038">
        <ele>576</ele>
      </trkpt>
      <trkpt lat="-21.312710719165832" lon="55.536799135031295">
        <ele>576</ele>
      </trkpt>
      <trkpt lat="-21.312690634043065" lon="55.53680991481471">
        <ele>576</ele>
      </trkpt>
      <trkpt lat="-21.312620336091708" lon="55.536799135031295">
        <ele>576</ele>
      </trkpt>
      <trkpt lat="-21.31250066212094" lon="55.53670930350288">
        <ele>577</ele>
      </trkpt>
      <trkpt lat="-21.312430364078658" lon="55.536689540566634">
        <ele>577</ele>
      </trkpt>
      <trkpt lat="-21.312400236335957" lon="55.536689540566634">
        <ele>577</ele>
      </trkpt>
      <trkpt lat="-21.312330775127826" lon="55.536769490626924">
        <ele>577</ele>
      </trkpt>
      <trkpt lat="-21.312290604775608" lon="55.53690962781124">
        <ele>580</ele>
      </trkpt>
      <trkpt lat="-21.31221026403821" lon="55.53741987089263">
        <ele>578</ele>
      </trkpt>
      <trkpt lat="-21.312160051055002" lon="55.537519583889164">
        <ele>578</ele>
      </trkpt>
      <trkpt lat="-21.312010248886452" lon="55.53773967113378">
        <ele>580</ele>
      </trkpt>
      <trkpt lat="-21.311950830106884" lon="55.53783938413031">
        <ele>586</ele>
      </trkpt>
      <trkpt lat="-21.31175081460182" lon="55.538259795683274">
        <ele>592</ele>
      </trkpt>
      <trkpt lat="-21.31161021776576" lon="55.538609240328796">
        <ele>596</ele>
      </trkpt>
      <trkpt lat="-21.311350782774475" lon="55.539149127814554">
        <ele>600</ele>
      </trkpt>
      <trkpt lat="-21.311310612154223" lon="55.53930992625041">
        <ele>600</ele>
      </trkpt>
      <trkpt lat="-21.31140015914684" lon="55.53951923371161">
        <ele>600</ele>
      </trkpt>
      <trkpt lat="-21.311510628258784" lon="55.53990910254492">
        <ele>598</ele>
      </trkpt>
      <trkpt lat="-21.311530713542933" lon="55.54010942685328">
        <ele>601</ele>
      </trkpt>
      <trkpt lat="-21.311520670901206" lon="55.540209139849814">
        <ele>603</ele>
      </trkpt>
      <trkpt lat="-21.311480500327406" lon="55.54031963262976">
        <ele>608</ele>
      </trkpt>
      <trkpt lat="-21.311390116496185" lon="55.54043910856255">
        <ele>608</ele>
      </trkpt>
      <trkpt lat="-21.311310612154223" lon="55.54052983840625">
        <ele>602</ele>
      </trkpt>
      <trkpt lat="-21.311170014896756" lon="55.54066997559056">
        <ele>610</ele>
      </trkpt>
      <trkpt lat="-21.311130681116104" lon="55.54074992565086">
        <ele>611</ele>
      </trkpt>
      <trkpt lat="-21.31111059577725" lon="55.54090982577143">
        <ele>611</ele>
      </trkpt>
      <trkpt lat="-21.311130681116104" lon="55.54113979448417">
        <ele>610</ele>
      </trkpt>
      <trkpt lat="-21.311080467763816" lon="55.54145959472531">
        <ele>610</ele>
      </trkpt>
      <trkpt lat="-21.311160809119258" lon="55.54166980050179">
        <ele>611</ele>
      </trkpt>
      <trkpt lat="-21.311250356203214" lon="55.541859345026744">
        <ele>609</ele>
      </trkpt>
      <trkpt lat="-21.31138007384483" lon="55.54207943227135">
        <ele>610</ele>
      </trkpt>
      <trkpt lat="-21.31146041503639" lon="55.542259993643455">
        <ele>607</ele>
      </trkpt>
      <trkpt lat="-21.311450372389846" lon="55.54243965670028">
        <ele>599</ele>
      </trkpt>
      <trkpt lat="-21.311240313542303" lon="55.54275945694143">
        <ele>605</ele>
      </trkpt>
      <trkpt lat="-21.311140723784504" lon="55.54286994972137">
        <ele>604</ele>
      </trkpt>
      <trkpt lat="-21.311040297069624" lon="55.54306937571446">
        <ele>606</ele>
      </trkpt>
      <trkpt lat="-21.310940707176183" lon="55.54331910736344">
        <ele>607</ele>
      </trkpt>
      <trkpt lat="-21.310920621811338" lon="55.54344936307964">
        <ele>607</ele>
      </trkpt>
      <trkpt lat="-21.311130681116104" lon="55.54385989316447">
        <ele>603</ele>
      </trkpt>
      <trkpt lat="-21.311240313542303" lon="55.54429916933841">
        <ele>606</ele>
      </trkpt>
      <trkpt lat="-21.31141020179682" lon="55.54479953095166">
        <ele>610</ele>
      </trkpt>
      <trkpt lat="-21.311520670901206" lon="55.544839955139444">
        <ele>610</ele>
      </trkpt>
      <trkpt lat="-21.31162026040137" lon="55.544839955139444">
        <ele>610</ele>
      </trkpt>
      <trkpt lat="-21.311770062967703" lon="55.54474922529575">
        <ele>610</ele>
      </trkpt>
      <trkpt lat="-21.311810233462296" lon="55.544679156703594">
        <ele>628</ele>
      </trkpt>
      <trkpt lat="-21.311850403945925" lon="55.54451925658302">
        <ele>626</ele>
      </trkpt>
      <trkpt lat="-21.311850403945925" lon="55.544329712058065">
        <ele>604</ele>
      </trkpt>
      <trkpt lat="-21.311790148216378" lon="55.544089861877204">
        <ele>599</ele>
      </trkpt>
      <trkpt lat="-21.311710644090965" lon="55.54385989316447">
        <ele>599</ele>
      </trkpt>
      <trkpt lat="-21.31170060146153" lon="55.54372963744829">
        <ele>598</ele>
      </trkpt>
      <trkpt lat="-21.311770062967703" lon="55.543559855859584">
        <ele>611</ele>
      </trkpt>
      <trkpt lat="-21.311880531801414" lon="55.543429600143384">
        <ele>609</ele>
      </trkpt>
      <trkpt lat="-21.312020291494715" lon="55.54331910736344">
        <ele>617</ele>
      </trkpt>
      <trkpt lat="-21.312450449237033" lon="55.54300918859041">
        <ele>619</ele>
      </trkpt>
      <trkpt lat="-21.312650463789264" lon="55.542819644065474">
        <ele>617</ele>
      </trkpt>
      <trkpt lat="-21.31277013763797" lon="55.542689388349274">
        <ele>615</ele>
      </trkpt>
      <trkpt lat="-21.31288060571942" lon="55.54254925116494">
        <ele>616</ele>
      </trkpt>
      <trkpt lat="-21.312970151754797" lon="55.5423992325125">
        <ele>616</ele>
      </trkpt>
      <trkpt lat="-21.313010321921144" lon="55.54231928245221">
        <ele>616</ele>
      </trkpt>
      <trkpt lat="-21.313060534613633" lon="55.542169263799764">
        <ele>616</ele>
      </trkpt>
      <trkpt lat="-21.313090662220876" lon="55.54183958209049">
        <ele>618</ele>
      </trkpt>
      <trkpt lat="-21.313130832354258" lon="55.54173986909396">
        <ele>620</ele>
      </trkpt>
      <trkpt lat="-21.313260548334956" lon="55.541719207842426">
        <ele>620</ele>
      </trkpt>
      <trkpt lat="-21.31339026420106" lon="55.5417991579027">
        <ele>620</ele>
      </trkpt>
      <trkpt lat="-21.313430434252503" lon="55.54194917655516">
        <ele>614</ele>
      </trkpt>
      <trkpt lat="-21.31333837786836" lon="55.54225640038233">
        <ele>620</ele>
      </trkpt>
      <trkpt lat="-21.31321033571086" lon="55.54267950688114">
        <ele>621</ele>
      </trkpt>
      <trkpt lat="-21.313093172854536" lon="55.543026256580816">
        <ele>621</ele>
      </trkpt>
      <trkpt lat="-21.312950066667486" lon="55.54344936307964">
        <ele>623</ele>
      </trkpt>
      <trkpt lat="-21.31281030785902" lon="55.54403955622131">
        <ele>634</ele>
      </trkpt>
      <trkpt lat="-21.312660506353737" lon="55.544209337809995">
        <ele>639</ele>
      </trkpt>
      <trkpt lat="-21.31270067660478" lon="55.54434947499433">
        <ele>639</ele>
      </trkpt>
      <trkpt lat="-21.312669712037245" lon="55.5447240724678">
        <ele>643</ele>
      </trkpt>
      <trkpt lat="-21.312630378658255" lon="55.5451992812531">
        <ele>643</ele>
      </trkpt>
      <trkpt lat="-21.312840435517597" lon="55.54528911278151">
        <ele>646</ele>
      </trkpt>
      <trkpt lat="-21.312950066667486" lon="55.54536996115708">
        <ele>644</ele>
      </trkpt>
      <trkpt lat="-21.312990236839347" lon="55.545479555621746">
        <ele>644</ele>
      </trkpt>
      <trkpt lat="-21.312950066667486" lon="55.54565921867857">
        <ele>647</ele>
      </trkpt>
      <trkpt lat="-21.312820350412565" lon="55.54569964286636">
        <ele>648</ele>
      </trkpt>
      <trkpt lat="-21.312720761726194" lon="55.54589996717471">
        <ele>649</ele>
      </trkpt>
      <trkpt lat="-21.31268059148064" lon="55.54592961157908">
        <ele>649</ele>
      </trkpt>
      <trkpt lat="-21.312630378658255" lon="55.54592961157908">
        <ele>649</ele>
      </trkpt>
      <trkpt lat="-21.312470534392656" lon="55.54587930592318">
        <ele>649</ele>
      </trkpt>
      <trkpt lat="-21.312380151170718" lon="55.54585954298693">
        <ele>649</ele>
      </trkpt>
      <trkpt lat="-21.31236006600272" lon="55.54587930592318">
        <ele>649</ele>
      </trkpt>
      <trkpt lat="-21.312350023417714" lon="55.54587930592318">
        <ele>649</ele>
      </trkpt>
      <trkpt lat="-21.312330775127826" lon="55.54583978005067">
        <ele>649</ele>
      </trkpt>
      <trkpt lat="-21.312260477004227" lon="55.54579935586289">
        <ele>648</ele>
      </trkpt>
      <trkpt lat="-21.312180136250333" lon="55.54576971145851">
        <ele>648</ele>
      </trkpt>
      <trkpt lat="-21.31210063233603" lon="55.54576971145851">
        <ele>648</ele>
      </trkpt>
      <trkpt lat="-21.312050419315362" lon="55.545789474394766">
        <ele>648</ele>
      </trkpt>
      <trkpt lat="-21.312020291494715" lon="55.54584966151881">
        <ele>648</ele>
      </trkpt>
      <trkpt lat="-21.31200020627751" lon="55.54595925598347">
        <ele>648</ele>
      </trkpt>
      <trkpt lat="-21.31194078749387" lon="55.54612993588746">
        <ele>648</ele>
      </trkpt>
      <trkpt lat="-21.311970078446564" lon="55.54626917475649">
        <ele>648</ele>
      </trkpt>
      <trkpt lat="-21.31191065965075" lon="55.54627995453989">
        <ele>648</ele>
      </trkpt>
      <trkpt lat="-21.311890574418545" lon="55.54629971747614">
        <ele>648</ele>
      </trkpt>
      <trkpt lat="-21.311880531801414" lon="55.54643985466048">
        <ele>651</ele>
      </trkpt>
      <trkpt lat="-21.311850403945925" lon="55.546539567657">
        <ele>645</ele>
      </trkpt>
      <trkpt lat="-21.311840361326045" lon="55.54670934924571">
        <ele>654</ele>
      </trkpt>
      <trkpt lat="-21.31176002034234" lon="55.54684948643002">
        <ele>648</ele>
      </trkpt>
      <trkpt lat="-21.31172068671971" lon="55.54699950508247">
        <ele>647</ele>
      </trkpt>
      <trkpt lat="-21.311730729347758" lon="55.54711987933054">
        <ele>652</ele>
      </trkpt>
      <trkpt lat="-21.311800190839683" lon="55.54734984804328">
        <ele>660</ele>
      </trkpt>
      <trkpt lat="-21.31175081460182" lon="55.54755915550448">
        <ele>659</ele>
      </trkpt>
      <trkpt lat="-21.31170060146153" lon="55.547679529752564">
        <ele>659</ele>
      </trkpt>
      <trkpt lat="-21.311660430936936" lon="55.54785919280938">
        <ele>666</ele>
      </trkpt>
      <trkpt lat="-21.31162026040137" lon="55.5479993299937">
        <ele>666</ele>
      </trkpt>
      <trkpt lat="-21.311530713542933" lon="55.54820953577019">
        <ele>675</ele>
      </trkpt>
      <trkpt lat="-21.31141020179682" lon="55.548359554422625">
        <ele>677</ele>
      </trkpt>
      <trkpt lat="-21.31133069746572" lon="55.54839997861041">
        <ele>675</ele>
      </trkpt>
      <trkpt lat="-21.3112804841818" lon="55.54844938595104">
        <ele>677</ele>
      </trkpt>
      <trkpt lat="-21.311260398863418" lon="55.54851945454321">
        <ele>679</ele>
      </trkpt>
      <trkpt lat="-21.31121018555548" lon="55.548609286071624">
        <ele>679</ele>
      </trkpt>
      <trkpt lat="-21.311190100227495" lon="55.54871977885156">
        <ele>675</ele>
      </trkpt>
      <trkpt lat="-21.31115076645222" lon="55.54884913625248">
        <ele>676</ele>
      </trkpt>
      <trkpt lat="-21.311170014896756" lon="55.549009934688335">
        <ele>676</ele>
      </trkpt>
      <trkpt lat="-21.31115076645222" lon="55.54912941062113">
        <ele>677</ele>
      </trkpt>
      <trkpt lat="-21.311120638447015" lon="55.549419566457885">
        <ele>679</ele>
      </trkpt>
      <trkpt lat="-21.311130681116104" lon="55.549809435291195">
        <ele>681</ele>
      </trkpt>
      <trkpt lat="-21.311000126364412" lon="55.55015977825201">
        <ele>685</ele>
      </trkpt>
      <trkpt lat="-21.310930664494116" lon="55.55038974696474">
        <ele>696</ele>
      </trkpt>
      <trkpt lat="-21.310920621811338" lon="55.55056941002156">
        <ele>689</ele>
      </trkpt>
      <trkpt lat="-21.310830237635574" lon="55.55087932879458">
        <ele>694</ele>
      </trkpt>
      <trkpt lat="-21.310680434110655" lon="55.55097994010641">
        <ele>694</ele>
      </trkpt>
      <trkpt lat="-21.310610135197127" lon="55.551179366099475">
        <ele>693</ele>
      </trkpt>
      <trkpt lat="-21.310520587722838" lon="55.55132938475193">
        <ele>692</ele>
      </trkpt>
      <trkpt lat="-21.310480416875496" lon="55.551499166340626">
        <ele>692</ele>
      </trkpt>
      <trkpt lat="-21.310400075147882" lon="55.55171925358523">
        <ele>698</ele>
      </trkpt>
      <trkpt lat="-21.310270356640736" lon="55.55187915370582">
        <ele>701</ele>
      </trkpt>
      <trkpt lat="-21.310230185724958" lon="55.55199952795388">
        <ele>700</ele>
      </trkpt>
      <trkpt lat="-21.310150680755104" lon="55.55210912241854">
        <ele>710</ele>
      </trkpt>
      <trkpt lat="-21.310220142994307" lon="55.55221961519849">
        <ele>710</ele>
      </trkpt>
      <trkpt lat="-21.310220142994307" lon="55.55236963385094">
        <ele>710</ele>
      </trkpt>
      <trkpt lat="-21.310240228454937" lon="55.55250977103526">
        <ele>710</ele>
      </trkpt>
      <trkpt lat="-21.31020005753093" lon="55.55266967115584">
        <ele>712</ele>
      </trkpt>
      <trkpt lat="-21.310160723490526" lon="55.55294994552448">
        <ele>711</ele>
      </trkpt>
      <trkpt lat="-21.310230185724958" lon="55.55304965852102">
        <ele>714</ele>
      </trkpt>
      <trkpt lat="-21.31033061299378" lon="55.55306942145727">
        <ele>714</ele>
      </trkpt>
      <trkpt lat="-21.310430203300882" lon="55.55304965852102">
        <ele>715</ele>
      </trkpt>
      <trkpt lat="-21.310580007081036" lon="55.55304965852102">
        <ele>715</ele>
      </trkpt>
      <trkpt lat="-21.310690476809842" lon="55.553359577294046">
        <ele>722</ele>
      </trkpt>
      <trkpt lat="-21.310800109564617" lon="55.55348983301024">
        <ele>722</ele>
      </trkpt>
      <trkpt lat="-21.310990083686402" lon="55.55361919041115">
        <ele>726</ele>
      </trkpt>
      <trkpt lat="-21.31103025439435" lon="55.55368925900331">
        <ele>726</ele>
      </trkpt>
      <trkpt lat="-21.311010169041744" lon="55.553779988847005">
        <ele>726</ele>
      </trkpt>
      <trkpt lat="-21.311010169041744" lon="55.55392910918417">
        <ele>727</ele>
      </trkpt>
      <trkpt lat="-21.31102021171839" lon="55.55401983902787">
        <ele>727</ele>
      </trkpt>
      <trkpt lat="-21.311010169041744" lon="55.5541195520244">
        <ele>728</ele>
      </trkpt>
      <trkpt lat="-21.31102021171839" lon="55.554289333613106">
        <ele>728</ele>
      </trkpt>
      <trkpt lat="-21.31105033974418" lon="55.55439982639305">
        <ele>728</ele>
      </trkpt>
      <trkpt lat="-21.311160809119258" lon="55.55450942085771">
        <ele>729</ele>
      </trkpt>
      <trkpt lat="-21.311130681116104" lon="55.554669320978284">
        <ele>730</ele>
      </trkpt>
      <trkpt lat="-21.31103025439435" lon="55.554829221098856">
        <ele>730</ele>
      </trkpt>
      <trkpt lat="-21.31102021171839" lon="55.55501966393909">
        <ele>730</ele>
      </trkpt>
      <trkpt lat="-21.31096079253829" lon="55.55509961399938">
        <ele>730</ele>
      </trkpt>
      <trkpt lat="-21.310800109564617" lon="55.55514991965529">
        <ele>730</ele>
      </trkpt>
      <trkpt lat="-21.310650306008974" lon="55.55512925840375">
        <ele>730</ele>
      </trkpt>
      <trkpt lat="-21.310520587722838" lon="55.555189445527795">
        <ele>731</ele>
      </trkpt>
      <trkpt lat="-21.310480416875496" lon="55.555309819775864">
        <ele>739</ele>
      </trkpt>
      <trkpt lat="-21.310320570269983" lon="55.55559997561264">
        <ele>739</ele>
      </trkpt>
      <trkpt lat="-21.310180808959274" lon="55.55574999426507">
        <ele>740</ele>
      </trkpt>
      <trkpt lat="-21.310130595282235" lon="55.55584970726162">
        <ele>740</ele>
      </trkpt>
      <trkpt lat="-21.31006029610554" lon="55.555929657321904">
        <ele>737</ele>
      </trkpt>
      <trkpt lat="-21.310050253363254" lon="55.556129981630264">
        <ele>742</ele>
      </trkpt>
      <trkpt lat="-21.309970748296013" lon="55.55625933903118">
        <ele>742</ele>
      </trkpt>
      <trkpt lat="-21.30977073009442" lon="55.5565297319317">
        <ele>750</ele>
      </trkpt>
      <trkpt lat="-21.309680345211035" lon="55.55658991905573">
        <ele>750</ele>
      </trkpt>
      <trkpt lat="-21.309620088591217" lon="55.55677946358069">
        <ele>753</ele>
      </trkpt>
      <trkpt lat="-21.309590797169882" lon="55.55695912663751">
        <ele>756</ele>
      </trkpt>
      <trkpt lat="-21.309510454955646" lon="55.556949245169385">
        <ele>756</ele>
      </trkpt>
      <trkpt lat="-21.30946024104943" lon="55.55683965070472">
        <ele>759</ele>
      </trkpt>
      <trkpt lat="-21.309340564503746" lon="55.55680910798506">
        <ele>759</ele>
      </trkpt>
      <trkpt lat="-21.30920080226053" lon="55.557059737949324">
        <ele>763</ele>
      </trkpt>
      <trkpt lat="-21.30916063105226" lon="55.557199875133655">
        <ele>769</ele>
      </trkpt>
      <trkpt lat="-21.308960611747487" lon="55.55753943831105">
        <ele>769</ele>
      </trkpt>
      <trkpt lat="-21.308930483293036" lon="55.55770921989975">
        <ele>775</ele>
      </trkpt>
      <trkpt lat="-21.308880269188545" lon="55.55775952555566">
        <ele>775</ele>
      </trkpt>
      <trkpt lat="-21.308830055066906" lon="55.557769407023784">
        <ele>775</ele>
      </trkpt>
      <trkpt lat="-21.308780677830562" lon="55.55778916996003">
        <ele>775</ele>
      </trkpt>
      <trkpt lat="-21.308680249502" lon="55.55780983121157">
        <ele>776</ele>
      </trkpt>
      <trkpt lat="-21.30848022954309" lon="55.55789966273998">
        <ele>774</ele>
      </trkpt>
      <trkpt lat="-21.30835050934045" lon="55.55792930714436">
        <ele>774</ele>
      </trkpt>
      <trkpt lat="-21.30824003785178" lon="55.5578197126797">
        <ele>774</ele>
      </trkpt>
      <trkpt lat="-21.308170574676193" lon="55.55777928849191">
        <ele>774</ele>
      </trkpt>
      <trkpt lat="-21.308170574676193" lon="55.557769407023784">
        <ele>774</ele>
      </trkpt>
      <trkpt lat="-21.308050060173155" lon="55.55775952555566">
        <ele>771</ele>
      </trkpt>
      <trkpt lat="-21.307960511138113" lon="55.55779994974345">
        <ele>771</ele>
      </trkpt>
      <trkpt lat="-21.307890210922835" lon="55.55793918861248">
        <ele>767</ele>
      </trkpt>
      <trkpt lat="-21.30788016803219" lon="55.55816915732521">
        <ele>774</ele>
      </trkpt>
      <trkpt lat="-21.307910296702055" lon="55.55843955022574">
        <ele>777</ele>
      </trkpt>
      <trkpt lat="-21.30794042536575" lon="55.55861921328256">
        <ele>779</ele>
      </trkpt>
      <trkpt lat="-21.307950468252272" lon="55.55874946899876">
        <ele>779</ele>
      </trkpt>
      <trkpt lat="-21.307860082248837" lon="55.55902974336741">
        <ele>784</ele>
      </trkpt>
      <trkpt lat="-21.307890210922835" lon="55.55914921930019">
        <ele>789</ele>
      </trkpt>
      <trkpt lat="-21.307870125140855" lon="55.55925971208014">
        <ele>789</ele>
      </trkpt>
      <trkpt lat="-21.30783079047653" lon="55.55935942507667">
        <ele>789</ele>
      </trkpt>
      <trkpt lat="-21.307720318596992" lon="55.5594196122007">
        <ele>793</ele>
      </trkpt>
      <trkpt lat="-21.307630769360927" lon="55.559499562260996">
        <ele>793</ele>
      </trkpt>
      <trkpt lat="-21.307500211498425" lon="55.559589393789416">
        <ele>793</ele>
      </trkpt>
      <trkpt lat="-21.30737049043035" lon="55.55969988656935">
        <ele>797</ele>
      </trkpt>
      <trkpt lat="-21.307201434414893" lon="55.55988763446374">
        <ele>797</ele>
      </trkpt>
      <trkpt lat="-21.30702066143064" lon="55.560089755402664">
        <ele>801</ele>
      </trkpt>
      <trkpt lat="-21.306980489626152" lon="55.56021911280357">
        <ele>805</ele>
      </trkpt>
      <trkpt lat="-21.306810596248212" lon="55.560329605583526">
        <ele>805</ele>
      </trkpt>
      <trkpt lat="-21.306650745649147" lon="55.560479624235974">
        <ele>807</ele>
      </trkpt>
      <trkpt lat="-21.306550315864442" lon="55.560609879952175">
        <ele>813</ele>
      </trkpt>
      <trkpt lat="-21.306510143931337" lon="55.560639524356546">
        <ele>813</ele>
      </trkpt>
      <trkpt lat="-21.306400507974672" lon="55.56090991725707">
        <ele>819</ele>
      </trkpt>
      <trkpt lat="-21.306420593957583" lon="55.5609593245977">
        <ele>819</ele>
      </trkpt>
      <trkpt lat="-21.306460765915183" lon="55.56101951172173">
        <ele>824</ele>
      </trkpt>
      <trkpt lat="-21.306530229899266" lon="55.56121983603009">
        <ele>823</ele>
      </trkpt>
      <trkpt lat="-21.306460765915183" lon="55.561349193431">
        <ele>827</ele>
      </trkpt>
      <trkpt lat="-21.30644067993775" lon="55.56142914349129">
        <ele>827</ele>
      </trkpt>
      <trkpt lat="-21.30644067993775" lon="55.56158994192715">
        <ele>827</ele>
      </trkpt>
      <trkpt lat="-21.306420593957583" lon="55.56169953639181">
        <ele>830</ele>
      </trkpt>
      <trkpt lat="-21.30641055096647" lon="55.561959149508915">
        <ele>832</ele>
      </trkpt>
      <trkpt lat="-21.306370378995148" lon="55.562279848065344">
        <ele>837</ele>
      </trkpt>
      <trkpt lat="-21.306340250009438" lon="55.56242986671781">
        <ele>841</ele>
      </trkpt>
      <trkpt lat="-21.30626074293417" lon="55.562639174179">
        <ele>841</ele>
      </trkpt>
      <trkpt lat="-21.30622057092188" lon="55.56282961701923">
        <ele>846</ele>
      </trkpt>
      <trkpt lat="-21.30616031288285" lon="55.562959872735426">
        <ele>853</ele>
      </trkpt>
      <trkpt lat="-21.30611009783144" lon="55.56314941726038">
        <ele>855</ele>
      </trkpt>
      <trkpt lat="-21.30600046157622" lon="55.563409928692764">
        <ele>856</ele>
      </trkpt>
      <trkpt lat="-21.30591007437298" lon="55.56351952315744">
        <ele>856</ele>
      </trkpt>
      <trkpt lat="-21.305680758441166" lon="55.56369918621426">
        <ele>861</ele>
      </trkpt>
      <trkpt lat="-21.30533008849559" lon="55.56409983483097">
        <ele>879</ele>
      </trkpt>
      <trkpt lat="-21.305130063975145" lon="55.56438999066774">
        <ele>882</ele>
      </trkpt>
      <trkpt lat="-21.304990297726007" lon="55.56447982219615">
        <ele>888</ele>
      </trkpt>
      <trkpt lat="-21.304880660635117" lon="55.56468912965736">
        <ele>883</ele>
      </trkpt>
      <trkpt lat="-21.30468063550279" lon="55.56494964108976">
        <ele>891</ele>
      </trkpt>
      <trkpt lat="-21.304500696343524" lon="55.56510954121032">
        <ele>891</ele>
      </trkpt>
      <trkpt lat="-21.304490653221166" lon="55.56522991545839">
        <ele>902</ele>
      </trkpt>
      <trkpt lat="-21.304490653221166" lon="55.56547964710738">
        <ele>902</ele>
      </trkpt>
      <trkpt lat="-21.30459024748754" lon="55.56574914169262">
        <ele>903</ele>
      </trkpt>
      <trkpt lat="-21.30467059239273" lon="55.565819210284786">
        <ele>903</ele>
      </trkpt>
      <trkpt lat="-21.304490653221166" lon="55.56624950330587">
        <ele>907</ele>
      </trkpt>
      <trkpt lat="-21.304430394472604" lon="55.56649923495486">
        <ele>908</ele>
      </trkpt>
      <trkpt lat="-21.30447056697439" lon="55.5667795093235">
        <ele>907</ele>
      </trkpt>
      <trkpt lat="-21.304410308217587" lon="55.567069665160275">
        <ele>907</ele>
      </trkpt>
      <trkpt lat="-21.304290627557865" lon="55.567139733752434">
        <ele>907</ele>
      </trkpt>
      <trkpt lat="-21.304140817363887" lon="55.56717925962493">
        <ele>907</ele>
      </trkpt>
      <trkpt lat="-21.304090601622235" lon="55.56719992087647">
        <ele>907</ele>
      </trkpt>
      <trkpt lat="-21.30397008377223" lon="55.567269989468635">
        <ele>922</ele>
      </trkpt>
      <trkpt lat="-21.303860445920034" lon="55.567409228337674">
        <ele>916</ele>
      </trkpt>
      <trkpt lat="-21.30371063528744" lon="55.56754936552199">
        <ele>916</ele>
      </trkpt>
      <trkpt lat="-21.303540738128195" lon="55.56774968983035">
        <ele>928</ele>
      </trkpt>
      <trkpt lat="-21.303500565372165" lon="55.56782963989064">
        <ele>928</ele>
      </trkpt>
      <trkpt lat="-21.303460392605153" lon="55.56786916576315">
        <ele>928</ele>
      </trkpt>
      <trkpt lat="-21.303260365539256" lon="55.56820962725582">
        <ele>943</ele>
      </trkpt>
      <trkpt lat="-21.303180019862886" lon="55.56846924037293">
        <ele>943</ele>
      </trkpt>
      <trkpt lat="-21.3031105542948" lon="55.56857973315288">
        <ele>947</ele>
      </trkpt>
      <trkpt lat="-21.30310051107742" lon="55.568619259025375">
        <ele>947</ele>
      </trkpt>
      <trkpt lat="-21.303070381421147" lon="55.56902978911022">
        <ele>959</ele>
      </trkpt>
      <trkpt lat="-21.302890440289833" lon="55.56928940222733">
        <ele>966</ele>
      </trkpt>
      <trkpt lat="-21.302800051173282" lon="55.56949960800382">
        <ele>966</ele>
      </trkpt>
      <trkpt lat="-21.302710498938154" lon="55.56966938959251">
        <ele>970</ele>
      </trkpt>
      <trkpt lat="-21.302670325955148" lon="55.5697098137803">
        <ele>970</ele>
      </trkpt>
      <trkpt lat="-21.302450211290704" lon="55.56978976384059">
        <ele>970</ele>
      </trkpt>
      <trkpt lat="-21.302390788644164" lon="55.569879595369">
        <ele>970</ele>
      </trkpt>
      <trkpt lat="-21.302300399220233" lon="55.57004937695769">
        <ele>970</ele>
      </trkpt>
      <trkpt lat="-21.302250182849594" lon="55.570119445549864">
        <ele>969</ele>
      </trkpt>
      <trkpt lat="-21.30217067356098" lon="55.57028922713855">
        <ele>970</ele>
      </trkpt>
      <trkpt lat="-21.30217067356098" lon="55.57049943291504">
        <ele>970</ele>
      </trkpt>
      <trkpt lat="-21.30219076012216" lon="55.57067999428715">
        <ele>973</ele>
      </trkpt>
      <trkpt lat="-21.302180716841907" lon="55.57072940162777">
        <ele>977</ele>
      </trkpt>
      <trkpt lat="-21.30210037057519" lon="55.57083989440772">
        <ele>977</ele>
      </trkpt>
      <trkpt lat="-21.301970644739324" lon="55.57095937034051">
        <ele>984</ele>
      </trkpt>
      <trkpt lat="-21.301830038542732" lon="55.571049201868924">
        <ele>989</ele>
      </trkpt>
      <trkpt lat="-21.301660139208998" lon="55.571129151929206">
        <ele>988</ele>
      </trkpt>
      <trkpt lat="-21.301610759562845" lon="55.57116957611699">
        <ele>993</ele>
      </trkpt>
      <trkpt lat="-21.30155049963318" lon="55.57133935770569">
        <ele>996</ele>
      </trkpt>
      <trkpt lat="-21.301440023031308" lon="55.571579207886565">
        <ele>992</ele>
      </trkpt>
      <trkpt lat="-21.301330383291255" lon="55.571849600787075">
        <ele>996</ele>
      </trkpt>
      <trkpt lat="-21.301290209930915" lon="55.571919669379234">
        <ele>997</ele>
      </trkpt>
      <trkpt lat="-21.30124083016046" lon="55.571969975035145">
        <ele>997</ele>
      </trkpt>
      <trkpt lat="-21.301280166589105" lon="55.572029263843895">
        <ele>997</ele>
      </trkpt>
      <trkpt lat="-21.301340426629636" lon="55.57214963809197">
        <ele>997</ele>
      </trkpt>
      <trkpt lat="-21.30141072997899" lon="55.572599694049316">
        <ele>998</ele>
      </trkpt>
      <trkpt lat="-21.30143081664406" lon="55.57282966276205">
        <ele>996</ele>
      </trkpt>
      <trkpt lat="-21.30141072997899" lon="55.57304975000666">
        <ele>998</ele>
      </trkpt>
      <trkpt lat="-21.301380599976245" lon="55.57313958153507">
        <ele>998</ele>
      </trkpt>
      <trkpt lat="-21.301400686645433" lon="55.57315934447132">
        <ele>998</ele>
      </trkpt>
      <trkpt lat="-21.30145006636218" lon="55.5731494630032">
        <ele>998</ele>
      </trkpt>
      <trkpt lat="-21.30153041298447" lon="55.57309915734728">
        <ele>1000</ele>
      </trkpt>
      <trkpt lat="-21.30158062960109" lon="55.573089275879155">
        <ele>995</ele>
      </trkpt>
      <trkpt lat="-21.30171035578129" lon="55.57315934447132">
        <ele>995</ele>
      </trkpt>
      <trkpt lat="-21.301890298357748" lon="55.57327971871939">
        <ele>997</ele>
      </trkpt>
      <trkpt lat="-21.302160630279356" lon="55.57347914471247">
        <ele>996</ele>
      </trkpt>
      <trkpt lat="-21.30228031267404" lon="55.573529450368376">
        <ele>998</ele>
      </trkpt>
      <trkpt lat="-21.302400831910052" lon="55.573529450368376">
        <ele>999</ele>
      </trkpt>
      <trkpt lat="-21.30255064387811" lon="55.573489924495874">
        <ele>996</ele>
      </trkpt>
      <trkpt lat="-21.30269041244802" lon="55.573599518960535">
        <ele>1003</ele>
      </trkpt>
      <trkpt lat="-21.302730585425557" lon="55.57356987455616">
        <ele>1003</ele>
      </trkpt>
      <trkpt lat="-21.302710498938154" lon="55.573489924495874">
        <ele>1000</ele>
      </trkpt>
      <trkpt lat="-21.302660282707667" lon="55.573369550247804">
        <ele>1000</ele>
      </trkpt>
      <trkpt lat="-21.302650239459513" lon="55.573299481655646">
        <ele>1000</ele>
      </trkpt>
      <trkpt lat="-21.302680369201926" lon="55.57320965012723">
        <ele>1000</ele>
      </trkpt>
      <trkpt lat="-21.302880397057407" lon="55.57342973737184">
        <ele>1000</ele>
      </trkpt>
      <trkpt lat="-21.30294065644167" lon="55.573529450368376">
        <ele>1013</ele>
      </trkpt>
      <trkpt lat="-21.303060338201025" lon="55.57382948767328">
        <ele>1007</ele>
      </trkpt>
      <trkpt lat="-21.303260365539256" lon="55.57406933785413">
        <ele>1014</ele>
      </trkpt>
      <trkpt lat="-21.303300538360947" lon="55.5741394064463">
        <ele>1020</ele>
      </trkpt>
      <trkpt lat="-21.30331058156466" lon="55.5741897121022">
        <ele>1020</ele>
      </trkpt>
      <trkpt lat="-21.303290495156556" lon="55.57423911944283">
        <ele>1020</ele>
      </trkpt>
      <trkpt lat="-21.303010122090097" lon="55.57460922533989">
        <ele>1025</ele>
      </trkpt>
      <trkpt lat="-21.302760715151507" lon="55.575059281297236">
        <ele>1025</ele>
      </trkpt>
      <trkpt lat="-21.30274062866823" lon="55.57516977407717">
        <ele>1025</ele>
      </trkpt>
      <trkpt lat="-21.302810094411207" lon="55.57556952437861">
        <ele>1026</ele>
      </trkpt>
      <trkpt lat="-21.302880397057407" lon="55.575909985871284">
        <ele>1028</ele>
      </trkpt>
      <trkpt lat="-21.30295069966998" lon="55.57606988599187">
        <ele>1037</ele>
      </trkpt>
      <trkpt lat="-21.303060338201025" lon="55.57622978611244">
        <ele>1037</ele>
      </trkpt>
      <trkpt lat="-21.303290495156556" lon="55.576499280697675">
        <ele>1038</ele>
      </trkpt>
      <trkpt lat="-21.30339009023645" lon="55.57662953641387">
        <ele>1042</ele>
      </trkpt>
      <trkpt lat="-21.303430263022683" lon="55.5767696735982">
        <ele>1039</ele>
      </trkpt>
      <trkpt lat="-21.303440306217535" lon="55.57696999790656">
        <ele>1042</ele>
      </trkpt>
      <trkpt lat="-21.303420219827164" lon="55.57712989802713">
        <ele>1041</ele>
      </trkpt>
      <trkpt lat="-21.30331058156466" lon="55.57746946120452">
        <ele>1046</ele>
      </trkpt>
      <trkpt lat="-21.303290495156556" lon="55.57757995398447">
        <ele>1046</ele>
      </trkpt>
      <trkpt lat="-21.303320624767686" lon="55.57810996000211">
        <ele>1054</ele>
      </trkpt>
      <trkpt lat="-21.303320624767686" lon="55.57829950452705">
        <ele>1058</ele>
      </trkpt>
      <trkpt lat="-21.303270408745703" lon="55.5784495231795">
        <ele>1058</ele>
      </trkpt>
      <trkpt lat="-21.303160770371413" lon="55.578669610424114">
        <ele>1063</ele>
      </trkpt>
      <trkpt lat="-21.30314068394282" lon="55.57875944195252">
        <ele>1063</ele>
      </trkpt>
      <trkpt lat="-21.30314068394282" lon="55.57905947925742">
        <ele>1065</ele>
      </trkpt>
      <trkpt lat="-21.30310051107742" lon="55.579159192253954">
        <ele>1063</ele>
      </trkpt>
      <trkpt lat="-21.30295069966998" lon="55.579329872157935">
        <ele>1073</ele>
      </trkpt>
      <trkpt lat="-21.302930613212677" lon="55.57938916096669">
        <ele>1073</ele>
      </trkpt>
      <trkpt lat="-21.302920569982998" lon="55.57946911102698">
        <ele>1077</ele>
      </trkpt>
      <trkpt lat="-21.30295069966998" lon="55.57971974099124">
        <ele>1085</ele>
      </trkpt>
      <trkpt lat="-21.30294065644167" lon="55.57979969105153">
        <ele>1085</ele>
      </trkpt>
      <trkpt lat="-21.302880397057407" lon="55.580069185636766">
        <ele>1096</ele>
      </trkpt>
      <trkpt lat="-21.30258077364097" lon="55.58053990284564">
        <ele>1108</ele>
      </trkpt>
      <trkpt lat="-21.302400831910052" lon="55.58079951596276">
        <ele>1112</ele>
      </trkpt>
      <trkpt lat="-21.302360658842378" lon="55.58091989021083">
        <ele>1112</ele>
      </trkpt>
      <trkpt lat="-21.302340572304406" lon="55.58105912907987">
        <ele>1113</ele>
      </trkpt>
      <trkpt lat="-21.302320485763683" lon="55.5813798276363">
        <ele>1112</ele>
      </trkpt>
      <trkpt lat="-21.30215058699704" lon="55.58200954665046">
        <ele>1119</ele>
      </trkpt>
      <trkpt lat="-21.302000774621096" lon="55.58246948407593">
        <ele>1128</ele>
      </trkpt>
      <trkpt lat="-21.30198068803394" lon="55.58266980838429">
        <ele>1123</ele>
      </trkpt>
      <trkpt lat="-21.302000774621096" lon="55.582739876976454">
        <ele>1130</ele>
      </trkpt>
      <trkpt lat="-21.302060197425362" lon="55.58279916578521">
        <ele>1135</ele>
      </trkpt>
      <trkpt lat="-21.30215058699704" lon="55.58286923437737">
        <ele>1135</ele>
      </trkpt>
      <trkpt lat="-21.302310442492303" lon="55.58295996422106">
        <ele>1133</ele>
      </trkpt>
      <trkpt lat="-21.30243012476498" lon="55.58306955868572">
        <ele>1139</ele>
      </trkpt>
      <trkpt lat="-21.302610066460005" lon="55.58341990164653">
        <ele>1139</ele>
      </trkpt>
      <trkpt lat="-21.302660282707667" lon="55.58348997023869">
        <ele>1139</ele>
      </trkpt>
      <trkpt lat="-21.302840224120843" lon="55.583669633295514">
        <ele>1139</ele>
      </trkpt>
      <trkpt lat="-21.303020165313665" lon="55.58356992029898">
        <ele>1133</ele>
      </trkpt>
      <trkpt lat="-21.303249485398144" lon="55.58346841067188">
        <ele>1132</ele>
      </trkpt>
      <trkpt lat="-21.303520651751555" lon="55.58334983305437">
        <ele>1125</ele>
      </trkpt>
      <trkpt lat="-21.30364033303848" lon="55.58330940886658">
        <ele>1125</ele>
      </trkpt>
      <trkpt lat="-21.30375080798603" lon="55.58325910321068">
        <ele>1124</ele>
      </trkpt>
      <trkpt lat="-21.303920704902357" lon="55.58306955868572">
        <ele>1120</ele>
      </trkpt>
      <trkpt lat="-21.30398012693017" lon="55.58301925302982">
        <ele>1120</ele>
      </trkpt>
      <trkpt lat="-21.304090601622235" lon="55.58297972715731">
        <ele>1119</ele>
      </trkpt>
      <trkpt lat="-21.304200239302684" lon="55.58290965856515">
        <ele>1119</ele>
      </trkpt>
      <trkpt lat="-21.304430394472604" lon="55.58293930296952">
        <ele>1113</ele>
      </trkpt>
      <trkpt lat="-21.304520782586188" lon="55.58290965856515">
        <ele>1112</ele>
      </trkpt>
      <trkpt lat="-21.304760143433185" lon="55.582739876976454">
        <ele>1112</ele>
      </trkpt>
      <trkpt lat="-21.30487061753874" lon="55.58272999550833">
        <ele>1107</ele>
      </trkpt>
      <trkpt lat="-21.30497021154754" lon="55.5827596399127">
        <ele>1107</ele>
      </trkpt>
      <trkpt lat="-21.305160193209037" lon="55.58297972715731">
        <ele>1108</ele>
      </trkpt>
      <trkpt lat="-21.305320045429927" lon="55.58295996422106">
        <ele>1108</ele>
      </trkpt>
      <trkpt lat="-21.305370260751374" lon="55.58279916578521">
        <ele>1108</ele>
      </trkpt>
      <trkpt lat="-21.305440562172574" lon="55.58265992691617">
        <ele>1104</ele>
      </trkpt>
      <trkpt lat="-21.305540155795015" lon="55.58257997685588">
        <ele>1104</ele>
      </trkpt>
      <trkpt lat="-21.305590371041237" lon="55.58256919707247">
        <ele>1104</ele>
      </trkpt>
      <trkpt lat="-21.305690801482175" lon="55.582769521380825">
        <ele>1089</ele>
      </trkpt>
      <trkpt lat="-21.3057301367195" lon="55.582819827036744">
        <ele>1089</ele>
      </trkpt>
      <trkpt lat="-21.30582052403344" lon="55.58282970850486">
        <ele>1089</ele>
      </trkpt>
      <trkpt lat="-21.305900031346955" lon="55.58280994556861">
        <ele>1086</ele>
      </trkpt>
      <trkpt lat="-21.306061556598753" lon="55.58266801175372">
        <ele>1087</ele>
      </trkpt>
      <trkpt lat="-21.306230613925983" lon="55.58251978973184">
        <ele>1084</ele>
      </trkpt>
      <trkpt lat="-21.306300078018893" lon="55.582499128480315">
        <ele>1084</ele>
      </trkpt>
      <trkpt lat="-21.30658044480707" lon="55.58251978973184">
        <ele>1080</ele>
      </trkpt>
      <trkpt lat="-21.306640702673768" lon="55.582459602607805">
        <ele>1075</ele>
      </trkpt>
      <trkpt lat="-21.306710166572763" lon="55.582189209707295">
        <ele>1076</ele>
      </trkpt>
      <trkpt lat="-21.306750338451177" lon="55.582149683834785">
        <ele>1076</ele>
      </trkpt>
      <trkpt lat="-21.30686081106017" lon="55.58206973377451">
        <ele>1069</ele>
      </trkpt>
      <trkpt lat="-21.306990532578304" lon="55.58204997083825">
        <ele>1069</ele>
      </trkpt>
      <trkpt lat="-21.30733282945366" lon="55.58206344556751">
        <ele>1061</ele>
      </trkpt>
      <trkpt lat="-21.307740404399453" lon="55.58207961524262">
        <ele>1053</ele>
      </trkpt>
      <trkpt lat="-21.30794042536575" lon="55.58203919105484">
        <ele>1052</ele>
      </trkpt>
      <trkpt lat="-21.308110317437034" lon="55.58191971512206">
        <ele>1046</ele>
      </trkpt>
      <trkpt lat="-21.30829025217512" lon="55.58164932222154">
        <ele>1045</ele>
      </trkpt>
      <trkpt lat="-21.30834046648129" lon="55.581599914880904">
        <ele>1044</ele>
      </trkpt>
      <trkpt lat="-21.308420809335455" lon="55.581549609224986">
        <ele>1038</ele>
      </trkpt>
      <trkpt lat="-21.308650120990055" lon="55.58149930356909">
        <ele>1038</ele>
      </trkpt>
      <trkpt lat="-21.3087505493392" lon="55.58150918503721">
        <ele>1034</ele>
      </trkpt>
      <trkpt lat="-21.3089103976533" lon="55.58161967781715">
        <ele>1031</ele>
      </trkpt>
      <trkpt lat="-21.309040117361494" lon="55.58185952799801">
        <ele>1028</ele>
      </trkpt>
      <trkpt lat="-21.309100374219227" lon="55.58191971512206">
        <ele>1029</ele>
      </trkpt>
      <trkpt lat="-21.309180716657774" lon="55.58195924099456">
        <ele>1029</ele>
      </trkpt>
      <trkpt lat="-21.309360650084653" lon="55.58194935952643">
        <ele>1021</ele>
      </trkpt>
      <trkpt lat="-21.30969038797861" lon="55.581759815001476">
        <ele>1018</ele>
      </trkpt>
      <trkpt lat="-21.30967030244278" lon="55.58192959659017">
        <ele>1016</ele>
      </trkpt>
      <trkpt lat="-21.309680345211035" lon="55.58207961524262">
        <ele>1018</ele>
      </trkpt>
      <trkpt lat="-21.309730559042" lon="55.58227993955098">
        <ele>1018</ele>
      </trkpt>
      <trkpt lat="-21.30966025967384" lon="55.58233922835974">
        <ele>1018</ele>
      </trkpt>
      <trkpt lat="-21.30964017413389" lon="55.58239941548378">
        <ele>1018</ele>
      </trkpt>
      <trkpt lat="-21.309600003045784" lon="55.582459602607805">
        <ele>1022</ele>
      </trkpt>
      <trkpt lat="-21.309530540513332" lon="55.58252967119998">
        <ele>1022</ele>
      </trkpt>
      <trkpt lat="-21.309420069912097" lon="55.58259973979213">
        <ele>1023</ele>
      </trkpt>
      <trkpt lat="-21.309390778450876" lon="55.582639265664625">
        <ele>1023</ele>
      </trkpt>
      <trkpt lat="-21.309190759459504" lon="55.58269945278866">
        <ele>1020</ele>
      </trkpt>
      <trkpt lat="-21.30895056893002" lon="55.58292942150141">
        <ele>1018</ele>
      </trkpt>
      <trkpt lat="-21.30853044378432" lon="55.58309920309011">
        <ele>1011</ele>
      </trkpt>
      <trkpt lat="-21.308130403186162" lon="55.583359714522494">
        <ele>1007</ele>
      </trkpt>
      <trkpt lat="-21.308100274561426" lon="55.583389358926865">
        <ele>1007</ele>
      </trkpt>
      <trkpt lat="-21.308110317437034" lon="55.583439664582784">
        <ele>1007</ele>
      </trkpt>
      <trkpt lat="-21.308150488932547" lon="55.583479190455286">
        <ele>1007</ele>
      </trkpt>
      <trkpt lat="-21.30825008071782" lon="55.5834495460509">
        <ele>1007</ele>
      </trkpt>
      <trkpt lat="-21.30840072362604" lon="55.583379477458756">
        <ele>1007</ele>
      </trkpt>
      <trkpt lat="-21.308500315241638" lon="55.583359714522494">
        <ele>1007</ele>
      </trkpt>
      <trkpt lat="-21.30852040093745" lon="55.58340912186313">
        <ele>1007</ele>
      </trkpt>
      <trkpt lat="-21.308420809335455" lon="55.58349985170682">
        <ele>1007</ele>
      </trkpt>
      <trkpt lat="-21.308220789023274" lon="55.583789109228306">
        <ele>1007</ele>
      </trkpt>
      <trkpt lat="-21.308090231685142" lon="55.583839414884224">
        <ele>1008</ele>
      </trkpt>
      <trkpt lat="-21.308000682674603" lon="55.5839193649445">
        <ele>1008</ele>
      </trkpt>
      <trkpt lat="-21.307900253812782" lon="55.58395978913229">
        <ele>1008</ele>
      </trkpt>
      <trkpt lat="-21.30777053309798" lon="55.58395978913229">
        <ele>1012</ele>
      </trkpt>
      <trkpt lat="-21.307670104078817" lon="55.583909483476376">
        <ele>1012</ele>
      </trkpt>
      <trkpt lat="-21.307600640633737" lon="55.5839193649445">
        <ele>1012</ele>
      </trkpt>
      <trkpt lat="-21.307570511900344" lon="55.583969670600425">
        <ele>1012</ele>
      </trkpt>
      <trkpt lat="-21.30759059772328" lon="55.58404962066069">
        <ele>1012</ele>
      </trkpt>
      <trkpt lat="-21.307850039356126" lon="55.58429935230969">
        <ele>1018</ele>
      </trkpt>
      <trkpt lat="-21.307870125140855" lon="55.5844799136818">
        <ele>1026</ele>
      </trkpt>
      <trkpt lat="-21.307810704686432" lon="55.5845697452102">
        <ele>1026</ele>
      </trkpt>
      <trkpt lat="-21.30777053309798" lon="55.58466945820674">
        <ele>1036</ele>
      </trkpt>
      <trkpt lat="-21.307860082248837" lon="55.584839239795436">
        <ele>1036</ele>
      </trkpt>
      <trkpt lat="-21.307990639791512" lon="55.58491918985573">
        <ele>1043</ele>
      </trkpt>
      <trkpt lat="-21.308311174804775" lon="55.58490661344175">
        <ele>1030</ele>
      </trkpt>
      <trkpt lat="-21.308800763488016" lon="55.58488954545135">
        <ele>1035</ele>
      </trkpt>
      <trkpt lat="-21.308970654564256" lon="55.58507998829158">
        <ele>1036</ele>
      </trkpt>
      <trkpt lat="-21.308970654564256" lon="55.5852596513484">
        <ele>1040</ele>
      </trkpt>
      <trkpt lat="-21.30895056893002" lon="55.58543931440523">
        <ele>1040</ele>
      </trkpt>
      <trkpt lat="-21.308830055066906" lon="55.58563963871359">
        <ele>1044</ele>
      </trkpt>
      <trkpt lat="-21.308840097892602" lon="55.585789657366035">
        <ele>1050</ele>
      </trkpt>
      <trkpt lat="-21.30895056893002" lon="55.58588937036257">
        <ele>1042</ele>
      </trkpt>
      <trkpt lat="-21.309250179355658" lon="55.585999863142526">
        <ele>1041</ele>
      </trkpt>
      <trkpt lat="-21.309340564503746" lon="55.58611933907531">
        <ele>1030</ele>
      </trkpt>
      <trkpt lat="-21.30944015548215" lon="55.58616964473122">
        <ele>1030</ele>
      </trkpt>
      <trkpt lat="-21.309480326613972" lon="55.58626935772776">
        <ele>1030</ele>
      </trkpt>
      <trkpt lat="-21.30944015548215" lon="55.58636996903958">
        <ele>1025</ele>
      </trkpt>
      <trkpt lat="-21.30952049773483" lon="55.586419376380206">
        <ele>1018</ele>
      </trkpt>
      <trkpt lat="-21.309570711620434" lon="55.586459800567994">
        <ele>1018</ele>
      </trkpt>
      <trkpt lat="-21.30966025967384" lon="55.58649932644049">
        <ele>1018</ele>
      </trkpt>
      <trkpt lat="-21.30971047351168" lon="55.58648944497237">
        <ele>1018</ele>
      </trkpt>
      <trkpt lat="-21.309750644569583" lon="55.58644991909987">
        <ele>1018</ele>
      </trkpt>
      <trkpt lat="-21.309930577298307" lon="55.58638973197583">
        <ele>1013</ele>
      </trkpt>
      <trkpt lat="-21.310180808959274" lon="55.58659993775232">
        <ele>1015</ele>
      </trkpt>
      <trkpt lat="-21.31030048482035" lon="55.58670953221698">
        <ele>1013</ele>
      </trkpt>
      <trkpt lat="-21.310370783882085" lon="55.58678948227726">
        <ele>1013</ele>
      </trkpt>
      <trkpt lat="-21.31045028873279" lon="55.58683978793318">
        <ele>1005</ele>
      </trkpt>
      <trkpt lat="-21.31051054501202" lon="55.58683978793318">
        <ele>1005</ele>
      </trkpt>
      <trkpt lat="-21.31059004978707" lon="55.5868891952738">
        <ele>1005</ele>
      </trkpt>
      <trkpt lat="-21.310620177901125" lon="55.586899975057214">
        <ele>993</ele>
      </trkpt>
      <trkpt lat="-21.311000126364412" lon="55.58686943233755">
        <ele>992</ele>
      </trkpt>
      <trkpt lat="-21.31105033974418" lon="55.58679936374539">
        <ele>992</ele>
      </trkpt>
      <trkpt lat="-21.311240313542303" lon="55.5867194136851">
        <ele>989</ele>
      </trkpt>
      <trkpt lat="-21.311500585615686" lon="55.58662958215669">
        <ele>981</ele>
      </trkpt>
      <trkpt lat="-21.311550798824342" lon="55.58662958215669">
        <ele>981</ele>
      </trkpt>
      <trkpt lat="-21.31193074488018" lon="55.586689769280724">
        <ele>980</ele>
      </trkpt>
      <trkpt lat="-21.31214080274023" lon="55.586689769280724">
        <ele>980</ele>
      </trkpt>
      <trkpt lat="-21.312450449237033" lon="55.586729295153226">
        <ele>971</ele>
      </trkpt>
      <trkpt lat="-21.312570123248715" lon="55.58680924521351">
        <ele>971</ele>
      </trkpt>
      <trkpt lat="-21.31270067660478" lon="55.58669965074885">
        <ele>967</ele>
      </trkpt>
      <trkpt lat="-21.312720761726194" lon="55.58664934509294">
        <ele>967</ele>
      </trkpt>
      <trkpt lat="-21.312760095080975" lon="55.586609819220435">
        <ele>967</ele>
      </trkpt>
      <trkpt lat="-21.31281030785902" lon="55.5865891579689">
        <ele>972</ele>
      </trkpt>
      <trkpt lat="-21.312940024122824" lon="55.58655951356453">
        <ele>966</ele>
      </trkpt>
      <trkpt lat="-21.31296010921149" lon="55.586689769280724">
        <ele>965</ele>
      </trkpt>
      <trkpt lat="-21.313020364461014" lon="55.586919737993455">
        <ele>962</ele>
      </trkpt>
      <trkpt lat="-21.312930818456262" lon="55.58701945099">
        <ele>962</ele>
      </trkpt>
      <trkpt lat="-21.312910733363587" lon="55.58708951958216">
        <ele>962</ele>
      </trkpt>
      <trkpt lat="-21.31289064826816" lon="55.58719911404682">
        <ele>964</ele>
      </trkpt>
      <trkpt lat="-21.31286052061989" lon="55.587239538234606">
        <ele>961</ele>
      </trkpt>
      <trkpt lat="-21.31289064826816" lon="55.58729972535865">
        <ele>961</ele>
      </trkpt>
      <trkpt lat="-21.312950066667486" lon="55.58730960682677">
        <ele>967</ele>
      </trkpt>
      <trkpt lat="-21.31300027938059" lon="55.58730960682677">
        <ele>967</ele>
      </trkpt>
      <trkpt lat="-21.313080619685817" lon="55.58725930117086">
        <ele>967</ele>
      </trkpt>
      <trkpt lat="-21.313150080539277" lon="55.58722965676648">
        <ele>970</ele>
      </trkpt>
      <trkpt lat="-21.31329067590118" lon="55.5871497067062">
        <ele>970</ele>
      </trkpt>
      <trkpt lat="-21.313430434252503" lon="55.58702933245812">
        <ele>967</ele>
      </trkpt>
      <trkpt lat="-21.313540064961963" lon="55.587039213926246">
        <ele>967</ele>
      </trkpt>
      <trkpt lat="-21.313670617455767" lon="55.58695926386596">
        <ele>967</ele>
      </trkpt>
      <trkpt lat="-21.313850545382035" lon="55.58693950092971">
        <ele>966</ele>
      </trkpt>
      <trkpt lat="-21.314220443031004" lon="55.58696914533409">
        <ele>962</ele>
      </trkpt>
      <trkpt lat="-21.31427065530972" lon="55.58695926386596">
        <ele>962</ele>
      </trkpt>
      <trkpt lat="-21.314370242945028" lon="55.58695926386596">
        <ele>960</ele>
      </trkpt>
      <trkpt lat="-21.314390327838094" lon="55.58700956952187">
        <ele>960</ele>
      </trkpt>
      <trkpt lat="-21.314460624942154" lon="55.58729972535865">
        <ele>962</ele>
      </trkpt>
      <trkpt lat="-21.31458029731572" lon="55.58768959419195">
        <ele>964</ele>
      </trkpt>
      <trkpt lat="-21.31454012757883" lon="55.58778930718849">
        <ele>969</ele>
      </trkpt>
      <trkpt lat="-21.314530085142884" lon="55.5878396128444">
        <ele>969</ele>
      </trkpt>
      <trkpt lat="-21.31454012757883" lon="55.5880093944331">
        <ele>966</ele>
      </trkpt>
      <trkpt lat="-21.314530085142884" lon="55.58805970008901">
        <ele>966</ele>
      </trkpt>
      <trkpt lat="-21.31448070982285" lon="55.588229481677715">
        <ele>970</ele>
      </trkpt>
      <trkpt lat="-21.31445058250079" lon="55.5882699058655">
        <ele>970</ele>
      </trkpt>
      <trkpt lat="-21.3144104127284" lon="55.58829955026987">
        <ele>970</ele>
      </trkpt>
      <trkpt lat="-21.314320030700372" lon="55.58834985592578">
        <ele>970</ele>
      </trkpt>
      <trkpt lat="-21.31427065530972" lon="55.58835973739391">
        <ele>974</ele>
      </trkpt>
      <trkpt lat="-21.314080685431517" lon="55.58842980598607">
        <ele>974</ele>
      </trkpt>
      <trkpt lat="-21.31394009082596" lon="55.58850975604635">
        <ele>975</ele>
      </trkpt>
      <trkpt lat="-21.313900757787227" lon="55.58854928191885">
        <ele>975</ele>
      </trkpt>
      <trkpt lat="-21.313840502898927" lon="55.58858970610664">
        <ele>975</ele>
      </trkpt>
      <trkpt lat="-21.31394009082596" lon="55.58871996182284">
        <ele>975</ele>
      </trkpt>
      <trkpt lat="-21.31394009082596" lon="55.58877925063158">
        <ele>975</ele>
      </trkpt>
      <trkpt lat="-21.313920005871335" lon="55.5888295562875">
        <ele>977</ele>
      </trkpt>
      <trkpt lat="-21.313900757787227" lon="55.58897957493995">
        <ele>981</ele>
      </trkpt>
      <trkpt lat="-21.31383046041514" lon="55.58902988059586">
        <ele>981</ele>
      </trkpt>
      <trkpt lat="-21.313690702444518" lon="55.58903976206398">
        <ele>977</ele>
      </trkpt>
      <trkpt lat="-21.313590277473313" lon="55.589079287936485">
        <ele>980</ele>
      </trkpt>
      <trkpt lat="-21.313230420762558" lon="55.58912959359239">
        <ele>978</ele>
      </trkpt>
      <trkpt lat="-21.313080619685817" lon="55.589159237996775">
        <ele>986</ele>
      </trkpt>
      <trkpt lat="-21.312990236839347" lon="55.58919966218456">
        <ele>986</ele>
      </trkpt>
      <trkpt lat="-21.31289064826816" lon="55.58921942512081">
        <ele>989</ele>
      </trkpt>
      <trkpt lat="-21.312650463789264" lon="55.58918978071643">
        <ele>989</ele>
      </trkpt>
      <trkpt lat="-21.31244040665819" lon="55.58917989924831">
        <ele>1002</ele>
      </trkpt>
      <trkpt lat="-21.312420321498443" lon="55.58921942512081">
        <ele>1002</ele>
      </trkpt>
      <trkpt lat="-21.312340817714173" lon="55.5892993751811">
        <ele>1002</ele>
      </trkpt>
      <trkpt lat="-21.3121307601402" lon="55.58953922536195">
        <ele>1004</ele>
      </trkpt>
      <trkpt lat="-21.311950830106884" lon="55.58980961826248">
        <ele>1008</ele>
      </trkpt>
      <trkpt lat="-21.311850403945925" lon="55.58993987397867">
        <ele>1007</ele>
      </trkpt>
      <trkpt lat="-21.311830318705493" lon="55.58999916278743">
        <ele>1007</ele>
      </trkpt>
      <trkpt lat="-21.311790148216378" lon="55.590029705507085">
        <ele>1010</ele>
      </trkpt>
      <trkpt lat="-21.31167047356912" lon="55.59019948709579">
        <ele>1010</ele>
      </trkpt>
      <trkpt lat="-21.311580089854814" lon="55.59027943715606">
        <ele>1012</ele>
      </trkpt>
      <trkpt lat="-21.311500585615686" lon="55.59043933727664">
        <ele>1012</ele>
      </trkpt>
      <trkpt lat="-21.311390116496185" lon="55.59073937458154">
        <ele>1017</ele>
      </trkpt>
      <trkpt lat="-21.31138007384483" lon="55.59081932464183">
        <ele>1017</ele>
      </trkpt>
      <trkpt lat="-21.311260398863418" lon="55.59099988601393">
        <ele>1017</ele>
      </trkpt>
      <trkpt lat="-21.311230270880717" lon="55.591029530418304">
        <ele>1012</ele>
      </trkpt>
      <trkpt lat="-21.311130681116104" lon="55.59109959901048">
        <ele>1020</ele>
      </trkpt>
      <trkpt lat="-21.311100553106787" lon="55.591139124882964">
        <ele>1020</ele>
      </trkpt>
      <trkpt lat="-21.31102021171839" lon="55.59119931200701">
        <ele>1020</ele>
      </trkpt>
      <trkpt lat="-21.310920621811338" lon="55.591239736194794">
        <ele>1020</ele>
      </trkpt>
      <trkpt lat="-21.310820194945947" lon="55.591239736194794">
        <ele>1027</ele>
      </trkpt>
      <trkpt lat="-21.310770818378618" lon="55.591279262067296">
        <ele>1027</ele>
      </trkpt>
      <trkpt lat="-21.310650306008974" lon="55.591219973258546">
        <ele>1027</ele>
      </trkpt>
      <trkpt lat="-21.310570801266543" lon="55.591139124882964">
        <ele>1032</ele>
      </trkpt>
      <trkpt lat="-21.31053063043294" lon="55.59110948047859">
        <ele>1032</ele>
      </trkpt>
      <trkpt lat="-21.31045028873279" lon="55.591089717542346">
        <ele>1032</ele>
      </trkpt>
      <trkpt lat="-21.310380826602444" lon="55.590969343294276">
        <ele>1032</ele>
      </trkpt>
      <trkpt lat="-21.310270356640736" lon="55.590959461826145">
        <ele>1032</ele>
      </trkpt>
      <trkpt lat="-21.310160723490526" lon="55.5909396988899">
        <ele>1032</ele>
      </trkpt>
      <trkpt lat="-21.310050253363254" lon="55.590959461826145">
        <ele>1034</ele>
      </trkpt>
      <trkpt lat="-21.309900449042818" lon="55.59099988601393">
        <ele>1034</ele>
      </trkpt>
      <trkpt lat="-21.30984019251329" lon="55.5909792247624">
        <ele>1034</ele>
      </trkpt>
      <trkpt lat="-21.30977073009442" lon="55.59100976748206">
        <ele>1048</ele>
      </trkpt>
      <trkpt lat="-21.30965021690421" lon="55.59094958035802">
        <ele>1035</ele>
      </trkpt>
      <trkpt lat="-21.309620088591217" lon="55.59083998589336">
        <ele>1041</ele>
      </trkpt>
      <trkpt lat="-21.309680345211035" lon="55.59074925604966">
        <ele>1041</ele>
      </trkpt>
      <trkpt lat="-21.309740601806133" lon="55.590599237397214">
        <ele>1033</ele>
      </trkpt>
      <trkpt lat="-21.3097807728558" lon="55.59055971152471">
        <ele>1036</ele>
      </trkpt>
      <trkpt lat="-21.309830149755975" lon="55.590469879996306">
        <ele>1028</ele>
      </trkpt>
      <trkpt lat="-21.309990833790767" lon="55.590059349911456">
        <ele>1036</ele>
      </trkpt>
      <trkpt lat="-21.309900449042818" lon="55.590039586975216">
        <ele>1032</ele>
      </trkpt>
      <trkpt lat="-21.309820106997954" lon="55.59010965556737">
        <ele>1032</ele>
      </trkpt>
      <trkpt lat="-21.309740601806133" lon="55.59012941850362">
        <ele>1034</ele>
      </trkpt>
      <trkpt lat="-21.30970043074548" lon="55.590209368563904">
        <ele>1032</ele>
      </trkpt>
      <trkpt lat="-21.30966025967384" lon="55.590209368563904">
        <ele>1032</ele>
      </trkpt>
      <trkpt lat="-21.309610045818847" lon="55.59024979275169">
        <ele>1032</ele>
      </trkpt>
      <trkpt lat="-21.309510454955646" lon="55.59029920009232">
        <ele>1038</ele>
      </trkpt>
      <trkpt lat="-21.309470283832052" lon="55.59032974281198">
        <ele>1042</ele>
      </trkpt>
      <trkpt lat="-21.30938073566282" lon="55.59037915015261">
        <ele>1042</ele>
      </trkpt>
      <trkpt lat="-21.30930039333369" lon="55.590449218744766">
        <ele>1042</ele>
      </trkpt>
      <trkpt lat="-21.309230093759652" lon="55.59039981140414">
        <ele>1049</ele>
      </trkpt>
      <trkpt lat="-21.30922005096061" lon="55.59029920009232">
        <ele>1049</ele>
      </trkpt>
      <trkpt lat="-21.30930039333369" lon="55.59027943715606">
        <ele>1042</ele>
      </trkpt>
      <trkpt lat="-21.30940082123823" lon="55.59022913150016">
        <ele>1042</ele>
      </trkpt>
      <trkpt lat="-21.30937069287408" lon="55.590039586975216">
        <ele>1047</ele>
      </trkpt>
      <trkpt lat="-21.309420069912097" lon="55.58993987397867">
        <ele>1041</ele>
      </trkpt>
      <trkpt lat="-21.309480326613972" lon="55.58986980538651">
        <ele>1053</ele>
      </trkpt>
      <trkpt lat="-21.309480326613972" lon="55.589769194074684">
        <ele>1053</ele>
      </trkpt>
      <trkpt lat="-21.309410027126052" lon="55.589699125482525">
        <ele>1053</ele>
      </trkpt>
      <trkpt lat="-21.309330521712255" lon="55.589749431138436">
        <ele>1053</ele>
      </trkpt>
      <trkpt lat="-21.30911041702646" lon="55.58985992391839">
        <ele>1061</ele>
      </trkpt>
      <trkpt lat="-21.309030074549458" lon="55.58982938119872">
        <ele>1061</ele>
      </trkpt>
      <trkpt lat="-21.308940526111865" lon="55.589789855326224">
        <ele>1066</ele>
      </trkpt>
      <trkpt lat="-21.30889031201082" lon="55.58965959961002">
        <ele>1066</ele>
      </trkpt>
      <trkpt lat="-21.308840097892602" lon="55.58954910683008">
        <ele>1067</ele>
      </trkpt>
      <trkpt lat="-21.308810806315723" lon="55.58949969948945">
        <ele>1067</ele>
      </trkpt>
      <trkpt lat="-21.308730463674863" lon="55.58943951236541">
        <ele>1067</ele>
      </trkpt>
      <trkpt lat="-21.308630035311996" lon="55.589469156769795">
        <ele>1078</ele>
      </trkpt>
      <trkpt lat="-21.308590700851145" lon="55.58950958095758">
        <ele>1078</ele>
      </trkpt>
      <trkpt lat="-21.308540486630516" lon="55.589589531017864">
        <ele>1078</ele>
      </trkpt>
      <trkpt lat="-21.3084601438418" lon="55.5896497181419">
        <ele>1069</ele>
      </trkpt>
      <trkpt lat="-21.308360552198952" lon="55.58985992391839">
        <ele>1083</ele>
      </trkpt>
      <trkpt lat="-21.30825008071782" lon="55.58996951838304">
        <ele>1071</ele>
      </trkpt>
      <trkpt lat="-21.308180617546984" lon="55.58992999251055">
        <ele>1071</ele>
      </trkpt>
      <trkpt lat="-21.308130403186162" lon="55.58984914413497">
        <ele>1083</ele>
      </trkpt>
      <trkpt lat="-21.308080188808173" lon="55.58982938119872">
        <ele>1090</ele>
      </trkpt>
      <trkpt lat="-21.308030811319764" lon="55.5898194997306">
        <ele>1090</ele>
      </trkpt>
      <trkpt lat="-21.308020768438723" lon="55.58975931260657">
        <ele>1090</ele>
      </trkpt>
      <trkpt lat="-21.307990639791512" lon="55.58972966820219">
        <ele>1090</ele>
      </trkpt>
      <trkpt lat="-21.307890210922835" lon="55.58971978673406">
        <ele>1094</ele>
      </trkpt>
      <trkpt lat="-21.307800661790342" lon="55.589769194074684">
        <ele>1087</ele>
      </trkpt>
      <trkpt lat="-21.307780575996137" lon="55.58987968685464">
        <ele>1094</ele>
      </trkpt>
      <trkpt lat="-21.307730361498557" lon="55.58995963691493">
        <ele>1085</ele>
      </trkpt>
      <trkpt lat="-21.307710275694728" lon="55.59000994257083">
        <ele>1085</ele>
      </trkpt>
      <trkpt lat="-21.307670104078817" lon="55.59004946844333">
        <ele>1089</ele>
      </trkpt>
      <trkpt lat="-21.307550426074652" lon="55.59010965556737">
        <ele>1092</ele>
      </trkpt>
      <trkpt lat="-21.30744079089436" lon="55.590029705507085">
        <ele>1092</ele>
      </trkpt>
      <trkpt lat="-21.307360447504173" lon="55.589899449790884">
        <ele>1100</ele>
      </trkpt>
      <trkpt lat="-21.30729014700172" lon="55.58982938119872">
        <ele>1109</ele>
      </trkpt>
      <trkpt lat="-21.307240769247734" lon="55.58980961826248">
        <ele>1109</ele>
      </trkpt>
      <trkpt lat="-21.30720059750345" lon="55.58980961826248">
        <ele>1109</ele>
      </trkpt>
      <trkpt lat="-21.307050790276797" lon="55.58986980538651">
        <ele>1109</ele>
      </trkpt>
      <trkpt lat="-21.306930274855098" lon="55.59001982403896">
        <ele>1115</ele>
      </trkpt>
      <trkpt lat="-21.30691018894186" lon="55.59006923137959">
        <ele>1115</ele>
      </trkpt>
      <trkpt lat="-21.306760381419064" lon="55.590209368563904">
        <ele>1128</ele>
      </trkpt>
      <trkpt lat="-21.306680037656747" lon="55.590159961223286">
        <ele>1124</ele>
      </trkpt>
      <trkpt lat="-21.306590487786558" lon="55.590059349911456">
        <ele>1124</ele>
      </trkpt>
      <trkpt lat="-21.30647080890286" lon="55.58996951838304">
        <ele>1130</ele>
      </trkpt>
      <trkpt lat="-21.306300078018893" lon="55.589769194074684">
        <ele>1136</ele>
      </trkpt>
      <trkpt lat="-21.3062004849116" lon="55.5897799738581">
        <ele>1136</ele>
      </trkpt>
      <trkpt lat="-21.306100054819094" lon="55.5898194997306">
        <ele>1144</ele>
      </trkpt>
      <trkpt lat="-21.306010504595363" lon="55.5899497554468">
        <ele>1148</ele>
      </trkpt>
      <trkpt lat="-21.30600046157622" lon="55.59000994257083">
        <ele>1148</ele>
      </trkpt>
      <trkpt lat="-21.3059402034469" lon="55.590099774099244">
        <ele>1148</ele>
      </trkpt>
      <trkpt lat="-21.305960289492752" lon="55.59016984269141">
        <ele>1148</ele>
      </trkpt>
      <trkpt lat="-21.306010504595363" lon="55.590289318624194">
        <ele>1155</ele>
      </trkpt>
      <trkpt lat="-21.306010504595363" lon="55.590339624280105">
        <ele>1155</ele>
      </trkpt>
      <trkpt lat="-21.305990418556387" lon="55.59039981140414">
        <ele>1155</ele>
      </trkpt>
      <trkpt lat="-21.30602054761383" lon="55.59049952440068">
        <ele>1155</ele>
      </trkpt>
      <trkpt lat="-21.30602054761383" lon="55.590619898648754">
        <ele>1155</ele>
      </trkpt>
      <trkpt lat="-21.30600046157622" lon="55.590659424521256">
        <ele>1155</ele>
      </trkpt>
      <trkpt lat="-21.3059402034469" lon="55.59073937458154">
        <ele>1147</ele>
      </trkpt>
      <trkpt lat="-21.30586069615513" lon="55.59088939323399">
        <ele>1159</ele>
      </trkpt>
      <trkpt lat="-21.305770308865892" lon="55.59094958035802">
        <ele>1159</ele>
      </trkpt>
      <trkpt lat="-21.305680758441166" lon="55.5909792247624">
        <ele>1159</ele>
      </trkpt>
      <trkpt lat="-21.305560241895556" lon="55.59107983607422">
        <ele>1163</ele>
      </trkpt>
      <trkpt lat="-21.305460648286733" lon="55.591069954606084">
        <ele>1163</ele>
      </trkpt>
      <trkpt lat="-21.305440562172574" lon="55.59098910623052">
        <ele>1163</ele>
      </trkpt>
      <trkpt lat="-21.305490777452828" lon="55.59089927470211">
        <ele>1163</ele>
      </trkpt>
      <trkpt lat="-21.305580327993354" lon="55.590849867361484">
        <ele>1163</ele>
      </trkpt>
      <trkpt lat="-21.305690801482175" lon="55.59073937458154">
        <ele>1161</ele>
      </trkpt>
      <trkpt lat="-21.30578035190077" lon="55.590619898648754">
        <ele>1157</ele>
      </trkpt>
      <trkpt lat="-21.305770308865892" lon="55.590519287336924">
        <ele>1157</ele>
      </trkpt>
      <trkpt lat="-21.305610457134907" lon="55.590409692872264">
        <ele>1168</ele>
      </trkpt>
      <trkpt lat="-21.305540155795015" lon="55.59031986134385">
        <ele>1164</ele>
      </trkpt>
      <trkpt lat="-21.305360217688456" lon="55.590209368563904">
        <ele>1175</ele>
      </trkpt>
      <trkpt lat="-21.305230494730743" lon="55.590239911283575">
        <ele>1175</ele>
      </trkpt>
      <trkpt lat="-21.3051200208958" lon="55.59032974281198">
        <ele>1175</ele>
      </trkpt>
      <trkpt lat="-21.305070642412424" lon="55.590539948588464">
        <ele>1186</ele>
      </trkpt>
      <trkpt lat="-21.30506059932901" lon="55.590659424521256">
        <ele>1179</ele>
      </trkpt>
      <trkpt lat="-21.305000340814203" lon="55.590719611645284">
        <ele>1183</ele>
      </trkpt>
      <trkpt lat="-21.30493003918236" lon="55.5907699173012">
        <ele>1183</ele>
      </trkpt>
      <trkpt lat="-21.304810358946" lon="55.59081932464183">
        <ele>1183</ele>
      </trkpt>
      <trkpt lat="-21.30467059239273" lon="55.590929817421774">
        <ele>1188</ele>
      </trkpt>
      <trkpt lat="-21.30465050617056" lon="55.590849867361484">
        <ele>1188</ele>
      </trkpt>
      <trkpt lat="-21.304630419945617" lon="55.59069984870904">
        <ele>1198</ele>
      </trkpt>
      <trkpt lat="-21.30465050617056" lon="55.590599237397214">
        <ele>1198</ele>
      </trkpt>
      <trkpt lat="-21.304500696343524" lon="55.59058935592908">
        <ele>1198</ele>
      </trkpt>
      <trkpt lat="-21.30423036872726" lon="55.59060911886534">
        <ele>1204</ele>
      </trkpt>
      <trkpt lat="-21.303920704902357" lon="55.590529168805055">
        <ele>1210</ele>
      </trkpt>
      <trkpt lat="-21.303580073941163" lon="55.590469879996306">
        <ele>1215</ele>
      </trkpt>
      <trkpt lat="-21.303360797572903" lon="55.59035938721635">
        <ele>1216</ele>
      </trkpt>
      <trkpt lat="-21.303250322332108" lon="55.59037915015261">
        <ele>1216</ele>
      </trkpt>
      <trkpt lat="-21.303200106286102" lon="55.590409692872264">
        <ele>1216</ele>
      </trkpt>
      <trkpt lat="-21.30313064072751" lon="55.59048964293255">
        <ele>1216</ele>
      </trkpt>
      <trkpt lat="-21.303020165313665" lon="55.590659424521256">
        <ele>1224</ele>
      </trkpt>
      <trkpt lat="-21.302930613212677" lon="55.59069984870904">
        <ele>1224</ele>
      </trkpt>
      <trkpt lat="-21.3028603105905" lon="55.5907699173012">
        <ele>1227</ele>
      </trkpt>
      <trkpt lat="-21.302770758392104" lon="55.590829206109944">
        <ele>1227</ele>
      </trkpt>
      <trkpt lat="-21.302710498938154" lon="55.590849867361484">
        <ele>1227</ele>
      </trkpt>
      <trkpt lat="-21.302670325955148" lon="55.59088939323399">
        <ele>1227</ele>
      </trkpt>
      <trkpt lat="-21.30262010971092" lon="55.59089927470211">
        <ele>1227</ele>
      </trkpt>
      <trkpt lat="-21.302410038236513" lon="55.59087951176586">
        <ele>1230</ele>
      </trkpt>
      <trkpt lat="-21.302300399220233" lon="55.590909156170234">
        <ele>1230</ele>
      </trkpt>
      <trkpt lat="-21.302210009740723" lon="55.590959461826145">
        <ele>1237</ele>
      </trkpt>
      <trkpt lat="-21.302060197425362" lon="55.59112924341485">
        <ele>1241</ele>
      </trkpt>
      <trkpt lat="-21.30201081791365" lon="55.59114990466638">
        <ele>1241</ele>
      </trkpt>
      <trkpt lat="-21.301920428255983" lon="55.591239736194794">
        <ele>1247</ele>
      </trkpt>
      <trkpt lat="-21.301890298357748" lon="55.591279262067296">
        <ele>1247</ele>
      </trkpt>
      <trkpt lat="-21.30179070226126" lon="55.59131968625508">
        <ele>1257</ele>
      </trkpt>
      <trkpt lat="-21.301730442405404" lon="55.59141939925161">
        <ele>1257</ele>
      </trkpt>
      <trkpt lat="-21.30171035578129" lon="55.591609842091856">
        <ele>1258</ele>
      </trkpt>
      <trkpt lat="-21.301660139208998" lon="55.59161972355997">
        <ele>1258</ele>
      </trkpt>
      <trkpt lat="-21.301510326333016" lon="55.591689792152124">
        <ele>1258</ele>
      </trkpt>
      <trkpt lat="-21.30145006636218" lon="55.59176974221242">
        <ele>1264</ele>
      </trkpt>
      <trkpt lat="-21.301420773311865" lon="55.59187933667709">
        <ele>1264</ele>
      </trkpt>
      <trkpt lat="-21.30136051330431" lon="55.59188921814521">
        <ele>1264</ele>
      </trkpt>
      <trkpt lat="-21.30127012324663" lon="55.59185957374084">
        <ele>1264</ele>
      </trkpt>
      <trkpt lat="-21.301220743469404" lon="55.59185957374084">
        <ele>1264</ele>
      </trkpt>
      <trkpt lat="-21.301070093199097" lon="55.591909879396745">
        <ele>1268</ele>
      </trkpt>
      <trkpt lat="-21.300930323087957" lon="55.59205989804919">
        <ele>1268</ele>
      </trkpt>
      <trkpt lat="-21.30052021840179" lon="55.592299748230054">
        <ele>1276</ele>
      </trkpt>
      <trkpt lat="-21.300380447767647" lon="55.59238957975847">
        <ele>1277</ele>
      </trkpt>
      <trkpt lat="-21.300360360958997" lon="55.592529716942785">
        <ele>1281</ele>
      </trkpt>
      <trkpt lat="-21.300230633587027" lon="55.59272914293586">
        <ele>1284</ele>
      </trkpt>
      <trkpt lat="-21.300210546757896" lon="55.59277944859178">
        <ele>1284</ele>
      </trkpt>
      <trkpt lat="-21.30013019941395" lon="55.59286928012019">
        <ele>1284</ele>
      </trkpt>
      <trkpt lat="-21.300030602124536" lon="55.59302918024076">
        <ele>1296</ele>
      </trkpt>
      <trkpt lat="-21.299980384978227" lon="55.59305972296042">
        <ele>1296</ele>
      </trkpt>
      <trkpt lat="-21.299950254682194" lon="55.593229504549114">
        <ele>1301</ele>
      </trkpt>
      <trkpt lat="-21.299910080944557" lon="55.59332921754565">
        <ele>1301</ele>
      </trkpt>
      <trkpt lat="-21.29990003750842" lon="55.593439710325605">
        <ele>1301</ele>
      </trkpt>
      <trkpt lat="-21.29994021124882" lon="55.593569966041805">
        <ele>1301</ele>
      </trkpt>
      <trkpt lat="-21.299930167814754" lon="55.593669679038335">
        <ele>1301</ele>
      </trkpt>
      <trkpt lat="-21.299950254682194" lon="55.59372986616238">
        <ele>1301</ele>
      </trkpt>
      <trkpt lat="-21.299950254682194" lon="55.59383946062704">
        <ele>1306</ele>
      </trkpt>
      <trkpt lat="-21.29994021124882" lon="55.59391941068732">
        <ele>1306</ele>
      </trkpt>
      <trkpt lat="-21.299950254682194" lon="55.594019123683864">
        <ele>1306</ele>
      </trkpt>
      <trkpt lat="-21.299890831024708" lon="55.594139497931934">
        <ele>1308</ele>
      </trkpt>
      <trkpt lat="-21.299660668744295" lon="55.5944691796412">
        <ele>1315</ele>
      </trkpt>
      <trkpt lat="-21.29948072343761" lon="55.59466950394956">
        <ele>1321</ele>
      </trkpt>
      <trkpt lat="-21.299430506103405" lon="55.59481952260201">
        <ele>1321</ele>
      </trkpt>
      <trkpt lat="-21.29941041916491" lon="55.594919235598546">
        <ele>1327</ele>
      </trkpt>
      <trkpt lat="-21.299360201806678" lon="55.59505937278287">
        <ele>1327</ele>
      </trkpt>
      <trkpt lat="-21.299370245279693" lon="55.595199509967195">
        <ele>1327</ele>
      </trkpt>
      <trkpt lat="-21.299370245279693" lon="55.59533964715152">
        <ele>1333</ele>
      </trkpt>
      <trkpt lat="-21.29939033222367" lon="55.59538995280742">
        <ele>1333</ele>
      </trkpt>
      <trkpt lat="-21.299320027907722" lon="55.59564956592454">
        <ele>1337</ele>
      </trkpt>
      <trkpt lat="-21.29931082138768" lon="55.59573939745295">
        <ele>1340</ele>
      </trkpt>
      <trkpt lat="-21.299330071383498" lon="55.59577982164074">
        <ele>1340</ele>
      </trkpt>
      <trkpt lat="-21.29926060399541" lon="55.595859771701015">
        <ele>1346</ele>
      </trkpt>
      <trkpt lat="-21.299230473551813" lon="55.59599990888534">
        <ele>1346</ele>
      </trkpt>
      <trkpt lat="-21.29915012567202" lon="55.59610950335001">
        <ele>1346</ele>
      </trkpt>
      <trkpt lat="-21.299160169159403" lon="55.596239759066194">
        <ele>1346</ele>
      </trkpt>
      <trkpt lat="-21.299070614706068" lon="55.596299946190236">
        <ele>1346</ele>
      </trkpt>
      <trkpt lat="-21.299000310237172" lon="55.59642930359116">
        <ele>1344</ele>
      </trkpt>
      <trkpt lat="-21.298800277100035" lon="55.596519135119564">
        <ele>1350</ele>
      </trkpt>
      <trkpt lat="-21.298690635390535" lon="55.596539796371104">
        <ele>1355</ele>
      </trkpt>
      <trkpt lat="-21.298590200165" lon="55.596539796371104">
        <ele>1355</ele>
      </trkpt>
      <trkpt lat="-21.298460471230438" lon="55.59655955930735">
        <ele>1355</ele>
      </trkpt>
      <trkpt lat="-21.298420297085546" lon="55.59663950936763">
        <ele>1356</ele>
      </trkpt>
      <trkpt lat="-21.29838012292968" lon="55.596679933555414">
        <ele>1361</ele>
      </trkpt>
      <trkpt lat="-21.298260437358547" lon="55.596759883615704">
        <ele>1361</ele>
      </trkpt>
      <trkpt lat="-21.298250393809663" lon="55.59681917242445">
        <ele>1361</ele>
      </trkpt>
      <trkpt lat="-21.298160001839022" lon="55.596919783736276">
        <ele>1362</ele>
      </trkpt>
      <trkpt lat="-21.29808049033739" lon="55.59696919107691">
        <ele>1365</ele>
      </trkpt>
      <trkpt lat="-21.298010185394844" lon="55.5970491411372">
        <ele>1365</ele>
      </trkpt>
      <trkpt lat="-21.298010185394844" lon="55.59716951538527">
        <ele>1367</ele>
      </trkpt>
      <trkpt lat="-21.297920630240768" lon="55.59725934691368">
        <ele>1367</ele>
      </trkpt>
      <trkpt lat="-21.297880455948313" lon="55.59734917844209">
        <ele>1374</ele>
      </trkpt>
      <trkpt lat="-21.29783023806731" lon="55.597369839693634">
        <ele>1374</ele>
      </trkpt>
      <trkpt lat="-21.297790063750135" lon="55.597399484098005">
        <ele>1374</ele>
      </trkpt>
      <trkpt lat="-21.297740682803585" lon="55.597399484098005">
        <ele>1374</ele>
      </trkpt>
      <trkpt lat="-21.29771055204837" lon="55.5974497897539">
        <ele>1378</ele>
      </trkpt>
      <trkpt lat="-21.297670377698484" lon="55.597469552690164">
        <ele>1378</ele>
      </trkpt>
      <trkpt lat="-21.297660334109302" lon="55.59752973981419">
        <ele>1378</ele>
      </trkpt>
      <trkpt lat="-21.29761011615307" lon="55.597689639934764">
        <ele>1378</ele>
      </trkpt>
      <trkpt lat="-21.297740682803585" lon="55.597839658587226">
        <ele>1379</ele>
      </trkpt>
      <trkpt lat="-21.29782019448904" lon="55.59787918445972">
        <ele>1377</ele>
      </trkpt>
      <trkpt lat="-21.297840281644877" lon="55.59813969589211">
        <ele>1379</ele>
      </trkpt>
      <trkpt lat="-21.297760769970274" lon="55.59823940888866">
        <ele>1377</ele>
      </trkpt>
      <trkpt lat="-21.29770050846192" lon="55.59827983307643">
        <ele>1377</ele>
      </trkpt>
      <trkpt lat="-21.297590028965782" lon="55.59838942754111">
        <ele>1384</ele>
      </trkpt>
      <trkpt lat="-21.297600072559764" lon="55.59843973319702">
        <ele>1377</ele>
      </trkpt>
      <trkpt lat="-21.29756073514605" lon="55.59846937760139">
        <ele>1384</ele>
      </trkpt>
      <trkpt lat="-21.2974201247301" lon="55.59852956472542">
        <ele>1378</ele>
      </trkpt>
      <trkpt lat="-21.297330569216467" lon="55.598639159190085">
        <ele>1378</ele>
      </trkpt>
      <trkpt lat="-21.297010010248517" lon="55.59871910925037">
        <ele>1384</ele>
      </trkpt>
      <trkpt lat="-21.296760593126653" lon="55.59865982044162">
        <ele>1396</ele>
      </trkpt>
      <trkpt lat="-21.296670200239745" lon="55.598559209129796">
        <ele>1396</ele>
      </trkpt>
      <trkpt lat="-21.29652038227699" lon="55.59852956472542">
        <ele>1396</ele>
      </trkpt>
      <trkpt lat="-21.296310302083167" lon="55.59857987038133">
        <ele>1404</ele>
      </trkpt>
      <trkpt lat="-21.296230789580893" lon="55.59850980178917">
        <ele>1404</ele>
      </trkpt>
      <trkpt lat="-21.29613035267442" lon="55.59852956472542">
        <ele>1410</ele>
      </trkpt>
      <trkpt lat="-21.29599057786537" lon="55.59851968325731">
        <ele>1410</ele>
      </trkpt>
      <trkpt lat="-21.295850802923397" lon="55.598609514785714">
        <ele>1420</ele>
      </trkpt>
      <trkpt lat="-21.29565076549977" lon="55.598609514785714">
        <ele>1420</ele>
      </trkpt>
      <trkpt lat="-21.295450727803917" lon="55.59862927772196">
        <ele>1422</ele>
      </trkpt>
      <trkpt lat="-21.295360334111464" lon="55.59867958337788">
        <ele>1424</ele>
      </trkpt>
      <trkpt lat="-21.29527077734283" lon="55.59865982044162">
        <ele>1424</ele>
      </trkpt>
      <trkpt lat="-21.295220558570186" lon="55.59869934631413">
        <ele>1424</ele>
      </trkpt>
      <trkpt lat="-21.29517033978037" lon="55.59870922778225">
        <ele>1424</ele>
      </trkpt>
      <trkpt lat="-21.295120120973433" lon="55.59869934631413">
        <ele>1424</ele>
      </trkpt>
      <trkpt lat="-21.295060695363023" lon="55.59878917784254">
        <ele>1432</ele>
      </trkpt>
      <trkpt lat="-21.294970301430716" lon="55.59877929637441">
        <ele>1432</ele>
      </trkpt>
      <trkpt lat="-21.29492008255543" lon="55.598809839094066">
        <ele>1426</ele>
      </trkpt>
      <trkpt lat="-21.29485061308297" lon="55.59889967062248">
        <ele>1426</ele>
      </trkpt>
      <trkpt lat="-21.29465057429822" lon="55.59888978915435">
        <ele>1437</ele>
      </trkpt>
      <trkpt lat="-21.294560180113706" lon="55.59889967062248">
        <ele>1437</ele>
      </trkpt>
      <trkpt lat="-21.29444049143203" lon="55.59888978915435">
        <ele>1454</ele>
      </trkpt>
      <trkpt lat="-21.294300715016075" lon="55.59881972056219">
        <ele>1454</ele>
      </trkpt>
      <trkpt lat="-21.29421032061643" lon="55.59868946484599">
        <ele>1465</ele>
      </trkpt>
      <trkpt lat="-21.29417014530986" lon="55.59861939625384">
        <ele>1465</ele>
      </trkpt>
      <trkpt lat="-21.294000237121065" lon="55.598559209129796">
        <ele>1465</ele>
      </trkpt>
      <trkpt lat="-21.29376002176043" lon="55.59857987038133">
        <ele>1478</ele>
      </trkpt>
      <trkpt lat="-21.293670464016817" lon="55.598559209129796">
        <ele>1483</ele>
      </trkpt>
      <trkpt lat="-21.29362024469745" lon="55.598569988913205">
        <ele>1483</ele>
      </trkpt>
      <trkpt lat="-21.293570025360935" lon="55.598559209129796">
        <ele>1483</ele>
      </trkpt>
      <trkpt lat="-21.2934704236261" lon="55.598559209129796">
        <ele>1483</ele>
      </trkpt>
      <trkpt lat="-21.29342020423839" lon="55.598569988913205">
        <ele>1483</ele>
      </trkpt>
      <trkpt lat="-21.293380028715884" lon="55.59859963331759">
        <ele>1493</ele>
      </trkpt>
      <trkpt lat="-21.293150693231343" lon="55.59861939625384">
        <ele>1493</ele>
      </trkpt>
      <trkpt lat="-21.2930301664099" lon="55.59858975184946">
        <ele>1507</ele>
      </trkpt>
      <trkpt lat="-21.292940608221652" lon="55.59852956472542">
        <ele>1507</ele>
      </trkpt>
      <trkpt lat="-21.29271043505762" lon="55.598499920321046">
        <ele>1501</ele>
      </trkpt>
      <trkpt lat="-21.292580700933637" lon="55.598559209129796">
        <ele>1509</ele>
      </trkpt>
      <trkpt lat="-21.292520437301615" lon="55.59854932766168">
        <ele>1509</ele>
      </trkpt>
      <trkpt lat="-21.29249030547635" lon="55.59859963331759">
        <ele>1509</ele>
      </trkpt>
      <trkpt lat="-21.29241079090777" lon="55.59865982044162">
        <ele>1509</ele>
      </trkpt>
      <trkpt lat="-21.292260131607286" lon="55.59865982044162">
        <ele>1512</ele>
      </trkpt>
      <trkpt lat="-21.29214044105295" lon="55.598639159190085">
        <ele>1512</ele>
      </trkpt>
      <trkpt lat="-21.291970530518277" lon="55.59866970190974">
        <ele>1520</ele>
      </trkpt>
      <trkpt lat="-21.291840795741344" lon="55.59877929637441">
        <ele>1520</ele>
      </trkpt>
      <trkpt lat="-21.291810663776783" lon="55.59881972056219">
        <ele>1520</ele>
      </trkpt>
      <trkpt lat="-21.291760443822092" lon="55.59890955209061">
        <ele>1528</ele>
      </trkpt>
      <trkpt lat="-21.29168009185894" lon="55.5989895021509">
        <ele>1528</ele>
      </trkpt>
      <trkpt lat="-21.291550356825713" lon="55.59917994499113">
        <ele>1527</ele>
      </trkpt>
      <trkpt lat="-21.29141057766181" lon="55.5993398451117">
        <ele>1529</ele>
      </trkpt>
      <trkpt lat="-21.291390489627336" lon="55.59940991370386">
        <ele>1531</ele>
      </trkpt>
      <trkpt lat="-21.291330225507426" lon="55.599549152572905">
        <ele>1531</ele>
      </trkpt>
      <trkpt lat="-21.291340269529126" lon="55.59964976388472">
        <ele>1531</ele>
      </trkpt>
      <trkpt lat="-21.29126075433856" lon="55.599729713945">
        <ele>1531</ele>
      </trkpt>
      <trkpt lat="-21.291170358069675" lon="55.59966952682097">
        <ele>1535</ele>
      </trkpt>
      <trkpt lat="-21.29110004982213" lon="55.59960933969694">
        <ele>1535</ele>
      </trkpt>
      <trkpt lat="-21.29099040236895" lon="55.599549152572905">
        <ele>1537</ele>
      </trkpt>
      <trkpt lat="-21.290860666727134" lon="55.59952938963665">
        <ele>1537</ele>
      </trkpt>
      <trkpt lat="-21.290750182090306" lon="55.59944943957637">
        <ele>1541</ele>
      </trkpt>
      <trkpt lat="-21.2904706221081" lon="55.59927965798766">
        <ele>1535</ele>
      </trkpt>
      <trkpt lat="-21.29036013717816" lon="55.599189826459245">
        <ele>1533</ele>
      </trkpt>
      <trkpt lat="-21.290280621457512" lon="55.59901914655527">
        <ele>1533</ele>
      </trkpt>
      <trkpt lat="-21.290180180485738" lon="55.59884936496656">
        <ele>1533</ele>
      </trkpt>
      <trkpt lat="-21.290080576454326" lon="55.59871910925037">
        <ele>1523</ele>
      </trkpt>
      <trkpt lat="-21.2900303559087" lon="55.59859963331759">
        <ele>1523</ele>
      </trkpt>
      <trkpt lat="-21.290010267685634" lon="55.59840919047735">
        <ele>1520</ele>
      </trkpt>
      <trkpt lat="-21.28990061941974" lon="55.59823940888866">
        <ele>1520</ele>
      </trkpt>
      <trkpt lat="-21.289790134061494" lon="55.59808939023621">
        <ele>1518</ele>
      </trkpt>
      <trkpt lat="-21.289700573899548" lon="55.597939371583756">
        <ele>1516</ele>
      </trkpt>
      <trkpt lat="-21.289610176671424" lon="55.597749827058806">
        <ele>1516</ele>
      </trkpt>
      <trkpt lat="-21.289560792977042" lon="55.59755938421858">
        <ele>1514</ele>
      </trkpt>
      <trkpt lat="-21.289480439811737" lon="55.59745967122203">
        <ele>1514</ele>
      </trkpt>
      <trkpt lat="-21.289390042448286" lon="55.597299771101454">
        <ele>1511</ele>
      </trkpt>
      <trkpt lat="-21.289290437881597" lon="55.59716951538527">
        <ele>1513</ele>
      </trkpt>
      <trkpt lat="-21.28922012873508" lon="55.597099446793095">
        <ele>1509</ele>
      </trkpt>
      <trkpt lat="-21.289130568225946" lon="55.596919783736276">
        <ele>1509</ele>
      </trkpt>
      <trkpt lat="-21.289030126468564" lon="55.59703925966907">
        <ele>1509</ele>
      </trkpt>
      <trkpt lat="-21.288980742579366" lon="55.5970491411372">
        <ele>1506</ele>
      </trkpt>
      <trkpt lat="-21.288880300719633" lon="55.597089565324985">
        <ele>1513</ele>
      </trkpt>
      <trkpt lat="-21.288730474818053" lon="55.597129989512766">
        <ele>1515</ele>
      </trkpt>
      <trkpt lat="-21.28864007699351" lon="55.59713987098088">
        <ele>1517</ele>
      </trkpt>
      <trkpt lat="-21.288590692973308" lon="55.59721982104117">
        <ele>1517</ele>
      </trkpt>
      <trkpt lat="-21.288580648763787" lon="55.59727910984993">
        <ele>1517</ele>
      </trkpt>
      <trkpt lat="-21.28848020663077" lon="55.597409365566115">
        <ele>1522</ele>
      </trkpt>
      <trkpt lat="-21.288380601447756" lon="55.59759980840636">
        <ele>1521</ele>
      </trkpt>
      <trkpt lat="-21.288250026483805" lon="55.59779923439943">
        <ele>1525</ele>
      </trkpt>
      <trkpt lat="-21.288140376905282" lon="55.59792949011564">
        <ele>1525</ele>
      </trkpt>
      <trkpt lat="-21.288030727244994" lon="55.59802920311217">
        <ele>1527</ele>
      </trkpt>
      <trkpt lat="-21.287780457866745" lon="55.59833912188519">
        <ele>1526</ele>
      </trkpt>
      <trkpt lat="-21.287560320904348" lon="55.59853944619354">
        <ele>1528</ele>
      </trkpt>
      <trkpt lat="-21.28751009949793" lon="55.598609514785714">
        <ele>1528</ele>
      </trkpt>
      <trkpt lat="-21.287460715098234" lon="55.59871910925037">
        <ele>1528</ele>
      </trkpt>
      <trkpt lat="-21.287470759384256" lon="55.59878917784254">
        <ele>1528</ele>
      </trkpt>
      <trkpt lat="-21.287540232343837" lon="55.59894997627839">
        <ele>1533</ele>
      </trkpt>
      <trkpt lat="-21.287660763665716" lon="55.599119757867086">
        <ele>1535</ele>
      </trkpt>
      <trkpt lat="-21.28770010372855" lon="55.59919970792737">
        <ele>1535</ele>
      </trkpt>
      <trkpt lat="-21.287730236535516" lon="55.59947998229602">
        <ele>1538</ele>
      </trkpt>
      <trkpt lat="-21.28771014799822" lon="55.59960933969694">
        <ele>1541</ele>
      </trkpt>
      <trkpt lat="-21.287680015187135" lon="55.599709951008755">
        <ele>1541</ele>
      </trkpt>
      <trkpt lat="-21.28764067511893" lon="55.599749476881264">
        <ele>1538</ele>
      </trkpt>
      <trkpt lat="-21.2876205865694" lon="55.59975935834939">
        <ele>1541</ele>
      </trkpt>
      <trkpt lat="-21.28733013931743" lon="55.599829426941554">
        <ele>1538</ele>
      </trkpt>
      <trkpt lat="-21.287280754857306" lon="55.5998491898778">
        <ele>1540</ele>
      </trkpt>
      <trkpt lat="-21.287200400446054" lon="55.59990937700182">
        <ele>1545</ele>
      </trkpt>
      <trkpt lat="-21.287110001680905" lon="55.59998932706211">
        <ele>1545</ele>
      </trkpt>
      <trkpt lat="-21.287050572832793" lon="55.60006927712241">
        <ele>1545</ele>
      </trkpt>
      <trkpt lat="-21.28701039556979" lon="55.60016988843422">
        <ele>1545</ele>
      </trkpt>
      <trkpt lat="-21.286930041010795" lon="55.60029924583513">
        <ele>1553</ele>
      </trkpt>
      <trkpt lat="-21.286890700741935" lon="55.60037919589543">
        <ele>1553</ele>
      </trkpt>
      <trkpt lat="-21.286850523435245" lon="55.60041962008322">
        <ele>1553</ele>
      </trkpt>
      <trkpt lat="-21.286760124455014" lon="55.6004591459557">
        <ele>1558</ele>
      </trkpt>
      <trkpt lat="-21.28670069546551" lon="55.60046992573912">
        <ele>1558</ele>
      </trkpt>
      <trkpt lat="-21.286600252048387" lon="55.60046992573912">
        <ele>1558</ele>
      </trkpt>
      <trkpt lat="-21.286520734294502" lon="55.60051933307975">
        <ele>1560</ele>
      </trkpt>
      <trkpt lat="-21.286500645591993" lon="55.60053999433128">
        <ele>1560</ele>
      </trkpt>
      <trkpt lat="-21.286460468178703" lon="55.60061994439157">
        <ele>1559</ele>
      </trkpt>
      <trkpt lat="-21.286450423823688" lon="55.60070977591998">
        <ele>1561</ele>
      </trkpt>
      <trkpt lat="-21.286500645591993" lon="55.60092986316459">
        <ele>1563</ele>
      </trkpt>
      <trkpt lat="-21.286500645591993" lon="55.60107988181704">
        <ele>1568</ele>
      </trkpt>
      <trkpt lat="-21.28649060123969" lon="55.6011894762817">
        <ele>1565</ele>
      </trkpt>
      <trkpt lat="-21.286450423823688" lon="55.60137991912193">
        <ele>1574</ele>
      </trkpt>
      <trkpt lat="-21.28643033511155" lon="55.601579345115006">
        <ele>1574</ele>
      </trkpt>
      <trkpt lat="-21.28641024639668" lon="55.601669176643426">
        <ele>1582</ele>
      </trkpt>
      <trkpt lat="-21.286180063009596" lon="55.601979993731725">
        <ele>1583</ele>
      </trkpt>
      <trkpt lat="-21.28584022796861" lon="55.602369862565034">
        <ele>1584</ele>
      </trkpt>
      <trkpt lat="-21.28566026574462" lon="55.602599831277765">
        <ele>1586</ele>
      </trkpt>
      <trkpt lat="-21.285480303300407" lon="55.60280913873898">
        <ele>1588</ele>
      </trkpt>
      <trkpt lat="-21.285420036758264" lon="55.602919631518915">
        <ele>1588</ele>
      </trkpt>
      <trkpt lat="-21.285320429502477" lon="55.60316936316789">
        <ele>1589</ele>
      </trkpt>
      <trkpt lat="-21.285300340635995" lon="55.60327985594785">
        <ele>1593</ele>
      </trkpt>
      <trkpt lat="-21.285290296201723" lon="55.603429874600295">
        <ele>1593</ele>
      </trkpt>
      <trkpt lat="-21.285260162894804" lon="55.60352958759683">
        <ele>1587</ele>
      </trkpt>
      <trkpt lat="-21.28516055553074" lon="55.603669724781156">
        <ele>1590</ele>
      </trkpt>
      <trkpt lat="-21.284990636930488" lon="55.60387993055763">
        <ele>1586</ele>
      </trkpt>
      <trkpt lat="-21.284870103420133" lon="55.60393921936639">
        <ele>1585</ele>
      </trkpt>
      <trkpt lat="-21.284650799141005" lon="55.60387993055763">
        <ele>1586</ele>
      </trkpt>
      <trkpt lat="-21.284390479514972" lon="55.60370925065365">
        <ele>1587</ele>
      </trkpt>
      <trkpt lat="-21.284350301525212" lon="55.603669724781156">
        <ele>1587</ele>
      </trkpt>
      <trkpt lat="-21.284120114913968" lon="55.60352958759683">
        <ele>1587</ele>
      </trkpt>
      <trkpt lat="-21.283820453258496" lon="55.603539469064955">
        <ele>1592</ele>
      </trkpt>
      <trkpt lat="-21.283500701880172" lon="55.6034694004728">
        <ele>1592</ele>
      </trkpt>
      <trkpt lat="-21.283220291067924" lon="55.60336968747625">
        <ele>1592</ele>
      </trkpt>
      <trkpt lat="-21.282930672175254" lon="55.60320978735569">
        <ele>1590</ele>
      </trkpt>
      <trkpt lat="-21.28279004776734" lon="55.603179244636024">
        <ele>1597</ele>
      </trkpt>
      <trkpt lat="-21.282730617173588" lon="55.603179244636024">
        <ele>1597</ele>
      </trkpt>
      <trkpt lat="-21.282590829626024" lon="55.60325919469631">
        <ele>1575</ele>
      </trkpt>
      <trkpt lat="-21.28243011563469" lon="55.603339144756596">
        <ele>1575</ele>
      </trkpt>
      <trkpt lat="-21.282240104595495" lon="55.603329263288465">
        <ele>1583</ele>
      </trkpt>
      <trkpt lat="-21.282010751736653" lon="55.603199905887564">
        <ele>1591</ele>
      </trkpt>
      <trkpt lat="-21.28182074015572" lon="55.60316936316789">
        <ele>1599</ele>
      </trkpt>
      <trkpt lat="-21.281610638958895" lon="55.60318912610415">
        <ele>1589</ele>
      </trkpt>
      <trkpt lat="-21.281530281449704" lon="55.603219668823805">
        <ele>1584</ele>
      </trkpt>
      <trkpt lat="-21.281360358655487" lon="55.60339933188063">
        <ele>1592</ele>
      </trkpt>
      <trkpt lat="-21.281240659229415" lon="55.60343975606842">
        <ele>1588</ele>
      </trkpt>
      <trkpt lat="-21.281110077926233" lon="55.60339933188063">
        <ele>1596</ele>
      </trkpt>
      <trkpt lat="-21.281030557204048" lon="55.603349924540005">
        <ele>1596</ele>
      </trkpt>
      <trkpt lat="-21.280880723305444" lon="55.60318912610415">
        <ele>1589</ele>
      </trkpt>
      <trkpt lat="-21.28077023117072" lon="55.60315948169978">
        <ele>1603</ele>
      </trkpt>
      <trkpt lat="-21.280580217987346" lon="55.60323943176006">
        <ele>1582</ele>
      </trkpt>
      <trkpt lat="-21.280410294095667" lon="55.603329263288465">
        <ele>1582</ele>
      </trkpt>
      <trkpt lat="-21.280290593896492" lon="55.603359806008136">
        <ele>1580</ele>
      </trkpt>
      <trkpt lat="-21.28013071445757" lon="55.603329263288465">
        <ele>1580</ele>
      </trkpt>
      <trkpt lat="-21.279970834844875" lon="55.60325919469631">
        <ele>1579</ele>
      </trkpt>
      <trkpt lat="-21.279820162799517" lon="55.60328973741598">
        <ele>1579</ele>
      </trkpt>
      <trkpt lat="-21.27971050693617" lon="55.60331938182035">
        <ele>1589</ele>
      </trkpt>
      <trkpt lat="-21.279580761343425" lon="55.60331938182035">
        <ele>1574</ele>
      </trkpt>
      <trkpt lat="-21.279490357895014" lon="55.60330950035222">
        <ele>1589</ele>
      </trkpt>
      <trkpt lat="-21.279180641956174" lon="55.60336968747625">
        <ele>1600</ele>
      </trkpt>
      <trkpt lat="-21.27906010368478" lon="55.603349924540005">
        <ele>1600</ele>
      </trkpt>
      <trkpt lat="-21.279000671584072" lon="55.603329263288465">
        <ele>1600</ele>
      </trkpt>
      <trkpt lat="-21.278920312649152" lon="55.60327985594785">
        <ele>1608</ele>
      </trkpt>
      <trkpt lat="-21.27881065611505" lon="55.60318912610415">
        <ele>1619</ele>
      </trkpt>
      <trkpt lat="-21.278520191465628" lon="55.602989700111074">
        <ele>1619</ele>
      </trkpt>
      <trkpt lat="-21.278460759146792" lon="55.60295915739141">
        <ele>1619</ele>
      </trkpt>
      <trkpt lat="-21.27826069806612" lon="55.602919631518915">
        <ele>1617</ele>
      </trkpt>
      <trkpt lat="-21.278050591784766" lon="55.602909750050785">
        <ele>1615</ele>
      </trkpt>
      <trkpt lat="-21.278030501925404" lon="55.602889987114544">
        <ele>1615</ele>
      </trkpt>
      <trkpt lat="-21.27795014246057" lon="55.60284956292676">
        <ele>1615</ele>
      </trkpt>
      <trkpt lat="-21.277910799789893" lon="55.602789375802715">
        <ele>1615</ele>
      </trkpt>
      <trkpt lat="-21.27780030542452" lon="55.60258994980964">
        <ele>1615</ele>
      </trkpt>
      <trkpt lat="-21.27769064805562" lon="55.60248933849782">
        <ele>1615</ele>
      </trkpt>
      <trkpt lat="-21.277310613488208" lon="55.602269251253205">
        <ele>1613</ele>
      </trkpt>
      <trkpt lat="-21.277090460855856" lon="55.60220996244446">
        <ele>1606</ele>
      </trkpt>
      <trkpt lat="-21.2769004429197" lon="55.60211923260076">
        <ele>1610</ele>
      </trkpt>
      <trkpt lat="-21.276720469758292" lon="55.602059943792014">
        <ele>1609</ele>
      </trkpt>
      <trkpt lat="-21.276410747988372" lon="55.6018398565474">
        <ele>1609</ele>
      </trkpt>
      <trkpt lat="-21.276270117347885" lon="55.60179943235963">
        <ele>1607</ele>
      </trkpt>
      <trkpt lat="-21.275960394629962" lon="55.60175990648712">
        <ele>1609</ele>
      </trkpt>
      <trkpt lat="-21.27579046540234" lon="55.601779669423365">
        <ele>1614</ele>
      </trkpt>
      <trkpt lat="-21.275640626166894" lon="55.60176978795524">
        <ele>1614</ele>
      </trkpt>
      <trkpt lat="-21.275540175197367" lon="55.60178955089149">
        <ele>1618</ele>
      </trkpt>
      <trkpt lat="-21.275410425926886" lon="55.60178955089149">
        <ele>1618</ele>
      </trkpt>
      <trkpt lat="-21.27512079165874" lon="55.601729363767454">
        <ele>1614</ele>
      </trkpt>
      <trkpt lat="-21.274910680893555" lon="55.60171948229933">
        <ele>1609</ele>
      </trkpt>
      <trkpt lat="-21.274700569828354" lon="55.6016592951753">
        <ele>1616</ele>
      </trkpt>
      <trkpt lat="-21.27421003047639" lon="55.60138980059006">
        <ele>1618</ele>
      </trkpt>
      <trkpt lat="-21.274120460827724" lon="55.60128918927824">
        <ele>1618</ele>
      </trkpt>
      <trkpt lat="-21.27391034863419" lon="55.600959507568966">
        <ele>1617</ele>
      </trkpt>
      <trkpt lat="-21.273820778803103" lon="55.60082925185277">
        <ele>1621</ele>
      </trkpt>
      <trkpt lat="-21.273740417039107" lon="55.60060916460815">
        <ele>1617</ele>
      </trkpt>
      <trkpt lat="-21.273590575716096" lon="55.60050945161163">
        <ele>1621</ele>
      </trkpt>
      <trkpt lat="-21.27321053055898" lon="55.600449264487594">
        <ele>1618</ele>
      </trkpt>
      <trkpt lat="-21.27305064342644" lon="55.600409738615085">
        <ele>1626</ele>
      </trkpt>
      <trkpt lat="-21.272870665556336" lon="55.600339670022926">
        <ele>1623</ele>
      </trkpt>
      <trkpt lat="-21.272720823347726" lon="55.600309127303255">
        <ele>1630</ele>
      </trkpt>
      <trkpt lat="-21.272490618540036" lon="55.600329788554795">
        <ele>1629</ele>
      </trkpt>
      <trkpt lat="-21.272370074788004" lon="55.600309127303255">
        <ele>1629</ele>
      </trkpt>
      <trkpt lat="-21.27223027739635" lon="55.60026960143076">
        <ele>1628</ele>
      </trkpt>
      <trkpt lat="-21.272100525207446" lon="55.600179769902354">
        <ele>1627</ele>
      </trkpt>
      <trkpt lat="-21.271940636868926" lon="55.600099819842065">
        <ele>1628</ele>
      </trkpt>
      <trkpt lat="-21.271850228726297" lon="55.60006927712241">
        <ele>1628</ele>
      </trkpt>
      <trkpt lat="-21.271710430840844" lon="55.600099819842065">
        <ele>1628</ele>
      </trkpt>
      <trkpt lat="-21.271590723563925" lon="55.60007915859053">
        <ele>1628</ele>
      </trkpt>
      <trkpt lat="-21.271540496705448" lon="55.599969564125864">
        <ele>1628</ele>
      </trkpt>
      <trkpt lat="-21.27149026982984" lon="55.599939919721486">
        <ele>1628</ele>
      </trkpt>
      <trkpt lat="-21.2713906531425" lon="55.59995968265774">
        <ele>1628</ele>
      </trkpt>
      <trkpt lat="-21.271260063097287" lon="55.599779121285636">
        <ele>1625</ele>
      </trkpt>
      <trkpt lat="-21.271200627846035" lon="55.59967940828909">
        <ele>1629</ele>
      </trkpt>
      <trkpt lat="-21.27099051148368" lon="55.599629102633195">
        <ele>1630</ele>
      </trkpt>
      <trkpt lat="-21.270940284420366" lon="55.59960933969694">
        <ele>1626</ele>
      </trkpt>
      <trkpt lat="-21.270820576517046" lon="55.599469202512616">
        <ele>1627</ele>
      </trkpt>
      <trkpt lat="-21.270720122257288" lon="55.59916916520772">
        <ele>1623</ele>
      </trkpt>
      <trkpt lat="-21.27066068678799" lon="55.59904968927493">
        <ele>1619</ele>
      </trkpt>
      <trkpt lat="-21.27062050504867" lon="55.59884936496656">
        <ele>1619</ele>
      </trkpt>
      <trkpt lat="-21.27055018697846" lon="55.59874965197004">
        <ele>1614</ele>
      </trkpt>
      <trkpt lat="-21.270520050652365" lon="55.59871910925037">
        <ele>1614</ele>
      </trkpt>
      <trkpt lat="-21.270460615102266" lon="55.59868946484599">
        <ele>1614</ele>
      </trkpt>
      <trkpt lat="-21.27033002423183" lon="55.59868946484599">
        <ele>1618</ele>
      </trkpt>
      <trkpt lat="-21.270230406759172" lon="55.598649938973494">
        <ele>1613</ele>
      </trkpt>
      <trkpt lat="-21.270080561862386" lon="55.598569988913205">
        <ele>1618</ele>
      </trkpt>
      <trkpt lat="-21.270020289011715" lon="55.59847925906952">
        <ele>1608</ele>
      </trkpt>
      <trkpt lat="-21.270020289011715" lon="55.59834990166859">
        <ele>1608</ele>
      </trkpt>
      <trkpt lat="-21.270030334488535" lon="55.5982196459524">
        <ele>1608</ele>
      </trkpt>
      <trkpt lat="-21.270030334488535" lon="55.598129814424">
        <ele>1604</ele>
      </trkpt>
      <trkpt lat="-21.270020289011715" lon="55.59809927170433">
        <ele>1604</ele>
      </trkpt>
      <trkpt lat="-21.26997006161729" lon="55.59803998289557">
        <ele>1604</ele>
      </trkpt>
      <trkpt lat="-21.269830261945945" lon="55.59792949011564">
        <ele>1607</ele>
      </trkpt>
      <trkpt lat="-21.26976078062275" lon="55.59784954005535">
        <ele>1611</ele>
      </trkpt>
      <trkpt lat="-21.269670371141057" lon="55.597669876998516">
        <ele>1607</ele>
      </trkpt>
      <trkpt lat="-21.269540616695306" lon="55.59755938421858">
        <ele>1607</ele>
      </trkpt>
      <trkpt lat="-21.269430116044852" lon="55.597509976877944">
        <ele>1609</ele>
      </trkpt>
      <trkpt lat="-21.26931040691324" lon="55.597469552690164">
        <ele>1609</ele>
      </trkpt>
      <trkpt lat="-21.268920305151454" lon="55.597409365566115">
        <ele>1619</ele>
      </trkpt>
      <trkpt lat="-21.26879055004448" lon="55.59741924703425">
        <ele>1619</ele>
      </trkpt>
      <trkpt lat="-21.26869009439923" lon="55.59747943415829">
        <ele>1624</ele>
      </trkpt>
      <trkpt lat="-21.2684104924923" lon="55.59771928433915">
        <ele>1620</ele>
      </trkpt>
      <trkpt lat="-21.268360264548555" lon="55.59773994559068">
        <ele>1629</ele>
      </trkpt>
      <trkpt lat="-21.26831003658766" lon="55.597749827058806">
        <ele>1629</ele>
      </trkpt>
      <trkpt lat="-21.268240554546857" lon="55.59771928433915">
        <ele>1629</ele>
      </trkpt>
      <trkpt lat="-21.268140098526253" lon="55.59759980840636">
        <ele>1621</ele>
      </trkpt>
      <trkpt lat="-21.26802038834551" lon="55.59738960262987">
        <ele>1622</ele>
      </trkpt>
      <trkpt lat="-21.267940023414297" lon="55.59728988963334">
        <ele>1622</ele>
      </trkpt>
      <trkpt lat="-21.267850449949695" lon="55.59726922838181">
        <ele>1627</ele>
      </trkpt>
      <trkpt lat="-21.267770084925704" lon="55.597299771101454">
        <ele>1627</ele>
      </trkpt>
      <trkpt lat="-21.26773073953337" lon="55.597359958225496">
        <ele>1627</ele>
      </trkpt>
      <trkpt lat="-21.26771064826516" lon="55.59752973981419">
        <ele>1634</ele>
      </trkpt>
      <trkpt lat="-21.26774078516647" lon="55.59771928433915">
        <ele>1640</ele>
      </trkpt>
      <trkpt lat="-21.26774078516647" lon="55.59782977711909">
        <ele>1640</ele>
      </trkpt>
      <trkpt lat="-21.26772069389962" lon="55.59802920311217">
        <ele>1649</ele>
      </trkpt>
      <trkpt lat="-21.26767046572049" lon="55.5981693402965">
        <ele>1649</ele>
      </trkpt>
      <trkpt lat="-21.26758005495488" lon="55.59825917182491">
        <ele>1657</ele>
      </trkpt>
      <trkpt lat="-21.267420161705687" lon="55.598369664604846">
        <ele>1651</ele>
      </trkpt>
      <trkpt lat="-21.267070237653826" lon="55.598499920321046">
        <ele>1653</ele>
      </trkpt>
      <trkpt lat="-21.266860115395232" lon="55.59859963331759">
        <ele>1656</ele>
      </trkpt>
      <trkpt lat="-21.266770541273512" lon="55.598649938973494">
        <ele>1657</ele>
      </trkpt>
      <trkpt lat="-21.266740404173564" lon="55.59872988903378">
        <ele>1657</ele>
      </trkpt>
      <trkpt lat="-21.266740404173564" lon="55.59873977050191">
        <ele>1657</ele>
      </trkpt>
      <trkpt lat="-21.26680067836727" lon="55.59882960203033">
        <ele>1664</ele>
      </trkpt>
      <trkpt lat="-21.26693043522832" lon="55.5989895021509">
        <ele>1659</ele>
      </trkpt>
      <trkpt lat="-21.267140557386533" lon="55.59914940227146">
        <ele>1662</ele>
      </trkpt>
      <trkpt lat="-21.267160648732567" lon="55.5992095893955">
        <ele>1662</ele>
      </trkpt>
      <trkpt lat="-21.267160648732567" lon="55.599249115268">
        <ele>1662</ele>
      </trkpt>
      <trkpt lat="-21.267140557386533" lon="55.59928953945578">
        <ele>1662</ele>
      </trkpt>
      <trkpt lat="-21.26679063267005" lon="55.599469202512616">
        <ele>1674</ele>
      </trkpt>
      <trkpt lat="-21.266660038543566" lon="55.59956981382443">
        <ele>1674</ele>
      </trkpt>
      <trkpt lat="-21.266510190012106" lon="55.59968928975722">
        <ele>1680</ele>
      </trkpt>
      <trkpt lat="-21.266240629700025" lon="55.59999920853024">
        <ele>1686</ele>
      </trkpt>
      <trkpt lat="-21.266210492491602" lon="55.6000297512499">
        <ele>1686</ele>
      </trkpt>
      <trkpt lat="-21.26615021805625" lon="55.60006927712241">
        <ele>1687</ele>
      </trkpt>
      <trkpt lat="-21.265970231748238" lon="55.60010970131019">
        <ele>1687</ele>
      </trkpt>
      <trkpt lat="-21.265780199453964" lon="55.600129464246436">
        <ele>1687</ele>
      </trkpt>
      <trkpt lat="-21.26567053312847" lon="55.60016988843422">
        <ele>1687</ele>
      </trkpt>
      <trkpt lat="-21.265600212693567" lon="55.60021929577484">
        <ele>1691</ele>
      </trkpt>
      <trkpt lat="-21.26551063780522" lon="55.60035943295918">
        <ele>1692</ele>
      </trkpt>
      <trkpt lat="-21.265450363083318" lon="55.60068911466845">
        <ele>1699</ele>
      </trkpt>
      <trkpt lat="-21.26542022571311" lon="55.600899320444924">
        <ele>1700</ele>
      </trkpt>
      <trkpt lat="-21.26536078810379" lon="55.601019694693">
        <ele>1708</ele>
      </trkpt>
      <trkpt lat="-21.265310559119456" lon="55.60107988181704">
        <ele>1708</ele>
      </trkpt>
      <trkpt lat="-21.265240238512604" lon="55.60109964475328">
        <ele>1708</ele>
      </trkpt>
      <trkpt lat="-21.265170755022854" lon="55.601109526221414">
        <ele>1708</ele>
      </trkpt>
      <trkpt lat="-21.265070296907375" lon="55.60109964475328">
        <ele>1705</ele>
      </trkpt>
      <trkpt lat="-21.264840080134203" lon="55.60103945762926">
        <ele>1709</ele>
      </trkpt>
      <trkpt lat="-21.26460902584718" lon="55.600959507568966">
        <ele>1702</ele>
      </trkpt>
      <trkpt lat="-21.264320207478455" lon="55.60085979457243">
        <ele>1705</ele>
      </trkpt>
      <trkpt lat="-21.26403055138599" lon="55.60076996304402">
        <ele>1709</ele>
      </trkpt>
      <trkpt lat="-21.263740057564867" lon="55.60065947026406">
        <ele>1710</ele>
      </trkpt>
      <trkpt lat="-21.26339849637343" lon="55.60055526569111">
        <ele>1711</ele>
      </trkpt>
      <trkpt lat="-21.26295061468884" lon="55.60041962008322">
        <ele>1712</ele>
      </trkpt>
      <trkpt lat="-21.262450827350175" lon="55.60029924583513">
        <ele>1715</ele>
      </trkpt>
      <trkpt lat="-21.26193010908895" lon="55.60015910865082">
        <ele>1720</ele>
      </trkpt>
      <trkpt lat="-21.26159105521196" lon="55.600049514186146">
        <ele>1724</ele>
      </trkpt>
      <trkpt lat="-21.261150702591454" lon="55.59990937700182">
        <ele>1723</ele>
      </trkpt>
      <trkpt lat="-21.260841785233332" lon="55.59982583368041">
        <ele>1723</ele>
      </trkpt>
      <trkpt lat="-21.260520309570918" lon="55.599739595413126">
        <ele>1729</ele>
      </trkpt>
      <trkpt lat="-21.260200507564548" lon="55.59966952682097">
        <ele>1736</ele>
      </trkpt>
      <trkpt lat="-21.259782754682846" lon="55.599632695894314">
        <ele>1736</ele>
      </trkpt>
      <trkpt lat="-21.259365000616057" lon="55.59959676328295">
        <ele>1736</ele>
      </trkpt>
      <trkpt lat="-21.25894054787555" lon="55.59955993235631">
        <ele>1736</ele>
      </trkpt>
      <trkpt lat="-21.258760552754254" lon="55.59951950816852">
        <ele>1739</ele>
      </trkpt>
      <trkpt lat="-21.25853032611571" lon="55.59943955810823">
        <ele>1734</ele>
      </trkpt>
      <trkpt lat="-21.258260751194207" lon="55.59935960804795">
        <ele>1736</ele>
      </trkpt>
      <trkpt lat="-21.257980292289417" lon="55.599229352331754">
        <ele>1738</ele>
      </trkpt>
      <trkpt lat="-21.257830434924337" lon="55.59916916520772">
        <ele>1740</ele>
      </trkpt>
      <trkpt lat="-21.25766048476714" lon="55.59912963933521">
        <ele>1740</ele>
      </trkpt>
      <trkpt lat="-21.257560021527784" lon="55.599119757867086">
        <ele>1745</ele>
      </trkpt>
      <trkpt lat="-21.25743025640888" lon="55.59912963933521">
        <ele>1745</ele>
      </trkpt>
      <trkpt lat="-21.257280398484134" lon="55.59916916520772">
        <ele>1746</ele>
      </trkpt>
      <trkpt lat="-21.257110447692227" lon="55.599249115268">
        <ele>1746</ele>
      </trkpt>
      <trkpt lat="-21.25690031122026" lon="55.59939913392045">
        <ele>1746</ele>
      </trkpt>
      <trkpt lat="-21.25658050135287" lon="55.599729713945">
        <ele>1743</ele>
      </trkpt>
      <trkpt lat="-21.256450735370944" lon="55.59988961406559">
        <ele>1748</ele>
      </trkpt>
      <trkpt lat="-21.256220505121625" lon="55.6000297512499">
        <ele>1742</ele>
      </trkpt>
      <trkpt lat="-21.255960135206045" lon="55.60011958277831">
        <ele>1741</ele>
      </trkpt>
      <trkpt lat="-21.255490463551308" lon="55.60014922718268">
        <ele>1738</ele>
      </trkpt>
      <trkpt lat="-21.25496051138323" lon="55.60014922718268">
        <ele>1741</ele>
      </trkpt>
      <trkpt lat="-21.254660790355604" lon="55.600139345714574">
        <ele>1734</ele>
      </trkpt>
      <trkpt lat="-21.254560325070212" lon="55.60011958277831">
        <ele>1745</ele>
      </trkpt>
      <trkpt lat="-21.254240510122102" lon="55.6000297512499">
        <ele>1728</ele>
      </trkpt>
      <trkpt lat="-21.25375073981119" lon="55.59990937700182">
        <ele>1726</ele>
      </trkpt>
      <trkpt lat="-21.25352050534168" lon="55.59986985112933">
        <ele>1730</ele>
      </trkpt>
      <trkpt lat="-21.253360596825644" lon="55.599859969661196">
        <ele>1724</ele>
      </trkpt>
      <trkpt lat="-21.25319064151099" lon="55.59988961406559">
        <ele>1724</ele>
      </trkpt>
      <trkpt lat="-21.252953708405208" lon="55.599969564125864">
        <ele>1717</ele>
      </trkpt>
      <trkpt lat="-21.252690821050358" lon="55.600059395654284">
        <ele>1718</ele>
      </trkpt>
      <trkpt lat="-21.25231072194345" lon="55.600089938373934">
        <ele>1719</ele>
      </trkpt>
      <trkpt lat="-21.251790805057055" lon="55.600179769902354">
        <ele>1721</ele>
      </trkpt>
      <trkpt lat="-21.251290142617485" lon="55.60035943295918">
        <ele>1723</ele>
      </trkpt>
      <trkpt lat="-21.25119051226347" lon="55.60038997567883">
        <ele>1725</ele>
      </trkpt>
      <trkpt lat="-21.251010507671563" lon="55.60038997567883">
        <ele>1725</ele>
      </trkpt>
      <trkpt lat="-21.25079031570889" lon="55.600369314427304">
        <ele>1725</ele>
      </trkpt>
      <trkpt lat="-21.2505801702209" lon="55.60029924583513">
        <ele>1729</ele>
      </trkpt>
      <trkpt lat="-21.250020059866415" lon="55.60018965137047">
        <ele>1736</ele>
      </trkpt>
      <trkpt lat="-21.249810750517767" lon="55.600139345714574">
        <ele>1736</ele>
      </trkpt>
      <trkpt lat="-21.249660047602617" lon="55.60006927712241">
        <ele>1732</ele>
      </trkpt>
      <trkpt lat="-21.249590556762048" lon="55.6000297512499">
        <ele>1737</ele>
      </trkpt>
      <trkpt lat="-21.249440690861768" lon="55.59986985112933">
        <ele>1731</ele>
      </trkpt>
      <trkpt lat="-21.249250637238276" lon="55.59957969529257">
        <ele>1731</ele>
      </trkpt>
      <trkpt lat="-21.249010348825955" lon="55.599159283739596">
        <ele>1727</ele>
      </trkpt>
      <trkpt lat="-21.24891071693031" lon="55.59900926508715">
        <ele>1725</ele>
      </trkpt>
      <trkpt lat="-21.248650334095025" lon="55.59865982044162">
        <ele>1721</ele>
      </trkpt>
      <trkpt lat="-21.24861014634956" lon="55.598559209129796">
        <ele>1721</ele>
      </trkpt>
      <trkpt lat="-21.24861014634956" lon="55.59852956472542">
        <ele>1721</ele>
      </trkpt>
      <trkpt lat="-21.248660381029683" lon="55.59846937760139">
        <ele>1714</ele>
      </trkpt>
      <trkpt lat="-21.24892076384721" lon="55.598299596012694">
        <ele>1714</ele>
      </trkpt>
      <trkpt lat="-21.249020395736054" lon="55.59823940888866">
        <ele>1715</ele>
      </trkpt>
      <trkpt lat="-21.249300034459154" lon="55.598149577360246">
        <ele>1708</ele>
      </trkpt>
      <trkpt lat="-21.24939045644768" lon="55.59809927170433">
        <ele>1708</ele>
      </trkpt>
      <trkpt lat="-21.24943064398033" lon="55.5980498643637">
        <ele>1708</ele>
      </trkpt>
      <trkpt lat="-21.24948004114085" lon="55.597939371583756">
        <ele>1702</ele>
      </trkpt>
      <trkpt lat="-21.24949008801893" lon="55.597839658587226">
        <ele>1702</ele>
      </trkpt>
      <trkpt lat="-21.249470831502" lon="55.59771928433915">
        <ele>1702</ele>
      </trkpt>
      <trkpt lat="-21.24939045644768" lon="55.59751985834607">
        <ele>1699</ele>
      </trkpt>
      <trkpt lat="-21.249350268904067" lon="55.59745967122203">
        <ele>1699</ele>
      </trkpt>
      <trkpt lat="-21.249280777917395" lon="55.59738960262987">
        <ele>1699</ele>
      </trkpt>
      <trkpt lat="-21.249190355861558" lon="55.59734917844209">
        <ele>1699</ele>
      </trkpt>
      <trkpt lat="-21.249020395736054" lon="55.59730965256959">
        <ele>1699</ele>
      </trkpt>
      <trkpt lat="-21.248890623094464" lon="55.597299771101454">
        <ele>1699</ele>
      </trkpt>
      <trkpt lat="-21.24875080341074" lon="55.59725934691368">
        <ele>1699</ele>
      </trkpt>
      <trkpt lat="-21.248520561127492" lon="55.59716951538527">
        <ele>1694</ele>
      </trkpt>
      <trkpt lat="-21.24811031034931" lon="55.59693954667254">
        <ele>1692</ele>
      </trkpt>
      <trkpt lat="-21.24806007548165" lon="55.596879359548495">
        <ele>1688</ele>
      </trkpt>
      <trkpt lat="-21.24798053690616" lon="55.59673922236418">
        <ele>1688</ele>
      </trkpt>
      <trkpt lat="-21.24782062237709" lon="55.596389777718656">
        <ele>1692</ele>
      </trkpt>
      <trkpt lat="-21.24771010542837" lon="55.59628916640683">
        <ele>1686</ele>
      </trkpt>
      <trkpt lat="-21.247680801678058" lon="55.5962792849387">
        <ele>1686</ele>
      </trkpt>
      <trkpt lat="-21.24749074578458" lon="55.596259522002455">
        <ele>1693</ele>
      </trkpt>
      <trkpt lat="-21.24719017230731" lon="55.59630982765836">
        <ele>1694</ele>
      </trkpt>
      <trkpt lat="-21.246860294303445" lon="55.59641942212303">
        <ele>1699</ele>
      </trkpt>
      <trkpt lat="-21.24651032140068" lon="55.596569440775475">
        <ele>1704</ele>
      </trkpt>
      <trkpt lat="-21.24634035818395" lon="55.596619746431394">
        <ele>1708</ele>
      </trkpt>
      <trkpt lat="-21.246150300561652" lon="55.596609864963256">
        <ele>1704</ele>
      </trkpt>
      <trkpt lat="-21.246070760955323" lon="55.596579322243606">
        <ele>1700</ele>
      </trkpt>
      <trkpt lat="-21.245790278843053" lon="55.5964095406549">
        <ele>1704</ele>
      </trkpt>
      <trkpt lat="-21.24552989049382" lon="55.596201131508984">
        <ele>1704</ele>
      </trkpt>
      <trkpt lat="-21.245250244616027" lon="55.59597924763381">
        <ele>1706</ele>
      </trkpt>
      <trkpt lat="-21.245150610178065" lon="55.59587953463728">
        <ele>1706</ele>
      </trkpt>
      <trkpt lat="-21.245020834128443" lon="55.5957196345167">
        <ele>1710</ele>
      </trkpt>
      <trkpt lat="-21.244930409458583" lon="55.595559734396126">
        <ele>1707</ele>
      </trkpt>
      <trkpt lat="-21.24477049161957" lon="55.59511955990691">
        <ele>1711</ele>
      </trkpt>
      <trkpt lat="-21.244640715235224" lon="55.59492911706667">
        <ele>1716</ele>
      </trkpt>
      <trkpt lat="-21.244480797081856" lon="55.594759335477974">
        <ele>1709</ele>
      </trkpt>
      <trkpt lat="-21.244340135944885" lon="55.59458955388928">
        <ele>1707</ele>
      </trkpt>
      <trkpt lat="-21.244310831524455" lon="55.594529366765244">
        <ele>1707</ele>
      </trkpt>
      <trkpt lat="-21.244300784293245" lon="55.59434970370842">
        <ele>1704</ele>
      </trkpt>
      <trkpt lat="-21.244380324854852" lon="55.594139497931934">
        <ele>1704</ele>
      </trkpt>
      <trkpt lat="-21.244410466530145" lon="55.59407931080789">
        <ele>1699</ele>
      </trkpt>
      <trkpt lat="-21.244510101468496" lon="55.59402990346727">
        <ele>1697</ele>
      </trkpt>
      <trkpt lat="-21.24461057360702" lon="55.59399936074761">
        <ele>1697</ele>
      </trkpt>
      <trkpt lat="-21.244840821999464" lon="55.59396971634324">
        <ele>1698</ele>
      </trkpt>
      <trkpt lat="-21.245160657351338" lon="55.593909529219204">
        <ele>1692</ele>
      </trkpt>
      <trkpt lat="-21.24549053915986" lon="55.593859223563285">
        <ele>1687</ele>
      </trkpt>
      <trkpt lat="-21.245720786177497" lon="55.593879884814825">
        <ele>1686</ele>
      </trkpt>
      <trkpt lat="-21.245730833311892" lon="55.593909529219204">
        <ele>1686</ele>
      </trkpt>
      <trkpt lat="-21.245730833311892" lon="55.59406942933977">
        <ele>1686</ele>
      </trkpt>
      <trkpt lat="-21.245800325972706" lon="55.59407931080789">
        <ele>1686</ele>
      </trkpt>
      <trkpt lat="-21.245870655861143" lon="55.5940397849354">
        <ele>1686</ele>
      </trkpt>
      <trkpt lat="-21.245900797231613" lon="55.59399936074761">
        <ele>1685</ele>
      </trkpt>
      <trkpt lat="-21.245960242694217" lon="55.593859223563285">
        <ele>1685</ele>
      </trkpt>
      <trkpt lat="-21.24603057250632" lon="55.59375951056675">
        <ele>1684</ele>
      </trkpt>
      <trkpt lat="-21.246110112134335" lon="55.593709204910844">
        <ele>1688</ele>
      </trkpt>
      <trkpt lat="-21.246200536080355" lon="55.59359961044618">
        <ele>1680</ele>
      </trkpt>
      <trkpt lat="-21.24621058318204" lon="55.59348911766623">
        <ele>1682</ele>
      </trkpt>
      <trkpt lat="-21.24619048897798" lon="55.59336964173344">
        <ele>1682</ele>
      </trkpt>
      <trkpt lat="-21.246150300561652" lon="55.593219623081">
        <ele>1682</ele>
      </trkpt>
      <trkpt lat="-21.246060713844095" lon="55.59303996002418">
        <ele>1678</ele>
      </trkpt>
      <trkpt lat="-21.245931775855965" lon="55.592845923922795">
        <ele>1673</ele>
      </trkpt>
      <trkpt lat="-21.245800325972706" lon="55.59264919287558">
        <ele>1672</ele>
      </trkpt>
      <trkpt lat="-21.245670550495234" lon="55.59247941128688">
        <ele>1672</ele>
      </trkpt>
      <trkpt lat="-21.24549053915986" lon="55.59219913691823">
        <ele>1666</ele>
      </trkpt>
      <trkpt lat="-21.245420209090028" lon="55.591989829457034">
        <ele>1662</ele>
      </trkpt>
      <trkpt lat="-21.245360763409586" lon="55.591759860744304">
        <ele>1664</ele>
      </trkpt>
      <trkpt lat="-21.245290433277823" lon="55.591529892031566">
        <ele>1661</ele>
      </trkpt>
      <trkpt lat="-21.245220103112498" lon="55.591399636315366">
        <ele>1661</ele>
      </trkpt>
      <trkpt lat="-21.245080279946" lon="55.59124961766292">
        <ele>1661</ele>
      </trkpt>
      <trkpt lat="-21.244889383432653" lon="55.591126548469">
        <ele>1661</ele>
      </trkpt>
      <trkpt lat="-21.244690114001443" lon="55.59099988601393">
        <ele>1661</ele>
      </trkpt>
      <trkpt lat="-21.24444060819928" lon="55.590849867361484">
        <ele>1663</ele>
      </trkpt>
      <trkpt lat="-21.244270642595517" lon="55.590759137517786">
        <ele>1665</ele>
      </trkpt>
      <trkpt lat="-21.244180217465352" lon="55.59081932464183">
        <ele>1665</ele>
      </trkpt>
      <trkpt lat="-21.244080582303994" lon="55.5909396988899">
        <ele>1665</ele>
      </trkpt>
      <trkpt lat="-21.243770791876198" lon="55.59118943053888">
        <ele>1671</ele>
      </trkpt>
      <trkpt lat="-21.243700460985664" lon="55.59126938059917">
        <ele>1671</ele>
      </trkpt>
      <trkpt lat="-21.24363013006159" lon="55.59138975484724">
        <ele>1675</ele>
      </trkpt>
      <trkpt lat="-21.243570683659105" lon="55.591449941971284">
        <ele>1670</ele>
      </trkpt>
      <trkpt lat="-21.243500352673085" lon="55.59135921212758">
        <ele>1675</ele>
      </trkpt>
      <trkpt lat="-21.24349030538662" lon="55.59119931200701">
        <ele>1670</ele>
      </trkpt>
      <trkpt lat="-21.24347021081166" lon="55.591089717542346">
        <ele>1670</ele>
      </trkpt>
      <trkpt lat="-21.243420811636554" lon="55.5909792247624">
        <ele>1666</ele>
      </trkpt>
      <trkpt lat="-21.243400717052122" lon="55.590959461826145">
        <ele>1666</ele>
      </trkpt>
      <trkpt lat="-21.243300244088815" lon="55.59091993595365">
        <ele>1669</ele>
      </trkpt>
      <trkpt lat="-21.24314032448095" lon="55.590969343294276">
        <ele>1663</ele>
      </trkpt>
      <trkpt lat="-21.242980404699583" lon="55.59105917482269">
        <ele>1668</ele>
      </trkpt>
      <trkpt lat="-21.24293016808323" lon="55.59107983607422">
        <ele>1668</ele>
      </trkpt>
      <trkpt lat="-21.242860674069036" lon="55.59107983607422">
        <ele>1670</ele>
      </trkpt>
      <trkpt lat="-21.242810437411883" lon="55.591029530418304">
        <ele>1670</ele>
      </trkpt>
      <trkpt lat="-21.242770248073825" lon="55.590969343294276">
        <ele>1669</ele>
      </trkpt>
      <trkpt lat="-21.242730058724817" lon="55.59087951176586">
        <ele>1667</ele>
      </trkpt>
      <trkpt lat="-21.242660564616276" lon="55.59079956170557">
        <ele>1667</ele>
      </trkpt>
      <trkpt lat="-21.242640469928197" lon="55.59078968023746">
        <ele>1667</ele>
      </trkpt>
      <trkpt lat="-21.242510691668286" lon="55.590779798769326">
        <ele>1670</ele>
      </trkpt>
      <trkpt lat="-21.242420265458346" lon="55.59078968023746">
        <ele>1670</ele>
      </trkpt>
      <trkpt lat="-21.242350771203757" lon="55.590859748829615">
        <ele>1670</ele>
      </trkpt>
      <trkpt lat="-21.24231058174036" lon="55.590969343294276">
        <ele>1670</ele>
      </trkpt>
      <trkpt lat="-21.242330676473426" lon="55.59105917482269">
        <ele>1673</ele>
      </trkpt>
      <trkpt lat="-21.24245040753449" lon="55.59124961766292">
        <ele>1673</ele>
      </trkpt>
      <trkpt lat="-21.242510691668286" lon="55.59138975484724">
        <ele>1678</ele>
      </trkpt>
      <trkpt lat="-21.24249059695976" lon="55.59154965496782">
        <ele>1678</ele>
      </trkpt>
      <trkpt lat="-21.242420265458346" lon="55.59177962368055">
        <ele>1683</ele>
      </trkpt>
      <trkpt lat="-21.242430312817746" lon="55.592019473861406">
        <ele>1683</ele>
      </trkpt>
      <trkpt lat="-21.242410218098257" lon="55.59211918685795">
        <ele>1687</ele>
      </trkpt>
      <trkpt lat="-21.242220155407654" lon="55.59227998529381">
        <ele>1690</ele>
      </trkpt>
      <trkpt lat="-21.242190013284436" lon="55.592529716942785">
        <ele>1689</ele>
      </trkpt>
      <trkpt lat="-21.242150661058716" lon="55.59277944859178">
        <ele>1691</ele>
      </trkpt>
      <trkpt lat="-21.24204013985796" lon="55.59292946724422">
        <ele>1691</ele>
      </trkpt>
      <trkpt lat="-21.242010834980228" lon="55.59294923018047">
        <ele>1691</ele>
      </trkpt>
      <trkpt lat="-21.241920408463635" lon="55.59292946724422">
        <ele>1691</ele>
      </trkpt>
      <trkpt lat="-21.24168010809902" lon="55.592769567123646">
        <ele>1691</ele>
      </trkpt>
      <trkpt lat="-21.241610613495453" lon="55.592739922719275">
        <ele>1691</ele>
      </trkpt>
      <trkpt lat="-21.24142054977378" lon="55.59270937999961">
        <ele>1696</ele>
      </trkpt>
      <trkpt lat="-21.2412807230027" lon="55.59275968565553">
        <ele>1696</ele>
      </trkpt>
      <trkpt lat="-21.241170201149647" lon="55.59282975424769">
        <ele>1700</ele>
      </trkpt>
      <trkpt lat="-21.241060516501452" lon="55.59292946724422">
        <ele>1700</ele>
      </trkpt>
      <trkpt lat="-21.240950831771627" lon="55.593079485896666">
        <ele>1704</ele>
      </trkpt>
      <trkpt lat="-21.240870452070485" lon="55.59313967302071">
        <ele>1701</ele>
      </trkpt>
      <trkpt lat="-21.24069043487244" lon="55.59320974161287">
        <ele>1706</ele>
      </trkpt>
      <trkpt lat="-21.240590797352024" lon="55.59329957314128">
        <ele>1708</ele>
      </trkpt>
      <trkpt lat="-21.240520464944126" lon="55.593389404669686">
        <ele>1708</ele>
      </trkpt>
      <trkpt lat="-21.240470227489357" lon="55.59342982885747">
        <ele>1706</ele>
      </trkpt>
      <trkpt lat="-21.240400732315393" lon="55.59345947326185">
        <ele>1708</ele>
      </trkpt>
      <trkpt lat="-21.240270114791322" lon="55.59344959179373">
        <ele>1706</ele>
      </trkpt>
      <trkpt lat="-21.240160429473374" lon="55.59344959179373">
        <ele>1706</ele>
      </trkpt>
      <trkpt lat="-21.24014033444443" lon="55.593469354729976">
        <ele>1706</ele>
      </trkpt>
      <trkpt lat="-21.240090096860133" lon="55.593569966041805">
        <ele>1707</ele>
      </trkpt>
      <trkpt lat="-21.240050744073795" lon="55.59368944197459">
        <ele>1707</ele>
      </trkpt>
      <trkpt lat="-21.240000506458962" lon="55.59375951056675">
        <ele>1707</ele>
      </trkpt>
      <trkpt lat="-21.2398908209404" lon="55.59376939203487">
        <ele>1707</ele>
      </trkpt>
      <trkpt lat="-21.239610327067506" lon="55.59355918625839">
        <ele>1709</ele>
      </trkpt>
      <trkpt lat="-21.239480546139756" lon="55.59353942332214">
        <ele>1713</ele>
      </trkpt>
      <trkpt lat="-21.23932062238777" lon="55.59361937338243">
        <ele>1713</ele>
      </trkpt>
      <trkpt lat="-21.238920393598864" lon="55.59376939203487">
        <ele>1715</ele>
      </trkpt>
      <trkpt lat="-21.238890250800885" lon="55.593939173623575">
        <ele>1719</ele>
      </trkpt>
      <trkpt lat="-21.238920393598864" lon="55.59408919227602">
        <ele>1714</ele>
      </trkpt>
      <trkpt lat="-21.238820754882063" lon="55.59411973499568">
        <ele>1723</ele>
      </trkpt>
      <trkpt lat="-21.238740374019446" lon="55.59407931080789">
        <ele>1719</ele>
      </trkpt>
      <trkpt lat="-21.238640735180972" lon="55.59406942933977">
        <ele>1714</ele>
      </trkpt>
      <trkpt lat="-21.238540258973146" lon="55.59414937940006">
        <ele>1723</ele>
      </trkpt>
      <trkpt lat="-21.23850006847084" lon="55.59436946664467">
        <ele>1723</ele>
      </trkpt>
      <trkpt lat="-21.238410477103354" lon="55.59467938541769">
        <ele>1733</ele>
      </trkpt>
      <trkpt lat="-21.238310000738597" lon="55.59480964113389">
        <ele>1727</ele>
      </trkpt>
      <trkpt lat="-21.238260599834145" lon="55.59505937278287">
        <ele>1733</ele>
      </trkpt>
      <trkpt lat="-21.23816012336724" lon="55.595079135719125">
        <ele>1733</ele>
      </trkpt>
      <trkpt lat="-21.23809062710425" lon="55.59490935413042">
        <ele>1731</ele>
      </trkpt>
      <trkpt lat="-21.23803034116281" lon="55.594719809605465">
        <ele>1729</ele>
      </trkpt>
      <trkpt lat="-21.23809062710425" lon="55.59463985954519">
        <ele>1729</ele>
      </trkpt>
      <trkpt lat="-21.238020293503503" lon="55.59450960382899">
        <ele>1724</ele>
      </trkpt>
      <trkpt lat="-21.238010245843526" lon="55.594449416704954">
        <ele>1724</ele>
      </trkpt>
      <trkpt lat="-21.237930701844462" lon="55.59434970370842">
        <ele>1724</ele>
      </trkpt>
      <trkpt lat="-21.237760728734212" lon="55.59428951658438">
        <ele>1720</ele>
      </trkpt>
      <trkpt lat="-21.237650204242104" lon="55.59433982224029">
        <ele>1726</ele>
      </trkpt>
      <trkpt lat="-21.237640156556882" lon="55.59435958517654">
        <ele>1720</ele>
      </trkpt>
      <trkpt lat="-21.237620061184415" lon="55.594459298173085">
        <ele>1726</ele>
      </trkpt>
      <trkpt lat="-21.237620061184415" lon="55.59454912970149">
        <ele>1726</ele>
      </trkpt>
      <trkpt lat="-21.23772053801938" lon="55.59478987819764">
        <ele>1729</ele>
      </trkpt>
      <trkpt lat="-21.237760728734212" lon="55.59494977831821">
        <ele>1734</ele>
      </trkpt>
      <trkpt lat="-21.23775068105652" lon="55.59517974703093">
        <ele>1734</ele>
      </trkpt>
      <trkpt lat="-21.237760728734212" lon="55.59539983427554">
        <ele>1742</ele>
      </trkpt>
      <trkpt lat="-21.237840272824965" lon="55.59559926026863">
        <ele>1746</ele>
      </trkpt>
      <trkpt lat="-21.237820177479783" lon="55.59574927892107">
        <ele>1756</ele>
      </trkpt>
      <trkpt lat="-21.23772053801938" lon="55.59590917904165">
        <ele>1756</ele>
      </trkpt>
      <trkpt lat="-21.23769039497608" lon="55.595929840293174">
        <ele>1756</ele>
      </trkpt>
      <trkpt lat="-21.23766025192662" lon="55.59593972176131">
        <ele>1756</ele>
      </trkpt>
      <trkpt lat="-21.237590755427984" lon="55.59590917904165">
        <ele>1757</ele>
      </trkpt>
      <trkpt lat="-21.23753046928215" lon="55.59583911044949">
        <ele>1757</ele>
      </trkpt>
      <trkpt lat="-21.23748023080845" lon="55.59574927892107">
        <ele>1755</ele>
      </trkpt>
      <trkpt lat="-21.23743082962595" lon="55.59572951598482">
        <ele>1757</ele>
      </trkpt>
      <trkpt lat="-21.237380591118303" lon="55.595769940172616">
        <ele>1757</ele>
      </trkpt>
      <trkpt lat="-21.23718047422627" lon="55.59596936616568">
        <ele>1754</ele>
      </trkpt>
      <trkpt lat="-21.237060738884832" lon="55.596079858945636">
        <ele>1759</ele>
      </trkpt>
      <trkpt lat="-21.23700045252227" lon="55.59614992753779">
        <ele>1759</ele>
      </trkpt>
      <trkpt lat="-21.23693011840144" lon="55.59628916640683">
        <ele>1761</ele>
      </trkpt>
      <trkpt lat="-21.236870669296977" lon="55.59641942212303">
        <ele>1761</ele>
      </trkpt>
      <trkpt lat="-21.23685057381962" lon="55.596539796371104">
        <ele>1761</ele>
      </trkpt>
      <trkpt lat="-21.236860621558645" lon="55.59679940948821">
        <ele>1769</ele>
      </trkpt>
      <trkpt lat="-21.236880717034637" lon="55.596959309608785">
        <ele>1773</ele>
      </trkpt>
      <trkpt lat="-21.23689076477159" lon="55.597159633917144">
        <ele>1779</ele>
      </trkpt>
      <trkpt lat="-21.236860621558645" lon="55.597629452810736">
        <ele>1785</ele>
      </trkpt>
      <trkpt lat="-21.236840526079913" lon="55.59771928433915">
        <ele>1791</ele>
      </trkpt>
      <trkpt lat="-21.236820430598453" lon="55.59775970852693">
        <ele>1791</ele>
      </trkpt>
      <trkpt lat="-21.236780239627308" lon="55.59775970852693">
        <ele>1797</ele>
      </trkpt>
      <trkpt lat="-21.2367207904624" lon="55.597709402871025">
        <ele>1797</ele>
      </trkpt>
      <trkpt lat="-21.236620312946094" lon="55.59753962128233">
        <ele>1789</ele>
      </trkpt>
      <trkpt lat="-21.23654076819712" lon="55.59748931562641">
        <ele>1789</ele>
      </trkpt>
      <trkpt lat="-21.236450338325103" lon="55.597469552690164">
        <ele>1790</ele>
      </trkpt>
      <trkpt lat="-21.236360745712023" lon="55.59749919709454">
        <ele>1788</ele>
      </trkpt>
      <trkpt lat="-21.236260267950357" lon="55.597549502750454">
        <ele>1790</ele>
      </trkpt>
      <trkpt lat="-21.236170675221782" lon="55.59763933427887">
        <ele>1788</ele>
      </trkpt>
      <trkpt lat="-21.236100340705114" lon="55.59765999553039">
        <ele>1788</ele>
      </trkpt>
      <trkpt lat="-21.235950461087473" lon="55.597609689874474">
        <ele>1788</ele>
      </trkpt>
      <trkpt lat="-21.23576039006831" lon="55.597629452810736">
        <ele>1791</ele>
      </trkpt>
      <trkpt lat="-21.235620557928616" lon="55.597629452810736">
        <ele>1787</ele>
      </trkpt>
      <trkpt lat="-21.235560270977178" lon="55.59769952140289">
        <ele>1788</ele>
      </trkpt>
      <trkpt lat="-21.235480725656316" lon="55.597749827058806">
        <ele>1791</ele>
      </trkpt>
      <trkpt lat="-21.235420438647694" lon="55.59775970852693">
        <ele>1795</ele>
      </trkpt>
      <trkpt lat="-21.235390295134145" lon="55.597689639934764">
        <ele>1791</ele>
      </trkpt>
      <trkpt lat="-21.235390295134145" lon="55.59753962128233">
        <ele>1791</ele>
      </trkpt>
      <trkpt lat="-21.235310749721577" lon="55.59747943415829">
        <ele>1791</ele>
      </trkpt>
      <trkpt lat="-21.23487031855541" lon="55.59724946544556">
        <ele>1786</ele>
      </trkpt>
      <trkpt lat="-21.234650102479005" lon="55.597159633917144">
        <ele>1786</ele>
      </trkpt>
      <trkpt lat="-21.234530365082694" lon="55.597129989512766">
        <ele>1786</ele>
      </trkpt>
      <trkpt lat="-21.23435034014301" lon="55.59710932826123">
        <ele>1778</ele>
      </trkpt>
      <trkpt lat="-21.234160267061192" lon="55.597129989512766">
        <ele>1778</ele>
      </trkpt>
      <trkpt lat="-21.233950097861708" lon="55.59730965256959">
        <ele>1775</ele>
      </trkpt>
      <trkpt lat="-21.23387055167221" lon="55.59733929697396">
        <ele>1775</ele>
      </trkpt>
      <trkpt lat="-21.23384040784181" lon="55.59732941550585">
        <ele>1775</ele>
      </trkpt>
      <trkpt lat="-21.233810264005253" lon="55.597229702509296">
        <ele>1775</ele>
      </trkpt>
      <trkpt lat="-21.233800216058377" lon="55.59697997086032">
        <ele>1774</ele>
      </trkpt>
      <trkpt lat="-21.233770072213602" lon="55.596839833676">
        <ele>1769</ele>
      </trkpt>
      <trkpt lat="-21.233740765691945" lon="55.596789528020075">
        <ele>1769</ele>
      </trkpt>
      <trkpt lat="-21.23354064385982" lon="55.596679933555414">
        <ele>1769</ele>
      </trkpt>
      <trkpt lat="-21.23349040402667" lon="55.5966296278995">
        <ele>1769</ele>
      </trkpt>
      <trkpt lat="-21.23340080961508" lon="55.596469727778945">
        <ele>1765</ele>
      </trkpt>
      <trkpt lat="-21.23332042579761" lon="55.59628916640683">
        <ele>1757</ele>
      </trkpt>
      <trkpt lat="-21.233050804756544" lon="55.59577982164074">
        <ele>1753</ele>
      </trkpt>
      <trkpt lat="-21.23299051675446" lon="55.59570975304856">
        <ele>1753</ele>
      </trkpt>
      <trkpt lat="-21.233230831282746" lon="55.59552919167647">
        <ele>1753</ele>
      </trkpt>
      <trkpt lat="-21.23328023387244" lon="55.59544924161618">
        <ele>1748</ele>
      </trkpt>
      <trkpt lat="-21.233270185889435" lon="55.59536929155589">
        <ele>1748</ele>
      </trkpt>
      <trkpt lat="-21.23322078329638" lon="55.59531988421527">
        <ele>1748</ele>
      </trkpt>
      <trkpt lat="-21.233120303395015" lon="55.59529922296373">
        <ele>1748</ele>
      </trkpt>
      <trkpt lat="-21.23301061275789" lon="55.59532976568338">
        <ele>1749</ele>
      </trkpt>
      <trkpt lat="-21.23291013271332" lon="55.595379173024014">
        <ele>1749</ele>
      </trkpt>
      <trkpt lat="-21.23279039390416" lon="55.59536929155589">
        <ele>1746</ele>
      </trkpt>
      <trkpt lat="-21.232720057775115" lon="55.595249815623106">
        <ele>1746</ele>
      </trkpt>
      <trkpt lat="-21.232600318811603" lon="55.595149204311284">
        <ele>1739</ele>
      </trkpt>
      <trkpt lat="-21.23238009934517" lon="55.59501984691036">
        <ele>1739</ele>
      </trkpt>
      <trkpt lat="-21.232310600357838" lon="55.594999185658835">
        <ele>1739</ele>
      </trkpt>
      <trkpt lat="-21.232180813004632" lon="55.594999185658835">
        <ele>1737</ele>
      </trkpt>
      <trkpt lat="-21.231990737126406" lon="55.595079135719125">
        <ele>1737</ele>
      </trkpt>
      <trkpt lat="-21.23187016023082" lon="55.59517974703093">
        <ele>1733</ele>
      </trkpt>
      <trkpt lat="-21.23179061291934" lon="55.59529922296373">
        <ele>1737</ele>
      </trkpt>
      <trkpt lat="-21.231740372489988" lon="55.59544924161618">
        <ele>1735</ele>
      </trkpt>
      <trkpt lat="-21.231700180134194" lon="55.59549954727209">
        <ele>1735</ele>
      </trkpt>
      <trkpt lat="-21.23163068082644" lon="55.59551931020834">
        <ele>1737</ele>
      </trkpt>
      <trkpt lat="-21.231560344144274" lon="55.59548966580397">
        <ele>1735</ele>
      </trkpt>
      <trkpt lat="-21.231370267466318" lon="55.59526957855935">
        <ele>1737</ele>
      </trkpt>
      <trkpt lat="-21.231090594728244" lon="55.594999185658835">
        <ele>1734</ele>
      </trkpt>
      <trkpt lat="-21.231030305924797" lon="55.59497942272258">
        <ele>1734</ele>
      </trkpt>
      <trkpt lat="-21.230930661876194" lon="55.59500996544225">
        <ele>1734</ele>
      </trkpt>
      <trkpt lat="-21.230720488073928" lon="55.59508991550252">
        <ele>1739</ele>
      </trkpt>
      <trkpt lat="-21.23063005463258" lon="55.59510967843878">
        <ele>1732</ele>
      </trkpt>
      <trkpt lat="-21.230600747486896" lon="55.595149204311284">
        <ele>1732</ele>
      </trkpt>
      <trkpt lat="-21.23059069932133" lon="55.59517974703093">
        <ele>1730</ele>
      </trkpt>
      <trkpt lat="-21.23059069932133" lon="55.59553997145987">
        <ele>1745</ele>
      </trkpt>
      <trkpt lat="-21.230610795651778" lon="55.59568999011232">
        <ele>1745</ele>
      </trkpt>
      <trkpt lat="-21.230610795651778" lon="55.595769940172616">
        <ele>1746</ele>
      </trkpt>
      <trkpt lat="-21.23059069932133" lon="55.59596936616568">
        <ele>1746</ele>
      </trkpt>
      <trkpt lat="-21.230600747486896" lon="55.59608974041376">
        <ele>1750</ele>
      </trkpt>
      <trkpt lat="-21.23059069932133" lon="55.596259522002455">
        <ele>1752</ele>
      </trkpt>
      <trkpt lat="-21.230580651155083" lon="55.59634935353087">
        <ele>1758</ele>
      </trkpt>
      <trkpt lat="-21.23055050665221" lon="55.59641942212303">
        <ele>1758</ele>
      </trkpt>
      <trkpt lat="-21.230540458483215" lon="55.596519135119564">
        <ele>1758</ele>
      </trkpt>
      <trkpt lat="-21.230540458483215" lon="55.596789528020075">
        <ele>1766</ele>
      </trkpt>
      <trkpt lat="-21.230530410313538" lon="55.596889241016626">
        <ele>1766</ele>
      </trkpt>
      <trkpt lat="-21.230540458483215" lon="55.597059920920614">
        <ele>1768</ele>
      </trkpt>
      <trkpt lat="-21.23051031397213" lon="55.597129989512766">
        <ele>1774</ele>
      </trkpt>
      <trkpt lat="-21.23046007310663" lon="55.59717939685339">
        <ele>1774</ele>
      </trkpt>
      <trkpt lat="-21.230420717750032" lon="55.59724946544556">
        <ele>1774</ele>
      </trkpt>
      <trkpt lat="-21.230390573214482" lon="55.59734917844209">
        <ele>1775</ele>
      </trkpt>
      <trkpt lat="-21.230330284124875" lon="55.597469552690164">
        <ele>1783</ele>
      </trkpt>
      <trkpt lat="-21.23034033230818" lon="55.597669876998516">
        <ele>1783</ele>
      </trkpt>
      <trkpt lat="-21.230380525034583" lon="55.59788996424312">
        <ele>1789</ele>
      </trkpt>
      <trkpt lat="-21.230420717750032" lon="55.59795913452001">
        <ele>1790</ele>
      </trkpt>
      <trkpt lat="-21.230470121281094" lon="55.59807950876807">
        <ele>1799</ele>
      </trkpt>
      <trkpt lat="-21.230470121281094" lon="55.598129814424">
        <ele>1799</ele>
      </trkpt>
      <trkpt lat="-21.230500265800398" lon="55.598249290356776">
        <ele>1803</ele>
      </trkpt>
      <trkpt lat="-21.230500265800398" lon="55.59843973319702">
        <ele>1803</ele>
      </trkpt>
      <trkpt lat="-21.230540458483215" lon="55.59851968325731">
        <ele>1809</ele>
      </trkpt>
      <trkpt lat="-21.230540458483215" lon="55.598559209129796">
        <ele>1809</ele>
      </trkpt>
      <trkpt lat="-21.23046007310663" lon="55.598809839094066">
        <ele>1820</ele>
      </trkpt>
      <trkpt lat="-21.230370476854013" lon="55.5989895021509">
        <ele>1822</ele>
      </trkpt>
      <trkpt lat="-21.230287579338157" lon="55.59926438662784">
        <ele>1823</ele>
      </trkpt>
      <trkpt lat="-21.23018039864253" lon="55.599619221165064">
        <ele>1835</ele>
      </trkpt>
      <trkpt lat="-21.23015025405786" lon="55.599739595413126">
        <ele>1835</ele>
      </trkpt>
      <trkpt lat="-21.230140205861602" lon="55.59983930840966">
        <ele>1835</ele>
      </trkpt>
      <trkpt lat="-21.230160302253427" lon="55.60006927712241">
        <ele>1837</ele>
      </trkpt>
      <trkpt lat="-21.23018039864253" lon="55.60014922718268">
        <ele>1837</ele>
      </trkpt>
      <trkpt lat="-21.230310187756192" lon="55.600339670022926">
        <ele>1845</ele>
      </trkpt>
      <trkpt lat="-21.23051031397213" lon="55.60057952020378">
        <ele>1853</ele>
      </trkpt>
      <trkpt lat="-21.23055050665221" lon="55.6006693517322">
        <ele>1853</ele>
      </trkpt>
      <trkpt lat="-21.230500265800398" lon="55.60081937038465">
        <ele>1863</ele>
      </trkpt>
      <trkpt lat="-21.230600747486896" lon="55.600919981696464">
        <ele>1860</ele>
      </trkpt>
      <trkpt lat="-21.230580651155083" lon="55.60112928915767">
        <ele>1869</ele>
      </trkpt>
      <trkpt lat="-21.23057060298815" lon="55.601579345115006">
        <ele>1877</ele>
      </trkpt>
      <trkpt lat="-21.230520362143185" lon="55.60173924523558">
        <ele>1889</ele>
      </trkpt>
      <trkpt lat="-21.230330284124875" lon="55.60191980660769">
        <ele>1895</ele>
      </trkpt>
      <trkpt lat="-21.23022059141252" lon="55.601979993731725">
        <ele>1895</ele>
      </trkpt>
      <trkpt lat="-21.230030513007883" lon="55.6021794197248">
        <ele>1904</ele>
      </trkpt>
      <trkpt lat="-21.22986053079095" lon="55.60232943837725">
        <ele>1904</ele>
      </trkpt>
      <trkpt lat="-21.22980024148467" lon="55.60243993115719">
        <ele>1906</ele>
      </trkpt>
      <trkpt lat="-21.229640307233367" lon="55.60243993115719">
        <ele>1908</ele>
      </trkpt>
      <trkpt lat="-21.229510517530212" lon="55.60248933849782">
        <ele>1904</ele>
      </trkpt>
      <trkpt lat="-21.229410035100955" lon="55.602169538256675">
        <ele>1904</ele>
      </trkpt>
      <trkpt lat="-21.22933048646257" lon="55.60206982526014">
        <ele>1899</ele>
      </trkpt>
      <trkpt lat="-21.229230003910654" lon="55.60209946966451">
        <ele>1897</ele>
      </trkpt>
      <trkpt lat="-21.229100213846444" lon="55.60210935113265">
        <ele>1900</ele>
      </trkpt>
      <trkpt lat="-21.229030713313502" lon="55.6021398938523">
        <ele>1905</ele>
      </trkpt>
      <trkpt lat="-21.22887077822775" lon="55.602129114068894">
        <ele>1897</ele>
      </trkpt>
      <trkpt lat="-21.22872005390443" lon="55.60229979397287">
        <ele>1901</ele>
      </trkpt>
      <trkpt lat="-21.228590263391506" lon="55.60240938843754">
        <ele>1903</ele>
      </trkpt>
      <trkpt lat="-21.22857016678574" lon="55.602529762685606">
        <ele>1903</ele>
      </trkpt>
      <trkpt lat="-21.228510714310996" lon="55.60268966280618">
        <ele>1903</ele>
      </trkpt>
      <trkpt lat="-21.228380086254134" lon="55.602779494334584">
        <ele>1902</ele>
      </trkpt>
      <trkpt lat="-21.228310585381866" lon="55.60266989986993">
        <ele>1901</ele>
      </trkpt>
      <trkpt lat="-21.22828044041504" lon="55.60249921996596">
        <ele>1901</ele>
      </trkpt>
      <trkpt lat="-21.228180794508624" lon="55.602309675441">
        <ele>1896</ele>
      </trkpt>
      <trkpt lat="-21.22804011782025" lon="55.602219843912586">
        <ele>1899</ele>
      </trkpt>
      <trkpt lat="-21.227960568443034" lon="55.6021794197248">
        <ele>1899</ele>
      </trkpt>
      <trkpt lat="-21.227760438767493" lon="55.602199182661046">
        <ele>1899</ele>
      </trkpt>
      <trkpt lat="-21.22760050230437" lon="55.60227913272134">
        <ele>1895</ele>
      </trkpt>
      <trkpt lat="-21.22740037214029" lon="55.60241926990567">
        <ele>1899</ele>
      </trkpt>
      <trkpt lat="-21.227340081828437" lon="55.60242915137378">
        <ele>1899</ele>
      </trkpt>
      <trkpt lat="-21.227250483680585" lon="55.60240938843754">
        <ele>1892</ele>
      </trkpt>
      <trkpt lat="-21.227060401448373" lon="55.602399506969405">
        <ele>1896</ele>
      </trkpt>
      <trkpt lat="-21.22691051264321" lon="55.60250999974935">
        <ele>1894</ele>
      </trkpt>
      <trkpt lat="-21.226810028442742" lon="55.602569288558115">
        <ele>1894</ele>
      </trkpt>
      <trkpt lat="-21.226730478402153" lon="55.60251988121748">
        <ele>1895</ele>
      </trkpt>
      <trkpt lat="-21.226670187816502" lon="55.60231955690912">
        <ele>1887</ele>
      </trkpt>
      <trkpt lat="-21.22662078301266" lon="55.60218930119294">
        <ele>1887</ele>
      </trkpt>
      <trkpt lat="-21.22653034705771" lon="55.60210935113265">
        <ele>1887</ele>
      </trkpt>
      <trkpt lat="-21.226370409260877" lon="55.60207970672827">
        <ele>1884</ele>
      </trkpt>
      <trkpt lat="-21.22616022896052" lon="55.602169538256675">
        <ele>1881</ele>
      </trkpt>
      <trkpt lat="-21.225960096842414" lon="55.60237974403316">
        <ele>1881</ele>
      </trkpt>
      <trkpt lat="-21.22591069180076" lon="55.60241926990567">
        <ele>1887</ele>
      </trkpt>
      <trkpt lat="-21.22583030390101" lon="55.60240938843754">
        <ele>1891</ele>
      </trkpt>
      <trkpt lat="-21.22578006144143" lon="55.602369862565034">
        <ele>1880</ele>
      </trkpt>
      <trkpt lat="-21.225690462346048" lon="55.602199182661046">
        <ele>1880</ele>
      </trkpt>
      <trkpt lat="-21.225670365345206" lon="55.602059943792014">
        <ele>1872</ele>
      </trkpt>
      <trkpt lat="-21.22566031684377" lon="55.60202940107235">
        <ele>1872</ele>
      </trkpt>
      <trkpt lat="-21.22562012283115" lon="55.60196921394832">
        <ele>1872</ele>
      </trkpt>
      <trkpt lat="-21.22554057214889" lon="55.60193956954394">
        <ele>1872</ele>
      </trkpt>
      <trkpt lat="-21.225390681799446" lon="55.60194945101206">
        <ele>1869</ele>
      </trkpt>
      <trkpt lat="-21.225350487713367" lon="55.601959332480185">
        <ele>1869</ele>
      </trkpt>
      <trkpt lat="-21.225300245090356" lon="55.6020096381361">
        <ele>1871</ele>
      </trkpt>
      <trkpt lat="-21.225280148036376" lon="55.60207970672827">
        <ele>1869</ele>
      </trkpt>
      <trkpt lat="-21.225190548637354" lon="55.60222972538071">
        <ele>1873</ele>
      </trkpt>
      <trkpt lat="-21.225050706475923" lon="55.60224948831696">
        <ele>1871</ele>
      </trkpt>
      <trkpt lat="-21.22494017245813" lon="55.6021794197248">
        <ele>1871</ele>
      </trkpt>
      <trkpt lat="-21.224820427178713" lon="55.602059943792014">
        <ele>1865</ele>
      </trkpt>
      <trkpt lat="-21.22469063323462" lon="55.60194945101206">
        <ele>1864</ele>
      </trkpt>
      <trkpt lat="-21.224530693443235" lon="55.601779669423365">
        <ele>1864</ele>
      </trkpt>
      <trkpt lat="-21.224450304791503" lon="55.601669176643426">
        <ele>1866</ele>
      </trkpt>
      <trkpt lat="-21.224390013273965" lon="55.60162965077091">
        <ele>1866</ele>
      </trkpt>
      <trkpt lat="-21.224290364739566" lon="55.60159910805127">
        <ele>1864</ele>
      </trkpt>
      <trkpt lat="-21.224130424514243" lon="55.601669176643426">
        <ele>1873</ele>
      </trkpt>
      <trkpt lat="-21.224000629963093" lon="55.601649413707165">
        <ele>1862</ele>
      </trkpt>
      <trkpt lat="-21.22384068942367" lon="55.601549700710635">
        <ele>1860</ele>
      </trkpt>
      <trkpt lat="-21.223700008596445" lon="55.60142932646255">
        <ele>1861</ele>
      </trkpt>
      <trkpt lat="-21.2236405541589" lon="55.601419444994434">
        <ele>1861</ele>
      </trkpt>
      <trkpt lat="-21.223620456878823" lon="55.60143920793069">
        <ele>1861</ele>
      </trkpt>
      <trkpt lat="-21.223530019084592" lon="55.60158922658313">
        <ele>1861</ele>
      </trkpt>
      <trkpt lat="-21.223500710528256" lon="55.6016592951753">
        <ele>1868</ele>
      </trkpt>
      <trkpt lat="-21.22343036996933" lon="55.60178955089149">
        <ele>1868</ele>
      </trkpt>
      <trkpt lat="-21.223400224005232" lon="55.60180931382774">
        <ele>1868</ele>
      </trkpt>
      <trkpt lat="-21.223340769446867" lon="55.60176978795524">
        <ele>1860</ele>
      </trkpt>
      <trkpt lat="-21.22330057480231" lon="55.60161976930279">
        <ele>1869</ele>
      </trkpt>
      <trkpt lat="-21.22321013681198" lon="55.60140956352631">
        <ele>1860</ele>
      </trkpt>
      <trkpt lat="-21.223170779521098" lon="55.601269426341986">
        <ele>1853</ele>
      </trkpt>
      <trkpt lat="-21.223150682177035" lon="55.60116971334545">
        <ele>1853</ele>
      </trkpt>
      <trkpt lat="-21.223080341451215" lon="55.60099993175675">
        <ele>1853</ele>
      </trkpt>
      <trkpt lat="-21.222970643347605" lon="55.600959507568966">
        <ele>1853</ele>
      </trkpt>
      <trkpt lat="-21.222880205155057" lon="55.60097927050522">
        <ele>1848</ele>
      </trkpt>
      <trkpt lat="-21.222640711155115" lon="55.60099993175675">
        <ele>1852</ele>
      </trkpt>
      <trkpt lat="-21.2225100779004" lon="55.60103945762926">
        <ele>1851</ele>
      </trkpt>
      <trkpt lat="-21.22249081785946" lon="55.60104933909737">
        <ele>1851</ele>
      </trkpt>
      <trkpt lat="-21.222420476819067" lon="55.60112928915767">
        <ele>1854</ele>
      </trkpt>
      <trkpt lat="-21.222350135745128" lon="55.60124966340573">
        <ele>1851</ele>
      </trkpt>
      <trkpt lat="-21.222310778224852" lon="55.60125954487386">
        <ele>1851</ele>
      </trkpt>
      <trkpt lat="-21.222250485832976" lon="55.60119935774982">
        <ele>1851</ele>
      </trkpt>
      <trkpt lat="-21.22214078711238" lon="55.601019694693">
        <ele>1856</ele>
      </trkpt>
      <trkpt lat="-21.222040299663153" lon="55.60078972598026">
        <ele>1848</ele>
      </trkpt>
      <trkpt lat="-21.221990055912876" lon="55.600749301792476">
        <ele>1849</ele>
      </trkpt>
      <trkpt lat="-21.221870308239076" lon="55.600749301792476">
        <ele>1849</ele>
      </trkpt>
      <trkpt lat="-21.221830113193917" lon="55.60076996304402">
        <ele>1849</ele>
      </trkpt>
      <trkpt lat="-21.221660121527673" lon="55.600899320444924">
        <ele>1847</ele>
      </trkpt>
      <trkpt lat="-21.221600666268124" lon="55.60103945762926">
        <ele>1849</ele>
      </trkpt>
      <trkpt lat="-21.221570519930186" lon="55.60112928915767">
        <ele>1849</ele>
      </trkpt>
      <trkpt lat="-21.221490129665582" lon="55.60120923921796">
        <ele>1844</ele>
      </trkpt>
      <trkpt lat="-21.221460820704056" lon="55.60120923921796">
        <ele>1844</ele>
      </trkpt>
      <trkpt lat="-21.221350283996752" lon="55.60117959481357">
        <ele>1844</ele>
      </trkpt>
      <trkpt lat="-21.22125063340933" lon="55.6011894762817">
        <ele>1844</ele>
      </trkpt>
      <trkpt lat="-21.221220486999897" lon="55.60120923921796">
        <ele>1844</ele>
      </trkpt>
      <trkpt lat="-21.221110787513524" lon="55.60134937640228">
        <ele>1849</ele>
      </trkpt>
      <trkpt lat="-21.221040445815227" lon="55.60145986918222">
        <ele>1842</ele>
      </trkpt>
      <trkpt lat="-21.221020348180986" lon="55.601469750650345">
        <ele>1849</ele>
      </trkpt>
      <trkpt lat="-21.220960055261827" lon="55.60147963211847">
        <ele>1849</ele>
      </trkpt>
      <trkpt lat="-21.220880502066915" lon="55.601419444994434">
        <ele>1847</ele>
      </trkpt>
      <trkpt lat="-21.220690411627473" lon="55.60112928915767">
        <ele>1840</ele>
      </trkpt>
      <trkpt lat="-21.22055056520071" lon="55.601029576161125">
        <ele>1835</ele>
      </trkpt>
      <trkpt lat="-21.2204207675004" lon="55.60097927050522">
        <ele>1839</ele>
      </trkpt>
      <trkpt lat="-21.22025077421052" lon="55.601029576161125">
        <ele>1838</ele>
      </trkpt>
      <trkpt lat="-21.22002048742174" lon="55.601159831877325">
        <ele>1841</ele>
      </trkpt>
      <trkpt lat="-21.2199208359363" lon="55.6011499504092">
        <ele>1838</ele>
      </trkpt>
      <trkpt lat="-21.21977010246906" lon="55.601069102033634">
        <ele>1840</ele>
      </trkpt>
      <trkpt lat="-21.219630255170117" lon="55.60093974463271">
        <ele>1835</ele>
      </trkpt>
      <trkpt lat="-21.219490407738636" lon="55.600749301792476">
        <ele>1840</ele>
      </trkpt>
      <trkpt lat="-21.21940080482366" lon="55.60063970732782">
        <ele>1831</ele>
      </trkpt>
      <trkpt lat="-21.219350560174636" lon="55.60053999433128">
        <ele>1831</ele>
      </trkpt>
      <trkpt lat="-21.21931036444308" lon="55.60041962008322">
        <ele>1820</ele>
      </trkpt>
      <trkpt lat="-21.219250070825243" lon="55.600329788554795">
        <ele>1820</ele>
      </trkpt>
      <trkpt lat="-21.219090125136336" lon="55.60022917724298">
        <ele>1820</ele>
      </trkpt>
      <trkpt lat="-21.218800380148476" lon="55.60021929577484">
        <ele>1818</ele>
      </trkpt>
      <trkpt lat="-21.2187007278391" lon="55.60023995702639">
        <ele>1818</ele>
      </trkpt>
      <trkpt lat="-21.218620336011067" lon="55.60031990708667">
        <ele>1812</ele>
      </trkpt>
      <trkpt lat="-21.218490536612943" lon="55.60051933307975">
        <ele>1818</ele>
      </trkpt>
      <trkpt lat="-21.218460389639624" lon="55.60054987579941">
        <ele>1818</ele>
      </trkpt>
      <trkpt lat="-21.218440291653994" lon="55.60055975726753">
        <ele>1818</ele>
      </trkpt>
      <trkpt lat="-21.218400095674504" lon="55.60052921454786">
        <ele>1818</ele>
      </trkpt>
      <trkpt lat="-21.218400095674504" lon="55.600439383019456">
        <ele>1812</ele>
      </trkpt>
      <trkpt lat="-21.218430242660144" lon="55.600279482898884">
        <ele>1812</ele>
      </trkpt>
      <trkpt lat="-21.218470438631428" lon="55.600179769902354">
        <ele>1807</ele>
      </trkpt>
      <trkpt lat="-21.218460389639624" lon="55.60011958277831">
        <ele>1807</ele>
      </trkpt>
      <trkpt lat="-21.21845034064716" lon="55.600099819842065">
        <ele>1807</ele>
      </trkpt>
      <trkpt lat="-21.218390046677936" lon="55.600089938373934">
        <ele>1803</ele>
      </trkpt>
      <trkpt lat="-21.21830044309484" lon="55.600129464246436">
        <ele>1809</ele>
      </trkpt>
      <trkpt lat="-21.218230100056896" lon="55.60034955149104">
        <ele>1807</ele>
      </trkpt>
      <trkpt lat="-21.218230100056896" lon="55.60038997567883">
        <ele>1807</ele>
      </trkpt>
      <trkpt lat="-21.218180692426888" lon="55.60050945161163">
        <ele>1809</ele>
      </trkpt>
      <trkpt lat="-21.21808020228088" lon="55.60052921454786">
        <ele>1804</ele>
      </trkpt>
      <trkpt lat="-21.217980549485205" lon="55.60051933307975">
        <ele>1806</ele>
      </trkpt>
      <trkpt lat="-21.217920255324035" lon="55.60053999433128">
        <ele>1804</ele>
      </trkpt>
      <trkpt lat="-21.21783065145571" lon="55.600649588795946">
        <ele>1798</ele>
      </trkpt>
      <trkpt lat="-21.21774021011286" lon="55.6008894389768">
        <ele>1807</ele>
      </trkpt>
      <trkpt lat="-21.21771006298629" lon="55.60094962610084">
        <ele>1805</ele>
      </trkpt>
      <trkpt lat="-21.21768075327396" lon="55.60097927050522">
        <ele>1805</ele>
      </trkpt>
      <trkpt lat="-21.21751075682775" lon="55.601059220565496">
        <ele>1807</ele>
      </trkpt>
      <trkpt lat="-21.21730056390676" lon="55.60112928915767">
        <ele>1808</ele>
      </trkpt>
      <trkpt lat="-21.217160714267592" lon="55.60112928915767">
        <ele>1807</ele>
      </trkpt>
      <trkpt lat="-21.21699071722237" lon="55.60104933909737">
        <ele>1806</ele>
      </trkpt>
      <trkpt lat="-21.216790572666916" lon="55.60103945762926">
        <ele>1804</ele>
      </trkpt>
      <trkpt lat="-21.216690081574377" lon="55.6008894389768">
        <ele>1801</ele>
      </trkpt>
      <trkpt lat="-21.216580378720238" lon="55.60077984451214">
        <ele>1803</ele>
      </trkpt>
      <trkpt lat="-21.216430479268634" lon="55.60076996304402">
        <ele>1802</ele>
      </trkpt>
      <trkpt lat="-21.216280579664794" lon="55.60085979457243">
        <ele>1803</ele>
      </trkpt>
      <trkpt lat="-21.216200186518442" lon="55.601019694693">
        <ele>1808</ele>
      </trkpt>
      <trkpt lat="-21.2161608273579" lon="55.601159831877325">
        <ele>1804</ele>
      </trkpt>
      <trkpt lat="-21.21608043414634" lon="55.60130985052977">
        <ele>1813</ele>
      </trkpt>
      <trkpt lat="-21.215920485022238" lon="55.601369139338516">
        <ele>1804</ele>
      </trkpt>
      <trkpt lat="-21.215780634075365" lon="55.60149939505472">
        <ele>1805</ele>
      </trkpt>
      <trkpt lat="-21.21563073381152" lon="55.601539819242504">
        <ele>1802</ele>
      </trkpt>
      <trkpt lat="-21.21555034031122" lon="55.60151915799098">
        <ele>1799</ele>
      </trkpt>
      <trkpt lat="-21.215350193802518" lon="55.60148951358661">
        <ele>1803</ele>
      </trkpt>
      <trkpt lat="-21.215230440740783" lon="55.60156946364688">
        <ele>1800</ele>
      </trkpt>
      <trkpt lat="-21.215200293101528" lon="55.601729363767454">
        <ele>1804</ele>
      </trkpt>
      <trkpt lat="-21.21519024388709" lon="55.601859619483655">
        <ele>1804</ele>
      </trkpt>
      <trkpt lat="-21.21513078602092" lon="55.60196921394832">
        <ele>1810</ele>
      </trkpt>
      <trkpt lat="-21.215090589140086" lon="55.60198987519985">
        <ele>1811</ele>
      </trkpt>
      <trkpt lat="-21.215030293798314" lon="55.60198987519985">
        <ele>1811</ele>
      </trkpt>
      <trkpt lat="-21.215000146118186" lon="55.60194945101206">
        <ele>1811</ele>
      </trkpt>
      <trkpt lat="-21.214900491242844" lon="55.60190992513956">
        <ele>1811</ele>
      </trkpt>
      <trkpt lat="-21.214810048104457" lon="55.60191980660769">
        <ele>1811</ele>
      </trkpt>
      <trkpt lat="-21.214740540840076" lon="55.601959332480185">
        <ele>1806</ele>
      </trkpt>
      <trkpt lat="-21.21467019610544" lon="55.60201951960422">
        <ele>1806</ele>
      </trkpt>
      <trkpt lat="-21.214580590263974" lon="55.60214977532043">
        <ele>1810</ele>
      </trkpt>
      <trkpt lat="-21.214550442492005" lon="55.60227913272134">
        <ele>1813</ele>
      </trkpt>
      <trkpt lat="-21.214510245453123" lon="55.60233931984537">
        <ele>1813</ele>
      </trkpt>
      <trkpt lat="-21.214490146929577" lon="55.602349201313494">
        <ele>1809</ele>
      </trkpt>
      <trkpt lat="-21.2144005409788" lon="55.602349201313494">
        <ele>1810</ele>
      </trkpt>
      <trkpt lat="-21.214260688591796" lon="55.602369862565034">
        <ele>1805</ele>
      </trkpt>
      <trkpt lat="-21.21415014649154" lon="55.602479457029695">
        <ele>1810</ele>
      </trkpt>
      <trkpt lat="-21.214070589625734" lon="55.60265912008653">
        <ele>1810</ele>
      </trkpt>
      <trkpt lat="-21.214030392456188" lon="55.602719307210556">
        <ele>1820</ele>
      </trkpt>
      <trkpt lat="-21.21388049041486" lon="55.602889987114544">
        <ele>1819</ele>
      </trkpt>
      <trkpt lat="-21.213800095961258" lon="55.603029225983576">
        <ele>1818</ele>
      </trkpt>
      <trkpt lat="-21.21372053890679" lon="55.60310917604386">
        <ele>1830</ele>
      </trkpt>
      <trkpt lat="-21.21367029232398" lon="55.603099294575735">
        <ele>1828</ele>
      </trkpt>
      <trkpt lat="-21.213470143266033" lon="55.6029995815792">
        <ele>1823</ele>
      </trkpt>
      <trkpt lat="-21.2133403393386" lon="55.60296993717483">
        <ele>1819</ele>
      </trkpt>
      <trkpt lat="-21.213270831382168" lon="55.60303910745171">
        <ele>1829</ele>
      </trkpt>
      <trkpt lat="-21.213270831382168" lon="55.60305976870323">
        <ele>1829</ele>
      </trkpt>
      <trkpt lat="-21.213310191313315" lon="55.603149600231646">
        <ele>1829</ele>
      </trkpt>
      <trkpt lat="-21.213460093933787" lon="55.603229550291935">
        <ele>1839</ele>
      </trkpt>
      <trkpt lat="-21.21355053789932" lon="55.60325919469631">
        <ele>1833</ele>
      </trkpt>
      <trkpt lat="-21.213590735199556" lon="55.603299618884094">
        <ele>1839</ele>
      </trkpt>
      <trkpt lat="-21.213590735199556" lon="55.60331938182035">
        <ele>1839</ele>
      </trkpt>
      <trkpt lat="-21.213580685875534" lon="55.603339144756596">
        <ele>1839</ele>
      </trkpt>
      <trkpt lat="-21.213520389916976" lon="55.603359806008136">
        <ele>1839</ele>
      </trkpt>
      <trkpt lat="-21.213480192597597" lon="55.603349924540005">
        <ele>1839</ele>
      </trkpt>
      <trkpt lat="-21.213250732689858" lon="55.60324931322818">
        <ele>1835</ele>
      </trkpt>
      <trkpt lat="-21.21316028854064" lon="55.60324931322818">
        <ele>1838</ele>
      </trkpt>
      <trkpt lat="-21.213120091123198" lon="55.60327985594785">
        <ele>1838</ele>
      </trkpt>
      <trkpt lat="-21.2130907804994" lon="55.60331938182035">
        <ele>1831</ele>
      </trkpt>
      <trkpt lat="-21.213080731141336" lon="55.60336968747625">
        <ele>1831</ele>
      </trkpt>
      <trkpt lat="-21.213070681782586" lon="55.60355923200122">
        <ele>1834</ele>
      </trkpt>
      <trkpt lat="-21.21306063242315" lon="55.60357989325274">
        <ele>1837</ele>
      </trkpt>
      <trkpt lat="-21.21287053191163" lon="55.60367960624927">
        <ele>1834</ele>
      </trkpt>
      <trkpt lat="-21.21284038379041" lon="55.60372991190519">
        <ele>1834</ele>
      </trkpt>
      <trkpt lat="-21.212730678075058" lon="55.60403983067821">
        <ele>1844</ele>
      </trkpt>
      <trkpt lat="-21.21270052992526" lon="55.604159306611">
        <ele>1847</ele>
      </trkpt>
      <trkpt lat="-21.212660332382633" lon="55.604239256671285">
        <ele>1847</ele>
      </trkpt>
      <trkpt lat="-21.212570725321093" lon="55.60420961226691">
        <ele>1844</ele>
      </trkpt>
      <trkpt lat="-21.21244008315262" lon="55.60401916942667">
        <ele>1845</ele>
      </trkpt>
      <trkpt lat="-21.212360525365188" lon="55.60386915077424">
        <ele>1842</ele>
      </trkpt>
      <trkpt lat="-21.212260031256605" lon="55.60379998049736">
        <ele>1841</ele>
      </trkpt>
      <trkpt lat="-21.21212017684165" lon="55.60379998049736">
        <ele>1841</ele>
      </trkpt>
      <trkpt lat="-21.21195017399117" lon="55.6038592693061">
        <ele>1836</ele>
      </trkpt>
      <trkpt lat="-21.211920025681973" lon="55.60388981202576">
        <ele>1836</ele>
      </trkpt>
      <trkpt lat="-21.2118907148199" lon="55.60393921936639">
        <ele>1841</ele>
      </trkpt>
      <trkpt lat="-21.211870615939702" lon="55.60402994921009">
        <ele>1836</ele>
      </trkpt>
      <trkpt lat="-21.21185051705676" lon="55.60430932526345">
        <ele>1842</ele>
      </trkpt>
      <trkpt lat="-21.211820368727214" lon="55.60445934391589">
        <ele>1847</ele>
      </trkpt>
      <trkpt lat="-21.211770121497626" lon="55.60461924403647">
        <ele>1849</ele>
      </trkpt>
      <trkpt lat="-21.211770121497626" lon="55.60476926268891">
        <ele>1849</ele>
      </trkpt>
      <trkpt lat="-21.21180026983744" lon="55.60494982406103">
        <ele>1853</ele>
      </trkpt>
      <trkpt lat="-21.211790220391507" lon="55.60500911286977">
        <ele>1857</ele>
      </trkpt>
      <trkpt lat="-21.211750022601" lon="55.60503965558944">
        <ele>1857</ele>
      </trkpt>
      <trkpt lat="-21.211660414986905" lon="55.605029774121306">
        <ele>1857</ele>
      </trkpt>
      <trkpt lat="-21.211550708394693" lon="55.6049794684654">
        <ele>1857</ele>
      </trkpt>
      <trkpt lat="-21.211430114794663" lon="55.60495970552915">
        <ele>1856</ele>
      </trkpt>
      <trkpt lat="-21.211340506986406" lon="55.60504953705756">
        <ele>1856</ele>
      </trkpt>
      <trkpt lat="-21.21128021011284" lon="55.605239979897796">
        <ele>1866</ele>
      </trkpt>
      <trkpt lat="-21.211300309073433" lon="55.60543940589087">
        <ele>1866</ele>
      </trkpt>
      <trkpt lat="-21.211330457509174" lon="55.60550947448303">
        <ele>1866</ele>
      </trkpt>
      <trkpt lat="-21.211330457509174" lon="55.60558942454332">
        <ele>1871</ele>
      </trkpt>
      <trkpt lat="-21.21128021011284" lon="55.605609187479565">
        <ele>1871</ele>
      </trkpt>
      <trkpt lat="-21.211220750671746" lon="55.60556966160707">
        <ele>1871</ele>
      </trkpt>
      <trkpt lat="-21.211070008319414" lon="55.605429524422746">
        <ele>1867</ele>
      </trkpt>
      <trkpt lat="-21.21092010327195" lon="55.60536933729871">
        <ele>1867</ele>
      </trkpt>
      <trkpt lat="-21.210540733952254" lon="55.605319929958085">
        <ele>1867</ele>
      </trkpt>
      <trkpt lat="-21.21039082836738" lon="55.6052795057703">
        <ele>1868</ele>
      </trkpt>
      <trkpt lat="-21.21026018426984" lon="55.6052795057703">
        <ele>1868</ele>
      </trkpt>
      <trkpt lat="-21.210200724417938" lon="55.60530915017467">
        <ele>1868</ele>
      </trkpt>
      <trkpt lat="-21.210150476637093" lon="55.60537921876683">
        <ele>1868</ele>
      </trkpt>
      <trkpt lat="-21.210110278400116" lon="55.605469948610526">
        <ele>1868</ele>
      </trkpt>
      <trkpt lat="-21.210020669790765" lon="55.605739443195766">
        <ele>1871</ele>
      </trkpt>
      <trkpt lat="-21.209950322806996" lon="55.60582927472417">
        <ele>1877</ele>
      </trkpt>
      <trkpt lat="-21.209890025365677" lon="55.605859817443836">
        <ele>1877</ele>
      </trkpt>
      <trkpt lat="-21.209850664522634" lon="55.60590922478446">
        <ele>1877</ele>
      </trkpt>
      <trkpt lat="-21.2097007582371" lon="55.60595953044037">
        <ele>1875</ele>
      </trkpt>
      <trkpt lat="-21.209620361507294" lon="55.606019717564415">
        <ele>1878</ele>
      </trkpt>
      <trkpt lat="-21.209590212722325" lon="55.60605924343692">
        <ele>1878</ele>
      </trkpt>
      <trkpt lat="-21.209560063931207" lon="55.60615985474874">
        <ele>1878</ele>
      </trkpt>
      <trkpt lat="-21.209540802200333" lon="55.606329636337435">
        <ele>1885</ele>
      </trkpt>
      <trkpt lat="-21.209550014332795" lon="55.60654972358204">
        <ele>1885</ele>
      </trkpt>
      <trkpt lat="-21.209490554194883" lon="55.60662967364233">
        <ele>1883</ele>
      </trkpt>
      <trkpt lat="-21.209310498701644" lon="55.60667997929824">
        <ele>1887</ele>
      </trkpt>
      <trkpt lat="-21.209260250617827" lon="55.60670962370261">
        <ele>1882</ele>
      </trkpt>
      <trkpt lat="-21.209190740740354" lon="55.60680933669915">
        <ele>1891</ele>
      </trkpt>
      <trkpt lat="-21.209180691116803" lon="55.606899168227564">
        <ele>1882</ele>
      </trkpt>
      <trkpt lat="-21.2092100025169" lon="55.60701954247563">
        <ele>1890</ele>
      </trkpt>
      <trkpt lat="-21.20922005213845" lon="55.607149798191834">
        <ele>1889</ele>
      </trkpt>
      <trkpt lat="-21.209060095580885" lon="55.60710937400405">
        <ele>1899</ele>
      </trkpt>
      <trkpt lat="-21.208940337416507" lon="55.6070896110678">
        <ele>1888</ele>
      </trkpt>
      <trkpt lat="-21.208720082636784" lon="55.6070896110678">
        <ele>1887</ele>
      </trkpt>
      <trkpt lat="-21.208590274532888" lon="55.60706984813155">
        <ele>1888</ele>
      </trkpt>
      <trkpt lat="-21.20840016826507" lon="55.60711925547217">
        <ele>1892</ele>
      </trkpt>
      <trkpt lat="-21.208360807024842" lon="55.60715967965996">
        <ele>1887</ele>
      </trkpt>
      <trkpt lat="-21.20833065798271" lon="55.60723962972024">
        <ele>1892</ele>
      </trkpt>
      <trkpt lat="-21.20833065798271" lon="55.60729981684428">
        <ele>1887</ele>
      </trkpt>
      <trkpt lat="-21.208360807024842" lon="55.60735910565303">
        <ele>1887</ele>
      </trkpt>
      <trkpt lat="-21.20840016826507" lon="55.60738964837269">
        <ele>1892</ele>
      </trkpt>
      <trkpt lat="-21.208530814008462" lon="55.60743995402861">
        <ele>1897</ele>
      </trkpt>
      <trkpt lat="-21.208610373859653" lon="55.60751990408889">
        <ele>1897</ele>
      </trkpt>
      <trkpt lat="-21.208680721481844" lon="55.60765914295793">
        <ele>1897</ele>
      </trkpt>
      <trkpt lat="-21.208670671823594" lon="55.607769635737874">
        <ele>1904</ele>
      </trkpt>
      <trkpt lat="-21.208530814008462" lon="55.60786934873442">
        <ele>1897</ele>
      </trkpt>
      <trkpt lat="-21.208370019230955" lon="55.60789989145406">
        <ele>1898</ele>
      </trkpt>
      <trkpt lat="-21.208320608300614" lon="55.60789989145406">
        <ele>1898</ele>
      </trkpt>
      <trkpt lat="-21.20823016113105" lon="55.60775975426975">
        <ele>1893</ele>
      </trkpt>
      <trkpt lat="-21.20815060107498" lon="55.60767980420947">
        <ele>1891</ele>
      </trkpt>
      <trkpt lat="-21.207860834613644" lon="55.607469598432985">
        <ele>1889</ele>
      </trkpt>
      <trkpt lat="-21.207760337442238" lon="55.60743995402861">
        <ele>1889</ele>
      </trkpt>
      <trkpt lat="-21.207650627952" lon="55.60744983549673">
        <ele>1889</ele>
      </trkpt>
      <trkpt lat="-21.20759032957151" lon="55.607469598432985">
        <ele>1882</ele>
      </trkpt>
      <trkpt lat="-21.207350810761426" lon="55.607579192897646">
        <ele>1882</ele>
      </trkpt>
      <trkpt lat="-21.207270412752052" lon="55.6076097356173">
        <ele>1878</ele>
      </trkpt>
      <trkpt lat="-21.207210114216306" lon="55.60759985414918">
        <ele>1878</ele>
      </trkpt>
      <trkpt lat="-21.2071808024192" lon="55.607579192897646">
        <ele>1878</ele>
      </trkpt>
      <trkpt lat="-21.207150653136107" lon="55.607539667025144">
        <ele>1878</ele>
      </trkpt>
      <trkpt lat="-21.207160702897824" lon="55.60743995402861">
        <ele>1878</ele>
      </trkpt>
      <trkpt lat="-21.20719001469891" lon="55.6073492241849">
        <ele>1874</ele>
      </trkpt>
      <trkpt lat="-21.207330711263175" lon="55.60706984813155">
        <ele>1871</ele>
      </trkpt>
      <trkpt lat="-21.207350810761426" lon="55.60700966100751">
        <ele>1871</ele>
      </trkpt>
      <trkpt lat="-21.207360023030535" lon="55.606949473883475">
        <ele>1871</ele>
      </trkpt>
      <trkpt lat="-21.20734076101265" lon="55.606899168227564">
        <ele>1862</ele>
      </trkpt>
      <trkpt lat="-21.20724026348726" lon="55.60685964235506">
        <ele>1868</ele>
      </trkpt>
      <trkpt lat="-21.20720006445796" lon="55.60685964235506">
        <ele>1857</ele>
      </trkpt>
      <trkpt lat="-21.20714060337371" lon="55.60688928675943">
        <ele>1857</ele>
      </trkpt>
      <trkpt lat="-21.206960545014816" lon="55.607029423943764">
        <ele>1871</ele>
      </trkpt>
      <trkpt lat="-21.206650676627323" lon="55.607339342716784">
        <ele>1872</ele>
      </trkpt>
      <trkpt lat="-21.206510816898913" lon="55.607459716964854">
        <ele>1880</ele>
      </trkpt>
      <trkpt lat="-21.206400268995914" lon="55.607539667025144">
        <ele>1871</ele>
      </trkpt>
      <trkpt lat="-21.206350019921736" lon="55.60752978555702">
        <ele>1873</ele>
      </trkpt>
      <trkpt lat="-21.206310658135" lon="55.6074794799011">
        <ele>1873</ele>
      </trkpt>
      <trkpt lat="-21.206280508674254" lon="55.60741929277707">
        <ele>1873</ele>
      </trkpt>
      <trkpt lat="-21.20623025955931" lon="55.60719920553246">
        <ele>1871</ele>
      </trkpt>
      <trkpt lat="-21.206200110082143" lon="55.60700966100751">
        <ele>1866</ele>
      </trkpt>
      <trkpt lat="-21.206148185968157" lon="55.60675543778211">
        <ele>1861</ele>
      </trkpt>
      <trkpt lat="-21.20609039943272" lon="55.60647965498988">
        <ele>1859</ele>
      </trkpt>
      <trkpt lat="-21.20605020009038" lon="55.60637994199335">
        <ele>1859</ele>
      </trkpt>
      <trkpt lat="-21.20597063885976" lon="55.60630987340118">
        <ele>1859</ele>
      </trkpt>
      <trkpt lat="-21.205810678782136" lon="55.606249686277145">
        <ele>1850</ele>
      </trkpt>
      <trkpt lat="-21.205640668666778" lon="55.606209262089365">
        <ele>1850</ele>
      </trkpt>
      <trkpt lat="-21.205570319596276" lon="55.60621914355748">
        <ele>1849</ele>
      </trkpt>
      <trkpt lat="-21.20553012011235" lon="55.606299991933064">
        <ele>1854</ele>
      </trkpt>
      <trkpt lat="-21.2054907581071" lon="55.606299991933064">
        <ele>1849</ele>
      </trkpt>
      <trkpt lat="-21.20514068704552" lon="55.606209262089365">
        <ele>1855</ele>
      </trkpt>
      <trkpt lat="-21.204730315605758" lon="55.60614997328061">
        <ele>1854</ele>
      </trkpt>
      <trkpt lat="-21.20422028094127" lon="55.60602959903254">
        <ele>1853</ele>
      </trkpt>
      <trkpt lat="-21.203850106896088" lon="55.6059694119085">
        <ele>1844</ele>
      </trkpt>
      <trkpt lat="-21.203550281989372" lon="55.60590922478446">
        <ele>1834</ele>
      </trkpt>
      <trkpt lat="-21.203460669399114" lon="55.60586969891196">
        <ele>1834</ele>
      </trkpt>
      <trkpt lat="-21.20340036930777" lon="55.60580951178793">
        <ele>1834</ele>
      </trkpt>
      <trkpt lat="-21.203350119212832" lon="55.60580951178793">
        <ele>1829</ele>
      </trkpt>
      <trkpt lat="-21.203190156296806" lon="55.60582927472417">
        <ele>1836</ele>
      </trkpt>
      <trkpt lat="-21.203130693597988" lon="55.60587958038009">
        <ele>1829</ele>
      </trkpt>
      <trkpt lat="-21.202940580301696" lon="55.60595953044037">
        <ele>1838</ele>
      </trkpt>
      <trkpt lat="-21.20280071705965" lon="55.60594964897225">
        <ele>1831</ele>
      </trkpt>
      <trkpt lat="-21.202740416698845" lon="55.606069124905034">
        <ele>1841</ele>
      </trkpt>
      <trkpt lat="-21.202630703479265" lon="55.60614997328061">
        <ele>1850</ele>
      </trkpt>
      <trkpt lat="-21.202580453122483" lon="55.60614997328061">
        <ele>1845</ele>
      </trkpt>
      <trkpt lat="-21.202370238944535" lon="55.60621914355748">
        <ele>1840</ele>
      </trkpt>
      <trkpt lat="-21.20212066156394" lon="55.60641946786584">
        <ele>1840</ele>
      </trkpt>
      <trkpt lat="-21.202010110374673" lon="55.60654972358204">
        <ele>1840</ele>
      </trkpt>
      <trkpt lat="-21.20180073289552" lon="55.60668986076637">
        <ele>1840</ele>
      </trkpt>
      <trkpt lat="-21.201620668026045" lon="55.60685964235506">
        <ele>1838</ele>
      </trkpt>
      <trkpt lat="-21.201520166608102" lon="55.60692971094722">
        <ele>1844</ele>
      </trkpt>
      <trkpt lat="-21.201250487465355" lon="55.60713991672371">
        <ele>1847</ele>
      </trkpt>
      <trkpt lat="-21.201110622622895" lon="55.607269274124626">
        <ele>1850</ele>
      </trkpt>
      <trkpt lat="-21.201030221216374" lon="55.60750912430548">
        <ele>1850</ele>
      </trkpt>
      <trkpt lat="-21.20100007067764" lon="55.60755942996139">
        <ele>1850</ele>
      </trkpt>
      <trkpt lat="-21.200850155407608" lon="55.60763938002168">
        <ele>1852</ele>
      </trkpt>
      <trkpt lat="-21.200710290186063" lon="55.60786934873442">
        <ele>1852</ele>
      </trkpt>
      <trkpt lat="-21.20066003917593" lon="55.60799960445061">
        <ele>1857</ele>
      </trkpt>
      <trkpt lat="-21.200530223987283" lon="55.60825921756772">
        <ele>1855</ele>
      </trkpt>
      <trkpt lat="-21.20041045890562" lon="55.608469423344204">
        <ele>1855</ele>
      </trkpt>
      <trkpt lat="-21.20027059326775" lon="55.60868951058882">
        <ele>1862</ele>
      </trkpt>
      <trkpt lat="-21.200220342108025" lon="55.60885929217751">
        <ele>1864</ele>
      </trkpt>
      <trkpt lat="-21.200220342108025" lon="55.608909597833424">
        <ele>1864</ele>
      </trkpt>
      <trkpt lat="-21.200320006891474" lon="55.609069497953996">
        <ele>1864</ele>
      </trkpt>
      <trkpt lat="-21.200330057117988" lon="55.60910992214178">
        <ele>1867</ele>
      </trkpt>
      <trkpt lat="-21.200390358462823" lon="55.60920963513832">
        <ele>1867</ele>
      </trkpt>
      <trkpt lat="-21.200400408684555" lon="55.609279703730486">
        <ele>1866</ele>
      </trkpt>
      <trkpt lat="-21.20041045890562" lon="55.60949979097509">
        <ele>1867</ele>
      </trkpt>
      <trkpt lat="-21.200480810433902" lon="55.60961926690788">
        <ele>1870</ele>
      </trkpt>
      <trkpt lat="-21.20057042483209" lon="55.609709996751576">
        <ele>1870</ele>
      </trkpt>
      <trkpt lat="-21.200640776284178" lon="55.6097198782197">
        <ele>1871</ele>
      </trkpt>
      <trkpt lat="-21.20072034038603" lon="55.60966957256379">
        <ele>1871</ele>
      </trkpt>
      <trkpt lat="-21.200780641571537" lon="55.60964980962754">
        <ele>1871</ele>
      </trkpt>
      <trkpt lat="-21.200810792155053" lon="55.609609385439754">
        <ele>1871</ele>
      </trkpt>
      <trkpt lat="-21.20084010521647" lon="55.60954919831572">
        <ele>1870</ele>
      </trkpt>
      <trkpt lat="-21.200890356165335" lon="55.609489909506955">
        <ele>1870</ele>
      </trkpt>
      <trkpt lat="-21.20104027139459" lon="55.60937941672702">
        <ele>1878</ele>
      </trkpt>
      <trkpt lat="-21.20114077313905" lon="55.60933989085452">
        <ele>1878</ele>
      </trkpt>
      <trkpt lat="-21.201220336971595" lon="55.609249161010815">
        <ele>1883</ele>
      </trkpt>
      <trkpt lat="-21.20127058779111" lon="55.60922939807457">
        <ele>1880</ele>
      </trkpt>
      <trkpt lat="-21.201410452482104" lon="55.60912968507803">
        <ele>1883</ele>
      </trkpt>
      <trkpt lat="-21.20153021675298" lon="55.60907937942213">
        <ele>1882</ele>
      </trkpt>
      <trkpt lat="-21.201660031062776" lon="55.60905961648587">
        <ele>1882</ele>
      </trkpt>
      <trkpt lat="-21.20172033186463" lon="55.609039853549625">
        <ele>1882</ele>
      </trkpt>
      <trkpt lat="-21.201760532385546" lon="55.608989547893714">
        <ele>1882</ele>
      </trkpt>
      <trkpt lat="-21.20182083314639" lon="55.608969784957466">
        <ele>1889</ele>
      </trkpt>
      <trkpt lat="-21.201890346492934" lon="55.608969784957466">
        <ele>1889</ele>
      </trkpt>
      <trkpt lat="-21.20192049684992" lon="55.608939242237795">
        <ele>1889</ele>
      </trkpt>
      <trkpt lat="-21.20200006026245" lon="55.60888983489718">
        <ele>1886</ele>
      </trkpt>
      <trkpt lat="-21.20206036092551" lon="55.608809884836894">
        <ele>1896</ele>
      </trkpt>
      <trkpt lat="-21.20219017476937" lon="55.60878922358535">
        <ele>1891</ele>
      </trkpt>
      <trkpt lat="-21.202280625638284" lon="55.60879910505348">
        <ele>1891</ele>
      </trkpt>
      <trkpt lat="-21.202310775915617" lon="55.608809884836894">
        <ele>1894</ele>
      </trkpt>
      <trkpt lat="-21.20247073978407" lon="55.60887995342904">
        <ele>1894</ele>
      </trkpt>
      <trkpt lat="-21.202560352974967" lon="55.608949123705926">
        <ele>1894</ele>
      </trkpt>
      <trkpt lat="-21.20267006624681" lon="55.608989547893714">
        <ele>1901</ele>
      </trkpt>
      <trkpt lat="-21.20280071705965" lon="55.609019192298085">
        <ele>1901</ele>
      </trkpt>
      <trkpt lat="-21.203040243249653" lon="55.60916921095053">
        <ele>1894</ele>
      </trkpt>
      <trkpt lat="-21.203150793667874" lon="55.609219516606444">
        <ele>1894</ele>
      </trkpt>
      <trkpt lat="-21.203190156296806" lon="55.60920963513832">
        <ele>1894</ele>
      </trkpt>
      <trkpt lat="-21.20328060655334" lon="55.6092392795427">
        <ele>1894</ele>
      </trkpt>
      <trkpt lat="-21.20333001917007" lon="55.6092392795427">
        <ele>1894</ele>
      </trkpt>
      <trkpt lat="-21.203460669399114" lon="55.609299466666734">
        <ele>1885</ele>
      </trkpt>
      <trkpt lat="-21.203550281989372" lon="55.6092392795427">
        <ele>1891</ele>
      </trkpt>
      <trkpt lat="-21.203560331996105" lon="55.60915932948241">
        <ele>1885</ele>
      </trkpt>
      <trkpt lat="-21.203550281989372" lon="55.609089260890244">
        <ele>1889</ele>
      </trkpt>
      <trkpt lat="-21.203550281989372" lon="55.6090299720815">
        <ele>1889</ele>
      </trkpt>
      <trkpt lat="-21.203600532016207" lon="55.6088997163653">
        <ele>1892</ele>
      </trkpt>
      <trkpt lat="-21.203630682024095" lon="55.60888983489718">
        <ele>1889</ele>
      </trkpt>
      <trkpt lat="-21.20366083202583" lon="55.6088997163653">
        <ele>1889</ele>
      </trkpt>
      <trkpt lat="-21.203720294511204" lon="55.6088997163653">
        <ele>1894</ele>
      </trkpt>
      <trkpt lat="-21.203820794432062" lon="55.60887995342904">
        <ele>1894</ele>
      </trkpt>
      <trkpt lat="-21.20384005690908" lon="55.60888983489718">
        <ele>1894</ele>
      </trkpt>
      <trkpt lat="-21.203900356820913" lon="55.608949123705926">
        <ele>1894</ele>
      </trkpt>
      <trkpt lat="-21.203940556748453" lon="55.609089260890244">
        <ele>1894</ele>
      </trkpt>
      <trkpt lat="-21.204060318967716" lon="55.60920963513832">
        <ele>1901</ele>
      </trkpt>
      <trkpt lat="-21.20412061878962" lon="55.609319229602974">
        <ele>1901</ele>
      </trkpt>
      <trkpt lat="-21.204150768691317" lon="55.60935965379077">
        <ele>1901</ele>
      </trkpt>
      <trkpt lat="-21.204190131053746" lon="55.60937941672702">
        <ele>1901</ele>
      </trkpt>
      <trkpt lat="-21.204260480781723" lon="55.60938929819515">
        <ele>1901</ele>
      </trkpt>
      <trkpt lat="-21.204360142838993" lon="55.60938929819515">
        <ele>1915</ele>
      </trkpt>
      <trkpt lat="-21.204380242741557" lon="55.609399179663264">
        <ele>1915</ele>
      </trkpt>
      <trkpt lat="-21.204410392590276" lon="55.6094198409148">
        <ele>1914</ele>
      </trkpt>
      <trkpt lat="-21.204420442538474" lon="55.60943960385106">
        <ele>1914</ele>
      </trkpt>
      <trkpt lat="-21.204610553929808" lon="55.6096399281594">
        <ele>1924</ele>
      </trkpt>
      <trkpt lat="-21.20475041545794" lon="55.60969921696817">
        <ele>1924</ele>
      </trkpt>
      <trkpt lat="-21.2048308148393" lon="55.60980970974811">
        <ele>1934</ele>
      </trkpt>
      <trkpt lat="-21.2048308148393" lon="55.609869896872155">
        <ele>1934</ele>
      </trkpt>
      <trkpt lat="-21.204850077184588" lon="55.60997949133681">
        <ele>1936</ele>
      </trkpt>
      <trkpt lat="-21.204840027265618" lon="55.61007920433335">
        <ele>1936</ele>
      </trkpt>
      <trkpt lat="-21.20487017702046" lon="55.61014927292551">
        <ele>1936</ele>
      </trkpt>
      <trkpt lat="-21.20494052642449" lon="55.61015915439363">
        <ele>1936</ele>
      </trkpt>
      <trkpt lat="-21.20497067615884" lon="55.610179815645175">
        <ele>1936</ele>
      </trkpt>
      <trkpt lat="-21.205010038302714" lon="55.61023910445392">
        <ele>1936</ele>
      </trkpt>
      <trkpt lat="-21.20506028783286" lon="55.61034959723387">
        <ele>1936</ele>
      </trkpt>
      <trkpt lat="-21.205070337736817" lon="55.61037924163824">
        <ele>1936</ele>
      </trkpt>
      <trkpt lat="-21.205030138116815" lon="55.61045919169853">
        <ele>1936</ele>
      </trkpt>
      <trkpt lat="-21.205020088210105" lon="55.61049961588632">
        <ele>1936</ele>
      </trkpt>
      <trkpt lat="-21.205030138116815" lon="55.61054992154223">
        <ele>1934</ele>
      </trkpt>
      <trkpt lat="-21.205080387640116" lon="55.61062987160252">
        <ele>1939</ele>
      </trkpt>
      <trkpt lat="-21.20512058724645" lon="55.61070982166281">
        <ele>1943</ele>
      </trkpt>
      <trkpt lat="-21.205220248723293" lon="55.61085984031525">
        <ele>1937</ele>
      </trkpt>
      <trkpt lat="-21.205310697736483" lon="55.611159877620146">
        <ele>1941</ele>
      </trkpt>
      <trkpt lat="-21.205310697736483" lon="55.611309896272594">
        <ele>1933</ele>
      </trkpt>
      <trkpt lat="-21.205450558601534" lon="55.61152369531021">
        <ele>1946</ele>
      </trkpt>
      <trkpt lat="-21.205590419334122" lon="55.611739290978406">
        <ele>1950</ele>
      </trkpt>
      <trkpt lat="-21.205720230075183" lon="55.61206987100295">
        <ele>1968</ele>
      </trkpt>
      <trkpt lat="-21.205730279934244" lon="55.61215970253137">
        <ele>1974</ele>
      </trkpt>
      <trkpt lat="-21.20579057907428" lon="55.61222977112352">
        <ele>1974</ele>
      </trkpt>
      <trkpt lat="-21.20579057907428" lon="55.61228995824757">
        <ele>1974</ele>
      </trkpt>
      <trkpt lat="-21.205810678782136" lon="55.612359128524446">
        <ele>1974</ele>
      </trkpt>
      <trkpt lat="-21.205820728635054" lon="55.612429197116604">
        <ele>1975</ele>
      </trkpt>
      <trkpt lat="-21.20584082833882" lon="55.61247950277252">
        <ele>1975</ele>
      </trkpt>
      <trkpt lat="-21.20584082833882" lon="55.612559452832805">
        <ele>1975</ele>
      </trkpt>
      <trkpt lat="-21.205830778487286" lon="55.612609758488716">
        <ele>1975</ele>
      </trkpt>
      <trkpt lat="-21.20577047936367" lon="55.61271935295337">
        <ele>1975</ele>
      </trkpt>
      <trkpt lat="-21.205600469202015" lon="55.61284960866956">
        <ele>1977</ele>
      </trkpt>
      <trkpt lat="-21.205450558601534" lon="55.613069695914184">
        <ele>1976</ele>
      </trkpt>
      <trkpt lat="-21.205440508723424" lon="55.61311910325481">
        <ele>1976</ele>
      </trkpt>
      <trkpt lat="-21.20542040896517" lon="55.61315952744258">
        <ele>1976</ele>
      </trkpt>
      <trkpt lat="-21.20533079750967" lon="55.613249358971004">
        <ele>1979</ele>
      </trkpt>
      <trkpt lat="-21.20524034850878" lon="55.61339937762346">
        <ele>1979</ele>
      </trkpt>
      <trkpt lat="-21.205200148935052" lon="55.61341914055971">
        <ele>1979</ele>
      </trkpt>
      <trkpt lat="-21.20517083673898" lon="55.61340925909158">
        <ele>1979</ele>
      </trkpt>
      <trkpt lat="-21.205070337736817" lon="55.61333919049942">
        <ele>1983</ele>
      </trkpt>
      <trkpt lat="-21.205020088210105" lon="55.61335985175095">
        <ele>1983</ele>
      </trkpt>
      <trkpt lat="-21.204990775978303" lon="55.61343980181123">
        <ele>1983</ele>
      </trkpt>
      <trkpt lat="-21.20500082588699" lon="55.613499988935274">
        <ele>1983</ele>
      </trkpt>
      <trkpt lat="-21.204990775978303" lon="55.6135493962759">
        <ele>1987</ele>
      </trkpt>
      <trkpt lat="-21.204990775978303" lon="55.61360958339994">
        <ele>1987</ele>
      </trkpt>
      <trkpt lat="-21.204850077184588" lon="55.6138997392367">
        <ele>1985</ele>
      </trkpt>
      <trkpt lat="-21.20479061515408" lon="55.61397968929699">
        <ele>1987</ele>
      </trkpt>
      <trkpt lat="-21.20470016582237" lon="55.614079402293534">
        <ele>1987</ele>
      </trkpt>
      <trkpt lat="-21.20458040412196" lon="55.614119826481314">
        <ele>1988</ele>
      </trkpt>
      <trkpt lat="-21.20446064232445" lon="55.61419977654161">
        <ele>1988</ele>
      </trkpt>
      <trkpt lat="-21.20444054243283" lon="55.61437943959844">
        <ele>1988</ele>
      </trkpt>
      <trkpt lat="-21.204400342641385" lon="55.614429745254334">
        <ele>1994</ele>
      </trkpt>
      <trkpt lat="-21.204350092886692" lon="55.61441986378621">
        <ele>1994</ele>
      </trkpt>
      <trkpt lat="-21.20431073056691" lon="55.614429745254334">
        <ele>1994</ele>
      </trkpt>
      <trkpt lat="-21.204280580697844" lon="55.61446927112684">
        <ele>1998</ele>
      </trkpt>
      <trkpt lat="-21.20421023097945" lon="55.614629171247415">
        <ele>2003</ele>
      </trkpt>
      <trkpt lat="-21.20412061878962" lon="55.61480973261953">
        <ele>2003</ele>
      </trkpt>
      <trkpt lat="-21.20412061878962" lon="55.614869919743555">
        <ele>2003</ele>
      </trkpt>
      <trkpt lat="-21.204100518851718" lon="55.61491932708419">
        <ele>2003</ele>
      </trkpt>
      <trkpt lat="-21.203940556748453" lon="55.61514929579692">
        <ele>2004</ele>
      </trkpt>
      <trkpt lat="-21.203870206868075" lon="55.61519960145284">
        <ele>2004</ele>
      </trkpt>
      <trkpt lat="-21.203760494487746" lon="55.61542957016556">
        <ele>2009</ele>
      </trkpt>
      <trkpt lat="-21.20368009452371" lon="55.615489757289595">
        <ele>2007</ele>
      </trkpt>
      <trkpt lat="-21.203650782025928" lon="55.61549963875772">
        <ele>2007</ele>
      </trkpt>
      <trkpt lat="-21.2035904820122" lon="55.61549963875772">
        <ele>2007</ele>
      </trkpt>
      <trkpt lat="-21.203560331996105" lon="55.615479875821485">
        <ele>2007</ele>
      </trkpt>
      <trkpt lat="-21.20349081943555" lon="55.61550952022586">
        <ele>2012</ele>
      </trkpt>
      <trkpt lat="-21.20344056937139" lon="55.61558947028613">
        <ele>2012</ele>
      </trkpt>
      <trkpt lat="-21.20344056937139" lon="55.615609233222386">
        <ele>2012</ele>
      </trkpt>
      <trkpt lat="-21.203460669399114" lon="55.615659538878305">
        <ele>2012</ele>
      </trkpt>
      <trkpt lat="-21.203460669399114" lon="55.615729607470456">
        <ele>2014</ele>
      </trkpt>
      <trkpt lat="-21.203420469340948" lon="55.615789794594505">
        <ele>2014</ele>
      </trkpt>
      <trkpt lat="-21.203370219252857" lon="55.61581943899888">
        <ele>2013</ele>
      </trkpt>
      <trkpt lat="-21.203320806649568" lon="55.615829320467">
        <ele>2013</ele>
      </trkpt>
      <trkpt lat="-21.203250456473977" lon="55.61591915199541">
        <ele>2013</ele>
      </trkpt>
      <trkpt lat="-21.203160006198996" lon="55.61606917064786">
        <ele>2017</ele>
      </trkpt>
      <trkpt lat="-21.20305029329109" lon="55.616189544895924">
        <ele>2026</ele>
      </trkpt>
      <trkpt lat="-21.202880279998013" lon="55.61621918930031">
        <ele>2020</ele>
      </trkpt>
      <trkpt lat="-21.202690166379387" lon="55.61637998773616">
        <ele>2026</ele>
      </trkpt>
      <trkpt lat="-21.20265080361719" lon="55.61639975067241">
        <ele>2020</ele>
      </trkpt>
      <trkpt lat="-21.202570403049062" lon="55.61639975067241">
        <ele>2021</ele>
      </trkpt>
      <trkpt lat="-21.20246068970319" lon="55.61636920795276">
        <ele>2021</ele>
      </trkpt>
      <trkpt lat="-21.202370238944535" lon="55.61638986920428">
        <ele>2017</ele>
      </trkpt>
      <trkpt lat="-21.202350138768423" lon="55.61643927654492">
        <ele>2021</ele>
      </trkpt>
      <trkpt lat="-21.202310775915617" lon="55.61661983791702">
        <ele>2020</ele>
      </trkpt>
      <trkpt lat="-21.20225047535481" lon="55.61679950097384">
        <ele>2015</ele>
      </trkpt>
      <trkpt lat="-21.202200224868655" lon="55.61679950097384">
        <ele>2015</ele>
      </trkpt>
      <trkpt lat="-21.202150811873917" lon="55.61676985656947">
        <ele>2015</ele>
      </trkpt>
      <trkpt lat="-21.202150811873917" lon="55.616719550913565">
        <ele>2015</ele>
      </trkpt>
      <trkpt lat="-21.202110611459247" lon="55.6166099564489">
        <ele>2015</ele>
      </trkpt>
      <trkpt lat="-21.202090511247803" lon="55.6166099564489">
        <ele>2015</ele>
      </trkpt>
      <trkpt lat="-21.20206036092551" lon="55.61664948232139">
        <ele>2015</ele>
      </trkpt>
      <trkpt lat="-21.202010110374673" lon="55.61668990650918">
        <ele>2015</ele>
      </trkpt>
      <trkpt lat="-21.20193054696756" lon="55.616719550913565">
        <ele>2005</ele>
      </trkpt>
      <trkpt lat="-21.20171028173272" lon="55.61674919531794">
        <ele>2008</ele>
      </trkpt>
      <trkpt lat="-21.201620668026045" lon="55.61679950097384">
        <ele>1999</ele>
      </trkpt>
      <trkpt lat="-21.20159051760784" lon="55.61684980662975">
        <ele>1999</ele>
      </trkpt>
      <trkpt lat="-21.20157041732562" lon="55.61694951962629">
        <ele>2006</ele>
      </trkpt>
      <trkpt lat="-21.20157041732562" lon="55.61697916403066">
        <ele>2001</ele>
      </trkpt>
      <trkpt lat="-21.201620668026045" lon="55.61708965681061">
        <ele>2001</ele>
      </trkpt>
      <trkpt lat="-21.201650818438093" lon="55.61722979399494">
        <ele>2007</ele>
      </trkpt>
      <trkpt lat="-21.20159051760784" lon="55.617299862587096">
        <ele>2005</ele>
      </trkpt>
      <trkpt lat="-21.20157041732562" lon="55.61734926992773">
        <ele>2005</ele>
      </trkpt>
      <trkpt lat="-21.20159051760784" lon="55.61738969411551">
        <ele>2005</ele>
      </trkpt>
      <trkpt lat="-21.20164076830143" lon="55.61744988123955">
        <ele>2008</ele>
      </trkpt>
      <trkpt lat="-21.20164076830143" lon="55.61770949435665">
        <ele>2011</ele>
      </trkpt>
      <trkpt lat="-21.20163071816408" lon="55.61782986860473">
        <ele>2011</ele>
      </trkpt>
      <trkpt lat="-21.201610617887333" lon="55.61795922600564">
        <ele>2011</ele>
      </trkpt>
      <trkpt lat="-21.201510116462543" lon="55.61809936318996">
        <ele>2016</ele>
      </trkpt>
      <trkpt lat="-21.201490016169384" lon="55.618159550314">
        <ele>2017</ele>
      </trkpt>
      <trkpt lat="-21.201400402329092" lon="55.61821973743804">
        <ele>2022</ele>
      </trkpt>
      <trkpt lat="-21.201380302020997" lon="55.61823950037429">
        <ele>2022</ele>
      </trkpt>
      <trkpt lat="-21.201350151553736" lon="55.618289806030205">
        <ele>2022</ele>
      </trkpt>
      <trkpt lat="-21.201350151553736" lon="55.61830956896645">
        <ele>2018</ele>
      </trkpt>
      <trkpt lat="-21.201360201710166" lon="55.61833921337083">
        <ele>2022</ele>
      </trkpt>
      <trkpt lat="-21.201480803534107" lon="55.618419163431106">
        <ele>2022</ele>
      </trkpt>
      <trkpt lat="-21.201510116462543" lon="55.618459587618894">
        <ele>2019</ele>
      </trkpt>
      <trkpt lat="-21.201680131332804" lon="55.61857996186697">
        <ele>2021</ele>
      </trkpt>
      <trkpt lat="-21.20192049684992" lon="55.618779387860044">
        <ele>2030</ele>
      </trkpt>
      <trkpt lat="-21.20200006026245" lon="55.618829693515956">
        <ele>2034</ele>
      </trkpt>
      <trkpt lat="-21.202140761771286" lon="55.61895994923215">
        <ele>2034</ele>
      </trkpt>
      <trkpt lat="-21.20219017476937" lon="55.618979712168404">
        <ele>2034</ele>
      </trkpt>
      <trkpt lat="-21.202280625638284" lon="55.61906954369682">
        <ele>2034</ele>
      </trkpt>
      <trkpt lat="-21.202340088679357" lon="55.619099188101195">
        <ele>2038</ele>
      </trkpt>
      <trkpt lat="-21.202350138768423" lon="55.619109967884604">
        <ele>2045</ele>
      </trkpt>
      <trkpt lat="-21.202370238944535" lon="55.619179138161485">
        <ele>2045</ele>
      </trkpt>
      <trkpt lat="-21.20243053945647" lon="55.61926986800517">
        <ele>2045</ele>
      </trkpt>
      <trkpt lat="-21.202420489372845" lon="55.61930939387767">
        <ele>2045</ele>
      </trkpt>
      <trkpt lat="-21.20243053945647" lon="55.619339936597335">
        <ele>2045</ele>
      </trkpt>
      <trkpt lat="-21.20245063962163" lon="55.61935969953358">
        <ele>2045</ele>
      </trkpt>
      <trkpt lat="-21.20249000243716" lon="55.61935969953358">
        <ele>2045</ele>
      </trkpt>
      <trkpt lat="-21.20262065340927" lon="55.61930939387767">
        <ele>2045</ele>
      </trkpt>
      <trkpt lat="-21.202870229945" lon="55.619249206753636">
        <ele>2045</ele>
      </trkpt>
      <trkpt lat="-21.202900380101966" lon="55.61925998653705">
        <ele>2047</ele>
      </trkpt>
      <trkpt lat="-21.202930530252786" lon="55.6192797494733">
        <ele>2047</ele>
      </trkpt>
      <trkpt lat="-21.202960680397457" lon="55.61932915681393">
        <ele>2047</ele>
      </trkpt>
      <trkpt lat="-21.203010093121232" lon="55.619339936597335">
        <ele>2047</ele>
      </trkpt>
      <trkpt lat="-21.203110593525366" lon="55.61938934393796">
        <ele>2049</ele>
      </trkpt>
      <trkpt lat="-21.203130693597988" lon="55.61943964959387">
        <ele>2054</ele>
      </trkpt>
      <trkpt lat="-21.203140743633277" lon="55.619499836717914">
        <ele>2054</ele>
      </trkpt>
      <trkpt lat="-21.203190156296806" lon="55.6196696183066">
        <ele>2049</ele>
      </trkpt>
      <trkpt lat="-21.203190156296806" lon="55.61974956836689">
        <ele>2053</ele>
      </trkpt>
      <trkpt lat="-21.20317005623228" lon="55.619839399895305">
        <ele>2053</ele>
      </trkpt>
      <trkpt lat="-21.203180106264885" lon="55.61993911289185">
        <ele>2050</ele>
      </trkpt>
      <trkpt lat="-21.203150793667874" lon="55.62010979279582">
        <ele>2050</ele>
      </trkpt>
      <trkpt lat="-21.203190156296806" lon="55.62015920013645">
        <ele>2050</ele>
      </trkpt>
      <trkpt lat="-21.20323035641767" lon="55.62018974285611">
        <ele>2050</ele>
      </trkpt>
      <trkpt lat="-21.203310756626532" lon="55.62028945585265">
        <ele>2037</ele>
      </trkpt>
      <trkpt lat="-21.20333001917007" lon="55.62029933732079">
        <ele>2037</ele>
      </trkpt>
      <trkpt lat="-21.20349081943555" lon="55.62031999857231">
        <ele>2044</ele>
      </trkpt>
      <trkpt lat="-21.203600532016207" lon="55.62029933732079">
        <ele>2036</ele>
      </trkpt>
      <trkpt lat="-21.203810744443054" lon="55.62041971156884">
        <ele>2039</ele>
      </trkpt>
      <trkpt lat="-21.203870206868075" lon="55.62047989869288">
        <ele>2039</ele>
      </trkpt>
      <trkpt lat="-21.203940556748453" lon="55.620579611689415">
        <ele>2036</ele>
      </trkpt>
      <trkpt lat="-21.203980756665043" lon="55.62060925609381">
        <ele>2036</ele>
      </trkpt>
      <trkpt lat="-21.20412061878962" lon="55.62067932468596">
        <ele>2039</ele>
      </trkpt>
      <trkpt lat="-21.20422028094127" lon="55.620769156214365">
        <ele>2031</ele>
      </trkpt>
      <trkpt lat="-21.20431073056691" lon="55.62083922480653">
        <ele>2036</ele>
      </trkpt>
      <trkpt lat="-21.204390292691816" lon="55.62092995465022">
        <ele>2036</ele>
      </trkpt>
      <trkpt lat="-21.20446064232445" lon="55.62103954911489">
        <ele>2036</ele>
      </trkpt>
      <trkpt lat="-21.20446064232445" lon="55.62110961770705">
        <ele>2036</ele>
      </trkpt>
      <trkpt lat="-21.204350092886692" lon="55.62114914357955">
        <ele>2036</ele>
      </trkpt>
      <trkpt lat="-21.20431073056691" lon="55.62111949917518">
        <ele>2036</ele>
      </trkpt>
      <trkpt lat="-21.204200181016944" lon="55.62111949917518">
        <ele>2035</ele>
      </trkpt>
      <trkpt lat="-21.204110568821008" lon="55.62110961770705">
        <ele>2035</ele>
      </trkpt>
      <trkpt lat="-21.204050268995015" lon="55.62111949917518">
        <ele>2035</ele>
      </trkpt>
      <trkpt lat="-21.203980756665043" lon="55.62110961770705">
        <ele>2037</ele>
      </trkpt>
      <trkpt lat="-21.20384005690908" lon="55.621019786178636">
        <ele>2037</ele>
      </trkpt>
      <trkpt lat="-21.203650782025928" lon="55.62093983611835">
        <ele>2034</ele>
      </trkpt>
      <trkpt lat="-21.20347071941194" lon="55.62091917486683">
        <ele>2033</ele>
      </trkpt>
      <trkpt lat="-21.203270556527563" lon="55.62084910627465">
        <ele>2034</ele>
      </trkpt>
      <trkpt lat="-21.20317005623228" lon="55.62079969893403">
        <ele>2034</ele>
      </trkpt>
      <trkpt lat="-21.203070393371927" lon="55.62077993599778">
        <ele>2036</ele>
      </trkpt>
      <trkpt lat="-21.20286017989131" lon="55.62079969893403">
        <ele>2032</ele>
      </trkpt>
      <trkpt lat="-21.202610603338595" lon="55.62079969893403">
        <ele>2036</ele>
      </trkpt>
      <trkpt lat="-21.202570403049062" lon="55.620769156214365">
        <ele>2031</ele>
      </trkpt>
      <trkpt lat="-21.202420489372845" lon="55.62072963034187">
        <ele>2031</ele>
      </trkpt>
      <trkpt lat="-21.202280625638284" lon="55.62063979881346">
        <ele>2026</ele>
      </trkpt>
      <trkpt lat="-21.202150811873917" lon="55.62060925609381">
        <ele>2026</ele>
      </trkpt>
      <trkpt lat="-21.202070411033624" lon="55.62062991734533">
        <ele>2026</ele>
      </trkpt>
      <trkpt lat="-21.201980797545456" lon="55.62062991734533">
        <ele>2026</ele>
      </trkpt>
      <trkpt lat="-21.2017806326419" lon="55.62059937462567">
        <ele>2026</ele>
      </trkpt>
      <trkpt lat="-21.20172033186463" lon="55.62059937462567">
        <ele>2026</ele>
      </trkpt>
      <trkpt lat="-21.201690181466784" lon="55.62064968028159">
        <ele>2026</ele>
      </trkpt>
      <trkpt lat="-21.201510116462543" lon="55.62077993599778">
        <ele>2023</ele>
      </trkpt>
      <trkpt lat="-21.201180136303662" lon="55.620969480522724">
        <ele>2023</ele>
      </trkpt>
      <trkpt lat="-21.20114077313905" lon="55.620999124927096">
        <ele>2023</ele>
      </trkpt>
      <trkpt lat="-21.20084010521647" lon="55.621043142376024">
        <ele>2025</ele>
      </trkpt>
      <trkpt lat="-21.20051431114985" lon="55.621092549716664">
        <ele>2018</ele>
      </trkpt>
      <trkpt lat="-21.200005936967823" lon="55.62144109604689">
        <ele>2020</ele>
      </trkpt>
      <trkpt lat="-21.1996190019038" lon="55.62138360386871">
        <ele>2024</ele>
      </trkpt>
      <trkpt lat="-21.199323356031126" lon="55.621597402906325">
        <ele>2023</ele>
      </trkpt>
      <trkpt lat="-21.1989112933745" lon="55.62190372841822">
        <ele>2022</ele>
      </trkpt>
      <trkpt lat="-21.198586332582625" lon="55.62199805152304">
        <ele>2023</ele>
      </trkpt>
      <trkpt lat="-21.198210281701858" lon="55.62210854430299">
        <ele>2019</ele>
      </trkpt>
      <trkpt lat="-21.198055338410178" lon="55.62231695344891">
        <ele>2020</ele>
      </trkpt>
      <trkpt lat="-21.19793473378958" lon="55.62259722781756">
        <ele>2022</ele>
      </trkpt>
      <trkpt lat="-21.197595532766268" lon="55.62290894322114">
        <ele>2026</ele>
      </trkpt>
      <trkpt lat="-21.197484140655405" lon="55.62312813215047">
        <ele>2030</ele>
      </trkpt>
      <trkpt lat="-21.19732668399452" lon="55.62328713395575">
        <ele>2040</ele>
      </trkpt>
      <trkpt lat="-21.19715498904008" lon="55.623460508805586">
        <ele>2034</ele>
      </trkpt>
      <trkpt lat="-21.197033546146926" lon="55.62368418931134">
        <ele>2034</ele>
      </trkpt>
      <trkpt lat="-21.196786472366536" lon="55.62369407077946">
        <ele>2038</ele>
      </trkpt>
      <trkpt lat="-21.1964380557571" lon="55.624068668252946">
        <ele>2044</ele>
      </trkpt>
      <trkpt lat="-21.196330850481182" lon="55.62452680904784">
        <ele>2048</ele>
      </trkpt>
      <trkpt lat="-21.196316612274646" lon="55.62491667788115">
        <ele>2050</ele>
      </trkpt>
      <trkpt lat="-21.195987458058195" lon="55.625165511214846">
        <ele>2054</ele>
      </trkpt>
      <trkpt lat="-21.19580319838023" lon="55.62515023985503">
        <ele>2053</ele>
      </trkpt>
      <trkpt lat="-21.19558041137182" lon="55.6254619552586">
        <ele>2052</ele>
      </trkpt>
      <trkpt lat="-21.195362649309615" lon="55.62542602264724">
        <ele>2052</ele>
      </trkpt>
      <trkpt lat="-21.195161637890422" lon="55.62560119412765">
        <ele>2061</ele>
      </trkpt>
      <trkpt lat="-21.19489780998772" lon="55.62583026452509">
        <ele>2059</ele>
      </trkpt>
      <trkpt lat="-21.19475207627758" lon="55.6256488048377">
        <ele>2058</ele>
      </trkpt>
      <trkpt lat="-21.194525099925535" lon="55.62560209244293">
        <ele>2058</ele>
      </trkpt>
      <trkpt lat="-21.194257083119947" lon="55.62584104430851">
        <ele>2062</ele>
      </trkpt>
      <trkpt lat="-21.19396645184696" lon="55.626381830109544">
        <ele>2063</ele>
      </trkpt>
      <trkpt lat="-21.1937587380797" lon="55.6263557789663">
        <ele>2063</ele>
      </trkpt>
      <trkpt lat="-21.193525897299956" lon="55.62643842397245">
        <ele>2064</ele>
      </trkpt>
      <trkpt lat="-21.19334665990303" lon="55.6262201333584">
        <ele>2063</ele>
      </trkpt>
      <trkpt lat="-21.1931096306751" lon="55.6261581496038">
        <ele>2061</ele>
      </trkpt>
      <trkpt lat="-21.193056026839407" lon="55.62601801241948">
        <ele>2060</ele>
      </trkpt>
      <trkpt lat="-21.193179148120574" lon="55.625683839133785">
        <ele>2064</ele>
      </trkpt>
      <trkpt lat="-21.19331734535481" lon="55.62530564839917">
        <ele>2050</ele>
      </trkpt>
      <trkpt lat="-21.19340110119144" lon="55.624936440817386">
        <ele>2057</ele>
      </trkpt>
      <trkpt lat="-21.193507471035538" lon="55.62446033371681">
        <ele>2043</ele>
      </trkpt>
      <trkpt lat="-21.193512496380603" lon="55.623809953451115">
        <ele>2035</ele>
      </trkpt>
      <trkpt lat="-21.19365571864328" lon="55.62335001602565">
        <ele>2033</ele>
      </trkpt>
      <trkpt lat="-21.19379810321125" lon="55.62289007860018">
        <ele>2031</ele>
      </trkpt>
      <trkpt lat="-21.194019217797788" lon="55.6221759179493">
        <ele>2028</ele>
      </trkpt>
      <trkpt lat="-21.193906147880096" lon="55.621910914940486">
        <ele>2008</ele>
      </trkpt>
      <trkpt lat="-21.193849194111014" lon="55.621546198935135">
        <ele>2006</ele>
      </trkpt>
      <trkpt lat="-21.19367414488922" lon="55.62114285537256">
        <ele>2004</ele>
      </trkpt>
      <trkpt lat="-21.193746174737647" lon="55.6205185262501">
        <ele>1997</ele>
      </trkpt>
      <trkpt lat="-21.194066120849364" lon="55.620143030461335">
        <ele>1991</ele>
      </trkpt>
      <trkpt lat="-21.194066958403717" lon="55.61979089086996">
        <ele>1996</ele>
      </trkpt>
      <trkpt lat="-21.194066958403717" lon="55.619409106874215">
        <ele>1978</ele>
      </trkpt>
      <trkpt lat="-21.19427132152497" lon="55.61910457799289">
        <ele>1982</ele>
      </trkpt>
      <trkpt lat="-21.194525099925535" lon="55.618724590627714">
        <ele>1970</ele>
      </trkpt>
      <trkpt lat="-21.194605504872417" lon="55.61831226391231">
        <ele>1976</ele>
      </trkpt>
      <trkpt lat="-21.194737837918897" lon="55.617628645981085">
        <ele>1954</ele>
      </trkpt>
      <trkpt lat="-21.194871845946444" lon="55.61726303166045">
        <ele>1958</ele>
      </trkpt>
      <trkpt lat="-21.19505861943209" lon="55.61675458520965">
        <ele>1939</ele>
      </trkpt>
      <trkpt lat="-21.19488105899387" lon="55.61639615741128">
        <ele>1935</ele>
      </trkpt>
      <trkpt lat="-21.194992453067318" lon="55.61611318809679">
        <ele>1933</ele>
      </trkpt>
      <trkpt lat="-21.194926286672917" lon="55.61593981324694">
        <ele>1930</ele>
      </trkpt>
      <trkpt lat="-21.194951413155287" lon="55.61578081144166">
        <ele>1928</ele>
      </trkpt>
      <trkpt lat="-21.194926286672917" lon="55.61563977594204">
        <ele>1927</ele>
      </trkpt>
      <trkpt lat="-21.194686747326397" lon="55.615485265713176">
        <ele>1936</ele>
      </trkpt>
      <trkpt lat="-21.194402817318284" lon="55.61530290771051">
        <ele>1925</ele>
      </trkpt>
      <trkpt lat="-21.194370152769086" lon="55.61495436138027">
        <ele>1928</ele>
      </trkpt>
      <trkpt lat="-21.194334138001334" lon="55.614577967276226">
        <ele>1918</ele>
      </trkpt>
      <trkpt lat="-21.19427802195038" lon="55.61415216583154">
        <ele>1919</ele>
      </trkpt>
      <trkpt lat="-21.194177515537184" lon="55.61340476751516">
        <ele>1905</ele>
      </trkpt>
      <trkpt lat="-21.194107161007274" lon="55.612878354758664">
        <ele>1896</ele>
      </trkpt>
      <trkpt lat="-21.193962264072294" lon="55.61262682647911">
        <ele>1892</ele>
      </trkpt>
      <trkpt lat="-21.194011679805968" lon="55.612466926358536">
        <ele>1889</ele>
      </trkpt>
      <trkpt lat="-21.19395053830254" lon="55.6119998024108">
        <ele>1885</ele>
      </trkpt>
      <trkpt lat="-21.19384081855489" lon="55.61158927232595">
        <ele>1881</ele>
      </trkpt>
      <trkpt lat="-21.193713510043295" lon="55.61125959061667">
        <ele>1877</ele>
      </trkpt>
      <trkpt lat="-21.193570287836636" lon="55.61088948471963">
        <ele>1874</ele>
      </trkpt>
      <trkpt lat="-21.193416177236998" lon="55.610380139953534">
        <ele>1857</ele>
      </trkpt>
      <trkpt lat="-21.19326206647662" lon="55.60987079518743">
        <ele>1851</ele>
      </trkpt>
      <trkpt lat="-21.193107955555533" lon="55.609362348736624">
        <ele>1846</ele>
      </trkpt>
      <trkpt lat="-21.192820672268127" lon="55.60841552442716">
        <ele>1827</ele>
      </trkpt>
      <trkpt lat="-21.19263892132848" lon="55.60800409602703">
        <ele>1825</ele>
      </trkpt>
      <trkpt lat="-21.192457170165284" lon="55.60759356594218">
        <ele>1823</ele>
      </trkpt>
      <trkpt lat="-21.192260342616613" lon="55.60715249313768">
        <ele>1817</ele>
      </trkpt>
      <trkpt lat="-21.19264310914067" lon="55.60731778314996">
        <ele>1822</ele>
      </trkpt>
      <trkpt lat="-21.19337262421231" lon="55.607634888445254">
        <ele>1822</ele>
      </trkpt>
      <trkpt lat="-21.193885208996967" lon="55.60782263633964">
        <ele>1825</ele>
      </trkpt>
      <trkpt lat="-21.194164114676944" lon="55.60776783910731">
        <ele>1822</ele>
      </trkpt>
      <trkpt lat="-21.194080359272792" lon="55.60739863152554">
        <ele>1815</ele>
      </trkpt>
      <trkpt lat="-21.193970639621533" lon="55.60692432105552">
        <ele>1801</ele>
      </trkpt>
      <trkpt lat="-21.193892746995225" lon="55.60646438363005">
        <ele>1814</ele>
      </trkpt>
      <trkpt lat="-21.193814016772095" lon="55.60600534451986">
        <ele>1814</ele>
      </trkpt>
      <trkpt lat="-21.19371518515599" lon="55.6054268294769">
        <ele>1800</ele>
      </trkpt>
      <trkpt lat="-21.193737799175672" lon="55.60521931864626">
        <ele>1798</ele>
      </trkpt>
      <trkpt lat="-21.193555211806803" lon="55.604951620691594">
        <ele>1797</ele>
      </trkpt>
      <trkpt lat="-21.193477318961506" lon="55.60435693597351">
        <ele>1790</ele>
      </trkpt>
      <trkpt lat="-21.193396913400736" lon="55.60392664295241">
        <ele>1789</ele>
      </trkpt>
      <trkpt lat="-21.193246152856343" lon="55.603124447403694">
        <ele>1776</ele>
      </trkpt>
      <trkpt lat="-21.1927084389954" lon="55.603112769305">
        <ele>1778</ele>
      </trkpt>
      <trkpt lat="-21.19269755068828" lon="55.602916038257774">
        <ele>1770</ele>
      </trkpt>
      <trkpt lat="-21.19235414982145" lon="55.60316576990676">
        <ele>1761</ele>
      </trkpt>
      <trkpt lat="-21.19246638336327" lon="55.602813630315396">
        <ele>1764</ele>
      </trkpt>
      <trkpt lat="-21.192603743701433" lon="55.60238154066373">
        <ele>1745</ele>
      </trkpt>
      <trkpt lat="-21.192589505135736" lon="55.60217852140952">
        <ele>1737</ele>
      </trkpt>
      <trkpt lat="-21.19249988589655" lon="55.6019422644898">
        <ele>1748</ele>
      </trkpt>
      <trkpt lat="-21.19240105340152" lon="55.60168534631853">
        <ele>1728</ele>
      </trkpt>
      <trkpt lat="-21.19232315994786" lon="55.60107898350174">
        <ele>1727</ele>
      </trkpt>
      <trkpt lat="-21.192308083790806" lon="55.60071606412698">
        <ele>1738</ele>
      </trkpt>
      <trkpt lat="-21.192290494938955" lon="55.60029475425871">
        <ele>1719</ele>
      </trkpt>
      <trkpt lat="-21.192134707874015" lon="55.59995698771189">
        <ele>1733</ele>
      </trkpt>
      <trkpt lat="-21.19193704232942" lon="55.59952938963665">
        <ele>1714</ele>
      </trkpt>
      <trkpt lat="-21.19175194003311" lon="55.59937128614664">
        <ele>1721</ele>
      </trkpt>
      <trkpt lat="-21.191682421916244" lon="55.59913323259635">
        <ele>1731</ele>
      </trkpt>
      <trkpt lat="-21.191599502673835" lon="55.598852059912424">
        <ele>1725</ele>
      </trkpt>
      <trkpt lat="-21.19118406819322" lon="55.598620294569116">
        <ele>1726</ele>
      </trkpt>
      <trkpt lat="-21.19085741526132" lon="55.59812083127115">
        <ele>1720</ele>
      </trkpt>
      <trkpt lat="-21.190621219614624" lon="55.59770041971818">
        <ele>1727</ele>
      </trkpt>
      <trkpt lat="-21.19038502359044" lon="55.5972809064805">
        <ele>1733</ele>
      </trkpt>
      <trkpt lat="-21.18998884997892" lon="55.596577525613036">
        <ele>1730</ele>
      </trkpt>
      <trkpt lat="-21.189697372732514" lon="55.596079858945636">
        <ele>1731</ele>
      </trkpt>
      <trkpt lat="-21.189405057330486" lon="55.59558219227823">
        <ele>1727</ele>
      </trkpt>
      <trkpt lat="-21.18911274135033" lon="55.5950854239261">
        <ele>1724</ele>
      </trkpt>
      <trkpt lat="-21.18882042479203" lon="55.59458775725871">
        <ele>1722</ele>
      </trkpt>
      <trkpt lat="-21.188528107655603" lon="55.5940900905913">
        <ele>1717</ele>
      </trkpt>
      <trkpt lat="-21.188235789941068" lon="55.593593322239194">
        <ele>1717</ele>
      </trkpt>
      <trkpt lat="-21.187695545078896" lon="55.592675244018814">
        <ele>1710</ele>
      </trkpt>
      <trkpt lat="-21.18757576959399" lon="55.59249288601614">
        <ele>1699</ele>
      </trkpt>
      <trkpt lat="-21.18741243923086" lon="55.59224315436716">
        <ele>1701</ele>
      </trkpt>
      <trkpt lat="-21.187177913265618" lon="55.59188652319936">
        <ele>1687</ele>
      </trkpt>
      <trkpt lat="-21.18675995356939" lon="55.59180118324737">
        <ele>1687</ele>
      </trkpt>
      <trkpt lat="-21.186635989344058" lon="55.59162152019055">
        <ele>1685</ele>
      </trkpt>
      <trkpt lat="-21.186467632358088" lon="55.59153618023855">
        <ele>1684</ele>
      </trkpt>
      <trkpt lat="-21.186311001557147" lon="55.591457128493545">
        <ele>1683</ele>
      </trkpt>
      <trkpt lat="-21.186063909849278" lon="55.591412212729345">
        <ele>1682</ele>
      </trkpt>
      <trkpt lat="-21.185686989499345" lon="55.59145623017826">
        <ele>1682</ele>
      </trkpt>
      <trkpt lat="-21.1852857776709" lon="55.59167721573816">
        <ele>1681</ele>
      </trkpt>
      <trkpt lat="-21.185031145799503" lon="55.59187574341595">
        <ele>1680</ele>
      </trkpt>
      <trkpt lat="-21.18461653046515" lon="55.59185687879498">
        <ele>1678</ele>
      </trkpt>
      <trkpt lat="-21.18409888787012" lon="55.591722131502365">
        <ele>1675</ele>
      </trkpt>
      <trkpt lat="-21.183575380166058" lon="55.591848793957425">
        <ele>1675</ele>
      </trkpt>
      <trkpt lat="-21.183114691853064" lon="55.59205630478806">
        <ele>1675</ele>
      </trkpt>
      <trkpt lat="-21.182807286307526" lon="55.59234107073312">
        <ele>1675</ele>
      </trkpt>
      <trkpt lat="-21.182664053532594" lon="55.592565649554146">
        <ele>1675</ele>
      </trkpt>
      <trkpt lat="-21.18249652964318" lon="55.59262942993933">
        <ele>1675</ele>
      </trkpt>
      <trkpt lat="-21.182231003889587" lon="55.59240844437944">
        <ele>1672</ele>
      </trkpt>
      <trkpt lat="-21.181910194535423" lon="55.59217667903612">
        <ele>1672</ele>
      </trkpt>
      <trkpt lat="-21.18164550535361" lon="55.59197815135834">
        <ele>1671</ele>
      </trkpt>
      <trkpt lat="-21.181574307233333" lon="55.5914256874586">
        <ele>1670</ele>
      </trkpt>
      <trkpt lat="-21.18156006760515" lon="55.59119661706116">
        <ele>1671</ele>
      </trkpt>
      <trkpt lat="-21.181445312904543" lon="55.59096844497899">
        <ele>1672</ele>
      </trkpt>
      <trkpt lat="-21.18141348311779" lon="55.59053186375091">
        <ele>1672</ele>
      </trkpt>
      <trkpt lat="-21.181379140445447" lon="55.59016714774555">
        <ele>1669</ele>
      </trkpt>
      <trkpt lat="-21.181256846962118" lon="55.58984914413497">
        <ele>1675</ele>
      </trkpt>
      <trkpt lat="-21.181127852356376" lon="55.5895194624257">
        <ele>1664</ele>
      </trkpt>
      <trkpt lat="-21.180997182381294" lon="55.5892876970824">
        <ele>1663</ele>
      </trkpt>
      <trkpt lat="-21.180981267440547" lon="55.5890559317391">
        <ele>1660</ele>
      </trkpt>
      <trkpt lat="-21.180824630827" lon="55.58888525183512">
        <ele>1668</ele>
      </trkpt>
      <trkpt lat="-21.18065291670171" lon="55.58870019888659">
        <ele>1655</ele>
      </trkpt>
      <trkpt lat="-21.180467800274993" lon="55.588407348103964">
        <ele>1651</ele>
      </trkpt>
      <trkpt lat="-21.18015787632686" lon="55.588251041244526">
        <ele>1646</ele>
      </trkpt>
      <trkpt lat="-21.179909936700643" lon="55.58814683667157">
        <ele>1644</ele>
      </trkpt>
      <trkpt lat="-21.179693826822483" lon="55.5881845659135">
        <ele>1642</ele>
      </trkpt>
      <trkpt lat="-21.179429133673178" lon="55.58801208937896">
        <ele>1640</ele>
      </trkpt>
      <trkpt lat="-21.17914601199539" lon="55.58800490285668">
        <ele>1640</ele>
      </trkpt>
      <trkpt lat="-21.178739756569946" lon="55.58784140947497">
        <ele>1639</ele>
      </trkpt>
      <trkpt lat="-21.178555475390464" lon="55.58773630658673">
        <ele>1638</ele>
      </trkpt>
      <trkpt lat="-21.178278215546843" lon="55.5875225075491">
        <ele>1637</ele>
      </trkpt>
      <trkpt lat="-21.178128277227536" lon="55.587410218138594">
        <ele>1637</ele>
      </trkpt>
      <trkpt lat="-21.178078856183937" lon="55.587039213926246">
        <ele>1637</ele>
      </trkpt>
      <trkpt lat="-21.178023571607138" lon="55.586695159172436">
        <ele>1636</ele>
      </trkpt>
      <trkpt lat="-21.17819780171851" lon="55.58641039322737">
        <ele>1635</ele>
      </trkpt>
      <trkpt lat="-21.17834773996733" lon="55.586197492505036">
        <ele>1634</ele>
      </trkpt>
      <trkpt lat="-21.17844574421541" lon="55.58603669406917">
        <ele>1633</ele>
      </trkpt>
      <trkpt lat="-21.178700387428165" lon="55.58600974461065">
        <ele>1633</ele>
      </trkpt>
      <trkpt lat="-21.178857026291876" lon="55.58585703101235">
        <ele>1633</ele>
      </trkpt>
      <trkpt lat="-21.178860376854004" lon="55.5855659768603">
        <ele>1638</ele>
      </trkpt>
      <trkpt lat="-21.178863727416037" lon="55.58517520971171">
        <ele>1632</ele>
      </trkpt>
      <trkpt lat="-21.17885283808913" lon="55.58499195339374">
        <ele>1632</ele>
      </trkpt>
      <trkpt lat="-21.178952517282468" lon="55.58474401837533">
        <ele>1633</ele>
      </trkpt>
      <trkpt lat="-21.179062248081483" lon="55.584468235583095">
        <ele>1631</ele>
      </trkpt>
      <trkpt lat="-21.178944140882255" lon="55.583903195269386">
        <ele>1629</ele>
      </trkpt>
      <trkpt lat="-21.178805930210185" lon="55.58360315796449">
        <ele>1629</ele>
      </trkpt>
      <trkpt lat="-21.178915661117973" lon="55.58345403762733">
        <ele>1628</ele>
      </trkpt>
      <trkpt lat="-21.17910748060088" lon="55.583348934739085">
        <ele>1627</ele>
      </trkpt>
      <trkpt lat="-21.17921972420039" lon="55.58293391307783">
        <ele>1625</ele>
      </trkpt>
      <trkpt lat="-21.179027904863062" lon="55.582402110429626">
        <ele>1624</ele>
      </trkpt>
      <trkpt lat="-21.179006963872304" lon="55.581989783714214">
        <ele>1622</ele>
      </trkpt>
      <trkpt lat="-21.178929901000796" lon="55.58172478070539">
        <ele>1620</ele>
      </trkpt>
      <trkpt lat="-21.178800904365133" lon="55.5816906447246">
        <ele>1618</ele>
      </trkpt>
      <trkpt lat="-21.178728029592634" lon="55.5820014618129">
        <ele>1617</ele>
      </trkpt>
      <trkpt lat="-21.178431504285964" lon="55.58218112486973">
        <ele>1614</ele>
      </trkpt>
      <trkpt lat="-21.178249735654312" lon="55.58216944677103">
        <ele>1611</ele>
      </trkpt>
      <trkpt lat="-21.178172672388193" lon="55.58193857974302">
        <ele>1616</ele>
      </trkpt>
      <trkpt lat="-21.17809309614735" lon="55.5817023228233">
        <ele>1609</ele>
      </trkpt>
      <trkpt lat="-21.177943157640353" lon="55.58122262246158">
        <ele>1607</ele>
      </trkpt>
      <trkpt lat="-21.17794148234891" lon="55.58092887336367">
        <ele>1607</ele>
      </trkpt>
      <trkpt lat="-21.178067129154233" lon="55.58064410741861">
        <ele>1607</ele>
      </trkpt>
      <trkpt lat="-21.178160945365917" lon="55.58044557974082">
        <ele>1607</ele>
      </trkpt>
      <trkpt lat="-21.178049538607905" lon="55.58004942270052">
        <ele>1606</ele>
      </trkpt>
      <trkpt lat="-21.177917190620896" lon="55.579951506334545">
        <ele>1605</ele>
      </trkpt>
      <trkpt lat="-21.17766924723782" lon="55.580071880582615">
        <ele>1604</ele>
      </trkpt>
      <trkpt lat="-21.17765500723362" lon="55.57994791307342">
        <ele>1603</ele>
      </trkpt>
      <trkpt lat="-21.177700240183448" lon="55.579835623662895">
        <ele>1603</ele>
      </trkpt>
      <trkpt lat="-21.17748077648275" lon="55.57995599791097">
        <ele>1605</ele>
      </trkpt>
      <trkpt lat="-21.177348427986736" lon="55.5801356609678">
        <ele>1604</ele>
      </trkpt>
      <trkpt lat="-21.17715325562144" lon="55.58024076385603">
        <ele>1609</ele>
      </trkpt>
      <trkpt lat="-21.176945518228628" lon="55.580352154951264">
        <ele>1603</ele>
      </trkpt>
      <trkpt lat="-21.17648480925987" lon="55.58052103822468">
        <ele>1602</ele>
      </trkpt>
      <trkpt lat="-21.175995618529363" lon="55.58074292209985">
        <ele>1602</ele>
      </trkpt>
      <trkpt lat="-21.175821385823618" lon="55.58081029574617">
        <ele>1602</ele>
      </trkpt>
      <trkpt lat="-21.175534906601648" lon="55.5806494973103">
        <ele>1602</ele>
      </trkpt>
      <trkpt lat="-21.1752417255368" lon="55.58042132522814">
        <ele>1608</ele>
      </trkpt>
      <trkpt lat="-21.174841323029437" lon="55.58011140645512">
        <ele>1601</ele>
      </trkpt>
      <trkpt lat="-21.1744400817726" lon="55.57981496241136">
        <ele>1606</ele>
      </trkpt>
      <trkpt lat="-21.174038001759502" lon="55.5795185183676">
        <ele>1602</ele>
      </trkpt>
      <trkpt lat="-21.173636758323514" lon="55.57922297263913">
        <ele>1599</ele>
      </trkpt>
      <trkpt lat="-21.173047875067684" lon="55.57878998467218">
        <ele>1593</ele>
      </trkpt>
      <trkpt lat="-21.172675947592936" lon="55.578518693456374">
        <ele>1595</ele>
      </trkpt>
      <trkpt lat="-21.172304019183052" lon="55.57824740224058">
        <ele>1595</ele>
      </trkpt>
      <trkpt lat="-21.171739423368276" lon="55.57783687215573">
        <ele>1594</ele>
      </trkpt>
      <trkpt lat="-21.171424455033755" lon="55.57760061523601">
        <ele>1600</ele>
      </trkpt>
      <trkpt lat="-21.170926870713274" lon="55.5772278143931">
        <ele>1593</ele>
      </trkpt>
      <trkpt lat="-21.17062111520807" lon="55.57700772714849">
        <ele>1599</ele>
      </trkpt>
      <trkpt lat="-21.170185517232525" lon="55.57669691006017">
        <ele>1595</ele>
      </trkpt>
      <trkpt lat="-21.169888974800035" lon="55.57647502618501">
        <ele>1598</ele>
      </trkpt>
      <trkpt lat="-21.169485207029563" lon="55.57617498888011">
        <ele>1596</ele>
      </trkpt>
      <trkpt lat="-21.169070548110096" lon="55.57587315494465">
        <ele>1596</ele>
      </trkpt>
      <trkpt lat="-21.16871117610652" lon="55.57597286794118">
        <ele>1596</ele>
      </trkpt>
      <trkpt lat="-21.16815996979885" lon="55.576132768061754">
        <ele>1595</ele>
      </trkpt>
      <trkpt lat="-21.167846669249712" lon="55.57621720969846">
        <ele>1594</ele>
      </trkpt>
      <trkpt lat="-21.167511587714333" lon="55.57630793954216">
        <ele>1595</ele>
      </trkpt>
      <trkpt lat="-21.167176505420134" lon="55.576378906449605">
        <ele>1593</ele>
      </trkpt>
      <trkpt lat="-21.166776918792323" lon="55.57646514471688">
        <ele>1595</ele>
      </trkpt>
      <trkpt lat="-21.166508013976248" lon="55.57650467058938">
        <ele>1595</ele>
      </trkpt>
      <trkpt lat="-21.166284345112114" lon="55.57640585590813">
        <ele>1595</ele>
      </trkpt>
      <trkpt lat="-21.166078267881858" lon="55.576060902839025">
        <ele>1595</ele>
      </trkpt>
      <trkpt lat="-21.165893970928778" lon="55.57575008575073">
        <ele>1595</ele>
      </trkpt>
      <trkpt lat="-21.16566024855363" lon="55.575458133283384">
        <ele>1595</ele>
      </trkpt>
      <trkpt lat="-21.165347780428835" lon="55.575071857711215">
        <ele>1595</ele>
      </trkpt>
      <trkpt lat="-21.165112381754298" lon="55.57482392269279">
        <ele>1595</ele>
      </trkpt>
      <trkpt lat="-21.164851851112136" lon="55.5745517331617">
        <ele>1595</ele>
      </trkpt>
      <trkpt lat="-21.164605561273017" lon="55.574305594773854">
        <ele>1600</ele>
      </trkpt>
      <trkpt lat="-21.164319060332208" lon="55.57402172714408">
        <ele>1595</ele>
      </trkpt>
      <trkpt lat="-21.164035909734622" lon="55.57371001174049">
        <ele>1597</ele>
      </trkpt>
      <trkpt lat="-21.163518195111052" lon="55.57314137816564">
        <ele>1596</ele>
      </trkpt>
      <trkpt lat="-21.163242582542004" lon="55.572879968417965">
        <ele>1601</ele>
      </trkpt>
      <trkpt lat="-21.16285052487248" lon="55.57251076083618">
        <ele>1599</ele>
      </trkpt>
      <trkpt lat="-21.16262852594524" lon="55.57225294434964">
        <ele>1602</ele>
      </trkpt>
      <trkpt lat="-21.162386421075176" lon="55.571972669980994">
        <ele>1602</ele>
      </trkpt>
      <trkpt lat="-21.162135938457148" lon="55.571713056863885">
        <ele>1602</ele>
      </trkpt>
      <trkpt lat="-21.16182430062821" lon="55.57139056167689">
        <ele>1602</ele>
      </trkpt>
      <trkpt lat="-21.161829327050015" lon="55.57101776083398">
        <ele>1601</ele>
      </trkpt>
      <trkpt lat="-21.161541982996294" lon="55.571068066489886">
        <ele>1602</ele>
      </trkpt>
      <trkpt lat="-21.16131998210635" lon="55.57102584567153">
        <ele>1601</ele>
      </trkpt>
      <trkpt lat="-21.160984885792764" lon="55.57091086131517">
        <ele>1601</ele>
      </trkpt>
      <trkpt lat="-21.16100750481781" lon="55.57083270788545">
        <ele>1601</ele>
      </trkpt>
      <trkpt lat="-21.161046040926582" lon="55.57070424879982">
        <ele>1601</ele>
      </trkpt>
      <trkpt lat="-21.16091535321267" lon="55.57043026263817">
        <ele>1602</ele>
      </trkpt>
      <trkpt lat="-21.16072602337115" lon="55.57003859717429">
        <ele>1603</ele>
      </trkpt>
      <trkpt lat="-21.160653139695043" lon="55.5697834756336">
        <ele>1603</ele>
      </trkpt>
      <trkpt lat="-21.16064727548965" lon="55.56954811702916">
        <ele>1602</ele>
      </trkpt>
      <trkpt lat="-21.160639735796686" lon="55.56927952075921">
        <ele>1605</ele>
      </trkpt>
      <trkpt lat="-21.160561825613406" lon="55.568665971420145">
        <ele>1605</ele>
      </trkpt>
      <trkpt lat="-21.160297098232665" lon="55.56829406889252">
        <ele>1607</ele>
      </trkpt>
      <trkpt lat="-21.160202432946775" lon="55.56784940282689">
        <ele>1611</ele>
      </trkpt>
      <trkpt lat="-21.16001896642388" lon="55.567377787302725">
        <ele>1613</ele>
      </trkpt>
      <trkpt lat="-21.159800314243448" lon="55.56709571630351">
        <ele>1614</ele>
      </trkpt>
      <trkpt lat="-21.15973078110691" lon="55.56687203579777">
        <ele>1617</ele>
      </trkpt>
      <trkpt lat="-21.159570770993884" lon="55.56670674578549">
        <ele>1619</ele>
      </trkpt>
      <trkpt lat="-21.159509615250553" lon="55.56648037033389">
        <ele>1621</ele>
      </trkpt>
      <trkpt lat="-21.15934541614348" lon="55.56640131858889">
        <ele>1621</ele>
      </trkpt>
      <trkpt lat="-21.159267505278958" lon="55.566236028576604">
        <ele>1622</ele>
      </trkpt>
      <trkpt lat="-21.158903082948825" lon="55.566096789707565">
        <ele>1623</ele>
      </trkpt>
      <trkpt lat="-21.158701184214202" lon="55.565636852282104">
        <ele>1624</ele>
      </trkpt>
      <trkpt lat="-21.15834178703015" lon="55.565502104989484">
        <ele>1622</ele>
      </trkpt>
      <trkpt lat="-21.157786353302203" lon="55.56529459415885">
        <ele>1624</ele>
      </trkpt>
      <trkpt lat="-21.15774446530458" lon="55.56506911702254">
        <ele>1626</ele>
      </trkpt>
      <trkpt lat="-21.157633043173206" lon="55.56487687755174">
        <ele>1627</ele>
      </trkpt>
      <trkpt lat="-21.157518269912597" lon="55.56468284145038">
        <ele>1627</ele>
      </trkpt>
      <trkpt lat="-21.157398469990934" lon="55.56414025901876">
        <ele>1629</ele>
      </trkpt>
      <trkpt lat="-21.15714965445923" lon="55.563798899210795">
        <ele>1631</ele>
      </trkpt>
      <trkpt lat="-21.15670145034199" lon="55.56318445155646">
        <ele>1634</ele>
      </trkpt>
      <trkpt lat="-21.156507088508626" lon="55.56287543109872">
        <ele>1633</ele>
      </trkpt>
      <trkpt lat="-21.156264135858073" lon="55.56249274878769">
        <ele>1642</ele>
      </trkpt>
      <trkpt lat="-21.15607815114583" lon="55.56198879391329">
        <ele>1644</ele>
      </trkpt>
      <trkpt lat="-21.15592819032934" lon="55.56152616154197">
        <ele>1648</ele>
      </trkpt>
      <trkpt lat="-21.155696127760844" lon="55.56101861340644">
        <ele>1652</ele>
      </trkpt>
      <trkpt lat="-21.155310752294806" lon="55.560626947942566">
        <ele>1650</ele>
      </trkpt>
      <trkpt lat="-21.154871758150502" lon="55.560152637472555">
        <ele>1652</ele>
      </trkpt>
      <trkpt lat="-21.1548030604758" lon="55.56003585648562">
        <ele>1651</ele>
      </trkpt>
      <trkpt lat="-21.15434563368271" lon="55.55996039800175">
        <ele>1650</ele>
      </trkpt>
      <trkpt lat="-21.15403397945385" lon="55.55990110919301">
        <ele>1648</ele>
      </trkpt>
      <trkpt lat="-21.153715622306226" lon="55.55984182038424">
        <ele>1651</ele>
      </trkpt>
      <trkpt lat="-21.153500311952598" lon="55.55959208873526">
        <ele>1653</ele>
      </trkpt>
      <trkpt lat="-21.153370455362275" lon="55.559069269239906">
        <ele>1655</ele>
      </trkpt>
      <trkpt lat="-21.153127497564885" lon="55.55865155263279">
        <ele>1660</ele>
      </trkpt>
      <trkpt lat="-21.152869459191834" lon="55.55849794071921">
        <ele>1663</ele>
      </trkpt>
      <trkpt lat="-21.15231903167917" lon="55.55835510858903">
        <ele>1662</ele>
      </trkpt>
      <trkpt lat="-21.151976374857945" lon="55.558268870321754">
        <ele>1662</ele>
      </trkpt>
      <trkpt lat="-21.151537370828127" lon="55.55815927585709">
        <ele>1668</ele>
      </trkpt>
      <trkpt lat="-21.151526479490247" lon="55.55802363024919">
        <ele>1671</ele>
      </trkpt>
      <trkpt lat="-21.151645446368445" lon="55.55777659354606">
        <ele>1670</ele>
      </trkpt>
      <trkpt lat="-21.15176860212055" lon="55.5575196753748">
        <ele>1677</ele>
      </trkpt>
      <trkpt lat="-21.1518314366485" lon="55.557300486445484">
        <ele>1678</ele>
      </trkpt>
      <trkpt lat="-21.152070207611544" lon="55.557071416048025">
        <ele>1679</ele>
      </trkpt>
      <trkpt lat="-21.15222101012669" lon="55.556751615806874">
        <ele>1680</ele>
      </trkpt>
      <trkpt lat="-21.152364272373827" lon="55.55661956346011">
        <ele>1682</ele>
      </trkpt>
      <trkpt lat="-21.152420404327604" lon="55.556447086925566">
        <ele>1685</ele>
      </trkpt>
      <trkpt lat="-21.152559477434846" lon="55.55620094853771">
        <ele>1690</ele>
      </trkpt>
      <trkpt lat="-21.15267509232818" lon="55.55565926442139">
        <ele>1696</ele>
      </trkpt>
      <trkpt lat="-21.152767249062578" lon="55.55532059955927">
        <ele>1699</ele>
      </trkpt>
      <trkpt lat="-21.15295407572085" lon="55.55492713746482">
        <ele>1704</ele>
      </trkpt>
      <trkpt lat="-21.15295407572085" lon="55.55461093048481">
        <ele>1707</ele>
      </trkpt>
      <trkpt lat="-21.15307387923866" lon="55.55439263987078">
        <ele>1708</ele>
      </trkpt>
      <trkpt lat="-21.153101526190554" lon="55.5540917042506">
        <ele>1711</ele>
      </trkpt>
      <trkpt lat="-21.15291134856867" lon="55.55377370064002">
        <ele>1710</ele>
      </trkpt>
      <trkpt lat="-21.153062988013783" lon="55.553431442516775">
        <ele>1704</ele>
      </trkpt>
      <trkpt lat="-21.15325567879733" lon="55.55299396297341">
        <ele>1716</ele>
      </trkpt>
      <trkpt lat="-21.153214627303594" lon="55.55260768740123">
        <ele>1698</ele>
      </trkpt>
      <trkpt lat="-21.15315765786486" lon="55.552083071275305">
        <ele>1717</ele>
      </trkpt>
      <trkpt lat="-21.153122470847634" lon="55.551714762008814">
        <ele>1717</ele>
      </trkpt>
      <trkpt lat="-21.15307387923866" lon="55.55112097560601">
        <ele>1718</ele>
      </trkpt>
      <trkpt lat="-21.15318614258696" lon="55.550789497266166">
        <ele>1719</ele>
      </trkpt>
      <trkpt lat="-21.153220491803385" lon="55.55014989678388">
        <ele>1718</ele>
      </trkpt>
      <trkpt lat="-21.152967480315077" lon="55.549794163931374">
        <ele>1713</ele>
      </trkpt>
      <trkpt lat="-21.152467320571148" lon="55.54909257969448">
        <ele>1722</ele>
      </trkpt>
      <trkpt lat="-21.15246145604151" lon="55.54873505021139">
        <ele>1719</ele>
      </trkpt>
      <trkpt lat="-21.152453078141637" lon="55.54833260496411">
        <ele>1722</ele>
      </trkpt>
      <trkpt lat="-21.15241035084491" lon="55.5478915321596">
        <ele>1723</ele>
      </trkpt>
      <trkpt lat="-21.152171580430306" lon="55.54761754599795">
        <ele>1720</ele>
      </trkpt>
      <trkpt lat="-21.151870812939087" lon="55.54727438955942">
        <ele>1723</ele>
      </trkpt>
      <trkpt lat="-21.15173090139098" lon="55.54664287391467">
        <ele>1725</ele>
      </trkpt>
      <trkpt lat="-21.15175854859361" lon="55.5461613769224">
        <ele>1726</ele>
      </trkpt>
      <trkpt lat="-21.15151893933276" lon="55.5458891873913">
        <ele>1723</ele>
      </trkpt>
      <trkpt lat="-21.15121900831302" lon="55.54555142084447">
        <ele>1731</ele>
      </trkpt>
      <trkpt lat="-21.150938346054424" lon="55.545484047198165">
        <ele>1732</ele>
      </trkpt>
      <trkpt lat="-21.150931643665633" lon="55.54513100929151">
        <ele>1735</ele>
      </trkpt>
      <trkpt lat="-21.150561336213215" lon="55.544995363683604">
        <ele>1729</ele>
      </trkpt>
      <trkpt lat="-21.149950578233675" lon="55.54477347980843">
        <ele>1740</ele>
      </trkpt>
      <trkpt lat="-21.149845014870802" lon="55.54428479629386">
        <ele>1746</ele>
      </trkpt>
      <trkpt lat="-21.14985171730877" lon="55.543991945511245">
        <ele>1748</ele>
      </trkpt>
      <trkpt lat="-21.149620483023366" lon="55.5436155514072">
        <ele>1749</ele>
      </trkpt>
      <trkpt lat="-21.14948727180373" lon="55.543901215667546">
        <ele>1749</ele>
      </trkpt>
      <trkpt lat="-21.149241794210962" lon="55.543811384139126">
        <ele>1751</ele>
      </trkpt>
      <trkpt lat="-21.148835456687166" lon="55.54360836488492">
        <ele>1760</ele>
      </trkpt>
      <trkpt lat="-21.148606734250414" lon="55.543232869096165">
        <ele>1771</ele>
      </trkpt>
      <trkpt lat="-21.148372984582007" lon="55.543267005076956">
        <ele>1774</ele>
      </trkpt>
      <trkpt lat="-21.148176936188555" lon="55.54311249484809">
        <ele>1768</ele>
      </trkpt>
      <trkpt lat="-21.147931456424033" lon="55.542921153692575">
        <ele>1781</ele>
      </trkpt>
      <trkpt lat="-21.147524277487495" lon="55.54253038654398">
        <ele>1789</ele>
      </trkpt>
      <trkpt lat="-21.147251148602415" lon="55.54251511518416">
        <ele>1793</ele>
      </trkpt>
      <trkpt lat="-21.147167366634893" lon="55.54219980651943">
        <ele>1796</ele>
      </trkpt>
      <trkpt lat="-21.146844805617476" lon="55.54206146596567">
        <ele>1796</ele>
      </trkpt>
      <trkpt lat="-21.146445164109952" lon="55.541890786061686">
        <ele>1806</ele>
      </trkpt>
      <trkpt lat="-21.14607316978814" lon="55.541685071861615">
        <ele>1807</ele>
      </trkpt>
      <trkpt lat="-21.1453316918329" lon="55.54127633840735">
        <ele>1823</ele>
      </trkpt>
      <trkpt lat="-21.14491780308905" lon="55.541028403388935">
        <ele>1831</ele>
      </trkpt>
      <trkpt lat="-21.14469661510808" lon="55.54076879027182">
        <ele>1832</ele>
      </trkpt>
      <trkpt lat="-21.144455318752204" lon="55.5404867192726">
        <ele>1844</ele>
      </trkpt>
      <trkpt lat="-21.14415369775467" lon="55.54029897137822">
        <ele>1850</ele>
      </trkpt>
      <trkpt lat="-21.143873859946673" lon="55.54047953275034">
        <ele>1858</ele>
      </trkpt>
      <trkpt lat="-21.14355212959803" lon="55.54036185344811">
        <ele>1856</ele>
      </trkpt>
      <trkpt lat="-21.143172587429092" lon="55.540223512894364">
        <ele>1864</ele>
      </trkpt>
      <trkpt lat="-21.142852531246206" lon="55.54022620784022">
        <ele>1856</ele>
      </trkpt>
      <trkpt lat="-21.14251990667947" lon="55.54022980110135">
        <ele>1873</ele>
      </trkpt>
      <trkpt lat="-21.142344796720856" lon="55.54043282035556">
        <ele>1873</ele>
      </trkpt>
      <trkpt lat="-21.142057414856996" lon="55.540387904591356">
        <ele>1877</ele>
      </trkpt>
      <trkpt lat="-21.141672003902137" lon="55.540259445505725">
        <ele>1885</ele>
      </trkpt>
      <trkpt lat="-21.14136618797459" lon="55.540073494241916">
        <ele>1887</ele>
      </trkpt>
      <trkpt lat="-21.140977423802045" lon="55.53983903395275">
        <ele>1894</ele>
      </trkpt>
      <trkpt lat="-21.140598712894523" lon="55.53961265850116">
        <ele>1897</ele>
      </trkpt>
      <trkpt lat="-21.140178108053036" lon="55.539454555011154">
        <ele>1903</ele>
      </trkpt>
      <trkpt lat="-21.14019235166283" lon="55.53974830410906">
        <ele>1904</ele>
      </trkpt>
      <trkpt lat="-21.139996292443193" lon="55.53981567775537">
        <ele>1908</ele>
      </trkpt>
      <trkpt lat="-21.139768394220866" lon="55.53965038774309">
        <ele>1907</ele>
      </trkpt>
      <trkpt lat="-21.139455871456377" lon="55.53942491060678">
        <ele>1919</ele>
      </trkpt>
      <trkpt lat="-21.13897912634492" lon="55.5398309491152">
        <ele>1926</ele>
      </trkpt>
      <trkpt lat="-21.138593707383162" lon="55.53959020061906">
        <ele>1932</ele>
      </trkpt>
      <trkpt lat="-21.138447918210233" lon="55.53932879087137">
        <ele>1936</ele>
      </trkpt>
      <trkpt lat="-21.13814963646697" lon="55.53920661999274">
        <ele>1934</ele>
      </trkpt>
      <trkpt lat="-21.13784046177919" lon="55.53908175416825">
        <ele>1944</ele>
      </trkpt>
      <trkpt lat="-21.13775248512413" lon="55.538923650678235">
        <ele>1947</ele>
      </trkpt>
      <trkpt lat="-21.137447498982226" lon="55.53884909050967">
        <ele>1950</ele>
      </trkpt>
      <trkpt lat="-21.13731511469232" lon="55.538609240328796">
        <ele>1953</ele>
      </trkpt>
      <trkpt lat="-21.137545530310568" lon="55.53855534141176">
        <ele>1954</ele>
      </trkpt>
      <trkpt lat="-21.13743409298357" lon="55.538365796886794">
        <ele>1955</ele>
      </trkpt>
      <trkpt lat="-21.13731427681669" lon="55.538164574263156">
        <ele>1958</ele>
      </trkpt>
      <trkpt lat="-21.1371182137892" lon="55.53815738774089">
        <ele>1958</ele>
      </trkpt>
      <trkpt lat="-21.137103969883935" lon="55.53787082516525">
        <ele>1957</ele>
      </trkpt>
      <trkpt lat="-21.137181054531382" lon="55.53744232877472">
        <ele>1959</ele>
      </trkpt>
      <trkpt lat="-21.137630155593143" lon="55.53721685163842">
        <ele>1959</ele>
      </trkpt>
      <trkpt lat="-21.137729862547243" lon="55.53686650867761">
        <ele>1947</ele>
      </trkpt>
      <trkpt lat="-21.137847164760284" lon="55.53644969038577">
        <ele>1961</ele>
      </trkpt>
      <trkpt lat="-21.13788905838531" lon="55.536171212647695">
        <ele>1964</ele>
      </trkpt>
      <trkpt lat="-21.137601667879668" lon="55.5359906512756">
        <ele>1971</ele>
      </trkpt>
      <trkpt lat="-21.13734946758904" lon="55.53593046415156">
        <ele>1978</ele>
      </trkpt>
      <trkpt lat="-21.137398902231315" lon="55.53574990277945">
        <ele>1981</ele>
      </trkpt>
      <trkpt lat="-21.13735700846775" lon="55.53538159351296">
        <ele>1984</ele>
      </trkpt>
      <trkpt lat="-21.137187757542318" lon="55.53483541782021">
        <ele>1974</ele>
      </trkpt>
      <trkpt lat="-21.137019344300896" lon="55.534535380515315">
        <ele>1941</ele>
      </trkpt>
      <trkpt lat="-21.13683584905882" lon="55.534212885328316">
        <ele>1947</ele>
      </trkpt>
      <trkpt lat="-21.13635490611332" lon="55.5338688305745">
        <ele>1930</ele>
      </trkpt>
      <trkpt lat="-21.13625268458929" lon="55.53346548701193">
        <ele>1920</ele>
      </trkpt>
      <trkpt lat="-21.136090973345816" lon="55.53318072106687">
        <ele>1917</ele>
      </trkpt>
      <trkpt lat="-21.13587731314215" lon="55.533091787853735">
        <ele>1913</ele>
      </trkpt>
      <trkpt lat="-21.135797714164006" lon="55.532844751150606">
        <ele>1907</ele>
      </trkpt>
      <trkpt lat="-21.135699681679533" lon="55.53254291721514">
        <ele>1920</ele>
      </trkpt>
      <trkpt lat="-21.135638516079435" lon="55.5322060489836">
        <ele>1912</ele>
      </trkpt>
      <trkpt lat="-21.13550529228778" lon="55.531970690379154">
        <ele>1913</ele>
      </trkpt>
      <trkpt lat="-21.135589918735366" lon="55.53158351649169">
        <ele>1910</ele>
      </trkpt>
      <trkpt lat="-21.135551376002844" lon="55.53118915608198">
        <ele>1913</ele>
      </trkpt>
      <trkpt lat="-21.135479317823894" lon="55.53084689795872">
        <ele>1921</ele>
      </trkpt>
      <trkpt lat="-21.13540139440489" lon="55.53047858869223">
        <ele>1910</ele>
      </trkpt>
      <trkpt lat="-21.134890282791496" lon="55.53019292443187">
        <ele>1903</ele>
      </trkpt>
      <trkpt lat="-21.13471851537819" lon="55.53035462118303">
        <ele>1890</ele>
      </trkpt>
      <trkpt lat="-21.134466310181363" lon="55.53026658628518">
        <ele>1878</ele>
      </trkpt>
      <trkpt lat="-21.13430208331086" lon="55.52997553213312">
        <ele>1882</ele>
      </trkpt>
      <trkpt lat="-21.134134504684" lon="55.529679986404645">
        <ele>1882</ele>
      </trkpt>
      <trkpt lat="-21.13413115310953" lon="55.52927394789623">
        <ele>1888</ele>
      </trkpt>
      <trkpt lat="-21.13385548584994" lon="55.528928994827126">
        <ele>1893</ele>
      </trkpt>
      <trkpt lat="-21.133868892172288" lon="55.52872597557292">
        <ele>1894</ele>
      </trkpt>
      <trkpt lat="-21.133739856269273" lon="55.52828759771427">
        <ele>1903</ele>
      </trkpt>
      <trkpt lat="-21.133749073123212" lon="55.5278950339351">
        <ele>1907</ele>
      </trkpt>
      <trkpt lat="-21.13376080366376" lon="55.52734706161179">
        <ele>1921</ele>
      </trkpt>
      <trkpt lat="-21.133810239503028" lon="55.52701019338024">
        <ele>1926</ele>
      </trkpt>
      <trkpt lat="-21.133859675325805" lon="55.52666524031114">
        <ele>1925</ele>
      </trkpt>
      <trkpt lat="-21.13394597850231" lon="55.526213387723224">
        <ele>1937</ele>
      </trkpt>
      <trkpt lat="-21.134031443734393" lon="55.5257624334506">
        <ele>1949</ele>
      </trkpt>
      <trkpt lat="-21.1341303152159" lon="55.52523961395526">
        <ele>1944</ele>
      </trkpt>
      <trkpt lat="-21.13407417633195" lon="55.52472308266689">
        <ele>1955</ele>
      </trkpt>
      <trkpt lat="-21.13416969621135" lon="55.524188585072835">
        <ele>1966</ele>
      </trkpt>
      <trkpt lat="-21.134135342577594" lon="55.52382925895918">
        <ele>1970</ele>
      </trkpt>
      <trkpt lat="-21.134449552345753" lon="55.52360198519229">
        <ele>1976</ele>
      </trkpt>
      <trkpt lat="-21.13437414206215" lon="55.52333159229178">
        <ele>1982</ele>
      </trkpt>
      <trkpt lat="-21.134558478243243" lon="55.523133962929265">
        <ele>1992</ele>
      </trkpt>
      <trkpt lat="-21.13475705832728" lon="55.52269468675534">
        <ele>2003</ele>
      </trkpt>
      <trkpt lat="-21.134588642323788" lon="55.522414412386695">
        <ele>2004</ele>
      </trkpt>
      <trkpt lat="-21.134722704829663" lon="55.522100900352534">
        <ele>2011</ele>
      </trkpt>
      <trkpt lat="-21.134681648200118" lon="55.52152238530956">
        <ele>2013</ele>
      </trkpt>
      <trkpt lat="-21.134354032646712" lon="55.52123672104921">
        <ele>2023</ele>
      </trkpt>
      <trkpt lat="-21.13440849564055" lon="55.52087110672857">
        <ele>2030</ele>
      </trkpt>
      <trkpt lat="-21.13420404983713" lon="55.52092949722204">
        <ele>2024</ele>
      </trkpt>
      <trkpt lat="-21.134121936279342" lon="55.52054861154158">
        <ele>2020</ele>
      </trkpt>
      <trkpt lat="-21.13418980565181" lon="55.52015155618599">
        <ele>2025</ele>
      </trkpt>
      <trkpt lat="-21.134290352813128" lon="55.519558668098476">
        <ele>2033</ele>
      </trkpt>
      <trkpt lat="-21.134117746810883" lon="55.51921640997523">
        <ele>2037</ele>
      </trkpt>
      <trkpt lat="-21.13420991508952" lon="55.51903584860311">
        <ele>2038</ele>
      </trkpt>
      <trkpt lat="-21.13400965848383" lon="55.51899452610005">
        <ele>2044</ele>
      </trkpt>
      <trkpt lat="-21.134101826829685" lon="55.518506740900776">
        <ele>2057</ele>
      </trkpt>
      <trkpt lat="-21.133925031133987" lon="55.51844924872258">
        <ele>2065</ele>
      </trkpt>
      <trkpt lat="-21.133969439551326" lon="55.518071057987974">
        <ele>2076</ele>
      </trkpt>
      <trkpt lat="-21.13405574266392" lon="55.51732545630216">
        <ele>2089</ele>
      </trkpt>
      <trkpt lat="-21.134386710445423" lon="55.51682958626532">
        <ele>2097</ele>
      </trkpt>
      <trkpt lat="-21.13427946020729" lon="55.51649900624077">
        <ele>2102</ele>
      </trkpt>
      <trkpt lat="-21.134163830957373" lon="55.51614417170353">
        <ele>2114</ele>
      </trkpt>
      <trkpt lat="-21.13413366679038" lon="55.51580281189557">
        <ele>2117</ele>
      </trkpt>
      <trkpt lat="-21.134101826829685" lon="55.51544977398891">
        <ele>2128</ele>
      </trkpt>
      <trkpt lat="-21.13421745612797" lon="55.5150033112927">
        <ele>2134</ele>
      </trkpt>
      <trkpt lat="-21.13389905639316" lon="55.51473740996861">
        <ele>2128</ele>
      </trkpt>
      <trkpt lat="-21.13332425935058" lon="55.514259506237444">
        <ele>2139</ele>
      </trkpt>
      <trkpt lat="-21.133008371397057" lon="55.513904671700224">
        <ele>2140</ele>
      </trkpt>
      <trkpt lat="-21.132692482770366" lon="55.513549837163">
        <ele>2145</ele>
      </trkpt>
      <trkpt lat="-21.132161252103057" lon="55.51295425412963">
        <ele>2154</ele>
      </trkpt>
      <trkpt lat="-21.13202970099703" lon="55.5124916217583">
        <ele>2156</ele>
      </trkpt>
      <trkpt lat="-21.131514388215354" lon="55.51215295689619">
        <ele>2161</ele>
      </trkpt>
      <trkpt lat="-21.131499305863045" lon="55.51196431068653">
        <ele>2163</ele>
      </trkpt>
      <trkpt lat="-21.131269718755245" lon="55.51166337506634">
        <ele>2164</ele>
      </trkpt>
      <trkpt lat="-21.131040131291897" lon="55.51136333776145">
        <ele>2166</ele>
      </trkpt>
      <trkpt lat="-21.130803840173648" lon="55.511055215619">
        <ele>2168</ele>
      </trkpt>
      <trkpt lat="-21.130656367511815" lon="55.51074260190013">
        <ele>2166</ele>
      </trkpt>
      <trkpt lat="-21.130496325991217" lon="55.510404835353306">
        <ele>2165</ele>
      </trkpt>
      <trkpt lat="-21.13026841316105" lon="55.51005269576192">
        <ele>2161</ele>
      </trkpt>
      <trkpt lat="-21.130046365397643" lon="55.50997723727806">
        <ele>2162</ele>
      </trkpt>
      <trkpt lat="-21.129872916536" lon="55.50971313258453">
        <ele>2165</ele>
      </trkpt>
      <trkpt lat="-21.129826831055553" lon="55.50956670719321">
        <ele>2167</ele>
      </trkpt>
      <trkpt lat="-21.12956707626145" lon="55.50927116146474">
        <ele>2172</ele>
      </trkpt>
      <trkpt lat="-21.129306483091344" lon="55.50897561573626">
        <ele>2175</ele>
      </trkpt>
      <trkpt lat="-21.129019075944925" lon="55.508651323918684">
        <ele>2172</ele>
      </trkpt>
      <trkpt lat="-21.12876267143153" lon="55.50826953992294">
        <ele>2175</ele>
      </trkpt>
      <trkpt lat="-21.128505428549285" lon="55.50788865424248">
        <ele>2175</ele>
      </trkpt>
      <trkpt lat="-21.128166906291227" lon="55.50738829262923">
        <ele>2180</ele>
      </trkpt>
      <trkpt lat="-21.128166068363896" lon="55.50720952788768">
        <ele>2177</ele>
      </trkpt>
      <trkpt lat="-21.127959938094314" lon="55.50694901645529">
        <ele>2181</ele>
      </trkpt>
      <trkpt lat="-21.12763565940727" lon="55.506542977946864">
        <ele>2184</ele>
      </trkpt>
      <trkpt lat="-21.12745215254922" lon="55.506247432218395">
        <ele>2187</ele>
      </trkpt>
      <trkpt lat="-21.12724685921968" lon="55.50591954713969">
        <ele>2203</ele>
      </trkpt>
      <trkpt lat="-21.12694436526514" lon="55.50576773185667">
        <ele>2206</ele>
      </trkpt>
      <trkpt lat="-21.1266075153153" lon="55.50565634076145">
        <ele>2212</ele>
      </trkpt>
      <trkpt lat="-21.12623630913606" lon="55.50544613498496">
        <ele>2216</ele>
      </trkpt>
      <trkpt lat="-21.12603939351701" lon="55.50544074509325">
        <ele>2218</ele>
      </trkpt>
      <trkpt lat="-21.125963978955365" lon="55.50511645327568">
        <ele>2218</ele>
      </trkpt>
      <trkpt lat="-21.12569081033321" lon="55.504877501410114">
        <ele>2216</ele>
      </trkpt>
      <trkpt lat="-21.125453672747042" lon="55.504791263142835">
        <ele>2220</ele>
      </trkpt>
      <trkpt lat="-21.125312060368096" lon="55.50475263558562">
        <ele>2222</ele>
      </trkpt>
      <trkpt lat="-21.125181341129032" lon="55.50453973486328">
        <ele>2223</ele>
      </trkpt>
      <trkpt lat="-21.124903143390547" lon="55.504428343768055">
        <ele>2222</ele>
      </trkpt>
      <trkpt lat="-21.124831917982014" lon="55.504617888293">
        <ele>2216</ele>
      </trkpt>
      <trkpt lat="-21.12462997281419" lon="55.504796653034546">
        <ele>2220</ele>
      </trkpt>
      <trkpt lat="-21.124614889761567" lon="55.50509399539358">
        <ele>2219</ele>
      </trkpt>
      <trkpt lat="-21.12426797912797" lon="55.505032011638974">
        <ele>2224</ele>
      </trkpt>
      <trkpt lat="-21.124065195241684" lon="55.50523323426262">
        <ele>2229</ele>
      </trkpt>
      <trkpt lat="-21.123823027344756" lon="55.50505357120579">
        <ele>2233</ele>
      </trkpt>
      <trkpt lat="-21.123373884454498" lon="55.505010452072156">
        <ele>2242</ele>
      </trkpt>
      <trkpt lat="-21.123085627853065" lon="55.50502123185557">
        <ele>2251</ele>
      </trkpt>
      <trkpt lat="-21.122893735793234" lon="55.50496733293852">
        <ele>2254</ele>
      </trkpt>
      <trkpt lat="-21.122603802341033" lon="55.50465382090436">
        <ele>2260</ele>
      </trkpt>
      <trkpt lat="-21.12240101617923" lon="55.50448583594623">
        <ele>2261</ele>
      </trkpt>
      <trkpt lat="-21.122224206530895" lon="55.50434480044663">
        <ele>2264</ele>
      </trkpt>
      <trkpt lat="-21.122068345718233" lon="55.504410377462364">
        <ele>2261</ele>
      </trkpt>
      <trkpt lat="-21.121805225480053" lon="55.50426934196276">
        <ele>2267</ele>
      </trkpt>
      <trkpt lat="-21.12142143779885" lon="55.50415525592168">
        <ele>2271</ele>
      </trkpt>
      <trkpt lat="-21.121103848551932" lon="55.50397559286485">
        <ele>2265</ele>
      </trkpt>
      <trkpt lat="-21.12067983651846" lon="55.50373664099928">
        <ele>2279</ele>
      </trkpt>
      <trkpt lat="-21.120240739775408" lon="55.50355248636603">
        <ele>2273</ele>
      </trkpt>
      <trkpt lat="-21.120213086692747" lon="55.50335845026466">
        <ele>2277</ele>
      </trkpt>
      <trkpt lat="-21.12004549214202" lon="55.50319495688296">
        <ele>2281</ele>
      </trkpt>
      <trkpt lat="-21.119590471981837" lon="55.50314105796591">
        <ele>2284</ele>
      </trkpt>
      <trkpt lat="-21.119100255330235" lon="55.50295690333267">
        <ele>2292</ele>
      </trkpt>
      <trkpt lat="-21.118797744759142" lon="55.5024906777002">
        <ele>2293</ele>
      </trkpt>
      <trkpt lat="-21.118656126024938" lon="55.50250684737532">
        <ele>2295</ele>
      </trkpt>
      <trkpt lat="-21.118252218596513" lon="55.502258014041615">
        <ele>2306</ele>
      </trkpt>
      <trkpt lat="-21.117989091588928" lon="55.5022139965927">
        <ele>2311</ele>
      </trkpt>
      <trkpt lat="-21.117751103702393" lon="55.5021124869656">
        <ele>2310</ele>
      </trkpt>
      <trkpt lat="-21.1176262437078" lon="55.50188521319871">
        <ele>2314</ele>
      </trkpt>
      <trkpt lat="-21.117456132270895" lon="55.501741482753246">
        <ele>2319</ele>
      </trkpt>
      <trkpt lat="-21.11729775248188" lon="55.50150253088767">
        <ele>2319</ele>
      </trkpt>
      <trkpt lat="-21.11690892519281" lon="55.5012860369042">
        <ele>2321</ele>
      </trkpt>
      <trkpt lat="-21.11658797431358" lon="55.50104528840806">
        <ele>2319</ele>
      </trkpt>
      <trkpt lat="-21.116055009962043" lon="55.500649131367766">
        <ele>2344</ele>
      </trkpt>
      <trkpt lat="-21.115788527068286" lon="55.50044701042883">
        <ele>2353</ele>
      </trkpt>
      <trkpt lat="-21.115501093724962" lon="55.50023051644536">
        <ele>2360</ele>
      </trkpt>
      <trkpt lat="-21.115256397845158" lon="55.49996371680598">
        <ele>2367</ele>
      </trkpt>
      <trkpt lat="-21.11495136542991" lon="55.49963313678142">
        <ele>2372</ele>
      </trkpt>
      <trkpt lat="-21.114735998759045" lon="55.49937082871846">
        <ele>2366</ele>
      </trkpt>
      <trkpt lat="-21.11450219567685" lon="55.49908785940397">
        <ele>2381</ele>
      </trkpt>
      <trkpt lat="-21.11424157603629" lon="55.498845314277254">
        <ele>2387</ele>
      </trkpt>
      <trkpt lat="-21.11392229540256" lon="55.49854976854877">
        <ele>2397</ele>
      </trkpt>
      <trkpt lat="-21.113638210481547" lon="55.498493174685876">
        <ele>2405</ele>
      </trkpt>
      <trkpt lat="-21.113433736042484" lon="55.498128458680526">
        <ele>2413</ele>
      </trkpt>
      <trkpt lat="-21.113240993485388" lon="55.49813205194165">
        <ele>2423</ele>
      </trkpt>
      <trkpt lat="-21.113132889941607" lon="55.49835124087098">
        <ele>2428</ele>
      </trkpt>
      <trkpt lat="-21.113024786319052" lon="55.49836920717666">
        <ele>2432</ele>
      </trkpt>
      <trkpt lat="-21.112856345633936" lon="55.498295545323366">
        <ele>2441</ele>
      </trkpt>
      <trkpt lat="-21.112784276426677" lon="55.49841591957144">
        <ele>2447</ele>
      </trkpt>
      <trkpt lat="-21.112603265240118" lon="55.498338664457">
        <ele>2453</ele>
      </trkpt>
      <trkpt lat="-21.112468344721325" lon="55.49792813437216">
        <ele>2477</ele>
      </trkpt>
      <trkpt lat="-21.112365268714377" lon="55.4978068618088">
        <ele>2468</ele>
      </trkpt>
      <trkpt lat="-21.112345156314436" lon="55.49749784135108">
        <ele>2479</ele>
      </trkpt>
      <trkpt lat="-21.112259678584227" lon="55.497404416561515">
        <ele>2478</ele>
      </trkpt>
      <trkpt lat="-21.11212475775304" lon="55.497402619930945">
        <ele>2482</ele>
      </trkpt>
      <trkpt lat="-21.111904358864304" lon="55.497243618125665">
        <ele>2488</ele>
      </trkpt>
      <trkpt lat="-21.111904358864304" lon="55.49709359947321">
        <ele>2492</ele>
      </trkpt>
      <trkpt lat="-21.111728374725725" lon="55.49678368070019">
        <ele>2482</ele>
      </trkpt>
      <trkpt lat="-21.111326124482392" lon="55.49639650681273">
        <ele>2481</ele>
      </trkpt>
      <trkpt lat="-21.11130098380598" lon="55.49604346890607">
        <ele>2477</ele>
      </trkpt>
      <trkpt lat="-21.111271653011435" lon="55.495655396703334">
        <ele>2479</ele>
      </trkpt>
      <trkpt lat="-21.111107400454948" lon="55.49534368129975">
        <ele>2478</ele>
      </trkpt>
      <trkpt lat="-21.110969126478164" lon="55.4954092583155">
        <ele>2472</ele>
      </trkpt>
      <trkpt lat="-21.11087694375542" lon="55.4953068503731">
        <ele>2468</ele>
      </trkpt>
      <trkpt lat="-21.110626374065106" lon="55.4955044797356">
        <ele>2474</ele>
      </trkpt>
      <trkpt lat="-21.110419381393136" lon="55.49557185338191">
        <ele>2475</ele>
      </trkpt>
      <trkpt lat="-21.110209874346143" lon="55.495716482142655">
        <ele>2471</ele>
      </trkpt>
      <trkpt lat="-21.10995092322736" lon="55.49589614519949">
        <ele>2478</ele>
      </trkpt>
      <trkpt lat="-21.109852873656678" lon="55.49600124808773">
        <ele>2478</ele>
      </trkpt>
      <trkpt lat="-21.109642527777968" lon="55.49601741776284">
        <ele>2482</ele>
      </trkpt>
      <trkpt lat="-21.109483301615754" lon="55.49605694363534">
        <ele>2482</ele>
      </trkpt>
      <trkpt lat="-21.109225187263554" lon="55.49625457299784">
        <ele>2474</ele>
      </trkpt>
      <trkpt lat="-21.108819578088863" lon="55.4965007113857">
        <ele>2469</ele>
      </trkpt>
      <trkpt lat="-21.108660351043753" lon="55.4966309671019">
        <ele>2468</ele>
      </trkpt>
      <trkpt lat="-21.108259768564256" lon="55.496792663853036">
        <ele>2468</ele>
      </trkpt>
      <trkpt lat="-21.107875945843713" lon="55.49713761692214">
        <ele>2467</ele>
      </trkpt>
      <trkpt lat="-21.107776218817197" lon="55.4971852276322">
        <ele>2470</ele>
      </trkpt>
      <trkpt lat="-21.107621180869792" lon="55.49733973786106">
        <ele>2464</ele>
      </trkpt>
      <trkpt lat="-21.107311104489174" lon="55.49760294423932">
        <ele>2459</ele>
      </trkpt>
      <trkpt lat="-21.106783135107353" lon="55.49805210188138">
        <ele>2462</ele>
      </trkpt>
      <trkpt lat="-21.106324722073353" lon="55.498426699354845">
        <ele>2461</ele>
      </trkpt>
      <trkpt lat="-21.10585625098364" lon="55.498538090450076">
        <ele>2460</ele>
      </trkpt>
      <trkpt lat="-21.10573808541265" lon="55.49865307480644">
        <ele>2459</ele>
      </trkpt>
      <trkpt lat="-21.105549523136492" lon="55.49875638106412">
        <ele>2459</ele>
      </trkpt>
      <trkpt lat="-21.105360960620814" lon="55.499068994782995">
        <ele>2458</ele>
      </trkpt>
      <trkpt lat="-21.105202567922536" lon="55.49932231969312">
        <ele>2455</ele>
      </trkpt>
      <trkpt lat="-21.10525452745064" lon="55.49942921921193">
        <ele>2448</ele>
      </trkpt>
      <trkpt lat="-21.105231899916454" lon="55.49955588166698">
        <ele>2443</ele>
      </trkpt>
      <trkpt lat="-21.105113733848476" lon="55.49953611873073">
        <ele>2443</ele>
      </trkpt>
      <trkpt lat="-21.105150608376224" lon="55.4996511030871">
        <ele>2436</ele>
      </trkpt>
      <trkpt lat="-21.104978806521075" lon="55.49956576313512">
        <ele>2435</ele>
      </trkpt>
      <trkpt lat="-21.104829632066053" lon="55.49979303690199">
        <ele>2441</ele>
      </trkpt>
      <trkpt lat="-21.104648611177723" lon="55.499884665060975">
        <ele>2437</ele>
      </trkpt>
      <trkpt lat="-21.104466752007472" lon="55.50004366686626">
        <ele>2435</ele>
      </trkpt>
      <trkpt lat="-21.10432092928604" lon="55.5001721259519">
        <ele>2428</ele>
      </trkpt>
      <trkpt lat="-21.10411392782056" lon="55.500517079020995">
        <ele>2434</ele>
      </trkpt>
      <trkpt lat="-21.10379294926888" lon="55.50090425290845">
        <ele>2433</ele>
      </trkpt>
      <trkpt lat="-21.10333536506845" lon="55.50123752787886">
        <ele>2430</ele>
      </trkpt>
      <trkpt lat="-21.103073049680184" lon="55.501336342560116">
        <ele>2428</ele>
      </trkpt>
      <trkpt lat="-21.102829171379483" lon="55.501328257722555">
        <ele>2423</ele>
      </trkpt>
      <trkpt lat="-21.102718546038844" lon="55.50115757781857">
        <ele>2428</ele>
      </trkpt>
      <trkpt lat="-21.102696756189303" lon="55.501244714401125">
        <ele>2422</ele>
      </trkpt>
      <trkpt lat="-21.102581940390838" lon="55.5011503912963">
        <ele>2424</ele>
      </trkpt>
      <trkpt lat="-21.102612110974217" lon="55.501336342560116">
        <ele>2412</ele>
      </trkpt>
      <trkpt lat="-21.102526627638714" lon="55.50147108985273">
        <ele>2412</ele>
      </trkpt>
      <trkpt lat="-21.102615463260886" lon="55.50163278660387">
        <ele>2409</ele>
      </trkpt>
      <trkpt lat="-21.10247550522826" lon="55.50186634857774">
        <ele>2420</ele>
      </trkpt>
      <trkpt lat="-21.102338899356624" lon="55.50252032210458">
        <ele>2423</ele>
      </trkpt>
      <trkpt lat="-21.10209166755154" lon="55.50299103931346">
        <ele>2425</ele>
      </trkpt>
      <trkpt lat="-21.101825997661443" lon="55.503089853994716">
        <ele>2423</ele>
      </trkpt>
      <trkpt lat="-21.101463948339244" lon="55.503477926197455">
        <ele>2416</ele>
      </trkpt>
      <trkpt lat="-21.101178163412804" lon="55.50365130104729">
        <ele>2413</ele>
      </trkpt>
      <trkpt lat="-21.100862207003445" lon="55.5038426422028">
        <ele>2407</ele>
      </trkpt>
      <trkpt lat="-21.10069123826817" lon="55.50381838769013">
        <ele>2406</ele>
      </trkpt>
      <trkpt lat="-21.100519431252568" lon="55.50397020297316">
        <ele>2399</ele>
      </trkpt>
      <trkpt lat="-21.100401261433753" lon="55.504144476138265">
        <ele>2395</ele>
      </trkpt>
      <trkpt lat="-21.10030488172467" lon="55.50439869936368">
        <ele>2399</ele>
      </trkpt>
      <trkpt lat="-21.100185035564355" lon="55.504713109713116">
        <ele>2389</ele>
      </trkpt>
      <trkpt lat="-21.099865724693025" lon="55.50507423245733">
        <ele>2376</ele>
      </trkpt>
      <trkpt lat="-21.099545575046047" lon="55.50543535520154">
        <ele>2359</ele>
      </trkpt>
      <trkpt lat="-21.098955559228738" lon="55.50610100682708">
        <ele>2329</ele>
      </trkpt>
      <trkpt lat="-21.098708321790095" lon="55.506491773975675">
        <ele>2315</ele>
      </trkpt>
      <trkpt lat="-21.09846024584472" lon="55.50688254112427">
        <ele>2304</ele>
      </trkpt>
      <trkpt lat="-21.098126683616243" lon="55.507408953880756">
        <ele>2290</ele>
      </trkpt>
      <trkpt lat="-21.09784173036535" lon="55.50775570358042">
        <ele>2264</ele>
      </trkpt>
      <trkpt lat="-21.097556776567657" lon="55.5081024532801">
        <ele>2251</ele>
      </trkpt>
      <trkpt lat="-21.09721902179931" lon="55.50851388168022">
        <ele>2255</ele>
      </trkpt>
      <trkpt lat="-21.096964238537726" lon="55.50880044425586">
        <ele>2241</ele>
      </trkpt>
      <trkpt lat="-21.09660050115026" lon="55.50920917771014">
        <ele>2244</ele>
      </trkpt>
      <trkpt lat="-21.09658038661436" lon="55.5092397204298">
        <ele>2244</ele>
      </trkpt>
      <trkpt lat="-21.096550214805397" lon="55.50932955195821">
        <ele>2242</ele>
      </trkpt>
      <trkpt lat="-21.096400193775395" lon="55.5092792463023">
        <ele>2242</ele>
      </trkpt>
      <trkpt lat="-21.09635074546972" lon="55.50933943342634">
        <ele>2240</ele>
      </trkpt>
      <trkpt lat="-21.096320573614108" lon="55.50951999479843">
        <ele>2236</ele>
      </trkpt>
      <trkpt lat="-21.096130323161148" lon="55.5096691151356">
        <ele>2229</ele>
      </trkpt>
      <trkpt lat="-21.095820222781516" lon="55.50971942079152">
        <ele>2227</ele>
      </trkpt>
      <trkpt lat="-21.095780831605857" lon="55.509779607915554">
        <ele>2227</ele>
      </trkpt>
      <trkpt lat="-21.095850394738783" lon="55.510089526688574">
        <ele>2227</ele>
      </trkpt>
      <trkpt lat="-21.09572048765695" lon="55.510359919589085">
        <ele>2224</ele>
      </trkpt>
      <trkpt lat="-21.095690315673288" lon="55.51051981970966">
        <ele>2220</ele>
      </trkpt>
      <trkpt lat="-21.095670201014123" lon="55.51072912717086">
        <ele>2216</ele>
      </trkpt>
      <trkpt lat="-21.095610695131427" lon="55.51069948276649">
        <ele>2215</ele>
      </trkpt>
      <trkpt lat="-21.095630809798667" lon="55.51076955135864">
        <ele>2214</ele>
      </trkpt>
      <trkpt lat="-21.095610695131427" lon="55.51077943282678">
        <ele>2213</ele>
      </trkpt>
      <trkpt lat="-21.095520179095168" lon="55.51072912717086">
        <ele>2213</ele>
      </trkpt>
      <trkpt lat="-21.095520179095168" lon="55.51082973848268">
        <ele>2213</ele>
      </trkpt>
      <trkpt lat="-21.095320708376082" lon="55.510799195763035">
        <ele>2211</ele>
      </trkpt>
      <trkpt lat="-21.09526036424021" lon="55.510839619950815">
        <ele>2209</ele>
      </trkpt>
      <trkpt lat="-21.095250306881855" lon="55.51105970719543">
        <ele>2207</ele>
      </trkpt>
      <trkpt lat="-21.095200020079822" lon="55.51112977578759">
        <ele>2206</ele>
      </trkpt>
      <trkpt lat="-21.095200020079822" lon="55.51120972584786">
        <ele>2206</ele>
      </trkpt>
      <trkpt lat="-21.095150571374557" lon="55.51136962596845">
        <ele>2205</ele>
      </trkpt>
      <trkpt lat="-21.095060055057875" lon="55.51143969456061">
        <ele>2205</ele>
      </trkpt>
      <trkpt lat="-21.09503072105452" lon="55.511589713213056">
        <ele>2204</ele>
      </trkpt>
      <trkpt lat="-21.094980434178154" lon="55.51168942620959">
        <ele>2203</ele>
      </trkpt>
      <trkpt lat="-21.09491003252262" lon="55.51163912055368">
        <ele>2204</ele>
      </trkpt>
      <trkpt lat="-21.094850526335392" lon="55.51164990033708">
        <ele>2204</ele>
      </trkpt>
      <trkpt lat="-21.094810296786843" lon="55.51176937626988">
        <ele>2203</ele>
      </trkpt>
      <trkpt lat="-21.094790182008484" lon="55.51180980045767">
        <ele>2203</ele>
      </trkpt>
      <trkpt lat="-21.09470050358849" lon="55.5117397318655">
        <ele>2204</ele>
      </trkpt>
      <trkpt lat="-21.094600767712016" lon="55.51191939492232">
        <ele>2202</ele>
      </trkpt>
      <trkpt lat="-21.094520308468724" lon="55.51202988770227">
        <ele>2202</ele>
      </trkpt>
      <trkpt lat="-21.094390400223514" lon="55.51212960069881">
        <ele>2186</ele>
      </trkpt>
      <trkpt lat="-21.094450744712848" lon="55.512199669290965">
        <ele>2186</ele>
      </trkpt>
      <trkpt lat="-21.094460802125344" lon="55.51226973788312">
        <ele>2186</ele>
      </trkpt>
      <trkpt lat="-21.094470021419546" lon="55.51229938228751">
        <ele>2170</ele>
      </trkpt>
      <trkpt lat="-21.09444068729966" lon="55.5123793323478">
        <ele>2169</ele>
      </trkpt>
      <trkpt lat="-21.094400457640106" lon="55.51244940093996">
        <ele>2167</ele>
      </trkpt>
      <trkpt lat="-21.09438034280624" lon="55.51241975653557">
        <ele>2166</ele>
      </trkpt>
      <trkpt lat="-21.09434011313034" lon="55.51245928240809">
        <ele>2166</ele>
      </trkpt>
      <trkpt lat="-21.09432083640678" lon="55.51259941959239">
        <ele>2165</ele>
      </trkpt>
      <trkpt lat="-21.094280606714776" lon="55.51273955677673">
        <ele>2164</ele>
      </trkpt>
      <trkpt lat="-21.094230319584433" lon="55.51280962536888">
        <ele>2164</ele>
      </trkpt>
      <trkpt lat="-21.094210204727542" lon="55.512909338365425">
        <ele>2164</ele>
      </trkpt>
      <trkpt lat="-21.094190089867908" lon="55.513039594081626">
        <ele>2165</ele>
      </trkpt>
      <trkpt lat="-21.094240377011864" lon="55.51304947554976">
        <ele>2165</ele>
      </trkpt>
      <trkpt lat="-21.094370285388298" lon="55.51320937567032">
        <ele>2165</ele>
      </trkpt>
      <trkpt lat="-21.094330055709676" lon="55.51336927579089">
        <ele>2165</ele>
      </trkpt>
      <trkpt lat="-21.09434011313034" lon="55.513459107319306">
        <ele>2166</ele>
      </trkpt>
      <trkpt lat="-21.09432083640678" lon="55.513539955694874">
        <ele>2166</ele>
      </trkpt>
      <trkpt lat="-21.0942906641388" lon="55.513619905755164">
        <ele>2166</ele>
      </trkpt>
      <trkpt lat="-21.094200147298054" lon="55.51371961875169">
        <ele>2166</ele>
      </trkpt>
      <trkpt lat="-21.09416075569273" lon="55.51382921321636">
        <ele>2165</ele>
      </trkpt>
      <trkpt lat="-21.094170813124872" lon="55.51393970599631">
        <ele>2165</ele>
      </trkpt>
      <trkpt lat="-21.094270549290066" lon="55.51414991177279">
        <ele>2164</ele>
      </trkpt>
      <trkpt lat="-21.094280606714776" lon="55.51424962476933">
        <ele>2164</ele>
      </trkpt>
      <trkpt lat="-21.094280606714776" lon="55.51433945629773">
        <ele>2164</ele>
      </trkpt>
      <trkpt lat="-21.094370285388298" lon="55.51447959348206">
        <ele>2164</ele>
      </trkpt>
      <trkpt lat="-21.09451025106026" lon="55.51458918794672">
        <ele>2162</ele>
      </trkpt>
      <trkpt lat="-21.09459071030898" lon="55.51465925653889">
        <ele>2162</ele>
      </trkpt>
      <trkpt lat="-21.094680388795272" lon="55.514779630786954">
        <ele>2162</ele>
      </trkpt>
      <trkpt lat="-21.094720618378986" lon="55.51491976797128">
        <ele>2160</ele>
      </trkpt>
      <trkpt lat="-21.094750790559644" lon="55.514949412375664">
        <ele>2160</ele>
      </trkpt>
      <trkpt lat="-21.09483041156248" lon="55.514989836563444">
        <ele>2160</ele>
      </trkpt>
      <trkpt lat="-21.094850526335392" lon="55.51502936243594">
        <ele>2160</ele>
      </trkpt>
      <trkpt lat="-21.094740733166773" lon="55.5150994310281">
        <ele>2159</ele>
      </trkpt>
      <trkpt lat="-21.09464015920064" lon="55.515109312496236">
        <ele>2159</ele>
      </trkpt>
      <trkpt lat="-21.09463010180028" lon="55.51513985521589">
        <ele>2158</ele>
      </trkpt>
      <trkpt lat="-21.09473067577323" lon="55.51520992380805">
        <ele>2159</ele>
      </trkpt>
      <trkpt lat="-21.0947700672274" lon="55.5153491626771">
        <ele>2158</ele>
      </trkpt>
      <trkpt lat="-21.09466027399932" lon="55.515419231269256">
        <ele>2157</ele>
      </trkpt>
      <trkpt lat="-21.09453036587653" lon="55.51543989252079">
        <ele>2156</ele>
      </trkpt>
      <trkpt lat="-21.094500193651093" lon="55.51549918132953">
        <ele>2155</ele>
      </trkpt>
      <trkpt lat="-21.09438034280624" lon="55.51563931851387">
        <ele>2151</ele>
      </trkpt>
      <trkpt lat="-21.094187575510254" lon="55.51574711634796">
        <ele>2129</ele>
      </trkpt>
      <trkpt lat="-21.09397050247312" lon="55.51586928722659">
        <ele>2142</ele>
      </trkpt>
      <trkpt lat="-21.093680512515387" lon="55.51613968012712">
        <ele>2127</ele>
      </trkpt>
      <trkpt lat="-21.093610110243723" lon="55.51624927459177">
        <ele>2120</ele>
      </trkpt>
      <trkpt lat="-21.093520431111234" lon="55.516339106120185">
        <ele>2116</ele>
      </trkpt>
      <trkpt lat="-21.09344080940618" lon="55.516359767371725">
        <ele>2113</ele>
      </trkpt>
      <trkpt lat="-21.09335029204754" lon="55.51640917471236">
        <ele>2102</ele>
      </trkpt>
      <trkpt lat="-21.093370407020878" lon="55.516469361836386">
        <ele>2095</ele>
      </trkpt>
      <trkpt lat="-21.09344080940618" lon="55.51652954896042">
        <ele>2094</ele>
      </trkpt>
      <trkpt lat="-21.093560661009136" lon="55.516589736084455">
        <ele>2098</ele>
      </trkpt>
      <trkpt lat="-21.09344080940618" lon="55.516679567612876">
        <ele>2086</ele>
      </trkpt>
      <trkpt lat="-21.093470143723536" lon="55.51672987326878">
        <ele>2086</ele>
      </trkpt>
      <trkpt lat="-21.093570718481917" lon="55.516819704797186">
        <ele>2087</ele>
      </trkpt>
      <trkpt lat="-21.09346008624395" lon="55.517269760754544">
        <ele>2080</ele>
      </trkpt>
      <trkpt lat="-21.09345002876368" lon="55.51737935521921">
        <ele>2078</ele>
      </trkpt>
      <trkpt lat="-21.09338046450653" lon="55.517499729467275">
        <ele>2074</ele>
      </trkpt>
      <trkpt lat="-21.09341063695942" lon="55.51758956099568">
        <ele>2073</ele>
      </trkpt>
      <trkpt lat="-21.093400579475812" lon="55.517679392524094">
        <ele>2071</ele>
      </trkpt>
      <trkpt lat="-21.093340234559825" lon="55.517759342584384">
        <ele>2069</ele>
      </trkpt>
      <trkpt lat="-21.093340234559825" lon="55.517759342584384">
        <ele>2068</ele>
      </trkpt>
      <trkpt lat="-21.09332011958239" lon="55.51778988530404">
        <ele>2066</ele>
      </trkpt>
      <trkpt lat="-21.093280727743675" lon="55.51779976677217">
        <ele>2065</ele>
      </trkpt>
      <trkpt lat="-21.092710802099738" lon="55.51758956099568">
        <ele>2059</ele>
      </trkpt>
      <trkpt lat="-21.09257083473213" lon="55.51758956099568">
        <ele>2053</ele>
      </trkpt>
      <trkpt lat="-21.09248031684334" lon="55.517499729467275">
        <ele>2051</ele>
      </trkpt>
      <trkpt lat="-21.092420809682682" lon="55.51746918674761">
        <ele>2053</ele>
      </trkpt>
      <trkpt lat="-21.09222049667095" lon="55.51758956099568">
        <ele>2047</ele>
      </trkpt>
      <trkpt lat="-21.092180266410097" lon="55.51764974811972">
        <ele>2046</ele>
      </trkpt>
      <trkpt lat="-21.09214003613833" lon="55.51765962958784">
        <ele>2046</ele>
      </trkpt>
      <trkpt lat="-21.092120759129244" lon="55.517679392524094">
        <ele>2044</ele>
      </trkpt>
      <trkpt lat="-21.09207047126769" lon="55.517679392524094">
        <ele>2044</ele>
      </trkpt>
      <trkpt lat="-21.09205035611831" lon="55.51781952970842">
        <ele>2040</ele>
      </trkpt>
      <trkpt lat="-21.092000068232917" lon="55.517879716832454">
        <ele>2039</ele>
      </trkpt>
      <trkpt lat="-21.091990010653795" lon="55.51795966689274">
        <ele>2039</ele>
      </trkpt>
      <trkpt lat="-21.091809812245817" lon="55.51814022826485">
        <ele>2007</ele>
      </trkpt>
      <trkpt lat="-21.09162039414877" lon="55.5183297727898">
        <ele>2034</ele>
      </trkpt>
      <trkpt lat="-21.09122060383247" lon="55.51871964162311">
        <ele>2031</ele>
      </trkpt>
      <trkpt lat="-21.09098005861638" lon="55.51876994727902">
        <ele>2029</ele>
      </trkpt>
      <trkpt lat="-21.090930608506277" lon="55.518809473151514">
        <ele>2029</ele>
      </trkpt>
      <trkpt lat="-21.09091049320254" lon="55.51887954174368">
        <ele>2029</ele>
      </trkpt>
      <trkpt lat="-21.09090043554966" lon="55.51900979745988">
        <ele>2029</ele>
      </trkpt>
      <trkpt lat="-21.090860204931285" lon="55.519179579048576">
        <ele>2029</ele>
      </trkpt>
      <trkpt lat="-21.090760466476258" lon="55.519289173513236">
        <ele>2029</ele>
      </trkpt>
      <trkpt lat="-21.09059032425137" lon="55.51945985341722">
        <ele>2028</ele>
      </trkpt>
      <trkpt lat="-21.090460412569158" lon="55.519559566413754">
        <ele>2028</ele>
      </trkpt>
      <trkpt lat="-21.090180473461334" lon="55.5197095850662">
        <ele>2027</ele>
      </trkpt>
      <trkpt lat="-21.090030445997826" lon="55.51980929806275">
        <ele>2026</ele>
      </trkpt>
      <trkpt lat="-21.089840187488193" lon="55.519849722250534">
        <ele>2025</ele>
      </trkpt>
      <trkpt lat="-21.089760563810533" lon="55.51991979084269">
        <ele>2025</ele>
      </trkpt>
      <trkpt lat="-21.08967004420936" lon="55.520109335367636">
        <ele>2023</ele>
      </trkpt>
      <trkpt lat="-21.089620593663188" lon="55.520239591083836">
        <ele>2023</ele>
      </trkpt>
      <trkpt lat="-21.089570304955288" lon="55.520309659675995">
        <ele>2023</ele>
      </trkpt>
      <trkpt lat="-21.089290364170218" lon="55.5204794412647">
        <ele>2020</ele>
      </trkpt>
      <trkpt lat="-21.089010422857676" lon="55.52069952850931">
        <ele>2014</ele>
      </trkpt>
      <trkpt lat="-21.088830220835494" lon="55.520829784225505">
        <ele>2010</ele>
      </trkpt>
      <trkpt lat="-21.088671810505264" lon="55.52101214222817">
        <ele>1978</ele>
      </trkpt>
      <trkpt lat="-21.08849076992104" lon="55.521219653058814">
        <ele>1999</ele>
      </trkpt>
      <trkpt lat="-21.088250220284976" lon="55.521579877487746">
        <ele>1991</ele>
      </trkpt>
      <trkpt lat="-21.088150480077744" lon="55.52167959048428">
        <ele>1991</ele>
      </trkpt>
      <trkpt lat="-21.08793423637331" lon="55.52181703272276">
        <ele>1967</ele>
      </trkpt>
      <trkpt lat="-21.087710448952457" lon="55.521959864852924">
        <ele>1970</ele>
      </trkpt>
      <trkpt lat="-21.087500071706394" lon="55.522119764973496">
        <ele>1969</ele>
      </trkpt>
      <trkpt lat="-21.087280474422613" lon="55.5222895465622">
        <ele>1963</ele>
      </trkpt>
      <trkpt lat="-21.08695023972838" lon="55.52243956521465">
        <ele>1950</ele>
      </trkpt>
      <trkpt lat="-21.086810266933465" lon="55.52253927821118">
        <ele>1947</ele>
      </trkpt>
      <trkpt lat="-21.08666023606675" lon="55.52255993946272">
        <ele>1940</ele>
      </trkpt>
      <trkpt lat="-21.086110400981013" lon="55.52275936545579">
        <ele>1933</ele>
      </trkpt>
      <trkpt lat="-21.085980485381594" lon="55.522789908175454">
        <ele>1930</ele>
      </trkpt>
      <trkpt lat="-21.085860627663312" lon="55.52275936545579">
        <ele>1928</ele>
      </trkpt>
      <trkpt lat="-21.085610015758153" lon="55.52264977099113">
        <ele>1926</ele>
      </trkpt>
      <trkpt lat="-21.085340125541464" lon="55.522639889523006">
        <ele>1923</ele>
      </trkpt>
      <trkpt lat="-21.085210209268592" lon="55.52265965245926">
        <ele>1921</ele>
      </trkpt>
      <trkpt lat="-21.085120525065573" lon="55.522699178331756">
        <ele>1920</ele>
      </trkpt>
      <trkpt lat="-21.08490008609353" lon="55.52264977099113">
        <ele>1916</ele>
      </trkpt>
      <trkpt lat="-21.084680484967357" lon="55.52268929686363">
        <ele>1914</ele>
      </trkpt>
      <trkpt lat="-21.084412269411178" lon="55.52276295871693">
        <ele>1902</ele>
      </trkpt>
      <trkpt lat="-21.0840300614072" lon="55.522869858235744">
        <ele>1900</ele>
      </trkpt>
      <trkpt lat="-21.08384063339178" lon="55.522849196984204">
        <ele>1895</ele>
      </trkpt>
      <trkpt lat="-21.083610134374794" lon="55.523029758356316">
        <ele>1888</ele>
      </trkpt>
      <trkpt lat="-21.08349027474467" lon="55.52303963982444">
        <ele>1886</ele>
      </trkpt>
      <trkpt lat="-21.08343076398332" lon="55.52311958988473">
        <ele>1885</ele>
      </trkpt>
      <trkpt lat="-21.083170089804156" lon="55.52331991419309">
        <ele>1865</ele>
      </trkpt>
      <trkpt lat="-21.083160031627322" lon="55.523369321533714">
        <ele>1864</ele>
      </trkpt>
      <trkpt lat="-21.083070346187018" lon="55.52338998278525">
        <ele>1862</ele>
      </trkpt>
      <trkpt lat="-21.082950486121547" lon="55.52337920300183">
        <ele>1862</ele>
      </trkpt>
      <trkpt lat="-21.082910253350626" lon="55.523409745721494">
        <ele>1861</ele>
      </trkpt>
      <trkpt lat="-21.082860800554784" lon="55.523449271594">
        <ele>1860</ele>
      </trkpt>
      <trkpt lat="-21.082670532864782" lon="55.52342950865775">
        <ele>1858</ele>
      </trkpt>
      <trkpt lat="-21.082610183590653" lon="55.52345915306212">
        <ele>1857</ele>
      </trkpt>
      <trkpt lat="-21.082610183590653" lon="55.523529221654286">
        <ele>1856</ele>
      </trkpt>
      <trkpt lat="-21.082640358230776" lon="55.52368912177485">
        <ele>1854</ele>
      </trkpt>
      <trkpt lat="-21.082680591074766" lon="55.52373942743077">
        <ele>1853</ele>
      </trkpt>
      <trkpt lat="-21.082690649284054" lon="55.52385980167884">
        <ele>1851</ele>
      </trkpt>
      <trkpt lat="-21.082610183590653" lon="55.52404934620379">
        <ele>1847</ele>
      </trkpt>
      <trkpt lat="-21.082520497818535" lon="55.5241391777322">
        <ele>1845</ele>
      </trkpt>
      <trkpt lat="-21.082460148483477" lon="55.5241391777322">
        <ele>1843</ele>
      </trkpt>
      <trkpt lat="-21.082350346158204" lon="55.52436914644494">
        <ele>1843</ele>
      </trkpt>
      <trkpt lat="-21.08237046262081" lon="55.52440957063272">
        <ele>1844</ele>
      </trkpt>
      <trkpt lat="-21.082430811992282" lon="55.52447963922488">
        <ele>1845</ele>
      </trkpt>
      <trkpt lat="-21.082460148483477" lon="55.52449940216113">
        <ele>1846</ele>
      </trkpt>
      <trkpt lat="-21.08249032315406" lon="55.52449940216113">
        <ele>1846</ele>
      </trkpt>
      <trkpt lat="-21.08247020670768" lon="55.52463953934546">
        <ele>1847</ele>
      </trkpt>
      <trkpt lat="-21.082560730694965" lon="55.52494945811848">
        <ele>1844</ele>
      </trkpt>
      <trkpt lat="-21.08255067247687" lon="55.52506983236654">
        <ele>1843</ele>
      </trkpt>
      <trkpt lat="-21.082520497818535" lon="55.52518930829934">
        <ele>1842</ele>
      </trkpt>
      <trkpt lat="-21.082304245921136" lon="55.52536447977974">
        <ele>1816</ele>
      </trkpt>
      <trkpt lat="-21.082000822185755" lon="55.525609719852305">
        <ele>1840</ele>
      </trkpt>
      <trkpt lat="-21.081730087224912" lon="55.525799264377255">
        <ele>1834</ele>
      </trkpt>
      <trkpt lat="-21.081390620091067" lon="55.52596994428124">
        <ele>1824</ele>
      </trkpt>
      <trkpt lat="-21.081070430627122" lon="55.52614960733806">
        <ele>1818</ele>
      </trkpt>
      <trkpt lat="-21.080580086786437" lon="55.526389457518924">
        <ele>1812</ele>
      </trkpt>
      <trkpt lat="-21.080410771101636" lon="55.526419101923295">
        <ele>1809</ele>
      </trkpt>
      <trkpt lat="-21.080260733774214" lon="55.52650983176699">
        <ele>1808</ele>
      </trkpt>
      <trkpt lat="-21.080010112425814" lon="55.52680986907188">
        <ele>1802</ele>
      </trkpt>
      <trkpt lat="-21.079800562479047" lon="55.52701917653309">
        <ele>1797</ele>
      </trkpt>
      <trkpt lat="-21.079430077450294" lon="55.52720961937333">
        <ele>1793</ele>
      </trkpt>
      <trkpt lat="-21.079360506629232" lon="55.52737940096202">
        <ele>1783</ele>
      </trkpt>
      <trkpt lat="-21.079170234458378" lon="55.52769920120317">
        <ele>1780</ele>
      </trkpt>
      <trkpt lat="-21.079010137421097" lon="55.52789952551153">
        <ele>1777</ele>
      </trkpt>
      <trkpt lat="-21.07894056640349" lon="55.52804954416398">
        <ele>1777</ele>
      </trkpt>
      <trkpt lat="-21.078560020743147" lon="55.52821932575267">
        <ele>1774</ele>
      </trkpt>
      <trkpt lat="-21.078360527254457" lon="55.52821932575267">
        <ele>1771</ele>
      </trkpt>
      <trkpt lat="-21.078350468752145" lon="55.52816991841204">
        <ele>1771</ele>
      </trkpt>
      <trkpt lat="-21.07829011772395" lon="55.52808996835176">
        <ele>1770</ele>
      </trkpt>
      <trkpt lat="-21.078270000709104" lon="55.52807918856835">
        <ele>1734</ele>
      </trkpt>
      <trkpt lat="-21.078240663390908" lon="55.5280594256321">
        <ele>1734</ele>
      </trkpt>
      <trkpt lat="-21.07813001973876" lon="55.52807918856835">
        <ele>1727</ele>
      </trkpt>
      <trkpt lat="-21.078050389786647" lon="55.52804954416398">
        <ele>1727</ele>
      </trkpt>
      <trkpt lat="-21.07800009716332" lon="55.52806930710023">
        <ele>1726</ele>
      </trkpt>
      <trkpt lat="-21.077960701263162" lon="55.52806930710023">
        <ele>1726</ele>
      </trkpt>
      <trkpt lat="-21.07794058420373" lon="55.52808996835176">
        <ele>1725</ele>
      </trkpt>
      <trkpt lat="-21.077900350076725" lon="55.52806930710023">
        <ele>1725</ele>
      </trkpt>
      <trkpt lat="-21.077660621510866" lon="55.528199562816425">
        <ele>1723</ele>
      </trkpt>
      <trkpt lat="-21.077530698525162" lon="55.52834958146886">
        <ele>1721</ele>
      </trkpt>
      <trkpt lat="-21.077520639966714" lon="55.52838910734137">
        <ele>1720</ele>
      </trkpt>
      <trkpt lat="-21.07747034716415" lon="55.52843941299728">
        <ele>1717</ele>
      </trkpt>
      <trkpt lat="-21.07747034716415" lon="55.52852924452569">
        <ele>1718</ele>
      </trkpt>
      <trkpt lat="-21.077400775425932" lon="55.528549905777226">
        <ele>1717</ele>
      </trkpt>
      <trkpt lat="-21.077430112909884" lon="55.5286199743694">
        <ele>1717</ele>
      </trkpt>
      <trkpt lat="-21.077330365440837" lon="55.52868914464627">
        <ele>1717</ele>
      </trkpt>
      <trkpt lat="-21.077230617904856" lon="55.52873945030217">
        <ele>1716</ele>
      </trkpt>
      <trkpt lat="-21.077130032086533" lon="55.5287098058978">
        <ele>1715</ele>
      </trkpt>
      <trkpt lat="-21.077070518778648" lon="55.52882928183059">
        <ele>1715</ele>
      </trkpt>
      <trkpt lat="-21.07695065387493" lon="55.52893977461053">
        <ele>1711</ele>
      </trkpt>
      <trkpt lat="-21.07682073026877" lon="55.52911943766736">
        <ele>1705</ele>
      </trkpt>
      <trkpt lat="-21.076560044497143" lon="55.5292299304473">
        <ele>1699</ele>
      </trkpt>
      <trkpt lat="-21.076480413704058" lon="55.52932964344385">
        <ele>1695</ele>
      </trkpt>
      <trkpt lat="-21.076340431048607" lon="55.52938983056788">
        <ele>1693</ele>
      </trkpt>
      <trkpt lat="-21.076130037707767" lon="55.52946978062816">
        <ele>1688</ele>
      </trkpt>
      <trkpt lat="-21.076070523999558" lon="55.529519187968795">
        <ele>1687</ele>
      </trkpt>
      <trkpt lat="-21.07587018894756" lon="55.529599138029084">
        <ele>1678</ele>
      </trkpt>
      <trkpt lat="-21.07568075053292" lon="55.529759936464934">
        <ele>1676</ele>
      </trkpt>
      <trkpt lat="-21.07553070843144" lon="55.529839886525224">
        <ele>1676</ele>
      </trkpt>
      <trkpt lat="-21.07529097604442" lon="55.52995037930517">
        <ele>1668</ele>
      </trkpt>
      <trkpt lat="-21.075010170134508" lon="55.53007973670609">
        <ele>1674</ele>
      </trkpt>
      <trkpt lat="-21.074500527008897" lon="55.53022975535854">
        <ele>1669</ele>
      </trkpt>
      <trkpt lat="-21.074420056882" lon="55.53022975535854">
        <ele>1668</ele>
      </trkpt>
      <trkpt lat="-21.074280072286644" lon="55.53032946835506">
        <ele>1665</ele>
      </trkpt>
      <trkpt lat="-21.074190381488616" lon="55.53031958688694">
        <ele>1665</ele>
      </trkpt>
      <trkpt lat="-21.074010161497235" lon="55.530379774010974">
        <ele>1664</ele>
      </trkpt>
      <trkpt lat="-21.073850058903027" lon="55.53049924994377">
        <ele>1662</ele>
      </trkpt>
      <trkpt lat="-21.073710073771032" lon="55.530579200004055">
        <ele>1660</ele>
      </trkpt>
      <trkpt lat="-21.073420044275785" lon="55.530819948500195">
        <ele>1655</ele>
      </trkpt>
      <trkpt lat="-21.07329011758431" lon="55.53086935584083">
        <ele>1652</ele>
      </trkpt>
      <trkpt lat="-21.07318030848558" lon="55.53095918736923">
        <ele>1651</ele>
      </trkpt>
      <trkpt lat="-21.07288105732397" lon="55.53110651107583">
        <ele>1634</ele>
      </trkpt>
      <trkpt lat="-21.07255079063698" lon="55.53126910614225">
        <ele>1637</ele>
      </trkpt>
      <trkpt lat="-21.072240641049845" lon="55.531249343206014">
        <ele>1629</ele>
      </trkpt>
      <trkpt lat="-21.072030241907594" lon="55.531169393145724">
        <ele>1625</ele>
      </trkpt>
      <trkpt lat="-21.071810621768257" lon="55.531129867273215">
        <ele>1617</ele>
      </trkpt>
      <trkpt lat="-21.071630398892527" lon="55.5311595116776">
        <ele>1616</ele>
      </trkpt>
      <trkpt lat="-21.071390660217013" lon="55.531129867273215">
        <ele>1615</ele>
      </trkpt>
      <trkpt lat="-21.071230554802362" lon="55.531129867273215">
        <ele>1615</ele>
      </trkpt>
      <trkpt lat="-21.07101009523204" lon="55.53114963020947">
        <ele>1614</ele>
      </trkpt>
      <trkpt lat="-21.07078041457162" lon="55.53119993586538">
        <ele>1613</ele>
      </trkpt>
      <trkpt lat="-21.070670603619575" lon="55.53119993586538">
        <ele>1600</ele>
      </trkpt>
      <trkpt lat="-21.070530615494423" lon="55.53117927461385">
        <ele>1600</ele>
      </trkpt>
      <trkpt lat="-21.070530615494423" lon="55.5311595116776">
        <ele>1600</ele>
      </trkpt>
      <trkpt lat="-21.07045014321914" lon="55.531209817333504">
        <ele>1600</ele>
      </trkpt>
      <trkpt lat="-21.07044008418166" lon="55.53117927461385">
        <ele>1600</ele>
      </trkpt>
      <trkpt lat="-21.07045014321914" lon="55.53113974874134">
        <ele>1600</ele>
      </trkpt>
      <trkpt lat="-21.070380568196033" lon="55.53109932455355">
        <ele>1600</ele>
      </trkpt>
      <trkpt lat="-21.070360450110975" lon="55.5311199858051">
        <ele>1600</ele>
      </trkpt>
      <trkpt lat="-21.070340332023214" lon="55.53108944308543">
        <ele>1600</ele>
      </trkpt>
      <trkpt lat="-21.070300095839528" lon="55.53108944308543">
        <ele>1600</ele>
      </trkpt>
      <trkpt lat="-21.070030177825835" lon="55.531169393145724">
        <ele>1600</ele>
      </trkpt>
      <trkpt lat="-21.06986001186976" lon="55.53117927461385">
        <ele>1600</ele>
      </trkpt>
      <trkpt lat="-21.069740141153275" lon="55.531209817333504">
        <ele>1600</ele>
      </trkpt>
      <trkpt lat="-21.06969068397636" lon="55.53119993586538">
        <ele>1600</ele>
      </trkpt>
      <trkpt lat="-21.06963032943309" lon="55.53125922467414">
        <ele>1600</ele>
      </trkpt>
      <trkpt lat="-21.069590093057315" lon="55.53126910614225">
        <ele>1600</ele>
      </trkpt>
      <trkpt lat="-21.06941070574948" lon="55.53125922467414">
        <ele>1600</ele>
      </trkpt>
      <trkpt lat="-21.069360410203796" lon="55.53117927461385">
        <ele>1600</ele>
      </trkpt>
      <trkpt lat="-21.06928077555497" lon="55.531129867273215">
        <ele>1600</ele>
      </trkpt>
      <trkpt lat="-21.069170125235306" lon="55.531169393145724">
        <ele>1600</ele>
      </trkpt>
      <trkpt lat="-21.069110608741425" lon="55.5311595116776">
        <ele>1601</ele>
      </trkpt>
      <trkpt lat="-21.06908043135516" lon="55.53118915608198">
        <ele>1601</ele>
      </trkpt>
      <trkpt lat="-21.069070372225045" lon="55.531249343206014">
        <ele>1601</ele>
      </trkpt>
      <trkpt lat="-21.06905025396276" lon="55.531229580269766">
        <ele>1601</ele>
      </trkpt>
      <trkpt lat="-21.069020076564254" lon="55.531249343206014">
        <ele>1601</ele>
      </trkpt>
      <trkpt lat="-21.06897061914788" lon="55.531239461737876">
        <ele>1601</ele>
      </trkpt>
      <trkpt lat="-21.06893038259361" lon="55.531209817333504">
        <ele>1601</ele>
      </trkpt>
      <trkpt lat="-21.0688700277418" lon="55.531239461737876">
        <ele>1601</ele>
      </trkpt>
      <trkpt lat="-21.068860806859497" lon="55.53129964886192">
        <ele>1601</ele>
      </trkpt>
      <trkpt lat="-21.068860806859497" lon="55.53139936185845">
        <ele>1601</ele>
      </trkpt>
      <trkpt lat="-21.068840688568876" lon="55.531439786046235">
        <ele>1602</ele>
      </trkpt>
      <trkpt lat="-21.068800451979467" lon="55.53135983598595">
        <ele>1602</ele>
      </trkpt>
      <trkpt lat="-21.068800451979467" lon="55.53125922467414">
        <ele>1602</ele>
      </trkpt>
      <trkpt lat="-21.068770274530248" lon="55.531229580269766">
        <ele>1602</ele>
      </trkpt>
      <trkpt lat="-21.06866046209397" lon="55.531229580269766">
        <ele>1602</ele>
      </trkpt>
      <trkpt lat="-21.068620225455785" lon="55.53125922467414">
        <ele>1602</ele>
      </trkpt>
      <trkpt lat="-21.06829078757131" lon="55.53129964886192">
        <ele>1602</ele>
      </trkpt>
      <trkpt lat="-21.068120619625063" lon="55.53125922467414">
        <ele>1602</ele>
      </trkpt>
      <trkpt lat="-21.068050205245545" lon="55.53126910614225">
        <ele>1602</ele>
      </trkpt>
      <trkpt lat="-21.067790342365885" lon="55.531249343206014">
        <ele>1602</ele>
      </trkpt>
      <trkpt lat="-21.06765035152963" lon="55.5311595116776">
        <ele>1601</ele>
      </trkpt>
      <trkpt lat="-21.067570715965196" lon="55.53114963020947">
        <ele>1601</ele>
      </trkpt>
      <trkpt lat="-21.06748018285066" lon="55.53105979868105">
        <ele>1600</ele>
      </trkpt>
      <trkpt lat="-21.067330132474673" lon="55.53105979868105">
        <ele>1600</ele>
      </trkpt>
      <trkpt lat="-21.067310013976996" lon="55.53109932455355">
        <ele>1600</ele>
      </trkpt>
      <trkpt lat="-21.067260555991982" lon="55.53109932455355">
        <ele>1600</ele>
      </trkpt>
      <trkpt lat="-21.067270615244507" lon="55.531079561617304">
        <ele>1600</ele>
      </trkpt>
      <trkpt lat="-21.067220318975092" lon="55.53104991721293">
        <ele>1600</ele>
      </trkpt>
      <trkpt lat="-21.067100446131086" lon="55.531039137429524">
        <ele>1599</ele>
      </trkpt>
      <trkpt lat="-21.067060209070874" lon="55.53096996715264">
        <ele>1599</ele>
      </trkpt>
      <trkpt lat="-21.0668104037452" lon="55.531019374493276">
        <ele>1599</ele>
      </trkpt>
      <trkpt lat="-21.0666301748101" lon="55.53102925596141">
        <ele>1598</ele>
      </trkpt>
      <trkpt lat="-21.06653042009633" lon="55.53106968014918">
        <ele>1598</ele>
      </trkpt>
      <trkpt lat="-21.066450783932275" lon="55.53119993586538">
        <ele>1598</ele>
      </trkpt>
      <trkpt lat="-21.066330072191775" lon="55.531309530330034">
        <ele>1597</ele>
      </trkpt>
      <trkpt lat="-21.06632001287564" lon="55.53134995451783">
        <ele>1597</ele>
      </trkpt>
      <trkpt lat="-21.066270554561445" lon="55.53131941179817">
        <ele>1597</ele>
      </trkpt>
      <trkpt lat="-21.066200139306066" lon="55.53134995451783">
        <ele>1597</ele>
      </trkpt>
      <trkpt lat="-21.066110443634873" lon="55.53134995451783">
        <ele>1596</ele>
      </trkpt>
      <trkpt lat="-21.065940273194165" lon="55.53156914344716">
        <ele>1595</ele>
      </trkpt>
      <trkpt lat="-21.06588075540786" lon="55.53156914344716">
        <ele>1595</ele>
      </trkpt>
      <trkpt lat="-21.065860636714152" lon="55.53158980469868">
        <ele>1595</ele>
      </trkpt>
      <trkpt lat="-21.065810339967975" lon="55.53172994188301">
        <ele>1593</ele>
      </trkpt>
      <trkpt lat="-21.06567034726819" lon="55.531829654879544">
        <ele>1592</ele>
      </trkpt>
      <trkpt lat="-21.065380302093754" lon="55.531949130812336">
        <ele>1592</ele>
      </trkpt>
      <trkpt lat="-21.06528054654177" lon="55.53201919940449">
        <ele>1591</ele>
      </trkpt>
      <trkpt lat="-21.065250368378404" lon="55.532069505060406">
        <ele>1591</ele>
      </trkpt>
      <trkpt lat="-21.06523024959944" lon="55.53208926799667">
        <ele>1591</ele>
      </trkpt>
      <trkpt lat="-21.06507013755312" lon="55.53210992924819">
        <ele>1589</ele>
      </trkpt>
      <trkpt lat="-21.064920084745932" lon="55.53217999784035">
        <ele>1587</ele>
      </trkpt>
      <trkpt lat="-21.064890744793885" lon="55.53222940518098">
        <ele>1587</ele>
      </trkpt>
      <trkpt lat="-21.0647700317874" lon="55.5322392866491">
        <ele>1586</ele>
      </trkpt>
      <trkpt lat="-21.06465015696875" lon="55.53222940518098">
        <ele>1583</ele>
      </trkpt>
      <trkpt lat="-21.064660216397805" lon="55.5323192367094">
        <ele>1579</ele>
      </trkpt>
      <trkpt lat="-21.064730632382144" lon="55.532379423833426">
        <ele>1579</ele>
      </trkpt>
      <trkpt lat="-21.06483038830289" lon="55.53242972948934">
        <ele>1579</ele>
      </trkpt>
      <trkpt lat="-21.064930144156733" lon="55.53250967954963">
        <ele>1567</ele>
      </trkpt>
      <trkpt lat="-21.064990500607255" lon="55.532619274014294">
        <ele>1568</ele>
      </trkpt>
      <trkpt lat="-21.064990500607255" lon="55.53302980409913">
        <ele>1567</ele>
      </trkpt>
      <trkpt lat="-21.06501061941866" lon="55.5333091801525">
        <ele>1563</ele>
      </trkpt>
      <trkpt lat="-21.06505001874976" lon="55.53344931733681">
        <ele>1563</ele>
      </trkpt>
      <trkpt lat="-21.065210130817746" lon="55.533719710237335">
        <ele>1563</ele>
      </trkpt>
      <trkpt lat="-21.065320784083386" lon="55.53387961035791">
        <ele>1563</ele>
      </trkpt>
      <trkpt lat="-21.065430598985348" lon="55.53399998460598">
        <ele>1563</ele>
      </trkpt>
      <trkpt lat="-21.06549011695176" lon="55.534159884726556">
        <ele>1564</ele>
      </trkpt>
      <trkpt lat="-21.06549011695176" lon="55.53431978484713">
        <ele>1563</ele>
      </trkpt>
      <trkpt lat="-21.065430598985348" lon="55.53439973490741">
        <ele>1563</ele>
      </trkpt>
      <trkpt lat="-21.065320784083386" lon="55.534509329372085">
        <ele>1562</ele>
      </trkpt>
      <trkpt lat="-21.065090256353738" lon="55.534599160900484">
        <ele>1561</ele>
      </trkpt>
      <trkpt lat="-21.06486056655145" lon="55.53470965368043">
        <ele>1560</ele>
      </trkpt>
      <trkpt lat="-21.064800210048205" lon="55.534699772212306">
        <ele>1560</ele>
      </trkpt>
      <trkpt lat="-21.0647700317874" lon="55.53466922949264">
        <ele>1560</ele>
      </trkpt>
      <trkpt lat="-21.064750751228686" lon="55.53448956643582">
        <ele>1559</ele>
      </trkpt>
      <trkpt lat="-21.06469039468089" lon="55.53439973490741">
        <ele>1559</ele>
      </trkpt>
      <trkpt lat="-21.06440034759572" lon="55.53425959772309">
        <ele>1558</ele>
      </trkpt>
      <trkpt lat="-21.064270413024417" lon="55.5342191735353">
        <ele>1556</ele>
      </trkpt>
      <trkpt lat="-21.064160597265992" lon="55.5342191735353">
        <ele>1554</ele>
      </trkpt>
      <trkpt lat="-21.064050781426506" lon="55.53426947919121">
        <ele>1547</ele>
      </trkpt>
      <trkpt lat="-21.063550321955926" lon="55.53461982215202">
        <ele>1544</ele>
      </trkpt>
      <trkpt lat="-21.063400267615748" lon="55.53467911096078">
        <ele>1540</ele>
      </trkpt>
      <trkpt lat="-21.063250213124213" lon="55.53468989074419">
        <ele>1537</ele>
      </trkpt>
      <trkpt lat="-21.06310015848132" lon="55.53466922949264">
        <ele>1534</ele>
      </trkpt>
      <trkpt lat="-21.062950103687072" lon="55.534699772212306">
        <ele>1531</ele>
      </trkpt>
      <trkpt lat="-21.062870465606313" lon="55.53476984080447">
        <ele>1530</ele>
      </trkpt>
      <trkpt lat="-21.06267011277248" lon="55.53506987810937">
        <ele>1529</ele>
      </trkpt>
      <trkpt lat="-21.062387606435355" lon="55.535437289060575">
        <ele>1512</ele>
      </trkpt>
      <trkpt lat="-21.062104261261673" lon="55.53580559832705">
        <ele>1507</ele>
      </trkpt>
      <trkpt lat="-21.061700200050968" lon="55.5363293161377">
        <ele>1523</ele>
      </trkpt>
      <trkpt lat="-21.06163062093504" lon="55.53627990879708">
        <ele>1514</ele>
      </trkpt>
      <trkpt lat="-21.061540084205387" lon="55.53607958448871">
        <ele>1514</ele>
      </trkpt>
      <trkpt lat="-21.061380806491684" lon="55.53595921024064">
        <ele>1515</ele>
      </trkpt>
      <trkpt lat="-21.061150272656718" lon="55.535919684368146">
        <ele>1515</ele>
      </trkpt>
      <trkpt lat="-21.061010275571718" lon="55.53593944730439">
        <ele>1513</ele>
      </trkpt>
      <trkpt lat="-21.060840099296982" lon="55.535989752960305">
        <ele>1513</ele>
      </trkpt>
      <trkpt lat="-21.060800698850937" lon="55.535999634428435">
        <ele>1506</ele>
      </trkpt>
      <trkpt lat="-21.060730281006506" lon="55.53601939736468">
        <ele>1506</ele>
      </trkpt>
      <trkpt lat="-21.060610402932777" lon="55.53593944730439">
        <ele>1506</ele>
      </trkpt>
      <trkpt lat="-21.06065064173753" lon="55.53588914164848">
        <ele>1475</ele>
      </trkpt>
      <trkpt lat="-21.060790639160917" lon="55.535859497244104">
        <ele>1476</ele>
      </trkpt>
      <trkpt lat="-21.060930636452593" lon="55.535759784247574">
        <ele>1482</ele>
      </trkpt>
      <trkpt lat="-21.06100021589585" lon="55.53566995271916">
        <ele>1483</ele>
      </trkpt>
      <trkpt lat="-21.060850158983655" lon="55.53569959712353">
        <ele>1481</ele>
      </trkpt>
      <trkpt lat="-21.060820818228937" lon="55.53569959712353">
        <ele>1481</ele>
      </trkpt>
      <trkpt lat="-21.060830039609623" lon="55.535679834187285">
        <ele>1482</ele>
      </trkpt>
      <trkpt lat="-21.060960815492216" lon="55.535589104343586">
        <ele>1486</ele>
      </trkpt>
      <trkpt lat="-21.061060573940768" lon="55.535549578471084">
        <ele>1487</ele>
      </trkpt>
      <trkpt lat="-21.060860218669653" lon="55.535529815534844">
        <ele>1484</ele>
      </trkpt>
      <trkpt lat="-21.060790639160917" lon="55.53553969700296">
        <ele>1481</ele>
      </trkpt>
      <trkpt lat="-21.060730281006506" lon="55.53557922287546">
        <ele>1481</ele>
      </trkpt>
      <trkpt lat="-21.060700101920105" lon="55.5356394099995">
        <ele>1482</ele>
      </trkpt>
      <trkpt lat="-21.060690042223296" lon="55.535589104343586">
        <ele>1482</ele>
      </trkpt>
      <trkpt lat="-21.060630522336503" lon="55.53562952853137">
        <ele>1482</ele>
      </trkpt>
      <trkpt lat="-21.06065064173753" lon="55.53556934140733">
        <ele>1483</ele>
      </trkpt>
      <trkpt lat="-21.060600343229883" lon="55.53556934140733">
        <ele>1482</ele>
      </trkpt>
      <trkpt lat="-21.060600343229883" lon="55.535529815534844">
        <ele>1483</ele>
      </trkpt>
      <trkpt lat="-21.060370646495553" lon="55.53549927281517">
        <ele>1482</ele>
      </trkpt>
      <trkpt lat="-21.060280108999187" lon="55.5355091542833">
        <ele>1475</ele>
      </trkpt>
      <trkpt lat="-21.060280108999187" lon="55.535479509878925">
        <ele>1475</ele>
      </trkpt>
      <trkpt lat="-21.060240708404866" lon="55.53541932275488">
        <ele>1476</ele>
      </trkpt>
      <trkpt lat="-21.06008059098866" lon="55.5354696284108">
        <ele>1475</ele>
      </trkpt>
      <trkpt lat="-21.059960712391483" lon="55.53557922287546">
        <ele>1472</ele>
      </trkpt>
      <trkpt lat="-21.05981065443093" lon="55.5356394099995">
        <ele>1472</ele>
      </trkpt>
      <trkpt lat="-21.059790534916345" lon="55.535609765595126">
        <ele>1472</ele>
      </trkpt>
      <trkpt lat="-21.059890294149515" lon="55.53553969700296">
        <ele>1472</ele>
      </trkpt>
      <trkpt lat="-21.059950652644677" lon="55.53545974694267">
        <ele>1473</ele>
      </trkpt>
      <trkpt lat="-21.05968071585123" lon="55.535589104343586">
        <ele>1463</ele>
      </trkpt>
      <trkpt lat="-21.059560836931887" lon="55.53576966571569">
        <ele>1458</ele>
      </trkpt>
      <trkpt lat="-21.059530657608306" lon="55.535659172935745">
        <ele>1459</ele>
      </trkpt>
      <trkpt lat="-21.05947029894278" lon="55.535679834187285">
        <ele>1459</ele>
      </trkpt>
      <trkpt lat="-21.059510538055846" lon="55.535589104343586">
        <ele>1459</ele>
      </trkpt>
      <trkpt lat="-21.059500478278604" lon="55.53557922287546">
        <ele>1459</ele>
      </trkpt>
      <trkpt lat="-21.05941077856807" lon="55.535679834187285">
        <ele>1458</ele>
      </trkpt>
      <trkpt lat="-21.059130780992984" lon="55.535839734307864">
        <ele>1446</ele>
      </trkpt>
      <trkpt lat="-21.05900000350196" lon="55.535869378712235">
        <ele>1447</ele>
      </trkpt>
      <trkpt lat="-21.059020123123453" lon="55.53580919158819">
        <ele>1446</ele>
      </trkpt>
      <trkpt lat="-21.059090541777213" lon="55.535759784247574">
        <ele>1446</ele>
      </trkpt>
      <trkpt lat="-21.059100601582177" lon="55.53571936005979">
        <ele>1446</ele>
      </trkpt>
      <trkpt lat="-21.05919030147968" lon="55.535689715655415">
        <ele>1444</ele>
      </trkpt>
      <trkpt lat="-21.059310180697548" lon="55.53551993406671">
        <ele>1443</ele>
      </trkpt>
      <trkpt lat="-21.05940071878407" lon="55.535429204223014">
        <ele>1442</ele>
      </trkpt>
      <trkpt lat="-21.059360479641313" lon="55.53541932275488">
        <ele>1441</ele>
      </trkpt>
      <trkpt lat="-21.05939065899941" lon="55.535349254162725">
        <ele>1442</ele>
      </trkpt>
      <trkpt lat="-21.05924060046398" lon="55.535399559818636">
        <ele>1439</ele>
      </trkpt>
      <trkpt lat="-21.059110661386466" lon="55.535479509878925">
        <ele>1444</ele>
      </trkpt>
      <trkpt lat="-21.0588801240342" lon="55.535549578471084">
        <ele>1443</ele>
      </trkpt>
      <trkpt lat="-21.058670544313127" lon="55.5357292415279">
        <ele>1443</ele>
      </trkpt>
      <trkpt lat="-21.058630304972908" lon="55.53571936005979">
        <ele>1443</ele>
      </trkpt>
      <trkpt lat="-21.058720005153912" lon="55.5356394099995">
        <ele>1442</ele>
      </trkpt>
      <trkpt lat="-21.058850782891025" lon="55.53541932275488">
        <ele>1439</ele>
      </trkpt>
      <trkpt lat="-21.058810543599545" lon="55.53540944128677">
        <ele>1439</ele>
      </trkpt>
      <trkpt lat="-21.058610185298722" lon="55.535549578471084">
        <ele>1442</ele>
      </trkpt>
      <trkpt lat="-21.058470185823797" lon="55.53557922287546">
        <ele>1438</ele>
      </trkpt>
      <trkpt lat="-21.058380485492204" lon="55.535679834187285">
        <ele>1440</ele>
      </trkpt>
      <trkpt lat="-21.05837042563856" lon="55.535659172935745">
        <ele>1440</ele>
      </trkpt>
      <trkpt lat="-21.058380485492204" lon="55.53557922287546">
        <ele>1438</ele>
      </trkpt>
      <trkpt lat="-21.05843078475023" lon="55.53551993406671">
        <ele>1437</ele>
      </trkpt>
      <trkpt lat="-21.058440006279014" lon="55.535479509878925">
        <ele>1437</ele>
      </trkpt>
      <trkpt lat="-21.05853054489501" lon="55.53540944128677">
        <ele>1435</ele>
      </trkpt>
      <trkpt lat="-21.05853054489501" lon="55.53537979688239">
        <ele>1435</ele>
      </trkpt>
      <trkpt lat="-21.058340246073538" lon="55.53548939134706">
        <ele>1437</ele>
      </trkpt>
      <trkpt lat="-21.05832012636014" lon="55.535479509878925">
        <ele>1435</ele>
      </trkpt>
      <trkpt lat="-21.058380485492204" lon="55.53537979688239">
        <ele>1435</ele>
      </trkpt>
      <trkpt lat="-21.058480245670708" lon="55.535289965353975">
        <ele>1433</ele>
      </trkpt>
      <trkpt lat="-21.058620245136154" lon="55.535289965353975">
        <ele>1435</ele>
      </trkpt>
      <trkpt lat="-21.058660484479105" lon="55.53522977822994">
        <ele>1434</ele>
      </trkpt>
      <trkpt lat="-21.058720005153912" lon="55.53518935404215">
        <ele>1434</ele>
      </trkpt>
      <trkpt lat="-21.058720005153912" lon="55.535169591105905">
        <ele>1434</ele>
      </trkpt>
      <trkpt lat="-21.058620245136154" lon="55.535209116978415">
        <ele>1431</ele>
      </trkpt>
      <trkpt lat="-21.05842072489999" lon="55.53514982816965">
        <ele>1432</ele>
      </trkpt>
      <trkpt lat="-21.058300006644007" lon="55.535209116978415">
        <ele>1429</ele>
      </trkpt>
      <trkpt lat="-21.05820024634467" lon="55.53530972829023">
        <ele>1427</ele>
      </trkpt>
      <trkpt lat="-21.05812060572156" lon="55.5353393726946">
        <ele>1423</ele>
      </trkpt>
      <trkpt lat="-21.058100485978457" lon="55.53540944128677">
        <ele>1422</ele>
      </trkpt>
      <trkpt lat="-21.0580703063587" lon="55.535399559818636">
        <ele>1419</ele>
      </trkpt>
      <trkpt lat="-21.05809042610589" lon="55.535319609758346">
        <ele>1416</ele>
      </trkpt>
      <trkpt lat="-21.058150785331126" lon="55.53526930410244">
        <ele>1415</ele>
      </trkpt>
      <trkpt lat="-21.058270665386434" lon="55.53506987810937">
        <ele>1416</ele>
      </trkpt>
      <trkpt lat="-21.058340246073538" lon="55.53504921685783">
        <ele>1420</ele>
      </trkpt>
      <trkpt lat="-21.05842072489999" lon="55.53495938532942">
        <ele>1417</ele>
      </trkpt>
      <trkpt lat="-21.05864036480899" lon="55.53482912961323">
        <ele>1414</ele>
      </trkpt>
      <trkpt lat="-21.05864036480899" lon="55.53474917955293">
        <ele>1413</ele>
      </trkpt>
      <trkpt lat="-21.058670544313127" lon="55.534699772212306">
        <ele>1413</ele>
      </trkpt>
      <trkpt lat="-21.0588801240342" lon="55.53467911096078">
        <ele>1415</ele>
      </trkpt>
      <trkpt lat="-21.058970662382407" lon="55.53462970362015">
        <ele>1414</ele>
      </trkpt>
      <trkpt lat="-21.059010063313032" lon="55.534539872091734">
        <ele>1412</ele>
      </trkpt>
      <trkpt lat="-21.059140002478387" lon="55.53443926077991">
        <ele>1351</ele>
      </trkpt>
      <trkpt lat="-21.05926072005294" lon="55.53425959772309">
        <ele>1352</ele>
      </trkpt>
      <trkpt lat="-21.059290061115277" lon="55.53423983478684">
        <ele>1353</ele>
      </trkpt>
      <trkpt lat="-21.05955077715804" lon="55.53427936065934">
        <ele>1350</ele>
      </trkpt>
      <trkpt lat="-21.059740236117943" lon="55.53414910494314">
        <ele>1344</ele>
      </trkpt>
      <trkpt lat="-21.05972011659383" lon="55.53411946053877">
        <ele>1332</ele>
      </trkpt>
      <trkpt lat="-21.059560836931887" lon="55.53414910494314">
        <ele>1345</ele>
      </trkpt>
      <trkpt lat="-21.059420000036127" lon="55.53411946053877">
        <ele>1344</ele>
      </trkpt>
      <trkpt lat="-21.059430059818826" lon="55.53410957907064">
        <ele>1342</ele>
      </trkpt>
      <trkpt lat="-21.059830773942817" lon="55.53394967895007">
        <ele>1318</ele>
      </trkpt>
      <trkpt lat="-21.060050411770494" lon="55.53376911757797">
        <ele>1314</ele>
      </trkpt>
      <trkpt lat="-21.060230648676985" lon="55.533559810116756">
        <ele>1307</ele>
      </trkpt>
      <trkpt lat="-21.060490524762454" lon="55.53338913021278">
        <ele>1281</ele>
      </trkpt>
      <trkpt lat="-21.06072022131172" lon="55.533169941283454">
        <ele>1251</ele>
      </trkpt>
      <trkpt lat="-21.06072022131172" lon="55.533149280031914">
        <ele>1250</ele>
      </trkpt>
      <trkpt lat="-21.060660701437012" lon="55.533169941283454">
        <ele>1251</ele>
      </trkpt>
      <trkpt lat="-21.06065064173753" lon="55.53315916150005">
        <ele>1250</ele>
      </trkpt>
      <trkpt lat="-21.06075040039404" lon="55.533069329971624">
        <ele>1248</ele>
      </trkpt>
      <trkpt lat="-21.060920576771352" lon="55.532779174134866">
        <ele>1238</ele>
      </trkpt>
      <trkpt lat="-21.061240809623598" lon="55.53250967954963">
        <ele>1236</ele>
      </trkpt>
      <trkpt lat="-21.061230749963332" lon="55.53248991661337">
        <ele>1235</ele>
      </trkpt>
      <trkpt lat="-21.061160332322423" lon="55.53251956101775">
        <ele>1240</ele>
      </trkpt>
      <trkpt lat="-21.061160332322423" lon="55.53250967954963">
        <ele>1239</ele>
      </trkpt>
      <trkpt lat="-21.06130032926625" lon="55.53228959230503">
        <ele>1235</ele>
      </trkpt>
      <trkpt lat="-21.061480564658645" lon="55.532099149464784">
        <ele>1231</ele>
      </trkpt>
      <trkpt lat="-21.061480564658645" lon="55.53207938652853">
        <ele>1230</ele>
      </trkpt>
      <trkpt lat="-21.061390027837653" lon="55.53211981071632">
        <ele>1229</ele>
      </trkpt>
      <trkpt lat="-21.06130032926625" lon="55.53219976077661">
        <ele>1228</ele>
      </trkpt>
      <trkpt lat="-21.061290269609998" lon="55.53217999784035">
        <ele>1227</ele>
      </trkpt>
      <trkpt lat="-21.061330508230885" lon="55.53210992924819">
        <ele>1226</ele>
      </trkpt>
      <trkpt lat="-21.061360687189406" lon="55.532069505060406">
        <ele>1225</ele>
      </trkpt>
      <trkpt lat="-21.0615006839447" lon="55.531999436468254">
        <ele>1221</ele>
      </trkpt>
      <trkpt lat="-21.061670021161298" lon="55.5318997234717">
        <ele>1220</ele>
      </trkpt>
      <trkpt lat="-21.06169014042176" lon="55.531849417815806">
        <ele>1222</ele>
      </trkpt>
      <trkpt lat="-21.061650740200818" lon="55.531829654879544">
        <ele>1221</ele>
      </trkpt>
      <trkpt lat="-21.061610501666554" lon="55.531869180752054">
        <ele>1220</ele>
      </trkpt>
      <trkpt lat="-21.06135062753725" lon="55.531949130812336">
        <ele>1226</ele>
      </trkpt>
      <trkpt lat="-21.061330508230885" lon="55.53193924934421">
        <ele>1225</ele>
      </trkpt>
      <trkpt lat="-21.061360687189406" lon="55.5318997234717">
        <ele>1221</ele>
      </trkpt>
      <trkpt lat="-21.061450385724424" lon="55.531829654879544">
        <ele>1217</ele>
      </trkpt>
      <trkpt lat="-21.061470505014576" lon="55.53176946775551">
        <ele>1216</ele>
      </trkpt>
      <trkpt lat="-21.06128020995308" lon="55.531789230691764">
        <ele>1218</ele>
      </trkpt>
      <trkpt lat="-21.06149062430202" lon="55.53152961757465">
        <ele>1197</ele>
      </trkpt>
      <trkpt lat="-21.061712774586514" lon="55.53128258087151">
        <ele>1191</ele>
      </trkpt>
      <trkpt lat="-21.061940792646766" lon="55.53102925596141">
        <ele>1156</ele>
      </trkpt>
      <trkpt lat="-21.062300423362476" lon="55.53053967413156">
        <ele>1133</ele>
      </trkpt>
      <trkpt lat="-21.062280304184544" lon="55.53046960553939">
        <ele>1134</ele>
      </trkpt>
      <trkpt lat="-21.0621604273597" lon="55.53056931853593">
        <ele>1136</ele>
      </trkpt>
      <trkpt lat="-21.0621604273597" lon="55.53055943706781">
        <ele>1137</ele>
      </trkpt>
      <trkpt lat="-21.062380061748378" lon="55.53022975535854">
        <ele>1132</ele>
      </trkpt>
      <trkpt lat="-21.06236078087992" lon="55.53015968676636">
        <ele>1130</ele>
      </trkpt>
      <trkpt lat="-21.062300423362476" lon="55.530179449702615">
        <ele>1130</ele>
      </trkpt>
      <trkpt lat="-21.062240065820554" lon="55.530269281231035">
        <ele>1134</ele>
      </trkpt>
      <trkpt lat="-21.062070729252746" lon="55.53042918135159">
        <ele>1137</ele>
      </trkpt>
      <trkpt lat="-21.062060669648606" lon="55.530379774010974">
        <ele>1137</ele>
      </trkpt>
      <trkpt lat="-21.06220066574524" lon="55.53013992383012">
        <ele>1132</ele>
      </trkpt>
      <trkpt lat="-21.062190606149876" lon="55.53012914404671">
        <ele>1133</ele>
      </trkpt>
      <trkpt lat="-21.062150367761596" lon="55.53016956823449">
        <ele>1135</ele>
      </trkpt>
      <trkpt lat="-21.062110129362466" lon="55.53016956823449">
        <ele>1137</ele>
      </trkpt>
      <trkpt lat="-21.062120188963267" lon="55.53011926257857">
        <ele>1136</ele>
      </trkpt>
      <trkpt lat="-21.06202043122519" lon="55.530179449702615">
        <ele>1138</ele>
      </trkpt>
      <trkpt lat="-21.062040550438258" lon="55.53012914404671">
        <ele>1138</ele>
      </trkpt>
      <trkpt lat="-21.06220066574524" lon="55.52998990517767">
        <ele>1134</ele>
      </trkpt>
      <trkpt lat="-21.06229036377384" lon="55.52980934380555">
        <ele>1132</ele>
      </trkpt>
      <trkpt lat="-21.062280304184544" lon="55.52976981793307">
        <ele>1130</ele>
      </trkpt>
      <trkpt lat="-21.062190606149876" lon="55.529829106741815">
        <ele>1128</ele>
      </trkpt>
      <trkpt lat="-21.062150367761596" lon="55.529829106741815">
        <ele>1126</ele>
      </trkpt>
      <trkpt lat="-21.062350721295367" lon="55.52946978062816">
        <ele>1109</ele>
      </trkpt>
      <trkpt lat="-21.062430359654353" lon="55.52936916931635">
        <ele>1108</ele>
      </trkpt>
      <trkpt lat="-21.062540176689986" lon="55.52930988050759">
        <ele>1108</ele>
      </trkpt>
      <trkpt lat="-21.062600534110157" lon="55.52923981191543">
        <ele>1108</ele>
      </trkpt>
      <trkpt lat="-21.062590474541835" lon="55.529129319135485">
        <ele>1102</ele>
      </trkpt>
      <trkpt lat="-21.062620653244778" lon="55.5290493690752">
        <ele>1093</ele>
      </trkpt>
      <trkpt lat="-21.06271035102018" lon="55.528949656078666">
        <ele>1082</ele>
      </trkpt>
      <trkpt lat="-21.062730470139943" lon="55.52880951889434">
        <ele>1077</ele>
      </trkpt>
      <trkpt lat="-21.0626105936778" lon="55.528949656078666">
        <ele>1094</ele>
      </trkpt>
      <trkpt lat="-21.06263071281106" lon="55.52880951889434">
        <ele>1077</ele>
      </trkpt>
      <trkpt lat="-21.062730470139943" lon="55.52855978724535">
        <ele>1076</ele>
      </trkpt>
      <trkpt lat="-21.06276064881449" lon="55.5284097685929">
        <ele>1071</ele>
      </trkpt>
      <trkpt lat="-21.06276064881449" lon="55.52829927581296">
        <ele>1067</ele>
      </trkpt>
      <trkpt lat="-21.062790827482903" lon="55.52824986847233">
        <ele>1065</ele>
      </trkpt>
      <trkpt lat="-21.06278076792745" lon="55.52820944428455">
        <ele>1064</ele>
      </trkpt>
      <trkpt lat="-21.062740529698797" lon="55.52817979988018">
        <ele>1063</ele>
      </trkpt>
      <trkpt lat="-21.06268017233543" lon="55.52816991841204">
        <ele>1062</ele>
      </trkpt>
      <trkpt lat="-21.06263071281106" lon="55.52821932575267">
        <ele>1062</ele>
      </trkpt>
      <trkpt lat="-21.062490717119093" lon="55.52845917593353">
        <ele>1070</ele>
      </trkpt>
      <trkpt lat="-21.06244041923351" lon="55.52849960012131">
        <ele>1069</ele>
      </trkpt>
      <trkpt lat="-21.062340661710156" lon="55.52849960012131">
        <ele>1069</ele>
      </trkpt>
      <trkpt lat="-21.062230006227846" lon="55.52860919458598">
        <ele>1071</ele>
      </trkpt>
      <trkpt lat="-21.06220066574524" lon="55.52860919458598">
        <ele>1070</ele>
      </trkpt>
      <trkpt lat="-21.062180546553826" lon="55.52852924452569">
        <ele>1068</ele>
      </trkpt>
      <trkpt lat="-21.062190606149876" lon="55.52839988712478">
        <ele>1066</ele>
      </trkpt>
      <trkpt lat="-21.062270244594576" lon="55.52827951287671">
        <ele>1059</ele>
      </trkpt>
      <trkpt lat="-21.062260185003904" lon="55.52816991841204">
        <ele>1056</ele>
      </trkpt>
      <trkpt lat="-21.06236078087992" lon="55.52799923850806">
        <ele>1050</ele>
      </trkpt>
      <trkpt lat="-21.06239012133093" lon="55.52790940697965">
        <ele>1048</ele>
      </trkpt>
      <trkpt lat="-21.062450478811982" lon="55.527809693983116">
        <ele>1040</ele>
      </trkpt>
      <trkpt lat="-21.0626105936778" lon="55.52773962539096">
        <ele>1039</ele>
      </trkpt>
      <trkpt lat="-21.062660053208845" lon="55.52765967533067">
        <ele>1032</ele>
      </trkpt>
      <trkpt lat="-21.062740529698797" lon="55.52768931973504">
        <ele>1031</ele>
      </trkpt>
      <trkpt lat="-21.06293082289248" lon="55.527449469554185">
        <ele>1015</ele>
      </trkpt>
      <trkpt lat="-21.06305069909658" lon="55.52743958808606">
        <ele>991</ele>
      </trkpt>
      <trkpt lat="-21.063090098946766" lon="55.52737940096202">
        <ele>987</ele>
      </trkpt>
      <trkpt lat="-21.063420386642207" lon="55.5272895694336">
        <ele>982</ele>
      </trkpt>
      <trkpt lat="-21.063570440962106" lon="55.52715931371741">
        <ele>980</ele>
      </trkpt>
      <trkpt lat="-21.06379007326918" lon="55.52698953212872">
        <ele>977</ele>
      </trkpt>
      <trkpt lat="-21.06408012154424" lon="55.52689970060031">
        <ele>973</ele>
      </trkpt>
      <trkpt lat="-21.064100240478755" lon="55.526829632008145">
        <ele>973</ele>
      </trkpt>
      <trkpt lat="-21.06426035356901" lon="55.526749681947855">
        <ele>976</ele>
      </trkpt>
      <trkpt lat="-21.064430525931506" lon="55.52662930769978">
        <ele>977</ele>
      </trkpt>
      <trkpt lat="-21.064900804206673" lon="55.52647928904734">
        <ele>978</ele>
      </trkpt>
      <trkpt lat="-21.06507013755312" lon="55.52631938892676">
        <ele>979</ele>
      </trkpt>
      <trkpt lat="-21.0651807909229" lon="55.526109183150275">
        <ele>980</ele>
      </trkpt>
      <trkpt lat="-21.065330005185142" lon="55.52596994428124">
        <ele>989</ele>
      </trkpt>
      <trkpt lat="-21.06535012395063" lon="55.52595916449783">
        <ele>989</ele>
      </trkpt>
      <trkpt lat="-21.065390361473426" lon="55.5259097571572">
        <ele>989</ele>
      </trkpt>
      <trkpt lat="-21.065430598985348" lon="55.52583968856504">
        <ele>985</ele>
      </trkpt>
      <trkpt lat="-21.065500176324004" lon="55.52554953272828">
        <ele>985</ele>
      </trkpt>
      <trkpt lat="-21.06549011695176" lon="55.525299801079285">
        <ele>985</ele>
      </trkpt>
      <trkpt lat="-21.065419701326928" lon="55.52514439253513">
        <ele>984</ele>
      </trkpt>
      <trkpt lat="-21.065802795454566" lon="55.524859626590064">
        <ele>969</ele>
      </trkpt>
      <trkpt lat="-21.06629234975278" lon="55.524631454507904">
        <ele>970</ele>
      </trkpt>
      <trkpt lat="-21.066597482096157" lon="55.524433825145394">
        <ele>978</ele>
      </trkpt>
      <trkpt lat="-21.06699398555225" lon="55.52417600865885">
        <ele>978</ele>
      </trkpt>
      <trkpt lat="-21.06715996342934" lon="55.524116719850106">
        <ele>974</ele>
      </trkpt>
      <trkpt lat="-21.067422342220862" lon="55.524095160283274">
        <ele>979</ele>
      </trkpt>
      <trkpt lat="-21.067734178393504" lon="55.52407000745533">
        <ele>977</ele>
      </trkpt>
      <trkpt lat="-21.067999070972842" lon="55.52404754957322">
        <ele>979</ele>
      </trkpt>
      <trkpt lat="-21.068243006443495" lon="55.52386159830941">
        <ele>981</ele>
      </trkpt>
      <trkpt lat="-21.068250550833117" lon="55.523469932845536">
        <ele>986</ele>
      </trkpt>
      <trkpt lat="-21.068259771753247" lon="55.522926452098645">
        <ele>982</ele>
      </trkpt>
      <trkpt lat="-21.06823210899114" lon="55.52261832995619">
        <ele>981</ele>
      </trkpt>
      <trkpt lat="-21.06803176337871" lon="55.52244944668277">
        <ele>982</ele>
      </trkpt>
      <trkpt lat="-21.06826480134581" lon="55.52182871082145">
        <ele>986</ele>
      </trkpt>
      <trkpt lat="-21.068406468132963" lon="55.521282535128705">
        <ele>989</ele>
      </trkpt>
      <trkpt lat="-21.06878703978057" lon="55.52155292802922">
        <ele>989</ele>
      </trkpt>
      <trkpt lat="-21.06911647656583" lon="55.52164635281877">
        <ele>989</ele>
      </trkpt>
      <trkpt lat="-21.0696085347309" lon="55.521584369064165">
        <ele>993</ele>
      </trkpt>
      <trkpt lat="-21.07010645905327" lon="55.52172001467207">
        <ele>997</ele>
      </trkpt>
      <trkpt lat="-21.070279139489557" lon="55.521838592289576">
        <ele>997</ele>
      </trkpt>
      <trkpt lat="-21.0704216426112" lon="55.521659827548035">
        <ele>1005</ele>
      </trkpt>
      <trkpt lat="-21.07056749860606" lon="55.521476571230075">
        <ele>997</ele>
      </trkpt>
      <trkpt lat="-21.070430025143516" lon="55.52123941599506">
        <ele>997</ele>
      </trkpt>
      <trkpt lat="-21.070104782543208" lon="55.52093129385261">
        <ele>996</ele>
      </trkpt>
      <trkpt lat="-21.069821452069405" lon="55.520720189760844">
        <ele>995</ele>
      </trkpt>
      <trkpt lat="-21.069897733403913" lon="55.5205414250193">
        <ele>994</ele>
      </trkpt>
      <trkpt lat="-21.069709125637466" lon="55.520370745115315">
        <ele>994</ele>
      </trkpt>
      <trkpt lat="-21.069580033961664" lon="55.520295286631445">
        <ele>993</ele>
      </trkpt>
      <trkpt lat="-21.069479442967772" lon="55.52044350865334">
        <ele>993</ele>
      </trkpt>
      <trkpt lat="-21.06907624005103" lon="55.52022970961571">
        <ele>991</ele>
      </trkpt>
      <trkpt lat="-21.068637828986315" lon="55.51991080768985">
        <ele>986</ele>
      </trkpt>
      <trkpt lat="-21.068199416629298" lon="55.51959280407927">
        <ele>969</ele>
      </trkpt>
      <trkpt lat="-21.067761002979964" lon="55.5192748004687">
        <ele>958</ele>
      </trkpt>
      <trkpt lat="-21.06732174976764" lon="55.51895679685812">
        <ele>953</ele>
      </trkpt>
      <trkpt lat="-21.066883333531297" lon="55.51863879324754">
        <ele>945</ele>
      </trkpt>
      <trkpt lat="-21.066290673199717" lon="55.51820939854172">
        <ele>940</ele>
      </trkpt>
      <trkpt lat="-21.066440724624304" lon="55.518009972548654">
        <ele>950</ele>
      </trkpt>
      <trkpt lat="-21.066520360793756" lon="55.517919242704956">
        <ele>952</ele>
      </trkpt>
      <trkpt lat="-21.066710649152295" lon="55.517989311297114">
        <ele>954</ele>
      </trkpt>
      <trkpt lat="-21.066730767731038" lon="55.51797942982899">
        <ele>953</ele>
      </trkpt>
      <trkpt lat="-21.06680034446156" lon="55.51790936123683">
        <ele>960</ele>
      </trkpt>
      <trkpt lat="-21.066890039716725" lon="55.51781952970842">
        <ele>960</ele>
      </trkpt>
      <trkpt lat="-21.0669000989943" lon="55.51779976677217">
        <ele>960</ele>
      </trkpt>
      <trkpt lat="-21.0668707594328" lon="55.517759342584384">
        <ele>957</ele>
      </trkpt>
      <trkpt lat="-21.066830522310457" lon="55.51764974811972">
        <ele>957</ele>
      </trkpt>
      <trkpt lat="-21.066840581592068" lon="55.517539255339784">
        <ele>957</ele>
      </trkpt>
      <trkpt lat="-21.06670058986191" lon="55.517449423811364">
        <ele>956</ele>
      </trkpt>
      <trkpt lat="-21.06668047127909" lon="55.51734971081482">
        <ele>956</ele>
      </trkpt>
      <trkpt lat="-21.06670058986191" lon="55.517239218034874">
        <ele>955</ele>
      </trkpt>
      <trkpt lat="-21.066620115514283" lon="55.51706943644619">
        <ele>934</ele>
      </trkpt>
      <trkpt lat="-21.066450783932275" lon="55.51683946773344">
        <ele>934</ele>
      </trkpt>
      <trkpt lat="-21.066470064270646" lon="55.516709212017254">
        <ele>937</ele>
      </trkpt>
      <trkpt lat="-21.066560598" lon="55.51654931189667">
        <ele>938</ele>
      </trkpt>
      <trkpt lat="-21.06674082701939" lon="55.516389411776096">
        <ele>942</ele>
      </trkpt>
      <trkpt lat="-21.066864053246498" lon="55.516142375072974">
        <ele>930</ele>
      </trkpt>
      <trkpt lat="-21.067030031268576" lon="55.51580999841784">
        <ele>929</ele>
      </trkpt>
      <trkpt lat="-21.067110505394425" lon="55.51561955557761">
        <ele>929</ele>
      </trkpt>
      <trkpt lat="-21.06713062391908" lon="55.5155297240492">
        <ele>929</ele>
      </trkpt>
      <trkpt lat="-21.067180081947303" lon="55.515419231269256">
        <ele>929</ele>
      </trkpt>
      <trkpt lat="-21.067240437484905" lon="55.51533928120896">
        <ele>929</ele>
      </trkpt>
      <trkpt lat="-21.067260555991982" lon="55.51527999240022">
        <ele>929</ele>
      </trkpt>
      <trkpt lat="-21.067210259719158" lon="55.51520992380805">
        <ele>929</ele>
      </trkpt>
      <trkpt lat="-21.067210259719158" lon="55.51511919396436">
        <ele>926</ele>
      </trkpt>
      <trkpt lat="-21.067280674496335" lon="55.514909886503155">
        <ele>920</ele>
      </trkpt>
      <trkpt lat="-21.06725049673878" lon="55.51474998638258">
        <ele>926</ele>
      </trkpt>
      <trkpt lat="-21.06717002268867" lon="55.51460984919826">
        <ele>926</ele>
      </trkpt>
      <trkpt lat="-21.06716080170097" lon="55.514529899137976">
        <ele>927</ele>
      </trkpt>
      <trkpt lat="-21.067230378230327" lon="55.5144095248899">
        <ele>928</ele>
      </trkpt>
      <trkpt lat="-21.067230378230327" lon="55.51434933776587">
        <ele>928</ele>
      </trkpt>
      <trkpt lat="-21.067390487951375" lon="55.514239743301204">
        <ele>929</ele>
      </trkpt>
      <trkpt lat="-21.067330132474673" lon="55.514159793240914">
        <ele>930</ele>
      </trkpt>
      <trkpt lat="-21.067410606438145" lon="55.51393970599631">
        <ele>929</ele>
      </trkpt>
      <trkpt lat="-21.067410606438145" lon="55.51383999299977">
        <ele>929</ele>
      </trkpt>
      <trkpt lat="-21.06737036946185" lon="55.513779805875735">
        <ele>928</ele>
      </trkpt>
      <trkpt lat="-21.067180081947303" lon="55.5136693130958">
        <ele>936</ele>
      </trkpt>
      <trkpt lat="-21.066880818711684" lon="55.51402953752471">
        <ele>940</ele>
      </trkpt>
      <trkpt lat="-21.06678022589223" lon="55.5140699617125">
        <ele>939</ele>
      </trkpt>
      <trkpt lat="-21.06668047127909" lon="55.514049300460975">
        <ele>939</ele>
      </trkpt>
      <trkpt lat="-21.06658071659905" lon="55.51397923186882">
        <ele>941</ele>
      </trkpt>
      <trkpt lat="-21.066330072191775" lon="55.513539955694874">
        <ele>951</ele>
      </trkpt>
      <trkpt lat="-21.066040028303707" lon="55.51305935701787">
        <ele>961</ele>
      </trkpt>
      <trkpt lat="-21.065790221264734" lon="55.51273955677673">
        <ele>961</ele>
      </trkpt>
      <trkpt lat="-21.065630109821143" lon="55.51257965665614">
        <ele>958</ele>
      </trkpt>
      <trkpt lat="-21.065434790392203" lon="55.51240987506745">
        <ele>934</ele>
      </trkpt>
      <trkpt lat="-21.065190012033337" lon="55.512199669290965">
        <ele>960</ele>
      </trkpt>
      <trkpt lat="-21.065120434549574" lon="55.5120792950429">
        <ele>960</ele>
      </trkpt>
      <trkpt lat="-21.065019840539648" lon="55.51179902067425">
        <ele>938</ele>
      </trkpt>
      <trkpt lat="-21.064900804206673" lon="55.51146933896498">
        <ele>960</ele>
      </trkpt>
      <trkpt lat="-21.064840447719753" lon="55.51139927037282">
        <ele>959</ele>
      </trkpt>
      <trkpt lat="-21.064760810650927" lon="55.5113498630322">
        <ele>959</ele>
      </trkpt>
      <trkpt lat="-21.064450644818635" lon="55.511259133188496">
        <ele>957</ele>
      </trkpt>
      <trkpt lat="-21.06435005035576" lon="55.51120972584786">
        <ele>958</ele>
      </trkpt>
      <trkpt lat="-21.06426035356901" lon="55.51113965725571">
        <ele>957</ele>
      </trkpt>
      <trkpt lat="-21.064065032341553" lon="55.51092316327223">
        <ele>935</ele>
      </trkpt>
      <trkpt lat="-21.06378001378128" lon="55.51060965123807">
        <ele>955</ele>
      </trkpt>
      <trkpt lat="-21.063640019170812" lon="55.51037968252535">
        <ele>953</ele>
      </trkpt>
      <trkpt lat="-21.06360061946625" lon="55.51025930827727">
        <ele>950</ele>
      </trkpt>
      <trkpt lat="-21.06354026245183" lon="55.510119171092946">
        <ele>950</ele>
      </trkpt>
      <trkpt lat="-21.063460624686975" lon="55.5099691524405">
        <ele>947</ele>
      </trkpt>
      <trkpt lat="-21.063290451214996" lon="55.50975176014174">
        <ele>934</ele>
      </trkpt>
      <trkpt lat="-21.063090098946766" lon="55.509499333546906">
        <ele>944</ele>
      </trkpt>
      <trkpt lat="-21.063040639558707" lon="55.50939962055037">
        <ele>942</ele>
      </trkpt>
      <trkpt lat="-21.063020520480872" lon="55.509319670490086">
        <ele>942</ele>
      </trkpt>
      <trkpt lat="-21.063010460940937" lon="55.50913910911797">
        <ele>938</ele>
      </trkpt>
      <trkpt lat="-21.063030580020122" lon="55.50900975171705">
        <ele>935</ele>
      </trkpt>
      <trkpt lat="-21.063070818170328" lon="55.50889925893712">
        <ele>935</ele>
      </trkpt>
      <trkpt lat="-21.063193209143623" lon="55.50871779924972">
        <ele>932</ele>
      </trkpt>
      <trkpt lat="-21.06332062977596" lon="55.50852915304006">
        <ele>935</ele>
      </trkpt>
      <trkpt lat="-21.06332062977596" lon="55.50842944004352">
        <ele>936</ele>
      </trkpt>
      <trkpt lat="-21.063290451214996" lon="55.50834948998323">
        <ele>936</ele>
      </trkpt>
      <trkpt lat="-21.063220034548966" lon="55.508329727046984">
        <ele>935</ele>
      </trkpt>
      <trkpt lat="-21.063160515674298" lon="55.50834948998323">
        <ele>935</ele>
      </trkpt>
      <trkpt lat="-21.062860406056227" lon="55.50865940875625">
        <ele>935</ele>
      </trkpt>
      <trkpt lat="-21.062570355403132" lon="55.50874924028467">
        <ele>935</ele>
      </trkpt>
      <trkpt lat="-21.062260185003904" lon="55.50866929022438">
        <ele>928</ele>
      </trkpt>
      <trkpt lat="-21.0621604273597" lon="55.50858934016409">
        <ele>914</ele>
      </trkpt>
      <trkpt lat="-21.0620900101588" lon="55.50849950863569">
        <ele>914</ele>
      </trkpt>
      <trkpt lat="-21.062030490832054" lon="55.50834948998323">
        <ele>912</ele>
      </trkpt>
      <trkpt lat="-21.062010371617635" lon="55.50822911573516">
        <ele>910</ele>
      </trkpt>
      <trkpt lat="-21.062030490832054" lon="55.507939858213675">
        <ele>910</ele>
      </trkpt>
      <trkpt lat="-21.062170486957097" lon="55.507299359416095">
        <ele>909</ele>
      </trkpt>
      <trkpt lat="-21.062190606149876" lon="55.507119696359275">
        <ele>904</ele>
      </trkpt>
      <trkpt lat="-21.062150367761596" lon="55.50700920357933">
        <ele>901</ele>
      </trkpt>
      <trkpt lat="-21.0620900101588" lon="55.506939134987164">
        <ele>901</ele>
      </trkpt>
      <trkpt lat="-21.061910613805917" lon="55.50679989611813">
        <ele>895</ele>
      </trkpt>
      <trkpt lat="-21.06186031572424" lon="55.50684930345876">
        <ele>870</ele>
      </trkpt>
      <trkpt lat="-21.061480564658645" lon="55.50692925351904">
        <ele>869</ele>
      </trkpt>
      <trkpt lat="-21.061390027837653" lon="55.50689960911466">
        <ele>870</ele>
      </trkpt>
      <trkpt lat="-21.061340567884407" lon="55.50686996471029">
        <ele>871</ele>
      </trkpt>
      <trkpt lat="-21.061248354368345" lon="55.50662113137658">
        <ele>897</ele>
      </trkpt>
      <trkpt lat="-21.061150272656718" lon="55.50635972162891">
        <ele>862</ele>
      </trkpt>
      <trkpt lat="-21.061180451651815" lon="55.50633995869266">
        <ele>862</ele>
      </trkpt>
      <trkpt lat="-21.06155014384473" lon="55.50629953450487">
        <ele>870</ele>
      </trkpt>
      <trkpt lat="-21.06163062093504" lon="55.50629953450487">
        <ele>870</ele>
      </trkpt>
      <trkpt lat="-21.061850256105856" lon="55.50633995869266">
        <ele>870</ele>
      </trkpt>
      <trkpt lat="-21.061880434958947" lon="55.50629953450487">
        <ele>870</ele>
      </trkpt>
      <trkpt lat="-21.061880434958947" lon="55.506249228848965">
        <ele>870</ele>
      </trkpt>
      <trkpt lat="-21.06180079630561" lon="55.50615939732055">
        <ele>871</ele>
      </trkpt>
      <trkpt lat="-21.061730378934488" lon="55.50611987144805">
        <ele>871</ele>
      </trkpt>
      <trkpt lat="-21.06159038239533" lon="55.50605968432401">
        <ele>870</ele>
      </trkpt>
      <trkpt lat="-21.06135062753725" lon="55.50605968432401">
        <ele>864</ele>
      </trkpt>
      <trkpt lat="-21.061290269609998" lon="55.50602914160435">
        <ele>862</ele>
      </trkpt>
      <trkpt lat="-21.060930636452593" lon="55.50575964701912">
        <ele>849</ele>
      </trkpt>
      <trkpt lat="-21.060680820833944" lon="55.50568957842695">
        <ele>847</ele>
      </trkpt>
      <trkpt lat="-21.060330407615076" lon="55.50551979683826">
        <ele>838</ele>
      </trkpt>
      <trkpt lat="-21.060270049273978" lon="55.505499135586724">
        <ele>838</ele>
      </trkpt>
      <trkpt lat="-21.060210529219162" lon="55.505489254118594">
        <ele>838</ele>
      </trkpt>
      <trkpt lat="-21.060160230562758" lon="55.50550991537013">
        <ele>837</ele>
      </trkpt>
      <trkpt lat="-21.060090650726693" lon="55.50557998396229">
        <ele>837</ele>
      </trkpt>
      <trkpt lat="-21.060030292288324" lon="55.505699459895084">
        <ele>837</ele>
      </trkpt>
      <trkpt lat="-21.059960712391483" lon="55.5057093413632">
        <ele>836</ele>
      </trkpt>
      <trkpt lat="-21.059940592897174" lon="55.50568957842695">
        <ele>835</ele>
      </trkpt>
      <trkpt lat="-21.059940592897174" lon="55.50559974689854">
        <ele>835</ele>
      </trkpt>
      <trkpt lat="-21.059960712391483" lon="55.50553955977451">
        <ele>835</ele>
      </trkpt>
      <trkpt lat="-21.06012082993669" lon="55.505349116934276">
        <ele>836</ele>
      </trkpt>
      <trkpt lat="-21.060200469489246" lon="55.5053194725299">
        <ele>836</ele>
      </trkpt>
      <trkpt lat="-21.06048046505146" lon="55.50528982812552">
        <ele>837</ele>
      </trkpt>
      <trkpt lat="-21.060500584472766" lon="55.50522964100149">
        <ele>837</ele>
      </trkpt>
      <trkpt lat="-21.06044022620069" lon="55.50516945387745">
        <ele>837</ele>
      </trkpt>
      <trkpt lat="-21.060160230562758" lon="55.505049977944665">
        <ele>835</ele>
      </trkpt>
      <trkpt lat="-21.06012082993669" lon="55.505019435225">
        <ele>835</ele>
      </trkpt>
      <trkpt lat="-21.06011077020071" lon="55.50498979082062">
        <ele>835</ele>
      </trkpt>
      <trkpt lat="-21.06012082993669" lon="55.50494936663284">
        <ele>835</ele>
      </trkpt>
      <trkpt lat="-21.060140111095436" lon="55.50492960369659">
        <ele>834</ele>
      </trkpt>
      <trkpt lat="-21.06018035002737" lon="55.504919722228465">
        <ele>834</ele>
      </trkpt>
      <trkpt lat="-21.060330407615076" lon="55.50492960369659">
        <ele>829</ele>
      </trkpt>
      <trkpt lat="-21.060350527056674" lon="55.50485953510443">
        <ele>823</ele>
      </trkpt>
      <trkpt lat="-21.060350527056674" lon="55.504769703576024">
        <ele>823</ele>
      </trkpt>
      <trkpt lat="-21.060200469489246" lon="55.504609803455445">
        <ele>824</ele>
      </trkpt>
      <trkpt lat="-21.06012082993669" lon="55.50446966627112">
        <ele>821</ele>
      </trkpt>
      <trkpt lat="-21.060050411770494" lon="55.504399597678955">
        <ele>821</ele>
      </trkpt>
      <trkpt lat="-21.059920473400158" lon="55.50434929202305">
        <ele>820</ele>
      </trkpt>
      <trkpt lat="-21.05957005839065" lon="55.50430976615055">
        <ele>820</ele>
      </trkpt>
      <trkpt lat="-21.059490418500676" lon="55.504279223430885">
        <ele>820</ele>
      </trkpt>
      <trkpt lat="-21.05941077856807" lon="55.5041992733706">
        <ele>820</ele>
      </trkpt>
      <trkpt lat="-21.059270779846386" lon="55.50395942318974">
        <ele>820</ele>
      </trkpt>
      <trkpt lat="-21.059080481971577" lon="55.5037698786648">
        <ele>818</ele>
      </trkpt>
      <trkpt lat="-21.059030182933157" lon="55.503709691540756">
        <ele>817</ele>
      </trkpt>
      <trkpt lat="-21.059030182933157" lon="55.50366926735297">
        <ele>816</ele>
      </trkpt>
      <trkpt lat="-21.059080481971577" lon="55.5036396229486">
        <ele>816</ele>
      </trkpt>
      <trkpt lat="-21.05941077856807" lon="55.50386959166133">
        <ele>818</ele>
      </trkpt>
      <trkpt lat="-21.059490418500676" lon="55.503889354597575">
        <ele>818</ele>
      </trkpt>
      <trkpt lat="-21.059510538055846" lon="55.503859710193204">
        <ele>818</ele>
      </trkpt>
      <trkpt lat="-21.05940071878407" lon="55.50374921741325">
        <ele>817</ele>
      </trkpt>
      <trkpt lat="-21.0592506602588" lon="55.50353990995205">
        <ele>817</ele>
      </trkpt>
      <trkpt lat="-21.059140002478387" lon="55.50342941717211">
        <ele>816</ele>
      </trkpt>
      <trkpt lat="-21.058910303489725" lon="55.50336923004807">
        <ele>814</ele>
      </trkpt>
      <trkpt lat="-21.0588901838534" lon="55.50332970417557">
        <ele>815</ele>
      </trkpt>
      <trkpt lat="-21.058910303489725" lon="55.50328927998779">
        <ele>816</ele>
      </trkpt>
      <trkpt lat="-21.05906036235824" lon="55.50328927998779">
        <ele>817</ele>
      </trkpt>
      <trkpt lat="-21.059120721190055" lon="55.50324975411529">
        <ele>818</ele>
      </trkpt>
      <trkpt lat="-21.059170181881203" lon="55.50317968552313">
        <ele>819</ele>
      </trkpt>
      <trkpt lat="-21.059160122080947" lon="55.50311949839909">
        <ele>821</ele>
      </trkpt>
      <trkpt lat="-21.059080481971577" lon="55.502959598278515">
        <ele>822</ele>
      </trkpt>
      <trkpt lat="-21.05907042216525" lon="55.50291917409073">
        <ele>846</ele>
      </trkpt>
      <trkpt lat="-21.05907042216525" lon="55.50280957962607">
        <ele>846</ele>
      </trkpt>
      <trkpt lat="-21.059030182933157" lon="55.502719748097654">
        <ele>846</ele>
      </trkpt>
      <trkpt lat="-21.058850782891025" lon="55.50259937384958">
        <ele>846</ele>
      </trkpt>
      <trkpt lat="-21.058600125460604" lon="55.50241971079276">
        <ele>836</ele>
      </trkpt>
      <trkpt lat="-21.05842072489999" lon="55.50226969214032">
        <ele>823</ele>
      </trkpt>
      <trkpt lat="-21.058360365784235" lon="55.502159199360364">
        <ele>811</ele>
      </trkpt>
      <trkpt lat="-21.058270665386434" lon="55.50186994183888">
        <ele>802</ele>
      </trkpt>
      <trkpt lat="-21.05819018647884" lon="55.50172980465455">
        <ele>803</ele>
      </trkpt>
      <trkpt lat="-21.058060246484082" lon="55.501579786002104">
        <ele>804</ele>
      </trkpt>
      <trkpt lat="-21.05796048602401" lon="55.50149983594182">
        <ele>802</ele>
      </trkpt>
      <trkpt lat="-21.05779030626131" lon="55.50141988588153">
        <ele>803</ele>
      </trkpt>
      <trkpt lat="-21.05743066464475" lon="55.50139922463">
        <ele>800</ele>
      </trkpt>
      <trkpt lat="-21.057290664060158" lon="55.50136958022563">
        <ele>762</ele>
      </trkpt>
      <trkpt lat="-21.057250424346783" lon="55.5013596987575">
        <ele>762</ele>
      </trkpt>
      <trkpt lat="-21.0572001246898" lon="55.501379461693745">
        <ele>762</ele>
      </trkpt>
      <trkpt lat="-21.057090303712943" lon="55.501479174690296">
        <ele>762</ele>
      </trkpt>
      <trkpt lat="-21.057030782386285" lon="55.501509717409945">
        <ele>762</ele>
      </trkpt>
      <trkpt lat="-21.056970422706765" lon="55.501519598878076">
        <ele>762</ele>
      </trkpt>
      <trkpt lat="-21.05688072147114" lon="55.50143964881779">
        <ele>762</ele>
      </trkpt>
      <trkpt lat="-21.056840481646944" lon="55.50142976734966">
        <ele>762</ele>
      </trkpt>
      <trkpt lat="-21.05691006300276" lon="55.50113961151288">
        <ele>755</ele>
      </trkpt>
      <trkpt lat="-21.0568706615161" lon="55.500999474328566">
        <ele>754</ele>
      </trkpt>
      <trkpt lat="-21.056890781425498" lon="55.50094916867266">
        <ele>754</ele>
      </trkpt>
      <trkpt lat="-21.057090303712943" lon="55.500759624147705">
        <ele>753</ele>
      </trkpt>
      <trkpt lat="-21.05712048353146" lon="55.50068955555554">
        <ele>754</ele>
      </trkpt>
      <trkpt lat="-21.057100363653134" lon="55.50066979261929">
        <ele>749</ele>
      </trkpt>
      <trkpt lat="-21.057030782386285" lon="55.50074974267958">
        <ele>736</ele>
      </trkpt>
      <trkpt lat="-21.05678012189023" lon="55.500839574207994">
        <ele>734</ele>
      </trkpt>
      <trkpt lat="-21.05668036057202" lon="55.500959948456064">
        <ele>732</ele>
      </trkpt>
      <trkpt lat="-21.05667030060345" lon="55.50092940573641">
        <ele>730</ele>
      </trkpt>
      <trkpt lat="-21.05671054047365" lon="55.500799150020214">
        <ele>729</ele>
      </trkpt>
      <trkpt lat="-21.05670048050713" lon="55.500799150020214">
        <ele>728</ele>
      </trkpt>
      <trkpt lat="-21.0565705392116" lon="55.5008898798639">
        <ele>727</ele>
      </trkpt>
      <trkpt lat="-21.056310656280186" lon="55.50094916867266">
        <ele>727</ele>
      </trkpt>
      <trkpt lat="-21.056230176312617" lon="55.50094916867266">
        <ele>727</ele>
      </trkpt>
      <trkpt lat="-21.056180714644288" lon="55.50091952426828">
        <ele>727</ele>
      </trkpt>
      <trkpt lat="-21.056150534635204" lon="55.50092940573641">
        <ele>727</ele>
      </trkpt>
      <trkpt lat="-21.056120354620003" lon="55.5008898798639">
        <ele>728</ele>
      </trkpt>
      <trkpt lat="-21.05609017459866" lon="55.50091952426828">
        <ele>728</ele>
      </trkpt>
      <trkpt lat="-21.05601053284634" lon="55.50090964280015">
        <ele>728</ele>
      </trkpt>
      <trkpt lat="-21.05607005458105" lon="55.50082969273986">
        <ele>728</ele>
      </trkpt>
      <trkpt lat="-21.056060832905395" lon="55.50081981127175">
        <ele>729</ele>
      </trkpt>
      <trkpt lat="-21.05601053284634" lon="55.50084945567612">
        <ele>730</ele>
      </trkpt>
      <trkpt lat="-21.055960232770275" lon="55.50081981127175">
        <ele>707</ele>
      </trkpt>
      <trkpt lat="-21.055770768997824" lon="55.50061948696338">
        <ele>710</ele>
      </trkpt>
      <trkpt lat="-21.05572046884072" lon="55.500649131367766">
        <ele>710</ele>
      </trkpt>
      <trkpt lat="-21.05554022647151" lon="55.50059972402713">
        <ele>710</ele>
      </trkpt>
      <trkpt lat="-21.055480704524886" lon="55.500549418371236">
        <ele>710</ele>
      </trkpt>
      <trkpt lat="-21.05539016405341" lon="55.50050989249872">
        <ele>710</ele>
      </trkpt>
      <trkpt lat="-21.05518057941737" lon="55.5003697553144">
        <ele>710</ele>
      </trkpt>
      <trkpt lat="-21.055050636794814" lon="55.50020985519382">
        <ele>710</ele>
      </trkpt>
      <trkpt lat="-21.055030516636663" lon="55.50015954953791">
        <ele>734</ele>
      </trkpt>
      <trkpt lat="-21.05500033639432" lon="55.50012990513354">
        <ele>735</ele>
      </trkpt>
      <trkpt lat="-21.054930754145637" lon="55.50012990513354">
        <ele>736</ele>
      </trkpt>
      <trkpt lat="-21.05484021333959" lon="55.50007959947762">
        <ele>737</ele>
      </trkpt>
      <trkpt lat="-21.054780691113027" lon="55.5000194123536">
        <ele>738</ele>
      </trkpt>
      <trkpt lat="-21.0546901502157" lon="55.49987927516928">
        <ele>739</ele>
      </trkpt>
      <trkpt lat="-21.0546901502157" lon="55.49981998636052">
        <ele>739</ele>
      </trkpt>
      <trkpt lat="-21.054730390621312" lon="55.49975979923648">
        <ele>739</ele>
      </trkpt>
      <trkpt lat="-21.054810033058683" lon="55.49971937504869">
        <ele>739</ele>
      </trkpt>
      <trkpt lat="-21.054830153246638" lon="55.499699612112444">
        <ele>739</ele>
      </trkpt>
      <trkpt lat="-21.054830153246638" lon="55.499659187924664">
        <ele>739</ele>
      </trkpt>
      <trkpt lat="-21.054810033058683" lon="55.499629543520285">
        <ele>739</ele>
      </trkpt>
      <trkpt lat="-21.05475051082004" lon="55.49960978058403">
        <ele>739</ele>
      </trkpt>
      <trkpt lat="-21.0546800901126" lon="55.49959989911591">
        <ele>739</ele>
      </trkpt>
      <trkpt lat="-21.05464068803557" lon="55.49961966205216">
        <ele>739</ele>
      </trkpt>
      <trkpt lat="-21.054580327386688" lon="55.49967984917619">
        <ele>739</ele>
      </trkpt>
      <trkpt lat="-21.05452080505619" lon="55.49968973064432">
        <ele>739</ele>
      </trkpt>
      <trkpt lat="-21.054300320723137" lon="55.4996394249884">
        <ele>739</ele>
      </trkpt>
      <trkpt lat="-21.05412007663406" lon="55.4995091692722">
        <ele>739</ele>
      </trkpt>
      <trkpt lat="-21.0540203135328" lon="55.49948940633596">
        <ele>739</ele>
      </trkpt>
      <trkpt lat="-21.054000193235368" lon="55.49942921921193">
        <ele>738</ele>
      </trkpt>
      <trkpt lat="-21.0540203135328" lon="55.49940945627567">
        <ele>748</ele>
      </trkpt>
      <trkpt lat="-21.054070614264482" lon="55.49939957480755">
        <ele>748</ele>
      </trkpt>
      <trkpt lat="-21.05417037733204" lon="55.4993798118713">
        <ele>776</ele>
      </trkpt>
      <trkpt lat="-21.054240798280635" lon="55.49933938768351">
        <ele>775</ele>
      </trkpt>
      <trkpt lat="-21.054290260593675" lon="55.49928998034289">
        <ele>773</ele>
      </trkpt>
      <trkpt lat="-21.054420203880092" lon="55.499079774566404">
        <ele>775</ele>
      </trkpt>
      <trkpt lat="-21.054430264000768" lon="55.49893963738208">
        <ele>776</ele>
      </trkpt>
      <trkpt lat="-21.054370741610256" lon="55.49878961872963">
        <ele>778</ele>
      </trkpt>
      <trkpt lat="-21.054390023514014" lon="55.49873931307373">
        <ele>778</ele>
      </trkpt>
      <trkpt lat="-21.054440324120748" lon="55.49875997432525">
        <ele>778</ele>
      </trkpt>
      <trkpt lat="-21.05456020716495" lon="55.49888933172616">
        <ele>777</ele>
      </trkpt>
      <trkpt lat="-21.05460044760569" lon="55.49888933172616">
        <ele>777</ele>
      </trkpt>
      <trkpt lat="-21.054630627929114" lon="55.49885968732179">
        <ele>777</ele>
      </trkpt>
      <trkpt lat="-21.054620567821996" lon="55.49875997432525">
        <ele>779</ele>
      </trkpt>
      <trkpt lat="-21.0544906247105" lon="55.498449157236955">
        <ele>783</ele>
      </trkpt>
      <trkpt lat="-21.05440008363671" lon="55.498359325708535">
        <ele>784</ele>
      </trkpt>
      <trkpt lat="-21.054380801734254" lon="55.49826949418012">
        <ele>788</ele>
      </trkpt>
      <trkpt lat="-21.054350621360186" lon="55.49806916987177">
        <ele>790</ele>
      </trkpt>
      <trkpt lat="-21.054330501107405" lon="55.49797933834335">
        <ele>791</ele>
      </trkpt>
      <trkpt lat="-21.054250020069073" lon="55.49783920115904">
        <ele>802</ele>
      </trkpt>
      <trkpt lat="-21.05422067801302" lon="55.49742956938947">
        <ele>820</ele>
      </trkpt>
      <trkpt lat="-21.054240798280635" lon="55.49728943220516">
        <ele>824</ele>
      </trkpt>
      <trkpt lat="-21.054300320723137" lon="55.49714929502084">
        <ele>828</ele>
      </trkpt>
      <trkpt lat="-21.05417037733204" lon="55.49689956337184">
        <ele>834</ele>
      </trkpt>
      <trkpt lat="-21.05427014033273" lon="55.49671990031502">
        <ele>836</ele>
      </trkpt>
      <trkpt lat="-21.05419049760647" lon="55.49653933894292">
        <ele>840</ele>
      </trkpt>
      <trkpt lat="-21.05419049760647" lon="55.496419863010125">
        <ele>841</ele>
      </trkpt>
      <trkpt lat="-21.054440324120748" lon="55.496029994176816">
        <ele>845</ele>
      </trkpt>
      <trkpt lat="-21.054350621360186" lon="55.495859314272835">
        <ele>853</ele>
      </trkpt>
      <trkpt lat="-21.05436068148556" lon="55.49572995687193">
        <ele>855</ele>
      </trkpt>
      <trkpt lat="-21.05434056123414" lon="55.49559970115573">
        <ele>856</ele>
      </trkpt>
      <trkpt lat="-21.054210617878184" lon="55.495479326907656">
        <ele>857</ele>
      </trkpt>
      <trkpt lat="-21.0540907345524" lon="55.49533918972333">
        <ele>859</ele>
      </trkpt>
      <trkpt lat="-21.0540907345524" lon="55.495119102478725">
        <ele>861</ele>
      </trkpt>
      <trkpt lat="-21.054060554119506" lon="55.495039152418435">
        <ele>862</ele>
      </trkpt>
      <trkpt lat="-21.054000193235368" lon="55.4949897450778">
        <ele>862</ele>
      </trkpt>
      <trkpt lat="-21.053900430053726" lon="55.49496998214155">
        <ele>863</ele>
      </trkpt>
      <trkpt lat="-21.053820787129656" lon="55.4948999135494">
        <ele>864</ele>
      </trkpt>
      <trkpt lat="-21.053800666805234" lon="55.494799302237574">
        <ele>865</ele>
      </trkpt>
      <trkpt lat="-21.053860189423734" lon="55.49465916505326">
        <ele>868</ele>
      </trkpt>
      <trkpt lat="-21.053940670672862" lon="55.49457921499297">
        <ele>868</ele>
      </trkpt>
      <trkpt lat="-21.053990133085616" lon="55.494569333524844">
        <ele>868</ele>
      </trkpt>
      <trkpt lat="-21.054130136775033" lon="55.49459987624449">
        <ele>867</ele>
      </trkpt>
      <trkpt lat="-21.054230738147172" lon="55.49475977636508">
        <ele>865</ele>
      </trkpt>
      <trkpt lat="-21.054280200463534" lon="55.49476965783319">
        <ele>866</ele>
      </trkpt>
      <trkpt lat="-21.054320440979982" lon="55.494729233645415">
        <ele>867</ele>
      </trkpt>
      <trkpt lat="-21.054330501107405" lon="55.494619639180755">
        <ele>869</ele>
      </trkpt>
      <trkpt lat="-21.054330501107405" lon="55.49443997612392">
        <ele>871</ele>
      </trkpt>
      <trkpt lat="-21.054300320723137" lon="55.49429983893961">
        <ele>872</ele>
      </trkpt>
      <trkpt lat="-21.054150257054896" lon="55.49400968310284">
        <ele>873</ele>
      </trkpt>
      <trkpt lat="-21.054110016492427" lon="55.4938695459185">
        <ele>875</ele>
      </trkpt>
      <trkpt lat="-21.054160317193805" lon="55.493669221610155">
        <ele>877</ele>
      </trkpt>
      <trkpt lat="-21.0541401969153" lon="55.49353986420923">
        <ele>879</ele>
      </trkpt>
      <trkpt lat="-21.054150257054896" lon="55.49344913436554">
        <ele>880</ele>
      </trkpt>
      <trkpt lat="-21.05420055774267" lon="55.49329911571309">
        <ele>912</ele>
      </trkpt>
      <trkpt lat="-21.05420055774267" lon="55.4932595898406">
        <ele>912</ele>
      </trkpt>
      <trkpt lat="-21.054070614264482" lon="55.49300985819161">
        <ele>898</ele>
      </trkpt>
      <trkpt lat="-21.054010253384416" lon="55.492839178287625">
        <ele>892</ele>
      </trkpt>
      <trkpt lat="-21.054000193235368" lon="55.492719702354826">
        <ele>914</ele>
      </trkpt>
      <trkpt lat="-21.05417037733204" lon="55.49238912233028">
        <ele>917</ele>
      </trkpt>
      <trkpt lat="-21.05419049760647" lon="55.49225976492936">
        <ele>922</ele>
      </trkpt>
      <trkpt lat="-21.0541804374696" lon="55.492059440621006">
        <ele>953</ele>
      </trkpt>
      <trkpt lat="-21.054160317193805" lon="55.49199925349697">
        <ele>962</ele>
      </trkpt>
      <trkpt lat="-21.054230738147172" lon="55.49180970897203">
        <ele>962</ele>
      </trkpt>
      <trkpt lat="-21.054240798280635" lon="55.491749521847986">
        <ele>965</ele>
      </trkpt>
      <trkpt lat="-21.05419049760647" lon="55.491619266131785">
        <ele>966</ele>
      </trkpt>
      <trkpt lat="-21.054130136775033" lon="55.49155997732304">
        <ele>965</ele>
      </trkpt>
      <trkpt lat="-21.0540907345524" lon="55.49149979019901">
        <ele>966</ele>
      </trkpt>
      <trkpt lat="-21.0541401969153" lon="55.49145936601122">
        <ele>965</ele>
      </trkpt>
      <trkpt lat="-21.054060554119506" lon="55.49137941595093">
        <ele>965</ele>
      </trkpt>
      <trkpt lat="-21.054040433827513" lon="55.49132911029502">
        <ele>965</ele>
      </trkpt>
      <trkpt lat="-21.0541401969153" lon="55.49108926011416">
        <ele>967</ele>
      </trkpt>
      <trkpt lat="-21.05417037733204" lon="55.49104973424166">
        <ele>967</ele>
      </trkpt>
      <trkpt lat="-21.054110016492427" lon="55.49085929140143">
        <ele>968</ele>
      </trkpt>
      <trkpt lat="-21.053970012784113" lon="55.49055925409653">
        <ele>972</ele>
      </trkpt>
      <trkpt lat="-21.053970012784113" lon="55.49046942256811">
        <ele>975</ele>
      </trkpt>
      <trkpt lat="-21.053930610519092" lon="55.490349946635334">
        <ele>977</ele>
      </trkpt>
      <trkpt lat="-21.053960790978337" lon="55.490349946635334">
        <ele>977</ele>
      </trkpt>
      <trkpt lat="-21.054010253384416" lon="55.490389472507836">
        <ele>976</ele>
      </trkpt>
      <trkpt lat="-21.054040433827513" lon="55.490379591039705">
        <ele>976</ele>
      </trkpt>
      <trkpt lat="-21.0540907345524" lon="55.49018914819947">
        <ele>979</ele>
      </trkpt>
      <trkpt lat="-21.054070614264482" lon="55.490099316671056">
        <ele>981</ele>
      </trkpt>
      <trkpt lat="-21.053980072935207" lon="55.48995917948673">
        <ele>985</ele>
      </trkpt>
      <trkpt lat="-21.053960790978337" lon="55.4897399905574">
        <ele>989</ele>
      </trkpt>
      <trkpt lat="-21.05391049020953" lon="55.48969956636962">
        <ele>990</ele>
      </trkpt>
      <trkpt lat="-21.053830008944093" lon="55.48964926071371">
        <ele>993</ele>
      </trkpt>
      <trkpt lat="-21.053830008944093" lon="55.48926927334853">
        <ele>998</ele>
      </trkpt>
      <trkpt lat="-21.053860189423734" lon="55.489169560351996">
        <ele>999</ele>
      </trkpt>
      <trkpt lat="-21.053860189423734" lon="55.489059965887336">
        <ele>1000</ele>
      </trkpt>
      <trkpt lat="-21.053810726967782" lon="55.48894947310738">
        <ele>1006</ele>
      </trkpt>
      <trkpt lat="-21.053830008944093" lon="55.48871950439465">
        <ele>1009</ele>
      </trkpt>
      <trkpt lat="-21.053820787129656" lon="55.488569485742204">
        <ele>1013</ele>
      </trkpt>
      <trkpt lat="-21.053880309740098" lon="55.48842934855788">
        <ele>1013</ele>
      </trkpt>
      <trkpt lat="-21.053880309740098" lon="55.488229922564805">
        <ele>1017</ele>
      </trkpt>
      <trkpt lat="-21.053900430053726" lon="55.48809966684861">
        <ele>1020</ele>
      </trkpt>
      <trkpt lat="-21.053970012784113" lon="55.487979292600535">
        <ele>1022</ele>
      </trkpt>
      <trkpt lat="-21.0541401969153" lon="55.48763972942314">
        <ele>1030</ele>
      </trkpt>
      <trkpt lat="-21.054240798280635" lon="55.487319929182">
        <ele>1033</ele>
      </trkpt>
      <trkpt lat="-21.054250020069073" lon="55.48721931787017">
        <ele>1034</ele>
      </trkpt>
      <trkpt lat="-21.054230738147172" lon="55.48694982328494">
        <ele>1036</ele>
      </trkpt>
      <trkpt lat="-21.054306189131662" lon="55.48672524446391">
        <ele>1037</ele>
      </trkpt>
      <trkpt lat="-21.05427014033273" lon="55.48657432749617">
        <ele>1039</ele>
      </trkpt>
      <trkpt lat="-21.054178760780047" lon="55.48646742797736">
        <ele>1040</ele>
      </trkpt>
      <trkpt lat="-21.054070614264482" lon="55.486499767327594">
        <ele>1038</ele>
      </trkpt>
      <trkpt lat="-21.053940670672862" lon="55.48664978598004">
        <ele>1038</ele>
      </trkpt>
      <trkpt lat="-21.05387024958226" lon="55.48664978598004">
        <ele>1037</ele>
      </trkpt>
      <trkpt lat="-21.053780546478105" lon="55.4866291247285">
        <ele>1037</ele>
      </trkpt>
      <trkpt lat="-21.053730245648403" lon="55.48658959885601">
        <ele>1037</ele>
      </trkpt>
      <trkpt lat="-21.053600301759612" lon="55.48640993579919">
        <ele>1037</ele>
      </trkpt>
      <trkpt lat="-21.05335047383539" lon="55.486299443019234">
        <ele>1037</ele>
      </trkpt>
      <trkpt lat="-21.053210469412633" lon="55.486139542898655">
        <ele>1035</ele>
      </trkpt>
      <trkpt lat="-21.053010103572518" lon="55.48605959283837">
        <ele>1033</ele>
      </trkpt>
      <trkpt lat="-21.05287009882962" lon="55.48592933712218">
        <ele>1031</ele>
      </trkpt>
      <trkpt lat="-21.052880159055054" lon="55.48586914999814">
        <ele>1031</ele>
      </trkpt>
      <trkpt lat="-21.0529707010534" lon="55.48568948694132">
        <ele>1030</ele>
      </trkpt>
      <trkpt lat="-21.0529707010534" lon="55.48563918128541">
        <ele>1030</ele>
      </trkpt>
      <trkpt lat="-21.053000043355866" lon="55.48553946828887">
        <ele>1030</ele>
      </trkpt>
      <trkpt lat="-21.0529707010534" lon="55.48547928116483">
        <ele>1030</ele>
      </trkpt>
      <trkpt lat="-21.05283069627343" lon="55.485419992356086">
        <ele>1029</ele>
      </trkpt>
      <trkpt lat="-21.05272003371943" lon="55.48530949957614">
        <ele>1029</ele>
      </trkpt>
      <trkpt lat="-21.05263032992211" lon="55.485279855171754">
        <ele>1029</ele>
      </trkpt>
      <trkpt lat="-21.052440023556272" lon="55.48529961810801">
        <ele>1029</ele>
      </trkpt>
      <trkpt lat="-21.052350319590204" lon="55.485289736639885">
        <ele>1028</ele>
      </trkpt>
      <trkpt lat="-21.052290796367924" lon="55.4852493124521">
        <ele>1028</ele>
      </trkpt>
      <trkpt lat="-21.052200253956016" lon="55.485159480923684">
        <ele>1027</ele>
      </trkpt>
      <trkpt lat="-21.05216001286638" lon="55.485049886459024">
        <ele>1027</ele>
      </trkpt>
      <trkpt lat="-21.052130670398324" lon="55.48491963074283">
        <ele>1027</ele>
      </trkpt>
      <trkpt lat="-21.0521700731398" lon="55.484699543498216">
        <ele>1027</ele>
      </trkpt>
      <trkpt lat="-21.0521700731398" lon="55.48460971196981">
        <ele>1027</ele>
      </trkpt>
      <trkpt lat="-21.05216001286638" lon="55.484539643377644">
        <ele>1027</ele>
      </trkpt>
      <trkpt lat="-21.052100489567998" lon="55.48440938766145">
        <ele>1026</ele>
      </trkpt>
      <trkpt lat="-21.052090429289866" lon="55.48430967466491">
        <ele>1026</ele>
      </trkpt>
      <trkpt lat="-21.052090429289866" lon="55.48400963736001">
        <ele>1027</ele>
      </trkpt>
      <trkpt lat="-21.052150790948474" lon="55.4839593317041">
        <ele>1028</ele>
      </trkpt>
      <trkpt lat="-21.052230434766102" lon="55.484119231824685">
        <ele>1029</ele>
      </trkpt>
      <trkpt lat="-21.052350319590204" lon="55.48428991172866">
        <ele>1029</ele>
      </trkpt>
      <trkpt lat="-21.052470204317746" lon="55.48429979319678">
        <ele>1029</ele>
      </trkpt>
      <trkpt lat="-21.052580028703687" lon="55.48426925047712">
        <ele>1030</ele>
      </trkpt>
      <trkpt lat="-21.05269069136178" lon="55.48427913194524">
        <ele>1048</ele>
      </trkpt>
      <trkpt lat="-21.05272003371943" lon="55.48424948754087">
        <ele>1071</ele>
      </trkpt>
      <trkpt lat="-21.05269069136178" lon="55.484149774544335">
        <ele>1071</ele>
      </trkpt>
      <trkpt lat="-21.05263032992211" lon="55.48403928176439">
        <ele>1072</ele>
      </trkpt>
      <trkpt lat="-21.05261020943678" lon="55.483849737239446">
        <ele>1073</ele>
      </trkpt>
      <trkpt lat="-21.052580028703687" lon="55.483769787179156">
        <ele>1073</ele>
      </trkpt>
      <trkpt lat="-21.052570806811815" lon="55.48367995565074">
        <ele>1074</ele>
      </trkpt>
      <trkpt lat="-21.052510445323534" lon="55.48349939427863">
        <ele>1075</ele>
      </trkpt>
      <trkpt lat="-21.05254062607073" lon="55.48320923844186">
        <ele>1095</ele>
      </trkpt>
      <trkpt lat="-21.05261020943678" lon="55.48307988104095">
        <ele>1092</ele>
      </trkpt>
      <trkpt lat="-21.05262026967978" lon="55.48302957538503">
        <ele>1092</ele>
      </trkpt>
      <trkpt lat="-21.052580028703687" lon="55.48286967526447">
        <ele>1092</ele>
      </trkpt>
      <trkpt lat="-21.05256074656545" lon="55.482749301016405">
        <ele>1092</ele>
      </trkpt>
      <trkpt lat="-21.052538949362706" lon="55.48261545203906">
        <ele>1092</ele>
      </trkpt>
      <trkpt lat="-21.05262529980103" lon="55.48245016202678">
        <ele>1092</ele>
      </trkpt>
      <trkpt lat="-21.05269069136178" lon="55.4822399562503">
        <ele>1091</ele>
      </trkpt>
      <trkpt lat="-21.052780395122713" lon="55.48216988765814">
        <ele>1091</ele>
      </trkpt>
      <trkpt lat="-21.05284075650153" lon="55.48219953206251">
        <ele>1091</ele>
      </trkpt>
      <trkpt lat="-21.052910339727294" lon="55.48252921377179">
        <ele>1091</ele>
      </trkpt>
      <trkpt lat="-21.052910339727294" lon="55.48265946948798">
        <ele>1091</ele>
      </trkpt>
      <trkpt lat="-21.052930460172036" lon="55.48273941954827">
        <ele>1091</ele>
      </trkpt>
      <trkpt lat="-21.053100645491824" lon="55.48300981244879">
        <ele>1091</ele>
      </trkpt>
      <trkpt lat="-21.053170228596084" lon="55.483249662629646">
        <ele>1091</ele>
      </trkpt>
      <trkpt lat="-21.053230589816803" lon="55.483269425565894">
        <ele>1091</ele>
      </trkpt>
      <trkpt lat="-21.05326077041799" lon="55.48323978116152">
        <ele>1091</ele>
      </trkpt>
      <trkpt lat="-21.053270830617024" lon="55.483169712569364">
        <ele>1091</ele>
      </trkpt>
      <trkpt lat="-21.05322052961506" lon="55.482979269729135">
        <ele>1092</ele>
      </trkpt>
      <trkpt lat="-21.05322052961506" lon="55.48285979379634">
        <ele>1092</ele>
      </trkpt>
      <trkpt lat="-21.053270830617024" lon="55.48272953808014">
        <ele>1092</ele>
      </trkpt>
      <trkpt lat="-21.05326077041799" lon="55.48252921377179">
        <ele>1092</ele>
      </trkpt>
      <trkpt lat="-21.05335047383539" lon="55.48211958200222">
        <ele>1094</ele>
      </trkpt>
      <trkpt lat="-21.053550000868984" lon="55.48190937622575">
        <ele>1095</ele>
      </trkpt>
      <trkpt lat="-21.053747012593526" lon="55.481683899089425">
        <ele>1102</ele>
      </trkpt>
      <trkpt lat="-21.054150257054896" lon="55.48147998151993">
        <ele>1104</ele>
      </trkpt>
      <trkpt lat="-21.054450384240067" lon="55.48129942014782">
        <ele>1119</ele>
      </trkpt>
      <trkpt lat="-21.05460044760569" lon="55.48125989427532">
        <ele>1109</ele>
      </trkpt>
      <trkpt lat="-21.05472033052093" lon="55.481129638559125">
        <ele>1109</ele>
      </trkpt>
      <trkpt lat="-21.054810033058683" lon="55.480939195718896">
        <ele>1110</ele>
      </trkpt>
      <trkpt lat="-21.055120218987454" lon="55.48072988825769">
        <ele>1107</ele>
      </trkpt>
      <trkpt lat="-21.05525016154926" lon="55.48058975107337">
        <ele>1106</ele>
      </trkpt>
      <trkpt lat="-21.055360822222124" lon="55.48054932688558">
        <ele>1105</ele>
      </trkpt>
      <trkpt lat="-21.05554022647151" lon="55.48054932688558">
        <ele>1105</ele>
      </trkpt>
      <trkpt lat="-21.055700348773122" lon="55.48050980101308">
        <ele>1103</ele>
      </trkpt>
      <trkpt lat="-21.055830290828418" lon="55.48043973242092">
        <ele>1102</ele>
      </trkpt>
      <trkpt lat="-21.056050772894945" lon="55.48026995083222">
        <ele>1099</ele>
      </trkpt>
      <trkpt lat="-21.056300596286615" lon="55.48015945805227">
        <ele>1099</ele>
      </trkpt>
      <trkpt lat="-21.056410417846237" lon="55.48004986358762">
        <ele>1099</ele>
      </trkpt>
      <trkpt lat="-21.05653029930352" lon="55.479989676463575">
        <ele>1097</ele>
      </trkpt>
      <trkpt lat="-21.056690420539915" lon="55.47981989487488">
        <ele>1096</ele>
      </trkpt>
      <trkpt lat="-21.056770061928404" lon="55.47975970775084">
        <ele>1095</ele>
      </trkpt>
      <trkpt lat="-21.056950302808158" lon="55.4796492149709">
        <ele>1093</ele>
      </trkpt>
      <trkpt lat="-21.057100363653134" lon="55.47950997610186">
        <ele>1091</ele>
      </trkpt>
      <trkpt lat="-21.057140603407063" lon="55.4794794333822">
        <ele>1090</ele>
      </trkpt>
      <trkpt lat="-21.057140603407063" lon="55.4794794333822">
        <ele>1090</ele>
      </trkpt>
      <trkpt lat="-21.05730072398679" lon="55.47937972038566">
        <ele>1090</ele>
      </trkpt>
      <trkpt lat="-21.05750024572462" lon="55.47926922760572">
        <ele>1088</ele>
      </trkpt>
      <trkpt lat="-21.057580725005337" lon="55.479179396077306">
        <ele>1087</ele>
      </trkpt>
      <trkpt lat="-21.05770060551989" lon="55.47899973302049">
        <ele>1086</ele>
      </trkpt>
      <trkpt lat="-21.057900126721584" lon="55.47882995143178">
        <ele>1085</ele>
      </trkpt>
      <trkpt lat="-21.05803006685616" lon="55.47874910305621">
        <ele>1084</ele>
      </trkpt>
      <trkpt lat="-21.058060246484082" lon="55.47869969571558">
        <ele>1083</ele>
      </trkpt>
      <trkpt lat="-21.058080366232634" lon="55.47858920293564">
        <ele>1083</ele>
      </trkpt>
      <trkpt lat="-21.058160006877266" lon="55.478509252875355">
        <ele>1082</ele>
      </trkpt>
      <trkpt lat="-21.05843078475023" lon="55.4783592342229">
        <ele>1081</ele>
      </trkpt>
      <trkpt lat="-21.05853054489501" lon="55.47832958981852">
        <ele>1080</ele>
      </trkpt>
      <trkpt lat="-21.058750184641916" lon="55.478349352754776">
        <ele>1080</ele>
      </trkpt>
      <trkpt lat="-21.058810543599545" lon="55.4783197083504">
        <ele>1080</ele>
      </trkpt>
      <trkpt lat="-21.058860004393797" lon="55.478229876821985">
        <ele>1090</ele>
      </trkpt>
      <trkpt lat="-21.0588901838534" lon="55.4781499267617">
        <ele>1090</ele>
      </trkpt>
      <trkpt lat="-21.0588901838534" lon="55.478099621105784">
        <ele>1090</ele>
      </trkpt>
      <trkpt lat="-21.0589002436719" lon="55.477919958048965">
        <ele>1090</ele>
      </trkpt>
      <trkpt lat="-21.0588901838534" lon="55.47782922820527">
        <ele>1090</ele>
      </trkpt>
      <trkpt lat="-21.058850782891025" lon="55.477649565148454">
        <ele>1090</ele>
      </trkpt>
      <trkpt lat="-21.05878036412379" lon="55.477199509191095">
        <ele>1090</ele>
      </trkpt>
      <trkpt lat="-21.058710783642482" lon="55.476979421946496">
        <ele>1090</ele>
      </trkpt>
      <trkpt lat="-21.058680604146485" lon="55.476589553113186">
        <ele>1091</ele>
      </trkpt>
      <trkpt lat="-21.058670544313127" lon="55.47619968427987">
        <ele>1092</ele>
      </trkpt>
      <trkpt lat="-21.05858000578232" lon="55.47557984673383">
        <ele>1097</ele>
      </trkpt>
      <trkpt lat="-21.05846012597623" lon="55.47492946646814">
        <ele>1092</ele>
      </trkpt>
      <trkpt lat="-21.058440006279014" lon="55.47476956634756">
        <ele>1092</ele>
      </trkpt>
      <trkpt lat="-21.05842072489999" lon="55.47454947910295">
        <ele>1084</ele>
      </trkpt>
      <trkpt lat="-21.05843078475023" lon="55.474289865985845">
        <ele>1083</ele>
      </trkpt>
      <trkpt lat="-21.058360365784235" lon="55.47396916742941">
        <ele>1082</ele>
      </trkpt>
      <trkpt lat="-21.058330186217177" lon="55.47358918006423">
        <ele>1081</ele>
      </trkpt>
      <trkpt lat="-21.058340246073538" lon="55.473369991134895">
        <ele>1079</ele>
      </trkpt>
      <trkpt lat="-21.058330186217177" lon="55.473229853950585">
        <ele>1076</ele>
      </trkpt>
      <trkpt lat="-21.058310066502404" lon="55.47306995383001">
        <ele>1074</ele>
      </trkpt>
      <trkpt lat="-21.058260605525362" lon="55.47287951098978">
        <ele>1072</ele>
      </trkpt>
      <trkpt lat="-21.058246354054358" lon="55.47254084612766">
        <ele>1070</ele>
      </trkpt>
      <trkpt lat="-21.058230425938074" lon="55.472199486319695">
        <ele>1067</ele>
      </trkpt>
      <trkpt lat="-21.058170066745138" lon="55.47207911207162">
        <ele>1066</ele>
      </trkpt>
      <trkpt lat="-21.058160006877266" lon="55.471959636138834">
        <ele>1065</ele>
      </trkpt>
      <trkpt lat="-21.058220366074284" lon="55.47173954889422">
        <ele>1064</ele>
      </trkpt>
      <trkpt lat="-21.058340246073538" lon="55.471689243238316">
        <ele>1063</ele>
      </trkpt>
      <trkpt lat="-21.05845006612797" lon="55.47171978595797">
        <ele>1063</ele>
      </trkpt>
      <trkpt lat="-21.058540604737832" lon="55.47163983589769">
        <ele>1063</ele>
      </trkpt>
      <trkpt lat="-21.058570784262198" lon="55.471529343117744">
        <ele>1064</ele>
      </trkpt>
      <trkpt lat="-21.05878036412379" lon="55.47150958018149">
        <ele>1064</ele>
      </trkpt>
      <trkpt lat="-21.058820603423438" lon="55.4714296301212">
        <ele>1064</ele>
      </trkpt>
      <trkpt lat="-21.05892036330688" lon="55.471369442997165">
        <ele>1064</ele>
      </trkpt>
      <trkpt lat="-21.058930423123343" lon="55.471269730000635">
        <ele>1066</ele>
      </trkpt>
      <trkpt lat="-21.058940482939132" lon="55.47117989847222">
        <ele>1067</ele>
      </trkpt>
      <trkpt lat="-21.0589002436719" lon="55.47115923722068">
        <ele>1067</ele>
      </trkpt>
      <trkpt lat="-21.058840723069174" lon="55.47117989847222">
        <ele>1067</ele>
      </trkpt>
      <trkpt lat="-21.058760244469884" lon="55.471169118688806">
        <ele>1067</ele>
      </trkpt>
      <trkpt lat="-21.058610185298722" lon="55.471059524224145">
        <ele>1071</ele>
      </trkpt>
      <trkpt lat="-21.058570784262198" lon="55.471029879819774">
        <ele>1075</ele>
      </trkpt>
      <trkpt lat="-21.0585900656218" lon="55.47096969269573">
        <ele>1094</ele>
      </trkpt>
      <trkpt lat="-21.058610185298722" lon="55.47083943697953">
        <ele>1092</ele>
      </trkpt>
      <trkpt lat="-21.058710783642482" lon="55.47084931844766">
        <ele>1094</ele>
      </trkpt>
      <trkpt lat="-21.058820603423438" lon="55.470939149976076">
        <ele>1099</ele>
      </trkpt>
      <trkpt lat="-21.059010063313032" lon="55.471009218568234">
        <ele>1099</ele>
      </trkpt>
      <trkpt lat="-21.059100601582177" lon="55.47104964275602">
        <ele>1098</ele>
      </trkpt>
      <trkpt lat="-21.059350419853917" lon="55.47104964275602">
        <ele>1101</ele>
      </trkpt>
      <trkpt lat="-21.05941077856807" lon="55.47104964275602">
        <ele>1104</ele>
      </trkpt>
      <trkpt lat="-21.0599900533158" lon="55.47111971134818">
        <ele>1118</ele>
      </trkpt>
      <trkpt lat="-21.059850055139144" lon="55.47089962410357">
        <ele>1117</ele>
      </trkpt>
      <trkpt lat="-21.060090650726693" lon="55.470859199915786">
        <ele>1123</ele>
      </trkpt>
      <trkpt lat="-21.059940592897174" lon="55.470699299795214">
        <ele>1122</ele>
      </trkpt>
      <trkpt lat="-21.059950652644677" lon="55.470699299795214">
        <ele>1129</ele>
      </trkpt>
      <trkpt lat="-21.0601795117164" lon="55.47066157055328">
        <ele>1091</ele>
      </trkpt>
      <trkpt lat="-21.06044022620069" lon="55.470619349734925">
        <ele>1137</ele>
      </trkpt>
      <trkpt lat="-21.060490524762454" lon="55.4705699423943">
        <ele>1137</ele>
      </trkpt>
      <trkpt lat="-21.060710161616257" lon="55.47050975527027">
        <ele>1141</ele>
      </trkpt>
      <trkpt lat="-21.060810758540292" lon="55.470359736617816">
        <ele>1143</ele>
      </trkpt>
      <trkpt lat="-21.060820818228937" lon="55.470309430961905">
        <ele>1146</ele>
      </trkpt>
      <trkpt lat="-21.060810758540292" lon="55.47020971796537">
        <ele>1146</ele>
      </trkpt>
      <trkpt lat="-21.06090045740685" lon="55.47009922518542">
        <ele>1147</ele>
      </trkpt>
      <trkpt lat="-21.06059866661267" lon="55.4699312402273">
        <ele>1143</ele>
      </trkpt>
      <trkpt lat="-21.060461183936823" lon="55.46999232566661">
        <ele>1151</ele>
      </trkpt>
      <trkpt lat="-21.06044944760495" lon="55.46988183288667">
        <ele>1156</ele>
      </trkpt>
      <trkpt lat="-21.06059866661267" lon="55.4698459002753">
        <ele>1158</ele>
      </trkpt>
      <trkpt lat="-21.060592798452276" lon="55.46967971194774">
        <ele>1159</ele>
      </trkpt>
      <trkpt lat="-21.060470405339785" lon="55.46966174564206">
        <ele>1161</ele>
      </trkpt>
      <trkpt lat="-21.060470405339785" lon="55.46944974323501">
        <ele>1172</ele>
      </trkpt>
      <trkpt lat="-21.06036058677645" lon="55.46904999293358">
        <ele>1186</ele>
      </trkpt>
      <trkpt lat="-21.060210529219162" lon="55.46874995562868">
        <ele>1193</ele>
      </trkpt>
      <trkpt lat="-21.06018035002737" lon="55.468679887036515">
        <ele>1199</ele>
      </trkpt>
      <trkpt lat="-21.05997077213762" lon="55.46839961266787">
        <ele>1204</ele>
      </trkpt>
      <trkpt lat="-21.05991041365063" lon="55.46828911988792">
        <ele>1206</ele>
      </trkpt>
      <trkpt lat="-21.059880234397944" lon="55.46817952542326">
        <ele>1207</ele>
      </trkpt>
      <trkpt lat="-21.059870174645678" lon="55.46775911387029">
        <ele>1210</ele>
      </trkpt>
      <trkpt lat="-21.059890294149515" lon="55.467549806409096">
        <ele>1211</ele>
      </trkpt>
      <trkpt lat="-21.05978047515802" lon="55.46724797247363">
        <ele>1213</ele>
      </trkpt>
      <trkpt lat="-21.059820714187218" lon="55.46700991892334">
        <ele>1213</ele>
      </trkpt>
      <trkpt lat="-21.059790534916345" lon="55.466719763086566">
        <ele>1217</ele>
      </trkpt>
      <trkpt lat="-21.05981065443093" lon="55.4666496944944">
        <ele>1276</ele>
      </trkpt>
      <trkpt lat="-21.059820714187218" lon="55.466639813026276">
        <ele>1276</ele>
      </trkpt>
      <trkpt lat="-21.059870174645678" lon="55.466589507370365">
        <ele>1275</ele>
      </trkpt>
      <trkpt lat="-21.059950652644677" lon="55.46654998149786">
        <ele>1275</ele>
      </trkpt>
      <trkpt lat="-21.06001017280343" lon="55.46657962590225">
        <ele>1278</ele>
      </trkpt>
      <trkpt lat="-21.06008059098866" lon="55.46656974443412">
        <ele>1278</ele>
      </trkpt>
      <trkpt lat="-21.060050411770494" lon="55.46652932024633">
        <ele>1278</ele>
      </trkpt>
      <trkpt lat="-21.060030292288324" lon="55.46645925165418">
        <ele>1278</ele>
      </trkpt>
      <trkpt lat="-21.059960712391483" lon="55.46637930159388">
        <ele>1276</ele>
      </trkpt>
      <trkpt lat="-21.06011077020071" lon="55.46633977572138">
        <ele>1277</ele>
      </trkpt>
      <trkpt lat="-21.06019040975866" lon="55.466389183062006">
        <ele>1278</ele>
      </trkpt>
      <trkpt lat="-21.060210529219162" lon="55.466359538657635">
        <ele>1277</ele>
      </trkpt>
      <trkpt lat="-21.060250768132068" lon="55.46636942012575">
        <ele>1277</ele>
      </trkpt>
      <trkpt lat="-21.060270049273978" lon="55.466359538657635">
        <ele>1276</ele>
      </trkpt>
      <trkpt lat="-21.060240708404866" lon="55.46621940147331">
        <ele>1277</ele>
      </trkpt>
      <trkpt lat="-21.06026082785859" lon="55.46620952000519">
        <ele>1276</ele>
      </trkpt>
      <trkpt lat="-21.060330407615076" lon="55.466279588597345">
        <ele>1277</ele>
      </trkpt>
      <trkpt lat="-21.060500584472766" lon="55.46646913312229">
        <ele>1277</ele>
      </trkpt>
      <trkpt lat="-21.060580223822075" lon="55.46639996284542">
        <ele>1277</ele>
      </trkpt>
      <trkpt lat="-21.060680820833944" lon="55.466479912905704">
        <ele>1276</ele>
      </trkpt>
      <trkpt lat="-21.060810758540292" lon="55.46646913312229">
        <ele>1277</ele>
      </trkpt>
      <trkpt lat="-21.060980096542117" lon="55.46648979437383">
        <ele>1279</ele>
      </trkpt>
      <trkpt lat="-21.06074034070061" lon="55.46632989425325">
        <ele>1278</ele>
      </trkpt>
      <trkpt lat="-21.06075040039404" lon="55.466319114469854">
        <ele>1277</ele>
      </trkpt>
      <trkpt lat="-21.06076046008678" lon="55.466319114469854">
        <ele>1279</ele>
      </trkpt>
      <trkpt lat="-21.060910517089436" lon="55.466319114469854">
        <ele>1280</ele>
      </trkpt>
      <trkpt lat="-21.060870278354976" lon="55.46626970712922">
        <ele>1283</ele>
      </trkpt>
      <trkpt lat="-21.060790639160917" lon="55.46620952000519">
        <ele>1282</ele>
      </trkpt>
      <trkpt lat="-21.060800698850937" lon="55.466169994132684">
        <ele>1282</ele>
      </trkpt>
      <trkpt lat="-21.060840099296982" lon="55.46615921434927">
        <ele>1283</ele>
      </trkpt>
      <trkpt lat="-21.06089039772356" lon="55.46618975706894">
        <ele>1284</ele>
      </trkpt>
      <trkpt lat="-21.060970036864223" lon="55.46618975706894">
        <ele>1286</ele>
      </trkpt>
      <trkpt lat="-21.06109075295403" lon="55.466199638537056">
        <ele>1288</ele>
      </trkpt>
      <trkpt lat="-21.061060573940768" lon="55.46614933288116">
        <ele>1289</ele>
      </trkpt>
      <trkpt lat="-21.061060573940768" lon="55.4661295699449">
        <ele>1290</ele>
      </trkpt>
      <trkpt lat="-21.061150272656718" lon="55.46615921434927">
        <ele>1292</ele>
      </trkpt>
      <trkpt lat="-21.0612600906372" lon="55.46611968847677">
        <ele>1298</ele>
      </trkpt>
      <trkpt lat="-21.061230749963332" lon="55.466079264288986">
        <ele>1299</ele>
      </trkpt>
      <trkpt lat="-21.061150272656718" lon="55.46602985694836">
        <ele>1298</ele>
      </trkpt>
      <trkpt lat="-21.06114021299034" lon="55.466009195696834">
        <ele>1299</ele>
      </trkpt>
      <trkpt lat="-21.06121063064075" lon="55.46597955129244">
        <ele>1301</ele>
      </trkpt>
      <trkpt lat="-21.06121063064075" lon="55.4659597883562">
        <ele>1302</ele>
      </trkpt>
      <trkpt lat="-21.061160332322423" lon="55.46590948270029">
        <ele>1302</ele>
      </trkpt>
      <trkpt lat="-21.06121063064075" lon="55.465889719764036">
        <ele>1307</ele>
      </trkpt>
      <trkpt lat="-21.06127015029548" lon="55.46584929557625">
        <ele>1311</ele>
      </trkpt>
      <trkpt lat="-21.061330508230885" lon="55.46577922698408">
        <ele>1311</ele>
      </trkpt>
      <trkpt lat="-21.061390027837653" lon="55.46579988823562">
        <ele>1313</ele>
      </trkpt>
      <trkpt lat="-21.061480564658645" lon="55.46571993817534">
        <ele>1318</ele>
      </trkpt>
      <trkpt lat="-21.06155014384473" lon="55.465699276923814">
        <ele>1322</ele>
      </trkpt>
      <trkpt lat="-21.061620561301144" lon="55.46571993817534">
        <ele>1323</ele>
      </trkpt>
      <trkpt lat="-21.061820077246637" lon="55.46554925827135">
        <ele>1331</ele>
      </trkpt>
      <trkpt lat="-21.061830136867062" lon="55.46553937680323">
        <ele>1335</ele>
      </trkpt>
      <trkpt lat="-21.061839358185168" lon="55.46526179738044">
        <ele>1338</ele>
      </trkpt>
      <trkpt lat="-21.06200031200941" lon="55.465139626501795">
        <ele>1345</ele>
      </trkpt>
      <trkpt lat="-21.062070729252746" lon="55.465039913505265">
        <ele>1350</ele>
      </trkpt>
      <trkpt lat="-21.062150367761596" lon="55.46497972638122">
        <ele>1360</ele>
      </trkpt>
      <trkpt lat="-21.062250125412557" lon="55.464909657789065">
        <ele>1371</ele>
      </trkpt>
      <trkpt lat="-21.06239012133093" lon="55.46485935213316">
        <ele>1375</ele>
      </trkpt>
      <trkpt lat="-21.062510836268547" lon="55.464759639136616">
        <ele>1385</ele>
      </trkpt>
      <trkpt lat="-21.062730470139943" lon="55.46465992614008">
        <ele>1400</ele>
      </trkpt>
      <trkpt lat="-21.063220034548966" lon="55.46433922758364">
        <ele>1408</ele>
      </trkpt>
      <trkpt lat="-21.063260272647927" lon="55.464319464647396">
        <ele>1417</ele>
      </trkpt>
      <trkpt lat="-21.063270332170962" lon="55.464259277523354">
        <ele>1417</ele>
      </trkpt>
      <trkpt lat="-21.063310570256316" lon="55.464249396055244">
        <ele>1416</ele>
      </trkpt>
      <trkpt lat="-21.06333068929491" lon="55.464159564526824">
        <ele>1415</ele>
      </trkpt>
      <trkpt lat="-21.063370089070958" lon="55.464139801590576">
        <ele>1416</ele>
      </trkpt>
      <trkpt lat="-21.0636307979643" lon="55.46382988281755">
        <ele>1429</ele>
      </trkpt>
      <trkpt lat="-21.063700376144773" lon="55.46369962710135">
        <ele>1430</ele>
      </trkpt>
      <trkpt lat="-21.06393006773843" lon="55.4634193527327">
        <ele>1434</ele>
      </trkpt>
      <trkpt lat="-21.063940127216178" lon="55.463329521204294">
        <ele>1435</ele>
      </trkpt>
      <trkpt lat="-21.06390072759112" lon="55.46327921554839">
        <ele>1435</ele>
      </trkpt>
      <trkpt lat="-21.0638906681107" lon="55.46321992673964">
        <ele>1435</ele>
      </trkpt>
      <trkpt lat="-21.063840370698436" lon="55.46316962108372">
        <ele>1435</ele>
      </trkpt>
      <trkpt lat="-21.063850430182256" lon="55.46312919689594">
        <ele>1435</ele>
      </trkpt>
      <trkpt lat="-21.063850430182256" lon="55.46308967102344">
        <ele>1435</ele>
      </trkpt>
      <trkpt lat="-21.064000484068377" lon="55.46282915959105">
        <ele>1439</ele>
      </trkpt>
      <trkpt lat="-21.063990424594724" lon="55.46273932806264">
        <ele>1439</ele>
      </trkpt>
      <trkpt lat="-21.063940127216178" lon="55.462689920722006">
        <ele>1439</ele>
      </trkpt>
      <trkpt lat="-21.06390072759112" lon="55.4626791409386">
        <ele>1439</ele>
      </trkpt>
      <trkpt lat="-21.0638906681107" lon="55.46263961506609">
        <ele>1439</ele>
      </trkpt>
      <trkpt lat="-21.06387054914784" lon="55.46262973359798">
        <ele>1439</ele>
      </trkpt>
      <trkpt lat="-21.06387054914784" lon="55.46254978353768">
        <ele>1439</ele>
      </trkpt>
      <trkpt lat="-21.063840370698436" lon="55.4625093593499">
        <ele>1439</ele>
      </trkpt>
      <trkpt lat="-21.063740614113804" lon="55.46253990206956">
        <ele>1439</ele>
      </trkpt>
      <trkpt lat="-21.0636307979643" lon="55.46254978353768">
        <ele>1438</ele>
      </trkpt>
      <trkpt lat="-21.06365007866816" lon="55.46246983347739">
        <ele>1440</ele>
      </trkpt>
      <trkpt lat="-21.063690316650806" lon="55.46241952782148">
        <ele>1440</ele>
      </trkpt>
      <trkpt lat="-21.063690316650806" lon="55.46236922216558">
        <ele>1441</ele>
      </trkpt>
      <trkpt lat="-21.063720495130653" lon="55.46230993335681">
        <ele>1442</ele>
      </trkpt>
      <trkpt lat="-21.06379007326918" lon="55.46225962770091">
        <ele>1442</ele>
      </trkpt>
      <trkpt lat="-21.063840370698436" lon="55.46221920351313">
        <ele>1443</ele>
      </trkpt>
      <trkpt lat="-21.063830311213945" lon="55.46219944057688">
        <ele>1444</ele>
      </trkpt>
      <trkpt lat="-21.063750673604364" lon="55.462209322045005">
        <ele>1445</ele>
      </trkpt>
      <trkpt lat="-21.06373055462256" lon="55.462189559108744">
        <ele>1445</ele>
      </trkpt>
      <trkpt lat="-21.063800132756395" lon="55.46213925345284">
        <ele>1446</ele>
      </trkpt>
      <trkpt lat="-21.063800132756395" lon="55.462129371984716">
        <ele>1446</ele>
      </trkpt>
      <trkpt lat="-21.0636307979643" lon="55.462089846112214">
        <ele>1449</ele>
      </trkpt>
      <trkpt lat="-21.063580500464184" lon="55.462109609048454">
        <ele>1450</ele>
      </trkpt>
      <trkpt lat="-21.063420386642207" lon="55.46199911626852">
        <ele>1452</ele>
      </trkpt>
      <trkpt lat="-21.06333068929491" lon="55.46190928474011">
        <ele>1455</ele>
      </trkpt>
      <trkpt lat="-21.063310570256316" lon="55.4618697588676">
        <ele>1455</ele>
      </trkpt>
      <trkpt lat="-21.063250213124213" lon="55.461819453211696">
        <ele>1457</ele>
      </trkpt>
      <trkpt lat="-21.063160515674298" lon="55.46184999593135">
        <ele>1457</ele>
      </trkpt>
      <trkpt lat="-21.063140396612688" lon="55.46182933467982">
        <ele>1458</ele>
      </trkpt>
      <trkpt lat="-21.06313033708087" lon="55.461799690275434">
        <ele>1459</ele>
      </trkpt>
      <trkpt lat="-21.063120277548368" lon="55.46178980880732">
        <ele>1459</ele>
      </trkpt>
      <trkpt lat="-21.063150456143845" lon="55.46157960303083">
        <ele>1465</ele>
      </trkpt>
      <trkpt lat="-21.063150456143845" lon="55.46149965297055">
        <ele>1467</ele>
      </trkpt>
      <trkpt lat="-21.063110218015176" lon="55.461459228782765">
        <ele>1468</ele>
      </trkpt>
      <trkpt lat="-21.063020520480872" lon="55.461459228782765">
        <ele>1471</ele>
      </trkpt>
      <trkpt lat="-21.06293082289248" lon="55.46130921013032">
        <ele>1477</ele>
      </trkpt>
      <trkpt lat="-21.062810108295643" lon="55.461199615665656">
        <ele>1478</ele>
      </trkpt>
      <trkpt lat="-21.062770708371307" lon="55.46113942854161">
        <ele>1479</ele>
      </trkpt>
      <trkpt lat="-21.062750589256982" lon="55.46105947848133">
        <ele>1480</ele>
      </trkpt>
      <trkpt lat="-21.062660053208845" lon="55.460969646952925">
        <ele>1483</ele>
      </trkpt>
      <trkpt lat="-21.062620653244778" lon="55.460799865364216">
        <ele>1485</ele>
      </trkpt>
      <trkpt lat="-21.062620653244778" lon="55.46076932264456">
        <ele>1486</ele>
      </trkpt>
      <trkpt lat="-21.0626105936778" lon="55.46056989665149">
        <ele>1488</ele>
      </trkpt>
      <trkpt lat="-21.06269023189769" lon="55.460369572343126">
        <ele>1495</ele>
      </trkpt>
      <trkpt lat="-21.06268017233543" lon="55.46032914815534">
        <ele>1495</ele>
      </trkpt>
      <trkpt lat="-21.06268017233543" lon="55.46029950375097">
        <ele>1495</ele>
      </trkpt>
      <trkpt lat="-21.06271035102018" lon="55.46026985934658">
        <ele>1495</ele>
      </trkpt>
      <trkpt lat="-21.06269023189769" lon="55.4601899092863">
        <ele>1495</ele>
      </trkpt>
      <trkpt lat="-21.06258041497282" lon="55.46006953503823">
        <ele>1497</ele>
      </trkpt>
      <trkpt lat="-21.062560295832764" lon="55.460009347914195">
        <ele>1499</ele>
      </trkpt>
      <trkpt lat="-21.06258041497282" lon="55.45994916079016">
        <ele>1499</ele>
      </trkpt>
      <trkpt lat="-21.062870465606313" lon="55.45955929195685">
        <ele>1513</ele>
      </trkpt>
      <trkpt lat="-21.062920763346487" lon="55.45955929195685">
        <ele>1512</ele>
      </trkpt>
      <trkpt lat="-21.063000401400334" lon="55.45942993455594">
        <ele>1515</ele>
      </trkpt>
      <trkpt lat="-21.063060758633792" lon="55.45937962890003">
        <ele>1521</ele>
      </trkpt>
      <trkpt lat="-21.06332062977596" lon="55.45911911746764">
        <ele>1526</ele>
      </trkpt>
      <trkpt lat="-21.063470684196478" lon="55.45898976006672">
        <ele>1538</ele>
      </trkpt>
      <trkpt lat="-21.063660138164856" lon="55.45864929857403">
        <ele>1551</ele>
      </trkpt>
      <trkpt lat="-21.063660138164856" lon="55.45851994117313">
        <ele>1554</ele>
      </trkpt>
      <trkpt lat="-21.063610678966292" lon="55.45846963551721">
        <ele>1551</ele>
      </trkpt>
      <trkpt lat="-21.063580500464184" lon="55.45833937980101">
        <ele>1549</ele>
      </trkpt>
      <trkpt lat="-21.0636307979643" lon="55.45826931120885">
        <ele>1555</ele>
      </trkpt>
      <trkpt lat="-21.063820251728785" lon="55.45806988521577">
        <ele>1565</ele>
      </trkpt>
      <trkpt lat="-21.063910787070853" lon="55.45803934249612">
        <ele>1573</ele>
      </trkpt>
      <trkpt lat="-21.064060002606997" lon="55.45806988521577">
        <ele>1578</ele>
      </trkpt>
      <trkpt lat="-21.06417065672816" lon="55.458049223964245">
        <ele>1579</ele>
      </trkpt>
      <trkpt lat="-21.064460704261183" lon="55.457969273903956">
        <ele>1586</ele>
      </trkpt>
      <trkpt lat="-21.064750751228686" lon="55.45795939243583">
        <ele>1592</ele>
      </trkpt>
      <trkpt lat="-21.064780091208355" lon="55.457989935155496">
        <ele>1588</ele>
      </trkpt>
      <trkpt lat="-21.0649225995987" lon="55.4579099850952">
        <ele>1596</ele>
      </trkpt>
      <trkpt lat="-21.065040797630665" lon="55.45800969809175">
        <ele>1602</ele>
      </trkpt>
      <trkpt lat="-21.06507013755312" lon="55.4578992053118">
        <ele>1604</ele>
      </trkpt>
      <trkpt lat="-21.06510031575304" lon="55.45780937378338">
        <ele>1606</ele>
      </trkpt>
      <trkpt lat="-21.065090256353738" lon="55.4577294237231">
        <ele>1609</ele>
      </trkpt>
      <trkpt lat="-21.065140553343408" lon="55.45767911806718">
        <ele>1611</ele>
      </trkpt>
      <trkpt lat="-21.0651506127393" lon="55.45748957354224">
        <ele>1614</ele>
      </trkpt>
      <trkpt lat="-21.06510031575304" lon="55.45735931782604">
        <ele>1617</ele>
      </trkpt>
      <trkpt lat="-21.06503073822733" lon="55.45730991048541">
        <ele>1617</ele>
      </trkpt>
      <trkpt lat="-21.06503073822733" lon="55.45725960482951">
        <ele>1619</ele>
      </trkpt>
      <trkpt lat="-21.06507013755312" lon="55.45724972336138">
        <ele>1621</ele>
      </trkpt>
      <trkpt lat="-21.06510031575304" lon="55.45718953623734">
        <ele>1621</ele>
      </trkpt>
      <trkpt lat="-21.06503073822733" lon="55.45710958617706">
        <ele>1623</ele>
      </trkpt>
      <trkpt lat="-21.06507013755312" lon="55.45704939905302">
        <ele>1627</ele>
      </trkpt>
      <trkpt lat="-21.0651807909229" lon="55.45700987318051">
        <ele>1629</ele>
      </trkpt>
      <trkpt lat="-21.06523024959944" lon="55.456929923120235">
        <ele>1631</ele>
      </trkpt>
      <trkpt lat="-21.065240308989267" lon="55.456859854528076">
        <ele>1633</ele>
      </trkpt>
      <trkpt lat="-21.06523024959944" lon="55.45675924321625">
        <ele>1634</ele>
      </trkpt>
      <trkpt lat="-21.0651807909229" lon="55.45666941168784">
        <ele>1637</ele>
      </trkpt>
      <trkpt lat="-21.065190012033337" lon="55.4566092245638">
        <ele>1646</ele>
      </trkpt>
      <trkpt lat="-21.065110375151654" lon="55.45650951156726">
        <ele>1646</ele>
      </trkpt>
      <trkpt lat="-21.06510031575304" lon="55.456419680038856">
        <ele>1646</ele>
      </trkpt>
      <trkpt lat="-21.065090256353738" lon="55.45635949291482">
        <ele>1646</ele>
      </trkpt>
      <trkpt lat="-21.065120434549574" lon="55.456319967042305">
        <ele>1646</ele>
      </trkpt>
      <trkpt lat="-21.065110375151654" lon="55.45619959279424">
        <ele>1646</ele>
      </trkpt>
      <trkpt lat="-21.06508019695376" lon="55.45608999832958">
        <ele>1646</ele>
      </trkpt>
      <trkpt lat="-21.065040797630665" lon="55.45606933707805">
        <ele>1646</ele>
      </trkpt>
      <trkpt lat="-21.06503073822733" lon="55.45596962408151">
        <ele>1646</ele>
      </trkpt>
      <trkpt lat="-21.06505001874976" lon="55.45591931842559">
        <ele>1648</ele>
      </trkpt>
      <trkpt lat="-21.06523024959944" lon="55.45580972396093">
        <ele>1653</ele>
      </trkpt>
      <trkpt lat="-21.06522019020894" lon="55.45569923118099">
        <ele>1657</ele>
      </trkpt>
      <trkpt lat="-21.065240308989267" lon="55.45567946824474">
        <ele>1657</ele>
      </trkpt>
      <trkpt lat="-21.06530066531394" lon="55.45567946824474">
        <ele>1659</ele>
      </trkpt>
      <trkpt lat="-21.065620050457664" lon="55.45546926246825">
        <ele>1668</ele>
      </trkpt>
      <trkpt lat="-21.06584051801772" lon="55.45544949953201">
        <ele>1675</ele>
      </trkpt>
      <trkpt lat="-21.06591009516465" lon="55.455419855127616">
        <ele>1678</ele>
      </trkpt>
      <trkpt lat="-21.066010688572543" lon="55.455279717943306">
        <ele>1687</ele>
      </trkpt>
      <trkpt lat="-21.066150680952006" lon="55.455119817822734">
        <ele>1696</ele>
      </trkpt>
      <trkpt lat="-21.066200139306066" lon="55.45528959941143">
        <ele>1694</ele>
      </trkpt>
      <trkpt lat="-21.066260495241306" lon="55.455099156571194">
        <ele>1702</ele>
      </trkpt>
      <trkpt lat="-21.06632001287564" lon="55.45512969929086">
        <ele>1702</ele>
      </trkpt>
      <trkpt lat="-21.066350190822003" lon="55.455079393634946">
        <ele>1705</ele>
      </trkpt>
      <trkpt lat="-21.06646000496398" lon="55.455179106631476">
        <ele>1706</ele>
      </trkpt>
      <trkpt lat="-21.066440724624304" lon="55.455079393634946">
        <ele>1707</ele>
      </trkpt>
      <trkpt lat="-21.066450783932275" lon="55.45502998629432">
        <ele>1711</ele>
      </trkpt>
      <trkpt lat="-21.066520360793756" lon="55.455119817822734">
        <ele>1711</ele>
      </trkpt>
      <trkpt lat="-21.066558921449964" lon="55.455017409880334">
        <ele>1717</ele>
      </trkpt>
      <trkpt lat="-21.066696398490706" lon="55.45516653021751">
        <ele>1719</ele>
      </trkpt>
      <trkpt lat="-21.06674753321125" lon="55.45501561324977">
        <ele>1722</ele>
      </trkpt>
      <trkpt lat="-21.06685902360657" lon="55.4551386824437">
        <ele>1728</ele>
      </trkpt>
      <trkpt lat="-21.066910158271213" lon="55.455079393634946">
        <ele>1730</ele>
      </trkpt>
      <trkpt lat="-21.06698811764411" lon="55.45505963069869">
        <ele>1734</ele>
      </trkpt>
      <trkpt lat="-21.06700823618533" lon="55.45518269989262">
        <ele>1728</ele>
      </trkpt>
      <trkpt lat="-21.067126432560016" lon="55.45509017341835">
        <ele>1735</ele>
      </trkpt>
      <trkpt lat="-21.067179243675785" lon="55.455148563911834">
        <ele>1735</ele>
      </trkpt>
      <trkpt lat="-21.06727648314149" lon="55.45511442793102">
        <ele>1737</ele>
      </trkpt>
      <trkpt lat="-21.067330970745353" lon="55.454968002539715">
        <ele>1739</ele>
      </trkpt>
      <trkpt lat="-21.067390487951375" lon="55.454789237798174">
        <ele>1740</ele>
      </trkpt>
      <trkpt lat="-21.06738042870695" lon="55.45467964333351">
        <ele>1741</ele>
      </trkpt>
      <trkpt lat="-21.067430724922218" lon="55.454529624681065">
        <ele>1747</ele>
      </trkpt>
      <trkpt lat="-21.067510360561624" lon="55.45426911324867">
        <ele>1752</ele>
      </trkpt>
      <trkpt lat="-21.067550597500052" lon="55.45422958737617">
        <ele>1755</ele>
      </trkpt>
      <trkpt lat="-21.067600055388624" lon="55.4541999429718">
        <ele>1758</ele>
      </trkpt>
      <trkpt lat="-21.06765035152963" lon="55.4541999429718">
        <ele>1759</ele>
      </trkpt>
      <trkpt lat="-21.067710706876383" lon="55.454169400252134">
        <ele>1760</ele>
      </trkpt>
      <trkpt lat="-21.06777022393045" lon="55.45404992431934">
        <ele>1761</ele>
      </trkpt>
      <trkpt lat="-21.067810460798587" lon="55.453779531418824">
        <ele>1762</ele>
      </trkpt>
      <trkpt lat="-21.067820520013917" lon="55.45330971252523">
        <ele>1764</ele>
      </trkpt>
      <trkpt lat="-21.06786075686844" lon="55.453259406869314">
        <ele>1764</ele>
      </trkpt>
      <trkpt lat="-21.06786075686844" lon="55.45317945680903">
        <ele>1764</ele>
      </trkpt>
      <trkpt lat="-21.067870816080358" lon="55.453159693872784">
        <ele>1764</ele>
      </trkpt>
      <trkpt lat="-21.067880037024036" lon="55.453129151153114">
        <ele>1764</ele>
      </trkpt>
      <trkpt lat="-21.067870816080358" lon="55.453079743812495">
        <ele>1764</ele>
      </trkpt>
      <trkpt lat="-21.0679001554446" lon="55.45303931962471">
        <ele>1764</ele>
      </trkpt>
      <trkpt lat="-21.0679001554446" lon="55.452959369564425">
        <ele>1764</ele>
      </trkpt>
      <trkpt lat="-21.06794039227759" lon="55.45288930097227">
        <ele>1764</ele>
      </trkpt>
      <trkpt lat="-21.067970569895184" lon="55.45285965656788">
        <ele>1764</ele>
      </trkpt>
      <trkpt lat="-21.067990688303514" lon="55.45280935091198">
        <ele>1764</ele>
      </trkpt>
      <trkpt lat="-21.068070323643095" lon="55.452769825039475">
        <ele>1763</ele>
      </trkpt>
      <trkpt lat="-21.068130678819422" lon="55.452719519383564">
        <ele>1763</ele>
      </trkpt>
      <trkpt lat="-21.06818013651511" lon="55.452619806387034">
        <ele>1763</ele>
      </trkpt>
      <trkpt lat="-21.06828072838779" lon="55.45249943213895">
        <ele>1763</ele>
      </trkpt>
      <trkpt lat="-21.068410659455964" lon="55.45239971914242">
        <ele>1764</ele>
      </trkpt>
      <trkpt lat="-21.068420718630705" lon="55.452379956206165">
        <ele>1765</ele>
      </trkpt>
      <trkpt lat="-21.068410659455964" lon="55.45228922636247">
        <ele>1766</ele>
      </trkpt>
      <trkpt lat="-21.06844083697813" lon="55.45226946342622">
        <ele>1766</ele>
      </trkpt>
      <trkpt lat="-21.068450057886466" lon="55.452259581958096">
        <ele>1766</ele>
      </trkpt>
      <trkpt lat="-21.06866046209397" lon="55.452249700489965">
        <ele>1768</ele>
      </trkpt>
      <trkpt lat="-21.06873003792178" lon="55.45221915777031">
        <ele>1769</ele>
      </trkpt>
      <trkpt lat="-21.068800451979467" lon="55.45213920771003">
        <ele>1770</ele>
      </trkpt>
      <trkpt lat="-21.068900205170767" lon="55.45197930758945">
        <ele>1771</ele>
      </trkpt>
      <trkpt lat="-21.068960560010325" lon="55.451939781716945">
        <ele>1772</ele>
      </trkpt>
      <trkpt lat="-21.069060313094244" lon="55.45192990024882">
        <ele>1773</ele>
      </trkpt>
      <trkpt lat="-21.069160066111266" lon="55.45180952600075">
        <ele>1774</ele>
      </trkpt>
      <trkpt lat="-21.069230479965327" lon="55.45177988159638">
        <ele>1775</ele>
      </trkpt>
      <trkpt lat="-21.069310114641077" lon="55.4517897630645">
        <ele>1776</ele>
      </trkpt>
      <trkpt lat="-21.069660506707784" lon="55.451689151752674">
        <ele>1780</ele>
      </trkpt>
      <trkpt lat="-21.069710802152006" lon="55.45169993153609">
        <ele>1780</ele>
      </trkpt>
      <trkpt lat="-21.069730082067778" lon="55.45170981300421">
        <ele>1780</ele>
      </trkpt>
      <trkpt lat="-21.069760259322216" lon="55.45172957594046">
        <ele>1781</ele>
      </trkpt>
      <trkpt lat="-21.06984073197082" lon="55.45171969447234">
        <ele>1781</ele>
      </trkpt>
      <trkpt lat="-21.069910307246506" lon="55.45169993153609">
        <ele>1786</ele>
      </trkpt>
      <trkpt lat="-21.069910307246506" lon="55.45160920169239">
        <ele>1825</ele>
      </trkpt>
      <trkpt lat="-21.06990024817251" lon="55.45150948869585">
        <ele>1824</ele>
      </trkpt>
      <trkpt lat="-21.069670565798" lon="55.45119956992283">
        <ele>1826</ele>
      </trkpt>
      <trkpt lat="-21.06947022212326" lon="55.45092917702231">
        <ele>1828</ele>
      </trkpt>
      <trkpt lat="-21.06946016301951" lon="55.45084922696202">
        <ele>1828</ele>
      </trkpt>
      <trkpt lat="-21.06948028122634" lon="55.45077915836986">
        <ele>1829</ele>
      </trkpt>
      <trkpt lat="-21.06945010391507" lon="55.450729751029236">
        <ele>1831</ele>
      </trkpt>
      <trkpt lat="-21.06939058753325" lon="55.45068932684145">
        <ele>1832</ele>
      </trkpt>
      <trkpt lat="-21.069230479965327" lon="55.45060937678116">
        <ele>1833</ele>
      </trkpt>
      <trkpt lat="-21.069002473078946" lon="55.450535714927874">
        <ele>1792</ele>
      </trkpt>
      <trkpt lat="-21.068760215379157" lon="55.45045935812872">
        <ele>1835</ele>
      </trkpt>
      <trkpt lat="-21.068710757876374" lon="55.45042971372434">
        <ele>1834</ele>
      </trkpt>
      <trkpt lat="-21.068710757876374" lon="55.45038928953655">
        <ele>1834</ele>
      </trkpt>
      <trkpt lat="-21.068710757876374" lon="55.45037940806843">
        <ele>1834</ele>
      </trkpt>
      <trkpt lat="-21.068720817030826" lon="55.45034976366406">
        <ele>1834</ele>
      </trkpt>
      <trkpt lat="-21.068780333680664" lon="55.45033988219593">
        <ele>1835</ele>
      </trkpt>
      <trkpt lat="-21.069000796556438" lon="55.45035964513218">
        <ele>1836</ele>
      </trkpt>
      <trkpt lat="-21.06912066786882" lon="55.45034976366406">
        <ele>1835</ele>
      </trkpt>
      <trkpt lat="-21.06915000698652" lon="55.45030933947627">
        <ele>1836</ele>
      </trkpt>
      <trkpt lat="-21.06915000698652" lon="55.45024915235224">
        <ele>1836</ele>
      </trkpt>
      <trkpt lat="-21.06908043135516" lon="55.4501997450116">
        <ele>1836</ele>
      </trkpt>
      <trkpt lat="-21.068530531244004" lon="55.4501494393557">
        <ele>1834</ele>
      </trkpt>
      <trkpt lat="-21.06827066920358" lon="55.45020962647973">
        <ele>1834</ele>
      </trkpt>
      <trkpt lat="-21.06827066920358" lon="55.45020962647973">
        <ele>1834</ele>
      </trkpt>
      <trkpt lat="-21.06810050123432" lon="55.450179982075355">
        <ele>1831</ele>
      </trkpt>
      <trkpt lat="-21.067830579228552" lon="55.45015932082382">
        <ele>1829</ele>
      </trkpt>
      <trkpt lat="-21.067490242088326" lon="55.45021950794786">
        <ele>1821</ele>
      </trkpt>
      <trkpt lat="-21.067410606438145" lon="55.45026981360377">
        <ele>1821</ele>
      </trkpt>
      <trkpt lat="-21.06737036946185" lon="55.45033988219593">
        <ele>1820</ele>
      </trkpt>
      <trkpt lat="-21.06736031021608" lon="55.45056985090867">
        <ele>1820</ele>
      </trkpt>
      <trkpt lat="-21.067290733747512" lon="55.45063991950083">
        <ele>1820</ele>
      </trkpt>
      <trkpt lat="-21.0669000989943" lon="55.45090941408606">
        <ele>1817</ele>
      </trkpt>
      <trkpt lat="-21.066571495574827" lon="55.45096061805725">
        <ele>1799</ele>
      </trkpt>
      <trkpt lat="-21.066200139306066" lon="55.45101990686601">
        <ele>1818</ele>
      </trkpt>
      <trkpt lat="-21.066200139306066" lon="55.45101990686601">
        <ele>1813</ele>
      </trkpt>
      <trkpt lat="-21.066170799606493" lon="55.45107919567476">
        <ele>1814</ele>
      </trkpt>
      <trkpt lat="-21.066130562294806" lon="55.45110973839442">
        <ele>1814</ele>
      </trkpt>
      <trkpt lat="-21.065780161912084" lon="55.45107919567476">
        <ele>1815</ele>
      </trkpt>
      <trkpt lat="-21.06560077000913" lon="55.45117980698658">
        <ele>1814</ele>
      </trkpt>
      <trkpt lat="-21.065370242713385" lon="55.45125975704687">
        <ele>1815</ele>
      </trkpt>
      <trkpt lat="-21.06528054654177" lon="55.451249875578746">
        <ele>1814</ele>
      </trkpt>
      <trkpt lat="-21.06498044120055" lon="55.4510998569263">
        <ele>1812</ele>
      </trkpt>
      <trkpt lat="-21.06479015062861" lon="55.45108997545817">
        <ele>1812</ele>
      </trkpt>
      <trkpt lat="-21.064730632382144" lon="55.451039669802256">
        <ele>1812</ele>
      </trkpt>
      <trkpt lat="-21.064570519798053" lon="55.45078993815327">
        <ele>1812</ele>
      </trkpt>
      <trkpt lat="-21.064240234656143" lon="55.45057973237679">
        <ele>1807</ele>
      </trkpt>
      <trkpt lat="-21.064210056281727" lon="55.45057973237679">
        <ele>1806</ele>
      </trkpt>
      <trkpt lat="-21.06414047833965" lon="55.45056985090867">
        <ele>1804</ele>
      </trkpt>
      <trkpt lat="-21.064050781426506" lon="55.45067944537333">
        <ele>1803</ele>
      </trkpt>
      <trkpt lat="-21.06392000826001" lon="55.45078993815327">
        <ele>1801</ele>
      </trkpt>
      <trkpt lat="-21.06373055462256" lon="55.45088965114981">
        <ele>1800</ele>
      </trkpt>
      <trkpt lat="-21.06350505418209" lon="55.45103248327998">
        <ele>1790</ele>
      </trkpt>
      <trkpt lat="-21.063210813316413" lon="55.45121933285908">
        <ele>1797</ele>
      </trkpt>
      <trkpt lat="-21.063160515674298" lon="55.45126963851499">
        <ele>1798</ele>
      </trkpt>
      <trkpt lat="-21.062980282317067" lon="55.45129928291937">
        <ele>1797</ele>
      </trkpt>
      <trkpt lat="-21.062860406056227" lon="55.4512292143272">
        <ele>1797</ele>
      </trkpt>
      <trkpt lat="-21.062810108295643" lon="55.451239994110615">
        <ele>1797</ele>
      </trkpt>
      <trkpt lat="-21.062700291459265" lon="55.451319944170905">
        <ele>1796</ele>
      </trkpt>
      <trkpt lat="-21.062620653244778" lon="55.45143942010369">
        <ele>1796</ele>
      </trkpt>
      <trkpt lat="-21.06248065754333" lon="55.45153913310022">
        <ele>1793</ele>
      </trkpt>
      <trkpt lat="-21.06232054253767" lon="55.4517897630645">
        <ele>1792</ele>
      </trkpt>
      <trkpt lat="-21.062300423362476" lon="55.45181940746887">
        <ele>1791</ele>
      </trkpt>
      <trkpt lat="-21.06229036377384" lon="55.45192990024882">
        <ele>1791</ele>
      </trkpt>
      <trkpt lat="-21.06208078885623" lon="55.45226946342622">
        <ele>1790</ele>
      </trkpt>
      <trkpt lat="-21.06190055419095" lon="55.45244912648305">
        <ele>1789</ele>
      </trkpt>
      <trkpt lat="-21.06186031572424" lon="55.45244912648305">
        <ele>1789</ele>
      </trkpt>
      <trkpt lat="-21.06184019648679" lon="55.45242936354679">
        <ele>1788</ele>
      </trkpt>
      <trkpt lat="-21.061760557811905" lon="55.452459906266455">
        <ele>1788</ele>
      </trkpt>
      <trkpt lat="-21.06172031930733" lon="55.452529974858614">
        <ele>1786</ele>
      </trkpt>
      <trkpt lat="-21.061710259679487" lon="55.452639569323274">
        <ele>1787</ele>
      </trkpt>
      <trkpt lat="-21.06164068056827" lon="55.45273928231981">
        <ele>1785</ele>
      </trkpt>
      <trkpt lat="-21.06152080322806" lon="55.452749163787935">
        <ele>1785</ele>
      </trkpt>
      <trkpt lat="-21.061410147135973" lon="55.45279946944385">
        <ele>1784</ele>
      </trkpt>
      <trkpt lat="-21.061290269609998" lon="55.45289918244038">
        <ele>1782</ele>
      </trkpt>
      <trkpt lat="-21.06125003097824" lon="55.45291984369192">
        <ele>1782</ele>
      </trkpt>
      <trkpt lat="-21.061110033987088" lon="55.45291984369192">
        <ele>1781</ele>
      </trkpt>
      <trkpt lat="-21.06095075581302" lon="55.45299979375221">
        <ele>1781</ele>
      </trkpt>
      <trkpt lat="-21.06095075581302" lon="55.45317945680903">
        <ele>1781</ele>
      </trkpt>
      <trkpt lat="-21.060910517089436" lon="55.45322976246494">
        <ele>1781</ele>
      </trkpt>
      <trkpt lat="-21.060850158983655" lon="55.45327916980556">
        <ele>1781</ele>
      </trkpt>
      <trkpt lat="-21.060780579470226" lon="55.45336989964927">
        <ele>1780</ele>
      </trkpt>
      <trkpt lat="-21.060680820833944" lon="55.45337978111739">
        <ele>1780</ele>
      </trkpt>
      <trkpt lat="-21.06077051977883" lon="55.45343996824143">
        <ele>1781</ele>
      </trkpt>
      <trkpt lat="-21.060600343229883" lon="55.453469612645804">
        <ele>1781</ele>
      </trkpt>
      <trkpt lat="-21.060660701437012" lon="55.45350913851831">
        <ele>1781</ele>
      </trkpt>
      <trkpt lat="-21.060700101920105" lon="55.453549562706094">
        <ele>1781</ele>
      </trkpt>
      <trkpt lat="-21.060550044705238" lon="55.453549562706094">
        <ele>1781</ele>
      </trkpt>
      <trkpt lat="-21.060470405339785" lon="55.45360974983012">
        <ele>1781</ele>
      </trkpt>
      <trkpt lat="-21.06042010677122" lon="55.45373910723104">
        <ele>1782</ele>
      </trkpt>
      <trkpt lat="-21.060330407615076" lon="55.45371934429479">
        <ele>1782</ele>
      </trkpt>
      <trkpt lat="-21.06019040975866" lon="55.45371934429479">
        <ele>1783</ele>
      </trkpt>
      <trkpt lat="-21.060140111095436" lon="55.45361963129825">
        <ele>1784</ele>
      </trkpt>
      <trkpt lat="-21.06011077020071" lon="55.45364927570263">
        <ele>1784</ele>
      </trkpt>
      <trkpt lat="-21.060090650726693" lon="55.45373910723104">
        <ele>1784</ele>
      </trkpt>
      <trkpt lat="-21.060050411770494" lon="55.4537696499507">
        <ele>1784</ele>
      </trkpt>
      <trkpt lat="-21.060020232546208" lon="55.45383971854286">
        <ele>1783</ele>
      </trkpt>
      <trkpt lat="-21.0599900533158" lon="55.45384960001098">
        <ele>1782</ele>
      </trkpt>
      <trkpt lat="-21.059900353900407" lon="55.45381995560661">
        <ele>1781</ele>
      </trkpt>
      <trkpt lat="-21.05981065443093" lon="55.45382983707473">
        <ele>1769</ele>
      </trkpt>
      <trkpt lat="-21.05972011659383" lon="55.45378941288695">
        <ele>1768</ele>
      </trkpt>
      <trkpt lat="-21.059690775616282" lon="55.45374988701445">
        <ele>1768</ele>
      </trkpt>
      <trkpt lat="-21.059610297476745" lon="55.45379929435507">
        <ele>1766</ele>
      </trkpt>
      <trkpt lat="-21.059580118163186" lon="55.45386936294723">
        <ele>1765</ele>
      </trkpt>
      <trkpt lat="-21.059520597832424" lon="55.4538999056669">
        <ele>1765</ele>
      </trkpt>
      <trkpt lat="-21.05947029894278" lon="55.45391966860315">
        <ele>1763</ele>
      </trkpt>
      <trkpt lat="-21.059420000036127" lon="55.4538999056669">
        <ele>1762</ele>
      </trkpt>
      <trkpt lat="-21.059370539428016" lon="55.45382983707473">
        <ele>1761</ele>
      </trkpt>
      <trkpt lat="-21.059310180697548" lon="55.45379929435507">
        <ele>1760</ele>
      </trkpt>
      <trkpt lat="-21.05918024168079" lon="55.45386936294723">
        <ele>1759</ele>
      </trkpt>
      <trkpt lat="-21.059020961440947" lon="55.454013991707974">
        <ele>1735</ele>
      </trkpt>
      <trkpt lat="-21.058860004393797" lon="55.454159518784">
        <ele>1750</ele>
      </trkpt>
      <trkpt lat="-21.058770304297187" lon="55.45430953743646">
        <ele>1746</ele>
      </trkpt>
      <trkpt lat="-21.058660484479105" lon="55.45441913190112">
        <ele>1744</ele>
      </trkpt>
      <trkpt lat="-21.058670544313127" lon="55.45441913190112">
        <ele>1744</ele>
      </trkpt>
      <trkpt lat="-21.058700723811153" lon="55.45441913190112">
        <ele>1745</ele>
      </trkpt>
      <trkpt lat="-21.05878036412379" lon="55.45437960602862">
        <ele>1747</ele>
      </trkpt>
      <trkpt lat="-21.058850782891025" lon="55.454329300372706">
        <ele>1748</ele>
      </trkpt>
      <trkpt lat="-21.05887006421433" lon="55.454289774500204">
        <ele>1749</ele>
      </trkpt>
      <trkpt lat="-21.05898072219549" lon="55.454249350312416">
        <ele>1753</ele>
      </trkpt>
      <trkpt lat="-21.059110661386466" lon="55.45417928172026">
        <ele>1755</ele>
      </trkpt>
      <trkpt lat="-21.0589002436719" lon="55.454459556088906">
        <ele>1750</ele>
      </trkpt>
      <trkpt lat="-21.05879042394972" lon="55.454559269085436">
        <ele>1748</ele>
      </trkpt>
      <trkpt lat="-21.0585900656218" lon="55.45461945620948">
        <ele>1745</ele>
      </trkpt>
      <trkpt lat="-21.058490305516926" lon="55.45468952480164">
        <ele>1744</ele>
      </trkpt>
      <trkpt lat="-21.058400605197455" lon="55.45471916920601">
        <ele>1742</ele>
      </trkpt>
      <trkpt lat="-21.058380485492204" lon="55.45481978051784">
        <ele>1741</ele>
      </trkpt>
      <trkpt lat="-21.05832012636014" lon="55.454889849109996">
        <ele>1741</ele>
      </trkpt>
      <trkpt lat="-21.05839054534517" lon="55.45499944357466">
        <ele>1740</ele>
      </trkpt>
      <trkpt lat="-21.058340246073538" lon="55.455099156571194">
        <ele>1740</ele>
      </trkpt>
      <trkpt lat="-21.05837042563856" lon="55.455249175223635">
        <ele>1739</ele>
      </trkpt>
      <trkpt lat="-21.05832012636014" lon="55.455429736595754">
        <ele>1735</ele>
      </trkpt>
      <trkpt lat="-21.058270665386434" lon="55.45551956812417">
        <ele>1734</ele>
      </trkpt>
      <trkpt lat="-21.058160006877266" lon="55.455589636716326">
        <ele>1735</ele>
      </trkpt>
      <trkpt lat="-21.058160006877266" lon="55.455719892432526">
        <ele>1735</ele>
      </trkpt>
      <trkpt lat="-21.057970545905366" lon="55.4558797925531">
        <ele>1734</ele>
      </trkpt>
      <trkpt lat="-21.05793030637586" lon="55.455849249833435">
        <ele>1734</ele>
      </trkpt>
      <trkpt lat="-21.05782048593786" lon="55.45580972396093">
        <ele>1734</ele>
      </trkpt>
      <trkpt lat="-21.05753042545999" lon="55.45580972396093">
        <ele>1736</ele>
      </trkpt>
      <trkpt lat="-21.057460006067934" lon="55.455789961024685">
        <ele>1736</ele>
      </trkpt>
      <trkpt lat="-21.057400484889136" lon="55.455719892432526">
        <ele>1736</ele>
      </trkpt>
      <trkpt lat="-21.05736024520548" lon="55.45570911264911">
        <ele>1736</ele>
      </trkpt>
      <trkpt lat="-21.05726048427616" lon="55.455729773900636">
        <ele>1736</ele>
      </trkpt>
      <trkpt lat="-21.05738036504868" lon="55.45575941830503">
        <ele>1736</ele>
      </trkpt>
      <trkpt lat="-21.05738036504868" lon="55.455799842492816">
        <ele>1735</ele>
      </trkpt>
      <trkpt lat="-21.057280604132835" lon="55.45580972396093">
        <ele>1735</ele>
      </trkpt>
      <trkpt lat="-21.05723030448603" lon="55.4558797925531">
        <ele>1735</ele>
      </trkpt>
      <trkpt lat="-21.057130543469597" lon="55.45594986114526">
        <ele>1736</ele>
      </trkpt>
      <trkpt lat="-21.05708024377208" lon="55.455929199893724">
        <ele>1736</ele>
      </trkpt>
      <trkpt lat="-21.05706012388832" lon="55.455899555489346">
        <ele>1737</ele>
      </trkpt>
      <trkpt lat="-21.057030782386285" lon="55.45569923118099">
        <ele>1737</ele>
      </trkpt>
      <trkpt lat="-21.05700060254959" lon="55.455589636716326">
        <ele>1736</ele>
      </trkpt>
      <trkpt lat="-21.056990542602648" lon="55.4555797552482">
        <ele>1736</ele>
      </trkpt>
      <trkpt lat="-21.056980482655057" lon="55.45559951818445">
        <ele>1736</ele>
      </trkpt>
      <trkpt lat="-21.05700060254959" lon="55.455719892432526">
        <ele>1735</ele>
      </trkpt>
      <trkpt lat="-21.056990542602648" lon="55.455819605429056">
        <ele>1736</ele>
      </trkpt>
      <trkpt lat="-21.056970422706765" lon="55.455849249833435">
        <ele>1737</ele>
      </trkpt>
      <trkpt lat="-21.056960362757795" lon="55.45582948689719">
        <ele>1736</ele>
      </trkpt>
      <trkpt lat="-21.056960362757795" lon="55.4557495368369">
        <ele>1736</ele>
      </trkpt>
      <trkpt lat="-21.05692012295513" lon="55.45562916258883">
        <ele>1736</ele>
      </trkpt>
      <trkpt lat="-21.05688072147114" lon="55.455569873780064">
        <ele>1736</ele>
      </trkpt>
      <trkpt lat="-21.0568706615161" lon="55.45559951818445">
        <ele>1736</ele>
      </trkpt>
      <trkpt lat="-21.05692012295513" lon="55.455729773900636">
        <ele>1736</ele>
      </trkpt>
      <trkpt lat="-21.05692012295513" lon="55.455789961024685">
        <ele>1736</ele>
      </trkpt>
      <trkpt lat="-21.05688072147114" lon="55.455899555489346">
        <ele>1735</ele>
      </trkpt>
      <trkpt lat="-21.056840481646944" lon="55.455719892432526">
        <ele>1736</ele>
      </trkpt>
      <trkpt lat="-21.05678012189023" lon="55.45554921252854">
        <ele>1733</ele>
      </trkpt>
      <trkpt lat="-21.056770061928404" lon="55.4555797552482">
        <ele>1733</ele>
      </trkpt>
      <trkpt lat="-21.056790181851387" lon="55.45595974261339">
        <ele>1736</ele>
      </trkpt>
      <trkpt lat="-21.056750780333" lon="55.45591931842559">
        <ele>1736</ele>
      </trkpt>
      <trkpt lat="-21.056730660404686" lon="55.45575941830503">
        <ele>1736</ele>
      </trkpt>
      <trkpt lat="-21.056690420539915" lon="55.455669586776615">
        <ele>1735</ele>
      </trkpt>
      <trkpt lat="-21.056688743878645" lon="55.455420753442915">
        <ele>1735</ele>
      </trkpt>
      <trkpt lat="-21.05659065916155" lon="55.45523929375552">
        <ele>1735</ele>
      </trkpt>
      <trkpt lat="-21.056500119365328" lon="55.45518988641489">
        <ele>1735</ele>
      </trkpt>
      <trkpt lat="-21.05636011790532" lon="55.45530936234768">
        <ele>1735</ele>
      </trkpt>
      <trkpt lat="-21.05633077626528" lon="55.45533990506734">
        <ele>1735</ele>
      </trkpt>
      <trkpt lat="-21.056210056313923" lon="55.45539919387609">
        <ele>1734</ele>
      </trkpt>
      <trkpt lat="-21.05606418624207" lon="55.455414465235926">
        <ele>1734</ele>
      </trkpt>
      <trkpt lat="-21.055960232770275" lon="55.455379430939836">
        <ele>1734</ele>
      </trkpt>
      <trkpt lat="-21.05589065097036" lon="55.455409973659506">
        <ele>1733</ele>
      </trkpt>
      <trkpt lat="-21.055700348773122" lon="55.45530936234768">
        <ele>1732</ele>
      </trkpt>
      <trkpt lat="-21.055560346560746" lon="55.45518988641489">
        <ele>1733</ele>
      </trkpt>
      <trkpt lat="-21.05554022647151" lon="55.45502998629432">
        <ele>1736</ele>
      </trkpt>
      <trkpt lat="-21.055420344216696" lon="55.454759593393796">
        <ele>1740</ele>
      </trkpt>
      <trkpt lat="-21.055360822222124" lon="55.454709287737884">
        <ele>1739</ele>
      </trkpt>
      <trkpt lat="-21.05526022161382" lon="55.454729948989424">
        <ele>1738</ele>
      </trkpt>
      <trkpt lat="-21.055010396475776" lon="55.454639219145726">
        <ele>1758</ele>
      </trkpt>
      <trkpt lat="-21.05489051379419" lon="55.454529624681065">
        <ele>1688</ele>
      </trkpt>
      <trkpt lat="-21.054900573883067" lon="55.45448920049328">
        <ele>1685</ele>
      </trkpt>
      <trkpt lat="-21.054900573883067" lon="55.45448920049328">
        <ele>1683</ele>
      </trkpt>
      <trkpt lat="-21.054880453704634" lon="55.45442991168453">
        <ele>1683</ele>
      </trkpt>
      <trkpt lat="-21.05479075120933" lon="55.45435984309236">
        <ele>1683</ele>
      </trkpt>
      <trkpt lat="-21.0546800901126" lon="55.45436972456049">
        <ele>1683</ele>
      </trkpt>
      <trkpt lat="-21.054460444358693" lon="55.454449674620776">
        <ele>1682</ele>
      </trkpt>
      <trkpt lat="-21.054040433827513" lon="55.454559269085436">
        <ele>1682</ele>
      </trkpt>
      <trkpt lat="-21.053780546478105" lon="55.45453950614919">
        <ele>1681</ele>
      </trkpt>
      <trkpt lat="-21.0535801814054" lon="55.454579930336976">
        <ele>1681</ele>
      </trkpt>
      <trkpt lat="-21.053520658674934" lon="55.45456915055357">
        <ele>1679</ele>
      </trkpt>
      <trkpt lat="-21.053420056822848" lon="55.45453950614919">
        <ele>1678</ele>
      </trkpt>
      <trkpt lat="-21.053240650017887" lon="55.454459556088906">
        <ele>1659</ele>
      </trkpt>
      <trkpt lat="-21.053140047976544" lon="55.454479319025154">
        <ele>1656</ele>
      </trkpt>
      <trkpt lat="-21.053110705701684" lon="55.454449674620776">
        <ele>1654</ele>
      </trkpt>
      <trkpt lat="-21.05287009882962" lon="55.45426911324867">
        <ele>1652</ele>
      </trkpt>
      <trkpt lat="-21.05271081183622" lon="55.45418916318838">
        <ele>1651</ele>
      </trkpt>
      <trkpt lat="-21.05261020943678" lon="55.454019381599686">
        <ele>1652</ele>
      </trkpt>
      <trkpt lat="-21.05245008381078" lon="55.45395919447565">
        <ele>1651</ele>
      </trkpt>
      <trkpt lat="-21.05239056062841" lon="55.45391966860315">
        <ele>1651</ele>
      </trkpt>
      <trkpt lat="-21.052230434766102" lon="55.45368969989041">
        <ele>1650</ele>
      </trkpt>
      <trkpt lat="-21.052220374496752" lon="55.45360974983012">
        <ele>1650</ele>
      </trkpt>
      <trkpt lat="-21.052250555302766" lon="55.45351991830171">
        <ele>1650</ele>
      </trkpt>
      <trkpt lat="-21.05233019906703" lon="55.45344984970955">
        <ele>1649</ele>
      </trkpt>
      <trkpt lat="-21.052510445323534" lon="55.45331959399335">
        <ele>1648</ele>
      </trkpt>
      <trkpt lat="-21.052750214424137" lon="55.453269288337445">
        <ele>1647</ele>
      </trkpt>
      <trkpt lat="-21.052790455354227" lon="55.45321988099682">
        <ele>1646</ele>
      </trkpt>
      <trkpt lat="-21.05277033489054" lon="55.453159693872784">
        <ele>1646</ele>
      </trkpt>
      <trkpt lat="-21.05262026967978" lon="55.453119269685">
        <ele>1645</ele>
      </trkpt>
      <trkpt lat="-21.052480264570214" lon="55.45313993093653">
        <ele>1645</ele>
      </trkpt>
      <trkpt lat="-21.05224049503478" lon="55.453129151153114">
        <ele>1645</ele>
      </trkpt>
      <trkpt lat="-21.05224049503478" lon="55.453029438156584">
        <ele>1645</ele>
      </trkpt>
      <trkpt lat="-21.052320138804422" lon="55.45285965656788">
        <ele>1645</ele>
      </trkpt>
      <trkpt lat="-21.05238050036986" lon="55.4527797065076">
        <ele>1644</ele>
      </trkpt>
      <trkpt lat="-21.05242074139991" lon="55.45272940085169">
        <ele>1644</ele>
      </trkpt>
      <trkpt lat="-21.05256074656545" lon="55.45270963791544">
        <ele>1642</ele>
      </trkpt>
      <trkpt lat="-21.05265045040472" lon="55.452649450791405">
        <ele>1641</ele>
      </trkpt>
      <trkpt lat="-21.05265045040472" lon="55.452519195075205">
        <ele>1641</ele>
      </trkpt>
      <trkpt lat="-21.05270075159935" lon="55.452409600610544">
        <ele>1640</ele>
      </trkpt>
      <trkpt lat="-21.05283069627343" lon="55.452409600610544">
        <ele>1643</ele>
      </trkpt>
      <trkpt lat="-21.052860038603487" lon="55.452339532018385">
        <ele>1643</ele>
      </trkpt>
      <trkpt lat="-21.052930460172036" lon="55.45231976908213">
        <ele>1644</ele>
      </trkpt>
      <trkpt lat="-21.052960640834073" lon="55.452259581958096">
        <ele>1644</ele>
      </trkpt>
      <trkpt lat="-21.05299585159872" lon="55.45213741107945">
        <ele>1646</ele>
      </trkpt>
      <trkpt lat="-21.053010103572518" lon="55.451889476061034">
        <ele>1651</ele>
      </trkpt>
      <trkpt lat="-21.0530604046456" lon="55.45180952600075">
        <ele>1651</ele>
      </trkpt>
      <trkpt lat="-21.053110705701684" lon="55.451559794351766">
        <ele>1651</ele>
      </trkpt>
      <trkpt lat="-21.053190349005707" lon="55.45150948869585">
        <ele>1652</ele>
      </trkpt>
      <trkpt lat="-21.053520658674934" lon="55.45151937016398">
        <ele>1655</ele>
      </trkpt>
      <trkpt lat="-21.053680783149275" lon="55.45147984429148">
        <ele>1656</ele>
      </trkpt>
      <trkpt lat="-21.053820787129656" lon="55.45149960722773">
        <ele>1657</ele>
      </trkpt>
      <trkpt lat="-21.05387024958226" lon="55.45149960722773">
        <ele>1657</ele>
      </trkpt>
      <trkpt lat="-21.053880309740098" lon="55.45143942010369">
        <ele>1657</ele>
      </trkpt>
      <trkpt lat="-21.053920550364662" lon="55.45139989423119">
        <ele>1657</ele>
      </trkpt>
      <trkpt lat="-21.053960790978337" lon="55.45126963851499">
        <ele>1657</ele>
      </trkpt>
      <trkpt lat="-21.053960790978337" lon="55.45121933285908">
        <ele>1656</ele>
      </trkpt>
      <trkpt lat="-21.054000193235368" lon="55.451039669802256">
        <ele>1656</ele>
      </trkpt>
      <trkpt lat="-21.053930610519092" lon="55.45104955127038">
        <ele>1655</ele>
      </trkpt>
      <trkpt lat="-21.053830008944093" lon="55.45101990686601">
        <ele>1654</ele>
      </trkpt>
      <trkpt lat="-21.053780546478105" lon="55.45089953261794">
        <ele>1651</ele>
      </trkpt>
      <trkpt lat="-21.053650602633248" lon="55.45094983827385">
        <ele>1651</ele>
      </trkpt>
      <trkpt lat="-21.053500538309972" lon="55.45086988821356">
        <ele>1650</ele>
      </trkpt>
      <trkpt lat="-21.053460297571835" lon="55.45081958255765">
        <ele>1649</ele>
      </trkpt>
      <trkpt lat="-21.053340413641738" lon="55.4507998196214">
        <ele>1648</ele>
      </trkpt>
      <trkpt lat="-21.053230589816803" lon="55.45073963249736">
        <ele>1647</ele>
      </trkpt>
      <trkpt lat="-21.05322052961506" lon="55.45063991950083">
        <ele>1648</ele>
      </trkpt>
      <trkpt lat="-21.05312076591086" lon="55.450539308189">
        <ele>1647</ele>
      </trkpt>
      <trkpt lat="-21.053050344432343" lon="55.45048990084838">
        <ele>1648</ele>
      </trkpt>
      <trkpt lat="-21.052910339727294" lon="55.45045935812872">
        <ele>1644</ele>
      </trkpt>
      <trkpt lat="-21.05272003371943" lon="55.45050966378462">
        <ele>1642</ele>
      </trkpt>
      <trkpt lat="-21.052680631123522" lon="55.450499782316506">
        <ele>1642</ele>
      </trkpt>
      <trkpt lat="-21.05266051064501" lon="55.450479121064966">
        <ele>1642</ele>
      </trkpt>
      <trkpt lat="-21.05265045040472" lon="55.4501494393557">
        <ele>1633</ele>
      </trkpt>
      <trkpt lat="-21.05269069136178" lon="55.45008925223167">
        <ele>1633</ele>
      </trkpt>
      <trkpt lat="-21.052850816728945" lon="55.45006948929541">
        <ele>1634</ele>
      </trkpt>
      <trkpt lat="-21.05282901956867" lon="55.449976064505854">
        <ele>1633</ele>
      </trkpt>
      <trkpt lat="-21.052745184307117" lon="55.44988982623858">
        <ele>1631</ele>
      </trkpt>
      <trkpt lat="-21.052760274657675" lon="55.449779333458636">
        <ele>1628</ele>
      </trkpt>
      <trkpt lat="-21.052740154189905" lon="55.449699383398354">
        <ele>1626</ele>
      </trkpt>
      <trkpt lat="-21.052750214424137" lon="55.44957990746556">
        <ele>1622</ele>
      </trkpt>
      <trkpt lat="-21.05265045040472" lon="55.449469414685616">
        <ele>1587</ele>
      </trkpt>
      <trkpt lat="-21.0526705708846" lon="55.44929963309691">
        <ele>1583</ele>
      </trkpt>
      <trkpt lat="-21.05256074656545" lon="55.449129851508225">
        <ele>1576</ele>
      </trkpt>
      <trkpt lat="-21.05254062607073" lon="55.448959171604244">
        <ele>1566</ele>
      </trkpt>
      <trkpt lat="-21.05245008381078" lon="55.44882981420333">
        <ele>1564</ele>
      </trkpt>
      <trkpt lat="-21.052290796367924" lon="55.44875974561116">
        <ele>1563</ele>
      </trkpt>
      <trkpt lat="-21.05218013341256" lon="55.448639371363086">
        <ele>1556</ele>
      </trkpt>
      <trkpt lat="-21.052140730673727" lon="55.44857918423905">
        <ele>1554</ele>
      </trkpt>
      <trkpt lat="-21.052140730673727" lon="55.44844982683814">
        <ele>1552</ele>
      </trkpt>
      <trkpt lat="-21.052070308731565" lon="55.448299808185695">
        <ele>1546</ele>
      </trkpt>
      <trkpt lat="-21.05211054984545" lon="55.44825938399791">
        <ele>1546</ele>
      </trkpt>
      <trkpt lat="-21.052210314226727" lon="55.44835999530973">
        <ele>1547</ele>
      </trkpt>
      <trkpt lat="-21.052320138804422" lon="55.44838963971411">
        <ele>1547</ele>
      </trkpt>
      <trkpt lat="-21.05241068114342" lon="55.448469589774405">
        <ele>1548</ele>
      </trkpt>
      <trkpt lat="-21.052500385073103" lon="55.448479471242514">
        <ele>1548</ele>
      </trkpt>
      <trkpt lat="-21.05259008894874" lon="55.44844982683814">
        <ele>1547</ele>
      </trkpt>
      <trkpt lat="-21.05265045040472" lon="55.44845970830627">
        <ele>1547</ele>
      </trkpt>
      <trkpt lat="-21.05271081183622" lon="55.44845970830627">
        <ele>1546</ele>
      </trkpt>
      <trkpt lat="-21.05262026967978" lon="55.448399521182225">
        <ele>1543</ele>
      </trkpt>
      <trkpt lat="-21.052480264570214" lon="55.44838963971411">
        <ele>1543</ele>
      </trkpt>
      <trkpt lat="-21.052360379850764" lon="55.44825938399791">
        <ele>1538</ele>
      </trkpt>
      <trkpt lat="-21.05224049503478" lon="55.448169552469494">
        <ele>1538</ele>
      </trkpt>
      <trkpt lat="-21.052290796367924" lon="55.44814978953324">
        <ele>1538</ele>
      </trkpt>
      <trkpt lat="-21.05239056062841" lon="55.44815967100137">
        <ele>1538</ele>
      </trkpt>
      <trkpt lat="-21.052480264570214" lon="55.44823962106166">
        <ele>1541</ele>
      </trkpt>
      <trkpt lat="-21.05255068631843" lon="55.44823962106166">
        <ele>1541</ele>
      </trkpt>
      <trkpt lat="-21.05261020943678" lon="55.44817943393762">
        <ele>1530</ele>
      </trkpt>
      <trkpt lat="-21.05265045040472" lon="55.448169552469494">
        <ele>1529</ele>
      </trkpt>
      <trkpt lat="-21.05271081183622" lon="55.448219858125405">
        <ele>1533</ele>
      </trkpt>
      <trkpt lat="-21.052810575815183" lon="55.44822973959353">
        <ele>1533</ele>
      </trkpt>
      <trkpt lat="-21.052913693134926" lon="55.448290825032856">
        <ele>1538</ele>
      </trkpt>
      <trkpt lat="-21.052979922920507" lon="55.4479261090275">
        <ele>1525</ele>
      </trkpt>
      <trkpt lat="-21.053010103572518" lon="55.44767997063965">
        <ele>1525</ele>
      </trkpt>
      <trkpt lat="-21.053100645491824" lon="55.4475191722038">
        <ele>1523</ele>
      </trkpt>
      <trkpt lat="-21.053130826119357" lon="55.44740957773913">
        <ele>1523</ele>
      </trkpt>
      <trkpt lat="-21.05322052961506" lon="55.44740957773913">
        <ele>1523</ele>
      </trkpt>
      <trkpt lat="-21.05328005246555" lon="55.44745988339504">
        <ele>1523</ele>
      </trkpt>
      <trkpt lat="-21.053370594220645" lon="55.44744910361164">
        <ele>1523</ele>
      </trkpt>
      <trkpt lat="-21.053440177198716" lon="55.4475191722038">
        <ele>1523</ele>
      </trkpt>
      <trkpt lat="-21.053510598492785" lon="55.4475299519872">
        <ele>1518</ele>
      </trkpt>
      <trkpt lat="-21.05356006104848" lon="55.447469764863165">
        <ele>1518</ele>
      </trkpt>
      <trkpt lat="-21.053720185480426" lon="55.447419459207254">
        <ele>1518</ele>
      </trkpt>
      <trkpt lat="-21.053650602633248" lon="55.447399696271006">
        <ele>1519</ele>
      </trkpt>
      <trkpt lat="-21.053510598492785" lon="55.44740957773913">
        <ele>1520</ele>
      </trkpt>
      <trkpt lat="-21.05349047812645" lon="55.4473493906151">
        <ele>1521</ele>
      </trkpt>
      <trkpt lat="-21.053298496160856" lon="55.44721374500719">
        <ele>1518</ele>
      </trkpt>
      <trkpt lat="-21.05309058528129" lon="55.44706911624645">
        <ele>1523</ele>
      </trkpt>
      <trkpt lat="-21.05309058528129" lon="55.44701970890582">
        <ele>1524</ele>
      </trkpt>
      <trkpt lat="-21.052990821489992" lon="55.44687957172151">
        <ele>1530</ele>
      </trkpt>
      <trkpt lat="-21.052740154189905" lon="55.44683914753372">
        <ele>1533</ele>
      </trkpt>
      <trkpt lat="-21.052860038603487" lon="55.44678974019309">
        <ele>1534</ele>
      </trkpt>
      <trkpt lat="-21.052900279503895" lon="55.446829266065585">
        <ele>1534</ele>
      </trkpt>
      <trkpt lat="-21.05298076127204" lon="55.44678974019309">
        <ele>1535</ele>
      </trkpt>
      <trkpt lat="-21.05311405910482" lon="55.446801418291784">
        <ele>1535</ele>
      </trkpt>
      <trkpt lat="-21.05329011266327" lon="55.446959521781785">
        <ele>1534</ele>
      </trkpt>
      <trkpt lat="-21.05328005246555" lon="55.44689933465774">
        <ele>1536</ele>
      </trkpt>
      <trkpt lat="-21.05322052961506" lon="55.44681938459746">
        <ele>1539</ele>
      </trkpt>
      <trkpt lat="-21.053360534028354" lon="55.44680950312934">
        <ele>1538</ele>
      </trkpt>
      <trkpt lat="-21.053380654412248" lon="55.44676997725684">
        <ele>1539</ele>
      </trkpt>
      <trkpt lat="-21.053332868496046" lon="55.44658222936246">
        <ele>1542</ele>
      </trkpt>
      <trkpt lat="-21.0534703577574" lon="55.446719671600924">
        <ele>1540</ele>
      </trkpt>
      <trkpt lat="-21.053600301759612" lon="55.44674931600531">
        <ele>1540</ele>
      </trkpt>
      <trkpt lat="-21.05360449349974" lon="55.44652563549956">
        <ele>1541</ele>
      </trkpt>
      <trkpt lat="-21.053640542459874" lon="55.44618966558329">
        <ele>1543</ele>
      </trkpt>
      <trkpt lat="-21.053590241582846" lon="55.446019883994595">
        <ele>1546</ele>
      </trkpt>
      <trkpt lat="-21.053520658674934" lon="55.44597945980681">
        <ele>1546</ele>
      </trkpt>
      <trkpt lat="-21.053450237385615" lon="55.445909391214656">
        <ele>1548</ele>
      </trkpt>
      <trkpt lat="-21.053330353447407" lon="55.445679422501925">
        <ele>1548</ele>
      </trkpt>
      <trkpt lat="-21.05318028880124" lon="55.4455895909735">
        <ele>1548</ele>
      </trkpt>
      <trkpt lat="-21.0529405203934" lon="55.44556982803725">
        <ele>1548</ele>
      </trkpt>
      <trkpt lat="-21.05283069627343" lon="55.445599472441636">
        <ele>1546</ele>
      </trkpt>
      <trkpt lat="-21.05263032992211" lon="55.44557970950538">
        <ele>1551</ele>
      </trkpt>
      <trkpt lat="-21.05255068631843" lon="55.4455895909735">
        <ele>1550</ele>
      </trkpt>
      <trkpt lat="-21.052500385073103" lon="55.445549166785725">
        <ele>1548</ele>
      </trkpt>
      <trkpt lat="-21.052490324821996" lon="55.44548987797697">
        <ele>1547</ele>
      </trkpt>
      <trkpt lat="-21.05245008381078" lon="55.445469216725435">
        <ele>1546</ele>
      </trkpt>
      <trkpt lat="-21.05238050036986" lon="55.44547999650884">
        <ele>1546</ele>
      </trkpt>
      <trkpt lat="-21.052280736102663" lon="55.44542969085293">
        <ele>1545</ele>
      </trkpt>
      <trkpt lat="-21.052220374496752" lon="55.44535962226077">
        <ele>1544</ele>
      </trkpt>
      <trkpt lat="-21.051910182524765" lon="55.44525990926423">
        <ele>1544</ele>
      </trkpt>
      <trkpt lat="-21.05183053853578" lon="55.44520960360832">
        <ele>1542</ele>
      </trkpt>
      <trkpt lat="-21.05178023704711" lon="55.445199722140195">
        <ele>1542</ele>
      </trkpt>
      <trkpt lat="-21.051670412071076" lon="55.44527967220048">
        <ele>1541</ele>
      </trkpt>
      <trkpt lat="-21.05155052669941" lon="55.44527967220048">
        <ele>1541</ele>
      </trkpt>
      <trkpt lat="-21.05137027928056" lon="55.44523924801269">
        <ele>1539</ele>
      </trkpt>
      <trkpt lat="-21.05122021265838" lon="55.44526979073236">
        <ele>1537</ele>
      </trkpt>
      <trkpt lat="-21.05101062215076" lon="55.44522936654458">
        <ele>1532</ele>
      </trkpt>
      <trkpt lat="-21.050920078960168" lon="55.44517995920395">
        <ele>1529</ele>
      </trkpt>
      <trkpt lat="-21.050550360360457" lon="55.445119772079906">
        <ele>1523</ele>
      </trkpt>
      <trkpt lat="-21.050137045736818" lon="55.44506766979344">
        <ele>1514</ele>
      </trkpt>
      <trkpt lat="-21.049820142469272" lon="55.445039822019616">
        <ele>1514</ele>
      </trkpt>
      <trkpt lat="-21.0497606182353" lon="55.44499939783183">
        <ele>1513</ele>
      </trkpt>
      <trkpt lat="-21.049590429097012" lon="55.44499939783183">
        <ele>1512</ele>
      </trkpt>
      <trkpt lat="-21.04939341187128" lon="55.44502904223622">
        <ele>1468</ele>
      </trkpt>
      <trkpt lat="-21.04919052577484" lon="55.44505958495587">
        <ele>1505</ele>
      </trkpt>
      <trkpt lat="-21.048789783003375" lon="55.44523116317515">
        <ele>1452</ele>
      </trkpt>
      <trkpt lat="-21.048389039153218" lon="55.44540363970969">
        <ele>1449</ele>
      </trkpt>
      <trkpt lat="-21.047910324897437" lon="55.44560935390976">
        <ele>1435</ele>
      </trkpt>
      <trkpt lat="-21.0476403662671" lon="55.44586986534215">
        <ele>1433</ele>
      </trkpt>
      <trkpt lat="-21.047540598823314" lon="55.445939933934305">
        <ele>1434</ele>
      </trkpt>
      <trkpt lat="-21.04743077071967" lon="55.445939933934305">
        <ele>1436</ele>
      </trkpt>
      <trkpt lat="-21.04742071012597" lon="55.44591927268278">
        <ele>1438</ele>
      </trkpt>
      <trkpt lat="-21.04734022535192" lon="55.44580967821811">
        <ele>1440</ele>
      </trkpt>
      <trkpt lat="-21.04733016475211" lon="55.4455895909735">
        <ele>1441</ele>
      </trkpt>
      <trkpt lat="-21.04721027588531" lon="55.44535962226077">
        <ele>1444</ele>
      </trkpt>
      <trkpt lat="-21.047040083831714" lon="55.44520960360832">
        <ele>1446</ele>
      </trkpt>
      <trkpt lat="-21.046880790600365" lon="55.44496975342746">
        <ele>1445</ele>
      </trkpt>
      <trkpt lat="-21.046610830103376" lon="55.444809853306886">
        <ele>1442</ele>
      </trkpt>
      <trkpt lat="-21.046450698024515" lon="55.44462929193479">
        <ele>1441</ele>
      </trkpt>
      <trkpt lat="-21.04629056577344" lon="55.44451969747013">
        <ele>1437</ele>
      </trkpt>
      <trkpt lat="-21.0462503230864" lon="55.44448915475046">
        <ele>1434</ele>
      </trkpt>
      <trkpt lat="-21.045980361446347" lon="55.44435979734954">
        <ele>1428</ele>
      </trkpt>
      <trkpt lat="-21.045800107283743" lon="55.44429961022551">
        <ele>1425</ele>
      </trkpt>
      <trkpt lat="-21.045750642149816" lon="55.44429961022551">
        <ele>1425</ele>
      </trkpt>
      <trkpt lat="-21.045540205548903" lon="55.44437956028579">
        <ele>1426</ele>
      </trkpt>
      <trkpt lat="-21.045360789247916" lon="55.44439932322205">
        <ele>1427</ele>
      </trkpt>
      <trkpt lat="-21.045190595080356" lon="55.44436967881768">
        <ele>1427</ele>
      </trkpt>
      <trkpt lat="-21.044980157687984" lon="55.44428972875738">
        <ele>1422</ele>
      </trkpt>
      <trkpt lat="-21.04493069228166" lon="55.44421966016522">
        <ele>1424</ele>
      </trkpt>
      <trkpt lat="-21.044870327695765" lon="55.44423942310148">
        <ele>1425</ele>
      </trkpt>
      <trkpt lat="-21.044828407830053" lon="55.444084912872604">
        <ele>1427</ele>
      </trkpt>
      <trkpt lat="-21.04473031529816" lon="55.44399957292062">
        <ele>1430</ele>
      </trkpt>
      <trkpt lat="-21.04476049762254" lon="55.44389985992407">
        <ele>1429</ele>
      </trkpt>
      <trkpt lat="-21.044600363553847" lon="55.443789367144134">
        <ele>1431</ele>
      </trkpt>
      <trkpt lat="-21.04447041169612" lon="55.44358994115105">
        <ele>1429</ele>
      </trkpt>
      <trkpt lat="-21.044310277315475" lon="55.443579161367644">
        <ele>1425</ele>
      </trkpt>
      <trkpt lat="-21.04419038601723" lon="55.44349921130736">
        <ele>1425</ele>
      </trkpt>
      <trkpt lat="-21.044100677080596" lon="55.443479448371114">
        <ele>1423</ele>
      </trkpt>
      <trkpt lat="-21.04400006886307" lon="55.4433896168427">
        <ele>1423</ele>
      </trkpt>
      <trkpt lat="-21.044100677080596" lon="55.44340937977895">
        <ele>1425</ele>
      </trkpt>
      <trkpt lat="-21.044130021131245" lon="55.4433896168427">
        <ele>1426</ele>
      </trkpt>
      <trkpt lat="-21.04405037298034" lon="55.44331954825053">
        <ele>1426</ele>
      </trkpt>
      <trkpt lat="-21.0438801773151" lon="55.443329429718666">
        <ele>1422</ele>
      </trkpt>
      <trkpt lat="-21.043770346511607" lon="55.44327912406275">
        <ele>1420</ele>
      </trkpt>
      <trkpt lat="-21.043740163986527" lon="55.443219835254006">
        <ele>1420</ele>
      </trkpt>
      <trkpt lat="-21.043740163986527" lon="55.44311922394218">
        <ele>1416</ele>
      </trkpt>
      <trkpt lat="-21.04363033307979" lon="55.443019510945646">
        <ele>1411</ele>
      </trkpt>
      <trkpt lat="-21.04345929852936" lon="55.443114732365764">
        <ele>1408</ele>
      </trkpt>
      <trkpt lat="-21.043319284805104" lon="55.443032985674904">
        <ele>1400</ele>
      </trkpt>
      <trkpt lat="-21.04320023111565" lon="55.442999748009385">
        <ele>1397</ele>
      </trkpt>
      <trkpt lat="-21.04308033892375" lon="55.44304915535002">
        <ele>1396</ele>
      </trkpt>
      <trkpt lat="-21.04275000609151" lon="55.442989866541275">
        <ele>1382</ele>
      </trkpt>
      <trkpt lat="-21.04268041811717" lon="55.44292967941723">
        <ele>1379</ele>
      </trkpt>
      <trkpt lat="-21.042670357202525" lon="55.4428694922932">
        <ele>1379</ele>
      </trkpt>
      <trkpt lat="-21.04268041811717" lon="55.44281918663729">
        <ele>1378</ele>
      </trkpt>
      <trkpt lat="-21.042550464584053" lon="55.44284972935694">
        <ele>1374</ele>
      </trkpt>
      <trkpt lat="-21.04243057186908" lon="55.44283984788881">
        <ele>1369</ele>
      </trkpt>
      <trkpt lat="-21.042200008684365" lon="55.44271947364074">
        <ele>1363</ele>
      </trkpt>
      <trkpt lat="-21.042020588359133" lon="55.44271947364074">
        <ele>1361</ele>
      </trkpt>
      <trkpt lat="-21.041950161630346" lon="55.44265928651671">
        <ele>1359</ele>
      </trkpt>
      <trkpt lat="-21.041950161630346" lon="55.44253981058392">
        <ele>1358</ele>
      </trkpt>
      <trkpt lat="-21.04190069521758" lon="55.44252992911579">
        <ele>1357</ele>
      </trkpt>
      <trkpt lat="-21.041770741004118" lon="55.442579336456426">
        <ele>1354</ele>
      </trkpt>
      <trkpt lat="-21.041610603720596" lon="55.44254969205204">
        <ele>1352</ele>
      </trkpt>
      <trkpt lat="-21.041570359768865" lon="55.442439199272094">
        <ele>1352</ele>
      </trkpt>
      <trkpt lat="-21.04147058825832" lon="55.44242931780398">
        <ele>1351</ele>
      </trkpt>
      <trkpt lat="-21.041400161269443" lon="55.44232960480744">
        <ele>1348</ele>
      </trkpt>
      <trkpt lat="-21.04131045065206" lon="55.44231972333932">
        <ele>1348</ele>
      </trkpt>
      <trkpt lat="-21.041205648460515" lon="55.4424221312817">
        <ele>1405</ele>
      </trkpt>
      <trkpt lat="-21.041070663129158" lon="55.442369130679936">
        <ele>1347</ele>
      </trkpt>
      <trkpt lat="-21.040940708191446" lon="55.442209230559364">
        <ele>1347</ele>
      </trkpt>
      <trkpt lat="-21.040920586126443" lon="55.442189467623116">
        <ele>1347</ele>
      </trkpt>
      <trkpt lat="-21.040880341988263" lon="55.44207987315845">
        <ele>1347</ele>
      </trkpt>
      <trkpt lat="-21.040840097839222" lon="55.442069991690325">
        <ele>1346</ele>
      </trkpt>
      <trkpt lat="-21.04071014270034" lon="55.442089754626586">
        <ele>1347</ele>
      </trkpt>
      <trkpt lat="-21.040620431667346" lon="55.44198914331476">
        <ele>1347</ele>
      </trkpt>
      <trkpt lat="-21.04049047633681" lon="55.44188943031822">
        <ele>1348</ele>
      </trkpt>
      <trkpt lat="-21.040370581963558" lon="55.44183912466231">
        <ele>1348</ele>
      </trkpt>
      <trkpt lat="-21.04027416334163" lon="55.44175737797145">
        <ele>1349</ele>
      </trkpt>
      <trkpt lat="-21.04007042639609" lon="55.4415795115452">
        <ele>1350</ele>
      </trkpt>
      <trkpt lat="-21.040110670753112" lon="55.44153998567269">
        <ele>1350</ele>
      </trkpt>
      <trkpt lat="-21.04010060966487" lon="55.44146991708054">
        <ele>1350</ele>
      </trkpt>
      <trkpt lat="-21.040230565335563" lon="55.44152920588929">
        <ele>1349</ele>
      </trkpt>
      <trkpt lat="-21.040206251057416" lon="55.441458238981845">
        <ele>1349</ele>
      </trkpt>
      <trkpt lat="-21.040314407643585" lon="55.441517527790594">
        <ele>1349</ele>
      </trkpt>
      <trkpt lat="-21.040321953448984" lon="55.44145374740542">
        <ele>1349</ele>
      </trkpt>
      <trkpt lat="-21.040398249904413" lon="55.441547172194966">
        <ele>1360</ele>
      </trkpt>
      <trkpt lat="-21.040609532192374" lon="55.44165407171378">
        <ele>1350</ele>
      </trkpt>
      <trkpt lat="-21.040525690050476" lon="55.441513036214175">
        <ele>1347</ele>
      </trkpt>
      <trkpt lat="-21.040677444292697" lon="55.4415902913286">
        <ele>1349</ele>
      </trkpt>
      <trkpt lat="-21.040529882158694" lon="55.4414151198482">
        <ele>1339</ele>
      </trkpt>
      <trkpt lat="-21.04065732219213" lon="55.441449255829">
        <ele>1349</ele>
      </trkpt>
      <trkpt lat="-21.040590248503918" lon="55.44135942430059">
        <ele>1349</ele>
      </trkpt>
      <trkpt lat="-21.040520659520464" lon="55.44122916858439">
        <ele>1349</ele>
      </trkpt>
      <trkpt lat="-21.04054078163949" lon="55.44115999830752">
        <ele>1349</ele>
      </trkpt>
      <trkpt lat="-21.040450232082417" lon="55.44102974259132">
        <ele>1349</ele>
      </trkpt>
      <trkpt lat="-21.040390704102865" lon="55.4409794369354">
        <ele>1349</ele>
      </trkpt>
      <trkpt lat="-21.040370581963558" lon="55.44086984247075">
        <ele>1350</ele>
      </trkpt>
      <trkpt lat="-21.04006036530515" lon="55.440639873758">
        <ele>1352</ele>
      </trkpt>
      <trkpt lat="-21.039990776074134" lon="55.440459312385904">
        <ele>1352</ele>
      </trkpt>
      <trkpt lat="-21.03978116976016" lon="55.440360497704646">
        <ele>1353</ele>
      </trkpt>
      <trkpt lat="-21.03990022618269" lon="55.440349717921244">
        <ele>1354</ele>
      </trkpt>
      <trkpt lat="-21.03979039244419" lon="55.440269767860954">
        <ele>1354</ele>
      </trkpt>
      <trkpt lat="-21.039873396574656" lon="55.440258089762246">
        <ele>1355</ele>
      </trkpt>
      <trkpt lat="-21.03978033133432" lon="55.44007932502072">
        <ele>1355</ele>
      </trkpt>
      <trkpt lat="-21.03979039244419" lon="55.43999937496043">
        <ele>1355</ele>
      </trkpt>
      <trkpt lat="-21.039730025774798" lon="55.4398996619639">
        <ele>1356</ele>
      </trkpt>
      <trkpt lat="-21.039720803087043" lon="55.439809830435486">
        <ele>1356</ele>
      </trkpt>
      <trkpt lat="-21.039690619741304" lon="55.43968945618741">
        <ele>1356</ele>
      </trkpt>
      <trkpt lat="-21.039600069667404" lon="55.439499911662466">
        <ele>1356</ele>
      </trkpt>
      <trkpt lat="-21.039470113446612" lon="55.43944960600655">
        <ele>1356</ele>
      </trkpt>
      <trkpt lat="-21.039430707344344" lon="55.439559200471216">
        <ele>1356</ele>
      </trkpt>
      <trkpt lat="-21.039370340529185" lon="55.43957986172275">
        <ele>1356</ele>
      </trkpt>
      <trkpt lat="-21.03935021825203" lon="55.439559200471216">
        <ele>1356</ele>
      </trkpt>
      <trkpt lat="-21.039370340529185" lon="55.439479250410926">
        <ele>1356</ele>
      </trkpt>
      <trkpt lat="-21.039310812118057" lon="55.4394693689428">
        <ele>1356</ele>
      </trkpt>
      <trkpt lat="-21.03934015711244" lon="55.439369655946265">
        <ele>1356</ele>
      </trkpt>
      <trkpt lat="-21.03927056754495" lon="55.439359774478135">
        <ele>1356</ele>
      </trkpt>
      <trkpt lat="-21.039320034831206" lon="55.439289705885976">
        <ele>1355</ele>
      </trkpt>
      <trkpt lat="-21.039410585075345" lon="55.43926994294973">
        <ele>1355</ele>
      </trkpt>
      <trkpt lat="-21.039370340529185" lon="55.43922951876194">
        <ele>1354</ele>
      </trkpt>
      <trkpt lat="-21.03945082961063" lon="55.43921963729382">
        <ele>1355</ele>
      </trkpt>
      <trkpt lat="-21.03940052393983" lon="55.439169331637906">
        <ele>1354</ele>
      </trkpt>
      <trkpt lat="-21.03950029683703" lon="55.43913968723353">
        <ele>1354</ele>
      </trkpt>
      <trkpt lat="-21.03956066359952" lon="55.439079500109486">
        <ele>1354</ele>
      </trkpt>
      <trkpt lat="-21.03958078584825" lon="55.439049855705115">
        <ele>1354</ele>
      </trkpt>
      <trkpt lat="-21.03956066359952" lon="55.43898966858108">
        <ele>1354</ele>
      </trkpt>
      <trkpt lat="-21.03948017457742" lon="55.439049855705115">
        <ele>1354</ele>
      </trkpt>
      <trkpt lat="-21.03948017457742" lon="55.43898966858108">
        <ele>1354</ele>
      </trkpt>
      <trkpt lat="-21.03945082961063" lon="55.43896990564483">
        <ele>1354</ele>
      </trkpt>
      <trkpt lat="-21.03948017457742" lon="55.4389097185208">
        <ele>1354</ele>
      </trkpt>
      <trkpt lat="-21.039390462803624" lon="55.438889955584536">
        <ele>1354</ele>
      </trkpt>
      <trkpt lat="-21.039410585075345" lon="55.438849531396755">
        <ele>1353</ele>
      </trkpt>
      <trkpt lat="-21.03945082961063" lon="55.43882976846051">
        <ele>1353</ele>
      </trkpt>
      <trkpt lat="-21.039520419093904" lon="55.43878934427272">
        <ele>1353</ele>
      </trkpt>
      <trkpt lat="-21.039370340529185" lon="55.43869951274431">
        <ele>1353</ele>
      </trkpt>
      <trkpt lat="-21.039545571911184" lon="55.43868873296089">
        <ele>1353</ele>
      </trkpt>
      <trkpt lat="-21.039650375270813" lon="55.43856925702811">
        <ele>1353</ele>
      </trkpt>
      <trkpt lat="-21.03968055862471" lon="55.4384794254997">
        <ele>1352</ele>
      </trkpt>
      <trkpt lat="-21.039640314151494" lon="55.43846954403158">
        <ele>1351</ele>
      </trkpt>
      <trkpt lat="-21.039410585075345" lon="55.43848930696783">
        <ele>1341</ele>
      </trkpt>
      <trkpt lat="-21.039410585075345" lon="55.438439899627205">
        <ele>1341</ele>
      </trkpt>
      <trkpt lat="-21.0394818514325" lon="55.43833030516253">
        <ele>1177</ele>
      </trkpt>
      <trkpt lat="-21.03938627066335" lon="55.438235982057705">
        <ele>1340</ele>
      </trkpt>
      <trkpt lat="-21.039280628689244" lon="55.438049132478604">
        <ele>1336</ele>
      </trkpt>
      <trkpt lat="-21.03927056754495" lon="55.4380096066061">
        <ele>1335</ele>
      </trkpt>
      <trkpt lat="-21.039220261813256" lon="55.437989843669854">
        <ele>1335</ele>
      </trkpt>
      <trkpt lat="-21.03916073334215" lon="55.43786946942179">
        <ele>1332</ele>
      </trkpt>
      <trkpt lat="-21.038920103927772" lon="55.43750924499285">
        <ele>1316</ele>
      </trkpt>
      <trkpt lat="-21.038792662408" lon="55.43736551454739">
        <ele>1155</ele>
      </trkpt>
      <trkpt lat="-21.03871971885748" lon="55.437283767856535">
        <ele>1302</ele>
      </trkpt>
      <trkpt lat="-21.038652644296743" lon="55.43720830937267">
        <ele>1302</ele>
      </trkpt>
      <trkpt lat="-21.03856880105337" lon="55.437096019962155">
        <ele>1294</ele>
      </trkpt>
      <trkpt lat="-21.03841452936224" lon="55.43689120407738">
        <ele>1291</ele>
      </trkpt>
      <trkpt lat="-21.038282056804302" lon="55.43673040564151">
        <ele>1287</ele>
      </trkpt>
      <trkpt lat="-21.03816048378354" lon="55.43667920167032">
        <ele>1277</ele>
      </trkpt>
      <trkpt lat="-21.038330685984825" lon="55.436649557265945">
        <ele>1287</ele>
      </trkpt>
      <trkpt lat="-21.03809005522959" lon="55.43655972573754">
        <ele>1274</ele>
      </trkpt>
      <trkpt lat="-21.03823007386964" lon="55.43650942008163">
        <ele>1277</ele>
      </trkpt>
      <trkpt lat="-21.03801040384866" lon="55.43643935148947">
        <ele>1271</ele>
      </trkpt>
      <trkpt lat="-21.038170545002817" lon="55.4363692828973">
        <ele>1273</ele>
      </trkpt>
      <trkpt lat="-21.03795003645791" lon="55.43628933283701">
        <ele>1268</ele>
      </trkpt>
      <trkpt lat="-21.038140361342958" lon="55.43623992549639">
        <ele>1270</ele>
      </trkpt>
      <trkpt lat="-21.037910629953526" lon="55.436149195652696">
        <ele>1267</ele>
      </trkpt>
      <trkpt lat="-21.037910629953526" lon="55.436149195652696">
        <ele>1265</ele>
      </trkpt>
      <trkpt lat="-21.038120238899637" lon="55.43607912706053">
        <ele>1266</ele>
      </trkpt>
      <trkpt lat="-21.03809005522959" lon="55.43605936412428">
        <ele>1265</ele>
      </trkpt>
      <trkpt lat="-21.037900568716708" lon="55.43598929553212">
        <ele>1262</ele>
      </trkpt>
      <trkpt lat="-21.03805064876224" lon="55.43591922693996">
        <ele>1262</ele>
      </trkpt>
      <trkpt lat="-21.0379600976914" lon="55.43586981959933">
        <ele>1261</ele>
      </trkpt>
      <trkpt lat="-21.037780672258833" lon="55.43586981959933">
        <ele>1256</ele>
      </trkpt>
      <trkpt lat="-21.037720304774982" lon="55.4358096324753">
        <ele>1256</ele>
      </trkpt>
      <trkpt lat="-21.037680059772168" lon="55.435719800946885">
        <ele>1255</ele>
      </trkpt>
      <trkpt lat="-21.037568547520035" lon="55.435517680007955">
        <ele>1252</ele>
      </trkpt>
      <trkpt lat="-21.037510695266125" lon="55.43535957651795">
        <ele>1242</ele>
      </trkpt>
      <trkpt lat="-21.037500634002296" lon="55.43526974498954">
        <ele>1239</ele>
      </trkpt>
      <trkpt lat="-21.03738073722252" lon="55.43517991346113">
        <ele>1236</ele>
      </trkpt>
      <trkpt lat="-21.03729018574448" lon="55.434979589152775">
        <ele>1230</ele>
      </trkpt>
      <trkpt lat="-21.037209695495562" lon="55.43486999468811">
        <ele>1227</ele>
      </trkpt>
      <trkpt lat="-21.037150166220997" lon="55.43474962044003">
        <ele>1222</ele>
      </trkpt>
      <trkpt lat="-21.03714010493281" lon="55.43471997603566">
        <ele>1221</ele>
      </trkpt>
      <trkpt lat="-21.037190411366957" lon="55.43462924619196">
        <ele>1223</ele>
      </trkpt>
      <trkpt lat="-21.037040330454786" lon="55.43436963307485">
        <ele>1218</ele>
      </trkpt>
      <trkpt lat="-21.037040330454786" lon="55.43418997001803">
        <ele>1209</ele>
      </trkpt>
      <trkpt lat="-21.036914564210797" lon="55.43395910299">
        <ele>1201</ele>
      </trkpt>
      <trkpt lat="-21.036960678512592" lon="55.43368960840477">
        <ele>1166</ele>
      </trkpt>
      <trkpt lat="-21.036909533558827" lon="55.4334335885488">
        <ele>1143</ele>
      </trkpt>
      <trkpt lat="-21.036678123384693" lon="55.4332530271767">
        <ele>1112</ele>
      </trkpt>
      <trkpt lat="-21.036605178798776" lon="55.43312636472164">
        <ele>989</ele>
      </trkpt>
      <trkpt lat="-21.03666386984771" lon="55.43300060058185">
        <ele>1009</ele>
      </trkpt>
      <trkpt lat="-21.036559902830927" lon="55.43288831117134">
        <ele>1108</ele>
      </trkpt>
      <trkpt lat="-21.036590086811007" lon="55.43278949649009">
        <ele>1104</ele>
      </trkpt>
      <trkpt lat="-21.03654061861821" lon="55.43258917218172">
        <ele>1094</ele>
      </trkpt>
      <trkpt lat="-21.03653055728885" lon="55.43243915352929">
        <ele>1094</ele>
      </trkpt>
      <trkpt lat="-21.036580025484998" lon="55.43235920346899">
        <ele>1099</ele>
      </trkpt>
      <trkpt lat="-21.03654061861821" lon="55.43226937194058">
        <ele>1058</ele>
      </trkpt>
      <trkpt lat="-21.036510434628095" lon="55.432229846068076">
        <ele>1046</ele>
      </trkpt>
      <trkpt lat="-21.03637041437172" lon="55.43220918481654">
        <ele>1045</ele>
      </trkpt>
      <trkpt lat="-21.03631004631641" lon="55.43217954041217">
        <ele>1043</ele>
      </trkpt>
      <trkpt lat="-21.036270639378202" lon="55.43211935328813">
        <ele>1041</ele>
      </trkpt>
      <trkpt lat="-21.036228717092083" lon="55.43179685810114">
        <ele>970</ele>
      </trkpt>
      <trkpt lat="-21.0361800872254" lon="55.431429447149924">
        <ele>1038</ele>
      </trkpt>
      <trkpt lat="-21.036210271282453" lon="55.43125966556123">
        <ele>1039</ele>
      </trkpt>
      <trkpt lat="-21.0361800872254" lon="55.431149172781275">
        <ele>1023</ele>
      </trkpt>
      <trkpt lat="-21.03612055753942" lon="55.431049459784745">
        <ele>976</ele>
      </trkpt>
      <trkpt lat="-21.03587070028806" lon="55.4308994411323">
        <ele>968</ele>
      </trkpt>
      <trkpt lat="-21.035800270651563" lon="55.430839254008255">
        <ele>964</ele>
      </trkpt>
      <trkpt lat="-21.035820393408255" lon="55.430659590951436">
        <ele>964</ele>
      </trkpt>
      <trkpt lat="-21.03576002513005" lon="55.430699116823945">
        <ele>964</ele>
      </trkpt>
      <trkpt lat="-21.035740740813807" lon="55.43063982801519">
        <ele>965</ele>
      </trkpt>
      <trkpt lat="-21.03579020927221" lon="55.43056975942302">
        <ele>967</ele>
      </trkpt>
      <trkpt lat="-21.03579020927221" lon="55.43050957229899">
        <ele>968</ele>
      </trkpt>
      <trkpt lat="-21.035680372503336" lon="55.43036943511466">
        <ele>952</ele>
      </trkpt>
      <trkpt lat="-21.03563006555926" lon="55.430359553646554">
        <ele>933</ele>
      </trkpt>
      <trkpt lat="-21.035590658441198" lon="55.43044938517495">
        <ele>932</ele>
      </trkpt>
      <trkpt lat="-21.03556047425862" lon="55.43044938517495">
        <ele>931</ele>
      </trkpt>
      <trkpt lat="-21.035510167274044" lon="55.43039997783433">
        <ele>929</ele>
      </trkpt>
      <trkpt lat="-21.035500105875098" lon="55.43026972211813">
        <ele>925</ele>
      </trkpt>
      <trkpt lat="-21.035440575917413" lon="55.43016911080632">
        <ele>922</ele>
      </trkpt>
      <trkpt lat="-21.03533073889076" lon="55.430109821997554">
        <ele>921</ele>
      </trkpt>
      <trkpt lat="-21.03520077894552" lon="55.430109821997554">
        <ele>920</ele>
      </trkpt>
      <trkpt lat="-21.03507081888688" lon="55.43001999046915">
        <ele>917</ele>
      </trkpt>
      <trkpt lat="-21.034930797277493" lon="55.43017989058973">
        <ele>915</ele>
      </trkpt>
      <trkpt lat="-21.03486036719669" lon="55.430289485054374">
        <ele>915</ele>
      </trkpt>
      <trkpt lat="-21.034820121421276" lon="55.430289485054374">
        <ele>916</ele>
      </trkpt>
      <trkpt lat="-21.034720345389513" lon="55.43023917939848">
        <ele>916</ele>
      </trkpt>
      <trkpt lat="-21.034530016135236" lon="55.430009210685746">
        <ele>916</ele>
      </trkpt>
      <trkpt lat="-21.034530016135236" lon="55.42994992187698">
        <ele>916</ele>
      </trkpt>
      <trkpt lat="-21.034470485789928" lon="55.429839429097036">
        <ele>917</ele>
      </trkpt>
      <trkpt lat="-21.034409278508672" lon="55.42971815653368">
        <ele>898</ele>
      </trkpt>
      <trkpt lat="-21.03420134125582" lon="55.42930762644883">
        <ele>886</ele>
      </trkpt>
      <trkpt lat="-21.034301117635152" lon="55.42929415171958">
        <ele>895</ele>
      </trkpt>
      <trkpt lat="-21.034510731659783" lon="55.42953939179215">
        <ele>898</ele>
      </trkpt>
      <trkpt lat="-21.034580323450754" lon="55.429669647508334">
        <ele>899</ele>
      </trkpt>
      <trkpt lat="-21.03475052974232" lon="55.42974959756862">
        <ele>900</ele>
      </trkpt>
      <trkpt lat="-21.03484611348581" lon="55.42966785087777">
        <ele>901</ele>
      </trkpt>
      <trkpt lat="-21.03494253562106" lon="55.429599578916175">
        <ele>902</ele>
      </trkpt>
      <trkpt lat="-21.034980266004826" lon="55.42951962885589">
        <ele>903</ele>
      </trkpt>
      <trkpt lat="-21.034990327438884" lon="55.42951962885589">
        <ele>903</ele>
      </trkpt>
      <trkpt lat="-21.035075011148614" lon="55.42935433884361">
        <ele>904</ele>
      </trkpt>
      <trkpt lat="-21.035178979201653" lon="55.429122573500315">
        <ele>900</ele>
      </trkpt>
      <trkpt lat="-21.035259470547718" lon="55.42893841886706">
        <ele>898</ele>
      </trkpt>
      <trkpt lat="-21.035340800301153" lon="55.42876953559366">
        <ele>899</ele>
      </trkpt>
      <trkpt lat="-21.035370146077575" lon="55.42868958553336">
        <ele>893</ele>
      </trkpt>
      <trkpt lat="-21.035417937758226" lon="55.42813083342664">
        <ele>853</ele>
      </trkpt>
      <trkpt lat="-21.03526030899903" lon="55.42790984786675">
        <ele>853</ele>
      </trkpt>
      <trkpt lat="-21.035402845650204" lon="55.42785954221083">
        <ele>852</ele>
      </trkpt>
      <trkpt lat="-21.03536008466917" lon="55.427759829214295">
        <ele>852</ele>
      </trkpt>
      <trkpt lat="-21.03529049324242" lon="55.42774994774618">
        <ele>851</ele>
      </trkpt>
      <trkpt lat="-21.03512028756772" lon="55.42762957349811">
        <ele>851</ele>
      </trkpt>
      <trkpt lat="-21.035130348992325" lon="55.427619692029985">
        <ele>850</ele>
      </trkpt>
      <trkpt lat="-21.03527037041417" lon="55.42763945496623">
        <ele>850</ele>
      </trkpt>
      <trkpt lat="-21.03520077894552" lon="55.4275792678422">
        <ele>850</ele>
      </trkpt>
      <trkpt lat="-21.035370146077575" lon="55.427559504905936">
        <ele>849</ele>
      </trkpt>
      <trkpt lat="-21.035340800301153" lon="55.42750919925003">
        <ele>849</ele>
      </trkpt>
      <trkpt lat="-21.035480821525205" lon="55.42749931778191">
        <ele>848</ele>
      </trkpt>
      <trkpt lat="-21.035590658441198" lon="55.42743913065787">
        <ele>848</ele>
      </trkpt>
      <trkpt lat="-21.035488367575468" lon="55.427370858696285">
        <ele>848</ele>
      </trkpt>
      <trkpt lat="-21.03533073889076" lon="55.427369960380986">
        <ele>849</ele>
      </trkpt>
      <trkpt lat="-21.03529049324242" lon="55.42733941766134">
        <ele>849</ele>
      </trkpt>
      <trkpt lat="-21.035320677479707" lon="55.42731965472509">
        <ele>849</ele>
      </trkpt>
      <trkpt lat="-21.035300554655525" lon="55.4272792305373">
        <ele>849</ele>
      </trkpt>
      <trkpt lat="-21.035490044475456" lon="55.42726934906918">
        <ele>849</ele>
      </trkpt>
      <trkpt lat="-21.035390268892357" lon="55.427179517540765">
        <ele>848</ele>
      </trkpt>
      <trkpt lat="-21.035550412863056" lon="55.42715975460452">
        <ele>848</ele>
      </trkpt>
      <trkpt lat="-21.035470760124277" lon="55.42711933041673">
        <ele>849</ele>
      </trkpt>
      <trkpt lat="-21.035470760124277" lon="55.42709956748047">
        <ele>849</ele>
      </trkpt>
      <trkpt lat="-21.035530290069918" lon="55.42707980454422">
        <ele>849</ele>
      </trkpt>
      <trkpt lat="-21.035590658441198" lon="55.42710944894859">
        <ele>849</ele>
      </trkpt>
      <trkpt lat="-21.035530290069918" lon="55.42702949888832">
        <ele>849</ele>
      </trkpt>
      <trkpt lat="-21.035670311115872" lon="55.42710944894859">
        <ele>849</ele>
      </trkpt>
      <trkpt lat="-21.035670311115872" lon="55.42707980454422">
        <ele>849</ele>
      </trkpt>
      <trkpt lat="-21.035570535653488" lon="55.426969311764275">
        <ele>850</ele>
      </trkpt>
      <trkpt lat="-21.035700495276213" lon="55.42701961742018">
        <ele>850</ele>
      </trkpt>
      <trkpt lat="-21.035660249727744" lon="55.42692978589177">
        <ele>850</ele>
      </trkpt>
      <trkpt lat="-21.035650188338927" lon="55.42688936170398">
        <ele>850</ele>
      </trkpt>
      <trkpt lat="-21.035850577538177" lon="55.42705914329269">
        <ele>874</ele>
      </trkpt>
      <trkpt lat="-21.035900045960098" lon="55.42703938035644">
        <ele>874</ele>
      </trkpt>
      <trkpt lat="-21.036037551317822" lon="55.42719838216173">
        <ele>871</ele>
      </trkpt>
      <trkpt lat="-21.036097919483563" lon="55.4271768225949">
        <ele>870</ele>
      </trkpt>
      <trkpt lat="-21.03606186627642" lon="55.42706093992326">
        <ele>795</ele>
      </trkpt>
      <trkpt lat="-21.036150741608516" lon="55.426969311764275">
        <ele>871</ele>
      </trkpt>
      <trkpt lat="-21.036150741608516" lon="55.426899243172116">
        <ele>871</ele>
      </trkpt>
      <trkpt lat="-21.036210271282453" lon="55.4268498358315">
        <ele>871</ele>
      </trkpt>
      <trkpt lat="-21.03616080296353" lon="55.42675910598779">
        <ele>870</ele>
      </trkpt>
      <trkpt lat="-21.03616080296353" lon="55.426739343051544">
        <ele>870</ele>
      </trkpt>
      <trkpt lat="-21.036220332633444" lon="55.42674922451967">
        <ele>870</ele>
      </trkpt>
      <trkpt lat="-21.03631004631641" lon="55.426819293111826">
        <ele>870</ele>
      </trkpt>
      <trkpt lat="-21.036350291689327" lon="55.42682917457996">
        <ele>870</ele>
      </trkpt>
      <trkpt lat="-21.03637041437172" lon="55.426819293111826">
        <ele>870</ele>
      </trkpt>
      <trkpt lat="-21.0363804757119" lon="55.42679953017557">
        <ele>870</ele>
      </trkpt>
      <trkpt lat="-21.036400598390223" lon="55.426819293111826">
        <ele>870</ele>
      </trkpt>
      <trkpt lat="-21.03641065972835" lon="55.42678964870745">
        <ele>870</ele>
      </trkpt>
      <trkpt lat="-21.03641065972835" lon="55.426739343051544">
        <ele>870</ele>
      </trkpt>
      <trkpt lat="-21.03630082341691" lon="55.42657944293096">
        <ele>870</ele>
      </trkpt>
      <trkpt lat="-21.03630082341691" lon="55.42653991705848">
        <ele>871</ele>
      </trkpt>
      <trkpt lat="-21.0364601279643" lon="55.426659392991255">
        <ele>872</ele>
      </trkpt>
      <trkpt lat="-21.036510434628095" lon="55.42677976723934">
        <ele>873</ele>
      </trkpt>
      <trkpt lat="-21.036480250631847" lon="55.42687948023587">
        <ele>873</ele>
      </trkpt>
      <trkpt lat="-21.03649031196462" lon="55.42691990442365">
        <ele>873</ele>
      </trkpt>
      <trkpt lat="-21.036520495958808" lon="55.42694954882802">
        <ele>873</ele>
      </trkpt>
      <trkpt lat="-21.03654061861821" lon="55.42694954882802">
        <ele>873</ele>
      </trkpt>
      <trkpt lat="-21.036560741274894" lon="55.426869598767745">
        <ele>873</ele>
      </trkpt>
      <trkpt lat="-21.03660014813635" lon="55.426869598767745">
        <ele>873</ele>
      </trkpt>
      <trkpt lat="-21.03680053605783" lon="55.42715975460452">
        <ele>872</ele>
      </trkpt>
      <trkpt lat="-21.0368206586794" lon="55.42716963607263">
        <ele>871</ele>
      </trkpt>
      <trkpt lat="-21.036830719989158" lon="55.427129211884846">
        <ele>870</ele>
      </trkpt>
      <trkpt lat="-21.036690700033834" lon="55.42680941164371">
        <ele>871</ele>
      </trkpt>
      <trkpt lat="-21.03649031196462" lon="55.42639977987414">
        <ele>869</ele>
      </trkpt>
      <trkpt lat="-21.036330169004227" lon="55.42626952415794">
        <ele>869</ele>
      </trkpt>
      <trkpt lat="-21.03630082341691" lon="55.42616981116141">
        <ele>870</ele>
      </trkpt>
      <trkpt lat="-21.036130618896454" lon="55.42598924978931">
        <ele>869</ele>
      </trkpt>
      <trkpt lat="-21.036030005295387" lon="55.42590929972902">
        <ele>865</ele>
      </trkpt>
      <trkpt lat="-21.03608031210442" lon="55.425889536792766">
        <ele>866</ele>
      </trkpt>
      <trkpt lat="-21.036259739584946" lon="55.42603506386879">
        <ele>867</ele>
      </trkpt>
      <trkpt lat="-21.03644000529403" lon="55.42608986110112">
        <ele>871</ele>
      </trkpt>
      <trkpt lat="-21.03658840992338" lon="55.426357559055795">
        <ele>892</ele>
      </trkpt>
      <trkpt lat="-21.036850004164314" lon="55.426589324399096">
        <ele>873</ele>
      </trkpt>
      <trkpt lat="-21.0372356871432" lon="55.42683276784109">
        <ele>906</ele>
      </trkpt>
      <trkpt lat="-21.037384090979923" lon="55.42695314208916">
        <ele>902</ele>
      </trkpt>
      <trkpt lat="-21.037440266404957" lon="55.42710944894859">
        <ele>912</ele>
      </trkpt>
      <trkpt lat="-21.03772365852472" lon="55.42731156988752">
        <ele>922</ele>
      </trkpt>
      <trkpt lat="-21.038005373233705" lon="55.427674489262316">
        <ele>937</ele>
      </trkpt>
      <trkpt lat="-21.03813030012163" lon="55.42792961080301">
        <ele>935</ele>
      </trkpt>
      <trkpt lat="-21.038430459598615" lon="55.42832936110444">
        <ele>977</ele>
      </trkpt>
      <trkpt lat="-21.038690373740874" lon="55.42848926122501">
        <ele>1016</ele>
      </trkpt>
      <trkpt lat="-21.038868121215764" lon="55.42863029672461">
        <ele>1017</ele>
      </trkpt>
      <trkpt lat="-21.039030776738063" lon="55.42886924859018">
        <ele>1018</ele>
      </trkpt>
      <trkpt lat="-21.03911042757337" lon="55.42886924859018">
        <ele>1018</ele>
      </trkpt>
      <trkpt lat="-21.03917666349873" lon="55.42880187494388">
        <ele>1019</ele>
      </trkpt>
      <trkpt lat="-21.03916073334215" lon="55.42861951694121">
        <ele>1019</ele>
      </trkpt>
      <trkpt lat="-21.03917079449386" lon="55.428499142693134">
        <ele>1020</ele>
      </trkpt>
      <trkpt lat="-21.03921020066488" lon="55.42847937975687">
        <ele>1018</ele>
      </trkpt>
      <trkpt lat="-21.03925044525431" lon="55.42854944834905">
        <ele>1017</ele>
      </trkpt>
      <trkpt lat="-21.03934015711244" lon="55.42856921128529">
        <ele>1034</ele>
      </trkpt>
      <trkpt lat="-21.03936027939096" lon="55.42856921128529">
        <ele>1034</ele>
      </trkpt>
      <trkpt lat="-21.03949358941746" lon="55.4286258051482">
        <ele>1034</ele>
      </trkpt>
      <trkpt lat="-21.03966043638945" lon="55.42847937975687">
        <ele>1034</ele>
      </trkpt>
      <trkpt lat="-21.03970068085723" lon="55.42839942969659">
        <ele>1034</ele>
      </trkpt>
      <trkpt lat="-21.039750148000643" lon="55.428269173980404">
        <ele>992</ele>
      </trkpt>
      <trkpt lat="-21.039720803087043" lon="55.428229648107894">
        <ele>992</ele>
      </trkpt>
      <trkpt lat="-21.03961013078943" lon="55.42821976663977">
        <ele>991</ele>
      </trkpt>
      <trkpt lat="-21.039605938655328" lon="55.427995187818745">
        <ele>896</ele>
      </trkpt>
      <trkpt lat="-21.039686427609464" lon="55.427887389984654">
        <ele>984</ele>
      </trkpt>
      <trkpt lat="-21.039650375270813" lon="55.42772928649463">
        <ele>983</ele>
      </trkpt>
      <trkpt lat="-21.039600069667404" lon="55.4275792678422">
        <ele>982</ele>
      </trkpt>
      <trkpt lat="-21.03953048022133" lon="55.4274597919094">
        <ele>980</ele>
      </trkpt>
      <trkpt lat="-21.039630253031486" lon="55.42719928047701">
        <ele>981</ele>
      </trkpt>
      <trkpt lat="-21.039926217360865" lon="55.42680851332842">
        <ele>893</ele>
      </trkpt>
      <trkpt lat="-21.040067072699184" lon="55.42652823895978">
        <ele>951</ele>
      </trkpt>
      <trkpt lat="-21.040240626415024" lon="55.42639977987414">
        <ele>951</ele>
      </trkpt>
      <trkpt lat="-21.040500537398714" lon="55.42616981116141">
        <ele>951</ele>
      </trkpt>
      <trkpt lat="-21.040680797975874" lon="55.426039555445215">
        <ele>941</ele>
      </trkpt>
      <trkpt lat="-21.040820814180613" lon="55.42592996098055">
        <ele>931</ele>
      </trkpt>
      <trkpt lat="-21.040820814180613" lon="55.42562992367565">
        <ele>929</ele>
      </trkpt>
      <trkpt lat="-21.040500537398714" lon="55.42540983643105">
        <ele>930</ele>
      </trkpt>
      <trkpt lat="-21.04043010995115" lon="55.425269699246726">
        <ele>922</ele>
      </trkpt>
      <trkpt lat="-21.04030015445456" lon="55.425179867718306">
        <ele>922</ele>
      </trkpt>
      <trkpt lat="-21.04043010995115" lon="55.425269699246726">
        <ele>922</ele>
      </trkpt>
      <trkpt lat="-21.0404007651715" lon="55.425139443530526">
        <ele>922</ele>
      </trkpt>
      <trkpt lat="-21.040410826239466" lon="55.42500918781433">
        <ele>922</ele>
      </trkpt>
      <trkpt lat="-21.040480415274228" lon="55.424979543409954">
        <ele>905</ele>
      </trkpt>
      <trkpt lat="-21.04066067587575" lon="55.4249993063462">
        <ele>905</ele>
      </trkpt>
      <trkpt lat="-21.041050541081702" lon="55.42502266254359">
        <ele>906</ele>
      </trkpt>
      <trkpt lat="-21.04108072415187" lon="55.424909474817795">
        <ele>906</ele>
      </trkpt>
      <trkpt lat="-21.041140251855637" lon="55.42481964328938">
        <ele>906</ele>
      </trkpt>
      <trkpt lat="-21.041150312873636" lon="55.424699269041305">
        <ele>906</ele>
      </trkpt>
      <trkpt lat="-21.041140251855637" lon="55.424669624636934">
        <ele>906</ele>
      </trkpt>
      <trkpt lat="-21.041070663129158" lon="55.42464986170067">
        <ele>906</ele>
      </trkpt>
      <trkpt lat="-21.041050541081702" lon="55.42461931898102">
        <ele>906</ele>
      </trkpt>
      <trkpt lat="-21.041070663129158" lon="55.424579793108514">
        <ele>906</ele>
      </trkpt>
      <trkpt lat="-21.041150312873636" lon="55.42452948745262">
        <ele>907</ele>
      </trkpt>
      <trkpt lat="-21.041140251855637" lon="55.424459418860444">
        <ele>907</ele>
      </trkpt>
      <trkpt lat="-21.041180495923587" lon="55.424459418860444">
        <ele>907</ele>
      </trkpt>
      <trkpt lat="-21.041250084598744" lon="55.42455913185699">
        <ele>907</ele>
      </trkpt>
      <trkpt lat="-21.041290328637007" lon="55.42455913185699">
        <ele>907</ele>
      </trkpt>
      <trkpt lat="-21.041320511658572" lon="55.42452948745262">
        <ele>907</ele>
      </trkpt>
      <trkpt lat="-21.0413112890693" lon="55.424397435105845">
        <ele>907</ele>
      </trkpt>
      <trkpt lat="-21.041420283269673" lon="55.42437946880016">
        <ele>907</ele>
      </trkpt>
      <trkpt lat="-21.041420283269673" lon="55.42434982439579">
        <ele>907</ele>
      </trkpt>
      <trkpt lat="-21.041380039266503" lon="55.424309400208">
        <ele>907</ele>
      </trkpt>
      <trkpt lat="-21.041400161269443" lon="55.424279755803624">
        <ele>908</ele>
      </trkpt>
      <trkpt lat="-21.041440405267164" lon="55.42425999286737">
        <ele>908</ele>
      </trkpt>
      <trkpt lat="-21.04153933838199" lon="55.42434173955822">
        <ele>908</ele>
      </trkpt>
      <trkpt lat="-21.0417405580738" lon="55.424189924275204">
        <ele>908</ele>
      </trkpt>
      <trkpt lat="-21.041800085513852" lon="55.424209687211466">
        <ele>908</ele>
      </trkpt>
      <trkpt lat="-21.04203064931767" lon="55.42422945014771">
        <ele>908</ele>
      </trkpt>
      <trkpt lat="-21.042220130576528" lon="55.42431928167613">
        <ele>908</ele>
      </trkpt>
      <trkpt lat="-21.04248255333777" lon="55.42425999286737">
        <ele>908</ele>
      </trkpt>
      <trkpt lat="-21.042800310631012" lon="55.424309400208">
        <ele>910</ele>
      </trkpt>
      <trkpt lat="-21.04293361757855" lon="55.424323773252546">
        <ele>913</ele>
      </trkpt>
      <trkpt lat="-21.042980568424742" lon="55.42442977445607">
        <ele>916</ele>
      </trkpt>
      <trkpt lat="-21.043190170236116" lon="55.4244396559242">
        <ele>916</ele>
      </trkpt>
      <trkpt lat="-21.043340244951835" lon="55.424589674576644">
        <ele>921</ele>
      </trkpt>
      <trkpt lat="-21.043440015209885" lon="55.42462920044915">
        <ele>921</ele>
      </trkpt>
      <trkpt lat="-21.04338048842531" lon="55.42467950610506">
        <ele>921</ele>
      </trkpt>
      <trkpt lat="-21.043350305821228" lon="55.42479179551557">
        <ele>921</ele>
      </trkpt>
      <trkpt lat="-21.04353056294925" lon="55.42472981176096">
        <ele>920</ele>
      </trkpt>
      <trkpt lat="-21.04353056294925" lon="55.424779219101595">
        <ele>920</ele>
      </trkpt>
      <trkpt lat="-21.04363033307979" lon="55.42472981176096">
        <ele>917</ele>
      </trkpt>
      <trkpt lat="-21.043620272229315" lon="55.424889711881534">
        <ele>920</ele>
      </trkpt>
      <trkpt lat="-21.043750224828916" lon="55.424809761821244">
        <ele>917</ele>
      </trkpt>
      <trkpt lat="-21.043840772379646" lon="55.42485916916188">
        <ele>916</ele>
      </trkpt>
      <trkpt lat="-21.043930481472856" lon="55.42484928769375">
        <ele>916</ele>
      </trkpt>
      <trkpt lat="-21.043990008037582" lon="55.424899593349664">
        <ele>916</ele>
      </trkpt>
      <trkpt lat="-21.04409061626191" lon="55.424879830413424">
        <ele>915</ele>
      </trkpt>
      <trkpt lat="-21.044360581327943" lon="55.42494989900558">
        <ele>914</ele>
      </trkpt>
      <trkpt lat="-21.044430168517184" lon="55.42492923775404">
        <ele>914</ele>
      </trkpt>
      <trkpt lat="-21.04446035090241" lon="55.42491935628591">
        <ele>914</ele>
      </trkpt>
      <trkpt lat="-21.04456095880896" lon="55.42485916916188">
        <ele>914</ele>
      </trkpt>
      <trkpt lat="-21.044480472489152" lon="55.42472981176096">
        <ele>913</ele>
      </trkpt>
      <trkpt lat="-21.044370642128396" lon="55.42464986170067">
        <ele>911</ele>
      </trkpt>
      <trkpt lat="-21.044360581327943" lon="55.424599556044775">
        <ele>911</ele>
      </trkpt>
      <trkpt lat="-21.044380702928162" lon="55.42450972451636">
        <ele>910</ele>
      </trkpt>
      <trkpt lat="-21.044550059622374" lon="55.424569911640404">
        <ele>910</ele>
      </trkpt>
      <trkpt lat="-21.044500594073188" lon="55.42444953739233">
        <ele>909</ele>
      </trkpt>
      <trkpt lat="-21.044630545904567" lon="55.424469300328575">
        <ele>909</ele>
      </trkpt>
      <trkpt lat="-21.04465066746832" lon="55.42444953739233">
        <ele>909</ele>
      </trkpt>
      <trkpt lat="-21.044640606686773" lon="55.42441989298794">
        <ele>908</ele>
      </trkpt>
      <trkpt lat="-21.044540837233086" lon="55.42432916314424">
        <ele>908</ele>
      </trkpt>
      <trkpt lat="-21.04470013296765" lon="55.424279755803624">
        <ele>907</ele>
      </trkpt>
      <trkpt lat="-21.044680011410577" lon="55.42422945014771">
        <ele>906</ele>
      </trkpt>
      <trkpt lat="-21.04458024198329" lon="55.424209687211466">
        <ele>907</ele>
      </trkpt>
      <trkpt lat="-21.044667435436033" lon="55.42410727926907">
        <ele>905</ele>
      </trkpt>
      <trkpt lat="-21.04458108038212" lon="55.424024634262935">
        <ele>905</ele>
      </trkpt>
      <trkpt lat="-21.04470013296765" lon="55.423969837030604">
        <ele>904</ele>
      </trkpt>
      <trkpt lat="-21.044680011410577" lon="55.42393929431095">
        <ele>904</ele>
      </trkpt>
      <trkpt lat="-21.044640606686773" lon="55.42388988697031">
        <ele>904</ele>
      </trkpt>
      <trkpt lat="-21.044640606686773" lon="55.42386922571878">
        <ele>904</ele>
      </trkpt>
      <trkpt lat="-21.04471019374517" lon="55.42385934425066">
        <ele>904</ele>
      </trkpt>
      <trkpt lat="-21.044770558395985" lon="55.423899768438446">
        <ele>904</ele>
      </trkpt>
      <trkpt lat="-21.044780619168744" lon="55.423879107186906">
        <ele>904</ele>
      </trkpt>
      <trkpt lat="-21.044780619168744" lon="55.42380993691002">
        <ele>904</ele>
      </trkpt>
      <trkpt lat="-21.044850206161694" lon="55.423769512722245">
        <ele>904</ele>
      </trkpt>
      <trkpt lat="-21.04484014539363" lon="55.42373986831786">
        <ele>904</ele>
      </trkpt>
      <trkpt lat="-21.04481080148294" lon="55.42372998684975">
        <ele>904</ele>
      </trkpt>
      <trkpt lat="-21.04476049762254" lon="55.42374974978598">
        <ele>904</ele>
      </trkpt>
      <trkpt lat="-21.044550059622374" lon="55.42336976242081">
        <ele>902</ele>
      </trkpt>
      <trkpt lat="-21.044450290108013" lon="55.42329969382865">
        <ele>902</ele>
      </trkpt>
      <trkpt lat="-21.044410046923637" lon="55.42323950670461">
        <ele>902</ele>
      </trkpt>
      <trkpt lat="-21.044360581327943" lon="55.42320986230024">
        <ele>903</ele>
      </trkpt>
      <trkpt lat="-21.044350520526805" lon="55.42317931958057">
        <ele>903</ele>
      </trkpt>
      <trkpt lat="-21.04444022931294" lon="55.42300953799188">
        <ele>903</ele>
      </trkpt>
      <trkpt lat="-21.044420107720754" lon="55.42294935086784">
        <ele>903</ele>
      </trkpt>
      <trkpt lat="-21.044370642128396" lon="55.42281999346692">
        <ele>903</ele>
      </trkpt>
      <trkpt lat="-21.04419038601723" lon="55.4226295506267">
        <ele>886</ele>
      </trkpt>
      <trkpt lat="-21.04427003409326" lon="55.42260978769045">
        <ele>867</ele>
      </trkpt>
      <trkpt lat="-21.044220568451056" lon="55.42253971909829">
        <ele>866</ele>
      </trkpt>
      <trkpt lat="-21.044290155705728" lon="55.42251995616204">
        <ele>865</ele>
      </trkpt>
      <trkpt lat="-21.044420107720754" lon="55.422449887569876">
        <ele>864</ele>
      </trkpt>
      <trkpt lat="-21.044350520526805" lon="55.42238970044584">
        <ele>864</ele>
      </trkpt>
      <trkpt lat="-21.044410046923637" lon="55.422269326197764">
        <ele>863</ele>
      </trkpt>
      <trkpt lat="-21.044340459725007" lon="55.422139968796856">
        <ele>863</ele>
      </trkpt>
      <trkpt lat="-21.044290994106188" lon="55.42202228949463">
        <ele>862</ele>
      </trkpt>
      <trkpt lat="-21.04437902612826" lon="55.4218884405173">
        <ele>862</ele>
      </trkpt>
      <trkpt lat="-21.044330398922494" lon="55.42177974436792">
        <ele>862</ele>
      </trkpt>
      <trkpt lat="-21.044230629260973" lon="55.42173932018013">
        <ele>861</ele>
      </trkpt>
      <trkpt lat="-21.044160203577295" lon="55.42173932018013">
        <ele>861</ele>
      </trkpt>
      <trkpt lat="-21.04405037298034" lon="55.421588403212404">
        <ele>861</ele>
      </trkpt>
      <trkpt lat="-21.044130859532608" lon="55.42142940140711">
        <ele>861</ele>
      </trkpt>
      <trkpt lat="-21.04405037298034" lon="55.421369214283075">
        <ele>862</ele>
      </trkpt>
      <trkpt lat="-21.044010129687884" lon="55.421369214283075">
        <ele>862</ele>
      </trkpt>
      <trkpt lat="-21.043950603131204" lon="55.421419519938986">
        <ele>862</ele>
      </trkpt>
      <trkpt lat="-21.043900298980247" lon="55.42142940140711">
        <ele>862</ele>
      </trkpt>
      <trkpt lat="-21.043830711543407" lon="55.42134945134683">
        <ele>863</ele>
      </trkpt>
      <trkpt lat="-21.043720042299768" lon="55.421289264222786">
        <ele>863</ele>
      </trkpt>
      <trkpt lat="-21.043700759014044" lon="55.42123985688217">
        <ele>862</ele>
      </trkpt>
      <trkpt lat="-21.0437301031435" lon="55.421099719697835">
        <ele>855</ele>
      </trkpt>
      <trkpt lat="-21.04360015052634" lon="55.4209892269179">
        <ele>843</ele>
      </trkpt>
      <trkpt lat="-21.0433536594442" lon="55.420798784077654">
        <ele>846</ele>
      </trkpt>
      <trkpt lat="-21.042970507530377" lon="55.42044933943214">
        <ele>833</ele>
      </trkpt>
      <trkpt lat="-21.042770127909353" lon="55.420249913439065">
        <ele>827</ele>
      </trkpt>
      <trkpt lat="-21.04241967252657" lon="55.41975853497864">
        <ele>812</ele>
      </trkpt>
      <trkpt lat="-21.042170664253444" lon="55.41958965170523">
        <ele>810</ele>
      </trkpt>
      <trkpt lat="-21.041980344518183" lon="55.41951958311307">
        <ele>809</ele>
      </trkpt>
      <trkpt lat="-21.04192081715018" lon="55.41945939598904">
        <ele>809</ele>
      </trkpt>
      <trkpt lat="-21.04171037513735" lon="55.419429751584666">
        <ele>809</ele>
      </trkpt>
      <trkpt lat="-21.04162066470683" lon="55.419399208865">
        <ele>807</ele>
      </trkpt>
      <trkpt lat="-21.04159048174609" lon="55.41946927745716">
        <ele>807</ele>
      </trkpt>
      <trkpt lat="-21.04156029877925" lon="55.41947915892529">
        <ele>807</ele>
      </trkpt>
      <trkpt lat="-21.041510832236998" lon="55.41946927745716">
        <ele>807</ele>
      </trkpt>
      <trkpt lat="-21.041390100268313" lon="55.41932914027284">
        <ele>807</ele>
      </trkpt>
      <trkpt lat="-21.04128026762846" lon="55.41925996999596">
        <ele>806</ele>
      </trkpt>
      <trkpt lat="-21.041152828128034" lon="55.419265359887675">
        <ele>806</ele>
      </trkpt>
      <trkpt lat="-21.041150312873636" lon="55.419109951343515">
        <ele>805</ele>
      </trkpt>
      <trkpt lat="-21.04108072415187" lon="55.41906952715573">
        <ele>804</ele>
      </trkpt>
      <trkpt lat="-21.041030419031532" lon="55.41906952715573">
        <ele>804</ele>
      </trkpt>
      <trkpt lat="-21.041020358005422" lon="55.41907940862386">
        <ele>804</ele>
      </trkpt>
      <trkpt lat="-21.040930647159282" lon="55.41912971427976">
        <ele>803</ele>
      </trkpt>
      <trkpt lat="-21.040890403023834" lon="55.419109951343515">
        <ele>803</ele>
      </trkpt>
      <trkpt lat="-21.040860219915096" lon="55.41906952715573">
        <ele>803</ele>
      </trkpt>
      <trkpt lat="-21.040860219915096" lon="55.41902910296794">
        <ele>802</ele>
      </trkpt>
      <trkpt lat="-21.040920586126443" lon="55.41893927143953">
        <ele>802</ele>
      </trkpt>
      <trkpt lat="-21.040880341988263" lon="55.418849439911114">
        <ele>802</ele>
      </trkpt>
      <trkpt lat="-21.040864412013896" lon="55.41874074376174">
        <ele>800</ele>
      </trkpt>
      <trkpt lat="-21.04080069209941" lon="55.41876948985083">
        <ele>800</ele>
      </trkpt>
      <trkpt lat="-21.04071014270034" lon="55.418749726914584">
        <ele>797</ele>
      </trkpt>
      <trkpt lat="-21.040651453245612" lon="55.418680556637696">
        <ele>795</ele>
      </trkpt>
      <trkpt lat="-21.040610370613546" lon="55.418599708262136">
        <ele>794</ele>
      </trkpt>
      <trkpt lat="-21.04049047633681" lon="55.41865989538617">
        <ele>794</ele>
      </trkpt>
      <trkpt lat="-21.040363036160617" lon="55.41858174195645">
        <ele>792</ele>
      </trkpt>
      <trkpt lat="-21.040275001764694" lon="55.418655403809744">
        <ele>791</ele>
      </trkpt>
      <trkpt lat="-21.040155107217988" lon="55.4185224531477">
        <ele>791</ele>
      </trkpt>
      <trkpt lat="-21.04007042639609" lon="55.418414655313605">
        <ele>790</ele>
      </trkpt>
      <trkpt lat="-21.039934601610923" lon="55.418371536179976">
        <ele>787</ele>
      </trkpt>
      <trkpt lat="-21.03981386836457" lon="55.418294281065535">
        <ele>785</ele>
      </trkpt>
      <trkpt lat="-21.039585816410003" lon="55.41813977083667">
        <ele>779</ele>
      </trkpt>
      <trkpt lat="-21.03934518768231" lon="55.418127194422695">
        <ele>779</ele>
      </trkpt>
      <trkpt lat="-21.039469275019" lon="55.41804544773183">
        <ele>778</ele>
      </trkpt>
      <trkpt lat="-21.039513711675248" lon="55.41788195435013">
        <ele>778</ele>
      </trkpt>
      <trkpt lat="-21.03951706538462" lon="55.41775349526449">
        <ele>777</ele>
      </trkpt>
      <trkpt lat="-21.03936027939096" lon="55.41735913485476">
        <ele>773</ele>
      </trkpt>
      <trkpt lat="-21.03936027939096" lon="55.417279184794474">
        <ele>773</ele>
      </trkpt>
      <trkpt lat="-21.03934015711244" lon="55.4172495403901">
        <ele>772</ele>
      </trkpt>
      <trkpt lat="-21.039310812118057" lon="55.41723965892198">
        <ele>772</ele>
      </trkpt>
      <trkpt lat="-21.039220261813256" lon="55.41716959032981">
        <ele>771</ele>
      </trkpt>
      <trkpt lat="-21.039100366417575" lon="55.41697914748959">
        <ele>769</ele>
      </trkpt>
      <trkpt lat="-21.039090305261105" lon="55.41688931596117">
        <ele>768</ele>
      </trkpt>
      <trkpt lat="-21.039080244103946" lon="55.41683990862055">
        <ele>768</ele>
      </trkpt>
      <trkpt lat="-21.03905006062842" lon="55.41677972149651">
        <ele>767</ele>
      </trkpt>
      <trkpt lat="-21.0389804709254" lon="55.416759958560256">
        <ele>765</ele>
      </trkpt>
      <trkpt lat="-21.03895028742964" lon="55.41670965290435">
        <ele>763</ele>
      </trkpt>
      <trkpt lat="-21.038820330641947" lon="55.41659916012439">
        <ele>760</ele>
      </trkpt>
      <trkpt lat="-21.03866019018634" lon="55.416269478415124">
        <ele>755</ele>
      </trkpt>
      <trkpt lat="-21.03850759545588" lon="55.41589308431108">
        <ele>752</ele>
      </trkpt>
      <trkpt lat="-21.038592277166266" lon="55.415604725104885">
        <ele>749</ele>
      </trkpt>
      <trkpt lat="-21.038530233145565" lon="55.41542955362448">
        <ele>747</ele>
      </trkpt>
      <trkpt lat="-21.038510110754917" lon="55.41532984062794">
        <ele>746</ele>
      </trkpt>
      <trkpt lat="-21.038430459598615" lon="55.41520946637987">
        <ele>746</ele>
      </trkpt>
      <trkpt lat="-21.03837009237807" lon="55.41522922931611">
        <ele>746</ele>
      </trkpt>
      <trkpt lat="-21.03838183045066" lon="55.415130414634866">
        <ele>746</ele>
      </trkpt>
      <trkpt lat="-21.038352485267495" lon="55.414824987438266">
        <ele>746</ele>
      </trkpt>
      <trkpt lat="-21.038379315149463" lon="55.41448003436916">
        <ele>820</ele>
      </trkpt>
      <trkpt lat="-21.038406145026624" lon="55.414118911624946">
        <ele>733</ele>
      </trkpt>
      <trkpt lat="-21.038350808399702" lon="55.413619448326976">
        <ele>729</ele>
      </trkpt>
      <trkpt lat="-21.038330685984825" lon="55.413559261202934">
        <ele>729</ele>
      </trkpt>
      <trkpt lat="-21.038320624776357" lon="55.413509853862315">
        <ele>728</ele>
      </trkpt>
      <trkpt lat="-21.038270318723875" lon="55.413429903802026">
        <ele>728</ele>
      </trkpt>
      <trkpt lat="-21.038280379935728" lon="55.4134092425505">
        <ele>728</ele>
      </trkpt>
      <trkpt lat="-21.038340747192613" lon="55.413339173958335">
        <ele>728</ele>
      </trkpt>
      <trkpt lat="-21.038360031172278" lon="55.41322957949367">
        <ele>727</ele>
      </trkpt>
      <trkpt lat="-21.03842039839688" lon="55.41313974796525">
        <ele>727</ele>
      </trkpt>
      <trkpt lat="-21.038329847550813" lon="55.41309303557048">
        <ele>728</ele>
      </trkpt>
      <trkpt lat="-21.0382149820465" lon="55.41314962943338">
        <ele>727</ele>
      </trkpt>
      <trkpt lat="-21.038120238899637" lon="55.413059797904964">
        <ele>727</ele>
      </trkpt>
      <trkpt lat="-21.038141199778035" lon="55.412960084908434">
        <ele>726</ele>
      </trkpt>
      <trkpt lat="-21.03819066743933" lon="55.412879236532866">
        <ele>726</ele>
      </trkpt>
      <trkpt lat="-21.038245165691247" lon="55.412810066255986">
        <ele>726</ele>
      </trkpt>
      <trkpt lat="-21.03819318274371" lon="55.41269418358434">
        <ele>725</ele>
      </trkpt>
      <trkpt lat="-21.03826948028952" lon="55.41256123292228">
        <ele>725</ele>
      </trkpt>
      <trkpt lat="-21.03825019629811" lon="55.4123797732349">
        <ele>725</ele>
      </trkpt>
      <trkpt lat="-21.0382904411469" lon="55.412279161923074">
        <ele>725</ele>
      </trkpt>
      <trkpt lat="-21.038270318723875" lon="55.41221987311432">
        <ele>725</ele>
      </trkpt>
      <trkpt lat="-21.038180606221413" lon="55.412279161923074">
        <ele>725</ele>
      </trkpt>
      <trkpt lat="-21.03813030012163" lon="55.412199211862784">
        <ele>725</ele>
      </trkpt>
      <trkpt lat="-21.03813030012163" lon="55.4121192618025">
        <ele>725</ele>
      </trkpt>
      <trkpt lat="-21.03819066743933" lon="55.412009667337834">
        <ele>725</ele>
      </trkpt>
      <trkpt lat="-21.038180606221413" lon="55.411949480213806">
        <ele>725</ele>
      </trkpt>
      <trkpt lat="-21.03813030012163" lon="55.41198990440159">
        <ele>725</ele>
      </trkpt>
      <trkpt lat="-21.0380808324403" lon="55.4119997858697">
        <ele>725</ele>
      </trkpt>
      <trkpt lat="-21.03809005522959" lon="55.4119099543413">
        <ele>724</ele>
      </trkpt>
      <trkpt lat="-21.038140361342958" lon="55.41185964868538">
        <ele>724</ele>
      </trkpt>
      <trkpt lat="-21.03843549019921" lon="55.41160632377526">
        <ele>724</ele>
      </trkpt>
      <trkpt lat="-21.03874067965153" lon="55.4113098797315">
        <ele>726</ele>
      </trkpt>
      <trkpt lat="-21.038830391816646" lon="55.41121914988781">
        <ele>727</ele>
      </trkpt>
      <trkpt lat="-21.038800208290493" lon="55.41114997961093">
        <ele>728</ele>
      </trkpt>
      <trkpt lat="-21.038910042759127" lon="55.41110955542315">
        <ele>743</ele>
      </trkpt>
      <trkpt lat="-21.038940226263026" lon="55.41103948683098">
        <ele>745</ele>
      </trkpt>
      <trkpt lat="-21.038940226263026" lon="55.41094965530258">
        <ele>745</ele>
      </trkpt>
      <trkpt lat="-21.038830391816646" lon="55.41076999224575">
        <ele>746</ele>
      </trkpt>
      <trkpt lat="-21.03868031255671" lon="55.41056966793739">
        <ele>751</ele>
      </trkpt>
      <trkpt lat="-21.038561255159145" lon="55.41053553195659">
        <ele>751</ele>
      </trkpt>
      <trkpt lat="-21.038401114425024" lon="55.410425039176644">
        <ele>668</ele>
      </trkpt>
      <trkpt lat="-21.038465673799276" lon="55.41026693568664">
        <ele>666</ele>
      </trkpt>
      <trkpt lat="-21.03842542899783" lon="55.40996779669703">
        <ele>665</ele>
      </trkpt>
      <trkpt lat="-21.038441359233037" lon="55.409776455541504">
        <ele>663</ele>
      </trkpt>
      <trkpt lat="-21.038574670081932" lon="55.40984293087254">
        <ele>662</ele>
      </trkpt>
      <trkpt lat="-21.038723911016536" lon="55.40989952473543">
        <ele>663</ele>
      </trkpt>
      <trkpt lat="-21.038879859249096" lon="55.41001900066822">
        <ele>665</ele>
      </trkpt>
      <trkpt lat="-21.038971248191228" lon="55.41012230692589">
        <ele>751</ele>
      </trkpt>
      <trkpt lat="-21.03916408705947" lon="55.41014296817744">
        <ele>755</ele>
      </trkpt>
      <trkpt lat="-21.03926050639997" lon="55.410059424856">
        <ele>766</ele>
      </trkpt>
      <trkpt lat="-21.039390462803624" lon="55.41004954338789">
        <ele>772</ele>
      </trkpt>
      <trkpt lat="-21.039440768477828" lon="55.41001989898352">
        <ele>772</ele>
      </trkpt>
      <trkpt lat="-21.039570724724236" lon="55.40995971185947">
        <ele>773</ele>
      </trkpt>
      <trkpt lat="-21.039761885964456" lon="55.40986718538521">
        <ele>778</ele>
      </trkpt>
      <trkpt lat="-21.039873396574656" lon="55.40978903195549">
        <ele>788</ele>
      </trkpt>
      <trkpt lat="-21.040010059840206" lon="55.40974950608298">
        <ele>790</ele>
      </trkpt>
      <trkpt lat="-21.040140015589895" lon="55.409729743146734">
        <ele>789</ele>
      </trkpt>
      <trkpt lat="-21.040260748571885" lon="55.409689318958954">
        <ele>789</ele>
      </trkpt>
      <trkpt lat="-21.040340398749485" lon="55.40973962461487">
        <ele>788</ele>
      </trkpt>
      <trkpt lat="-21.040420048884496" lon="55.4098393376114">
        <ele>793</ele>
      </trkpt>
      <trkpt lat="-21.040520659520464" lon="55.40984921907953">
        <ele>800</ele>
      </trkpt>
      <trkpt lat="-21.04067073692614" lon="55.40990940620357">
        <ele>801</ele>
      </trkpt>
      <trkpt lat="-21.04069002060419" lon="55.40991928767169">
        <ele>801</ele>
      </trkpt>
      <trkpt lat="-21.040770508972493" lon="55.40991928767169">
        <ele>802</ele>
      </trkpt>
      <trkpt lat="-21.040900464058712" lon="55.409859998862935">
        <ele>803</ele>
      </trkpt>
      <trkpt lat="-21.04104048005695" lon="55.40976926901924">
        <ele>803</ele>
      </trkpt>
      <trkpt lat="-21.041180495923587" lon="55.40955996155804">
        <ele>802</ele>
      </trkpt>
      <trkpt lat="-21.041281106045865" lon="55.40959140259298">
        <ele>809</ele>
      </trkpt>
      <trkpt lat="-21.04131045065206" lon="55.409669556022706">
        <ele>804</ele>
      </trkpt>
      <trkpt lat="-21.041500771243346" lon="55.40980969320703">
        <ele>804</ele>
      </trkpt>
      <trkpt lat="-21.04169025317633" lon="55.410059424856">
        <ele>803</ele>
      </trkpt>
      <trkpt lat="-21.04166007022969" lon="55.41015913785255">
        <ele>803</ele>
      </trkpt>
      <trkpt lat="-21.041630725692375" lon="55.41023998622811">
        <ele>803</ele>
      </trkpt>
      <trkpt lat="-21.041700314157183" lon="55.410309156505">
        <ele>803</ele>
      </trkpt>
      <trkpt lat="-21.041760680028023" lon="55.41034958069279">
        <ele>803</ele>
      </trkpt>
      <trkpt lat="-21.041790024539726" lon="55.41041964928494">
        <ele>803</ele>
      </trkpt>
      <trkpt lat="-21.04171037513735" lon="55.410559786469264">
        <ele>802</ele>
      </trkpt>
      <trkpt lat="-21.041700314157183" lon="55.41062985506142">
        <ele>802</ele>
      </trkpt>
      <trkpt lat="-21.041770741004118" lon="55.41060919380989">
        <ele>801</ele>
      </trkpt>
      <trkpt lat="-21.041640786677263" lon="55.41090923111479">
        <ele>800</ele>
      </trkpt>
      <trkpt lat="-21.041640786677263" lon="55.41093977383444">
        <ele>800</ele>
      </trkpt>
      <trkpt lat="-21.041640786677263" lon="55.41098918117506">
        <ele>801</ele>
      </trkpt>
      <trkpt lat="-21.041790024539726" lon="55.41087958671041">
        <ele>802</ele>
      </trkpt>
      <trkpt lat="-21.04190069521758" lon="55.41085982377416">
        <ele>802</ele>
      </trkpt>
      <trkpt lat="-21.04186045134426" lon="55.41098918117506">
        <ele>802</ele>
      </trkpt>
      <trkpt lat="-21.042020588359133" lon="55.41097929970695">
        <ele>802</ele>
      </trkpt>
      <trkpt lat="-21.042140481404168" lon="55.41109967395503">
        <ele>802</ele>
      </trkpt>
      <trkpt lat="-21.042200008684365" lon="55.41110955542315">
        <ele>801</ele>
      </trkpt>
      <trkpt lat="-21.04232073999652" lon="55.41106913123536">
        <ele>808</ele>
      </trkpt>
      <trkpt lat="-21.042365175802033" lon="55.410858925458875">
        <ele>809</ele>
      </trkpt>
      <trkpt lat="-21.042450693730075" lon="55.41085982377416">
        <ele>810</ele>
      </trkpt>
      <trkpt lat="-21.042870736957788" lon="55.41087958671041">
        <ele>811</ele>
      </trkpt>
      <trkpt lat="-21.04309039981069" lon="55.41076999224575">
        <ele>836</ele>
      </trkpt>
      <trkpt lat="-21.04320023111565" lon="55.410869705242284">
        <ele>816</ele>
      </trkpt>
      <trkpt lat="-21.043490319516334" lon="55.41109967395503">
        <ele>834</ele>
      </trkpt>
      <trkpt lat="-21.043570806371292" lon="55.41114997961093">
        <ele>834</ele>
      </trkpt>
      <trkpt lat="-21.043720042299768" lon="55.41114997961093">
        <ele>834</ele>
      </trkpt>
      <trkpt lat="-21.043850833215224" lon="55.41103948683098">
        <ele>834</ele>
      </trkpt>
      <trkpt lat="-21.043850833215224" lon="55.41096941823883">
        <ele>834</ele>
      </trkpt>
      <trkpt lat="-21.043790468191595" lon="55.41084994230603">
        <ele>835</ele>
      </trkpt>
      <trkpt lat="-21.04381058986886" lon="55.41079963665012">
        <ele>835</ele>
      </trkpt>
      <trkpt lat="-21.043850833215224" lon="55.41075921246234">
        <ele>834</ele>
      </trkpt>
      <trkpt lat="-21.04412079871595" lon="55.41069992365359">
        <ele>844</ele>
      </trkpt>
      <trkpt lat="-21.044180325204607" lon="55.41070980512171">
        <ele>855</ele>
      </trkpt>
      <trkpt lat="-21.04415014276262" lon="55.410829281054504">
        <ele>855</ele>
      </trkpt>
      <trkpt lat="-21.044230629260973" lon="55.41077987371387">
        <ele>856</ele>
      </trkpt>
      <trkpt lat="-21.044220568451056" lon="55.410829281054504">
        <ele>862</ele>
      </trkpt>
      <trkpt lat="-21.04428009489983" lon="55.41077987371387">
        <ele>862</ele>
      </trkpt>
      <trkpt lat="-21.044630545904567" lon="55.41066938093393">
        <ele>862</ele>
      </trkpt>
      <trkpt lat="-21.04470013296765" lon="55.41060919380989">
        <ele>862</ele>
      </trkpt>
      <trkpt lat="-21.04471019374517" lon="55.41059931234177">
        <ele>862</ele>
      </trkpt>
      <trkpt lat="-21.0448007407122" lon="55.41057954940551">
        <ele>862</ele>
      </trkpt>
      <trkpt lat="-21.0448007407122" lon="55.41060919380989">
        <ele>869</ele>
      </trkpt>
      <trkpt lat="-21.044880388461788" lon="55.41072956805796">
        <ele>869</ele>
      </trkpt>
      <trkpt lat="-21.044980157687984" lon="55.41070980512171">
        <ele>870</ele>
      </trkpt>
      <trkpt lat="-21.045050582983876" lon="55.41065949946581">
        <ele>870</ele>
      </trkpt>
      <trkpt lat="-21.045196463847997" lon="55.41061009212518">
        <ele>870</ele>
      </trkpt>
      <trkpt lat="-21.045260181881737" lon="55.41066938093393">
        <ele>867</ele>
      </trkpt>
      <trkpt lat="-21.045320546309586" lon="55.41068914387018">
        <ele>867</ele>
      </trkpt>
      <trkpt lat="-21.045373365163897" lon="55.41060560054876">
        <ele>866</ele>
      </trkpt>
      <trkpt lat="-21.045574579675346" lon="55.41075831414705">
        <ele>874</ele>
      </trkpt>
      <trkpt lat="-21.045782501051534" lon="55.41076190740819">
        <ele>882</ele>
      </trkpt>
      <trkpt lat="-21.0458143599464" lon="55.410700821968874">
        <ele>884</ele>
      </trkpt>
      <trkpt lat="-21.045897360719515" lon="55.41064512642125">
        <ele>885</ele>
      </trkpt>
      <trkpt lat="-21.046122049448893" lon="55.41072417816625">
        <ele>889</ele>
      </trkpt>
      <trkpt lat="-21.0464230312081" lon="55.41071968658983">
        <ele>889</ele>
      </trkpt>
      <trkpt lat="-21.04656807234002" lon="55.41081850127109">
        <ele>895</ele>
      </trkpt>
      <trkpt lat="-21.046614183652935" lon="55.4109200108982">
        <ele>898</ele>
      </trkpt>
      <trkpt lat="-21.04671562849108" lon="55.4109200108982">
        <ele>901</ele>
      </trkpt>
      <trkpt lat="-21.0467785074883" lon="55.41101702894888">
        <ele>903</ele>
      </trkpt>
      <trkpt lat="-21.047033376751727" lon="55.41113740319695">
        <ele>904</ele>
      </trkpt>
      <trkpt lat="-21.04721698295734" lon="55.411349405604">
        <ele>906</ele>
      </trkpt>
      <trkpt lat="-21.047608507762906" lon="55.411455406807534">
        <ele>916</ele>
      </trkpt>
      <trkpt lat="-21.048103152190844" lon="55.41149762762589">
        <ele>929</ele>
      </trkpt>
      <trkpt lat="-21.04834795865575" lon="55.41161890018925">
        <ele>930</ele>
      </trkpt>
      <trkpt lat="-21.048681632572684" lon="55.41152188213856">
        <ele>941</ele>
      </trkpt>
      <trkpt lat="-21.049072315153158" lon="55.411550628227644">
        <ele>953</ele>
      </trkpt>
      <trkpt lat="-21.049372452576595" lon="55.41146798322152">
        <ele>962</ele>
      </trkpt>
      <trkpt lat="-21.049649115028743" lon="55.411427559033726">
        <ele>969</ele>
      </trkpt>
      <trkpt lat="-21.050000391765025" lon="55.411619798504525">
        <ele>974</ele>
      </trkpt>
      <trkpt lat="-21.050112733076162" lon="55.41151828887742">
        <ele>980</ele>
      </trkpt>
      <trkpt lat="-21.050224235935488" lon="55.41141857588089">
        <ele>985</ele>
      </trkpt>
      <trkpt lat="-21.05020411512494" lon="55.41131706625378">
        <ele>987</ele>
      </trkpt>
      <trkpt lat="-21.05032064811494" lon="55.41114997961093">
        <ele>994</ele>
      </trkpt>
      <trkpt lat="-21.050329870146214" lon="55.41108440259519">
        <ele>996</ele>
      </trkpt>
      <trkpt lat="-21.05034663747436" lon="55.41096941823883">
        <ele>997</ele>
      </trkpt>
      <trkpt lat="-21.050465685449883" lon="55.41107092786593">
        <ele>985</ele>
      </trkpt>
      <trkpt lat="-21.05043801937957" lon="55.41091821426763">
        <ele>992</ele>
      </trkpt>
      <trkpt lat="-21.050540299977573" lon="55.41102421547116">
        <ele>976</ele>
      </trkpt>
      <trkpt lat="-21.050552037090878" lon="55.41088587491739">
        <ele>983</ele>
      </trkpt>
      <trkpt lat="-21.05059730880497" lon="55.41097390981525">
        <ele>973</ele>
      </trkpt>
      <trkpt lat="-21.05057802640991" lon="55.41084455241434">
        <ele>977</ele>
      </trkpt>
      <trkpt lat="-21.050637550317052" lon="55.41089575638553">
        <ele>967</ele>
      </trkpt>
      <trkpt lat="-21.050625813210484" lon="55.4108068231724">
        <ele>974</ele>
      </trkpt>
      <trkpt lat="-21.050692882378403" lon="55.41087060355757">
        <ele>965</ele>
      </trkpt>
      <trkpt lat="-21.05068449873407" lon="55.410738551210805">
        <ele>972</ele>
      </trkpt>
      <trkpt lat="-21.050894928064135" lon="55.41084904399076">
        <ele>942</ele>
      </trkpt>
      <trkpt lat="-21.051069307522635" lon="55.410868806927006">
        <ele>926</ele>
      </trkpt>
      <trkpt lat="-21.05111374071737" lon="55.41094157046501">
        <ele>925</ele>
      </trkpt>
      <trkpt lat="-21.05118500147371" lon="55.410894858070236">
        <ele>916</ele>
      </trkpt>
      <trkpt lat="-21.051216859212584" lon="55.410954146879">
        <ele>915</ele>
      </trkpt>
      <trkpt lat="-21.05125626219594" lon="55.410860722089446">
        <ele>914</ele>
      </trkpt>
      <trkpt lat="-21.051311594027332" lon="55.41092809573575">
        <ele>912</ele>
      </trkpt>
      <trkpt lat="-21.051347643542773" lon="55.410868806927006">
        <ele>905</ele>
      </trkpt>
      <trkpt lat="-21.051366925838142" lon="55.41100085927377">
        <ele>909</ele>
      </trkpt>
      <trkpt lat="-21.051454953676586" lon="55.41095594350957">
        <ele>900</ele>
      </trkpt>
      <trkpt lat="-21.05155304177811" lon="55.41099636769736">
        <ele>900</ele>
      </trkpt>
      <trkpt lat="-21.051612565295404" lon="55.41073765289552">
        <ele>893</ele>
      </trkpt>
      <trkpt lat="-21.051506093635023" lon="55.4107331613191">
        <ele>886</ele>
      </trkpt>
      <trkpt lat="-21.051426449429847" lon="55.410627160115574">
        <ele>890</ele>
      </trkpt>
      <trkpt lat="-21.051513638873306" lon="55.41045737852688">
        <ele>876</ele>
      </trkpt>
      <trkpt lat="-21.051434833032395" lon="55.41037742846659">
        <ele>878</ele>
      </trkpt>
      <trkpt lat="-21.05154130474373" lon="55.41020764687789">
        <ele>869</ele>
      </trkpt>
      <trkpt lat="-21.051640231147445" lon="55.41023639296698">
        <ele>861</ele>
      </trkpt>
      <trkpt lat="-21.05159579810984" lon="55.41013398502459">
        <ele>865</ele>
      </trkpt>
      <trkpt lat="-21.051680472377598" lon="55.410182494049934">
        <ele>858</ele>
      </trkpt>
      <trkpt lat="-21.05181460973288" lon="55.41019327383334">
        <ele>840</ele>
      </trkpt>
      <trkpt lat="-21.051750056145735" lon="55.41009715409794">
        <ele>846</ele>
      </trkpt>
      <trkpt lat="-21.051745025994922" lon="55.409984864687424">
        <ele>844</ele>
      </trkpt>
      <trkpt lat="-21.05188000164976" lon="55.40991928767169">
        <ele>833</ele>
      </trkpt>
      <trkpt lat="-21.05188000164976" lon="55.40982406625157">
        <ele>825</ele>
      </trkpt>
      <trkpt lat="-21.051999048399036" lon="55.409877965168626">
        <ele>821</ele>
      </trkpt>
      <trkpt lat="-21.051954615468528" lon="55.40968572569782">
        <ele>815</ele>
      </trkpt>
      <trkpt lat="-21.05212312519131" lon="55.409394671545755">
        <ele>803</ele>
      </trkpt>
      <trkpt lat="-21.052201930667845" lon="55.409427010895996">
        <ele>787</ele>
      </trkpt>
      <trkpt lat="-21.052232111477597" lon="55.409507859271564">
        <ele>784</ele>
      </trkpt>
      <trkpt lat="-21.052317623738656" lon="55.40945396035452">
        <ele>775</ele>
      </trkpt>
      <trkpt lat="-21.05238720720895" lon="55.409577029548444">
        <ele>771</ele>
      </trkpt>
      <trkpt lat="-21.052336905908398" lon="55.409667759392136">
        <ele>772</ele>
      </trkpt>
      <trkpt lat="-21.05238720720895" lon="55.40972165830918">
        <ele>770</ele>
      </trkpt>
      <trkpt lat="-21.05243164001033" lon="55.40964619982532">
        <ele>765</ele>
      </trkpt>
      <trkpt lat="-21.052558231503774" lon="55.409651589717015">
        <ele>756</ele>
      </trkpt>
      <trkpt lat="-21.052686499595914" lon="55.4097324380926">
        <ele>747</ele>
      </trkpt>
      <trkpt lat="-21.05276446642145" lon="55.40965967455458">
        <ele>746</ele>
      </trkpt>
      <trkpt lat="-21.052910339727294" lon="55.40958062280957">
        <ele>739</ele>
      </trkpt>
      <trkpt lat="-21.052925430061105" lon="55.40969650548122">
        <ele>735</ele>
      </trkpt>
      <trkpt lat="-21.053094777035763" lon="55.40961206384451">
        <ele>726</ele>
      </trkpt>
      <trkpt lat="-21.053132502820702" lon="55.40967135265328">
        <ele>722</ele>
      </trkpt>
      <trkpt lat="-21.053208792712148" lon="55.409581521124856">
        <ele>717</ele>
      </trkpt>
      <trkpt lat="-21.053362210727116" lon="55.40963901330304">
        <ele>707</ele>
      </trkpt>
      <trkpt lat="-21.053362210727116" lon="55.40944138394053">
        <ele>709</ele>
      </trkpt>
      <trkpt lat="-21.05344939903673" lon="55.40944138394053">
        <ele>699</ele>
      </trkpt>
      <trkpt lat="-21.05344939903673" lon="55.409269805721266">
        <ele>702</ele>
      </trkpt>
      <trkpt lat="-21.053549162520675" lon="55.409435994048835">
        <ele>695</ele>
      </trkpt>
      <trkpt lat="-21.053579343057255" lon="55.409296755179795">
        <ele>702</ele>
      </trkpt>
      <trkpt lat="-21.05364808758998" lon="55.409338077682854">
        <ele>694</ele>
      </trkpt>
      <trkpt lat="-21.05374868928794" lon="55.409238364686324">
        <ele>693</ele>
      </trkpt>
      <trkpt lat="-21.05373862912119" lon="55.409360535564964">
        <ele>686</ele>
      </trkpt>
      <trkpt lat="-21.05380234349905" lon="55.40940185806804">
        <ele>680</ele>
      </trkpt>
      <trkpt lat="-21.05385851273058" lon="55.409318314746606">
        <ele>679</ele>
      </trkpt>
      <trkpt lat="-21.053922227057104" lon="55.40937401029423">
        <ele>676</ele>
      </trkpt>
      <trkpt lat="-21.053989294739786" lon="55.40943329910298">
        <ele>671</ele>
      </trkpt>
      <trkpt lat="-21.05406223081038" lon="55.409497977803426">
        <ele>669</ele>
      </trkpt>
      <trkpt lat="-21.054142711950263" lon="55.409451265408656">
        <ele>665</ele>
      </trkpt>
      <trkpt lat="-21.054157802159146" lon="55.4096812341214">
        <ele>670</ele>
      </trkpt>
      <trkpt lat="-21.05436906492284" lon="55.409771065649814">
        <ele>665</ele>
      </trkpt>
      <trkpt lat="-21.054467151104063" lon="55.40985281234065">
        <ele>661</ele>
      </trkpt>
      <trkpt lat="-21.054514098313224" lon="55.40969650548122">
        <ele>653</ele>
      </trkpt>
      <trkpt lat="-21.054606316002403" lon="55.409670454337984">
        <ele>653</ele>
      </trkpt>
      <trkpt lat="-21.054673383376826" lon="55.40983574435027">
        <ele>650</ele>
      </trkpt>
      <trkpt lat="-21.05465493985187" lon="55.409954321967774">
        <ele>653</ele>
      </trkpt>
      <trkpt lat="-21.05483937499854" lon="55.410045051811466">
        <ele>651</ele>
      </trkpt>
      <trkpt lat="-21.05493410750777" lon="55.41016273111369">
        <ele>648</ele>
      </trkpt>
      <trkpt lat="-21.055114350611007" lon="55.409901321366">
        <ele>639</ele>
      </trkpt>
      <trkpt lat="-21.055193992842916" lon="55.410002830993115">
        <ele>640</ele>
      </trkpt>
      <trkpt lat="-21.055293755157486" lon="55.41005044170316">
        <ele>640</ele>
      </trkpt>
      <trkpt lat="-21.055368367265014" lon="55.41023729128227">
        <ele>642</ele>
      </trkpt>
      <trkpt lat="-21.055557831549738" lon="55.410104340620215">
        <ele>632</ele>
      </trkpt>
      <trkpt lat="-21.05576825399037" lon="55.41002978045163">
        <ele>633</ele>
      </trkpt>
      <trkpt lat="-21.055997957828914" lon="55.40994893207606">
        <ele>624</ele>
      </trkpt>
      <trkpt lat="-21.056524430982684" lon="55.40991569441055">
        <ele>617</ele>
      </trkpt>
      <trkpt lat="-21.056408741181816" lon="55.40952402894668">
        <ele>616</ele>
      </trkpt>
      <trkpt lat="-21.056228499646167" lon="55.408916767814624">
        <ele>601</ele>
      </trkpt>
      <trkpt lat="-21.05620837964725" lon="55.408670629426766">
        <ele>603</ele>
      </trkpt>
      <trkpt lat="-21.056072569583407" lon="55.40828704880044">
        <ele>602</ele>
      </trkpt>
      <trkpt lat="-21.056282152963313" lon="55.40812086047288">
        <ele>602</ele>
      </trkpt>
      <trkpt lat="-21.056201672980336" lon="55.40769865228934">
        <ele>595</ele>
      </trkpt>
      <trkpt lat="-21.056062509573753" lon="55.40745341221679">
        <ele>598</ele>
      </trkpt>
      <trkpt lat="-21.056092689600682" lon="55.40728183399752">
        <ele>592</ele>
      </trkpt>
      <trkpt lat="-21.056111971281357" lon="55.407111154093535">
        <ele>592</ele>
      </trkpt>
      <trkpt lat="-21.05636179457029" lon="55.40691262641574">
        <ele>584</ele>
      </trkpt>
      <trkpt lat="-21.056481676066745" lon="55.40687579548909">
        <ele>581</ele>
      </trkpt>
      <trkpt lat="-21.056516047666808" lon="55.40704737370835">
        <ele>576</ele>
      </trkpt>
      <trkpt lat="-21.056671138934178" lon="55.40704737370835">
        <ele>569</ele>
      </trkpt>
      <trkpt lat="-21.056630899053317" lon="55.406913524731024">
        <ele>561</ele>
      </trkpt>
      <trkpt lat="-21.056653533987635" lon="55.40682279488733">
        <ele>557</ele>
      </trkpt>
      <trkpt lat="-21.056730660404686" lon="55.40650928285317">
        <ele>547</ele>
      </trkpt>
      <trkpt lat="-21.056919284625796" lon="55.406390705235665">
        <ele>549</ele>
      </trkpt>
      <trkpt lat="-21.056958686099566" lon="55.40663684362351">
        <ele>573</ele>
      </trkpt>
      <trkpt lat="-21.056970422706765" lon="55.40675182797988">
        <ele>550</ele>
      </trkpt>
      <trkpt lat="-21.057053417259795" lon="55.40678147238426">
        <ele>552</ele>
      </trkpt>
      <trkpt lat="-21.056988027615812" lon="55.40644101089158">
        <ele>557</ele>
      </trkpt>
      <trkpt lat="-21.057050063945407" lon="55.406361060831294">
        <ele>562</ele>
      </trkpt>
      <trkpt lat="-21.057121321859672" lon="55.406423942901185">
        <ele>570</ele>
      </trkpt>
      <trkpt lat="-21.057220244554646" lon="55.406318840012936">
        <ele>575</ele>
      </trkpt>
      <trkpt lat="-21.057196771378738" lon="55.40604395553599">
        <ele>579</ele>
      </trkpt>
      <trkpt lat="-21.05717245987121" lon="55.405750206438086">
        <ele>592</ele>
      </trkpt>
      <trkpt lat="-21.056848026614798" lon="55.405606475992634">
        <ele>596</ele>
      </trkpt>
      <trkpt lat="-21.056827906699652" lon="55.40543669440394">
        <ele>599</ele>
      </trkpt>
      <trkpt lat="-21.056713055465178" lon="55.40529206564319">
        <ele>602</ele>
      </trkpt>
      <trkpt lat="-21.056518562661623" lon="55.40531632015585">
        <ele>603</ele>
      </trkpt>
      <trkpt lat="-21.056454849446567" lon="55.405214810528754">
        <ele>606</ele>
      </trkpt>
      <trkpt lat="-21.0562528113079" lon="55.405193250961936">
        <ele>611</ele>
      </trkpt>
      <trkpt lat="-21.055912447682264" lon="55.40545196576376">
        <ele>611</ele>
      </trkpt>
      <trkpt lat="-21.055818554131317" lon="55.40533428646154">
        <ele>620</ele>
      </trkpt>
      <trkpt lat="-21.055997119494393" lon="55.405130368892046">
        <ele>635</ele>
      </trkpt>
      <trkpt lat="-21.05612119295384" lon="55.40498933339244">
        <ele>653</ele>
      </trkpt>
      <trkpt lat="-21.05621760131375" lon="55.40500999464397">
        <ele>650</ele>
      </trkpt>
      <trkpt lat="-21.05618993631252" lon="55.404917468169714">
        <ele>658</ele>
      </trkpt>
      <trkpt lat="-21.056297242955285" lon="55.40490040017931">
        <ele>668</ele>
      </trkpt>
      <trkpt lat="-21.056308979614627" lon="55.40476834783255">
        <ele>671</ele>
      </trkpt>
      <trkpt lat="-21.056423831160938" lon="55.4047261270142">
        <ele>679</ele>
      </trkpt>
      <trkpt lat="-21.056501796028726" lon="55.40461204097312">
        <ele>684</ele>
      </trkpt>
      <trkpt lat="-21.05660910244662" lon="55.4044539374831">
        <ele>697</ele>
      </trkpt>
      <trkpt lat="-21.056731498735097" lon="55.4044539374831">
        <ele>697</ele>
      </trkpt>
      <trkpt lat="-21.0566962888542" lon="55.40430481714594">
        <ele>700</ele>
      </trkpt>
      <trkpt lat="-21.056845511625557" lon="55.404422496448156">
        <ele>702</ele>
      </trkpt>
      <trkpt lat="-21.056811140101598" lon="55.40414491702537">
        <ele>712</ele>
      </trkpt>
      <trkpt lat="-21.05669964217655" lon="55.40406227201923">
        <ele>713</ele>
      </trkpt>
      <trkpt lat="-21.056582275849404" lon="55.40415030691707">
        <ele>708</ele>
      </trkpt>
      <trkpt lat="-21.05648335273036" lon="55.40410179789174">
        <ele>717</ele>
      </trkpt>
      <trkpt lat="-21.056368501229986" lon="55.4040982046306">
        <ele>710</ele>
      </trkpt>
      <trkpt lat="-21.056459879438222" lon="55.40402184783145">
        <ele>713</ele>
      </trkpt>
      <trkpt lat="-21.05637269289215" lon="55.403992203427066">
        <ele>707</ele>
      </trkpt>
      <trkpt lat="-21.0563408362568" lon="55.403933812933595">
        <ele>703</ele>
      </trkpt>
      <trkpt lat="-21.056242751310425" lon="55.403856557819154">
        <ele>697</ele>
      </trkpt>
      <trkpt lat="-21.05635676457533" lon="55.40381433700082">
        <ele>694</ele>
      </trkpt>
      <trkpt lat="-21.056202511313714" lon="55.403750556615634">
        <ele>684</ele>
      </trkpt>
      <trkpt lat="-21.056183229644784" lon="55.403669708240066">
        <ele>684</ele>
      </trkpt>
      <trkpt lat="-21.05622598464646" lon="55.403616707638314">
        <ele>679</ele>
      </trkpt>
      <trkpt lat="-21.05619077464596" lon="55.40356370703654">
        <ele>676</ele>
      </trkpt>
      <trkpt lat="-21.05622766131293" lon="55.40352328284876">
        <ele>673</ele>
      </trkpt>
      <trkpt lat="-21.056226822979696" lon="55.40345411257188">
        <ele>670</ele>
      </trkpt>
      <trkpt lat="-21.05619077464596" lon="55.40337775577272">
        <ele>665</ele>
      </trkpt>
      <trkpt lat="-21.05624358964357" lon="55.403333738323816">
        <ele>663</ele>
      </trkpt>
      <trkpt lat="-21.056298081288116" lon="55.403212465760454">
        <ele>656</ele>
      </trkpt>
      <trkpt lat="-21.056503472692093" lon="55.403123532547326">
        <ele>657</ele>
      </trkpt>
      <trkpt lat="-21.056701318837693" lon="55.402992378515854">
        <ele>674</ele>
      </trkpt>
      <trkpt lat="-21.056925991260364" lon="55.40284415649396">
        <ele>666</ele>
      </trkpt>
      <trkpt lat="-21.056879044812018" lon="55.40255579728776">
        <ele>668</ele>
      </trkpt>
      <trkpt lat="-21.057082758757364" lon="55.402474948912186">
        <ele>674</ele>
      </trkpt>
      <trkpt lat="-21.057268867550103" lon="55.40239499885191">
        <ele>676</ele>
      </trkpt>
      <trkpt lat="-21.057361921859183" lon="55.40227103134269">
        <ele>680</ele>
      </trkpt>
      <trkpt lat="-21.057525395504527" lon="55.402259353244">
        <ele>682</ele>
      </trkpt>
      <trkpt lat="-21.05760838974804" lon="55.40220006443525">
        <ele>684</ele>
      </trkpt>
      <trkpt lat="-21.057823000910638" lon="55.402299777431786">
        <ele>682</ele>
      </trkpt>
      <trkpt lat="-21.05800491716155" lon="55.40239769379776">
        <ele>690</ele>
      </trkpt>
      <trkpt lat="-21.05814910868632" lon="55.40256927201702">
        <ele>692</ele>
      </trkpt>
      <trkpt lat="-21.05815665358783" lon="55.40267167995942">
        <ele>692</ele>
      </trkpt>
      <trkpt lat="-21.058300844965565" lon="55.402845953124526">
        <ele>696</ele>
      </trkpt>
      <trkpt lat="-21.05832850957438" lon="55.40309568477352">
        <ele>703</ele>
      </trkpt>
      <trkpt lat="-21.058271503708156" lon="55.40320527923817">
        <ele>704</ele>
      </trkpt>
      <trkpt lat="-21.058202761311016" lon="55.403335534954365">
        <ele>710</ele>
      </trkpt>
      <trkpt lat="-21.058320964681574" lon="55.40343524795092">
        <ele>714</ele>
      </trkpt>
      <trkpt lat="-21.0583838387766" lon="55.403384942295006">
        <ele>716</ele>
      </trkpt>
      <trkpt lat="-21.058577490822355" lon="55.403384942295006">
        <ele>726</ele>
      </trkpt>
      <trkpt lat="-21.058652101283545" lon="55.403495435074944">
        <ele>728</ele>
      </trkpt>
      <trkpt lat="-21.05871916683471" lon="55.403436146266195">
        <ele>733</ele>
      </trkpt>
      <trkpt lat="-21.05879042394972" lon="55.403444231103755">
        <ele>737</ele>
      </trkpt>
      <trkpt lat="-21.058794615543665" lon="55.403372365881026">
        <ele>737</ele>
      </trkpt>
      <trkpt lat="-21.058877609079314" lon="55.40330499223472">
        <ele>742</ele>
      </trkpt>
      <trkpt lat="-21.05900754836033" lon="55.403421773221645">
        <ele>745</ele>
      </trkpt>
      <trkpt lat="-21.05916347534779" lon="55.403458604148305">
        <ele>752</ele>
      </trkpt>
      <trkpt lat="-21.05923473225002" lon="55.40342895974393">
        <ele>754</ele>
      </trkpt>
      <trkpt lat="-21.059305989118144" lon="55.403471180562285">
        <ele>749</ele>
      </trkpt>
      <trkpt lat="-21.05925401352358" lon="55.40350890980422">
        <ele>746</ele>
      </trkpt>
      <trkpt lat="-21.059428383188422" lon="55.403572690189385">
        <ele>742</ele>
      </trkpt>
      <trkpt lat="-21.05950718479684" lon="55.40366162340251">
        <ele>738</ele>
      </trkpt>
      <trkpt lat="-21.05965388980773" lon="55.40368677623047">
        <ele>747</ele>
      </trkpt>
      <trkpt lat="-21.059491256815527" lon="55.40385206624274">
        <ele>745</ele>
      </trkpt>
      <trkpt lat="-21.0596270637594" lon="55.403958067446275">
        <ele>762</ele>
      </trkpt>
      <trkpt lat="-21.0594996399638" lon="55.404004779841046">
        <ele>761</ele>
      </trkpt>
      <trkpt lat="-21.059668141143934" lon="55.40410628946815">
        <ele>778</ele>
      </trkpt>
      <trkpt lat="-21.05988274933589" lon="55.40412335745855">
        <ele>785</ele>
      </trkpt>
      <trkpt lat="-21.060084782546255" lon="55.404097306315315">
        <ele>791</ele>
      </trkpt>
      <trkpt lat="-21.06017112860643" lon="55.4041655782769">
        <ele>797</ele>
      </trkpt>
      <trkpt lat="-21.06008059098866" lon="55.40428864747082">
        <ele>803</ele>
      </trkpt>
      <trkpt lat="-21.060187056514962" lon="55.40430481714594">
        <ele>806</ele>
      </trkpt>
      <trkpt lat="-21.06029352196509" lon="55.40425001991361">
        <ele>810</ele>
      </trkpt>
      <trkpt lat="-21.060195439624035" lon="55.40438117394509">
        <ele>831</ele>
      </trkpt>
      <trkpt lat="-21.06034549719654" lon="55.40435152954072">
        <ele>817</ele>
      </trkpt>
      <trkpt lat="-21.06030944986053" lon="55.40444944590668">
        <ele>827</ele>
      </trkpt>
      <trkpt lat="-21.060492201380892" lon="55.40450963303072">
        <ele>853</ele>
      </trkpt>
      <trkpt lat="-21.06067662929314" lon="55.404571616785326">
        <ele>834</ele>
      </trkpt>
      <trkpt lat="-21.060924768305288" lon="55.404603057820275">
        <ele>839</ele>
      </trkpt>
      <trkpt lat="-21.061123446878188" lon="55.40451681955299">
        <ele>846</ele>
      </trkpt>
      <trkpt lat="-21.06121063064075" lon="55.404398241935496">
        <ele>853</ele>
      </trkpt>
      <trkpt lat="-21.061368231928085" lon="55.40428774915554">
        <ele>854</ele>
      </trkpt>
      <trkpt lat="-21.061447870812966" lon="55.40418174795201">
        <ele>856</ele>
      </trkpt>
      <trkpt lat="-21.06157780784944" lon="55.40433446155032">
        <ele>867</ele>
      </trkpt>
      <trkpt lat="-21.06142775151976" lon="55.40435152954072">
        <ele>903</ele>
      </trkpt>
      <trkpt lat="-21.061431943039413" lon="55.404474598734645">
        <ele>874</ele>
      </trkpt>
      <trkpt lat="-21.061554335360917" lon="55.404546463957374">
        <ele>880</ele>
      </trkpt>
      <trkpt lat="-21.061727864027763" lon="55.40449525998617">
        <ele>884</ele>
      </trkpt>
      <trkpt lat="-21.06178151536206" lon="55.404603057820275">
        <ele>884</ele>
      </trkpt>
      <trkpt lat="-21.061672536069015" lon="55.404715347230784">
        <ele>903</ele>
      </trkpt>
      <trkpt lat="-21.06174379176966" lon="55.40474139837402">
        <ele>896</ele>
      </trkpt>
      <trkpt lat="-21.061732055538965" lon="55.40481775517317">
        <ele>900</ele>
      </trkpt>
      <trkpt lat="-21.061842711391616" lon="55.4048725524055">
        <ele>887</ele>
      </trkpt>
      <trkpt lat="-21.06189384778058" lon="55.40495879067278">
        <ele>883</ele>
      </trkpt>
      <trkpt lat="-21.061815047436166" lon="55.405016282850966">
        <ele>891</ele>
      </trkpt>
      <trkpt lat="-21.06177983875816" lon="55.405122284054485">
        <ele>902</ele>
      </trkpt>
      <trkpt lat="-21.06189384778058" lon="55.40513126720734">
        <ele>898</ele>
      </trkpt>
      <trkpt lat="-21.06205228664461" lon="55.40519414927722">
        <ele>893</ele>
      </trkpt>
      <trkpt lat="-21.06212605706342" lon="55.405327998254556">
        <ele>900</ele>
      </trkpt>
      <trkpt lat="-21.062324734032167" lon="55.40535135445194">
        <ele>937</ele>
      </trkpt>
      <trkpt lat="-21.062186414651617" lon="55.40543130451223">
        <ele>911</ele>
      </trkpt>
      <trkpt lat="-21.062032167433134" lon="55.40536393086592">
        <ele>913</ele>
      </trkpt>
      <trkpt lat="-21.061985222595776" lon="55.40530913363359">
        <ele>910</ele>
      </trkpt>
      <trkpt lat="-21.061965103375222" lon="55.40536393086592">
        <ele>913</ele>
      </trkpt>
      <trkpt lat="-21.061866183834635" lon="55.40534686287552">
        <ele>912</ele>
      </trkpt>
      <trkpt lat="-21.06189384778058" lon="55.40544837250262">
        <ele>917</ele>
      </trkpt>
      <trkpt lat="-21.06200869501631" lon="55.40547801690699">
        <ele>919</ele>
      </trkpt>
      <trkpt lat="-21.06203635893576" lon="55.405596594524496">
        <ele>924</ele>
      </trkpt>
      <trkpt lat="-21.061985222595776" lon="55.40574481654639">
        <ele>927</ele>
      </trkpt>
      <trkpt lat="-21.062066537751104" lon="55.405772664320196">
        <ele>932</ele>
      </trkpt>
      <trkpt lat="-21.062206533842218" lon="55.40572415529485">
        <ele>933</ele>
      </trkpt>
      <trkpt lat="-21.062317189341996" lon="55.4056307305053">
        <ele>935</ele>
      </trkpt>
      <trkpt lat="-21.062368325567874" lon="55.405689120998765">
        <ele>940</ele>
      </trkpt>
      <trkpt lat="-21.0622618616024" lon="55.40579602051758">
        <ele>941</ele>
      </trkpt>
      <trkpt lat="-21.062194797648022" lon="55.405956818953435">
        <ele>944</ele>
      </trkpt>
      <trkpt lat="-21.06208749525816" lon="55.406003531348205">
        <ele>946</ele>
      </trkpt>
      <trkpt lat="-21.062202342344413" lon="55.406070904994515">
        <ele>950</ele>
      </trkpt>
      <trkpt lat="-21.062385929838285" lon="55.405971191997985">
        <ele>955</ele>
      </trkpt>
      <trkpt lat="-21.062687717007176" lon="55.40594244590889">
        <ele>960</ele>
      </trkpt>
      <trkpt lat="-21.06299118015418" lon="55.40608617635435">
        <ele>968</ele>
      </trkpt>
      <trkpt lat="-21.06331979148268" lon="55.406107735921175">
        <ele>979</ele>
      </trkpt>
      <trkpt lat="-21.063466492734257" lon="55.40618768598146">
        <ele>981</ele>
      </trkpt>
      <trkpt lat="-21.06341116542209" lon="55.40634489115617">
        <ele>990</ele>
      </trkpt>
      <trkpt lat="-21.06355283683186" lon="55.406306263598964">
        <ele>988</ele>
      </trkpt>
      <trkpt lat="-21.06360061946625" lon="55.406387111974524">
        <ele>993</ele>
      </trkpt>
      <trkpt lat="-21.06354529220397" lon="55.40644190920686">
        <ele>996</ele>
      </trkpt>
      <trkpt lat="-21.06354529220397" lon="55.40655689356323">
        <ele>1005</ele>
      </trkpt>
      <trkpt lat="-21.06347403736616" lon="55.40651826600602">
        <ele>1000</ele>
      </trkpt>
      <trkpt lat="-21.063395237858703" lon="55.406624267209544">
        <ele>1005</ele>
      </trkpt>
      <trkpt lat="-21.063150456143845" lon="55.4066664880279">
        <ele>1016</ele>
      </trkpt>
      <trkpt lat="-21.06299620992487" lon="55.40671320042266">
        <ele>1026</ele>
      </trkpt>
      <trkpt lat="-21.062992018449304" lon="55.40695844049524">
        <ele>1035</ele>
      </trkpt>
      <trkpt lat="-21.062920763346487" lon="55.40706084843762">
        <ele>1037</ele>
      </trkpt>
      <trkpt lat="-21.062956810049823" lon="55.40726835926826">
        <ele>1045</ele>
      </trkpt>
      <trkpt lat="-21.06288555493015" lon="55.40736537731893">
        <ele>1048</ele>
      </trkpt>
      <trkpt lat="-21.06293249948342" lon="55.407483954936446">
        <ele>1052</ele>
      </trkpt>
      <trkpt lat="-21.063093452125024" lon="55.40762409212076">
        <ele>1057</ele>
      </trkpt>
      <trkpt lat="-21.06330386390951" lon="55.40781004338457">
        <ele>1062</ele>
      </trkpt>
      <trkpt lat="-21.063360029554662" lon="55.40803102894447">
        <ele>1064</ele>
      </trkpt>
      <trkpt lat="-21.06346481614936" lon="55.40818643748862">
        <ele>1069</ele>
      </trkpt>
      <trkpt lat="-21.0635327178233" lon="55.40869398562415">
        <ele>1079</ele>
      </trkpt>
      <trkpt lat="-21.0633843400512" lon="55.40916739777888">
        <ele>1089</ele>
      </trkpt>
      <trkpt lat="-21.063323982949026" lon="55.40943689236411">
        <ele>1088</ele>
      </trkpt>
      <trkpt lat="-21.06311524778185" lon="55.40964619982532">
        <ele>1092</ele>
      </trkpt>
      <trkpt lat="-21.063182311321302" lon="55.409670454337984">
        <ele>1094</ele>
      </trkpt>
      <trkpt lat="-21.06318566449749" lon="55.40975848923583">
        <ele>1096</ele>
      </trkpt>
      <trkpt lat="-21.06331224684297" lon="55.40968303075197">
        <ele>1100</ele>
      </trkpt>
      <trkpt lat="-21.063360029554662" lon="55.40980160836947">
        <ele>1102</ele>
      </trkpt>
      <trkpt lat="-21.063474875658557" lon="55.4096866240131">
        <ele>1106</ele>
      </trkpt>
      <trkpt lat="-21.063526849778626" lon="55.409794421847195">
        <ele>1109</ele>
      </trkpt>
      <trkpt lat="-21.063699537853637" lon="55.409497079488155">
        <ele>1125</ele>
      </trkpt>
      <trkpt lat="-21.06378252865332" lon="55.409615657105654">
        <ele>1120</ele>
      </trkpt>
      <trkpt lat="-21.063909110490943" lon="55.40939107828463">
        <ele>1127</ele>
      </trkpt>
      <trkpt lat="-21.063982879989034" lon="55.40966147118515">
        <ele>1134</ele>
      </trkpt>
      <trkpt lat="-21.064067547208786" lon="55.40968303075197">
        <ele>1137</ele>
      </trkpt>
      <trkpt lat="-21.06425280897699" lon="55.409568944710884">
        <ele>1145</ele>
      </trkpt>
      <trkpt lat="-21.06416981843968" lon="55.40945845193094">
        <ele>1146</ele>
      </trkpt>
      <trkpt lat="-21.06441878991275" lon="55.40928058550468">
        <ele>1160</ele>
      </trkpt>
      <trkpt lat="-21.064625008393147" lon="55.40919883881382">
        <ele>1162</ele>
      </trkpt>
      <trkpt lat="-21.065008942851154" lon="55.409266212460125">
        <ele>1169</ele>
      </trkpt>
      <trkpt lat="-21.065327490339264" lon="55.409188059030406">
        <ele>1168</ele>
      </trkpt>
      <trkpt lat="-21.065722320621216" lon="55.40925183941559">
        <ele>1157</ele>
      </trkpt>
      <trkpt lat="-21.065805310292408" lon="55.40917548261644">
        <ele>1160</ele>
      </trkpt>
      <trkpt lat="-21.066296541135376" lon="55.40935245072741">
        <ele>1171</ele>
      </trkpt>
      <trkpt lat="-21.066367794621204" lon="55.409318314746606">
        <ele>1169</ele>
      </trkpt>
      <trkpt lat="-21.066471740821694" lon="55.40933089116059">
        <ele>1166</ele>
      </trkpt>
      <trkpt lat="-21.066522875619466" lon="55.40924195794746">
        <ele>1162</ele>
      </trkpt>
      <trkpt lat="-21.06659496727171" lon="55.40920333039024">
        <ele>1166</ele>
      </trkpt>
      <trkpt lat="-21.06695626328162" lon="55.40900659934302">
        <ele>1153</ele>
      </trkpt>
      <trkpt lat="-21.067000691732687" lon="55.409073074674055">
        <ele>1151</ele>
      </trkpt>
      <trkpt lat="-21.06711385848206" lon="55.40900031113603">
        <ele>1155</ele>
      </trkpt>
      <trkpt lat="-21.0671591251577" lon="55.408915869499324">
        <ele>1154</ele>
      </trkpt>
      <trkpt lat="-21.067415636059433" lon="55.40881885144864">
        <ele>1153</ele>
      </trkpt>
      <trkpt lat="-21.06766879344374" lon="55.408742494649495">
        <ele>1150</ele>
      </trkpt>
      <trkpt lat="-21.067830579228552" lon="55.408636493445975">
        <ele>1152</ele>
      </trkpt>
      <trkpt lat="-21.067990688303514" lon="55.4082556077655">
        <ele>1146</ele>
      </trkpt>
      <trkpt lat="-21.067905185049323" lon="55.407931315947934">
        <ele>1148</ele>
      </trkpt>
      <trkpt lat="-21.068048528712286" lon="55.40780285686231">
        <ele>1149</ele>
      </trkpt>
      <trkpt lat="-21.06833521562374" lon="55.40773817816185">
        <ele>1152</ele>
      </trkpt>
      <trkpt lat="-21.06867638909357" lon="55.407241409809735">
        <ele>1149</ele>
      </trkpt>
      <trkpt lat="-21.069023429608833" lon="55.40697011859393">
        <ele>1154</ele>
      </trkpt>
      <trkpt lat="-21.06938388146057" lon="55.406757217871586">
        <ele>1164</ele>
      </trkpt>
      <trkpt lat="-21.069689007461598" lon="55.40619846576486">
        <ele>1165</ele>
      </trkpt>
      <trkpt lat="-21.069841570227357" lon="55.40605473531941">
        <ele>1163</ele>
      </trkpt>
      <trkpt lat="-21.069974852955063" lon="55.406005327978775">
        <ele>1166</ele>
      </trkpt>
      <trkpt lat="-21.070127415427596" lon="55.405733138447694">
        <ele>1166</ele>
      </trkpt>
      <trkpt lat="-21.07048367333914" lon="55.405534610769905">
        <ele>1170</ele>
      </trkpt>
      <trkpt lat="-21.070673118375108" lon="55.40520313243007">
        <ele>1179</ele>
      </trkpt>
      <trkpt lat="-21.070844121651668" lon="55.40514833519774">
        <ele>1181</ele>
      </trkpt>
      <trkpt lat="-21.070901960950696" lon="55.40508724975841">
        <ele>1181</ele>
      </trkpt>
      <trkpt lat="-21.071033566228447" lon="55.40504502894006">
        <ele>1184</ele>
      </trkpt>
      <trkpt lat="-21.071065419717648" lon="55.40485189115397">
        <ele>1185</ele>
      </trkpt>
      <trkpt lat="-21.071117391185414" lon="55.4046973809251">
        <ele>1186</ele>
      </trkpt>
      <trkpt lat="-21.07128504095757" lon="55.404576108361745">
        <ele>1191</ele>
      </trkpt>
      <trkpt lat="-21.071325276874774" lon="55.40444944590668">
        <ele>1194</ele>
      </trkpt>
      <trkpt lat="-21.071456881777888" lon="55.40440183519663">
        <ele>1206</ele>
      </trkpt>
      <trkpt lat="-21.071518912074016" lon="55.40425181654418">
        <ele>1204</ele>
      </trkpt>
      <trkpt lat="-21.071472808478013" lon="55.404088323162476">
        <ele>1205</ele>
      </trkpt>
      <trkpt lat="-21.071607766236884" lon="55.40390955842093">
        <ele>1210</ele>
      </trkpt>
      <trkpt lat="-21.07159770727772" lon="55.40374067514751">
        <ele>1215</ele>
      </trkpt>
      <trkpt lat="-21.071759488788505" lon="55.40368587791518">
        <ele>1227</ele>
      </trkpt>
      <trkpt lat="-21.071879357877272" lon="55.403542147469715">
        <ele>1229</ele>
      </trkpt>
      <trkpt lat="-21.072059580451267" lon="55.403155871897546">
        <ele>1229</ele>
      </trkpt>
      <trkpt lat="-21.072142566586308" lon="55.40290793687914">
        <ele>1249</ele>
      </trkpt>
      <trkpt lat="-21.072124125226978" lon="55.40259622147555">
        <ele>1245</ele>
      </trkpt>
      <trkpt lat="-21.072046168546304" lon="55.40251716973054">
        <ele>1245</ele>
      </trkpt>
      <trkpt lat="-21.07210903684036" lon="55.40228899764837">
        <ele>1247</ele>
      </trkpt>
      <trkpt lat="-21.072244832264783" lon="55.402180301499">
        <ele>1250</ele>
      </trkpt>
      <trkpt lat="-21.072341230176015" lon="55.402022198009">
        <ele>1253</ele>
      </trkpt>
      <trkpt lat="-21.07222639091813" lon="55.40179941581853">
        <ele>1249</ele>
      </trkpt>
      <trkpt lat="-21.072221361459544" lon="55.40164580390494">
        <ele>1248</ele>
      </trkpt>
      <trkpt lat="-21.07230937696009" lon="55.40154159933199">
        <ele>1251</ele>
      </trkpt>
      <trkpt lat="-21.072466128246305" lon="55.401283782845454">
        <ele>1247</ele>
      </trkpt>
      <trkpt lat="-21.07265557075671" lon="55.40122000246027">
        <ele>1246</ele>
      </trkpt>
      <trkpt lat="-21.072898660350145" lon="55.40122359572141">
        <ele>1248</ele>
      </trkpt>
      <trkpt lat="-21.073005116702145" lon="55.40133229187078">
        <ele>1248</ele>
      </trkpt>
      <trkpt lat="-21.073120793596644" lon="55.401243358657666">
        <ele>1249</ele>
      </trkpt>
      <trkpt lat="-21.073365558902854" lon="55.40116520522795">
        <ele>1251</ele>
      </trkpt>
      <trkpt lat="-21.073522309075678" lon="55.40123886708125">
        <ele>1252</ele>
      </trkpt>
      <trkpt lat="-21.073734382575864" lon="55.401184968164195">
        <ele>1252</ele>
      </trkpt>
      <trkpt lat="-21.073751147266535" lon="55.40078521786276">
        <ele>1253</ele>
      </trkpt>
      <trkpt lat="-21.07392717640447" lon="55.400548960943034">
        <ele>1256</ele>
      </trkpt>
      <trkpt lat="-21.07368660319709" lon="55.40038277261547">
        <ele>1257</ele>
      </trkpt>
      <trkpt lat="-21.07371677964863" lon="55.40000098861972">
        <ele>1258</ele>
      </trkpt>
      <trkpt lat="-21.073840000095547" lon="55.39982941040046">
        <ele>1258</ele>
      </trkpt>
      <trkpt lat="-21.07381066190316" lon="55.3998096474642">
        <ele>2062</ele>
      </trkpt>
      <trkpt lat="-21.07381066190316" lon="55.399799765996086">
        <ele>2062</ele>
      </trkpt>
      <trkpt lat="-21.07381066190316" lon="55.399799765996086">
        <ele>2063</ele>
      </trkpt>
      <trkpt lat="-21.073790544282176" lon="55.399789884527955">
        <ele>2060</ele>
      </trkpt>
      <trkpt lat="-21.073790544282176" lon="55.399789884527955">
        <ele>2058</ele>
      </trkpt>
      <trkpt lat="-21.073660617914452" lon="55.39982941040046">
        <ele>2057</ele>
      </trkpt>
      <trkpt lat="-21.073650559094155" lon="55.3998096474642">
        <ele>2057</ele>
      </trkpt>
      <trkpt lat="-21.073590206158066" lon="55.3998096474642">
        <ele>2056</ele>
      </trkpt>
      <trkpt lat="-21.07355080908934" lon="55.399839291868595">
        <ele>2055</ele>
      </trkpt>
      <trkpt lat="-21.073480397280942" lon="55.399799765996086">
        <ele>2054</ele>
      </trkpt>
      <trkpt lat="-21.073420044275785" lon="55.399839291868595">
        <ele>2053</ele>
      </trkpt>
      <trkpt lat="-21.07324066158804" lon="55.399869834588245">
        <ele>2053</ele>
      </trkpt>
      <trkpt lat="-21.07324066158804" lon="55.399879716056375">
        <ele>2052</ele>
      </trkpt>
      <trkpt lat="-21.072840821827743" lon="55.400049497645064">
        <ele>2056</ele>
      </trkpt>
      <trkpt lat="-21.07261030575405" lon="55.40008992183285">
        <ele>2060</ele>
      </trkpt>
      <trkpt lat="-21.07239068647143" lon="55.40019951629751">
        <ele>2061</ele>
      </trkpt>
      <trkpt lat="-21.07232027411366" lon="55.40013932917348">
        <ele>2061</ele>
      </trkpt>
      <trkpt lat="-21.072190346461237" lon="55.40013932917348">
        <ele>2062</ele>
      </trkpt>
      <trkpt lat="-21.072090595476865" lon="55.400079142049435">
        <ele>2062</ele>
      </trkpt>
      <trkpt lat="-21.072080536550345" lon="55.40006926058132">
        <ele>2062</ele>
      </trkpt>
      <trkpt lat="-21.072080536550345" lon="55.40006926058132">
        <ele>2062</ele>
      </trkpt>
      <trkpt lat="-21.071930490815806" lon="55.40003961617694">
        <ele>2062</ele>
      </trkpt>
      <trkpt lat="-21.07185001929805" lon="55.399979429052905">
        <ele>2062</ele>
      </trkpt>
      <trkpt lat="-21.071660575761374" lon="55.39965962881176">
        <ele>2062</ele>
      </trkpt>
      <trkpt lat="-21.07169075262407" lon="55.39950961015931">
        <ele>2062</ele>
      </trkpt>
      <trkpt lat="-21.07160022201758" lon="55.39939911737936">
        <ele>2061</ele>
      </trkpt>
      <trkpt lat="-21.071560824421617" lon="55.39936947297498">
        <ele>2061</ele>
      </trkpt>
      <trkpt lat="-21.07149041167091" lon="55.39943954156715">
        <ele>2061</ele>
      </trkpt>
      <trkpt lat="-21.071440116828548" lon="55.39955991581522">
        <ele>2061</ele>
      </trkpt>
      <trkpt lat="-21.071440116828548" lon="55.399719815935796">
        <ele>2060</ele>
      </trkpt>
      <trkpt lat="-21.071400719190166" lon="55.399779104744546">
        <ele>2060</ele>
      </trkpt>
      <trkpt lat="-21.071310188407104" lon="55.400029734708816">
        <ele>2059</ele>
      </trkpt>
      <trkpt lat="-21.071230554802362" lon="55.40006926058132">
        <ele>2058</ele>
      </trkpt>
      <trkpt lat="-21.071140023915678" lon="55.39998931052103">
        <ele>2058</ele>
      </trkpt>
      <trkpt lat="-21.071120744182714" lon="55.40000997177257">
        <ele>2058</ele>
      </trkpt>
      <trkpt lat="-21.071120744182714" lon="55.40011956623722">
        <ele>2057</ele>
      </trkpt>
      <trkpt lat="-21.071140023915678" lon="55.40021927923377">
        <ele>2057</ele>
      </trkpt>
      <trkpt lat="-21.071140023915678" lon="55.400259703421554">
        <ele>2058</ele>
      </trkpt>
      <trkpt lat="-21.07093046146659" lon="55.400189634829395">
        <ele>2057</ele>
      </trkpt>
      <trkpt lat="-21.070820650625343" lon="55.40009980330098">
        <ele>2057</ele>
      </trkpt>
      <trkpt lat="-21.070800532599833" lon="55.39995966611665">
        <ele>2057</ele>
      </trkpt>
      <trkpt lat="-21.07078041457162" lon="55.399929123396994">
        <ele>2057</ele>
      </trkpt>
      <trkpt lat="-21.070740178506988" lon="55.39996954758478">
        <ele>2057</ele>
      </trkpt>
      <trkpt lat="-21.070740178506988" lon="55.400059379113195">
        <ele>2057</ele>
      </trkpt>
      <trkpt lat="-21.07072006047061" lon="55.400109684769106">
        <ele>2057</ele>
      </trkpt>
      <trkpt lat="-21.070680662641447" lon="55.40008992183285">
        <ele>2057</ele>
      </trkpt>
      <trkpt lat="-21.07063036752524" lon="55.40000997177257">
        <ele>2057</ele>
      </trkpt>
      <trkpt lat="-21.070580072392023" lon="55.39999919198915">
        <ele>2057</ele>
      </trkpt>
      <trkpt lat="-21.07056079258644" lon="55.400079142049435">
        <ele>2057</ele>
      </trkpt>
      <trkpt lat="-21.070460202255937" lon="55.39999919198915">
        <ele>2057</ele>
      </trkpt>
      <trkpt lat="-21.07035039106744" lon="55.399949784648534">
        <ele>2056</ele>
      </trkpt>
      <trkpt lat="-21.070340332023214" lon="55.40006926058132">
        <ele>2056</ele>
      </trkpt>
      <trkpt lat="-21.070280815997652" lon="55.400049497645064">
        <ele>2056</ele>
      </trkpt>
      <trkpt lat="-21.070253991865666" lon="55.40016538031672">
        <ele>2056</ele>
      </trkpt>
      <trkpt lat="-21.070260697899126" lon="55.40030911076217">
        <ele>2055</ele>
      </trkpt>
      <trkpt lat="-21.07023052074622" lon="55.400389959137755">
        <ele>2055</ele>
      </trkpt>
      <trkpt lat="-21.070200343587196" lon="55.400369297886215">
        <ele>2055</ele>
      </trkpt>
      <trkpt lat="-21.070130768447203" lon="55.400259703421554">
        <ele>2055</ele>
      </trkpt>
      <trkpt lat="-21.070060355019386" lon="55.400259703421554">
        <ele>2055</ele>
      </trkpt>
      <trkpt lat="-21.069980720745356" lon="55.40029922929405">
        <ele>2055</ele>
      </trkpt>
      <trkpt lat="-21.069810554732705" lon="55.400409722074">
        <ele>2034</ele>
      </trkpt>
      <trkpt lat="-21.069610211246562" lon="55.40032977201371">
        <ele>2019</ele>
      </trkpt>
      <trkpt lat="-21.069520517631837" lon="55.40019951629751">
        <ele>2015</ele>
      </trkpt>
      <trkpt lat="-21.069520517631837" lon="55.40003961617694">
        <ele>2014</ele>
      </trkpt>
      <trkpt lat="-21.069490340328745" lon="55.399979429052905">
        <ele>2013</ele>
      </trkpt>
      <trkpt lat="-21.069232156485253" lon="55.399837495238025">
        <ele>1098</ele>
      </trkpt>
      <trkpt lat="-21.068960560010325" lon="55.39968927321613">
        <ele>2009</ele>
      </trkpt>
      <trkpt lat="-21.068920323453344" lon="55.39963986587551">
        <ele>2009</ele>
      </trkpt>
      <trkpt lat="-21.0688700277418" lon="55.39937935444311">
        <ele>2008</ele>
      </trkpt>
      <trkpt lat="-21.0688700277418" lon="55.39935959150686">
        <ele>2008</ele>
      </trkpt>
      <trkpt lat="-21.0688700277418" lon="55.399149385730375">
        <ele>2008</ele>
      </trkpt>
      <trkpt lat="-21.068840688568876" lon="55.399019130014175">
        <ele>1998</ele>
      </trkpt>
      <trkpt lat="-21.068810511127836" lon="55.3989894856098">
        <ele>1998</ele>
      </trkpt>
      <trkpt lat="-21.06869063956545" lon="55.39902990979759">
        <ele>1998</ele>
      </trkpt>
      <trkpt lat="-21.06863028461635" lon="55.39908919860634">
        <ele>1998</ele>
      </trkpt>
      <trkpt lat="-21.068580827070356" lon="55.39905955420196">
        <ele>1998</ele>
      </trkpt>
      <trkpt lat="-21.06854059041064" lon="55.398999367077934">
        <ele>1998</ele>
      </trkpt>
      <trkpt lat="-21.068500353740028" lon="55.39896972267355">
        <ele>1998</ele>
      </trkpt>
      <trkpt lat="-21.068450057886466" lon="55.39896972267355">
        <ele>1998</ele>
      </trkpt>
      <trkpt lat="-21.068350304393245" lon="55.39897960414168">
        <ele>1980</ele>
      </trkpt>
      <trkpt lat="-21.068060264444647" lon="55.39908919860634">
        <ele>1963</ele>
      </trkpt>
      <trkpt lat="-21.068040146045735" lon="55.39908919860634">
        <ele>1963</ele>
      </trkpt>
      <trkpt lat="-21.068010806709115" lon="55.39907931713821">
        <ele>1963</ele>
      </trkpt>
      <trkpt lat="-21.067980629099683" lon="55.39906943567009">
        <ele>1963</ele>
      </trkpt>
      <trkpt lat="-21.06791021465387" lon="55.39902990979759">
        <ele>1963</ele>
      </trkpt>
      <trkpt lat="-21.06789009623467" lon="55.398999367077934">
        <ele>1963</ele>
      </trkpt>
      <trkpt lat="-21.06777022393045" lon="55.39880982255298">
        <ele>1942</ele>
      </trkpt>
      <trkpt lat="-21.067560656732958" lon="55.398609498244625">
        <ele>1937</ele>
      </trkpt>
      <trkpt lat="-21.067351927510757" lon="55.39858704036252">
        <ele>1935</ele>
      </trkpt>
      <trkpt lat="-21.067237084400116" lon="55.398343596920526">
        <ele>1936</ele>
      </trkpt>
      <trkpt lat="-21.067100446131086" lon="55.39821962941131">
        <ele>1912</ele>
      </trkpt>
      <trkpt lat="-21.067030031268576" lon="55.39805972929074">
        <ele>1901</ele>
      </trkpt>
      <trkpt lat="-21.067030031268576" lon="55.39805972929074">
        <ele>1891</ele>
      </trkpt>
      <trkpt lat="-21.066950395372004" lon="55.39800942363483">
        <ele>1887</ele>
      </trkpt>
      <trkpt lat="-21.066850640872993" lon="55.3979995421667">
        <ele>1881</ele>
      </trkpt>
      <trkpt lat="-21.06676010732017" lon="55.39792947357454">
        <ele>1877</ele>
      </trkpt>
      <trkpt lat="-21.06676010732017" lon="55.397859404982384">
        <ele>1876</ele>
      </trkpt>
      <trkpt lat="-21.066710649152295" lon="55.397859404982384">
        <ele>1874</ele>
      </trkpt>
      <trkpt lat="-21.06664023410527" lon="55.39778933639022">
        <ele>1872</ele>
      </trkpt>
      <trkpt lat="-21.06664023410527" lon="55.39770938632993">
        <ele>1872</ele>
      </trkpt>
      <trkpt lat="-21.066550538699463" lon="55.39767974192556">
        <ele>1870</ele>
      </trkpt>
      <trkpt lat="-21.066550538699463" lon="55.39762943626966">
        <ele>1872</ele>
      </trkpt>
      <trkpt lat="-21.066470064270646" lon="55.39752972327311">
        <ele>1870</ele>
      </trkpt>
      <trkpt lat="-21.066325042533798" lon="55.39744168837527">
        <ele>1870</ele>
      </trkpt>
      <trkpt lat="-21.06621439001522" lon="55.3975306215884">
        <ele>1868</ele>
      </trkpt>
      <trkpt lat="-21.066060146973157" lon="55.39756296093862">
        <ele>1164</ele>
      </trkpt>
      <trkpt lat="-21.06593021385167" lon="55.39771926779807">
        <ele>1860</ele>
      </trkpt>
      <trkpt lat="-21.065730703418392" lon="55.39763931773777">
        <ele>1848</ele>
      </trkpt>
      <trkpt lat="-21.065660287907463" lon="55.39755936767748">
        <ele>1847</ele>
      </trkpt>
      <trkpt lat="-21.065580651277543" lon="55.39753960474123">
        <ele>1847</ele>
      </trkpt>
      <trkpt lat="-21.06548005757883" lon="55.397589910397144">
        <ele>1846</ele>
      </trkpt>
      <trkpt lat="-21.06517156981189" lon="55.39775969198585">
        <ele>1828</ele>
      </trkpt>
      <trkpt lat="-21.064930144156733" lon="55.39791959210642">
        <ele>1812</ele>
      </trkpt>
      <trkpt lat="-21.064750751228686" lon="55.39789982917017">
        <ele>1808</ele>
      </trkpt>
      <trkpt lat="-21.064640097539012" lon="55.39791959210642">
        <ele>1804</ele>
      </trkpt>
      <trkpt lat="-21.064590638666264" lon="55.39792947357454">
        <ele>1801</ele>
      </trkpt>
      <trkpt lat="-21.064480823144233" lon="55.39791959210642">
        <ele>1801</ele>
      </trkpt>
      <trkpt lat="-21.06441040704165" lon="55.39793935504268">
        <ele>1801</ele>
      </trkpt>
      <trkpt lat="-21.064160597265992" lon="55.39790971063829">
        <ele>1776</ele>
      </trkpt>
      <trkpt lat="-21.06392000826001" lon="55.39790971063829">
        <ele>1771</ele>
      </trkpt>
      <trkpt lat="-21.063840370698436" lon="55.397979779230454">
        <ele>1766</ele>
      </trkpt>
      <trkpt lat="-21.0636307979643" lon="55.39804984782261">
        <ele>1748</ele>
      </trkpt>
      <trkpt lat="-21.063365897605912" lon="55.398057034344895">
        <ele>1744</ele>
      </trkpt>
      <trkpt lat="-21.063070818170328" lon="55.39814956081915">
        <ele>1722</ele>
      </trkpt>
      <trkpt lat="-21.063010460940937" lon="55.39823939234756">
        <ele>1722</ele>
      </trkpt>
      <trkpt lat="-21.062870465606313" lon="55.39818998500694">
        <ele>1720</ele>
      </trkpt>
      <trkpt lat="-21.062640772376668" lon="55.39817920522352">
        <ele>1701</ele>
      </trkpt>
      <trkpt lat="-21.06258041497282" lon="55.3981297978829">
        <ele>1694</ele>
      </trkpt>
      <trkpt lat="-21.062550236261714" lon="55.39810913663136">
        <ele>1686</ele>
      </trkpt>
      <trkpt lat="-21.062430359654353" lon="55.397979779230454">
        <ele>1676</ele>
      </trkpt>
      <trkpt lat="-21.06236078087992" lon="55.397859404982384">
        <ele>1673</ele>
      </trkpt>
      <trkpt lat="-21.062380061748378" lon="55.39776957345397">
        <ele>1672</ele>
      </trkpt>
      <trkpt lat="-21.062340661710156" lon="55.39768962339368">
        <ele>1669</ele>
      </trkpt>
      <trkpt lat="-21.06220066574524" lon="55.39761955480152">
        <ele>1653</ele>
      </trkpt>
      <trkpt lat="-21.06196594167613" lon="55.397584520505454">
        <ele>1214</ele>
      </trkpt>
      <trkpt lat="-21.061730378934488" lon="55.397549486209364">
        <ele>1630</ele>
      </trkpt>
      <trkpt lat="-21.061660799832698" lon="55.39750996033686">
        <ele>1624</ele>
      </trkpt>
      <trkpt lat="-21.061700200050968" lon="55.3974398917447">
        <ele>1623</ele>
      </trkpt>
      <trkpt lat="-21.06164068056827" lon="55.397389586088785">
        <ele>1622</ele>
      </trkpt>
      <trkpt lat="-21.061580322758697" lon="55.397239567436344">
        <ele>1613</ele>
      </trkpt>
      <trkpt lat="-21.061650740200818" lon="55.3971793803123">
        <ele>1614</ele>
      </trkpt>
      <trkpt lat="-21.06155014384473" lon="55.396969174535826">
        <ele>1605</ele>
      </trkpt>
      <trkpt lat="-21.061540084205387" lon="55.39688922447553">
        <ele>1602</ele>
      </trkpt>
      <trkpt lat="-21.06135062753725" lon="55.39672932435496">
        <ele>1585</ele>
      </trkpt>
      <trkpt lat="-21.06121063064075" lon="55.396699679950586">
        <ele>1580</ele>
      </trkpt>
      <trkpt lat="-21.061240809623598" lon="55.3966197298903">
        <ele>1579</ele>
      </trkpt>
      <trkpt lat="-21.06119051131547" lon="55.39658918717063">
        <ele>1572</ele>
      </trkpt>
      <trkpt lat="-21.06121063064075" lon="55.396529898361884">
        <ele>1572</ele>
      </trkpt>
      <trkpt lat="-21.061180451651815" lon="55.39633945552165">
        <ele>1569</ele>
      </trkpt>
      <trkpt lat="-21.06100021589585" lon="55.396069960936416">
        <ele>1549</ele>
      </trkpt>
      <trkpt lat="-21.060940696133144" lon="55.395939705220215">
        <ele>1533</ele>
      </trkpt>
      <trkpt lat="-21.060840099296982" lon="55.39576992363152">
        <ele>1531</ele>
      </trkpt>
      <trkpt lat="-21.060710161616257" lon="55.395709736507484">
        <ele>1522</ele>
      </trkpt>
      <trkpt lat="-21.06067076113581" lon="55.395669312319704">
        <ele>1520</ele>
      </trkpt>
      <trkpt lat="-21.06057016411713" lon="55.39556959932316">
        <ele>1518</ele>
      </trkpt>
      <trkpt lat="-21.06031028817077" lon="55.39549953073101">
        <ele>1506</ele>
      </trkpt>
      <trkpt lat="-21.060090650726693" lon="55.39554983638691">
        <ele>1484</ele>
      </trkpt>
      <trkpt lat="-21.059950652644677" lon="55.39547976779475">
        <ele>1465</ele>
      </trkpt>
      <trkpt lat="-21.059730176356236" lon="55.39549953073101">
        <ele>1452</ele>
      </trkpt>
      <trkpt lat="-21.05951305300006" lon="55.3954375469764">
        <ele>1250</ele>
      </trkpt>
      <trkpt lat="-21.059270779846386" lon="55.39536927501481">
        <ele>1381</ele>
      </trkpt>
      <trkpt lat="-21.058950542754236" lon="55.395319867674175">
        <ele>1356</ele>
      </trkpt>
      <trkpt lat="-21.058750184641916" lon="55.39523991761389">
        <ele>1345</ele>
      </trkpt>
      <trkpt lat="-21.058700723811153" lon="55.39521925636236">
        <ele>1340</ele>
      </trkpt>
      <trkpt lat="-21.058540604737832" lon="55.39516984902173">
        <ele>1334</ele>
      </trkpt>
      <trkpt lat="-21.058290785106532" lon="55.39516984902173">
        <ele>1320</ele>
      </trkpt>
      <trkpt lat="-21.058170066745138" lon="55.39512942483394">
        <ele>1323</ele>
      </trkpt>
      <trkpt lat="-21.058060246484082" lon="55.395119543365816">
        <ele>1327</ele>
      </trkpt>
      <trkpt lat="-21.05803006685616" lon="55.39509978042956">
        <ele>1330</ele>
      </trkpt>
      <trkpt lat="-21.05803006685616" lon="55.395039593305526">
        <ele>1295</ele>
      </trkpt>
      <trkpt lat="-21.0580703063587" lon="55.39497940618149">
        <ele>1331</ele>
      </trkpt>
      <trkpt lat="-21.05820024634467" lon="55.39486981171683">
        <ele>1333</ele>
      </trkpt>
      <trkpt lat="-21.058300006644007" lon="55.39469913181286">
        <ele>1334</ele>
      </trkpt>
      <trkpt lat="-21.058310066502404" lon="55.39460930028444">
        <ele>1336</ele>
      </trkpt>
      <trkpt lat="-21.05839054534517" lon="55.394529350224154">
        <ele>1340</ele>
      </trkpt>
      <trkpt lat="-21.05853054489501" lon="55.39427961857516">
        <ele>1343</ele>
      </trkpt>
      <trkpt lat="-21.05864036480899" lon="55.39423919438738">
        <ele>1343</ele>
      </trkpt>
      <trkpt lat="-21.058670544313127" lon="55.39416912579522">
        <ele>1345</ele>
      </trkpt>
      <trkpt lat="-21.058630304972908" lon="55.394149362858975">
        <ele>1345</ele>
      </trkpt>
      <trkpt lat="-21.058610185298722" lon="55.394109836986466">
        <ele>1345</ele>
      </trkpt>
      <trkpt lat="-21.058610185298722" lon="55.394109836986466">
        <ele>1345</ele>
      </trkpt>
      <trkpt lat="-21.058670544313127" lon="55.39409995551834">
        <ele>1345</ele>
      </trkpt>
      <trkpt lat="-21.05864036480899" lon="55.39407929426681">
        <ele>1345</ele>
      </trkpt>
      <trkpt lat="-21.058720005153912" lon="55.39404964986243">
        <ele>1345</ele>
      </trkpt>
      <trkpt lat="-21.0585900656218" lon="55.3939894627384">
        <ele>1346</ele>
      </trkpt>
      <trkpt lat="-21.058740124813266" lon="55.393949936865894">
        <ele>1347</ele>
      </trkpt>
      <trkpt lat="-21.058650424644373" lon="55.39382956261782">
        <ele>1347</ele>
      </trkpt>
      <trkpt lat="-21.058630304972908" lon="55.39377925696191">
        <ele>1347</ele>
      </trkpt>
      <trkpt lat="-21.058670544313127" lon="55.39376937549379">
        <ele>1349</ele>
      </trkpt>
      <trkpt lat="-21.058820603423438" lon="55.39376937549379">
        <ele>1352</ele>
      </trkpt>
      <trkpt lat="-21.0588901838534" lon="55.393609475373225">
        <ele>1360</ele>
      </trkpt>
      <trkpt lat="-21.059040242742206" lon="55.393489999440426">
        <ele>1371</ele>
      </trkpt>
      <trkpt lat="-21.059110661386466" lon="55.39346933818889">
        <ele>1374</ele>
      </trkpt>
      <trkpt lat="-21.059110661386466" lon="55.3935196438448">
        <ele>1373</ele>
      </trkpt>
      <trkpt lat="-21.05924060046398" lon="55.39341993084826">
        <ele>1381</ele>
      </trkpt>
      <trkpt lat="-21.059290061115277" lon="55.39345945672077">
        <ele>1382</ele>
      </trkpt>
      <trkpt lat="-21.059350419853917" lon="55.39335974372422">
        <ele>1385</ele>
      </trkpt>
      <trkpt lat="-21.05939065899941" lon="55.39342981231639">
        <ele>1386</ele>
      </trkpt>
      <trkpt lat="-21.059510538055846" lon="55.3932995566002">
        <ele>1389</ele>
      </trkpt>
      <trkpt lat="-21.059540717383523" lon="55.3933498622561">
        <ele>1389</ele>
      </trkpt>
      <trkpt lat="-21.059670656085487" lon="55.39324925094429">
        <ele>1394</ele>
      </trkpt>
      <trkpt lat="-21.059840833697724" lon="55.393169300884">
        <ele>1407</ele>
      </trkpt>
      <trkpt lat="-21.059920473400158" lon="55.39302916369967">
        <ele>1417</ele>
      </trkpt>
      <trkpt lat="-21.059920473400158" lon="55.39290968776688">
        <ele>1419</ele>
      </trkpt>
      <trkpt lat="-21.059960712391483" lon="55.39282973770659">
        <ele>1422</ele>
      </trkpt>
      <trkpt lat="-21.0599900533158" lon="55.39281985623847">
        <ele>1423</ele>
      </trkpt>
      <trkpt lat="-21.060040352029752" lon="55.39289980629876">
        <ele>1423</ele>
      </trkpt>
      <trkpt lat="-21.060060471510575" lon="55.39283961917473">
        <ele>1425</ele>
      </trkpt>
      <trkpt lat="-21.06012082993669" lon="55.3928692635791">
        <ele>1426</ele>
      </trkpt>
      <trkpt lat="-21.06015017082943" lon="55.39285938211098">
        <ele>1426</ele>
      </trkpt>
      <trkpt lat="-21.06015017082943" lon="55.39276955058257">
        <ele>1427</ele>
      </trkpt>
      <trkpt lat="-21.060170290295407" lon="55.39274978764631">
        <ele>1427</ele>
      </trkpt>
      <trkpt lat="-21.06019040975866" lon="55.39269948199039">
        <ele>1428</ele>
      </trkpt>
      <trkpt lat="-21.060240708404866" lon="55.392729126394784">
        <ele>1430</ele>
      </trkpt>
      <trkpt lat="-21.060270049273978" lon="55.39277943205069">
        <ele>1430</ele>
      </trkpt>
      <trkpt lat="-21.06031028817077" lon="55.39273990617818">
        <ele>1431</ele>
      </trkpt>
      <trkpt lat="-21.060320347893263" lon="55.39266983758602">
        <ele>1432</ele>
      </trkpt>
      <trkpt lat="-21.060350527056674" lon="55.39266983758602">
        <ele>1432</ele>
      </trkpt>
      <trkpt lat="-21.060380706213966" lon="55.39270936345853">
        <ele>1432</ele>
      </trkpt>
      <trkpt lat="-21.06042010677122" lon="55.39270936345853">
        <ele>1433</ele>
      </trkpt>
      <trkpt lat="-21.060410047055473" lon="55.392649176334494">
        <ele>1434</ele>
      </trkpt>
      <trkpt lat="-21.06044022620069" lon="55.39263929486637">
        <ele>1434</ele>
      </trkpt>
      <trkpt lat="-21.060470405339785" lon="55.39267971905416">
        <ele>1435</ele>
      </trkpt>
      <trkpt lat="-21.0605106441824" lon="55.392659956117896">
        <ele>1436</ele>
      </trkpt>
      <trkpt lat="-21.06052070389135" lon="55.39258988752574">
        <ele>1437</ele>
      </trkpt>
      <trkpt lat="-21.06057016411713" lon="55.392569226274205">
        <ele>1438</ele>
      </trkpt>
      <trkpt lat="-21.060610402932777" lon="55.39259976899386">
        <ele>1438</ele>
      </trkpt>
      <trkpt lat="-21.06072022131172" lon="55.39258988752574">
        <ele>1440</ele>
      </trkpt>
      <trkpt lat="-21.06072022131172" lon="55.39254946333796">
        <ele>1441</ele>
      </trkpt>
      <trkpt lat="-21.060700101920105" lon="55.39250993746545">
        <ele>1441</ele>
      </trkpt>
      <trkpt lat="-21.060780579470226" lon="55.39245963180955">
        <ele>1441</ele>
      </trkpt>
      <trkpt lat="-21.060790639160917" lon="55.39240932615363">
        <ele>1442</ele>
      </trkpt>
      <trkpt lat="-21.06074034070061" lon="55.39227996875272">
        <ele>1442</ele>
      </trkpt>
      <trkpt lat="-21.060690042223296" lon="55.39219912037715">
        <ele>1442</ele>
      </trkpt>
      <trkpt lat="-21.060690042223296" lon="55.3921793574409">
        <ele>1442</ele>
      </trkpt>
      <trkpt lat="-21.060690042223296" lon="55.39216947597277">
        <ele>1442</ele>
      </trkpt>
      <trkpt lat="-21.060710161616257" lon="55.39215959450465">
        <ele>1442</ele>
      </trkpt>
      <trkpt lat="-21.06075040039404" lon="55.39218923890902">
        <ele>1442</ele>
      </trkpt>
      <trkpt lat="-21.06076046008678" lon="55.392149713036524">
        <ele>1442</ele>
      </trkpt>
      <trkpt lat="-21.060780579470226" lon="55.392149713036524">
        <ele>1442</ele>
      </trkpt>
      <trkpt lat="-21.060850158983655" lon="55.39218923890902">
        <ele>1442</ele>
      </trkpt>
      <trkpt lat="-21.060870278354976" lon="55.39215959450465">
        <ele>1443</ele>
      </trkpt>
      <trkpt lat="-21.060860218669653" lon="55.39211917031686">
        <ele>1443</ele>
      </trkpt>
      <trkpt lat="-21.060870278354976" lon="55.39211917031686">
        <ele>1442</ele>
      </trkpt>
      <trkpt lat="-21.061030394921374" lon="55.3922296630968">
        <ele>1442</ele>
      </trkpt>
      <trkpt lat="-21.06108069328363" lon="55.3922296630968">
        <ele>1443</ele>
      </trkpt>
      <trkpt lat="-21.061110033987088" lon="55.39211917031686">
        <ele>1443</ele>
      </trkpt>
      <trkpt lat="-21.061130153323273" lon="55.39212995010027">
        <ele>1443</ele>
      </trkpt>
      <trkpt lat="-21.061150272656718" lon="55.39218923890902">
        <ele>1443</ele>
      </trkpt>
      <trkpt lat="-21.06119051131547" lon="55.39210928884874">
        <ele>1445</ele>
      </trkpt>
      <trkpt lat="-21.06119051131547" lon="55.39206976297623">
        <ele>1446</ele>
      </trkpt>
      <trkpt lat="-21.061230749963332" lon="55.39208952591249">
        <ele>1446</ele>
      </trkpt>
      <trkpt lat="-21.06125003097824" lon="55.39201945732033">
        <ele>1448</ele>
      </trkpt>
      <trkpt lat="-21.06127015029548" lon="55.39202933878845">
        <ele>1449</ele>
      </trkpt>
      <trkpt lat="-21.061330508230885" lon="55.39206976297623">
        <ele>1449</ele>
      </trkpt>
      <trkpt lat="-21.06135062753725" lon="55.3920491017247">
        <ele>1449</ele>
      </trkpt>
      <trkpt lat="-21.061340567884407" lon="55.391999694384076">
        <ele>1449</ele>
      </trkpt>
      <trkpt lat="-21.06135062753725" lon="55.39195927019629">
        <ele>1450</ele>
      </trkpt>
      <trkpt lat="-21.061400087487154" lon="55.39189998138753">
        <ele>1452</ele>
      </trkpt>
      <trkpt lat="-21.061450385724424" lon="55.39193950726004">
        <ele>1453</ele>
      </trkpt>
      <trkpt lat="-21.061480564658645" lon="55.39193950726004">
        <ele>1455</ele>
      </trkpt>
      <trkpt lat="-21.06153002456534" lon="55.39184967573163">
        <ele>1457</ele>
      </trkpt>
      <trkpt lat="-21.06156020348339" lon="55.391839794263504">
        <ele>1458</ele>
      </trkpt>
      <trkpt lat="-21.061580322758697" lon="55.39186943866788">
        <ele>1460</ele>
      </trkpt>
      <trkpt lat="-21.06159038239533" lon="55.39190986285567">
        <ele>1459</ele>
      </trkpt>
      <trkpt lat="-21.06174043856097" lon="55.39185955719975">
        <ele>1463</ele>
      </trkpt>
      <trkpt lat="-21.061870375341943" lon="55.39188920160413">
        <ele>1473</ele>
      </trkpt>
      <trkpt lat="-21.061880434958947" lon="55.39185955719975">
        <ele>1474</ele>
      </trkpt>
      <trkpt lat="-21.062270244594576" lon="55.39186943866788">
        <ele>1500</ele>
      </trkpt>
      <trkpt lat="-21.062380061748378" lon="55.391819133011964">
        <ele>1505</ele>
      </trkpt>
      <trkpt lat="-21.062510836268547" lon="55.39182991279537">
        <ele>1543</ele>
      </trkpt>
      <trkpt lat="-21.062590474541835" lon="55.39188920160413">
        <ele>1548</ele>
      </trkpt>
      <trkpt lat="-21.062700291459265" lon="55.392059881508104">
        <ele>1567</ele>
      </trkpt>
      <trkpt lat="-21.06278076792745" lon="55.39206976297623">
        <ele>1574</ele>
      </trkpt>
      <trkpt lat="-21.062860406056227" lon="55.39194938872815">
        <ele>1581</ele>
      </trkpt>
      <trkpt lat="-21.062910703799826" lon="55.39188920160413">
        <ele>1588</ele>
      </trkpt>
      <trkpt lat="-21.063110218015176" lon="55.391879320136">
        <ele>1606</ele>
      </trkpt>
      <trkpt lat="-21.063160515674298" lon="55.39193950726004">
        <ele>1619</ele>
      </trkpt>
      <trkpt lat="-21.063210813316413" lon="55.3919188460085">
        <ele>1635</ele>
      </trkpt>
      <trkpt lat="-21.063290451214996" lon="55.391839794263504">
        <ele>1637</ele>
      </trkpt>
      <trkpt lat="-21.06343044615442" lon="55.39171942001543">
        <ele>1642</ele>
      </trkpt>
      <trkpt lat="-21.063500862720865" lon="55.39173648800583">
        <ele>1552</ele>
      </trkpt>
      <trkpt lat="-21.06359055996555" lon="55.39175984420321">
        <ele>1653</ele>
      </trkpt>
      <trkpt lat="-21.06360061946625" lon="55.3916197070189">
        <ele>1649</ele>
      </trkpt>
      <trkpt lat="-21.063680257156175" lon="55.39169965707918">
        <ele>1660</ele>
      </trkpt>
      <trkpt lat="-21.063770792583448" lon="55.39160982555076">
        <ele>1679</ele>
      </trkpt>
      <trkpt lat="-21.063740614113804" lon="55.39172930148355">
        <ele>1673</ele>
      </trkpt>
      <trkpt lat="-21.063671874243457" lon="55.39198532133952">
        <ele>1658</ele>
      </trkpt>
      <trkpt lat="-21.063554513415767" lon="55.39214611977539">
        <ele>1672</ele>
      </trkpt>
      <trkpt lat="-21.06367019766086" lon="55.39210928884874">
        <ele>1659</ele>
      </trkpt>
      <trkpt lat="-21.063826958052307" lon="55.39212456020856">
        <ele>1660</ele>
      </trkpt>
      <trkpt lat="-21.063680257156175" lon="55.39224942603306">
        <ele>1660</ele>
      </trkpt>
      <trkpt lat="-21.06365007866816" lon="55.392309613157096">
        <ele>1656</ele>
      </trkpt>
      <trkpt lat="-21.063690316650806" lon="55.39231949462522">
        <ele>1660</ele>
      </trkpt>
      <trkpt lat="-21.063640019170812" lon="55.39239944468551">
        <ele>1657</ele>
      </trkpt>
      <trkpt lat="-21.063700376144773" lon="55.39248927621392">
        <ele>1658</ele>
      </trkpt>
      <trkpt lat="-21.063700376144773" lon="55.39248927621392">
        <ele>1659</ele>
      </trkpt>
      <trkpt lat="-21.063800132756395" lon="55.392359918813">
        <ele>1665</ele>
      </trkpt>
      <trkpt lat="-21.063830311213945" lon="55.39240932615363">
        <ele>1666</ele>
      </trkpt>
      <trkpt lat="-21.06379007326918" lon="55.39248927621392">
        <ele>1665</ele>
      </trkpt>
      <trkpt lat="-21.06387138743802" lon="55.392603362255">
        <ele>1638</ele>
      </trkpt>
      <trkpt lat="-21.06395018669325" lon="55.39257910774233">
        <ele>1670</ele>
      </trkpt>
      <trkpt lat="-21.063970305645334" lon="55.39258988752574">
        <ele>1671</ele>
      </trkpt>
      <trkpt lat="-21.06395018669325" lon="55.392659956117896">
        <ele>1670</ele>
      </trkpt>
      <trkpt lat="-21.063980365120372" lon="55.39267971905416">
        <ele>1670</ele>
      </trkpt>
      <trkpt lat="-21.064070062075952" lon="55.39255934480608">
        <ele>1686</ele>
      </trkpt>
      <trkpt lat="-21.06409018101183" lon="55.392569226274205">
        <ele>1688</ele>
      </trkpt>
      <trkpt lat="-21.064100240478755" lon="55.39262941339824">
        <ele>1688</ele>
      </trkpt>
      <trkpt lat="-21.06435005035576" lon="55.39243986887329">
        <ele>1717</ele>
      </trkpt>
      <trkpt lat="-21.064360109805115" lon="55.39244975034141">
        <ele>1718</ele>
      </trkpt>
      <trkpt lat="-21.06435005035576" lon="55.39255934480608">
        <ele>1719</ele>
      </trkpt>
      <trkpt lat="-21.064360109805115" lon="55.39257910774233">
        <ele>1719</ele>
      </trkpt>
      <trkpt lat="-21.064390288149074" lon="55.39251981893357">
        <ele>1720</ele>
      </trkpt>
      <trkpt lat="-21.064444776810166" lon="55.39245873349426">
        <ele>1726</ele>
      </trkpt>
      <trkpt lat="-21.064457351113752" lon="55.39254137850039">
        <ele>1685</ele>
      </trkpt>
      <trkpt lat="-21.06467027582618" lon="55.39233925756147">
        <ele>1730</ele>
      </trkpt>
      <trkpt lat="-21.06469039468089" lon="55.39223954456494">
        <ele>1741</ele>
      </trkpt>
      <trkpt lat="-21.06486056655145" lon="55.39211917031686">
        <ele>1748</ele>
      </trkpt>
      <trkpt lat="-21.064900804206673" lon="55.3920491017247">
        <ele>1750</ele>
      </trkpt>
      <trkpt lat="-21.064930144156733" lon="55.39192962579192">
        <ele>1759</ele>
      </trkpt>
      <trkpt lat="-21.064940203566866" lon="55.391819133011964">
        <ele>1762</ele>
      </trkpt>
      <trkpt lat="-21.064923437882957" lon="55.39176164083378">
        <ele>1770</ele>
      </trkpt>
      <trkpt lat="-21.06496032238505" lon="55.39163946995513">
        <ele>1779</ele>
      </trkpt>
      <trkpt lat="-21.065020678823345" lon="55.39158916429923">
        <ele>1781</ele>
      </trkpt>
      <trkpt lat="-21.06503409136186" lon="55.39175265768094">
        <ele>1779</ele>
      </trkpt>
      <trkpt lat="-21.065060078151784" lon="55.39163946995513">
        <ele>1779</ele>
      </trkpt>
      <trkpt lat="-21.06510031575304" lon="55.39158916429923">
        <ele>1782</ele>
      </trkpt>
      <trkpt lat="-21.065090256353738" lon="55.39167989414292">
        <ele>1778</ele>
      </trkpt>
      <trkpt lat="-21.065110375151654" lon="55.39171942001543">
        <ele>1778</ele>
      </trkpt>
      <trkpt lat="-21.065160672134517" lon="55.39160982555076">
        <ele>1781</ele>
      </trkpt>
      <trkpt lat="-21.06517073152905" lon="55.3916197070189">
        <ele>1780</ele>
      </trkpt>
      <trkpt lat="-21.065160672134517" lon="55.391749962735084">
        <ele>1776</ele>
      </trkpt>
      <trkpt lat="-21.065190012033337" lon="55.39175984420321">
        <ele>1778</ele>
      </trkpt>
      <trkpt lat="-21.06522019020894" lon="55.39172930148355">
        <ele>1778</ele>
      </trkpt>
      <trkpt lat="-21.065250368378404" lon="55.39164935142327">
        <ele>1778</ele>
      </trkpt>
      <trkpt lat="-21.06527048715467" lon="55.39166911435952">
        <ele>1778</ele>
      </trkpt>
      <trkpt lat="-21.065250368378404" lon="55.391749962735084">
        <ele>1777</ele>
      </trkpt>
      <trkpt lat="-21.06527048715467" lon="55.39175984420321">
        <ele>1777</ele>
      </trkpt>
      <trkpt lat="-21.065364374741197" lon="55.39166552109838">
        <ele>1777</ele>
      </trkpt>
      <trkpt lat="-21.065320784083386" lon="55.391529875490484">
        <ele>1781</ele>
      </trkpt>
      <trkpt lat="-21.0652906059282" lon="55.39139961977428">
        <ele>1784</ele>
      </trkpt>
      <trkpt lat="-21.065345094259506" lon="55.391175939268535">
        <ele>1786</ele>
      </trkpt>
      <trkpt lat="-21.06536018333235" lon="55.39100975094097">
        <ele>1787</ele>
      </trkpt>
      <trkpt lat="-21.065430598985348" lon="55.39108970100126">
        <ele>1787</ele>
      </trkpt>
      <trkpt lat="-21.06545071773721" lon="55.391049276813476">
        <ele>1787</ele>
      </trkpt>
      <trkpt lat="-21.06544065836161" lon="55.39092980088068">
        <ele>1786</ele>
      </trkpt>
      <trkpt lat="-21.06548005757883" lon="55.39096932675319">
        <ele>1785</ele>
      </trkpt>
      <trkpt lat="-21.065540413806215" lon="55.39099986947284">
        <ele>1786</ele>
      </trkpt>
      <trkpt lat="-21.065580651277543" lon="55.39102951387723">
        <ele>1785</ele>
      </trkpt>
      <trkpt lat="-21.06565022854602" lon="55.391119345405635">
        <ele>1784</ele>
      </trkpt>
      <trkpt lat="-21.065610829373902" lon="55.39123971965371">
        <ele>1783</ele>
      </trkpt>
      <trkpt lat="-21.065610829373902" lon="55.39130978824588">
        <ele>1781</ele>
      </trkpt>
      <trkpt lat="-21.065562209104534" lon="55.391416687764675">
        <ele>1780</ele>
      </trkpt>
      <trkpt lat="-21.065660287907463" lon="55.391529875490484">
        <ele>1813</ele>
      </trkpt>
      <trkpt lat="-21.065700525346347" lon="55.39149933277081">
        <ele>1868</ele>
      </trkpt>
      <trkpt lat="-21.065750822129676" lon="55.3916197070189">
        <ele>1871</ele>
      </trkpt>
      <trkpt lat="-21.065750822129676" lon="55.39160982555076">
        <ele>1873</ele>
      </trkpt>
      <trkpt lat="-21.065760043204772" lon="55.39153975695861">
        <ele>1875</ele>
      </trkpt>
      <trkpt lat="-21.065780161912084" lon="55.39143914564678">
        <ele>1879</ele>
      </trkpt>
      <trkpt lat="-21.065780161912084" lon="55.39125948258996">
        <ele>1885</ele>
      </trkpt>
      <trkpt lat="-21.065800280616685" lon="55.391199295465924">
        <ele>1889</ele>
      </trkpt>
      <trkpt lat="-21.06585057736626" lon="55.39113910834189">
        <ele>1892</ele>
      </trkpt>
      <trkpt lat="-21.065870696061356" lon="55.391159769593415">
        <ele>1891</ele>
      </trkpt>
      <trkpt lat="-21.065870696061356" lon="55.391219956717464">
        <ele>1890</ele>
      </trkpt>
      <trkpt lat="-21.065890814753697" lon="55.391219956717464">
        <ele>1891</ele>
      </trkpt>
      <trkpt lat="-21.065940273194165" lon="55.39113910834189">
        <ele>1891</ele>
      </trkpt>
      <trkpt lat="-21.06593021385167" lon="55.39099986947284">
        <ele>1891</ele>
      </trkpt>
      <trkpt lat="-21.065940273194165" lon="55.390939682348815">
        <ele>1893</ele>
      </trkpt>
      <trkpt lat="-21.065920154508497" lon="55.390889376692904">
        <ele>1893</ele>
      </trkpt>
      <trkpt lat="-21.065940273194165" lon="55.39081930810074">
        <ele>1892</ele>
      </trkpt>
      <trkpt lat="-21.065860636714152" lon="55.390679170916414">
        <ele>1897</ele>
      </trkpt>
      <trkpt lat="-21.065940273194165" lon="55.390679170916414">
        <ele>1898</ele>
      </trkpt>
      <trkpt lat="-21.065970451217563" lon="55.39070971363608">
        <ele>1897</ele>
      </trkpt>
      <trkpt lat="-21.06600062923483" lon="55.39071959510421">
        <ele>1897</ele>
      </trkpt>
      <trkpt lat="-21.066010688572543" lon="55.39063964504392">
        <ele>1898</ele>
      </trkpt>
      <trkpt lat="-21.066060146973157" lon="55.390599220856124">
        <ele>1900</ele>
      </trkpt>
      <trkpt lat="-21.066150680952006" lon="55.390459981987085">
        <ele>1903</ele>
      </trkpt>
      <trkpt lat="-21.066180020655562" lon="55.390319844802775">
        <ele>1904</ele>
      </trkpt>
      <trkpt lat="-21.066220257953862" lon="55.39038991339493">
        <ele>1905</ele>
      </trkpt>
      <trkpt lat="-21.06625043592046" lon="55.390369252143394">
        <ele>1905</ele>
      </trkpt>
      <trkpt lat="-21.06625043592046" lon="55.39030996333464">
        <ele>1907</ele>
      </trkpt>
      <trkpt lat="-21.066170799606493" lon="55.390119520494416">
        <ele>1912</ele>
      </trkpt>
      <trkpt lat="-21.066170799606493" lon="55.390119520494416">
        <ele>1917</ele>
      </trkpt>
      <trkpt lat="-21.066190079981155" lon="55.38996950184197">
        <ele>1924</ele>
      </trkpt>
      <trkpt lat="-21.06625043592046" lon="55.38989943324981">
        <ele>1925</ele>
      </trkpt>
      <trkpt lat="-21.066290673199717" lon="55.38983924612577">
        <ele>1930</ele>
      </trkpt>
      <trkpt lat="-21.066300732517835" lon="55.38957963300866">
        <ele>1949</ele>
      </trkpt>
      <trkpt lat="-21.066340131507225" lon="55.38958951447678">
        <ele>1949</ele>
      </trkpt>
      <trkpt lat="-21.066340131507225" lon="55.389399969951825">
        <ele>1957</ele>
      </trkpt>
      <trkpt lat="-21.06641054669632" lon="55.389489801480245">
        <ele>1954</ele>
      </trkpt>
      <trkpt lat="-21.06643066531566" lon="55.38947992001212">
        <ele>1956</ele>
      </trkpt>
      <trkpt lat="-21.06643066531566" lon="55.3893397828278">
        <ele>1966</ele>
      </trkpt>
      <trkpt lat="-21.0663317487444" lon="55.38910532253864">
        <ele>1915</ele>
      </trkpt>
      <trkpt lat="-21.066230317276744" lon="55.38886996393419">
        <ele>1994</ele>
      </trkpt>
      <trkpt lat="-21.066230317276744" lon="55.38882953974641">
        <ele>1996</ele>
      </trkpt>
      <trkpt lat="-21.06625043592046" lon="55.388539383909645">
        <ele>2011</ele>
      </trkpt>
      <trkpt lat="-21.066270554561445" lon="55.3884791967856">
        <ele>2014</ele>
      </trkpt>
      <trkpt lat="-21.066270554561445" lon="55.3884791967856">
        <ele>2017</ele>
      </trkpt>
      <trkpt lat="-21.066310791835257" lon="55.38841990797686">
        <ele>2020</ele>
      </trkpt>
      <trkpt lat="-21.066340131507225" lon="55.38833995791657">
        <ele>2025</ele>
      </trkpt>
      <trkpt lat="-21.066360250136093" lon="55.388309415196915">
        <ele>2026</ele>
      </trkpt>
      <trkpt lat="-21.066370309449493" lon="55.38839924672532">
        <ele>2023</ele>
      </trkpt>
      <trkpt lat="-21.066400487385632" lon="55.388409128193445">
        <ele>2020</ele>
      </trkpt>
      <trkpt lat="-21.06643066531566" lon="55.38831929666503">
        <ele>2027</ele>
      </trkpt>
      <trkpt lat="-21.066470064270646" lon="55.38828965226066">
        <ele>2026</ele>
      </trkpt>
      <trkpt lat="-21.066510301490496" lon="55.38818993926412">
        <ele>2027</ele>
      </trkpt>
      <trkpt lat="-21.066520360793756" lon="55.3880893279523">
        <ele>2032</ele>
      </trkpt>
      <trkpt lat="-21.066570657299856" lon="55.3880498020798">
        <ele>2037</ele>
      </trkpt>
      <trkpt lat="-21.066550538699463" lon="55.38793930929985">
        <ele>2040</ele>
      </trkpt>
      <trkpt lat="-21.066600835195366" lon="55.387809951898944">
        <ele>2044</ele>
      </trkpt>
      <trkpt lat="-21.066570657299856" lon="55.38773988330678">
        <ele>2045</ele>
      </trkpt>
      <trkpt lat="-21.066550538699463" lon="55.38773988330678">
        <ele>2045</ele>
      </trkpt>
      <trkpt lat="-21.066470064270646" lon="55.38764915346309">
        <ele>2048</ele>
      </trkpt>
      <trkpt lat="-21.06646000496398" lon="55.38758986465433">
        <ele>2049</ele>
      </trkpt>
      <trkpt lat="-21.066470064270646" lon="55.38749913481063">
        <ele>2050</ele>
      </trkpt>
      <trkpt lat="-21.06642060600633" lon="55.38746949040626">
        <ele>2050</ele>
      </trkpt>
      <trkpt lat="-21.066440724624304" lon="55.38736977740972">
        <ele>2052</ele>
      </trkpt>
      <trkpt lat="-21.06641054669632" lon="55.387329353221936">
        <ele>2052</ele>
      </trkpt>
      <trkpt lat="-21.06642060600633" lon="55.387269166097894">
        <ele>2052</ele>
      </trkpt>
      <trkpt lat="-21.066360250136093" lon="55.387209877289145">
        <ele>2052</ele>
      </trkpt>
      <trkpt lat="-21.06632001287564" lon="55.38719999582103">
        <ele>2052</ele>
      </trkpt>
      <trkpt lat="-21.066290673199717" lon="55.38711914744545">
        <ele>2053</ele>
      </trkpt>
      <trkpt lat="-21.066310791835257" lon="55.387039197385164">
        <ele>2053</ele>
      </trkpt>
      <trkpt lat="-21.066200139306066" lon="55.38691972145238">
        <ele>2059</ele>
      </trkpt>
      <trkpt lat="-21.06600062923483" lon="55.38681911014056">
        <ele>2062</ele>
      </trkpt>
      <trkpt lat="-21.06600062923483" lon="55.386669989803394">
        <ele>2065</ele>
      </trkpt>
      <trkpt lat="-21.065970451217563" lon="55.38660980267936">
        <ele>2065</ele>
      </trkpt>
      <trkpt lat="-21.065860636714152" lon="55.386519971150946">
        <ele>2064</ele>
      </trkpt>
      <trkpt lat="-21.065790221264734" lon="55.38645978402691">
        <ele>2063</ele>
      </trkpt>
      <trkpt lat="-21.065710584704377" lon="55.38637983396662">
        <ele>2063</ele>
      </trkpt>
      <trkpt lat="-21.06568040662826" lon="55.38631964684259">
        <ele>2064</ele>
      </trkpt>
      <trkpt lat="-21.065660287907463" lon="55.38622981531418">
        <ele>2064</ele>
      </trkpt>
      <trkpt lat="-21.065620050457664" lon="55.386189391126386">
        <ele>2064</ele>
      </trkpt>
      <trkpt lat="-21.065560532543245" lon="55.38614986525389">
        <ele>2065</ele>
      </trkpt>
      <trkpt lat="-21.065390361473426" lon="55.38619927259451">
        <ele>2064</ele>
      </trkpt>
      <trkpt lat="-21.06536018333235" lon="55.38619927259451">
        <ele>2064</ele>
      </trkpt>
      <trkpt lat="-21.06535012395063" lon="55.38617950965826">
        <ele>2064</ele>
      </trkpt>
      <trkpt lat="-21.065410480230735" lon="55.3859396594774">
        <ele>2065</ele>
      </trkpt>
      <trkpt lat="-21.065340064568222" lon="55.38581928522933">
        <ele>2064</ele>
      </trkpt>
      <trkpt lat="-21.065320784083386" lon="55.38575999642058">
        <ele>2063</ele>
      </trkpt>
      <trkpt lat="-21.065240308989267" lon="55.385689927828416">
        <ele>2059</ele>
      </trkpt>
      <trkpt lat="-21.065160672134517" lon="55.385689927828416">
        <ele>2048</ele>
      </trkpt>
      <trkpt lat="-21.065060078151784" lon="55.38564950364063">
        <ele>2046</ele>
      </trkpt>
      <trkpt lat="-21.064820328885347" lon="55.38561985923626">
        <ele>2045</ele>
      </trkpt>
      <trkpt lat="-21.064750751228686" lon="55.38562974070438">
        <ele>2045</ele>
      </trkpt>
      <trkpt lat="-21.06469039468089" lon="55.38572945370092">
        <ele>2045</ele>
      </trkpt>
      <trkpt lat="-21.064630038108604" lon="55.38573933516904">
        <ele>2045</ele>
      </trkpt>
      <trkpt lat="-21.064570519798053" lon="55.38565938510876">
        <ele>2045</ele>
      </trkpt>
      <trkpt lat="-21.0644405853754" lon="55.38555967211222">
        <ele>2044</ele>
      </trkpt>
      <trkpt lat="-21.064300591386584" lon="55.38531982193136">
        <ele>2043</ele>
      </trkpt>
      <trkpt lat="-21.064290531933207" lon="55.38530994046324">
        <ele>2042</ele>
      </trkpt>
      <trkpt lat="-21.064160597265992" lon="55.385199447683284">
        <ele>2040</ele>
      </trkpt>
      <trkpt lat="-21.063957731300597" lon="55.38516890496362">
        <ele>1940</ele>
      </trkpt>
      <trkpt lat="-21.06402730932816" lon="55.385120395938294">
        <ele>2040</ele>
      </trkpt>
      <trkpt lat="-21.063945995244556" lon="55.38503325935573">
        <ele>2048</ele>
      </trkpt>
      <trkpt lat="-21.06401138183075" lon="55.38499822505965">
        <ele>1956</ele>
      </trkpt>
      <trkpt lat="-21.064010543541368" lon="55.38479969738186">
        <ele>2048</ele>
      </trkpt>
      <trkpt lat="-21.064040721956253" lon="55.384739510257816">
        <ele>2048</ele>
      </trkpt>
      <trkpt lat="-21.064050781426506" lon="55.38466944166566">
        <ele>2047</ele>
      </trkpt>
      <trkpt lat="-21.064040721956253" lon="55.384499660076955">
        <ele>2046</ele>
      </trkpt>
      <trkpt lat="-21.064000484068377" lon="55.38435952289264">
        <ele>2046</ele>
      </trkpt>
      <trkpt lat="-21.063960246169636" lon="55.384299335768596">
        <ele>2046</ele>
      </trkpt>
      <trkpt lat="-21.06395018669325" lon="55.38420950424019">
        <ele>2045</ele>
      </trkpt>
      <trkpt lat="-21.06393006773843" lon="55.38414931711615">
        <ele>2045</ele>
      </trkpt>
      <trkpt lat="-21.06387054914784" lon="55.38407924852399">
        <ele>2045</ele>
      </trkpt>
      <trkpt lat="-21.063610678966292" lon="55.38372980387847">
        <ele>2044</ele>
      </trkpt>
      <trkpt lat="-21.063580500464184" lon="55.3836094296304">
        <ele>2044</ele>
      </trkpt>
      <trkpt lat="-21.063610678966292" lon="55.38361931109852">
        <ele>2044</ele>
      </trkpt>
      <trkpt lat="-21.063660138164856" lon="55.38369926115881">
        <ele>2044</ele>
      </trkpt>
      <trkpt lat="-21.063680257156175" lon="55.383649853818184">
        <ele>2044</ele>
      </trkpt>
      <trkpt lat="-21.063660138164856" lon="55.38357978522602">
        <ele>2044</ele>
      </trkpt>
      <trkpt lat="-21.063620738465637" lon="55.383549242506355">
        <ele>2043</ele>
      </trkpt>
      <trkpt lat="-21.06353020294705" lon="55.38352947957011">
        <ele>2043</ele>
      </trkpt>
      <trkpt lat="-21.06348828833644" lon="55.38343425814999">
        <ele>2043</ele>
      </trkpt>
      <trkpt lat="-21.06343044615442" lon="55.383319273793624">
        <ele>2042</ele>
      </trkpt>
      <trkpt lat="-21.063438829080756" lon="55.383253696777885">
        <ele>2042</ele>
      </trkpt>
      <trkpt lat="-21.06356038145937" lon="55.38340910532204">
        <ele>2042</ele>
      </trkpt>
      <trkpt lat="-21.06359055996555" lon="55.38338934238579">
        <ele>2042</ele>
      </trkpt>
      <trkpt lat="-21.063550321955926" lon="55.38332915526175">
        <ele>2041</ele>
      </trkpt>
      <trkpt lat="-21.06352014344158" lon="55.383239323733335">
        <ele>2041</ele>
      </trkpt>
      <trkpt lat="-21.06354026245183" lon="55.38319979786083">
        <ele>2041</ele>
      </trkpt>
      <trkpt lat="-21.063550321955926" lon="55.38314949220492">
        <ele>2041</ele>
      </trkpt>
      <trkpt lat="-21.063510083935423" lon="55.383099186549025">
        <ele>2041</ele>
      </trkpt>
      <trkpt lat="-21.063380148586553" lon="55.38295994767998">
        <ele>2041</ele>
      </trkpt>
      <trkpt lat="-21.063220034548966" lon="55.38286921783627">
        <ele>2041</ele>
      </trkpt>
      <trkpt lat="-21.063210813316413" lon="55.38278926777599">
        <ele>2029</ele>
      </trkpt>
      <trkpt lat="-21.063000401400334" lon="55.3827093177157">
        <ele>2020</ele>
      </trkpt>
      <trkpt lat="-21.062880525155713" lon="55.38268955477946">
        <ele>2019</ele>
      </trkpt>
      <trkpt lat="-21.062740529698797" lon="55.38260960471917">
        <ele>2018</ele>
      </trkpt>
      <trkpt lat="-21.062490717119093" lon="55.382589841782924">
        <ele>2017</ele>
      </trkpt>
      <trkpt lat="-21.062350721295367" lon="55.38260960471917">
        <ele>2016</ele>
      </trkpt>
      <trkpt lat="-21.06230126166149" lon="55.382438026499905">
        <ele>2016</ele>
      </trkpt>
      <trkpt lat="-21.0621604273597" lon="55.38228980447802">
        <ele>2016</ele>
      </trkpt>
      <trkpt lat="-21.062010371617635" lon="55.38220985441774">
        <ele>2016</ele>
      </trkpt>
      <trkpt lat="-21.061810017625536" lon="55.382339211818646">
        <ele>2015</ele>
      </trkpt>
      <trkpt lat="-21.061410147135973" lon="55.38226914322649">
        <ele>2015</ele>
      </trkpt>
      <trkpt lat="-21.061179613346464" lon="55.38213709087972">
        <ele>2014</ele>
      </trkpt>
      <trkpt lat="-21.060970875170735" lon="55.3820930734308">
        <ele>2020</ele>
      </trkpt>
      <trkpt lat="-21.06089710417917" lon="55.38216314202296">
        <ele>2018</ele>
      </trkpt>
      <trkpt lat="-21.060690042223296" lon="55.382099361637785">
        <ele>2013</ele>
      </trkpt>
      <trkpt lat="-21.06052070389135" lon="55.382029293045626">
        <ele>2010</ele>
      </trkpt>
      <trkpt lat="-21.060265019411105" lon="55.3820760054404">
        <ele>2008</ele>
      </trkpt>
      <trkpt lat="-21.060070531249956" lon="55.381949342985344">
        <ele>2007</ele>
      </trkpt>
      <trkpt lat="-21.060070531249956" lon="55.381949342985344">
        <ele>2007</ele>
      </trkpt>
      <trkpt lat="-21.059797241421503" lon="55.381837951890105">
        <ele>2006</ele>
      </trkpt>
      <trkpt lat="-21.05941077856807" lon="55.381659187148564">
        <ele>2006</ele>
      </trkpt>
      <trkpt lat="-21.059080481971577" lon="55.38162954274419">
        <ele>2008</ele>
      </trkpt>
      <trkpt lat="-21.058850782891025" lon="55.38153971121578">
        <ele>2008</ele>
      </trkpt>
      <trkpt lat="-21.058690663979156" lon="55.38163942421232">
        <ele>2008</ele>
      </trkpt>
      <trkpt lat="-21.05841066504906" lon="55.38169961133635">
        <ele>2008</ele>
      </trkpt>
      <trkpt lat="-21.057940366259263" lon="55.381659187148564">
        <ele>2008</ele>
      </trkpt>
      <trkpt lat="-21.057860725497076" lon="55.38167984840011">
        <ele>2010</ele>
      </trkpt>
      <trkpt lat="-21.057860725497076" lon="55.38167984840011">
        <ele>2011</ele>
      </trkpt>
      <trkpt lat="-21.057390424969253" lon="55.38195922445347">
        <ele>2014</ele>
      </trkpt>
      <trkpt lat="-21.05726048427616" lon="55.382079598701544">
        <ele>2013</ele>
      </trkpt>
      <trkpt lat="-21.0572001246898" lon="55.382099361637785">
        <ele>2013</ele>
      </trkpt>
      <trkpt lat="-21.05708024377208" lon="55.38200953010937">
        <ele>2012</ele>
      </trkpt>
      <trkpt lat="-21.056986350957903" lon="55.381965512660464">
        <ele>2012</ele>
      </trkpt>
      <trkpt lat="-21.056890781425498" lon="55.381969105921584">
        <ele>2012</ele>
      </trkpt>
      <trkpt lat="-21.05678012189023" lon="55.381949342985344">
        <ele>2011</ele>
      </trkpt>
      <trkpt lat="-21.056600719135503" lon="55.38205983576529">
        <ele>2010</ele>
      </trkpt>
      <trkpt lat="-21.05653029930352" lon="55.38208948016966">
        <ele>2010</ele>
      </trkpt>
      <trkpt lat="-21.056308979614627" lon="55.38185771482636">
        <ele>2008</ele>
      </trkpt>
      <trkpt lat="-21.056288021293703" lon="55.381761595090964">
        <ele>2006</ele>
      </trkpt>
      <trkpt lat="-21.05609017459866" lon="55.38167984840011">
        <ele>2005</ele>
      </trkpt>
      <trkpt lat="-21.056100234606465" lon="55.38167984840011">
        <ele>2005</ele>
      </trkpt>
      <trkpt lat="-21.056060832905395" lon="55.381529829747656">
        <ele>1998</ele>
      </trkpt>
      <trkpt lat="-21.055960232770275" lon="55.38146964262362">
        <ele>1998</ele>
      </trkpt>
      <trkpt lat="-21.055830290828418" lon="55.38146964262362">
        <ele>1994</ele>
      </trkpt>
      <trkpt lat="-21.055630766851696" lon="55.38159989833982">
        <ele>1994</ele>
      </trkpt>
      <trkpt lat="-21.055380103997614" lon="55.381689729868235">
        <ele>1976</ele>
      </trkpt>
      <trkpt lat="-21.055220819690383" lon="55.38164930568045">
        <ele>1976</ele>
      </trkpt>
      <trkpt lat="-21.055130279060805" lon="55.38167984840011">
        <ele>1976</ele>
      </trkpt>
      <trkpt lat="-21.05478907452666" lon="55.381563965728446">
        <ele>1974</ele>
      </trkpt>
      <trkpt lat="-21.05466499995667" lon="55.381657390518015">
        <ele>1964</ele>
      </trkpt>
      <trkpt lat="-21.054350621360186" lon="55.381589118556406">
        <ele>1962</ele>
      </trkpt>
      <trkpt lat="-21.05420055774267" lon="55.381529829747656">
        <ele>1960</ele>
      </trkpt>
      <trkpt lat="-21.054040433827513" lon="55.381449879687366">
        <ele>1960</ele>
      </trkpt>
      <trkpt lat="-21.053920550364662" lon="55.38143999821925">
        <ele>1957</ele>
      </trkpt>
      <trkpt lat="-21.053800666805234" lon="55.3814597611555">
        <ele>1957</ele>
      </trkpt>
      <trkpt lat="-21.053600301759612" lon="55.381449879687366">
        <ele>1944</ele>
      </trkpt>
      <trkpt lat="-21.053380654412248" lon="55.381449879687366">
        <ele>1948</ele>
      </trkpt>
      <trkpt lat="-21.053070464858173" lon="55.381489405559876">
        <ele>1940</ele>
      </trkpt>
      <trkpt lat="-21.052850816728945" lon="55.38131962397117">
        <ele>1939</ele>
      </trkpt>
      <trkpt lat="-21.05265045040472" lon="55.381219910974636">
        <ele>1956</ele>
      </trkpt>
      <trkpt lat="-21.05255068631843" lon="55.3811597238506">
        <ele>1939</ele>
      </trkpt>
      <trkpt lat="-21.052310078541126" lon="55.38116960531872">
        <ele>1939</ele>
      </trkpt>
      <trkpt lat="-21.052220374496752" lon="55.381139960914346">
        <ele>1924</ele>
      </trkpt>
      <trkpt lat="-21.05196048396954" lon="55.38108965525844">
        <ele>1916</ele>
      </trkpt>
      <trkpt lat="-21.05184059883149" lon="55.38104923107065">
        <ele>1916</ele>
      </trkpt>
      <trkpt lat="-21.05173077389999" lon="55.38108965525844">
        <ele>1907</ele>
      </trkpt>
      <trkpt lat="-21.051580707641218" lon="55.381099536726566">
        <ele>1921</ele>
      </trkpt>
      <trkpt lat="-21.051520345751452" lon="55.38108965525844">
        <ele>1907</ele>
      </trkpt>
      <trkpt lat="-21.0514608221973" lon="55.38101958666628">
        <ele>1899</ele>
      </trkpt>
      <trkpt lat="-21.051138053214544" lon="55.380804889313374">
        <ele>1913</ele>
      </trkpt>
      <trkpt lat="-21.051120447613545" lon="55.38088933095009">
        <ele>1926</ele>
      </trkpt>
      <trkpt lat="-21.050970380739514" lon="55.38108965525844">
        <ele>1915</ele>
      </trkpt>
      <trkpt lat="-21.050870615527245" lon="55.38110941819469">
        <ele>1917</ele>
      </trkpt>
      <trkpt lat="-21.050670246537607" lon="55.38110941819469">
        <ele>1917</ele>
      </trkpt>
      <trkpt lat="-21.050530239593993" lon="55.38104923107065">
        <ele>1932</ele>
      </trkpt>
      <trkpt lat="-21.050440534477083" lon="55.381059112538786">
        <ele>1932</ele>
      </trkpt>
      <trkpt lat="-21.05022004410018" lon="55.38104923107065">
        <ele>1905</ele>
      </trkpt>
      <trkpt lat="-21.050110217973124" lon="55.38094951807412">
        <ele>1930</ele>
      </trkpt>
      <trkpt lat="-21.049680134726167" lon="55.38092975513787">
        <ele>1893</ele>
      </trkpt>
      <trkpt lat="-21.049610549990483" lon="55.38081926235792">
        <ele>1893</ele>
      </trkpt>
      <trkpt lat="-21.049440360680652" lon="55.38079949942167">
        <ele>1908</ele>
      </trkpt>
      <trkpt lat="-21.0493305339784" lon="55.38064948076922">
        <ele>1903</ele>
      </trkpt>
      <trkpt lat="-21.049320473513067" lon="55.380499462116774">
        <ele>1907</ele>
      </trkpt>
      <trkpt lat="-21.04924082813858" lon="55.38032968052807">
        <ele>1907</ele>
      </trkpt>
      <trkpt lat="-21.049140223394115" lon="55.38023984899966">
        <ele>1907</ele>
      </trkpt>
      <trkpt lat="-21.04902033598485" lon="55.37999999881881">
        <ele>1910</ele>
      </trkpt>
      <trkpt lat="-21.048930629958118" lon="55.37989938750698">
        <ele>1913</ele>
      </trkpt>
      <trkpt lat="-21.0488400855025" lon="55.37965953732612">
        <ele>1902</ele>
      </trkpt>
      <trkpt lat="-21.048740318862645" lon="55.37949963720555">
        <ele>1914</ele>
      </trkpt>
      <trkpt lat="-21.04854078538236" lon="55.3793496185531">
        <ele>1895</ele>
      </trkpt>
      <trkpt lat="-21.04832029219187" lon="55.37911964984037">
        <ele>1892</ele>
      </trkpt>
      <trkpt lat="-21.048250706820625" lon="55.37895974971979">
        <ele>1885</ele>
      </trkpt>
      <trkpt lat="-21.048160161951508" lon="55.378719899538936">
        <ele>1881</ele>
      </trkpt>
      <trkpt lat="-21.04789020377416" lon="55.378459388106535">
        <ele>1875</ele>
      </trkpt>
      <trkpt lat="-21.04784073933456" lon="55.378379438046245">
        <ele>1875</ele>
      </trkpt>
      <trkpt lat="-21.047740133644027" lon="55.378279725049715">
        <ele>1875</ele>
      </trkpt>
      <trkpt lat="-21.047670548001634" lon="55.37824918233006">
        <ele>1875</ele>
      </trkpt>
      <trkpt lat="-21.047550659408916" lon="55.37825996211347">
        <ele>1874</ele>
      </trkpt>
      <trkpt lat="-21.047370407147294" lon="55.378199774989426">
        <ele>1864</ele>
      </trkpt>
      <trkpt lat="-21.047230397100474" lon="55.3780093321492">
        <ele>1858</ele>
      </trkpt>
      <trkpt lat="-21.047080326305313" lon="55.37793926355704">
        <ele>1851</ele>
      </trkpt>
      <trkpt lat="-21.046860669337978" lon="55.37776948196833">
        <ele>1850</ele>
      </trkpt>
      <trkpt lat="-21.04672065881184" lon="55.37769941337618">
        <ele>1849</ele>
      </trkpt>
      <trkpt lat="-21.04665023430581" lon="55.37758981891151">
        <ele>1849</ele>
      </trkpt>
      <trkpt lat="-21.04632074778158" lon="55.37721971301446">
        <ele>1845</ele>
      </trkpt>
      <trkpt lat="-21.046180736747743" lon="55.37716940735854">
        <ele>1836</ele>
      </trkpt>
      <trkpt lat="-21.046020604206337" lon="55.37714964442229">
        <ele>1836</ele>
      </trkpt>
      <trkpt lat="-21.045930057981057" lon="55.37699962576984">
        <ele>1839</ele>
      </trkpt>
      <trkpt lat="-21.045820228689465" lon="55.37687925152178">
        <ele>1829</ele>
      </trkpt>
      <trkpt lat="-21.045740581442594" lon="55.37687925152178">
        <ele>1829</ele>
      </trkpt>
      <trkpt lat="-21.045540205548903" lon="55.37685948858552">
        <ele>1820</ele>
      </trkpt>
      <trkpt lat="-21.045310485573317" lon="55.37684960711739">
        <ele>1818</ele>
      </trkpt>
      <trkpt lat="-21.04511933145489" lon="55.37693225212354">
        <ele>1808</ele>
      </trkpt>
      <trkpt lat="-21.04492063151906" lon="55.37701938870609">
        <ele>1807</ele>
      </trkpt>
      <trkpt lat="-21.044610424338092" lon="55.376929557177675">
        <ele>1798</ele>
      </trkpt>
      <trkpt lat="-21.044430168517184" lon="55.376869370053655">
        <ele>1796</ele>
      </trkpt>
      <trkpt lat="-21.044187032413113" lon="55.3768271492353">
        <ele>1798</ele>
      </trkpt>
      <trkpt lat="-21.043910359811793" lon="55.37677953852524">
        <ele>1798</ele>
      </trkpt>
      <trkpt lat="-21.043780407351935" lon="55.3767696570571">
        <ele>1798</ele>
      </trkpt>
      <trkpt lat="-21.04365045477869" lon="55.376749894120856">
        <ele>1793</ele>
      </trkpt>
      <trkpt lat="-21.043540623805768" lon="55.37677953852524">
        <ele>1793</ele>
      </trkpt>
      <trkpt lat="-21.043500380375576" lon="55.376869370053655">
        <ele>1793</ele>
      </trkpt>
      <trkpt lat="-21.043410671023288" lon="55.376929557177675">
        <ele>1796</ele>
      </trkpt>
      <trkpt lat="-21.043220352872666" lon="55.37683972564926">
        <ele>1800</ele>
      </trkpt>
      <trkpt lat="-21.04309039981069" lon="55.37683972564926">
        <ele>1790</ele>
      </trkpt>
      <trkpt lat="-21.042970507530377" lon="55.37690979424144">
        <ele>1795</ele>
      </trkpt>
      <trkpt lat="-21.042800310631012" lon="55.37703915164235">
        <ele>1785</ele>
      </trkpt>
      <trkpt lat="-21.04263011353716" lon="55.37708945729826">
        <ele>1785</ele>
      </trkpt>
      <trkpt lat="-21.04250015996015" lon="55.37715952589043">
        <ele>1779</ele>
      </trkpt>
      <trkpt lat="-21.04235008439788" lon="55.37714964442229">
        <ele>1766</ele>
      </trkpt>
      <trkpt lat="-21.042190786149558" lon="55.37716940735854">
        <ele>1781</ele>
      </trkpt>
      <trkpt lat="-21.042020588359133" lon="55.37729966307474">
        <ele>1774</ele>
      </trkpt>
      <trkpt lat="-21.04190069521758" lon="55.37730954454286">
        <ele>1781</ele>
      </trkpt>
      <trkpt lat="-21.041790024539726" lon="55.37730954454286">
        <ele>1783</ele>
      </trkpt>
      <trkpt lat="-21.041730497095656" lon="55.37738949460316">
        <ele>1783</ele>
      </trkpt>
      <trkpt lat="-21.041630725692375" lon="55.37759970037963">
        <ele>1781</ele>
      </trkpt>
      <trkpt lat="-21.04153011580627" lon="55.377649107720266">
        <ele>1781</ele>
      </trkpt>
      <trkpt lat="-21.041380039266503" lon="55.377749719032096">
        <ele>1759</ele>
      </trkpt>
      <trkpt lat="-21.04124002358747" lon="55.37776948196833">
        <ele>1759</ele>
      </trkpt>
      <trkpt lat="-21.04113019083695" lon="55.37787997474828">
        <ele>1757</ele>
      </trkpt>
      <trkpt lat="-21.041050541081702" lon="55.37789973768453">
        <ele>1757</ele>
      </trkpt>
      <trkpt lat="-21.040920586126443" lon="55.37791950062078">
        <ele>1757</ele>
      </trkpt>
      <trkpt lat="-21.040830036800255" lon="55.377969806276695">
        <ele>1753</ele>
      </trkpt>
      <trkpt lat="-21.040580187448068" lon="55.377999450681074">
        <ele>1748</ele>
      </trkpt>
      <trkpt lat="-21.040500537398714" lon="55.37804975633698">
        <ele>1743</ele>
      </trkpt>
      <trkpt lat="-21.040380643033558" lon="55.37813958786539">
        <ele>1742</ele>
      </trkpt>
      <trkpt lat="-21.040260748571885" lon="55.37817911373789">
        <ele>1742</ele>
      </trkpt>
      <trkpt lat="-21.0401802599281" lon="55.3781898935213">
        <ele>1742</ele>
      </trkpt>
      <trkpt lat="-21.04003018202821" lon="55.37824918233006">
        <ele>1736</ele>
      </trkpt>
      <trkpt lat="-21.039980714977812" lon="55.378239300861935">
        <ele>1736</ele>
      </trkpt>
      <trkpt lat="-21.039910287284457" lon="55.378269843581585">
        <ele>1736</ele>
      </trkpt>
      <trkpt lat="-21.039810514661887" lon="55.37832913239035">
        <ele>1736</ele>
      </trkpt>
      <trkpt lat="-21.039520419093904" lon="55.37852945669871">
        <ele>1742</ele>
      </trkpt>
      <trkpt lat="-21.03936027939096" lon="55.378679475351156">
        <ele>1739</ele>
      </trkpt>
      <trkpt lat="-21.039280628689244" lon="55.378739662475176">
        <ele>1749</ele>
      </trkpt>
      <trkpt lat="-21.03911042757337" lon="55.378769306879555">
        <ele>1749</ele>
      </trkpt>
      <trkpt lat="-21.03905006062842" lon="55.378819612535466">
        <ele>1723</ele>
      </trkpt>
      <trkpt lat="-21.038990532089283" lon="55.378889681127625">
        <ele>1754</ele>
      </trkpt>
      <trkpt lat="-21.03888069768" lon="55.378989394124176">
        <ele>1754</ele>
      </trkpt>
      <trkpt lat="-21.03885051416404" lon="55.378999275592285">
        <ele>1754</ele>
      </trkpt>
      <trkpt lat="-21.03867025137188" lon="55.37892920700013">
        <ele>1754</ele>
      </trkpt>
      <trkpt lat="-21.03864006781326" lon="55.378999275592285">
        <ele>1760</ele>
      </trkpt>
      <trkpt lat="-21.03867025137188" lon="55.37906934418445">
        <ele>1760</ele>
      </trkpt>
      <trkpt lat="-21.038600661491408" lon="55.37910976837224">
        <ele>1755</ele>
      </trkpt>
      <trkpt lat="-21.03858053911029" lon="55.37914929424475">
        <ele>1752</ele>
      </trkpt>
      <trkpt lat="-21.038520171950573" lon="55.379199599900645">
        <ele>1755</ele>
      </trkpt>
      <trkpt lat="-21.0384707043987" lon="55.3792193628369">
        <ele>1755</ele>
      </trkpt>
      <trkpt lat="-21.0384002759914" lon="55.379299312897196">
        <ele>1755</ele>
      </trkpt>
      <trkpt lat="-21.038270318723875" lon="55.37948975573742">
        <ele>1751</ele>
      </trkpt>
      <trkpt lat="-21.038210789873133" lon="55.37954994286145">
        <ele>1751</ele>
      </trkpt>
      <trkpt lat="-21.03802046507808" lon="55.37968918173049">
        <ele>1750</ele>
      </trkpt>
      <trkpt lat="-21.0379600976914" lon="55.37970984298203">
        <ele>1747</ele>
      </trkpt>
      <trkpt lat="-21.037910629953526" lon="55.37973948738641">
        <ele>1747</ele>
      </trkpt>
      <trkpt lat="-21.037750488519965" lon="55.37992993022664">
        <ele>1750</ele>
      </trkpt>
      <trkpt lat="-21.037690121023886" lon="55.38001976175505">
        <ele>1749</ele>
      </trkpt>
      <trkpt lat="-21.037600408172025" lon="55.38012935621971">
        <ele>1749</ele>
      </trkpt>
      <trkpt lat="-21.037530817791772" lon="55.38019942481187">
        <ele>1751</ele>
      </trkpt>
      <trkpt lat="-21.037440266404957" lon="55.38026949340405">
        <ele>1743</ele>
      </trkpt>
      <trkpt lat="-21.03716022750852" lon="55.38054976777268">
        <ele>1752</ele>
      </trkpt>
      <trkpt lat="-21.037050391749716" lon="55.38064948076922">
        <ele>1752</ele>
      </trkpt>
      <trkpt lat="-21.0369506172116" lon="55.38077973648542">
        <ele>1752</ele>
      </trkpt>
      <trkpt lat="-21.036920433304545" lon="55.38087944948195">
        <ele>1754</ele>
      </trkpt>
      <trkpt lat="-21.03690031069645" lon="55.380989942261905">
        <ele>1754</ele>
      </trkpt>
      <trkpt lat="-21.036860065472105" lon="55.38108965525844">
        <ele>1753</ele>
      </trkpt>
      <trkpt lat="-21.036860065472105" lon="55.38118936825497">
        <ele>1753</ele>
      </trkpt>
      <trkpt lat="-21.03684078129826" lon="55.381489405559876">
        <ele>1755</ele>
      </trkpt>
      <trkpt lat="-21.036780413433526" lon="55.381609779807945">
        <ele>1757</ele>
      </trkpt>
      <trkpt lat="-21.036710822670244" lon="55.381689729868235">
        <ele>1757</ele>
      </trkpt>
      <trkpt lat="-21.03666051607412" lon="55.381769679928524">
        <ele>1755</ele>
      </trkpt>
      <trkpt lat="-21.03654061861821" lon="55.38190981711284">
        <ele>1741</ele>
      </trkpt>
      <trkpt lat="-21.03649031196462" lon="55.381929580049096">
        <ele>1756</ele>
      </trkpt>
      <trkpt lat="-21.036400598390223" lon="55.38193946151721">
        <ele>1751</ele>
      </trkpt>
      <trkpt lat="-21.036280700725115" lon="55.382029293045626">
        <ele>1756</ele>
      </trkpt>
      <trkpt lat="-21.036230393983747" lon="55.382109243105916">
        <ele>1748</ele>
      </trkpt>
      <trkpt lat="-21.036210271282453" lon="55.382179311698074">
        <ele>1758</ele>
      </trkpt>
      <trkpt lat="-21.036170025871684" lon="55.382259261758364">
        <ele>1766</ele>
      </trkpt>
      <trkpt lat="-21.035950352813007" lon="55.382279923009904">
        <ele>1761</ele>
      </trkpt>
      <trkpt lat="-21.0357508021965" lon="55.38226914322649">
        <ele>1765</ele>
      </trkpt>
      <trkpt lat="-21.035680372503336" lon="55.38224938029023">
        <ele>1765</ele>
      </trkpt>
      <trkpt lat="-21.035520228672326" lon="55.382109243105916">
        <ele>1769</ele>
      </trkpt>
      <trkpt lat="-21.03533073889076" lon="55.382109243105916">
        <ele>1766</ele>
      </trkpt>
      <trkpt lat="-21.03525024758319" lon="55.3821496672937">
        <ele>1776</ele>
      </trkpt>
      <trkpt lat="-21.03520077894552" lon="55.3821891931662">
        <ele>1776</ele>
      </trkpt>
      <trkpt lat="-21.035050696028957" lon="55.38236975453831">
        <ele>1760</ele>
      </trkpt>
      <trkpt lat="-21.034930797277493" lon="55.38244970459859">
        <ele>1769</ele>
      </trkpt>
      <trkpt lat="-21.034710283937237" lon="55.382649130591666">
        <ele>1755</ele>
      </trkpt>
      <trkpt lat="-21.034660815120258" lon="55.38275962337161">
        <ele>1754</ele>
      </trkpt>
      <trkpt lat="-21.034640692206956" lon="55.38288987908781">
        <ele>1754</ele>
      </trkpt>
      <trkpt lat="-21.03462056929094" lon="55.38308930508089">
        <ele>1731</ele>
      </trkpt>
      <trkpt lat="-21.034570261989" lon="55.38322944226521">
        <ele>1714</ele>
      </trkpt>
      <trkpt lat="-21.034520793125544" lon="55.383289629389246">
        <ele>1714</ele>
      </trkpt>
      <trkpt lat="-21.034400055491524" lon="55.383289629389246">
        <ele>1743</ele>
      </trkpt>
      <trkpt lat="-21.034250810225352" lon="55.383319273793624">
        <ele>1746</ele>
      </trkpt>
      <trkpt lat="-21.03417031833434" lon="55.38337946091766">
        <ele>1746</ele>
      </trkpt>
      <trkpt lat="-21.03398082683594" lon="55.38349983516573">
        <ele>1755</ele>
      </trkpt>
      <trkpt lat="-21.03367059687139" lon="55.38358966669415">
        <ele>1756</ele>
      </trkpt>
      <trkpt lat="-21.03329077390014" lon="55.38381963540688">
        <ele>1759</ele>
      </trkpt>
      <trkpt lat="-21.033270650801796" lon="55.38384927981126">
        <ele>1759</ele>
      </trkpt>
      <trkpt lat="-21.033180096825667" lon="55.38392922987154">
        <ele>1759</ele>
      </trkpt>
      <trkpt lat="-21.033100442819695" lon="55.384019959715246">
        <ele>1759</ele>
      </trkpt>
      <trkpt lat="-21.03306019656892" lon="55.38415919858428">
        <ele>1761</ele>
      </trkpt>
      <trkpt lat="-21.03304007343944" lon="55.38425980989609">
        <ele>1761</ele>
      </trkpt>
      <trkpt lat="-21.033030011873684" lon="55.38435952289264">
        <ele>1754</ele>
      </trkpt>
      <trkpt lat="-21.03297048092907" lon="55.38443947295292">
        <ele>1736</ele>
      </trkpt>
      <trkpt lat="-21.03290004992161" lon="55.3844691173573">
        <ele>1736</ele>
      </trkpt>
      <trkpt lat="-21.032780149439496" lon="55.38443947295292">
        <ele>1749</ele>
      </trkpt>
      <trkpt lat="-21.032730679981697" lon="55.38448977860884">
        <ele>1749</ele>
      </trkpt>
      <trkpt lat="-21.03269043363104" lon="55.38456972866911">
        <ele>1749</ele>
      </trkpt>
      <trkpt lat="-21.03269043363104" lon="55.384639797261286">
        <ele>1719</ele>
      </trkpt>
      <trkpt lat="-21.032560471382794" lon="55.384739510257816">
        <ele>1749</ele>
      </trkpt>
      <trkpt lat="-21.03253028658634" lon="55.38478981591373">
        <ele>1748</ele>
      </trkpt>
      <trkpt lat="-21.03239026258946" lon="55.38482934178623">
        <ele>1748</ele>
      </trkpt>
      <trkpt lat="-21.03224017684191" lon="55.384949716034306">
        <ele>1749</ele>
      </trkpt>
      <trkpt lat="-21.03216052233348" lon="55.3849892419068">
        <ele>1749</ele>
      </trkpt>
      <trkpt lat="-21.032120275828824" lon="55.385019784626465">
        <ele>1749</ele>
      </trkpt>
      <trkpt lat="-21.031880473513215" lon="55.38533958486761">
        <ele>1743</ele>
      </trkpt>
      <trkpt lat="-21.0317303872522" lon="55.38542941639602">
        <ele>1735</ele>
      </trkpt>
      <trkpt lat="-21.0317002022876" lon="55.38557943504847">
        <ele>1732</ele>
      </trkpt>
      <trkpt lat="-21.03151070764788" lon="55.385909116757745">
        <ele>1732</ele>
      </trkpt>
      <trkpt lat="-21.03145033762356" lon="55.38602949100581">
        <ele>1738</ele>
      </trkpt>
      <trkpt lat="-21.031390806047835" lon="55.3860699151936">
        <ele>1738</ele>
      </trkpt>
      <trkpt lat="-21.031330435974933" lon="55.38616962819014">
        <ele>1730</ele>
      </trkpt>
      <trkpt lat="-21.031220595918448" lon="55.38628910412292">
        <ele>1738</ele>
      </trkpt>
      <trkpt lat="-21.031140102390548" lon="55.38632952831071">
        <ele>1728</ele>
      </trkpt>
      <trkpt lat="-21.03100007708733" lon="55.38635917271508">
        <ele>1728</ele>
      </trkpt>
      <trkpt lat="-21.030890236787332" lon="55.386409478371">
        <ele>1723</ele>
      </trkpt>
      <trkpt lat="-21.03072002608621" lon="55.386389715434746">
        <ele>1723</ele>
      </trkpt>
      <trkpt lat="-21.03062024730895" lon="55.3863699524985">
        <ele>1723</ele>
      </trkpt>
      <trkpt lat="-21.030540591934606" lon="55.38632952831071">
        <ele>1716</ele>
      </trkpt>
      <trkpt lat="-21.030490283255194" lon="55.386339409778834">
        <ele>1716</ele>
      </trkpt>
      <trkpt lat="-21.03039050432411" lon="55.3863699524985">
        <ele>1720</ele>
      </trkpt>
      <trkpt lat="-21.03035025734139" lon="55.38642924130724">
        <ele>1720</ele>
      </trkpt>
      <trkpt lat="-21.03032007209723" lon="55.38650919136753">
        <ele>1720</ele>
      </trkpt>
      <trkpt lat="-21.030260540069992" lon="55.38648942843128">
        <ele>1720</ele>
      </trkpt>
      <trkpt lat="-21.03021023129604" lon="55.38644990255879">
        <ele>1720</ele>
      </trkpt>
      <trkpt lat="-21.03014063746407" lon="55.386419359839124">
        <ele>1720</ele>
      </trkpt>
      <trkpt lat="-21.03002073476166" lon="55.38631964684259">
        <ele>1708</ele>
      </trkpt>
      <trkpt lat="-21.02990083196279" lon="55.38616962819014">
        <ele>1716</ele>
      </trkpt>
      <trkpt lat="-21.029780090585326" lon="55.38614986525389">
        <ele>1708</ele>
      </trkpt>
      <trkpt lat="-21.029590593504008" lon="55.38617950965826">
        <ele>1716</ele>
      </trkpt>
      <trkpt lat="-21.029500037291566" lon="55.38617950965826">
        <ele>1708</ele>
      </trkpt>
      <trkpt lat="-21.029380134073772" lon="55.38615974672201">
        <ele>1706</ele>
      </trkpt>
      <trkpt lat="-21.029190636483893" lon="55.38608967812985">
        <ele>1716</ele>
      </trkpt>
      <trkpt lat="-21.02908079485025" lon="55.38601960953769">
        <ele>1716</ele>
      </trkpt>
      <trkpt lat="-21.029020423841562" lon="55.38596930388178">
        <ele>1709</ele>
      </trkpt>
      <trkpt lat="-21.028940767612113" lon="55.38598996513332">
        <ele>1712</ele>
      </trkpt>
      <trkpt lat="-21.028880396546697" lon="55.38602949100581">
        <ele>1709</ele>
      </trkpt>
      <trkpt lat="-21.02870012169193" lon="55.38619927259451">
        <ele>1709</ele>
      </trkpt>
      <trkpt lat="-21.028560094096147" lon="55.38631964684259">
        <ele>1703</ele>
      </trkpt>
      <trkpt lat="-21.028410004491096" lon="55.386389715434746">
        <ele>1703</ele>
      </trkpt>
      <trkpt lat="-21.028370595463596" lon="55.38639959690287">
        <ele>1698</ele>
      </trkpt>
      <trkpt lat="-21.02830016228211" lon="55.386389715434746">
        <ele>1698</ele>
      </trkpt>
      <trkpt lat="-21.028070415720677" lon="55.386309765374456">
        <ele>1698</ele>
      </trkpt>
      <trkpt lat="-21.02789013988618" lon="55.38619927259451">
        <ele>1694</ele>
      </trkpt>
      <trkpt lat="-21.027720764252297" lon="55.38612920400235">
        <ele>1694</ele>
      </trkpt>
      <trkpt lat="-21.02758073573638" lon="55.38614986525389">
        <ele>1691</ele>
      </trkpt>
      <trkpt lat="-21.027410521255433" lon="55.38629988390634">
        <ele>1691</ele>
      </trkpt>
      <trkpt lat="-21.02732080221434" lon="55.386389715434746">
        <ele>1690</ele>
      </trkpt>
      <trkpt lat="-21.027300678309864" lon="55.38646966549503">
        <ele>1690</ele>
      </trkpt>
      <trkpt lat="-21.02728055440265" lon="55.38659992121123">
        <ele>1689</ele>
      </trkpt>
      <trkpt lat="-21.02721012070606" lon="55.386649328551854">
        <ele>1689</ele>
      </trkpt>
      <trkpt lat="-21.027100277612792" lon="55.38685953432834">
        <ele>1689</ele>
      </trkpt>
      <trkpt lat="-21.02696024851393" lon="55.386969128793">
        <ele>1685</ele>
      </trkpt>
      <trkpt lat="-21.02679003332438" lon="55.38706974010483">
        <ele>1685</ele>
      </trkpt>
      <trkpt lat="-21.026620656440365" lon="55.387209877289145">
        <ele>1683</ele>
      </trkpt>
      <trkpt lat="-21.026510812912687" lon="55.38727994588131">
        <ele>1686</ele>
      </trkpt>
      <trkpt lat="-21.026390068788885" lon="55.387329353221936">
        <ele>1687</ele>
      </trkpt>
      <trkpt lat="-21.026230753475843" lon="55.38737965887785">
        <ele>1685</ele>
      </trkpt>
      <trkpt lat="-21.026130133190414" lon="55.38737965887785">
        <ele>1685</ele>
      </trkpt>
      <trkpt lat="-21.026010227261562" lon="55.38736977740972">
        <ele>1685</ele>
      </trkpt>
      <trkpt lat="-21.02584001098714" lon="55.38738954034597">
        <ele>1685</ele>
      </trkpt>
      <trkpt lat="-21.02572010482491" lon="55.3876195090587">
        <ele>1683</ele>
      </trkpt>
      <trkpt lat="-21.025690757148134" lon="55.38775964624303">
        <ele>1683</ele>
      </trkpt>
      <trkpt lat="-21.02548029221109" lon="55.38790966489548">
        <ele>1681</ele>
      </trkpt>
      <trkpt lat="-21.025310075331507" lon="55.3880498020798">
        <ele>1678</ele>
      </trkpt>
      <trkpt lat="-21.02525054130312" lon="55.38807944648418">
        <ele>1680</ele>
      </trkpt>
      <trkpt lat="-21.025160820961897" lon="55.38813963360821">
        <ele>1678</ele>
      </trkpt>
      <trkpt lat="-21.02501072793386" lon="55.38816927801258">
        <ele>1679</ele>
      </trkpt>
      <trkpt lat="-21.02495035527663" lon="55.38816927801258">
        <ele>1679</ele>
      </trkpt>
      <trkpt lat="-21.02465016864562" lon="55.3883498393847">
        <ele>1671</ele>
      </trkpt>
      <trkpt lat="-21.0243508199228" lon="55.38856992662931">
        <ele>1665</ele>
      </trkpt>
      <trkpt lat="-21.024230074049342" lon="55.38862921543805">
        <ele>1665</ele>
      </trkpt>
      <trkpt lat="-21.024010383389832" lon="55.38880977681016">
        <ele>1671</ele>
      </trkpt>
      <trkpt lat="-21.023960072506217" lon="55.38886996393419">
        <ele>1677</ele>
      </trkpt>
      <trkpt lat="-21.023910600120765" lon="55.388899608338576">
        <ele>1677</ele>
      </trkpt>
      <trkpt lat="-21.023860289203473" lon="55.38894991399448">
        <ele>1677</ele>
      </trkpt>
      <trkpt lat="-21.023820040457412" lon="55.38899932133512">
        <ele>1677</ele>
      </trkpt>
      <trkpt lat="-21.023680008277076" lon="55.38913945851943">
        <ele>1677</ele>
      </trkpt>
      <trkpt lat="-21.023640597999005" lon="55.38931912157626">
        <ele>1677</ele>
      </trkpt>
      <trkpt lat="-21.023600349193636" lon="55.389389190168416">
        <ele>1677</ele>
      </trkpt>
      <trkpt lat="-21.023520690067624" lon="55.389469140228705">
        <ele>1674</ele>
      </trkpt>
      <trkpt lat="-21.023440192381262" lon="55.38960927741303">
        <ele>1673</ele>
      </trkpt>
      <trkpt lat="-21.023390719823297" lon="55.38971977019298">
        <ele>1669</ele>
      </trkpt>
      <trkpt lat="-21.02330015984413" lon="55.38986978884542">
        <ele>1672</ele>
      </trkpt>
      <trkpt lat="-21.023130778994684" lon="55.389709888724845">
        <ele>1669</ele>
      </trkpt>
      <trkpt lat="-21.023020094375237" lon="55.3895598700724">
        <ele>1672</ele>
      </trkpt>
      <trkpt lat="-21.022900185944778" lon="55.389489801480245">
        <ele>1672</ele>
      </trkpt>
      <trkpt lat="-21.022630181993026" lon="55.38944937729246">
        <ele>1664</ele>
      </trkpt>
      <trkpt lat="-21.02249014869504" lon="55.38941973288807">
        <ele>1647</ele>
      </trkpt>
      <trkpt lat="-21.02233082921403" lon="55.38931912157626">
        <ele>1648</ele>
      </trkpt>
      <trkpt lat="-21.022120359533364" lon="55.38914933998756">
        <ele>1645</ele>
      </trkpt>
      <trkpt lat="-21.021950138817324" lon="55.38886996393419">
        <ele>1642</ele>
      </trkpt>
      <trkpt lat="-21.021830229526305" lon="55.38870916549834">
        <ele>1636</ele>
      </trkpt>
      <trkpt lat="-21.02169019547695" lon="55.38864987668959">
        <ele>1629</ele>
      </trkpt>
      <trkpt lat="-21.02152081279838" lon="55.388609452501804">
        <ele>1629</ele>
      </trkpt>
      <trkpt lat="-21.02144031403219" lon="55.38836960232094">
        <ele>1622</ele>
      </trkpt>
      <trkpt lat="-21.02135059139783" lon="55.38831929666503">
        <ele>1622</ele>
      </trkpt>
      <trkpt lat="-21.021240743986898" lon="55.388299533728784">
        <ele>1622</ele>
      </trkpt>
      <trkpt lat="-21.021110771754955" lon="55.38824922807287">
        <ele>1615</ele>
      </trkpt>
      <trkpt lat="-21.020930487503698" lon="55.388149515076336">
        <ele>1616</ele>
      </trkpt>
      <trkpt lat="-21.020860050806785" lon="55.388099209420425">
        <ele>1614</ele>
      </trkpt>
      <trkpt lat="-21.020580819287993" lon="55.387839596303316">
        <ele>1613</ele>
      </trkpt>
      <trkpt lat="-21.02025043657534" lon="55.38775964624303">
        <ele>1613</ele>
      </trkpt>
      <trkpt lat="-21.020180838093275" lon="55.387709340587115">
        <ele>1606</ele>
      </trkpt>
      <trkpt lat="-21.01997036537758" lon="55.387679696182744">
        <ele>1612</ele>
      </trkpt>
      <trkpt lat="-21.019720481050474" lon="55.38765993324648">
        <ele>1611</ele>
      </trkpt>
      <trkpt lat="-21.019660106250903" lon="55.38766981471462">
        <ele>1611</ele>
      </trkpt>
      <trkpt lat="-21.019510007684946" lon="55.387719222055246">
        <ele>1600</ele>
      </trkpt>
      <trkpt lat="-21.019190523642024" lon="55.387709340587115">
        <ele>1606</ele>
      </trkpt>
      <trkpt lat="-21.018740226072765" lon="55.38749913481063">
        <ele>1602</ele>
      </trkpt>
      <trkpt lat="-21.018460152038383" lon="55.387409303282226">
        <ele>1600</ele>
      </trkpt>
      <trkpt lat="-21.018350302498032" lon="55.38738954034597">
        <ele>1599</ele>
      </trkpt>
      <trkpt lat="-21.01820020261362" lon="55.38727994588131">
        <ele>1599</ele>
      </trkpt>
      <trkpt lat="-21.018040040000475" lon="55.38714969016511">
        <ele>1594</ele>
      </trkpt>
      <trkpt lat="-21.017930190150654" lon="55.387089503041075">
        <ele>1596</ele>
      </trkpt>
      <trkpt lat="-21.017800215032995" lon="55.386969128793">
        <ele>1594</ele>
      </trkpt>
      <trkpt lat="-21.01745053947666" lon="55.38686941579646">
        <ele>1589</ele>
      </trkpt>
      <trkpt lat="-21.017340689192583" lon="55.38674993986368">
        <ele>1589</ele>
      </trkpt>
      <trkpt lat="-21.01722077619469" lon="55.38663944708373">
        <ele>1589</ele>
      </trkpt>
      <trkpt lat="-21.017020361948013" lon="55.38656937849157">
        <ele>1581</ele>
      </trkpt>
      <trkpt lat="-21.016950761958327" lon="55.38649930989941">
        <ele>1578</ele>
      </trkpt>
      <trkpt lat="-21.01690044869255" lon="55.386389715434746">
        <ele>1578</ele>
      </trkpt>
      <trkpt lat="-21.016840072751208" lon="55.38629988390634">
        <ele>1575</ele>
      </trkpt>
      <trkpt lat="-21.01676041001341" lon="55.38625945971855">
        <ele>1571</ele>
      </trkpt>
      <trkpt lat="-21.016710096683415" lon="55.38619927259451">
        <ele>1571</ele>
      </trkpt>
      <trkpt lat="-21.01663043387619" lon="55.38617950965826">
        <ele>1571</ele>
      </trkpt>
      <trkpt lat="-21.01641073201893" lon="55.3859791853499">
        <ele>1565</ele>
      </trkpt>
      <trkpt lat="-21.01622037938471" lon="55.385829166697455">
        <ele>1565</ele>
      </trkpt>
      <trkpt lat="-21.01620025398186" lon="55.38575999642058">
        <ele>1565</ele>
      </trkpt>
      <trkpt lat="-21.016160003168046" lon="55.38564950364063">
        <ele>1549</ele>
      </trkpt>
      <trkpt lat="-21.016130653609437" lon="55.385609977768134">
        <ele>1549</ele>
      </trkpt>
      <trkpt lat="-21.016150779021675" lon="55.385519247924435">
        <ele>1549</ele>
      </trkpt>
      <trkpt lat="-21.016130653609437" lon="55.385259634807326">
        <ele>1542</ele>
      </trkpt>
      <trkpt lat="-21.01611052819449" lon="55.385129379091126">
        <ele>1536</ele>
      </trkpt>
      <trkpt lat="-21.01605015193334" lon="55.38505931049896">
        <ele>1536</ele>
      </trkpt>
      <trkpt lat="-21.01605015193334" lon="55.385009903158334">
        <ele>1536</ele>
      </trkpt>
      <trkpt lat="-21.015970488773604" lon="55.38483922325435">
        <ele>1535</ele>
      </trkpt>
      <trkpt lat="-21.016020802353125" lon="55.38474939172594">
        <ele>1535</ele>
      </trkpt>
      <trkpt lat="-21.016030026507536" lon="55.38471974732157">
        <ele>1535</ele>
      </trkpt>
      <trkpt lat="-21.015960426055653" lon="55.3846496787294">
        <ele>1535</ele>
      </trkpt>
      <trkpt lat="-21.015960426055653" lon="55.384499660076955">
        <ele>1533</ele>
      </trkpt>
      <trkpt lat="-21.015880762847985" lon="55.384319997020135">
        <ele>1521</ele>
      </trkpt>
      <trkpt lat="-21.015870700123983" lon="55.38422926717644">
        <ele>1521</ele>
      </trkpt>
      <trkpt lat="-21.01577007284668" lon="55.38417985983582">
        <ele>1521</ele>
      </trkpt>
      <trkpt lat="-21.015690409537324" lon="55.38408912999211">
        <ele>1520</ele>
      </trkpt>
      <trkpt lat="-21.015690409537324" lon="55.383959772591204">
        <ele>1520</ele>
      </trkpt>
      <trkpt lat="-21.01565015858588" lon="55.38389958546717">
        <ele>1520</ele>
      </trkpt>
      <trkpt lat="-21.01560068344321" lon="55.3837396853466">
        <ele>1521</ele>
      </trkpt>
      <trkpt lat="-21.015510118732724" lon="55.38352947957011">
        <ele>1518</ele>
      </trkpt>
      <trkpt lat="-21.015410329775083" lon="55.383369579449536">
        <ele>1515</ele>
      </trkpt>
      <trkpt lat="-21.015280352461208" lon="55.382979710616226">
        <ele>1499</ele>
      </trkpt>
      <trkpt lat="-21.01523003863189" lon="55.382899760555944">
        <ele>1499</ele>
      </trkpt>
      <trkpt lat="-21.01501033471163" lon="55.382569180531384">
        <ele>1492</ele>
      </trkpt>
      <trkpt lat="-21.01475037927343" lon="55.38221973588586">
        <ele>1482</ele>
      </trkpt>
      <trkpt lat="-21.01468077822439" lon="55.38206971723341">
        <ele>1482</ele>
      </trkpt>
      <trkpt lat="-21.01453067464658" lon="55.38180920580101">
        <ele>1477</ele>
      </trkpt>
      <trkpt lat="-21.014510549015736" lon="55.381689729868235">
        <ele>1477</ele>
      </trkpt>
      <trkpt lat="-21.014430046465144" lon="55.381589118556406">
        <ele>1474</ele>
      </trkpt>
      <trkpt lat="-21.014320193956255" lon="55.38151994827953">
        <ele>1474</ele>
      </trkpt>
      <trkpt lat="-21.014140740065358" lon="55.3813295054393">
        <ele>1460</ele>
      </trkpt>
      <trkpt lat="-21.013960447387458" lon="55.38118936825497">
        <ele>1443</ele>
      </trkpt>
      <trkpt lat="-21.013920195969135" lon="55.38104923107065">
        <ele>1452</ele>
      </trkpt>
      <trkpt lat="-21.01388078311152" lon="55.380989942261905">
        <ele>1445</ele>
      </trkpt>
      <trkpt lat="-21.01391013311286" lon="55.3808596865457">
        <ele>1445</ele>
      </trkpt>
      <trkpt lat="-21.013950384533896" lon="55.38077973648542">
        <ele>1445</ele>
      </trkpt>
      <trkpt lat="-21.013860657392968" lon="55.38077973648542">
        <ele>1445</ele>
      </trkpt>
      <trkpt lat="-21.01381034308471" lon="55.38076985501729">
        <ele>1445</ele>
      </trkpt>
      <trkpt lat="-21.013790217356668" lon="55.38071954936138">
        <ele>1445</ele>
      </trkpt>
      <trkpt lat="-21.01381034308471" lon="55.38062971783297">
        <ele>1444</ele>
      </trkpt>
      <trkpt lat="-21.013790217356668" lon="55.38054976777268">
        <ele>1444</ele>
      </trkpt>
      <trkpt lat="-21.013710552989803" lon="55.380389867652106">
        <ele>1435</ele>
      </trkpt>
      <trkpt lat="-21.013730678728606" lon="55.3803395619962">
        <ele>1435</ele>
      </trkpt>
      <trkpt lat="-21.013660238630923" lon="55.38026949340405">
        <ele>1431</ele>
      </trkpt>
      <trkpt lat="-21.013590637073143" lon="55.38000988028693">
        <ele>1427</ele>
      </trkpt>
      <trkpt lat="-21.013540322673805" lon="55.37969996151391">
        <ele>1420</ele>
      </trkpt>
      <trkpt lat="-21.013500071142115" lon="55.37956970579771">
        <ele>1407</ele>
      </trkpt>
      <trkpt lat="-21.013530259791906" lon="55.37942956861339">
        <ele>1407</ele>
      </trkpt>
      <trkpt lat="-21.013480783946004" lon="55.379279549960934">
        <ele>1412</ele>
      </trkpt>
      <trkpt lat="-21.013380155056236" lon="55.37914929424475">
        <ele>1400</ele>
      </trkpt>
      <trkpt lat="-21.013260238873936" lon="55.37890944406388">
        <ele>1402</ele>
      </trkpt>
      <trkpt lat="-21.01317051131786" lon="55.378659712414894">
        <ele>1404</ele>
      </trkpt>
      <trkpt lat="-21.013100070955613" lon="55.37861928822711">
        <ele>1398</ele>
      </trkpt>
      <trkpt lat="-21.01304053205207" lon="55.37859952529086">
        <ele>1387</ele>
      </trkpt>
      <trkpt lat="-21.012800699045023" lon="55.37838931951438">
        <ele>1394</ele>
      </trkpt>
      <trkpt lat="-21.012670719456978" lon="55.37828960651784">
        <ele>1394</ele>
      </trkpt>
      <trkpt lat="-21.01254073975568" lon="55.37825996211347">
        <ele>1385</ele>
      </trkpt>
      <trkpt lat="-21.01245017318718" lon="55.378279725049715">
        <ele>1385</ele>
      </trkpt>
      <trkpt lat="-21.01234031922009" lon="55.378199774989426">
        <ele>1390</ele>
      </trkpt>
      <trkpt lat="-21.012160024365958" lon="55.37810994346101">
        <ele>1383</ele>
      </trkpt>
      <trkpt lat="-21.01209042210814" lon="55.377989569212936">
        <ele>1381</ele>
      </trkpt>
      <trkpt lat="-21.01207029614802" lon="55.377829669092364">
        <ele>1381</ele>
      </trkpt>
      <trkpt lat="-21.01209042210814" lon="55.37777936343647">
        <ele>1381</ele>
      </trkpt>
      <trkpt lat="-21.01205017018519" lon="55.377729956095834">
        <ele>1381</ele>
      </trkpt>
      <trkpt lat="-21.011990630862584" lon="55.377679650439916">
        <ele>1369</ele>
      </trkpt>
      <trkpt lat="-21.011980567876115" lon="55.37762934478402">
        <ele>1369</ele>
      </trkpt>
      <trkpt lat="-21.01188832380202" lon="55.3775844290198">
        <ele>1376</ele>
      </trkpt>
      <trkpt lat="-21.011870713563198" lon="55.37745956319531">
        <ele>1369</ele>
      </trkpt>
      <trkpt lat="-21.0118203985837" lon="55.37739937607128">
        <ele>1372</ele>
      </trkpt>
      <trkpt lat="-21.011740733164785" lon="55.377139762954165">
        <ele>1367</ele>
      </trkpt>
      <trkpt lat="-21.011670292127363" lon="55.37699962576984">
        <ele>1366</ele>
      </trkpt>
      <trkpt lat="-21.011500059482916" lon="55.37691967570955">
        <ele>1366</ele>
      </trkpt>
      <trkpt lat="-21.011160432198068" lon="55.376559451280635">
        <ele>1356</ele>
      </trkpt>
      <trkpt lat="-21.01108076642671" lon="55.37649926415659">
        <ele>1341</ele>
      </trkpt>
      <trkpt lat="-21.01102038812954" lon="55.37640943262818">
        <ele>1341</ele>
      </trkpt>
      <trkpt lat="-21.010930659226094" lon="55.37610939532328">
        <ele>1346</ele>
      </trkpt>
      <trkpt lat="-21.010800678008586" lon="55.37581923948651">
        <ele>1336</ele>
      </trkpt>
      <trkpt lat="-21.01078055187445" lon="55.37570964502184">
        <ele>1336</ele>
      </trkpt>
      <trkpt lat="-21.01075036266816" lon="55.37567910230219">
        <ele>1334</ele>
      </trkpt>
      <trkpt lat="-21.01062038129355" lon="55.37546979484098">
        <ele>1333</ele>
      </trkpt>
      <trkpt lat="-21.010470273629675" lon="55.3752595890645">
        <ele>1325</ele>
      </trkpt>
      <trkpt lat="-21.010370481300292" lon="55.375029620351775">
        <ele>1314</ele>
      </trkpt>
      <trkpt lat="-21.01029081510705" lon="55.37497931469586">
        <ele>1314</ele>
      </trkpt>
      <trkpt lat="-21.010080328433936" lon="55.37498919616399">
        <ele>1308</ele>
      </trkpt>
      <trkpt lat="-21.009920157101213" lon="55.37491912757182">
        <ele>1308</ele>
      </trkpt>
      <trkpt lat="-21.009820364403826" lon="55.374829296043416">
        <ele>1307</ele>
      </trkpt>
      <trkpt lat="-21.00948073329489" lon="55.37463975151846">
        <ele>1303</ele>
      </trkpt>
      <trkpt lat="-21.009420354350127" lon="55.37452925873852">
        <ele>1297</ele>
      </trkpt>
      <trkpt lat="-21.009340687649523" lon="55.37444930867823">
        <ele>1297</ele>
      </trkpt>
      <trkpt lat="-21.009300434984613" lon="55.37428940855766">
        <ele>1300</ele>
      </trkpt>
      <trkpt lat="-21.009120136456442" lon="55.37408998256458">
        <ele>1292</ele>
      </trkpt>
      <trkpt lat="-21.009080722330552" lon="55.37393996391213">
        <ele>1292</ele>
      </trkpt>
      <trkpt lat="-21.00902034322391" lon="55.37393996391213">
        <ele>1292</ele>
      </trkpt>
      <trkpt lat="-21.00900021684959" lon="55.3739193026606">
        <ele>1292</ele>
      </trkpt>
      <trkpt lat="-21.0090102800371" lon="55.37385911553656">
        <ele>1292</ele>
      </trkpt>
      <trkpt lat="-21.00898009047256" lon="55.37383935260031">
        <ele>1274</ele>
      </trkpt>
      <trkpt lat="-21.00889036034195" lon="55.373889658256225">
        <ele>1274</ele>
      </trkpt>
      <trkpt lat="-21.008930613117496" lon="55.37376928400815">
        <ele>1281</ele>
      </trkpt>
      <trkpt lat="-21.0088207565586" lon="55.37382947113219">
        <ele>1274</ele>
      </trkpt>
      <trkpt lat="-21.008790566955717" lon="55.37371987666753">
        <ele>1281</ele>
      </trkpt>
      <trkpt lat="-21.00872012452526" lon="55.37372975813566">
        <ele>1281</ele>
      </trkpt>
      <trkpt lat="-21.00873018773165" lon="55.37362914682383">
        <ele>1281</ele>
      </trkpt>
      <trkpt lat="-21.008690773502746" lon="55.373509670891046">
        <ele>1262</ele>
      </trkpt>
      <trkpt lat="-21.008640457450728" lon="55.37338929664297">
        <ele>1274</ele>
      </trkpt>
      <trkpt lat="-21.00850041101658" lon="55.37316920939836">
        <ele>1268</ele>
      </trkpt>
      <trkpt lat="-21.00846518973701" lon="55.37300571601664">
        <ele>1267</ele>
      </trkpt>
      <trkpt lat="-21.008383006718994" lon="55.37279640855545">
        <ele>1267</ele>
      </trkpt>
      <trkpt lat="-21.008440031675075" lon="55.37263920338073">
        <ele>1265</ele>
      </trkpt>
      <trkpt lat="-21.008420743824725" lon="55.37256913478857">
        <ele>1265</ele>
      </trkpt>
      <trkpt lat="-21.008420743824725" lon="55.37242989591953">
        <ele>1265</ele>
      </trkpt>
      <trkpt lat="-21.008240444233447" lon="55.37226999579896">
        <ele>1259</ele>
      </trkpt>
      <trkpt lat="-21.008170001543238" lon="55.37216938448714">
        <ele>1259</ele>
      </trkpt>
      <trkpt lat="-21.00809033417495" lon="55.371929534306275">
        <ele>1253</ele>
      </trkpt>
      <trkpt lat="-21.008150713657976" lon="55.3718091600582">
        <ele>1256</ele>
      </trkpt>
      <trkpt lat="-21.00818006478672" lon="55.371689684125414">
        <ele>1256</ele>
      </trkpt>
      <trkpt lat="-21.00812052391952" lon="55.37155942840921">
        <ele>1254</ele>
      </trkpt>
      <trkpt lat="-21.008140650412507" lon="55.371419291224896">
        <ele>1254</ele>
      </trkpt>
      <trkpt lat="-21.00813058716635" lon="55.37134922263274">
        <ele>1254</ele>
      </trkpt>
      <trkpt lat="-21.00800060350919" lon="55.37115967810779">
        <ele>1242</ele>
      </trkpt>
      <trkpt lat="-21.00754020887074" lon="55.37091982792691">
        <ele>1223</ele>
      </trkpt>
      <trkpt lat="-21.00747060445751" lon="55.37083987786664">
        <ele>1223</ele>
      </trkpt>
      <trkpt lat="-21.007400161403826" lon="55.37067997774607">
        <ele>1223</ele>
      </trkpt>
      <trkpt lat="-21.007280240414513" lon="55.37056948496611">
        <ele>1214</ele>
      </trkpt>
      <trkpt lat="-21.007161157938153" lon="55.370298193750315">
        <ele>1223</ele>
      </trkpt>
      <trkpt lat="-21.007010208183612" lon="55.3699595288882">
        <ele>1223</ele>
      </trkpt>
      <trkpt lat="-21.006883577993978" lon="55.3697556113187">
        <ele>1218</ele>
      </trkpt>
      <trkpt lat="-21.006888609659182" lon="55.36951845608369">
        <ele>1212</ele>
      </trkpt>
      <trkpt lat="-21.006800555493424" lon="55.36916990975346">
        <ele>1214</ele>
      </trkpt>
      <trkpt lat="-21.006670570677567" lon="55.368919279789196">
        <ele>1203</ele>
      </trkpt>
      <trkpt lat="-21.006540585748468" lon="55.36885999098044">
        <ele>1203</ele>
      </trkpt>
      <trkpt lat="-21.006460078896893" lon="55.368799803856405">
        <ele>1199</ele>
      </trkpt>
      <trkpt lat="-21.006382087843" lon="55.36859858123277">
        <ele>1201</ele>
      </trkpt>
      <trkpt lat="-21.006300742291735" lon="55.36838927377156">
        <ele>1200</ele>
      </trkpt>
      <trkpt lat="-21.006230298685757" lon="55.36831920517939">
        <ele>1200</ele>
      </trkpt>
      <trkpt lat="-21.006160693661453" lon="55.368209610714736">
        <ele>1187</ele>
      </trkpt>
      <trkpt lat="-21.006204301632273" lon="55.36791586161683">
        <ele>1175</ele>
      </trkpt>
      <trkpt lat="-21.00606005983398" lon="55.36778919916176">
        <ele>1175</ele>
      </trkpt>
      <trkpt lat="-21.005910786198207" lon="55.3676796046971">
        <ele>1172</ele>
      </trkpt>
      <trkpt lat="-21.005730483573874" lon="55.367379567392206">
        <ele>1168</ele>
      </trkpt>
      <trkpt lat="-21.005720420165183" lon="55.36707953008731">
        <ele>1164</ele>
      </trkpt>
      <trkpt lat="-21.00563068807418" lon="55.36677949278241">
        <ele>1160</ele>
      </trkpt>
      <trkpt lat="-21.00557030757137" lon="55.36663935559809">
        <ele>1160</ele>
      </trkpt>
      <trkpt lat="-21.005550180731667" lon="55.366499218413765">
        <ele>1157</ele>
      </trkpt>
      <trkpt lat="-21.00562062465875" lon="55.366349199761316">
        <ele>1154</ele>
      </trkpt>
      <trkpt lat="-21.00560049782582" lon="55.36622972382853">
        <ele>1154</ele>
      </trkpt>
      <trkpt lat="-21.00540006796662" lon="55.36571948074715">
        <ele>1145</ele>
      </trkpt>
      <trkpt lat="-21.005220603345393" lon="55.36554969915846">
        <ele>1141</ele>
      </trkpt>
      <trkpt lat="-21.00493044046382" lon="55.365369137786345">
        <ele>1127</ele>
      </trkpt>
      <trkpt lat="-21.004780327075316" lon="55.36511940613736">
        <ele>1117</ele>
      </trkpt>
      <trkpt lat="-21.004740073180102" lon="55.36489931889275">
        <ele>1117</ele>
      </trkpt>
      <trkpt lat="-21.004680530940185" lon="55.36472953730405">
        <ele>1117</ele>
      </trkpt>
      <trkpt lat="-21.0046201500529" lon="55.36462982430752">
        <ele>1117</ele>
      </trkpt>
      <trkpt lat="-21.004550544277528" lon="55.36454987424723">
        <ele>1117</ele>
      </trkpt>
      <trkpt lat="-21.004290570612522" lon="55.36445914440353">
        <ele>1103</ele>
      </trkpt>
      <trkpt lat="-21.00405156216606" lon="55.36423995547421">
        <ele>1101</ele>
      </trkpt>
      <trkpt lat="-21.003810037452347" lon="55.364019868229605">
        <ele>1092</ele>
      </trkpt>
      <trkpt lat="-21.003720304212607" lon="55.36390937544965">
        <ele>1092</ele>
      </trkpt>
      <trkpt lat="-21.003670825113385" lon="55.36376923826533">
        <ele>1087</ele>
      </trkpt>
      <trkpt lat="-21.003580253160486" lon="55.36359945667663">
        <ele>1087</ele>
      </trkpt>
      <trkpt lat="-21.003330341375694" lon="55.36337936943203">
        <ele>1072</ele>
      </trkpt>
      <trkpt lat="-21.00314081068267" lon="55.36325989349924">
        <ele>1072</ele>
      </trkpt>
      <trkpt lat="-21.003090492759146" lon="55.36317994343895">
        <ele>1065</ele>
      </trkpt>
      <trkpt lat="-21.00297056830631" lon="55.36304968772275">
        <ele>1065</ele>
      </trkpt>
      <trkpt lat="-21.002710591888853" lon="55.36292931347467">
        <ele>1065</ele>
      </trkpt>
      <trkpt lat="-21.00257053988916" lon="55.36277929482224">
        <ele>1055</ele>
      </trkpt>
      <trkpt lat="-21.00240029686228" lon="55.362509800237">
        <ele>1057</ele>
      </trkpt>
      <trkpt lat="-21.00225018092866" lon="55.36234990011642">
        <ele>1046</ele>
      </trkpt>
      <trkpt lat="-21.00218057404788" lon="55.36219988146398">
        <ele>1046</ele>
      </trkpt>
      <trkpt lat="-21.002050585207677" lon="55.36204986281153">
        <ele>1039</ele>
      </trkpt>
      <trkpt lat="-21.00197007593375" lon="55.36198967568749">
        <ele>1038</ele>
      </trkpt>
      <trkpt lat="-21.001740288808858" lon="55.36174982550663">
        <ele>1028</ele>
      </trkpt>
      <trkpt lat="-21.001620363271062" lon="55.36154950119827">
        <ele>1026</ele>
      </trkpt>
      <trkpt lat="-21.00154069240595" lon="55.36148931407424">
        <ele>1026</ele>
      </trkpt>
      <trkpt lat="-21.001379673264545" lon="55.361173107094224">
        <ele>1020</ele>
      </trkpt>
      <trkpt lat="-21.00130000227096" lon="55.36093954512035">
        <ele>1019</ele>
      </trkpt>
      <trkpt lat="-21.001270649788925" lon="55.3608694765282">
        <ele>1019</ele>
      </trkpt>
      <trkpt lat="-21.00109034155832" lon="55.360759882063526">
        <ele>1017</ele>
      </trkpt>
      <trkpt lat="-21.000970415498273" lon="55.360599981942954">
        <ele>1012</ele>
      </trkpt>
      <trkpt lat="-21.000860553078976" lon="55.36050925209926">
        <ele>1015</ele>
      </trkpt>
      <trkpt lat="-21.000650053103108" lon="55.36040953910272">
        <ele>1015</ele>
      </trkpt>
      <trkpt lat="-21.00054019044799" lon="55.36014992598562">
        <ele>991</ele>
      </trkpt>
      <trkpt lat="-21.00031040112164" lon="55.359949601677265">
        <ele>971</ele>
      </trkpt>
      <trkpt lat="-21.00014015551668" lon="55.35968998856014">
        <ele>969</ele>
      </trkpt>
      <trkpt lat="-21.000120027944643" lon="55.35959925871646">
        <ele>967</ele>
      </trkpt>
      <trkpt lat="-21.00004035627866" lon="55.359429477127755">
        <ele>967</ele>
      </trkpt>
      <trkpt lat="-21.00000010110494" lon="55.359299221411554">
        <ele>964</ele>
      </trkpt>
      <trkpt lat="-20.999820629990037" lon="55.358989302638534">
        <ele>966</ele>
      </trkpt>
      <trkpt lat="-20.999730055700564" lon="55.358949776766025">
        <ele>961</ele>
      </trkpt>
      <trkpt lat="-20.99960006472613" lon="55.358879708173866">
        <ele>961</ele>
      </trkpt>
      <trkpt lat="-20.999460009807628" lon="55.35872968952141">
        <ele>954</ele>
      </trkpt>
      <trkpt lat="-20.999300665728565" lon="55.35866950239739">
        <ele>954</ele>
      </trkpt>
      <trkpt lat="-20.999280538043312" lon="55.35855990793272">
        <ele>950</ele>
      </trkpt>
      <trkpt lat="-20.999220154971294" lon="55.35848983934057">
        <ele>950</ele>
      </trkpt>
      <trkpt lat="-20.999140482824995" lon="55.35848983934057">
        <ele>942</ele>
      </trkpt>
      <trkpt lat="-20.998960172021103" lon="55.35821944644003">
        <ele>947</ele>
      </trkpt>
      <trkpt lat="-20.998900627475212" lon="55.35799935919543">
        <ele>935</ele>
      </trkpt>
      <trkpt lat="-20.9988301803762" lon="55.35787988326264">
        <ele>935</ele>
      </trkpt>
      <trkpt lat="-20.99873038026232" lon="55.35783945907486">
        <ele>935</ele>
      </trkpt>
      <trkpt lat="-20.998640643968493" lon="55.35783945907486">
        <ele>924</ele>
      </trkpt>
      <trkpt lat="-20.998580260637624" lon="55.35769932189054">
        <ele>921</ele>
      </trkpt>
      <trkpt lat="-20.998520715940202" lon="55.35760949036213">
        <ele>921</ele>
      </trkpt>
      <trkpt lat="-20.998450268661866" lon="55.35764991454992">
        <ele>921</ele>
      </trkpt>
      <trkpt lat="-20.99843014086195" lon="55.35760949036213">
        <ele>921</ele>
      </trkpt>
      <trkpt lat="-20.998470396459076" lon="55.357419945837165">
        <ele>921</ele>
      </trkpt>
      <trkpt lat="-20.998540005070133" lon="55.35740916605376">
        <ele>921</ele>
      </trkpt>
      <trkpt lat="-20.99860038841729" lon="55.35735975871313">
        <ele>917</ele>
      </trkpt>
      <trkpt lat="-20.998610452306114" lon="55.357159434404785">
        <ele>917</ele>
      </trkpt>
      <trkpt lat="-20.998520715940202" lon="55.35719985859257">
        <ele>917</ele>
      </trkpt>
      <trkpt lat="-20.998450268661866" lon="55.357189977124435">
        <ele>917</ele>
      </trkpt>
      <trkpt lat="-20.99839072391259" lon="55.35713967146852">
        <ele>918</ele>
      </trkpt>
      <trkpt lat="-20.998360532199666" lon="55.35703995847199">
        <ele>912</ele>
      </trkpt>
      <trkpt lat="-20.99833034048062" lon="55.35697977134795">
        <ele>912</ele>
      </trkpt>
      <trkpt lat="-20.99821041220303" lon="55.356899821287676">
        <ele>911</ele>
      </trkpt>
      <trkpt lat="-20.998140803438265" lon="55.35669949697931">
        <ele>911</ele>
      </trkpt>
      <trkpt lat="-20.99807035598065" lon="55.35657912273124">
        <ele>899</ele>
      </trkpt>
      <trkpt lat="-20.998020036347707" lon="55.35643988386221">
        <ele>899</ele>
      </trkpt>
      <trkpt lat="-20.99804016420292" lon="55.356379696738166">
        <ele>899</ele>
      </trkpt>
      <trkpt lat="-20.998100547752262" lon="55.356329391082255">
        <ele>899</ele>
      </trkpt>
      <trkpt lat="-20.99804016420292" lon="55.356289865209746">
        <ele>898</ele>
      </trkpt>
      <trkpt lat="-20.998000747150584" lon="55.356209915149456">
        <ele>898</ele>
      </trkpt>
      <trkpt lat="-20.99782043496993" lon="55.35602935377736">
        <ele>891</ele>
      </trkpt>
      <trkpt lat="-20.99759064145664" lon="55.355749977724">
        <ele>886</ele>
      </trkpt>
      <trkpt lat="-20.997500065814076" lon="55.35564936641218">
        <ele>870</ele>
      </trkpt>
      <trkpt lat="-20.997480776549754" lon="55.35556941635189">
        <ele>870</ele>
      </trkpt>
      <trkpt lat="-20.9975201937394" lon="55.35548946629161">
        <ele>860</ele>
      </trkpt>
      <trkpt lat="-20.997480776549754" lon="55.35536999035881">
        <ele>860</ele>
      </trkpt>
      <trkpt lat="-20.997460648619118" lon="55.35529992176666">
        <ele>860</ele>
      </trkpt>
      <trkpt lat="-20.997400264810924" lon="55.355269379046995">
        <ele>860</ele>
      </trkpt>
      <trkpt lat="-20.997190598620605" lon="55.3552298531745">
        <ele>850</ele>
      </trkpt>
      <trkpt lat="-20.997030413452762" lon="55.35521997170636">
        <ele>850</ele>
      </trkpt>
      <trkpt lat="-20.996950740137738" lon="55.355159784582334">
        <ele>848</ele>
      </trkpt>
      <trkpt lat="-20.996910484130815" lon="55.3550995974583">
        <ele>848</ele>
      </trkpt>
      <trkpt lat="-20.996760362675957" lon="55.35503941033426">
        <ele>849</ele>
      </trkpt>
      <trkpt lat="-20.996720106617698" lon="55.354959460273975">
        <ele>849</ele>
      </trkpt>
      <trkpt lat="-20.996500375441727" lon="55.354699847156866">
        <ele>837</ele>
      </trkpt>
      <trkpt lat="-20.99638044569398" lon="55.35459923584504">
        <ele>833</ele>
      </trkpt>
      <trkpt lat="-20.996210195606878" lon="55.354399809851955">
        <ele>836</ele>
      </trkpt>
      <trkpt lat="-20.996030719935376" lon="55.354089891078935">
        <ele>828</ele>
      </trkpt>
      <trkpt lat="-20.99595020741451" lon="55.35390932970684">
        <ele>828</ele>
      </trkpt>
      <trkpt lat="-20.99585040537525" lon="55.3538096167103">
        <ele>820</ele>
      </trkpt>
      <trkpt lat="-20.995770731430465" lon="55.35376919252251">
        <ele>814</ele>
      </trkpt>
      <trkpt lat="-20.99573047510536" lon="55.35379973524218">
        <ele>814</ele>
      </trkpt>
      <trkpt lat="-20.995750603269272" lon="55.353869803834336">
        <ele>820</ele>
      </trkpt>
      <trkpt lat="-20.99579002091573" lon="55.35396951683087">
        <ele>820</ele>
      </trkpt>
      <trkpt lat="-20.995780795510054" lon="55.35407911129553">
        <ele>820</ele>
      </trkpt>
      <trkpt lat="-20.995710346938722" lon="55.354159959671115">
        <ele>818</ele>
      </trkpt>
      <trkpt lat="-20.99567009059733" lon="55.354189604075486">
        <ele>818</ele>
      </trkpt>
      <trkpt lat="-20.995600480648065" lon="55.354229129947974">
        <ele>818</ele>
      </trkpt>
      <trkpt lat="-20.995470486077576" lon="55.35427943560389">
        <ele>800</ele>
      </trkpt>
      <trkpt lat="-20.995420165568305" lon="55.354339622727935">
        <ele>800</ele>
      </trkpt>
      <trkpt lat="-20.995370683717635" lon="55.35435938566418">
        <ele>791</ele>
      </trkpt>
      <trkpt lat="-20.995340491393907" lon="55.354309978323556">
        <ele>791</ele>
      </trkpt>
      <trkpt lat="-20.995350555502487" lon="55.3541491798877">
        <ele>791</ele>
      </trkpt>
      <trkpt lat="-20.995330427284646" lon="55.354129416951444">
        <ele>791</ele>
      </trkpt>
      <trkpt lat="-20.995250753062365" lon="55.35416984113923">
        <ele>791</ele>
      </trkpt>
      <trkpt lat="-20.995140047756625" lon="55.354209367011734">
        <ele>791</ele>
      </trkpt>
      <trkpt lat="-20.99509056581311" lon="55.3541994855436">
        <ele>781</ele>
      </trkpt>
      <trkpt lat="-20.995050309304606" lon="55.35398927976713">
        <ele>778</ele>
      </trkpt>
      <trkpt lat="-20.99501005278523" lon="55.35385992236621">
        <ele>778</ele>
      </trkpt>
      <trkpt lat="-20.99495050666377" lon="55.35378985377405">
        <ele>777</ele>
      </trkpt>
      <trkpt lat="-20.994860768097823" lon="55.35376919252251">
        <ele>777</ele>
      </trkpt>
      <trkpt lat="-20.994780254946026" lon="55.35376919252251">
        <ele>773</ele>
      </trkpt>
      <trkpt lat="-20.99472070873289" lon="55.35375931105439">
        <ele>758</ele>
      </trkpt>
      <trkpt lat="-20.99469051627774" lon="55.35372966665001">
        <ele>758</ele>
      </trkpt>
      <trkpt lat="-20.99471064458185" lon="55.353689242462224">
        <ele>758</ele>
      </trkpt>
      <trkpt lat="-20.99473077288325" lon="55.353619173870065">
        <ele>758</ele>
      </trkpt>
      <trkpt lat="-20.99485070395622" lon="55.35349969793728">
        <ele>768</ele>
      </trkpt>
      <trkpt lat="-20.994920314255083" lon="55.35347993500102">
        <ele>768</ele>
      </trkpt>
      <trkpt lat="-20.99495050666377" lon="55.353429629345115">
        <ele>768</ele>
      </trkpt>
      <trkpt lat="-20.994900185979223" lon="55.353399984940744">
        <ele>768</ele>
      </trkpt>
      <trkpt lat="-20.99489012184027" lon="55.35331913656517">
        <ele>768</ele>
      </trkpt>
      <trkpt lat="-20.994910250117492" lon="55.353259847756426">
        <ele>768</ele>
      </trkpt>
      <trkpt lat="-20.994900185979223" lon="55.35314935497647">
        <ele>761</ele>
      </trkpt>
      <trkpt lat="-20.994880057700655" lon="55.35308916785244">
        <ele>761</ele>
      </trkpt>
      <trkpt lat="-20.994870832238732" lon="55.35296969191965">
        <ele>754</ele>
      </trkpt>
      <trkpt lat="-20.994880057700655" lon="55.35287986039124">
        <ele>754</ele>
      </trkpt>
      <trkpt lat="-20.994900185979223" lon="55.35283943620345">
        <ele>754</ele>
      </trkpt>
      <trkpt lat="-20.994880057700655" lon="55.35279991033095">
        <ele>754</ele>
      </trkpt>
      <trkpt lat="-20.994830575670978" lon="55.35277924907942">
        <ele>754</ele>
      </trkpt>
      <trkpt lat="-20.99477019079898" lon="55.35277924907942">
        <ele>733</ele>
      </trkpt>
      <trkpt lat="-20.99472070873289" lon="55.35263911189509">
        <ele>730</ele>
      </trkpt>
      <trkpt lat="-20.99472070873289" lon="55.352559161834805">
        <ele>730</ele>
      </trkpt>
      <trkpt lat="-20.99468045212465" lon="55.35246933030639">
        <ele>730</ele>
      </trkpt>
      <trkpt lat="-20.994590713396395" lon="55.352449567370144">
        <ele>730</ele>
      </trkpt>
      <trkpt lat="-20.994520264263514" lon="55.35238938024611">
        <ele>727</ele>
      </trkpt>
      <trkpt lat="-20.99448000760123" lon="55.352409143182356">
        <ele>719</ele>
      </trkpt>
      <trkpt lat="-20.99445065377813" lon="55.35243968590202">
        <ele>719</ele>
      </trkpt>
      <trkpt lat="-20.994390268752493" lon="55.35237949877798">
        <ele>713</ele>
      </trkpt>
      <trkpt lat="-20.99434078656049" lon="55.35226990431332">
        <ele>713</ele>
      </trkpt>
      <trkpt lat="-20.994290465670442" lon="55.35220971718928">
        <ele>710</ele>
      </trkpt>
      <trkpt lat="-20.994230080580003" lon="55.352239361593654">
        <ele>710</ele>
      </trkpt>
      <trkpt lat="-20.99408079511271" lon="55.352129767129">
        <ele>710</ele>
      </trkpt>
      <trkpt lat="-20.99398015314042" lon="55.35207946147308">
        <ele>705</ele>
      </trkpt>
      <trkpt lat="-20.99390047819757" lon="55.35204981706871">
        <ele>696</ele>
      </trkpt>
      <trkpt lat="-20.993800674788126" lon="55.35203993560059">
        <ele>696</ele>
      </trkpt>
      <trkpt lat="-20.993680742871724" lon="55.35206958000496">
        <ele>700</ele>
      </trkpt>
      <trkpt lat="-20.99354068239986" lon="55.35200939288092">
        <ele>700</ele>
      </trkpt>
      <trkpt lat="-20.993510489706065" lon="55.35190967988439">
        <ele>700</ele>
      </trkpt>
      <trkpt lat="-20.99349119992629" lon="55.35169767747733">
        <ele>686</ele>
      </trkpt>
      <trkpt lat="-20.993470232771525" lon="55.35147938686329">
        <ele>681</ele>
      </trkpt>
      <trkpt lat="-20.993430814512593" lon="55.35127996087022">
        <ele>674</ele>
      </trkpt>
      <trkpt lat="-20.993440040063494" lon="55.35120989227806">
        <ele>674</ele>
      </trkpt>
      <trkpt lat="-20.993370429074496" lon="55.351149705154015">
        <ele>678</ele>
      </trkpt>
      <trkpt lat="-20.993330172102183" lon="55.3511398236859">
        <ele>678</ele>
      </trkpt>
      <trkpt lat="-20.993340236346274" lon="55.35108951802998">
        <ele>678</ele>
      </trkpt>
      <trkpt lat="-20.99345010430018" lon="55.35094938084566">
        <ele>673</ele>
      </trkpt>
      <trkpt lat="-20.99342075027461" lon="55.350919736441284">
        <ele>665</ele>
      </trkpt>
      <trkpt lat="-20.993390557556577" lon="55.35090985497316">
        <ele>672</ele>
      </trkpt>
      <trkpt lat="-20.99322030406004" lon="55.35096914378191">
        <ele>672</ele>
      </trkpt>
      <trkpt lat="-20.99316075722477" lon="55.350959262313786">
        <ele>672</ele>
      </trkpt>
      <trkpt lat="-20.993100371677443" lon="55.350809243661345">
        <ele>672</ele>
      </trkpt>
      <trkpt lat="-20.993090307417194" lon="55.350729293601056">
        <ele>667</ele>
      </trkpt>
      <trkpt lat="-20.993150692968587" lon="55.350649343540766">
        <ele>662</ele>
      </trkpt>
      <trkpt lat="-20.99323036831153" lon="55.3505792749486">
        <ele>662</ele>
      </trkpt>
      <trkpt lat="-20.9933503005897" lon="55.35051998613986">
        <ele>662</ele>
      </trkpt>
      <trkpt lat="-20.993360364832427" lon="55.35048944342019">
        <ele>651</ele>
      </trkpt>
      <trkpt lat="-20.993330172102183" lon="55.35043913776428">
        <ele>651</ele>
      </trkpt>
      <trkpt lat="-20.993250496812493" lon="55.35036996748741">
        <ele>651</ele>
      </trkpt>
      <trkpt lat="-20.99316075722477" lon="55.3503196618315">
        <ele>651</ele>
      </trkpt>
      <trkpt lat="-20.992970374930206" lon="55.350149880242796">
        <ele>642</ele>
      </trkpt>
      <trkpt lat="-20.992820249513507" lon="55.35015976171092">
        <ele>644</ele>
      </trkpt>
      <trkpt lat="-20.992740573951718" lon="55.35012921899126">
        <ele>644</ele>
      </trkpt>
      <trkpt lat="-20.992670123945885" lon="55.35008969311876">
        <ele>644</ele>
      </trkpt>
      <trkpt lat="-20.99264076976698" lon="55.35000974305848">
        <ele>644</ele>
      </trkpt>
      <trkpt lat="-20.992620641183816" lon="55.349789655813865">
        <ele>633</ele>
      </trkpt>
      <trkpt lat="-20.992650834057542" lon="55.34959921297363">
        <ele>629</ele>
      </trkpt>
      <trkpt lat="-20.99264076976698" lon="55.34944919432118">
        <ele>629</ele>
      </trkpt>
      <trkpt lat="-20.992610576891213" lon="55.349319836920266">
        <ele>624</ele>
      </trkpt>
      <trkpt lat="-20.992270067925297" lon="55.34894973102321">
        <ele>619</ele>
      </trkpt>
      <trkpt lat="-20.99217026342607" lon="55.34895961249134">
        <ele>619</ele>
      </trkpt>
      <trkpt lat="-20.992100651845103" lon="55.348909306835424">
        <ele>619</ele>
      </trkpt>
      <trkpt lat="-20.991970654227483" lon="55.348569743658025">
        <ele>615</ele>
      </trkpt>
      <trkpt lat="-20.99196058989107" lon="55.34829935075751">
        <ele>610</ele>
      </trkpt>
      <trkpt lat="-20.992050330200104" lon="55.348139450636936">
        <ele>603</ele>
      </trkpt>
      <trkpt lat="-20.992020137204943" lon="55.348009194920735">
        <ele>603</ele>
      </trkpt>
      <trkpt lat="-20.992050330200104" lon="55.347979550516364">
        <ele>597</ele>
      </trkpt>
      <trkpt lat="-20.992010072871878" lon="55.3479094819242">
        <ele>597</ele>
      </trkpt>
      <trkpt lat="-20.991860785185004" lon="55.34785917626829">
        <ele>593</ele>
      </trkpt>
      <trkpt lat="-20.991800399111952" lon="55.347719937399255">
        <ele>593</ele>
      </trkpt>
      <trkpt lat="-20.991700594298802" lon="55.347339950034076">
        <ele>578</ele>
      </trkpt>
      <trkpt lat="-20.991670401232945" lon="55.34715938866196">
        <ele>578</ele>
      </trkpt>
      <trkpt lat="-20.991690529944197" lon="55.34700937000951">
        <ele>568</ele>
      </trkpt>
      <trkpt lat="-20.991700594298802" lon="55.34671921417274">
        <ele>568</ele>
      </trkpt>
      <trkpt lat="-20.99164020816098" lon="55.34671921417274">
        <ele>558</ele>
      </trkpt>
      <trkpt lat="-20.991550467605492" lon="55.34683958842081">
        <ele>558</ele>
      </trkpt>
      <trkpt lat="-20.99150014577508" lon="55.34698960707326">
        <ele>568</ele>
      </trkpt>
      <trkpt lat="-20.9914506626253" lon="55.34709920153794">
        <ele>574</ele>
      </trkpt>
      <trkpt lat="-20.991370147634672" lon="55.347129744257586">
        <ele>586</ele>
      </trkpt>
      <trkpt lat="-20.991290471299138" lon="55.347069557133544">
        <ele>562</ele>
      </trkpt>
      <trkpt lat="-20.99123008499546" lon="55.34695996266889">
        <ele>574</ele>
      </trkpt>
      <trkpt lat="-20.991100086619955" lon="55.3465691955203">
        <ele>561</ele>
      </trkpt>
      <trkpt lat="-20.9909700881313" lon="55.34634910827569">
        <ele>556</ele>
      </trkpt>
      <trkpt lat="-20.990860218352633" lon="55.34630958240318">
        <ele>560</ele>
      </trkpt>
      <trkpt lat="-20.990580091986267" lon="55.34635988805909">
        <ele>555</ele>
      </trkpt>
      <trkpt lat="-20.990410673988745" lon="55.346449719587504">
        <ele>555</ele>
      </trkpt>
      <trkpt lat="-20.990210223733534" lon="55.34666980683212">
        <ele>556</ele>
      </trkpt>
      <trkpt lat="-20.990000547446442" lon="55.34692941994922">
        <ele>558</ele>
      </trkpt>
      <trkpt lat="-20.989830290084733" lon="55.34711986278946">
        <ele>569</ele>
      </trkpt>
      <trkpt lat="-20.98969022600126" lon="55.34720969431787">
        <ele>550</ele>
      </trkpt>
      <trkpt lat="-20.989580355280985" lon="55.34718993138162">
        <ele>577</ele>
      </trkpt>
      <trkpt lat="-20.98950067799052" lon="55.347079438601675">
        <ele>553</ele>
      </trkpt>
      <trkpt lat="-20.989510742492705" lon="55.346799164233026">
        <ele>542</ele>
      </trkpt>
      <trkpt lat="-20.98950067799052" lon="55.34638953246347">
        <ele>535</ele>
      </trkpt>
      <trkpt lat="-20.98952080699423" lon="55.34607961369045">
        <ele>528</ele>
      </trkpt>
      <trkpt lat="-20.98950067799052" lon="55.34578945785368">
        <ele>532</ele>
      </trkpt>
      <trkpt lat="-20.989410097440235" lon="55.34567986338902">
        <ele>528</ele>
      </trkpt>
      <trkpt lat="-20.98927003296269" lon="55.34554960767282">
        <ele>529</ele>
      </trkpt>
      <trkpt lat="-20.988872483969494" lon="55.34530257096969">
        <ele>524</ele>
      </trkpt>
      <trkpt lat="-20.98847912748955" lon="55.345001635349504">
        <ele>524</ele>
      </trkpt>
      <trkpt lat="-20.98808409254059" lon="55.34498726230496">
        <ele>524</ele>
      </trkpt>
      <trkpt lat="-20.987729315039815" lon="55.34490102403768">
        <ele>524</ele>
      </trkpt>
      <trkpt lat="-20.98739047238466" lon="55.34460008841751">
        <ele>515</ele>
      </trkpt>
      <trkpt lat="-20.986902336317225" lon="55.34434227193096">
        <ele>507</ele>
      </trkpt>
      <trkpt lat="-20.986433489348396" lon="55.34434227193096">
        <ele>502</ele>
      </trkpt>
      <trkpt lat="-20.98612064430908" lon="55.344459951233176">
        <ele>488</ele>
      </trkpt>
      <trkpt lat="-20.985960447265832" lon="55.344459951233176">
        <ele>488</ele>
      </trkpt>
      <trkpt lat="-20.98593025303949" lon="55.3445893086341">
        <ele>488</ele>
      </trkpt>
      <trkpt lat="-20.985690376468884" lon="55.3445093585738">
        <ele>488</ele>
      </trkpt>
      <trkpt lat="-20.98555030850302" lon="55.344539901293466">
        <ele>485</ele>
      </trkpt>
      <trkpt lat="-20.98555030850302" lon="55.34474920875467">
        <ele>488</ele>
      </trkpt>
      <trkpt lat="-20.985450499513064" lon="55.34482915881496">
        <ele>488</ele>
      </trkpt>
      <trkpt lat="-20.98527017217726" lon="55.34481927734682">
        <ele>487</ele>
      </trkpt>
      <trkpt lat="-20.984960679637656" lon="55.344729445818416">
        <ele>486</ele>
      </trkpt>
      <trkpt lat="-20.98479041653081" lon="55.34470968288217">
        <ele>476</ele>
      </trkpt>
      <trkpt lat="-20.98476106080311" lon="55.34498995725081">
        <ele>488</ele>
      </trkpt>
      <trkpt lat="-20.9847249951869" lon="55.34532413053651">
        <ele>489</ele>
      </trkpt>
      <trkpt lat="-20.98461008839814" lon="55.345629557733105">
        <ele>492</ele>
      </trkpt>
      <trkpt lat="-20.984390339402662" lon="55.345809220789924">
        <ele>488</ele>
      </trkpt>
      <trkpt lat="-20.984280464783712" lon="55.34564932066935">
        <ele>486</ele>
      </trkpt>
      <trkpt lat="-20.984150460359185" lon="55.34524957036792">
        <ele>484</ele>
      </trkpt>
      <trkpt lat="-20.98411020090155" lon="55.34501960165519">
        <ele>479</ele>
      </trkpt>
      <trkpt lat="-20.984000326076558" lon="55.34481927734682">
        <ele>474</ele>
      </trkpt>
      <trkpt lat="-20.983830061875103" lon="55.344659377226264">
        <ele>474</ele>
      </trkpt>
      <trkpt lat="-20.983710121951656" lon="55.3446791401625">
        <ele>474</ele>
      </trkpt>
      <trkpt lat="-20.983640506427466" lon="55.3447698700062">
        <ele>470</ele>
      </trkpt>
      <trkpt lat="-20.983500436539504" lon="55.34509955171547">
        <ele>474</ele>
      </trkpt>
      <trkpt lat="-20.983320106849643" lon="55.34538970755224">
        <ele>474</ele>
      </trkpt>
      <trkpt lat="-20.9831607455472" lon="55.34547953908066">
        <ele>475</ele>
      </trkpt>
      <trkpt lat="-20.982928413238525" lon="55.34558554028419">
        <ele>474</ele>
      </trkpt>
      <trkpt lat="-20.982660014453792" lon="55.345709507793394">
        <ele>470</ele>
      </trkpt>
      <trkpt lat="-20.98243019761115" lon="55.345629557733105">
        <ele>466</ele>
      </trkpt>
      <trkpt lat="-20.982330386536542" lon="55.34566998192089">
        <ele>472</ele>
      </trkpt>
      <trkpt lat="-20.9822607703694" lon="55.3457598134493">
        <ele>474</ele>
      </trkpt>
      <trkpt lat="-20.98208043918318" lon="55.34590983210175">
        <ele>470</ele>
      </trkpt>
      <trkpt lat="-20.981880816499935" lon="55.34588917085022">
        <ele>470</ele>
      </trkpt>
      <trkpt lat="-20.981700484855104" lon="55.34577957638555">
        <ele>469</ele>
      </trkpt>
      <trkpt lat="-20.981430406356647" lon="55.3455792520772">
        <ele>460</ele>
      </trkpt>
      <trkpt lat="-20.98119052256043" lon="55.34533940189633">
        <ele>454</ele>
      </trkpt>
      <trkpt lat="-20.98073004524297" lon="55.34509955171547">
        <ele>450</ele>
      </trkpt>
      <trkpt lat="-20.980620167932017" lon="55.3450699073111">
        <ele>450</ele>
      </trkpt>
      <trkpt lat="-20.980550550967976" lon="55.34516962030763">
        <ele>439</ele>
      </trkpt>
      <trkpt lat="-20.980496870395232" lon="55.34545348793742">
        <ele>449</ele>
      </trkpt>
      <trkpt lat="-20.980420543297683" lon="55.34584964497771">
        <ele>450</ele>
      </trkpt>
      <trkpt lat="-20.980410478183" lon="55.34603918950267">
        <ele>456</ele>
      </trkpt>
      <trkpt lat="-20.9803207308805" lon="55.34621975087477">
        <ele>452</ele>
      </trkpt>
      <trkpt lat="-20.980200788139715" lon="55.346329345339434">
        <ele>456</ele>
      </trkpt>
      <trkpt lat="-20.980070780165093" lon="55.346329345339434">
        <ele>459</ele>
      </trkpt>
      <trkpt lat="-20.97995083722367" lon="55.34616944521886">
        <ele>448</ele>
      </trkpt>
      <trkpt lat="-20.979867799746277" lon="55.34591881525459">
        <ele>443</ele>
      </trkpt>
      <trkpt lat="-20.97977050324941" lon="55.345629557733105">
        <ele>439</ele>
      </trkpt>
      <trkpt lat="-20.979700047125913" lon="55.34552984473657">
        <ele>439</ele>
      </trkpt>
      <trkpt lat="-20.979400608230435" lon="55.34522980743167">
        <ele>439</ele>
      </trkpt>
      <trkpt lat="-20.979310021555595" lon="55.34505912752769">
        <ele>426</ele>
      </trkpt>
      <trkpt lat="-20.979120460373153" lon="55.34478963294245">
        <ele>433</ele>
      </trkpt>
      <trkpt lat="-20.978980386247517" lon="55.344659377226264">
        <ele>427</ele>
      </trkpt>
      <trkpt lat="-20.9789007033031" lon="55.344609969885624">
        <ele>427</ele>
      </trkpt>
      <trkpt lat="-20.978820181547672" lon="55.34457942716597">
        <ele>418</ele>
      </trkpt>
      <trkpt lat="-20.978490545158994" lon="55.34448959563757">
        <ele>424</ele>
      </trkpt>
      <trkpt lat="-20.978380666201183" lon="55.344449171449774">
        <ele>421</ele>
      </trkpt>
      <trkpt lat="-20.97825065664291" lon="55.34435933992137">
        <ele>421</ele>
      </trkpt>
      <trkpt lat="-20.978200330331926" lon="55.34428927132919">
        <ele>417</ele>
      </trkpt>
      <trkpt lat="-20.978230526120555" lon="55.34418955833266">
        <ele>417</ele>
      </trkpt>
      <trkpt lat="-20.978400796703305" lon="55.344149134144885">
        <ele>418</ele>
      </trkpt>
      <trkpt lat="-20.97847041466895" lon="55.344099726804245">
        <ele>414</ele>
      </trkpt>
      <trkpt lat="-20.97866081544547" lon="55.34385987662339">
        <ele>414</ele>
      </trkpt>
      <trkpt lat="-20.978910768519484" lon="55.34356972078662">
        <ele>412</ele>
      </trkpt>
      <trkpt lat="-20.979270599559587" lon="55.34317985195331">
        <ele>403</ele>
      </trkpt>
      <trkpt lat="-20.97929072994184" lon="55.34310978336115">
        <ele>403</ele>
      </trkpt>
      <trkpt lat="-20.97929072994184" lon="55.343039714769">
        <ele>403</ele>
      </trkpt>
      <trkpt lat="-20.979260534367455" lon="55.34299929058121">
        <ele>396</ele>
      </trkpt>
      <trkpt lat="-20.978990451458532" lon="55.3429094590528">
        <ele>399</ele>
      </trkpt>
      <trkpt lat="-20.978930060182304" lon="55.34286993318028">
        <ele>399</ele>
      </trkpt>
      <trkpt lat="-20.978910768519484" lon="55.34283939046064">
        <ele>399</ele>
      </trkpt>
      <trkpt lat="-20.978890638086042" lon="55.34278998312001">
        <ele>399</ele>
      </trkpt>
      <trkpt lat="-20.9789007033031" lon="55.342749558932226">
        <ele>399</ele>
      </trkpt>
      <trkpt lat="-20.979030712295792" lon="55.34263996446755">
        <ele>391</ele>
      </trkpt>
      <trkpt lat="-20.97905000394314" lon="55.34260942174789">
        <ele>391</ele>
      </trkpt>
      <trkpt lat="-20.979060069149448" lon="55.34255911609199">
        <ele>391</ele>
      </trkpt>
      <trkpt lat="-20.97905000394314" lon="55.34252947168761">
        <ele>391</ele>
      </trkpt>
      <trkpt lat="-20.979030712295792" lon="55.3424899458151">
        <ele>391</ele>
      </trkpt>
      <trkpt lat="-20.978840311990595" lon="55.34222584112158">
        <ele>391</ele>
      </trkpt>
      <trkpt lat="-20.978560163082822" lon="55.341839565549414">
        <ele>390</ele>
      </trkpt>
      <trkpt lat="-20.978450284176198" lon="55.341759615489124">
        <ele>387</ele>
      </trkpt>
      <trkpt lat="-20.978431831222114" lon="55.34161139346725">
        <ele>387</ele>
      </trkpt>
      <trkpt lat="-20.978450284176198" lon="55.341519765308256">
        <ele>382</ele>
      </trkpt>
      <trkpt lat="-20.978700237602375" lon="55.34134998371956">
        <ele>379</ele>
      </trkpt>
      <trkpt lat="-20.978760628971482" lon="55.34125925387587">
        <ele>374</ele>
      </trkpt>
      <trkpt lat="-20.978760628971482" lon="55.34115954087933">
        <ele>374</ele>
      </trkpt>
      <trkpt lat="-20.978710302832248" lon="55.341079590819035">
        <ele>377</ele>
      </trkpt>
      <trkpt lat="-20.978630619743797" lon="55.341039166631255">
        <ele>378</ele>
      </trkpt>
      <trkpt lat="-20.978260721903073" lon="55.34099964075876">
        <ele>376</ele>
      </trkpt>
      <trkpt lat="-20.97816006927092" lon="55.34091969069846">
        <ele>376</ele>
      </trkpt>
      <trkpt lat="-20.978220460858356" lon="55.340809197918524">
        <ele>376</ele>
      </trkpt>
      <trkpt lat="-20.9783882151398" lon="55.34067085736476">
        <ele>372</ele>
      </trkpt>
      <trkpt lat="-20.978570228322145" lon="55.34051994039703">
        <ele>371</ele>
      </trkpt>
      <trkpt lat="-20.978650750212264" lon="55.34047951620926">
        <ele>362</ele>
      </trkpt>
      <trkpt lat="-20.978830246769476" lon="55.340419329085215">
        <ele>361</ele>
      </trkpt>
      <trkpt lat="-20.9789007033031" lon="55.340419329085215">
        <ele>361</ele>
      </trkpt>
      <trkpt lat="-20.9789401253967" lon="55.34043999033674">
        <ele>361</ele>
      </trkpt>
      <trkpt lat="-20.979170786374237" lon="55.34058102583636">
        <ele>359</ele>
      </trkpt>
      <trkpt lat="-20.979410673413142" lon="55.340729247858235">
        <ele>358</ele>
      </trkpt>
      <trkpt lat="-20.979490356085616" lon="55.34074990910977">
        <ele>358</ele>
      </trkpt>
      <trkpt lat="-20.979530616788182" lon="55.34074990910977">
        <ele>356</ele>
      </trkpt>
      <trkpt lat="-20.97957003871559" lon="55.340729247858235">
        <ele>356</ele>
      </trkpt>
      <trkpt lat="-20.979560812307987" lon="55.34068972198574">
        <ele>352</ele>
      </trkpt>
      <trkpt lat="-20.979530616788182" lon="55.34064929779795">
        <ele>355</ele>
      </trkpt>
      <trkpt lat="-20.979140590775614" lon="55.34023966602838">
        <ele>353</ele>
      </trkpt>
      <trkpt lat="-20.97905000394314" lon="55.34012917324844">
        <ele>349</ele>
      </trkpt>
      <trkpt lat="-20.978890638086042" lon="55.339829135943546">
        <ele>350</ele>
      </trkpt>
      <trkpt lat="-20.978730433289975" lon="55.33971954147889">
        <ele>346</ele>
      </trkpt>
      <trkpt lat="-20.97866081544547" lon="55.33971954147889">
        <ele>348</ele>
      </trkpt>
      <trkpt lat="-20.978420088431985" lon="55.3398093730073">
        <ele>348</ele>
      </trkpt>
      <trkpt lat="-20.977980571908684" lon="55.33994951019162">
        <ele>345</ele>
      </trkpt>
      <trkpt lat="-20.977930245506737" lon="55.3399396287235">
        <ele>352</ele>
      </trkpt>
      <trkpt lat="-20.977790170265408" lon="55.33969977854264">
        <ele>344</ele>
      </trkpt>
      <trkpt lat="-20.977740682573906" lon="55.33964947288672">
        <ele>342</ele>
      </trkpt>
      <trkpt lat="-20.977680290792584" lon="55.33964947288672">
        <ele>342</ele>
      </trkpt>
      <trkpt lat="-20.977510019388845" lon="55.33969977854264">
        <ele>344</ele>
      </trkpt>
      <trkpt lat="-20.97741020502749" lon="55.33969977854264">
        <ele>344</ele>
      </trkpt>
      <trkpt lat="-20.977360717210153" lon="55.339679117291105">
        <ele>344</ele>
      </trkpt>
      <trkpt lat="-20.977270129298685" lon="55.339519217170526">
        <ele>337</ele>
      </trkpt>
      <trkpt lat="-20.977220641434972" lon="55.33944914857836">
        <ele>337</ele>
      </trkpt>
      <trkpt lat="-20.977180380110024" lon="55.339439267110244">
        <ele>337</ele>
      </trkpt>
      <trkpt lat="-20.977000042792262" lon="55.33944914857836">
        <ele>337</ele>
      </trkpt>
      <trkpt lat="-20.9769706855339" lon="55.33945992836177">
        <ele>334</ele>
      </trkpt>
      <trkpt lat="-20.976790347963096" lon="55.33955964135831">
        <ele>334</ele>
      </trkpt>
      <trkpt lat="-20.976560522092353" lon="55.33962970995048">
        <ele>337</ele>
      </trkpt>
      <trkpt lat="-20.976280368910594" lon="55.33965935435485">
        <ele>337</ele>
      </trkpt>
      <trkpt lat="-20.97614029212276" lon="55.3396395914186">
        <ele>339</ele>
      </trkpt>
      <trkpt lat="-20.976090803884908" lon="55.339539878422066">
        <ele>332</ele>
      </trkpt>
      <trkpt lat="-20.97614029212276" lon="55.339539878422066">
        <ele>332</ele>
      </trkpt>
      <trkpt lat="-20.976220815322222" lon="55.339519217170526">
        <ele>331</ele>
      </trkpt>
      <trkpt lat="-20.97648083785757" lon="55.33940962270587">
        <ele>331</ele>
      </trkpt>
      <trkpt lat="-20.97654039134232" lon="55.33932967264558">
        <ele>330</ele>
      </trkpt>
      <trkpt lat="-20.97658065283968" lon="55.33924972258529">
        <ele>330</ele>
      </trkpt>
      <trkpt lat="-20.976730794577968" lon="55.33911946686909">
        <ele>330</ele>
      </trkpt>
      <trkpt lat="-20.976740021160307" lon="55.33905927974506">
        <ele>325</ele>
      </trkpt>
      <trkpt lat="-20.976680467755127" lon="55.33887961668824">
        <ele>325</ele>
      </trkpt>
      <trkpt lat="-20.976695565803762" lon="55.338773615484705">
        <ele>325</ele>
      </trkpt>
      <trkpt lat="-20.976720729214755" lon="55.33867929237987">
        <ele>320</ele>
      </trkpt>
      <trkpt lat="-20.97680041332163" lon="55.33859934231959">
        <ele>323</ele>
      </trkpt>
      <trkpt lat="-20.9769102934414" lon="55.338539155195555">
        <ele>323</ele>
      </trkpt>
      <trkpt lat="-20.976960620186848" lon="55.33849962932305">
        <ele>319</ele>
      </trkpt>
      <trkpt lat="-20.977040304165804" lon="55.33833972920247">
        <ele>319</ele>
      </trkpt>
      <trkpt lat="-20.977122504436416" lon="55.338124133534286">
        <ele>318</ele>
      </trkpt>
      <trkpt lat="-20.977210576104753" lon="55.33788967324514">
        <ele>315</ele>
      </trkpt>
      <trkpt lat="-20.977240772093385" lon="55.33784924905735">
        <ele>315</ele>
      </trkpt>
      <trkpt lat="-20.977390074391902" lon="55.33779984171672">
        <ele>315</ele>
      </trkpt>
      <trkpt lat="-20.977760813162252" lon="55.33785913052547">
        <ele>314</ele>
      </trkpt>
      <trkpt lat="-20.977840496714528" lon="55.33788967324514">
        <ele>314</ele>
      </trkpt>
      <trkpt lat="-20.977980571908684" lon="55.337959741837295">
        <ele>311</ele>
      </trkpt>
      <trkpt lat="-20.97800070246471" lon="55.33791931764951">
        <ele>311</ele>
      </trkpt>
      <trkpt lat="-20.97813071224044" lon="55.337829486121095">
        <ele>310</ele>
      </trkpt>
      <trkpt lat="-20.97816006927092" lon="55.337789960248585">
        <ele>310</ele>
      </trkpt>
      <trkpt lat="-20.978190265067692" lon="55.33773965459269">
        <ele>310</ele>
      </trkpt>
      <trkpt lat="-20.97828001364982" lon="55.337549211752446">
        <ele>304</ele>
      </trkpt>
      <trkpt lat="-20.97828001364982" lon="55.3374899229437">
        <ele>304</ele>
      </trkpt>
      <trkpt lat="-20.978260721903073" lon="55.33745938022404">
        <ele>304</ele>
      </trkpt>
      <trkpt lat="-20.978230526120555" lon="55.337449498755916">
        <ele>304</ele>
      </trkpt>
      <trkpt lat="-20.977990637187027" lon="55.337549211752446">
        <ele>303</ele>
      </trkpt>
      <trkpt lat="-20.977890823146705" lon="55.33753933028433">
        <ele>308</ele>
      </trkpt>
      <trkpt lat="-20.977820366136907" lon="55.33750968587996">
        <ele>308</ele>
      </trkpt>
      <trkpt lat="-20.977750747868416" lon="55.33727971716722">
        <ele>303</ele>
      </trkpt>
      <trkpt lat="-20.977680290792584" lon="55.33714946145102">
        <ele>303</ele>
      </trkpt>
      <trkpt lat="-20.977600607154884" lon="55.33706951139073">
        <ele>296</ele>
      </trkpt>
      <trkpt lat="-20.97749072754268" lon="55.33699944279857">
        <ele>298</ele>
      </trkpt>
      <trkpt lat="-20.977390074391902" lon="55.33691949273829">
        <ele>298</ele>
      </trkpt>
      <trkpt lat="-20.977280194624896" lon="55.33684942414613">
        <ele>295</ele>
      </trkpt>
      <trkpt lat="-20.9771501841092" lon="55.33680989827363">
        <ele>288</ele>
      </trkpt>
      <trkpt lat="-20.97695055483912" lon="55.336829661209876">
        <ele>292</ele>
      </trkpt>
      <trkpt lat="-20.97684067474894" lon="55.33679911849021">
        <ele>292</ele>
      </trkpt>
      <trkpt lat="-20.976780282603894" lon="55.33679911849021">
        <ele>290</ele>
      </trkpt>
      <trkpt lat="-20.976650271653288" lon="55.336839542678">
        <ele>290</ele>
      </trkpt>
      <trkpt lat="-20.976500129834104" lon="55.33690961127016">
        <ele>296</ele>
      </trkpt>
      <trkpt lat="-20.97643051095056" lon="55.33690961127016">
        <ele>286</ele>
      </trkpt>
      <trkpt lat="-20.976310565087175" lon="55.336839542678">
        <ele>285</ele>
      </trkpt>
      <trkpt lat="-20.975780453545" lon="55.33706951139073">
        <ele>276</ele>
      </trkpt>
      <trkpt lat="-20.975390417744443" lon="55.33724917444756">
        <ele>264</ele>
      </trkpt>
      <trkpt lat="-20.975370286836778" lon="55.33727971716722">
        <ele>264</ele>
      </trkpt>
      <trkpt lat="-20.975130393311893" lon="55.33727971716722">
        <ele>264</ele>
      </trkpt>
      <trkpt lat="-20.97498024996579" lon="55.33726983569909">
        <ele>258</ele>
      </trkpt>
      <trkpt lat="-20.974810814276733" lon="55.33736954869563">
        <ele>258</ele>
      </trkpt>
      <trkpt lat="-20.974710159320985" lon="55.33726983569909">
        <ele>251</ele>
      </trkpt>
      <trkpt lat="-20.974580146569497" lon="55.33726983569909">
        <ele>251</ele>
      </trkpt>
      <trkpt lat="-20.974370448344928" lon="55.33747914316029">
        <ele>246</ele>
      </trkpt>
      <trkpt lat="-20.97422030423537" lon="55.337449498755916">
        <ele>231</ele>
      </trkpt>
      <trkpt lat="-20.974160749826126" lon="55.33737943016376">
        <ele>230</ele>
      </trkpt>
      <trkpt lat="-20.974339412982683" lon="55.33719168226938">
        <ele>244</ele>
      </trkpt>
      <trkpt lat="-20.974570081061447" lon="55.33694913714266">
        <ele>242</ele>
      </trkpt>
      <trkpt lat="-20.97470009382168" lon="55.336669761089304">
        <ele>235</ele>
      </trkpt>
      <trkpt lat="-20.97482004097761" lon="55.33648919971719">
        <ele>235</ele>
      </trkpt>
      <trkpt lat="-20.974860302938445" lon="55.336279892255995">
        <ele>234</ele>
      </trkpt>
      <trkpt lat="-20.974900564888426" lon="55.336149636539794">
        <ele>234</ele>
      </trkpt>
      <trkpt lat="-20.974850237449246" lon="55.33605980501138">
        <ele>234</ele>
      </trkpt>
      <trkpt lat="-20.974910630374215" lon="55.335969973482975">
        <ele>232</ele>
      </trkpt>
      <trkpt lat="-20.974860302938445" lon="55.3358091750471">
        <ele>232</ele>
      </trkpt>
      <trkpt lat="-20.97487036842694" lon="55.33554956193">
        <ele>231</ele>
      </trkpt>
      <trkpt lat="-20.9748007487842" lon="55.33534923762164">
        <ele>228</ele>
      </trkpt>
      <trkpt lat="-20.974780617797123" lon="55.33503931884862">
        <ele>209</ele>
      </trkpt>
      <trkpt lat="-20.974780617797123" lon="55.33491984291583">
        <ele>209</ele>
      </trkpt>
      <trkpt lat="-20.974710159320985" lon="55.33483989285555">
        <ele>208</ele>
      </trkpt>
      <trkpt lat="-20.97469002832171" lon="55.33478958719964">
        <ele>208</ele>
      </trkpt>
      <trkpt lat="-20.9746002775836" lon="55.33481923160401">
        <ele>208</ele>
      </trkpt>
      <trkpt lat="-20.9744903957654" lon="55.33481923160401">
        <ele>193</ele>
      </trkpt>
      <trkpt lat="-20.974440068188105" lon="55.3347294000756">
        <ele>193</ele>
      </trkpt>
      <trkpt lat="-20.974320120727242" lon="55.33460992414281">
        <ele>193</ele>
      </trkpt>
      <trkpt lat="-20.974320120727242" lon="55.334549737018776">
        <ele>193</ele>
      </trkpt>
      <trkpt lat="-20.97422030423537" lon="55.33456949995502">
        <ele>183</ele>
      </trkpt>
      <trkpt lat="-20.974170815361763" lon="55.33448954989474">
        <ele>173</ele>
      </trkpt>
      <trkpt lat="-20.974270631886668" lon="55.334259581182">
        <ele>189</ele>
      </trkpt>
      <trkpt lat="-20.974400644907398" lon="55.33411944399768">
        <ele>194</ele>
      </trkpt>
      <trkpt lat="-20.97446019922106" lon="55.33394966240898">
        <ele>196</ele>
      </trkpt>
      <trkpt lat="-20.974530657815034" lon="55.33369993076">
        <ele>215</ele>
      </trkpt>
      <trkpt lat="-20.974390579387254" lon="55.333449300795735">
        <ele>188</ele>
      </trkpt>
      <trkpt lat="-20.97435031729989" lon="55.33323999333453">
        <ele>205</ele>
      </trkpt>
      <trkpt lat="-20.9742806974149" lon="55.333049550494295">
        <ele>187</ele>
      </trkpt>
      <trkpt lat="-20.974260566357778" lon="55.33279981884531">
        <ele>184</ele>
      </trkpt>
      <trkpt lat="-20.97422030423537" lon="55.33254918888105">
        <ele>187</ele>
      </trkpt>
      <trkpt lat="-20.974270631886668" lon="55.33216920151586">
        <ele>187</ele>
      </trkpt>
      <trkpt lat="-20.974060094432605" lon="55.33189970693063">
        <ele>182</ele>
      </trkpt>
      <trkpt lat="-20.973880592145917" lon="55.331449650973276">
        <ele>183</ele>
      </trkpt>
      <trkpt lat="-20.973740513108886" lon="55.331139732200256">
        <ele>184</ele>
      </trkpt>
      <trkpt lat="-20.973880592145917" lon="55.33060972618263">
        <ele>185</ele>
      </trkpt>
      <trkpt lat="-20.973920015563802" lon="55.33041928334239">
        <ele>189</ele>
      </trkpt>
      <trkpt lat="-20.973960277767077" lon="55.32998988863658">
        <ele>179</ele>
      </trkpt>
      <trkpt lat="-20.973880592145917" lon="55.32992970151255">
        <ele>186</ele>
      </trkpt>
      <trkpt lat="-20.97376064423606" lon="55.3299099385763">
        <ele>186</ele>
      </trkpt>
      <trkpt lat="-20.973690185279093" lon="55.329819208732594">
        <ele>173</ele>
      </trkpt>
      <trkpt lat="-20.973630630658608" lon="55.32979944579635">
        <ele>173</ele>
      </trkpt>
      <trkpt lat="-20.97357023721643" lon="55.329839869984134">
        <ele>173</ele>
      </trkpt>
      <trkpt lat="-20.973480485805887" lon="55.32986951438851">
        <ele>173</ele>
      </trkpt>
      <trkpt lat="-20.97334040639387" lon="55.32986951438851">
        <ele>155</ele>
      </trkpt>
      <trkpt lat="-20.973180195647938" lon="55.32977968286011">
        <ele>155</ele>
      </trkpt>
      <trkpt lat="-20.973230523649466" lon="55.329509289959574">
        <ele>156</ele>
      </trkpt>
      <trkpt lat="-20.97336053757493" lon="55.32923979537434">
        <ele>151</ele>
      </trkpt>
      <trkpt lat="-20.973370603164444" lon="55.32879962088513">
        <ele>148</ele>
      </trkpt>
      <trkpt lat="-20.973540040486192" lon="55.32823997046312">
        <ele>145</ele>
      </trkpt>
      <trkpt lat="-20.97356017164036" lon="55.327999221966984">
        <ele>140</ele>
      </trkpt>
      <trkpt lat="-20.97342512509587" lon="55.32766684531185">
        <ele>144</ele>
      </trkpt>
      <trkpt lat="-20.97316174204315" lon="55.32702275325313">
        <ele>135</ele>
      </trkpt>
      <trkpt lat="-20.97316174204315" lon="55.32702275325313">
        <ele>135</ele>
      </trkpt>
      <trkpt lat="-20.973059408375168" lon="55.32681075084609">
        <ele>132</ele>
      </trkpt>
      <trkpt lat="-20.972760794976324" lon="55.32684758177274">
        <ele>132</ele>
      </trkpt>
      <trkpt lat="-20.973056053171764" lon="55.32675685192904">
        <ele>134</ele>
      </trkpt>
      <trkpt lat="-20.972970495459233" lon="55.32639303423898">
        <ele>134</ele>
      </trkpt>
      <trkpt lat="-20.972908424146944" lon="55.32611096323976">
        <ele>132</ele>
      </trkpt>
      <trkpt lat="-20.972728920477156" lon="55.325864824851905">
        <ele>131</ele>
      </trkpt>
      <trkpt lat="-20.972565353861388" lon="55.325675280326955">
        <ele>122</ele>
      </trkpt>
      <trkpt lat="-20.972502443576886" lon="55.32558544879855">
        <ele>127</ele>
      </trkpt>
      <trkpt lat="-20.972431984026812" lon="55.32556658417758">
        <ele>122</ele>
      </trkpt>
      <trkpt lat="-20.97234894237159" lon="55.3255602959706">
        <ele>122</ele>
      </trkpt>
      <trkpt lat="-20.97225583500633" lon="55.32574714554969">
        <ele>120</ele>
      </trkpt>
      <trkpt lat="-20.972159372359528" lon="55.325986995730545">
        <ele>122</ele>
      </trkpt>
      <trkpt lat="-20.97207968577827" lon="55.326198099822314">
        <ele>121</ele>
      </trkpt>
      <trkpt lat="-20.971990772279554" lon="55.326429865165615">
        <ele>117</ele>
      </trkpt>
      <trkpt lat="-20.97192031248829" lon="55.32654934109841">
        <ele>117</ele>
      </trkpt>
      <trkpt lat="-20.971976512562566" lon="55.32685656492558">
        <ele>117</ele>
      </trkpt>
      <trkpt lat="-20.971976512562566" lon="55.32685656492558">
        <ele>117</ele>
      </trkpt>
      <trkpt lat="-20.971976512562566" lon="55.32685656492558">
        <ele>143</ele>
      </trkpt>
      <trkpt lat="-20.97192031248829" lon="55.326791886225124">
        <ele>141</ele>
      </trkpt>
      <trkpt lat="-20.97188172735043" lon="55.32672451257881">
        <ele>138</ele>
      </trkpt>
      <trkpt lat="-20.971863273585313" lon="55.326711936164834">
        <ele>138</ele>
      </trkpt>
      <trkpt lat="-20.971838948164198" lon="55.32670744458842">
        <ele>138</ele>
      </trkpt>
      <trkpt lat="-20.97176681068519" lon="55.326739783938635">
        <ele>138</ele>
      </trkpt>
      <trkpt lat="-20.971705577681504" lon="55.32685746324086">
        <ele>138</ele>
      </trkpt>
      <trkpt lat="-20.971610792297568" lon="55.326747868776195">
        <ele>137</ele>
      </trkpt>
      <trkpt lat="-20.971552075657886" lon="55.32668319007574">
        <ele>137</ele>
      </trkpt>
      <trkpt lat="-20.971398573476666" lon="55.32643076348089">
        <ele>136</ele>
      </trkpt>
      <trkpt lat="-20.97131553124734" lon="55.32629960944942">
        <ele>136</ele>
      </trkpt>
      <trkpt lat="-20.971297916223058" lon="55.32628074482846">
        <ele>136</ele>
      </trkpt>
      <trkpt lat="-20.97127275189908" lon="55.32620348971402">
        <ele>135</ele>
      </trkpt>
      <trkpt lat="-20.971248426381855" lon="55.326048081169866">
        <ele>135</ele>
      </trkpt>
      <trkpt lat="-20.971226617294096" lon="55.32595645301089">
        <ele>135</ele>
      </trkpt>
      <trkpt lat="-20.97116286763468" lon="55.325803739412585">
        <ele>135</ele>
      </trkpt>
      <trkpt lat="-20.971104989630884" lon="55.325733670820426">
        <ele>135</ele>
      </trkpt>
      <trkpt lat="-20.97104962804106" lon="55.32574714554969">
        <ele>135</ele>
      </trkpt>
      <trkpt lat="-20.97101439792778" lon="55.32575792533311">
        <ele>136</ele>
      </trkpt>
      <trkpt lat="-20.970932194297824" lon="55.32575343375668">
        <ele>136</ele>
      </trkpt>
      <trkpt lat="-20.970797984192576" lon="55.32577948489991">
        <ele>135</ele>
      </trkpt>
      <trkpt lat="-20.97057569844071" lon="55.325677076957525">
        <ele>134</ele>
      </trkpt>
      <trkpt lat="-20.970526208360415" lon="55.325645635922584">
        <ele>134</ele>
      </trkpt>
      <trkpt lat="-20.97044148801541" lon="55.32561239825707">
        <ele>134</ele>
      </trkpt>
      <trkpt lat="-20.9702410109682" lon="55.32550549873826">
        <ele>134</ele>
      </trkpt>
      <trkpt lat="-20.970213330015877" lon="55.325497413900706">
        <ele>134</ele>
      </trkpt>
      <trkpt lat="-20.97009505679818" lon="55.32549292232428">
        <ele>133</ele>
      </trkpt>
      <trkpt lat="-20.970043050105478" lon="55.32546956612689">
        <ele>133</ele>
      </trkpt>
      <trkpt lat="-20.970017885570247" lon="55.32545429476707">
        <ele>133</ele>
      </trkpt>
      <trkpt lat="-20.969954135395362" lon="55.32539500595831">
        <ele>133</ele>
      </trkpt>
      <trkpt lat="-20.969835023153678" lon="55.325315954213316">
        <ele>133</ele>
      </trkpt>
      <trkpt lat="-20.969778822274304" lon="55.32524319067531">
        <ele>133</ele>
      </trkpt>
      <trkpt lat="-20.96975701297213" lon="55.32522342773905">
        <ele>133</ele>
      </trkpt>
      <trkpt lat="-20.969710877899377" lon="55.32519737659581">
        <ele>133</ele>
      </trkpt>
      <trkpt lat="-20.9696756474706" lon="55.32516234229973">
        <ele>133</ele>
      </trkpt>
      <trkpt lat="-20.969584216080957" lon="55.32504017142108">
        <ele>133</ele>
      </trkpt>
      <trkpt lat="-20.969549824442865" lon="55.32495752641495">
        <ele>133</ele>
      </trkpt>
      <trkpt lat="-20.969536403313665" lon="55.32490093255205">
        <ele>133</ele>
      </trkpt>
      <trkpt lat="-20.969520465721157" lon="55.324878474669944">
        <ele>133</ele>
      </trkpt>
      <trkpt lat="-20.969492784635406" lon="55.32486499994068">
        <ele>133</ele>
      </trkpt>
      <trkpt lat="-20.969435744806187" lon="55.32486230499483">
        <ele>133</ele>
      </trkpt>
      <trkpt lat="-20.969395481384243" lon="55.32488566119222">
        <ele>133</ele>
      </trkpt>
      <trkpt lat="-20.969210101739048" lon="55.32508329055472">
        <ele>135</ele>
      </trkpt>
      <trkpt lat="-20.969158094738468" lon="55.32516054566916">
        <ele>136</ele>
      </trkpt>
      <trkpt lat="-20.969195841756818" lon="55.32527463171025">
        <ele>137</ele>
      </trkpt>
      <trkpt lat="-20.96922268407517" lon="55.32535188682468">
        <ele>138</ele>
      </trkpt>
      <trkpt lat="-20.96923946052171" lon="55.32537703965263">
        <ele>137</ele>
      </trkpt>
      <trkpt lat="-20.969264625187964" lon="55.3253959042736">
        <ele>137</ele>
      </trkpt>
      <trkpt lat="-20.96934431326985" lon="55.325423752047406">
        <ele>138</ele>
      </trkpt>
      <trkpt lat="-20.96936025088112" lon="55.32545339645178">
        <ele>139</ele>
      </trkpt>
      <trkpt lat="-20.969368639096903" lon="55.325508193684115">
        <ele>141</ele>
      </trkpt>
      <trkpt lat="-20.96940470841939" lon="55.32564114434616">
        <ele>143</ele>
      </trkpt>
      <trkpt lat="-20.969429873057834" lon="55.32571211125361">
        <ele>143</ele>
      </trkpt>
      <trkpt lat="-20.969443294196605" lon="55.325805536043156">
        <ele>144</ele>
      </trkpt>
      <trkpt lat="-20.969497817560473" lon="55.325995080568106">
        <ele>145</ele>
      </trkpt>
      <trkpt lat="-20.96950536694775" lon="55.32621965938913">
        <ele>147</ele>
      </trkpt>
      <trkpt lat="-20.969496139918796" lon="55.32629601618829">
        <ele>149</ele>
      </trkpt>
      <trkpt lat="-20.969451682407726" lon="55.32636788141101">
        <ele>151</ele>
      </trkpt>
      <trkpt lat="-20.9694248401305" lon="55.32639303423898">
        <ele>151</ele>
      </trkpt>
      <trkpt lat="-20.96940219195531" lon="55.32639483086953">
        <ele>152</ele>
      </trkpt>
      <trkpt lat="-20.969385415527046" lon="55.326381356140274">
        <ele>152</ele>
      </trkpt>
      <trkpt lat="-20.9693359250527" lon="55.326313982493964">
        <ele>155</ele>
      </trkpt>
      <trkpt lat="-20.96930572746707" lon="55.32629691450357">
        <ele>156</ele>
      </trkpt>
      <trkpt lat="-20.969299016891664" lon="55.32630230439528">
        <ele>156</ele>
      </trkpt>
      <trkpt lat="-20.96929062867199" lon="55.32637776287915">
        <ele>160</ele>
      </trkpt>
      <trkpt lat="-20.969262947543676" lon="55.32639123760841">
        <ele>163</ele>
      </trkpt>
      <trkpt lat="-20.969274691053275" lon="55.32651251017176">
        <ele>167</ele>
      </trkpt>
      <trkpt lat="-20.969273013409108" lon="55.32654844278312">
        <ele>168</ele>
      </trkpt>
      <trkpt lat="-20.96925120403315" lon="55.32656551077352">
        <ele>170</ele>
      </trkpt>
      <trkpt lat="-20.969200874691886" lon="55.326577188872214">
        <ele>171</ele>
      </trkpt>
      <trkpt lat="-20.969155578270247" lon="55.32655203604426">
        <ele>175</ele>
      </trkpt>
      <trkpt lat="-20.969143834751296" lon="55.32655293435954">
        <ele>175</ele>
      </trkpt>
      <trkpt lat="-20.96913209123141" lon="55.326616714744716">
        <ele>178</ele>
      </trkpt>
      <trkpt lat="-20.96909015008144" lon="55.32664366420324">
        <ele>181</ele>
      </trkpt>
      <trkpt lat="-20.969044853626254" lon="55.3266858850216">
        <ele>185</ele>
      </trkpt>
      <trkpt lat="-20.96906498538581" lon="55.32676134350546">
        <ele>186</ele>
      </trkpt>
      <trkpt lat="-20.96905995244618" lon="55.32680356432381">
        <ele>186</ele>
      </trkpt>
      <trkpt lat="-20.96904233715612" lon="55.32684309019631">
        <ele>186</ele>
      </trkpt>
      <trkpt lat="-20.969016333628936" lon="55.32687902280768">
        <ele>186</ele>
      </trkpt>
      <trkpt lat="-20.9690012348046" lon="55.32687992112296">
        <ele>141</ele>
      </trkpt>
      <trkpt lat="-20.9690012348046" lon="55.32687992112296">
        <ele>175</ele>
      </trkpt>
      <trkpt lat="-20.969086794788932" lon="55.326968854336094">
        <ele>167</ele>
      </trkpt>
      <trkpt lat="-20.96914551239691" lon="55.32701646504614">
        <ele>165</ele>
      </trkpt>
      <trkpt lat="-20.969189969999046" lon="55.327055092603366">
        <ele>163</ele>
      </trkpt>
      <trkpt lat="-20.969164805320208" lon="55.3271548055999">
        <ele>159</ele>
      </trkpt>
      <trkpt lat="-20.96907505126457" lon="55.3273470450707">
        <ele>153</ele>
      </trkpt>
      <trkpt lat="-20.969064146562552" lon="55.3273811810515">
        <ele>153</ele>
      </trkpt>
      <trkpt lat="-20.969054919506377" lon="55.327493470462024">
        <ele>150</ele>
      </trkpt>
      <trkpt lat="-20.969041498332736" lon="55.32753299633451">
        <ele>150</ele>
      </trkpt>
      <trkpt lat="-20.96904065950935" lon="55.32756443736946">
        <ele>150</ele>
      </trkpt>
      <trkpt lat="-20.969054919506377" lon="55.327645285745035">
        <ele>152</ele>
      </trkpt>
      <trkpt lat="-20.969035626568886" lon="55.3276695402577">
        <ele>152</ele>
      </trkpt>
      <trkpt lat="-20.969017172452446" lon="55.327717150967764">
        <ele>153</ele>
      </trkpt>
      <trkpt lat="-20.969002912451817" lon="55.32784201679226">
        <ele>156</ele>
      </trkpt>
      <trkpt lat="-20.968976908917764" lon="55.32791118706914">
        <ele>157</ele>
      </trkpt>
      <trkpt lat="-20.968974392446487" lon="55.32793723821238">
        <ele>158</ele>
      </trkpt>
      <trkpt lat="-20.968983619507632" lon="55.32799203544471">
        <ele>159</ele>
      </trkpt>
      <trkpt lat="-20.968971037151384" lon="55.32808995181067">
        <ele>160</ele>
      </trkpt>
      <trkpt lat="-20.96898110303647" lon="55.32811151137749">
        <ele>160</ele>
      </trkpt>
      <trkpt lat="-20.969020527746522" lon="55.32815822377227">
        <ele>161</ele>
      </trkpt>
      <trkpt lat="-20.969091827727663" lon="55.328212122689315">
        <ele>162</ele>
      </trkpt>
      <trkpt lat="-20.969105248896792" lon="55.32823278394084">
        <ele>162</ele>
      </trkpt>
      <trkpt lat="-20.969120347710604" lon="55.32831542894699">
        <ele>162</ele>
      </trkpt>
      <trkpt lat="-20.969115314772836" lon="55.32842502341165">
        <ele>135</ele>
      </trkpt>
      <trkpt lat="-20.969115314772836" lon="55.32842502341165">
        <ele>144</ele>
      </trkpt>
      <trkpt lat="-20.969115314772836" lon="55.32842502341165">
        <ele>144</ele>
      </trkpt>
      <trkpt lat="-20.969160611206675" lon="55.328579533640514">
        <ele>149</ele>
      </trkpt>
      <trkpt lat="-20.96918074295062" lon="55.328789739417">
        <ele>152</ele>
      </trkpt>
      <trkpt lat="-20.969150545333676" lon="55.32913918406252">
        <ele>155</ele>
      </trkpt>
      <trkpt lat="-20.969020527746522" lon="55.32948952702333">
        <ele>155</ele>
      </trkpt>
      <trkpt lat="-20.96894000066811" lon="55.32961978273953">
        <ele>160</ele>
      </trkpt>
      <trkpt lat="-20.968880444155115" lon="55.32979944579635">
        <ele>160</ele>
      </trkpt>
      <trkpt lat="-20.968830114689034" lon="55.3299099385763">
        <ele>164</ele>
      </trkpt>
      <trkpt lat="-20.96878062403085" lon="55.330209975881196">
        <ele>161</ele>
      </trkpt>
      <trkpt lat="-20.968690030919205" lon="55.3302998074096">
        <ele>174</ele>
      </trkpt>
      <trkpt lat="-20.96860027657855" lon="55.330439944593934">
        <ele>165</ele>
      </trkpt>
      <trkpt lat="-20.96858014475641" lon="55.330519894654216">
        <ele>170</ele>
      </trkpt>
      <trkpt lat="-20.968610342488596" lon="55.33065913352325">
        <ele>170</ele>
      </trkpt>
      <trkpt lat="-20.96862040839795" lon="55.33080915217571">
        <ele>170</ele>
      </trkpt>
      <trkpt lat="-20.96860027657855" lon="55.33099959501594">
        <ele>170</ele>
      </trkpt>
      <trkpt lat="-20.96851052218398" lon="55.33126998791646">
        <ele>176</ele>
      </trkpt>
      <trkpt lat="-20.968400635889243" lon="55.331529601033566">
        <ele>179</ele>
      </trkpt>
      <trkpt lat="-20.96833017440585" lon="55.33163919549823">
        <ele>191</ele>
      </trkpt>
      <trkpt lat="-20.968300815444632" lon="55.33174968827818">
        <ele>191</ele>
      </trkpt>
      <trkpt lat="-20.968280683582176" lon="55.33189970693063">
        <ele>191</ele>
      </trkpt>
      <trkpt lat="-20.96820015610526" lon="55.331989538459034">
        <ele>192</ele>
      </trkpt>
      <trkpt lat="-20.96821022204225" lon="55.33208925145557">
        <ele>192</ele>
      </trkpt>
      <trkpt lat="-20.968190090167592" lon="55.33219974423552">
        <ele>197</ele>
      </trkpt>
      <trkpt lat="-20.96811040147049" lon="55.33219974423552">
        <ele>197</ele>
      </trkpt>
      <trkpt lat="-20.968050005798094" lon="55.332309338700185">
        <ele>203</ele>
      </trkpt>
      <trkpt lat="-20.968050005798094" lon="55.33246923882076">
        <ele>202</ele>
      </trkpt>
      <trkpt lat="-20.968080203637342" lon="55.33262913894132">
        <ele>202</ele>
      </trkpt>
      <trkpt lat="-20.9680902695824" lon="55.332819581781564">
        <ele>203</ele>
      </trkpt>
      <trkpt lat="-20.96799044893057" lon="55.332929176246225">
        <ele>203</ele>
      </trkpt>
      <trkpt lat="-20.96786043033455" lon="55.33302978755805">
        <ele>210</ele>
      </trkpt>
      <trkpt lat="-20.967780741461755" lon="55.33316992474237">
        <ele>210</ele>
      </trkpt>
      <trkpt lat="-20.967760609529265" lon="55.33349780982107">
        <ele>212</ele>
      </trkpt>
      <trkpt lat="-20.96773041162545" lon="55.33396942534523">
        <ele>214</ele>
      </trkpt>
      <trkpt lat="-20.967690147744225" lon="55.3344293627707">
        <ele>220</ele>
      </trkpt>
      <trkpt lat="-20.967660788657327" lon="55.33463956854719">
        <ele>222</ele>
      </trkpt>
      <trkpt lat="-20.967610458780655" lon="55.33477970573151">
        <ele>222</ele>
      </trkpt>
      <trkpt lat="-20.967560128887044" lon="55.33483989285555">
        <ele>223</ele>
      </trkpt>
      <trkpt lat="-20.967530769774637" lon="55.33492972438396">
        <ele>224</ele>
      </trkpt>
      <trkpt lat="-20.967530769774637" lon="55.3350294373805">
        <ele>224</ele>
      </trkpt>
      <trkpt lat="-20.967670015799552" lon="55.33559986758591">
        <ele>228</ele>
      </trkpt>
      <trkpt lat="-20.96764065670869" lon="55.33569958058246">
        <ele>228</ele>
      </trkpt>
      <trkpt lat="-20.967590326825256" lon="55.33574988623836">
        <ele>237</ele>
      </trkpt>
      <trkpt lat="-20.96742004392731" lon="55.33582983629865">
        <ele>237</ele>
      </trkpt>
      <trkpt lat="-20.96734035481979" lon="55.3358495992349">
        <ele>237</ele>
      </trkpt>
      <trkpt lat="-20.967330288824233" lon="55.33610921235201">
        <ele>240</ele>
      </trkpt>
      <trkpt lat="-20.967370552802365" lon="55.33620982366383">
        <ele>240</ele>
      </trkpt>
      <trkpt lat="-20.967350420814657" lon="55.336279892255995">
        <ele>240</ele>
      </trkpt>
      <trkpt lat="-20.967240533667262" lon="55.33644967384469">
        <ele>247</ele>
      </trkpt>
      <trkpt lat="-20.96720026965412" lon="55.33655926830935">
        <ele>247</ele>
      </trkpt>
      <trkpt lat="-20.96720026965412" lon="55.336669761089304">
        <ele>256</ele>
      </trkpt>
      <trkpt lat="-20.96709038239637" lon="55.336929374206406">
        <ele>265</ele>
      </trkpt>
      <trkpt lat="-20.966870607638633" lon="55.33705962992261">
        <ele>267</ele>
      </trkpt>
      <trkpt lat="-20.96662231210382" lon="55.33713508840648">
        <ele>267</ele>
      </trkpt>
      <trkpt lat="-20.966280066231317" lon="55.337239292979426">
        <ele>271</ele>
      </trkpt>
      <trkpt lat="-20.966090488523637" lon="55.33735966722751">
        <ele>278</ele>
      </trkpt>
      <trkpt lat="-20.966000732622426" lon="55.33737943016376">
        <ele>278</ele>
      </trkpt>
      <trkpt lat="-20.965590539079816" lon="55.33729948010347">
        <ele>280</ele>
      </trkpt>
      <trkpt lat="-20.96548065063906" lon="55.33730936157159">
        <ele>280</ele>
      </trkpt>
      <trkpt lat="-20.96543032002852" lon="55.3373991931">
        <ele>280</ele>
      </trkpt>
      <trkpt lat="-20.965450452274766" lon="55.337559991535855">
        <ele>282</ele>
      </trkpt>
      <trkpt lat="-20.965560340737728" lon="55.337749536060805">
        <ele>295</ele>
      </trkpt>
      <trkpt lat="-20.965600605192485" lon="55.337789960248585">
        <ele>285</ele>
      </trkpt>
      <trkpt lat="-20.965670229119926" lon="55.33780972318485">
        <ele>285</ele>
      </trkpt>
      <trkpt lat="-20.965710493545092" lon="55.33785913052547">
        <ele>285</ele>
      </trkpt>
      <trkpt lat="-20.965730625753604" lon="55.33792919911763">
        <ele>285</ele>
      </trkpt>
      <trkpt lat="-20.965720559649696" lon="55.33831996626622">
        <ele>296</ele>
      </trkpt>
      <trkpt lat="-20.965710493545092" lon="55.338449323667135">
        <ele>296</ele>
      </trkpt>
      <trkpt lat="-20.965710493545092" lon="55.33880954809607">
        <ele>303</ele>
      </trkpt>
      <trkpt lat="-20.96569036133386" lon="55.33908982246472">
        <ele>303</ele>
      </trkpt>
      <trkpt lat="-20.965750757959416" lon="55.33919941692938">
        <ele>308</ele>
      </trkpt>
      <trkpt lat="-20.96581031571907" lon="55.33946980982989">
        <ele>311</ele>
      </trkpt>
      <trkpt lat="-20.96583044791415" lon="55.33961982848234">
        <ele>319</ele>
      </trkpt>
      <trkpt lat="-20.96584051401067" lon="55.3400698844397">
        <ele>324</ele>
      </trkpt>
      <trkpt lat="-20.965870712296173" lon="55.34034926049305">
        <ele>329</ele>
      </trkpt>
      <trkpt lat="-20.965960468275416" lon="55.34047951620926">
        <ele>329</ele>
      </trkpt>
      <trkpt lat="-20.966160112222973" lon="55.340499279145504">
        <ele>329</ele>
      </trkpt>
      <trkpt lat="-20.96633039655582" lon="55.34059989045732">
        <ele>341</ele>
      </trkpt>
      <trkpt lat="-20.966530040009445" lon="55.34060977192544">
        <ele>345</ele>
      </trkpt>
      <trkpt lat="-20.966690257882362" lon="55.34064929779795">
        <ele>345</ele>
      </trkpt>
      <trkpt lat="-20.966740588068788" lon="55.341049946414664">
        <ele>355</ele>
      </trkpt>
      <trkpt lat="-20.966770786172503" lon="55.34119996506711">
        <ele>355</ele>
      </trkpt>
      <trkpt lat="-20.966780013369636" lon="55.341319440999904">
        <ele>358</ele>
      </trkpt>
      <trkpt lat="-20.966840409555072" lon="55.34149910405672">
        <ele>361</ele>
      </trkpt>
      <trkpt lat="-20.966880673665116" lon="55.3415799524323">
        <ele>361</ele>
      </trkpt>
      <trkpt lat="-20.966850475583602" lon="55.34173985255286">
        <ele>366</ele>
      </trkpt>
      <trkpt lat="-20.966870607638633" lon="55.34181980261315">
        <ele>366</ele>
      </trkpt>
      <trkpt lat="-20.96706018435721" lon="55.34201922860623">
        <ele>369</ele>
      </trkpt>
      <trkpt lat="-20.96713064643912" lon="55.34216924725868">
        <ele>375</ele>
      </trkpt>
      <trkpt lat="-20.967250599668866" lon="55.342279740038634">
        <ele>375</ele>
      </trkpt>
      <trkpt lat="-20.96742004392731" lon="55.342289621506744">
        <ele>377</ele>
      </trkpt>
      <trkpt lat="-20.9675207037919" lon="55.34225997710237">
        <ele>377</ele>
      </trkpt>
      <trkpt lat="-20.967580260846518" lon="55.342179128726805">
        <ele>377</ele>
      </trkpt>
      <trkpt lat="-20.967930053209717" lon="55.342269858570496">
        <ele>382</ele>
      </trkpt>
      <trkpt lat="-20.968000514881673" lon="55.34232914737925">
        <ele>382</ele>
      </trkpt>
      <trkpt lat="-20.96798038297879" lon="55.34250970875136">
        <ele>388</ele>
      </trkpt>
      <trkpt lat="-20.96794011916489" lon="55.34270913474443">
        <ele>397</ele>
      </trkpt>
      <trkpt lat="-20.967930053209717" lon="55.342809746056254">
        <ele>397</ele>
      </trkpt>
      <trkpt lat="-20.96803071273092" lon="55.34340982066605">
        <ele>401</ele>
      </trkpt>
      <trkpt lat="-20.968050005798094" lon="55.34363978937878">
        <ele>406</ele>
      </trkpt>
      <trkpt lat="-20.96810033552679" lon="55.34385807999282">
        <ele>406</ele>
      </trkpt>
      <trkpt lat="-20.968150665238554" lon="55.344079963868">
        <ele>412</ele>
      </trkpt>
      <trkpt lat="-20.96818002422926" lon="55.34435933992137">
        <ele>419</ele>
      </trkpt>
      <trkpt lat="-20.968280683582176" lon="55.344729445818416">
        <ele>432</ele>
      </trkpt>
      <trkpt lat="-20.96842076773555" lon="55.34520914618013">
        <ele>441</ele>
      </trkpt>
      <trkpt lat="-20.96846019259336" lon="55.34545977614441">
        <ele>441</ele>
      </trkpt>
      <trkpt lat="-20.968539042277808" lon="55.34577598312441">
        <ele>454</ele>
      </trkpt>
      <trkpt lat="-20.96867073793464" lon="55.34630958240318">
        <ele>471</ele>
      </trkpt>
      <trkpt lat="-20.968779785206003" lon="55.34667340009325">
        <ele>473</ele>
      </trkpt>
      <trkpt lat="-20.96892070771578" lon="55.34714950719383">
        <ele>483</ele>
      </trkpt>
      <trkpt lat="-20.968950066555273" lon="55.34731928878253">
        <ele>483</ele>
      </trkpt>
      <trkpt lat="-20.96892070771578" lon="55.347389357374695">
        <ele>483</ele>
      </trkpt>
      <trkpt lat="-20.968710162726534" lon="55.347389357374695">
        <ele>483</ele>
      </trkpt>
      <trkpt lat="-20.968660672028662" lon="55.34736959443845">
        <ele>482</ele>
      </trkpt>
      <trkpt lat="-20.96821022204225" lon="55.34703991272917">
        <ele>482</ele>
      </trkpt>
      <trkpt lat="-20.968190090167592" lon="55.347389357374695">
        <ele>482</ele>
      </trkpt>
      <trkpt lat="-20.968249646955588" lon="55.347749581803626">
        <ele>488</ele>
      </trkpt>
      <trkpt lat="-20.96832010847693" lon="55.34817987482472">
        <ele>493</ele>
      </trkpt>
      <trkpt lat="-20.968380504040233" lon="55.34860926953053">
        <ele>505</ele>
      </trkpt>
      <trkpt lat="-20.96841070181274" lon="55.34871976231047">
        <ele>506</ele>
      </trkpt>
      <trkpt lat="-20.96854071993023" lon="55.349089868207535">
        <ele>507</ele>
      </trkpt>
      <trkpt lat="-20.968560012931576" lon="55.34918958120407">
        <ele>510</ele>
      </trkpt>
      <trkpt lat="-20.96860027657855" lon="55.349199462672196">
        <ele>510</ele>
      </trkpt>
      <trkpt lat="-20.96876049223301" lon="55.349159936799694">
        <ele>509</ele>
      </trkpt>
      <trkpt lat="-20.968910641826632" lon="55.34907998673941">
        <ele>509</ele>
      </trkpt>
      <trkpt lat="-20.969050725389746" lon="55.34901979961538">
        <ele>512</ele>
      </trkpt>
      <trkpt lat="-20.969150545333676" lon="55.34901979961538">
        <ele>512</ele>
      </trkpt>
      <trkpt lat="-20.969220167608032" lon="55.349089868207535">
        <ele>512</ele>
      </trkpt>
      <trkpt lat="-20.969260431077224" lon="55.34920934414032">
        <ele>517</ele>
      </trkpt>
      <trkpt lat="-20.969280562807736" lon="55.34948961850897">
        <ele>520</ele>
      </trkpt>
      <trkpt lat="-20.96932082626064" lon="55.34959921297363">
        <ele>523</ele>
      </trkpt>
      <trkpt lat="-20.96933005330041" lon="55.34976989287762">
        <ele>527</ele>
      </trkpt>
      <trkpt lat="-20.969380382598207" lon="55.34994955593444">
        <ele>532</ele>
      </trkpt>
      <trkpt lat="-20.969400514312575" lon="55.35027923764371">
        <ele>536</ele>
      </trkpt>
      <trkpt lat="-20.96944077773318" lon="55.35048944342019">
        <ele>536</ele>
      </trkpt>
      <trkpt lat="-20.969480202322014" lon="55.350609817668264">
        <ele>541</ele>
      </trkpt>
      <trkpt lat="-20.96954059741667" lon="55.35073917506917">
        <ele>548</ele>
      </trkpt>
      <trkpt lat="-20.96956072910946" lon="55.35086943078537">
        <ele>548</ele>
      </trkpt>
      <trkpt lat="-20.96961021950938" lon="55.35142997952266">
        <ele>555</ele>
      </trkpt>
      <trkpt lat="-20.9695506632634" lon="55.351729118512274">
        <ele>556</ele>
      </trkpt>
      <trkpt lat="-20.969640417033514" lon="55.3519995114128">
        <ele>558</ele>
      </trkpt>
      <trkpt lat="-20.969740236583686" lon="55.352169293001495">
        <ele>562</ele>
      </trkpt>
      <trkpt lat="-20.969850121893803" lon="55.35245944883826">
        <ele>572</ele>
      </trkpt>
      <trkpt lat="-20.969860187719696" lon="55.35261934895884">
        <ele>572</ele>
      </trkpt>
      <trkpt lat="-20.96993064848199" lon="55.35273972320691">
        <ele>581</ele>
      </trkpt>
      <trkpt lat="-20.969940714302467" lon="55.35282955473532">
        <ele>581</ele>
      </trkpt>
      <trkpt lat="-20.969970072941646" lon="55.35292926773186">
        <ele>581</ele>
      </trkpt>
      <trkpt lat="-20.97003046783838" lon="55.35301999757556">
        <ele>579</ele>
      </trkpt>
      <trkpt lat="-20.970060665277614" lon="55.35310982910397">
        <ele>591</ele>
      </trkpt>
      <trkpt lat="-20.970060665277614" lon="55.35317989769614">
        <ele>591</ele>
      </trkpt>
      <trkpt lat="-20.970140352935157" lon="55.353309255097045">
        <ele>582</ele>
      </trkpt>
      <trkpt lat="-20.970170550352197" lon="55.353439510813246">
        <ele>577</ele>
      </trkpt>
      <trkpt lat="-20.970150418741525" lon="55.353589529465694">
        <ele>585</ele>
      </trkpt>
      <trkpt lat="-20.9702108135654" lon="55.353749429586266">
        <ele>585</ele>
      </trkpt>
      <trkpt lat="-20.97022004055024" lon="55.35395963536274">
        <ele>593</ele>
      </trkpt>
      <trkpt lat="-20.970200747763123" lon="55.354159959671115">
        <ele>601</ele>
      </trkpt>
      <trkpt lat="-20.970200747763123" lon="55.35427943560389">
        <ele>601</ele>
      </trkpt>
      <trkpt lat="-20.970230106351234" lon="55.35435938566418">
        <ele>601</ele>
      </trkpt>
      <trkpt lat="-20.970360122886408" lon="55.35481932308965">
        <ele>612</ele>
      </trkpt>
      <trkpt lat="-20.970390320259042" lon="55.35504929180239">
        <ele>617</ele>
      </trkpt>
      <trkpt lat="-20.97051027087343" lon="55.355469703355354">
        <ele>613</ele>
      </trkpt>
      <trkpt lat="-20.970520336654882" lon="55.35557929782002">
        <ele>623</ele>
      </trkpt>
      <trkpt lat="-20.97050020509131" lon="55.3557895035965">
        <ele>630</ele>
      </trkpt>
      <trkpt lat="-20.97051027087343" lon="55.35588921659304">
        <ele>630</ele>
      </trkpt>
      <trkpt lat="-20.970570665551943" lon="55.356019472309235">
        <ele>634</ele>
      </trkpt>
      <trkpt lat="-20.970610089842808" lon="55.35626920395822">
        <ele>630</ele>
      </trkpt>
      <trkpt lat="-20.970640287164958" lon="55.356289865209746">
        <ele>630</ele>
      </trkpt>
      <trkpt lat="-20.970790434870576" lon="55.356609665450904">
        <ele>647</ele>
      </trkpt>
      <trkpt lat="-20.97095064817787" lon="55.3571297900004">
        <ele>652</ele>
      </trkpt>
      <trkpt lat="-20.970990072368522" lon="55.35752954030184">
        <ele>664</ele>
      </trkpt>
      <trkpt lat="-20.97110079557178" lon="55.35767955895429">
        <ele>664</ele>
      </trkpt>
      <trkpt lat="-20.971380119651897" lon="55.35798947772731">
        <ele>668</ele>
      </trkpt>
      <trkpt lat="-20.971470711133385" lon="55.35814937784788">
        <ele>677</ele>
      </trkpt>
      <trkpt lat="-20.97158059517148" lon="55.358399109496865">
        <ele>676</ele>
      </trkpt>
      <trkpt lat="-20.97172067623268" lon="55.35868926533364">
        <ele>685</ele>
      </trkpt>
      <trkpt lat="-20.971960575230217" lon="55.35927945847531">
        <ele>692</ele>
      </trkpt>
      <trkpt lat="-20.971950509545742" lon="55.359679208776726">
        <ele>707</ele>
      </trkpt>
      <trkpt lat="-20.97218034250544" lon="55.36006997592533">
        <ele>709</ele>
      </trkpt>
      <trkpt lat="-20.972250802174116" lon="55.36020921479437">
        <ele>719</ele>
      </trkpt>
      <trkpt lat="-20.972260029033045" lon="55.360329589042436">
        <ele>719</ele>
      </trkpt>
      <trkpt lat="-20.972340554323047" lon="55.36045984475864">
        <ele>711</ele>
      </trkpt>
      <trkpt lat="-20.972390043802665" lon="55.36058920215955">
        <ele>725</ele>
      </trkpt>
      <trkpt lat="-20.97247056902262" lon="55.36093954512035">
        <ele>726</ele>
      </trkpt>
      <trkpt lat="-20.97250076596893" lon="55.360989850776264">
        <ele>726</ele>
      </trkpt>
      <trkpt lat="-20.97238081695178" lon="55.36097996930813">
        <ele>726</ele>
      </trkpt>
      <trkpt lat="-20.972250802174116" lon="55.36094942658849">
        <ele>726</ele>
      </trkpt>
      <trkpt lat="-20.972090590260315" lon="55.36089912093257">
        <ele>734</ele>
      </trkpt>
      <trkpt lat="-20.972060393231143" lon="55.36089912093257">
        <ele>734</ele>
      </trkpt>
      <trkpt lat="-20.971970640914" lon="55.36092966365223">
        <ele>726</ele>
      </trkpt>
      <trkpt lat="-20.97191024680111" lon="55.36099973224439">
        <ele>726</ele>
      </trkpt>
      <trkpt lat="-20.971810428699918" lon="55.361089563772794">
        <ele>721</ele>
      </trkpt>
      <trkpt lat="-20.97172067623268" lon="55.361099445240924">
        <ele>716</ele>
      </trkpt>
      <trkpt lat="-20.97165021631411" lon="55.36102937664876">
        <ele>716</ele>
      </trkpt>
      <trkpt lat="-20.97159066088085" lon="55.360989850776264">
        <ele>722</ele>
      </trkpt>
      <trkpt lat="-20.971410316818492" lon="55.36080928940416">
        <ele>713</ele>
      </trkpt>
      <trkpt lat="-20.97132056411104" lon="55.36077964499977">
        <ele>713</ele>
      </trkpt>
      <trkpt lat="-20.971250104003857" lon="55.360739220812">
        <ele>713</ele>
      </trkpt>
      <trkpt lat="-20.97118048267486" lon="55.36071945787574">
        <ele>703</ele>
      </trkpt>
      <trkpt lat="-20.971120088242728" lon="55.36068981347137">
        <ele>703</ele>
      </trkpt>
      <trkpt lat="-20.971030335361014" lon="55.36068981347137">
        <ele>703</ele>
      </trkpt>
      <trkpt lat="-20.970890253652875" lon="55.36065927075171">
        <ele>696</ele>
      </trkpt>
      <trkpt lat="-20.970660418709652" lon="55.360569439223305">
        <ele>696</ele>
      </trkpt>
      <trkpt lat="-20.970620155617542" lon="55.360569439223305">
        <ele>696</ele>
      </trkpt>
      <trkpt lat="-20.97054046821573" lon="55.36058920215955">
        <ele>690</ele>
      </trkpt>
      <trkpt lat="-20.97051027087343" lon="55.36055955775518">
        <ele>690</ele>
      </trkpt>
      <trkpt lat="-20.97035005709418" lon="55.360529913350796">
        <ele>692</ele>
      </trkpt>
      <trkpt lat="-20.970320698529626" lon="55.36048948916301">
        <ele>688</ele>
      </trkpt>
      <trkpt lat="-20.970290501142923" lon="55.360389776166485">
        <ele>688</ele>
      </trkpt>
      <trkpt lat="-20.970260303750123" lon="55.36034935197869">
        <ele>688</ele>
      </trkpt>
      <trkpt lat="-20.970130287128132" lon="55.36023975751402">
        <ele>688</ele>
      </trkpt>
      <trkpt lat="-20.970060665277614" lon="55.360219994577776">
        <ele>676</ele>
      </trkpt>
      <trkpt lat="-20.969910516839008" lon="55.36013914620221">
        <ele>685</ele>
      </trkpt>
      <trkpt lat="-20.969770434081546" lon="55.36007985739345">
        <ele>679</ele>
      </trkpt>
      <trkpt lat="-20.96963035119281" lon="55.360049314673795">
        <ele>679</ele>
      </trkpt>
      <trkpt lat="-20.96957079495483" lon="55.360019670269416">
        <ele>679</ele>
      </trkpt>
      <trkpt lat="-20.969520465721157" lon="55.360009788801285">
        <ele>679</ele>
      </trkpt>
      <trkpt lat="-20.969450004765545" lon="55.360019670269416">
        <ele>673</ele>
      </trkpt>
      <trkpt lat="-20.969430711879028" lon="55.360009788801285">
        <ele>673</ele>
      </trkpt>
      <trkpt lat="-20.969380382598207" lon="55.35991995727287">
        <ele>673</ele>
      </trkpt>
      <trkpt lat="-20.969340119161327" lon="55.35988941455322">
        <ele>680</ele>
      </trkpt>
      <trkpt lat="-20.969210101739048" lon="55.35984988868071">
        <ele>673</ele>
      </trkpt>
      <trkpt lat="-20.969160611206675" lon="55.359819345961064">
        <ele>673</ele>
      </trkpt>
      <trkpt lat="-20.96911028183489" lon="55.359809464492926">
        <ele>673</ele>
      </trkpt>
      <trkpt lat="-20.96903059362828" lon="55.359809464492926">
        <ele>673</ele>
      </trkpt>
      <trkpt lat="-20.96897019832759" lon="55.359819345961064">
        <ele>670</ele>
      </trkpt>
      <trkpt lat="-20.968830114689034" lon="55.35989929602135">
        <ele>670</ele>
      </trkpt>
      <trkpt lat="-20.968720228629195" lon="55.35991995727287">
        <ele>654</ele>
      </trkpt>
      <trkpt lat="-20.968590210667823" lon="55.35988941455322">
        <ele>664</ele>
      </trkpt>
      <trkpt lat="-20.96842076773555" lon="55.3599693646135">
        <ele>646</ele>
      </trkpt>
      <trkpt lat="-20.96832010847693" lon="55.359959483145374">
        <ele>640</ele>
      </trkpt>
      <trkpt lat="-20.968250485783415" lon="55.35998912754976">
        <ele>640</ele>
      </trkpt>
      <trkpt lat="-20.96823035391418" lon="55.359979246081636">
        <ele>640</ele>
      </trkpt>
      <trkpt lat="-20.968150665238554" lon="55.35998912754976">
        <ele>647</ele>
      </trkpt>
      <trkpt lat="-20.968080203637342" lon="55.3599693646135">
        <ele>641</ele>
      </trkpt>
      <trkpt lat="-20.967910760127072" lon="55.360019670269416">
        <ele>641</ele>
      </trkpt>
      <trkpt lat="-20.96786043033455" lon="55.360019670269416">
        <ele>647</ele>
      </trkpt>
      <trkpt lat="-20.96780003456115" lon="55.360049314673795">
        <ele>649</ele>
      </trkpt>
      <trkpt lat="-20.96773041162545" lon="55.36003943320567">
        <ele>649</ele>
      </trkpt>
      <trkpt lat="-20.967690147744225" lon="55.36007985739345">
        <ele>649</ele>
      </trkpt>
      <trkpt lat="-20.967670015799552" lon="55.360089738861575">
        <ele>649</ele>
      </trkpt>
      <trkpt lat="-20.967380618795207" lon="55.360129264734084">
        <ele>640</ele>
      </trkpt>
      <trkpt lat="-20.96730009083352" lon="55.36019933332624">
        <ele>648</ele>
      </trkpt>
      <trkpt lat="-20.967260665669773" lon="55.360219994577776">
        <ele>634</ele>
      </trkpt>
      <trkpt lat="-20.96720026965412" lon="55.36027928338653">
        <ele>634</ele>
      </trkpt>
      <trkpt lat="-20.96702075913023" lon="55.36041942057086">
        <ele>634</ele>
      </trkpt>
      <trkpt lat="-20.966870607638633" lon="55.360499370631125">
        <ele>633</ele>
      </trkpt>
      <trkpt lat="-20.96671038995895" lon="55.36061974487921">
        <ele>619</ele>
      </trkpt>
      <trkpt lat="-20.966610568385885" lon="55.360749102280124">
        <ele>596</ele>
      </trkpt>
      <trkpt lat="-20.966580370249805" lon="55.36079940793603">
        <ele>596</ele>
      </trkpt>
      <trkpt lat="-20.96656023815569" lon="55.36085959506006">
        <ele>596</ele>
      </trkpt>
      <trkpt lat="-20.966520812796865" lon="55.36089912093257">
        <ele>596</ele>
      </trkpt>
      <trkpt lat="-20.966510746746135" lon="55.360989850776264">
        <ele>596</ele>
      </trkpt>
      <trkpt lat="-20.96649061464266" lon="55.361069800836546">
        <ele>584</ele>
      </trkpt>
      <trkpt lat="-20.96647048253647" lon="55.36119915823747">
        <ele>584</ele>
      </trkpt>
      <trkpt lat="-20.96638072686336" lon="55.36159980685418">
        <ele>581</ele>
      </trkpt>
      <trkpt lat="-20.96638072686336" lon="55.361659993978215">
        <ele>576</ele>
      </trkpt>
      <trkpt lat="-20.96636059474238" lon="55.36169951985072">
        <ele>576</ele>
      </trkpt>
      <trkpt lat="-20.96638072686336" lon="55.36188996269096">
        <ele>576</ele>
      </trkpt>
      <trkpt lat="-20.966390792922848" lon="55.36192948856345">
        <ele>561</ele>
      </trkpt>
      <trkpt lat="-20.966390792922848" lon="55.36199955715561">
        <ele>561</ele>
      </trkpt>
      <trkpt lat="-20.966400020143453" lon="55.3620399813434">
        <ele>561</ele>
      </trkpt>
      <trkpt lat="-20.966400020143453" lon="55.36230318772165">
        <ele>541</ele>
      </trkpt>
      <trkpt lat="-20.966400020143453" lon="55.36256998736103">
        <ele>514</ele>
      </trkpt>
      <trkpt lat="-20.96633039655582" lon="55.36249991876887">
        <ele>514</ele>
      </trkpt>
      <trkpt lat="-20.966230574729053" lon="55.36245949458108">
        <ele>514</ele>
      </trkpt>
      <trkpt lat="-20.966120686758646" lon="55.36243973164483">
        <ele>508</ele>
      </trkpt>
      <trkpt lat="-20.965960468275416" lon="55.36242985017671">
        <ele>513</ele>
      </trkpt>
      <trkpt lat="-20.96583044791415" lon="55.36239930745704">
        <ele>512</ele>
      </trkpt>
      <trkpt lat="-20.965720559649696" lon="55.36226995005614">
        <ele>512</ele>
      </trkpt>
      <trkpt lat="-20.96554020850629" lon="55.36219988146398">
        <ele>498</ele>
      </trkpt>
      <trkpt lat="-20.965330497600885" lon="55.361939370031585">
        <ele>510</ele>
      </trkpt>
      <trkpt lat="-20.965100654110746" lon="55.36167975691447">
        <ele>508</ele>
      </trkpt>
      <trkpt lat="-20.9650301910722" lon="55.3615198567939">
        <ele>503</ele>
      </trkpt>
      <trkpt lat="-20.964940434534554" lon="55.361149750896836">
        <ele>504</ele>
      </trkpt>
      <trkpt lat="-20.96485067794303" lon="55.36068981347137">
        <ele>500</ele>
      </trkpt>
      <trkpt lat="-20.96482047945153" lon="55.36061974487921">
        <ele>500</ele>
      </trkpt>
      <trkpt lat="-20.964780214786714" lon="55.360609863411085">
        <ele>498</ele>
      </trkpt>
      <trkpt lat="-20.964740788958554" lon="55.36064938928358">
        <ele>498</ele>
      </trkpt>
      <trkpt lat="-20.96469045809902" lon="55.360739220812">
        <ele>499</ele>
      </trkpt>
      <trkpt lat="-20.964610767536755" lon="55.360759882063526">
        <ele>496</ele>
      </trkpt>
      <trkpt lat="-20.964550370450738" lon="55.36058920215955">
        <ele>498</ele>
      </trkpt>
      <trkpt lat="-20.96447067981383" lon="55.36023975751402">
        <ele>492</ele>
      </trkpt>
      <trkpt lat="-20.964410282671242" lon="55.36002955173755">
        <ele>490</ele>
      </trkpt>
      <trkpt lat="-20.964280260962067" lon="55.35975915883702">
        <ele>487</ele>
      </trkpt>
      <trkpt lat="-20.964200570181205" lon="55.359669327308616">
        <ele>487</ele>
      </trkpt>
      <trkpt lat="-20.964160305349463" lon="55.359699870028265">
        <ele>487</ele>
      </trkpt>
      <trkpt lat="-20.964080614504674" lon="55.359979246081636">
        <ele>482</ele>
      </trkpt>
      <trkpt lat="-20.964000084765736" lon="55.360299944638065">
        <ele>482</ele>
      </trkpt>
      <trkpt lat="-20.96395059250884" lon="55.36041942057086">
        <ele>471</ele>
      </trkpt>
      <trkpt lat="-20.963890195156196" lon="55.36062962634733">
        <ele>476</ele>
      </trkpt>
      <trkpt lat="-20.963830636631794" lon="55.360639507815456">
        <ele>469</ele>
      </trkpt>
      <trkpt lat="-20.963810504167476" lon="55.360529913350796">
        <ele>469</ele>
      </trkpt>
      <trkpt lat="-20.963840702862942" lon="55.360319707574305">
        <ele>474</ele>
      </trkpt>
      <trkpt lat="-20.963840702862942" lon="55.35998912754976">
        <ele>473</ele>
      </trkpt>
      <trkpt lat="-20.963750106758255" lon="55.359499545719906">
        <ele>470</ele>
      </trkpt>
      <trkpt lat="-20.96371068065852" lon="55.359229152819395">
        <ele>467</ele>
      </trkpt>
      <trkpt lat="-20.963640216965032" lon="55.35883928398607">
        <ele>460</ele>
      </trkpt>
      <trkpt lat="-20.96356052584309" lon="55.35861919674148">
        <ele>454</ele>
      </trkpt>
      <trkpt lat="-20.9635403933424" lon="55.35853924668119">
        <ele>454</ele>
      </trkpt>
      <trkpt lat="-20.96337010583236" lon="55.35826975209595">
        <ele>458</ele>
      </trkpt>
      <trkpt lat="-20.963250149489678" lon="55.35814937784788">
        <ele>458</ele>
      </trkpt>
      <trkpt lat="-20.96310083306855" lon="55.357979596259185">
        <ele>445</ele>
      </trkpt>
      <trkpt lat="-20.963010236515654" lon="55.35790952766701">
        <ele>449</ele>
      </trkpt>
      <trkpt lat="-20.96295067764078" lon="55.357849340542984">
        <ele>449</ele>
      </trkpt>
      <trkpt lat="-20.96288021358919" lon="55.35745947170968">
        <ele>433</ele>
      </trkpt>
      <trkpt lat="-20.962830720961676" lon="55.35744959024154">
        <ele>433</ele>
      </trkpt>
      <trkpt lat="-20.962800522062246" lon="55.357499895897455">
        <ele>433</ele>
      </trkpt>
      <trkpt lat="-20.962810588362743" lon="55.35758972742588">
        <ele>433</ele>
      </trkpt>
      <trkpt lat="-20.962810588362743" lon="55.357749627546454">
        <ele>440</ele>
      </trkpt>
      <trkpt lat="-20.962800522062246" lon="55.35778915341895">
        <ele>426</ele>
      </trkpt>
      <trkpt lat="-20.962760256853546" lon="55.357779271950825">
        <ele>426</ele>
      </trkpt>
      <trkpt lat="-20.962710764186323" lon="55.357669677486165">
        <ele>433</ele>
      </trkpt>
      <trkpt lat="-20.962620167397134" lon="55.357229502996944">
        <ele>437</ele>
      </trkpt>
      <trkpt lat="-20.962430585049532" lon="55.356949228628295">
        <ele>437</ele>
      </trkpt>
      <trkpt lat="-20.962330760619473" lon="55.35684951563176">
        <ele>440</ele>
      </trkpt>
      <trkpt lat="-20.962200737102265" lon="55.3567794470396">
        <ele>437</ele>
      </trkpt>
      <trkpt lat="-20.962010315360157" lon="55.35669949697931">
        <ele>437</ele>
      </trkpt>
      <trkpt lat="-20.961850092473018" lon="55.35665997110681">
        <ele>429</ele>
      </trkpt>
      <trkpt lat="-20.961420593625125" lon="55.356589902514656">
        <ele>417</ele>
      </trkpt>
      <trkpt lat="-20.961330834921018" lon="55.356529715390614">
        <ele>417</ele>
      </trkpt>
      <trkpt lat="-20.961220104482855" lon="55.35641922261067">
        <ele>417</ele>
      </trkpt>
      <trkpt lat="-20.96117061130596" lon="55.35631950961413">
        <ele>401</ele>
      </trkpt>
      <trkpt lat="-20.96112027924486" lon="55.356249441021966">
        <ele>411</ele>
      </trkpt>
      <trkpt lat="-20.961090080000062" lon="55.35618925389793">
        <ele>411</ele>
      </trkpt>
      <trkpt lat="-20.96101038751926" lon="55.35619913536606">
        <ele>411</ele>
      </trkpt>
      <trkpt lat="-20.961000321097597" lon="55.35643988386221">
        <ele>401</ele>
      </trkpt>
      <trkpt lat="-20.960980188252275" lon="55.35650995245436">
        <ele>401</ele>
      </trkpt>
      <trkpt lat="-20.960930694995987" lon="55.35654947832687">
        <ele>401</ele>
      </trkpt>
      <trkpt lat="-20.96078053738937" lon="55.356639309855275">
        <ele>400</ele>
      </trkpt>
      <trkpt lat="-20.960750338076" lon="55.356649191323406">
        <ele>400</ele>
      </trkpt>
      <trkpt lat="-20.960660578969648" lon="55.35674980263523">
        <ele>400</ele>
      </trkpt>
      <trkpt lat="-20.960620313184794" lon="55.356809989759256">
        <ele>400</ele>
      </trkpt>
      <trkpt lat="-20.960600180288317" lon="55.356869278568006">
        <ele>400</ele>
      </trkpt>
      <trkpt lat="-20.96049028818057" lon="55.356919584223924">
        <ele>419</ele>
      </trkpt>
      <trkpt lat="-20.960470155266584" lon="55.35708936581262">
        <ele>419</ele>
      </trkpt>
      <trkpt lat="-20.96044079476217" lon="55.357119908532276">
        <ele>435</ele>
      </trkpt>
      <trkpt lat="-20.96043072830219" lon="55.357189977124435">
        <ele>435</ele>
      </trkpt>
      <trkpt lat="-20.960410595380182" lon="55.357239384465075">
        <ele>435</ele>
      </trkpt>
      <trkpt lat="-20.960280570193643" lon="55.357269927184724">
        <ele>446</ele>
      </trkpt>
      <trkpt lat="-20.96025037077931" lon="55.35731933452535">
        <ele>446</ele>
      </trkpt>
      <trkpt lat="-20.96019081080538" lon="55.35734987724501">
        <ele>446</ele>
      </trkpt>
      <trkpt lat="-20.96015054489408" lon="55.35734987724501">
        <ele>446</ele>
      </trkpt>
      <trkpt lat="-20.960090146006806" lon="55.35732921599348">
        <ele>459</ele>
      </trkpt>
      <trkpt lat="-20.960040652455984" lon="55.35732921599348">
        <ele>459</ele>
      </trkpt>
      <trkpt lat="-20.960020519481468" lon="55.3573399957769">
        <ele>459</ele>
      </trkpt>
      <trkpt lat="-20.959910626947842" lon="55.357269927184724">
        <ele>459</ele>
      </trkpt>
      <trkpt lat="-20.959680775127918" lon="55.35713967146852">
        <ele>475</ele>
      </trkpt>
      <trkpt lat="-20.959470217128867" lon="55.35693934716017">
        <ele>479</ele>
      </trkpt>
      <trkpt lat="-20.959440017550918" lon="55.356919584223924">
        <ele>479</ele>
      </trkpt>
      <trkpt lat="-20.959410656844288" lon="55.3569097027558">
        <ele>479</ele>
      </trkpt>
      <trkpt lat="-20.959320058056065" lon="55.356959110096426">
        <ele>479</ele>
      </trkpt>
      <trkpt lat="-20.95915060461967" lon="55.35701929722046">
        <ele>493</ele>
      </trkpt>
      <trkpt lat="-20.959040711446928" lon="55.35693934716017">
        <ele>493</ele>
      </trkpt>
      <trkpt lat="-20.958950112434632" lon="55.35698965281609">
        <ele>498</ele>
      </trkpt>
      <trkpt lat="-20.95894004587431" lon="55.35703995847199">
        <ele>498</ele>
      </trkpt>
      <trkpt lat="-20.958900618506586" lon="55.357079484344496">
        <ele>498</ele>
      </trkpt>
      <trkpt lat="-20.958880485378632" lon="55.357119908532276">
        <ele>510</ele>
      </trkpt>
      <trkpt lat="-20.95883015254688" lon="55.35716931587291">
        <ele>510</ele>
      </trkpt>
      <trkpt lat="-20.958850285681624" lon="55.357239384465075">
        <ele>510</ele>
      </trkpt>
      <trkpt lat="-20.958870418813625" lon="55.35735975871313">
        <ele>499</ele>
      </trkpt>
      <trkpt lat="-20.958820085978495" lon="55.35734987724501">
        <ele>510</ele>
      </trkpt>
      <trkpt lat="-20.95880079172055" lon="55.35736964018127">
        <ele>510</ele>
      </trkpt>
      <trkpt lat="-20.958700125986468" lon="55.35735975871313">
        <ele>510</ele>
      </trkpt>
      <trkpt lat="-20.958640565395257" lon="55.3573399957769">
        <ele>500</ele>
      </trkpt>
      <trkpt lat="-20.958580165898244" lon="55.35725914740132">
        <ele>497</ele>
      </trkpt>
      <trkpt lat="-20.958510538670044" lon="55.357109128748874">
        <ele>500</ele>
      </trkpt>
      <trkpt lat="-20.95848033889833" lon="55.35700941575233">
        <ele>496</ele>
      </trkpt>
      <trkpt lat="-20.95847027230641" lon="55.35692946569205">
        <ele>496</ele>
      </trkpt>
      <trkpt lat="-20.95845013912054" lon="55.35685939709989">
        <ele>488</ele>
      </trkpt>
      <trkpt lat="-20.9584207782196" lon="55.356839634163634">
        <ele>488</ele>
      </trkpt>
      <trkpt lat="-20.958380511831805" lon="55.35697977134795">
        <ele>491</ele>
      </trkpt>
      <trkpt lat="-20.95836037863385" lon="55.35700941575233">
        <ele>485</ele>
      </trkpt>
      <trkpt lat="-20.958310045627083" lon="55.35703995847199">
        <ele>485</ele>
      </trkpt>
      <trkpt lat="-20.958220285056328" lon="55.35701929722046">
        <ele>485</ele>
      </trkpt>
      <trkpt lat="-20.958180018614577" lon="55.35706960287637">
        <ele>485</ele>
      </trkpt>
      <trkpt lat="-20.958180018614577" lon="55.357109128748874">
        <ele>487</ele>
      </trkpt>
      <trkpt lat="-20.95816072427405" lon="55.35716931587291">
        <ele>487</ele>
      </trkpt>
      <trkpt lat="-20.95805083037407" lon="55.357149552936654">
        <ele>474</ele>
      </trkpt>
      <trkpt lat="-20.9580105638867" lon="55.35725914740132">
        <ele>474</ele>
      </trkpt>
      <trkpt lat="-20.957970297388474" lon="55.35729957158911">
        <ele>474</ele>
      </trkpt>
      <trkpt lat="-20.95792080313623" lon="55.357469353177805">
        <ele>479</ele>
      </trkpt>
      <trkpt lat="-20.957890603245474" lon="55.357499895897455">
        <ele>464</ele>
      </trkpt>
      <trkpt lat="-20.95785033671496" lon="55.35750977736559">
        <ele>464</ele>
      </trkpt>
      <trkpt lat="-20.95776057586836" lon="55.357539421769964">
        <ele>464</ele>
      </trkpt>
      <trkpt lat="-20.95771024265978" lon="55.35760949036213">
        <ele>464</ele>
      </trkpt>
      <trkpt lat="-20.957660748321494" lon="55.35762925329837">
        <ele>464</ele>
      </trkpt>
      <trkpt lat="-20.95760034842887" lon="55.35770920335866">
        <ele>461</ele>
      </trkpt>
      <trkpt lat="-20.957550015166376" lon="55.357749627546454">
        <ele>446</ele>
      </trkpt>
      <trkpt lat="-20.957560081820226" lon="55.35795983332294">
        <ele>446</ele>
      </trkpt>
      <trkpt lat="-20.95761041507933" lon="55.35812961491163">
        <ele>457</ele>
      </trkpt>
      <trkpt lat="-20.95761041507933" lon="55.35817992056755">
        <ele>457</ele>
      </trkpt>
      <trkpt lat="-20.957580215125905" lon="55.35820956497192">
        <ele>444</ele>
      </trkpt>
      <trkpt lat="-20.957560081820226" lon="55.35827963356408">
        <ele>444</ele>
      </trkpt>
      <trkpt lat="-20.957480387458663" lon="55.3583793465606">
        <ele>444</ele>
      </trkpt>
      <trkpt lat="-20.957480387458663" lon="55.358469178089024">
        <ele>444</ele>
      </trkpt>
      <trkpt lat="-20.95742082638179" lon="55.35855990793272">
        <ele>439</ele>
      </trkpt>
      <trkpt lat="-20.957350359724995" lon="55.35860931527335">
        <ele>439</ele>
      </trkpt>
      <trkpt lat="-20.957240465229706" lon="55.35872968952141">
        <ele>415</ele>
      </trkpt>
      <trkpt lat="-20.957220331878304" lon="55.35879975811359">
        <ele>415</ele>
      </trkpt>
      <trkpt lat="-20.95717083737791" lon="55.35881952104984">
        <ele>411</ele>
      </trkpt>
      <trkpt lat="-20.957060103860147" lon="55.358909352578245">
        <ele>411</ele>
      </trkpt>
      <trkpt lat="-20.95696027584584" lon="55.35901984535819">
        <ele>407</ele>
      </trkpt>
      <trkpt lat="-20.956860447764907" lon="55.35909979541847">
        <ele>407</ele>
      </trkpt>
      <trkpt lat="-20.956790819736263" lon="55.35917974547876">
        <ele>401</ele>
      </trkpt>
      <trkpt lat="-20.95673041949238" lon="55.359229152819395">
        <ele>401</ele>
      </trkpt>
      <trkpt lat="-20.956710286072344" lon="55.35928933994344">
        <ele>401</ele>
      </trkpt>
      <trkpt lat="-20.956660791403216" lon="55.359339645599334">
        <ele>401</ele>
      </trkpt>
      <trkpt lat="-20.9566104578246" lon="55.359459121532126">
        <ele>397</ele>
      </trkpt>
      <trkpt lat="-20.956620524541673" lon="55.359559732843955">
        <ele>397</ele>
      </trkpt>
      <trkpt lat="-20.956660791403216" lon="55.359649564372354">
        <ele>403</ele>
      </trkpt>
      <trkpt lat="-20.95683024766008" lon="55.359869651616975">
        <ele>403</ele>
      </trkpt>
      <trkpt lat="-20.956900714561876" lon="55.35991995727287">
        <ele>404</ele>
      </trkpt>
      <trkpt lat="-20.956940142456723" lon="55.359959483145374">
        <ele>404</ele>
      </trkpt>
      <trkpt lat="-20.95695020915163" lon="55.36002955173755">
        <ele>404</ele>
      </trkpt>
      <trkpt lat="-20.956940142456723" lon="55.36019933332624">
        <ele>400</ele>
      </trkpt>
      <trkpt lat="-20.95695020915163" lon="55.360389776166485">
        <ele>402</ele>
      </trkpt>
      <trkpt lat="-20.95696027584584" lon="55.360439183507104">
        <ele>402</ele>
      </trkpt>
      <trkpt lat="-20.956990475924425" lon="55.360529913350796">
        <ele>406</ele>
      </trkpt>
      <trkpt lat="-20.957080237233107" lon="55.36061974487921">
        <ele>409</ele>
      </trkpt>
      <trkpt lat="-20.957110437287483" lon="55.360699694939505">
        <ele>409</ele>
      </trkpt>
      <trkpt lat="-20.957120503970906" lon="55.36081917087228">
        <ele>413</ele>
      </trkpt>
      <trkpt lat="-20.957110437287483" lon="55.36088923946445">
        <ele>413</ele>
      </trkpt>
      <trkpt lat="-20.957060103860147" lon="55.3610392581169">
        <ele>413</ele>
      </trkpt>
      <trkpt lat="-20.957030742686396" lon="55.36107968230468">
        <ele>413</ele>
      </trkpt>
      <trkpt lat="-20.957000542615926" lon="55.36117939530122">
        <ele>413</ele>
      </trkpt>
      <trkpt lat="-20.956990475924425" lon="55.36125934536151">
        <ele>400</ele>
      </trkpt>
      <trkpt lat="-20.957000542615926" lon="55.36133929542178">
        <ele>414</ele>
      </trkpt>
      <trkpt lat="-20.957010609306753" lon="55.36136983814144">
        <ele>414</ele>
      </trkpt>
      <trkpt lat="-20.957060103860147" lon="55.36144978820173">
        <ele>414</ele>
      </trkpt>
      <trkpt lat="-20.95717083737791" lon="55.361589925386056">
        <ele>414</ele>
      </trkpt>
      <trkpt lat="-20.95726059857838" lon="55.36164921419481">
        <ele>414</ele>
      </trkpt>
      <trkpt lat="-20.957240465229706" lon="55.36208938868402">
        <ele>420</ele>
      </trkpt>
      <trkpt lat="-20.957240465229706" lon="55.36218999999585">
        <ele>411</ele>
      </trkpt>
      <trkpt lat="-20.957250531904375" lon="55.36231935739676">
        <ele>411</ele>
      </trkpt>
      <trkpt lat="-20.95730002637839" lon="55.36249991876887">
        <ele>422</ele>
      </trkpt>
      <trkpt lat="-20.957310093049067" lon="55.36262927616979">
        <ele>427</ele>
      </trkpt>
      <trkpt lat="-20.95733022638839" lon="55.36266970035757">
        <ele>427</ele>
      </trkpt>
      <trkpt lat="-20.9573704930589" lon="55.362829600478136">
        <ele>423</ele>
      </trkpt>
      <trkpt lat="-20.957390626390083" lon="55.36284936341439">
        <ele>425</ele>
      </trkpt>
      <trkpt lat="-20.95745018747899" lon="55.36299938206685">
        <ele>425</ele>
      </trkpt>
      <trkpt lat="-20.95751058743225" lon="55.363069450659">
        <ele>424</ele>
      </trkpt>
      <trkpt lat="-20.957560081820226" lon="55.36315928218741">
        <ele>424</ele>
      </trkpt>
      <trkpt lat="-20.957580215125905" lon="55.363499743680094">
        <ele>425</ele>
      </trkpt>
      <trkpt lat="-20.957580215125905" lon="55.36364976233254">
        <ele>425</ele>
      </trkpt>
      <trkpt lat="-20.957620481729112" lon="55.36382942538936">
        <ele>430</ele>
      </trkpt>
      <trkpt lat="-20.957650681674423" lon="55.36433966847074">
        <ele>429</ele>
      </trkpt>
      <trkpt lat="-20.957720309302847" lon="55.364639705775645">
        <ele>429</ele>
      </trkpt>
      <trkpt lat="-20.957770642508045" lon="55.364749300240305">
        <ele>429</ele>
      </trkpt>
      <trkpt lat="-20.957810070173608" lon="55.364869674488375">
        <ele>429</ele>
      </trkpt>
      <trkpt lat="-20.95785033671496" lon="55.36507988026486">
        <ele>441</ele>
      </trkpt>
      <trkpt lat="-20.957930030879425" lon="55.36537991756976">
        <ele>443</ele>
      </trkpt>
      <trkpt lat="-20.957950164135305" lon="55.36558922503096">
        <ele>445</ele>
      </trkpt>
      <trkpt lat="-20.95787718106984" lon="55.36576619314193">
        <ele>445</ele>
      </trkpt>
      <trkpt lat="-20.957857047804126" lon="55.3659260932625">
        <ele>445</ele>
      </trkpt>
      <trkpt lat="-20.957708564885877" lon="55.36606084055512">
        <ele>445</ele>
      </trkpt>
      <trkpt lat="-20.957614609516813" lon="55.366103959688765">
        <ele>441</ele>
      </trkpt>
      <trkpt lat="-20.95749045411721" lon="55.36606982370797">
        <ele>441</ele>
      </trkpt>
      <trkpt lat="-20.957360426392285" lon="55.36602939952018">
        <ele>441</ele>
      </trkpt>
      <trkpt lat="-20.957230398554334" lon="55.365829973527106">
        <ele>439</ele>
      </trkpt>
      <trkpt lat="-20.9572001985242" lon="55.36573924368341">
        <ele>446</ele>
      </trkpt>
      <trkpt lat="-20.95715070401715" lon="55.36566917509124">
        <ele>437</ele>
      </trkpt>
      <trkpt lat="-20.957010609306753" lon="55.36523978038544">
        <ele>440</ele>
      </trkpt>
      <trkpt lat="-20.95697034253938" lon="55.36515983032515">
        <ele>440</ele>
      </trkpt>
      <trkpt lat="-20.95681095314546" lon="55.364938844765256">
        <ele>437</ele>
      </trkpt>
      <trkpt lat="-20.95663143015107" lon="55.36472235078179">
        <ele>434</ele>
      </trkpt>
      <trkpt lat="-20.956536635211986" lon="55.36457323044462">
        <ele>437</ele>
      </trkpt>
      <trkpt lat="-20.956380600933652" lon="55.364429499999154">
        <ele>438</ele>
      </trkpt>
      <trkpt lat="-20.956270705725967" lon="55.36427948134671">
        <ele>423</ele>
      </trkpt>
      <trkpt lat="-20.956180105036015" lon="55.364199531286424">
        <ele>437</ele>
      </trkpt>
      <trkpt lat="-20.956000581284588" lon="55.36396956257369">
        <ele>436</ele>
      </trkpt>
      <trkpt lat="-20.955950247483845" lon="55.36392913838591">
        <ele>436</ele>
      </trkpt>
      <trkpt lat="-20.95578834030993" lon="55.36379978098499">
        <ele>439</ele>
      </trkpt>
      <trkpt lat="-20.955832801882924" lon="55.363571608902824">
        <ele>429</ele>
      </trkpt>
      <trkpt lat="-20.955733811947663" lon="55.36346111612288">
        <ele>429</ele>
      </trkpt>
      <trkpt lat="-20.955613010582024" lon="55.363393742476575">
        <ele>438</ele>
      </trkpt>
      <trkpt lat="-20.955520731695323" lon="55.363169163655535">
        <ele>437</ele>
      </trkpt>
      <trkpt lat="-20.955460330938653" lon="55.363039806254626">
        <ele>437</ele>
      </trkpt>
      <trkpt lat="-20.955390702258367" lon="55.36293919494281">
        <ele>435</ele>
      </trkpt>
      <trkpt lat="-20.95531016784073" lon="55.36278917629035">
        <ele>435</ele>
      </trkpt>
      <trkpt lat="-20.955230472280615" lon="55.36267958182569">
        <ele>438</ele>
      </trkpt>
      <trkpt lat="-20.95520027184675" lon="55.36260951323353">
        <ele>433</ele>
      </trkpt>
      <trkpt lat="-20.955080308951988" lon="55.36243973164483">
        <ele>433</ele>
      </trkpt>
      <trkpt lat="-20.955000613269434" lon="55.36226995005614">
        <ele>437</ele>
      </trkpt>
      <trkpt lat="-20.95493014547263" lon="55.36205974427965">
        <ele>429</ele>
      </trkpt>
      <trkpt lat="-20.954850449710076" lon="55.36186930143941">
        <ele>424</ele>
      </trkpt>
      <trkpt lat="-20.954820249199493" lon="55.36174982550663">
        <ele>424</ele>
      </trkpt>
      <trkpt lat="-20.954770753905084" lon="55.361629451258565">
        <ele>427</ele>
      </trkpt>
      <trkpt lat="-20.954740553378407" lon="55.36147943260612">
        <ele>421</ele>
      </trkpt>
      <trkpt lat="-20.95462059011503" lon="55.361069800836546">
        <ele>419</ele>
      </trkpt>
      <trkpt lat="-20.954555994471832" lon="55.36088923946445">
        <ele>409</ele>
      </trkpt>
      <trkpt lat="-20.954340395824488" lon="55.36064938928358">
        <ele>408</ele>
      </trkpt>
      <trkpt lat="-20.954270766622972" lon="55.360579320691414">
        <ele>414</ele>
      </trkpt>
      <trkpt lat="-20.954150802982927" lon="55.36030982610619">
        <ele>410</ele>
      </trkpt>
      <trkpt lat="-20.9540300003391" lon="55.360129264734084">
        <ele>402</ele>
      </trkpt>
      <trkpt lat="-20.953860540910465" lon="55.359949601677265">
        <ele>407</ele>
      </trkpt>
      <trkpt lat="-20.953850474007687" lon="55.35976993862043">
        <ele>398</ele>
      </trkpt>
      <trkpt lat="-20.953780005669188" lon="55.359669327308616">
        <ele>404</ele>
      </trkpt>
      <trkpt lat="-20.953580345196556" lon="55.359529190124285">
        <ele>401</ele>
      </trkpt>
      <trkpt lat="-20.953540077505917" lon="55.359429477127755">
        <ele>401</ele>
      </trkpt>
      <trkpt lat="-20.953510715641336" lon="55.35920938988315">
        <ele>397</ele>
      </trkpt>
      <trkpt lat="-20.953450314073223" lon="55.35909979541847">
        <ele>404</ele>
      </trkpt>
      <trkpt lat="-20.95335048365023" lon="55.35897942117042">
        <ele>408</ele>
      </trkpt>
      <trkpt lat="-20.95327078704624" lon="55.35886982670574">
        <ele>400</ele>
      </trkpt>
      <trkpt lat="-20.95316005064183" lon="55.35869914680177">
        <ele>396</ele>
      </trkpt>
      <trkpt lat="-20.953100487844964" lon="55.35855990793272">
        <ele>408</ele>
      </trkpt>
      <trkpt lat="-20.952930188449837" lon="55.358409889280274">
        <ele>405</ele>
      </trkpt>
      <trkpt lat="-20.952780022812533" lon="55.358289515032205">
        <ele>410</ele>
      </trkpt>
      <trkpt lat="-20.95263069593998" lon="55.35821944644003">
        <ele>417</ele>
      </trkpt>
      <trkpt lat="-20.952540093045776" lon="55.358099970507254">
        <ele>406</ele>
      </trkpt>
      <trkpt lat="-20.952520797977897" lon="55.35804966485135">
        <ele>412</ele>
      </trkpt>
      <trkpt lat="-20.95242683935088" lon="55.35783945907486">
        <ele>402</ele>
      </trkpt>
      <trkpt lat="-20.9523001628943" lon="55.35758972742588">
        <ele>410</ele>
      </trkpt>
      <trkpt lat="-20.95220033170393" lon="55.357469353177805">
        <ele>419</ele>
      </trkpt>
      <trkpt lat="-20.95211056746751" lon="55.35740916605376">
        <ele>419</ele>
      </trkpt>
      <trkpt lat="-20.95203003128431" lon="55.35732921599348">
        <ele>406</ele>
      </trkpt>
      <trkpt lat="-20.95196040100765" lon="55.35721962152882">
        <ele>421</ele>
      </trkpt>
      <trkpt lat="-20.95176073810698" lon="55.35693934716017">
        <ele>417</ele>
      </trkpt>
      <trkpt lat="-20.95170033583245" lon="55.35687916003614">
        <ele>414</ele>
      </trkpt>
      <trkpt lat="-20.951600504241917" lon="55.35670937844744">
        <ele>414</ele>
      </trkpt>
      <trkpt lat="-20.951540101902683" lon="55.356599783982766">
        <ele>403</ele>
      </trkpt>
      <trkpt lat="-20.951420136073324" lon="55.35642910407879">
        <ele>413</ele>
      </trkpt>
      <trkpt lat="-20.95132030429585" lon="55.35626920395822">
        <ele>406</ele>
      </trkpt>
      <trkpt lat="-20.95127080784367" lon="55.35616949096167">
        <ele>414</ele>
      </trkpt>
      <trkpt lat="-20.951250673688936" lon="55.35615960949356">
        <ele>406</ele>
      </trkpt>
      <trkpt lat="-20.95121040537136" lon="55.35616949096167">
        <ele>406</ele>
      </trkpt>
      <trkpt lat="-20.951107217758107" lon="55.356260220805375">
        <ele>416</ele>
      </trkpt>
      <trkpt lat="-20.95106023800817" lon="55.35639945967442">
        <ele>416</ele>
      </trkpt>
      <trkpt lat="-20.950800171268522" lon="55.35661954691903">
        <ele>418</ele>
      </trkpt>
      <trkpt lat="-20.950690271962056" lon="55.356689615511186">
        <ele>418</ele>
      </trkpt>
      <trkpt lat="-20.95053003695073" lon="55.356769565571476">
        <ele>418</ele>
      </trkpt>
      <trkpt lat="-20.95051074162366" lon="55.356769565571476">
        <ele>418</ele>
      </trkpt>
      <trkpt lat="-20.950380707832846" lon="55.35654947832687">
        <ele>417</ele>
      </trkpt>
      <trkpt lat="-20.950280036433337" lon="55.35642910407879">
        <ele>417</ele>
      </trkpt>
      <trkpt lat="-20.950200338194012" lon="55.35631950961413">
        <ele>417</ele>
      </trkpt>
      <trkpt lat="-20.950070304133487" lon="55.35617937242981">
        <ele>419</ele>
      </trkpt>
      <trkpt lat="-20.94994026995997" lon="55.3560895409014">
        <ele>419</ele>
      </trkpt>
      <trkpt lat="-20.949900001289773" lon="55.356069777965146">
        <ele>419</ele>
      </trkpt>
      <trkpt lat="-20.949770805899746" lon="55.35605989649702">
        <ele>424</ele>
      </trkpt>
      <trkpt lat="-20.949730537183953" lon="55.356049116713606">
        <ele>424</ele>
      </trkpt>
      <trkpt lat="-20.949670134089935" lon="55.35602935377736">
        <ele>424</ele>
      </trkpt>
      <trkpt lat="-20.949630704279315" lon="55.35599970937299">
        <ele>416</ele>
      </trkpt>
      <trkpt lat="-20.94959043552582" lon="55.35594940371707">
        <ele>416</ele>
      </trkpt>
      <trkpt lat="-20.94955016676149" lon="55.35586945365679">
        <ele>416</ele>
      </trkpt>
      <trkpt lat="-20.949480535330927" lon="55.35576974066025">
        <ele>423</ele>
      </trkpt>
      <trkpt lat="-20.94936056785049" lon="55.35560984053968">
        <ele>411</ele>
      </trkpt>
      <trkpt lat="-20.949320299024304" lon="55.35557929782002">
        <ele>411</ele>
      </trkpt>
      <trkpt lat="-20.94929009739755" lon="55.35551911069598">
        <ele>423</ele>
      </trkpt>
      <trkpt lat="-20.949220465846015" lon="55.355429279167566">
        <ele>421</ele>
      </trkpt>
      <trkpt lat="-20.94914076704242" lon="55.35534932910728">
        <ele>421</ele>
      </trkpt>
      <trkpt lat="-20.949060229260915" lon="55.35529992176666">
        <ele>428</ele>
      </trkpt>
      <trkpt lat="-20.948910059740115" lon="55.3551391233308">
        <ele>433</ele>
      </trkpt>
      <trkpt lat="-20.94886056249074" lon="55.3550995974583">
        <ele>433</ele>
      </trkpt>
      <trkpt lat="-20.948770796250965" lon="55.35503941033426">
        <ele>433</ele>
      </trkpt>
      <trkpt lat="-20.948650828201583" lon="55.35498910467835">
        <ele>434</ele>
      </trkpt>
      <trkpt lat="-20.948600491928445" lon="55.35497922321022">
        <ele>434</ele>
      </trkpt>
      <trkpt lat="-20.94848052374255" lon="55.354849865809314">
        <ele>434</ele>
      </trkpt>
      <trkpt lat="-20.94847045647783" lon="55.354809441621526">
        <ele>434</ele>
      </trkpt>
      <trkpt lat="-20.94839075727482" lon="55.35468996568874">
        <ele>437</ele>
      </trkpt>
      <trkpt lat="-20.94838069000406" lon="55.35463966003283">
        <ele>437</ele>
      </trkpt>
      <trkpt lat="-20.94834042091422" lon="55.35458935437691">
        <ele>440</ele>
      </trkpt>
      <trkpt lat="-20.94825401012237" lon="55.35452647230703">
        <ele>440</ele>
      </trkpt>
      <trkpt lat="-20.948220452519873" lon="55.35441957278822">
        <ele>425</ele>
      </trkpt>
      <trkpt lat="-20.948200317954736" lon="55.354369267132306">
        <ele>423</ele>
      </trkpt>
      <trkpt lat="-20.94821038523764" lon="55.354189604075486">
        <ele>423</ele>
      </trkpt>
      <trkpt lat="-20.948280017259155" lon="55.354049466891155">
        <ele>414</ele>
      </trkpt>
      <trkpt lat="-20.948400824544912" lon="55.35383926111468">
        <ele>409</ele>
      </trkpt>
      <trkpt lat="-20.948440254679582" lon="55.353699123930355">
        <ele>412</ele>
      </trkpt>
      <trkpt lat="-20.948440254679582" lon="55.353639835121605">
        <ele>407</ele>
      </trkpt>
      <trkpt lat="-20.94846038921243" lon="55.35359941093382">
        <ele>407</ele>
      </trkpt>
      <trkpt lat="-20.94846038921243" lon="55.35348981646916">
        <ele>403</ele>
      </trkpt>
      <trkpt lat="-20.94845032194634" lon="55.35347993500102">
        <ele>403</ele>
      </trkpt>
      <trkpt lat="-20.948270788920812" lon="55.353559885061316">
        <ele>411</ele>
      </trkpt>
      <trkpt lat="-20.948180183386913" lon="55.353539223809776">
        <ele>410</ele>
      </trkpt>
      <trkpt lat="-20.94815082047064" lon="55.35354910527791">
        <ele>410</ele>
      </trkpt>
      <trkpt lat="-20.948050147571102" lon="55.35351946087353">
        <ele>410</ele>
      </trkpt>
      <trkpt lat="-20.947980515442644" lon="55.35344939228136">
        <ele>411</ele>
      </trkpt>
      <trkpt lat="-20.947950313545523" lon="55.35338920515733">
        <ele>411</ele>
      </trkpt>
      <trkpt lat="-20.9479100443399" lon="55.3533397978167">
        <ele>411</ele>
      </trkpt>
      <trkpt lat="-20.94782027753" lon="55.353299373628914">
        <ele>404</ele>
      </trkpt>
      <trkpt lat="-20.947730510666272" lon="55.35326972922454">
        <ele>404</ele>
      </trkpt>
      <trkpt lat="-20.947660039445804" lon="55.35319966063238">
        <ele>396</ele>
      </trkpt>
      <trkpt lat="-20.947580339811243" lon="55.353069404916184">
        <ele>397</ele>
      </trkpt>
      <trkpt lat="-20.947430168805546" lon="55.35289962332749">
        <ele>388</ele>
      </trkpt>
      <trkpt lat="-20.947310199681553" lon="55.35284931767157">
        <ele>388</ele>
      </trkpt>
      <trkpt lat="-20.947210365162416" lon="55.35284931767157">
        <ele>387</ele>
      </trkpt>
      <trkpt lat="-20.947110530576676" lon="55.35283943620345">
        <ele>387</ele>
      </trkpt>
      <trkpt lat="-20.9469200896276" lon="55.35280979179906">
        <ele>381</ele>
      </trkpt>
      <trkpt lat="-20.9468504569734" lon="55.35277924907942">
        <ele>381</ele>
      </trkpt>
      <trkpt lat="-20.94678082428681" lon="55.35271996027066">
        <ele>374</ele>
      </trkpt>
      <trkpt lat="-20.946650787255223" lon="55.35262923042696">
        <ele>364</ele>
      </trkpt>
      <trkpt lat="-20.946570248133842" lon="55.35259958602259">
        <ele>364</ele>
      </trkpt>
      <trkpt lat="-20.9464502783206" lon="55.35256994161822">
        <ele>363</ele>
      </trkpt>
      <trkpt lat="-20.94628081030865" lon="55.35249987302604">
        <ele>363</ele>
      </trkpt>
      <trkpt lat="-20.94621033840562" lon="55.352479211774515">
        <ele>363</ele>
      </trkpt>
      <trkpt lat="-20.94609036830391" lon="55.3525196359623">
        <ele>361</ele>
      </trkpt>
      <trkpt lat="-20.946010667833516" lon="55.35256994161822">
        <ele>361</ele>
      </trkpt>
      <trkpt lat="-20.94583029292805" lon="55.35256994161822">
        <ele>354</ele>
      </trkpt>
      <trkpt lat="-20.94577072721385" lon="55.35257982308634">
        <ele>354</ele>
      </trkpt>
      <trkpt lat="-20.945660824214166" lon="55.352559161834805">
        <ele>363</ele>
      </trkpt>
      <trkpt lat="-20.945590352019252" lon="55.352559161834805">
        <ele>365</ele>
      </trkpt>
      <trkpt lat="-20.94553078620956" lon="55.35253939889855">
        <ele>365</ele>
      </trkpt>
      <trkpt lat="-20.94548044888712" lon="55.35249987302604">
        <ele>365</ele>
      </trkpt>
      <trkpt lat="-20.945500583818124" lon="55.35243968590202">
        <ele>359</ele>
      </trkpt>
      <trkpt lat="-20.945490516352976" lon="55.352409143182356">
        <ele>365</ele>
      </trkpt>
      <trkpt lat="-20.945500583818124" lon="55.35233997290548">
        <ele>359</ele>
      </trkpt>
      <trkpt lat="-20.945560149639824" lon="55.35229954871769">
        <ele>359</ele>
      </trkpt>
      <trkpt lat="-20.9455802845601" lon="55.35226990431332">
        <ele>359</ele>
      </trkpt>
      <trkpt lat="-20.94562055439255" lon="55.35214953006524">
        <ele>355</ele>
      </trkpt>
      <trkpt lat="-20.945610486935458" lon="55.35203993560059">
        <ele>347</ele>
      </trkpt>
      <trkpt lat="-20.945500583818124" lon="55.35183961129222">
        <ele>352</ele>
      </trkpt>
      <trkpt lat="-20.94539068062011" lon="55.35173989829569">
        <ele>349</ele>
      </trkpt>
      <trkpt lat="-20.945330275774612" lon="55.35171923704415">
        <ele>349</ele>
      </trkpt>
      <trkpt lat="-20.945290005864074" lon="55.3516599482354">
        <ele>349</ele>
      </trkpt>
      <trkpt lat="-20.94525057489951" lon="55.3516599482354">
        <ele>349</ele>
      </trkpt>
      <trkpt lat="-20.94520023748284" lon="55.35163928698386">
        <ele>349</ele>
      </trkpt>
      <trkpt lat="-20.945140671517915" lon="55.35158987964324">
        <ele>337</ele>
      </trkpt>
      <trkpt lat="-20.945100401556385" lon="55.351519811051084">
        <ele>337</ele>
      </trkpt>
      <trkpt lat="-20.945090334064286" lon="55.35146950539517">
        <ele>339</ele>
      </trkpt>
      <trkpt lat="-20.945090334064286" lon="55.351399436803">
        <ele>339</ele>
      </trkpt>
      <trkpt lat="-20.945060131584" lon="55.35133924967897">
        <ele>339</ele>
      </trkpt>
      <trkpt lat="-20.94507019907811" lon="55.35129972380647">
        <ele>328</ele>
      </trkpt>
      <trkpt lat="-20.945040835551715" lon="55.351049992157485">
        <ele>328</ele>
      </trkpt>
      <trkpt lat="-20.944980430565064" lon="55.350929617909415">
        <ele>321</ele>
      </trkpt>
      <trkpt lat="-20.94494016056039" lon="55.35086943078537">
        <ele>321</ele>
      </trkpt>
      <trkpt lat="-20.94484032446048" lon="55.35075983632072">
        <ele>321</ele>
      </trkpt>
      <trkpt lat="-20.94451061317002" lon="55.35056939348048">
        <ele>316</ele>
      </trkpt>
      <trkpt lat="-20.9444300728971" lon="55.350559512012346">
        <ele>321</ele>
      </trkpt>
      <trkpt lat="-20.944410776783602" lon="55.35054963054423">
        <ele>321</ele>
      </trkpt>
      <trkpt lat="-20.944170833599408" lon="55.35038973042366">
        <ele>313</ele>
      </trkpt>
      <trkpt lat="-20.944060090461612" lon="55.350339424767746">
        <ele>313</ele>
      </trkpt>
      <trkpt lat="-20.944040794300435" lon="55.3503196618315">
        <ele>313</ele>
      </trkpt>
      <trkpt lat="-20.944020659173074" lon="55.35026935617558">
        <ele>313</ele>
      </trkpt>
      <trkpt lat="-20.944040794300435" lon="55.350149880242796">
        <ele>298</ele>
      </trkpt>
      <trkpt lat="-20.944070158022978" lon="55.350049268930974">
        <ele>298</ele>
      </trkpt>
      <trkpt lat="-20.944100360703015" lon="55.35000974305848">
        <ele>298</ele>
      </trkpt>
      <trkpt lat="-20.94414566471165" lon="55.34988577554926">
        <ele>293</ele>
      </trkpt>
      <trkpt lat="-20.94413056337696" lon="55.34976989287762">
        <ele>293</ele>
      </trkpt>
      <trkpt lat="-20.94412049581966" lon="55.34974923162608">
        <ele>293</ele>
      </trkpt>
      <trkpt lat="-20.94413056337696" lon="55.34966928156579">
        <ele>293</ele>
      </trkpt>
      <trkpt lat="-20.944090293143685" lon="55.34957945003738">
        <ele>283</ele>
      </trkpt>
      <trkpt lat="-20.944060090461612" lon="55.349549805633">
        <ele>283</ele>
      </trkpt>
      <trkpt lat="-20.944040794300435" lon="55.34941954991681">
        <ele>283</ele>
      </trkpt>
      <trkpt lat="-20.9442102648484" lon="55.34929917566873">
        <ele>275</ele>
      </trkpt>
      <trkpt lat="-20.944240467500183" lon="55.34926953126436">
        <ele>275</ele>
      </trkpt>
      <trkpt lat="-20.944280737693056" lon="55.349199462672196">
        <ele>275</ele>
      </trkpt>
      <trkpt lat="-20.944350371542697" lon="55.34913927554816">
        <ele>276</ele>
      </trkpt>
      <trkpt lat="-20.944320168913094" lon="55.34903956255163">
        <ele>268</ele>
      </trkpt>
      <trkpt lat="-20.944300033823307" lon="55.348859899494805">
        <ele>268</ele>
      </trkpt>
      <trkpt lat="-20.94423039995026" lon="55.34879971237076">
        <ele>267</ele>
      </trkpt>
      <trkpt lat="-20.944090293143685" lon="55.34871976231047">
        <ele>264</ele>
      </trkpt>
      <trkpt lat="-20.943920822459905" lon="55.34863981225019">
        <ele>267</ele>
      </trkpt>
      <trkpt lat="-20.943760580201225" lon="55.348579625126156">
        <ele>267</ele>
      </trkpt>
      <trkpt lat="-20.94362047295494" lon="55.348509556534">
        <ele>263</ele>
      </trkpt>
      <trkpt lat="-20.943500500777553" lon="55.34842960647371">
        <ele>260</ele>
      </trkpt>
      <trkpt lat="-20.943266428909908" lon="55.34832630021603">
        <ele>260</ele>
      </trkpt>
      <trkpt lat="-20.943020611106526" lon="55.34821940069722">
        <ele>258</ele>
      </trkpt>
      <trkpt lat="-20.942910706087748" lon="55.34815921357318">
        <ele>254</ele>
      </trkpt>
      <trkpt lat="-20.942890570808395" lon="55.34811968770069">
        <ele>249</ele>
      </trkpt>
      <trkpt lat="-20.942890570808395" lon="55.34806938204478">
        <ele>249</ele>
      </trkpt>
      <trkpt lat="-20.942870435526324" lon="55.348009194920735">
        <ele>254</ele>
      </trkpt>
      <trkpt lat="-20.942880503167704" lon="55.34793912632858">
        <ele>244</ele>
      </trkpt>
      <trkpt lat="-20.94297027294001" lon="55.347789107676135">
        <ele>251</ele>
      </trkpt>
      <trkpt lat="-20.943060042658473" lon="55.34772981886737">
        <ele>251</ele>
      </trkpt>
      <trkpt lat="-20.94323035328485" lon="55.34759956315118">
        <ele>243</ele>
      </trkpt>
      <trkpt lat="-20.94327062374947" lon="55.34757980021493">
        <ele>243</ele>
      </trkpt>
      <trkpt lat="-20.943310055235578" lon="55.34749985015464">
        <ele>243</ele>
      </trkpt>
      <trkpt lat="-20.94330082659082" lon="55.34745942596685">
        <ele>243</ele>
      </trkpt>
      <trkpt lat="-20.943280691363928" lon="55.34741990009435">
        <ele>243</ele>
      </trkpt>
      <trkpt lat="-20.943130516044622" lon="55.347339950034076">
        <ele>241</ele>
      </trkpt>
      <trkpt lat="-20.94308017791505" lon="55.34731928878253">
        <ele>240</ele>
      </trkpt>
      <trkpt lat="-20.94298034057467" lon="55.347219575786">
        <ele>240</ele>
      </trkpt>
      <trkpt lat="-20.942890570808395" lon="55.347169270130095">
        <ele>238</ele>
      </trkpt>
      <trkpt lat="-20.9428200973093" lon="55.34709920153794">
        <ele>236</ele>
      </trkpt>
      <trkpt lat="-20.9428200973093" lon="55.34703991272917">
        <ele>236</ele>
      </trkpt>
      <trkpt lat="-20.942860367884286" lon="55.346859351357075">
        <ele>233</ele>
      </trkpt>
      <trkpt lat="-20.942860367884286" lon="55.346769519828655">
        <ele>233</ele>
      </trkpt>
      <trkpt lat="-20.9428200973093" lon="55.34667968830024">
        <ele>233</ele>
      </trkpt>
      <trkpt lat="-20.942790733341557" lon="55.34658985677183">
        <ele>223</ele>
      </trkpt>
      <trkpt lat="-20.942770598046064" lon="55.346559314052165">
        <ele>223</ele>
      </trkpt>
      <trkpt lat="-20.94264055753076" lon="55.34616944521886">
        <ele>212</ele>
      </trkpt>
      <trkpt lat="-20.942540719897192" lon="55.34589995063362">
        <ele>212</ele>
      </trkpt>
      <trkpt lat="-20.94245011089481" lon="55.34567986338902">
        <ele>206</ele>
      </trkpt>
      <trkpt lat="-20.94245011089481" lon="55.34554960767282">
        <ele>206</ele>
      </trkpt>
      <trkpt lat="-20.94247024623342" lon="55.34548942054878">
        <ele>202</ele>
      </trkpt>
      <trkpt lat="-20.942480313901694" lon="55.345399589020374">
        <ele>202</ele>
      </trkpt>
      <trkpt lat="-20.942440043224487" lon="55.345369944616">
        <ele>202</ele>
      </trkpt>
      <trkpt lat="-20.942330137779503" lon="55.34533940189633">
        <ele>202</ele>
      </trkpt>
      <trkpt lat="-20.942320070101115" lon="55.34530975749196">
        <ele>202</ele>
      </trkpt>
      <trkpt lat="-20.94226050299017" lon="55.34519926471202">
        <ele>194</ele>
      </trkpt>
      <trkpt lat="-20.942230299938934" lon="55.34510943318361">
        <ele>194</ele>
      </trkpt>
      <trkpt lat="-20.942160665103156" lon="55.34495941453115">
        <ele>194</ele>
      </trkpt>
      <trkpt lat="-20.942150597413367" lon="55.34490910887524">
        <ele>194</ele>
      </trkpt>
      <trkpt lat="-20.94218080048068" lon="55.34482915881496">
        <ele>189</ele>
      </trkpt>
      <trkpt lat="-20.942240367623356" lon="55.34475998853808">
        <ele>189</ele>
      </trkpt>
      <trkpt lat="-20.942420746854502" lon="55.344609969885624">
        <ele>189</ele>
      </trkpt>
      <trkpt lat="-20.942490381569307" lon="55.34455966422972">
        <ele>180</ele>
      </trkpt>
      <trkpt lat="-20.942630489873245" lon="55.34447971416943">
        <ele>182</ele>
      </trkpt>
      <trkpt lat="-20.942830164954064" lon="55.34438988264102">
        <ele>174</ele>
      </trkpt>
      <trkpt lat="-20.942870435526324" lon="55.34433957698511">
        <ele>174</ele>
      </trkpt>
      <trkpt lat="-20.942880503167704" lon="55.34428927132919">
        <ele>174</ele>
      </trkpt>
      <trkpt lat="-20.942760530397305" lon="55.344179676864535">
        <ele>174</ele>
      </trkpt>
      <trkpt lat="-20.942760530397305" lon="55.34415991392829">
        <ele>174</ele>
      </trkpt>
      <trkpt lat="-20.942770598046064" lon="55.344149134144885">
        <ele>174</ele>
      </trkpt>
      <trkpt lat="-20.942800800988294" lon="55.344069184084596">
        <ele>162</ele>
      </trkpt>
      <trkpt lat="-20.94275046274786" lon="55.34395958961993">
        <ele>162</ele>
      </trkpt>
      <trkpt lat="-20.94278066569415" lon="55.34388952102776">
        <ele>162</ele>
      </trkpt>
      <trkpt lat="-20.942830164954064" lon="55.34373950237533">
        <ele>154</ele>
      </trkpt>
      <trkpt lat="-20.942880503167704" lon="55.34366943378315">
        <ele>154</ele>
      </trkpt>
      <trkpt lat="-20.942890570808395" lon="55.34357960225474">
        <ele>154</ele>
      </trkpt>
      <trkpt lat="-20.942930002394593" lon="55.34349965219447">
        <ele>145</ele>
      </trkpt>
      <trkpt lat="-20.942910706087748" lon="55.343399939197916">
        <ele>145</ele>
      </trkpt>
      <trkpt lat="-20.942930002394593" lon="55.343239140762066">
        <ele>145</ele>
      </trkpt>
      <trkpt lat="-20.942920773726414" lon="55.3430792406415">
        <ele>133</ele>
      </trkpt>
      <trkpt lat="-20.942880503167704" lon="55.34299929058121">
        <ele>129</ele>
      </trkpt>
      <trkpt lat="-20.942860367884286" lon="55.342889696116536">
        <ele>129</ele>
      </trkpt>
      <trkpt lat="-20.942840232598144" lon="55.3428295089925">
        <ele>129</ele>
      </trkpt>
      <trkpt lat="-20.942810029663875" lon="55.34278998312001">
        <ele>129</ele>
      </trkpt>
      <trkpt lat="-20.942800800988294" lon="55.34269925327631">
        <ele>120</ele>
      </trkpt>
      <trkpt lat="-20.94278066569415" lon="55.34260942174789">
        <ele>120</ele>
      </trkpt>
      <trkpt lat="-20.942680828154018" lon="55.34246928456358">
        <ele>120</ele>
      </trkpt>
      <trkpt lat="-20.94257008391398" lon="55.342379453035164">
        <ele>117</ele>
      </trkpt>
      <trkpt lat="-20.942440043224487" lon="55.34232914737925">
        <ele>117</ele>
      </trkpt>
      <trkpt lat="-20.94227057067255" lon="55.342289621506744">
        <ele>117</ele>
      </trkpt>
      <trkpt lat="-20.942110326647473" lon="55.342269858570496">
        <ele>117</ele>
      </trkpt>
      <trkpt lat="-20.941920718312492" lon="55.342209671446454">
        <ele>106</ele>
      </trkpt>
      <trkpt lat="-20.941600229341898" lon="55.34204977132588">
        <ele>104</ele>
      </trkpt>
      <trkpt lat="-20.94131078190714" lon="55.341919515609696">
        <ele>103</ele>
      </trkpt>
      <trkpt lat="-20.941090130298388" lon="55.341799141361626">
        <ele>96</ele>
      </trkpt>
      <trkpt lat="-20.940830046235526" lon="55.341529646776394">
        <ele>92</ele>
      </trkpt>
      <trkpt lat="-20.94076041074847" lon="55.341379628123946">
        <ele>92</ele>
      </trkpt>
      <trkpt lat="-20.940720139608647" lon="55.341249372407745">
        <ele>86</ele>
      </trkpt>
      <trkpt lat="-20.940690775229037" lon="55.341179303815586">
        <ele>86</ele>
      </trkpt>
      <trkpt lat="-20.940680707440407" lon="55.341049946414664">
        <ele>86</ele>
      </trkpt>
      <trkpt lat="-20.940690775229037" lon="55.34095921657097">
        <ele>82</ele>
      </trkpt>
      <trkpt lat="-20.940770478531743" lon="55.34082985917005">
        <ele>82</ele>
      </trkpt>
      <trkpt lat="-20.940840114014105" lon="55.34075979057789">
        <ele>82</ele>
      </trkpt>
      <trkpt lat="-20.940820817437903" lon="55.34070948492199">
        <ele>82</ele>
      </trkpt>
      <trkpt lat="-20.940780546314336" lon="55.3406798405176">
        <ele>76</ele>
      </trkpt>
      <trkpt lat="-20.940690775229037" lon="55.3406798405176">
        <ele>76</ele>
      </trkpt>
      <trkpt lat="-20.94064043627915" lon="55.34070948492199">
        <ele>82</ele>
      </trkpt>
      <trkpt lat="-20.940570800703913" lon="55.340729247858235">
        <ele>81</ele>
      </trkpt>
      <trkpt lat="-20.940520461713696" lon="55.34068972198574">
        <ele>76</ele>
      </trkpt>
      <trkpt lat="-20.94044075827789" lon="55.34057922920579">
        <ele>76</ele>
      </trkpt>
      <trkpt lat="-20.94039041924396" lon="55.340529821865154">
        <ele>70</ele>
      </trkpt>
      <trkpt lat="-20.940180673087017" lon="55.34037980321272">
        <ele>64</ele>
      </trkpt>
      <trkpt lat="-20.93997008764987" lon="55.34016959743623">
        <ele>54</ele>
      </trkpt>
      <trkpt lat="-20.939810680149886" lon="55.3400698844397">
        <ele>54</ele>
      </trkpt>
      <trkpt lat="-20.939570729593086" lon="55.3399396287235">
        <ele>49</ele>
      </trkpt>
      <trkpt lat="-20.93949018666265" lon="55.33992974725536">
        <ele>47</ele>
      </trkpt>
      <trkpt lat="-20.939440686298482" lon="55.33994951019162">
        <ele>47</ele>
      </trkpt>
      <trkpt lat="-20.939345041480696" lon="55.33988752643701">
        <ele>47</ele>
      </trkpt>
      <trkpt lat="-20.93923513376376" lon="55.3398659668702">
        <ele>59</ele>
      </trkpt>
      <trkpt lat="-20.93912019201929" lon="55.33983991572696">
        <ele>47</ele>
      </trkpt>
      <trkpt lat="-20.939000216235694" lon="55.33983991572696">
        <ele>56</ele>
      </trkpt>
      <trkpt lat="-20.93887017244561" lon="55.3398093730073">
        <ele>59</ele>
      </trkpt>
      <trkpt lat="-20.938800536047083" lon="55.33976984713479">
        <ele>49</ele>
      </trkpt>
      <trkpt lat="-20.938720831695736" lon="55.339669235822974">
        <ele>56</ele>
      </trkpt>
      <trkpt lat="-20.93861008452661" lon="55.33946980982989">
        <ele>60</ele>
      </trkpt>
      <trkpt lat="-20.938460743517354" lon="55.33916977252501">
        <ele>55</ele>
      </trkpt>
      <trkpt lat="-20.938420471759013" lon="55.33905927974506">
        <ele>49</ele>
      </trkpt>
      <trkpt lat="-20.938350835151333" lon="55.33889937962448">
        <ele>55</ele>
      </trkpt>
      <trkpt lat="-20.938110043258334" lon="55.338459205135266">
        <ele>55</ele>
      </trkpt>
      <trkpt lat="-20.93805047447246" lon="55.33829930501469">
        <ele>52</ele>
      </trkpt>
      <trkpt lat="-20.938030338539466" lon="55.33818971055002">
        <ele>55</ele>
      </trkpt>
      <trkpt lat="-20.938040406506307" lon="55.33802981042945">
        <ele>52</ele>
      </trkpt>
      <trkpt lat="-20.938090746330285" lon="55.33780972318485">
        <ele>53</ele>
      </trkpt>
      <trkpt lat="-20.9381301791806" lon="55.33768934893678">
        <ele>51</ele>
      </trkpt>
      <trkpt lat="-20.938190586931153" lon="55.33740997288341">
        <ele>49</ele>
      </trkpt>
      <trkpt lat="-20.938230019755153" lon="55.33725995423096">
        <ele>48</ele>
      </trkpt>
      <trkpt lat="-20.938260223613348" lon="55.33708927432698">
        <ele>45</ele>
      </trkpt>
      <trkpt lat="-20.938260223613348" lon="55.33695991692607">
        <ele>45</ele>
      </trkpt>
      <trkpt lat="-20.938200654887204" lon="55.336699405493675">
        <ele>44</ele>
      </trkpt>
      <trkpt lat="-20.93805047447246" lon="55.336359842316284">
        <ele>42</ele>
      </trkpt>
      <trkpt lat="-20.938000134634915" lon="55.336279892255995">
        <ele>50</ele>
      </trkpt>
      <trkpt lat="-20.937960701750367" lon="55.33616939947604">
        <ele>50</ele>
      </trkpt>
      <trkpt lat="-20.937950633778172" lon="55.33609933088388">
        <ele>41</ele>
      </trkpt>
      <trkpt lat="-20.937960701750367" lon="55.33605980501138">
        <ele>50</ele>
      </trkpt>
      <trkpt lat="-20.938040406506307" lon="55.33595919369956">
        <ele>48</ele>
      </trkpt>
      <trkpt lat="-20.938040406506307" lon="55.33595919369956">
        <ele>48</ele>
      </trkpt>
      <trkpt lat="-20.938040406506307" lon="55.33595919369956">
        <ele>48</ele>
      </trkpt>
      <trkpt lat="-20.938040406506307" lon="55.33595919369956">
        <ele>48</ele>
      </trkpt>
      <trkpt lat="-20.938170451017015" lon="55.335869362171145">
        <ele>38</ele>
      </trkpt>
      <trkpt lat="-20.93830049541478" lon="55.335739106454945">
        <ele>46</ele>
      </trkpt>
      <trkpt lat="-20.938370132045854" lon="55.33569958058246">
        <ele>37</ele>
      </trkpt>
      <trkpt lat="-20.938400335875777" lon="55.33564927492654">
        <ele>32</ele>
      </trkpt>
      <trkpt lat="-20.938400335875777" lon="55.33558998611779">
        <ele>32</ele>
      </trkpt>
      <trkpt lat="-20.938380199989844" lon="55.33554956193">
        <ele>41</ele>
      </trkpt>
      <trkpt lat="-20.938360064101207" lon="55.33540942474568">
        <ele>35</ele>
      </trkpt>
      <trkpt lat="-20.938330699258746" lon="55.335139930160445">
        <ele>35</ele>
      </trkpt>
      <trkpt lat="-20.93830049541478" lon="55.33495936878833">
        <ele>33</ele>
      </trkpt>
      <trkpt lat="-20.938280359515414" lon="55.334739281543726">
        <ele>35</ele>
      </trkpt>
      <trkpt lat="-20.938190586931153" lon="55.33443924423883">
        <ele>35</ele>
      </trkpt>
      <trkpt lat="-20.938140247140723" lon="55.334299107054505">
        <ele>35</ele>
      </trkpt>
      <trkpt lat="-20.938090746330285" lon="55.334189512589845">
        <ele>33</ele>
      </trkpt>
      <trkpt lat="-20.938080678366855" lon="55.33403949393739">
        <ele>30</ele>
      </trkpt>
      <trkpt lat="-20.938060542437935" lon="55.33394966240898">
        <ele>30</ele>
      </trkpt>
      <trkpt lat="-20.937910361882658" lon="55.33370981222813">
        <ele>38</ele>
      </trkpt>
      <trkpt lat="-20.937810521094967" lon="55.33349960645164">
        <ele>32</ele>
      </trkpt>
      <trkpt lat="-20.937740045204745" lon="55.33340977492323">
        <ele>37</ele>
      </trkpt>
      <trkpt lat="-20.937690544262036" lon="55.33329928214328">
        <ele>31</ele>
      </trkpt>
      <trkpt lat="-20.93761000032025" lon="55.3331798062105">
        <ele>30</ele>
      </trkpt>
      <trkpt lat="-20.937530295335236" lon="55.33303966902617">
        <ele>34</ele>
      </trkpt>
      <trkpt lat="-20.937490023326667" lon="55.33294983749776">
        <ele>37</ele>
      </trkpt>
      <trkpt lat="-20.937316350165666" lon="55.33265429176929">
        <ele>31</ele>
      </trkpt>
      <trkpt lat="-20.937316350165666" lon="55.33265429176929">
        <ele>32</ele>
      </trkpt>
      <trkpt lat="-20.937349071211397" lon="55.33261835915793">
        <ele>32</ele>
      </trkpt>
      <trkpt lat="-20.937425420290303" lon="55.33256625687144">
        <ele>32</ele>
      </trkpt>
      <trkpt lat="-20.93777192715919" lon="55.332356051094955">
        <ele>26</ele>
      </trkpt>
      <trkpt lat="-20.937896098917065" lon="55.33228508418751">
        <ele>31</ele>
      </trkpt>
      <trkpt lat="-20.93814360312727" lon="55.33213237058921">
        <ele>25</ele>
      </trkpt>
      <trkpt lat="-20.938448158594024" lon="55.33194552101012">
        <ele>29</ele>
      </trkpt>
      <trkpt lat="-20.938659585165357" lon="55.33182245181619">
        <ele>25</ele>
      </trkpt>
      <trkpt lat="-20.938835773746764" lon="55.33171375566682">
        <ele>28</ele>
      </trkpt>
      <trkpt lat="-20.938772849277207" lon="55.33159248310345">
        <ele>28</ele>
      </trkpt>
      <trkpt lat="-20.93865622919036" lon="55.33165356854278">
        <ele>25</ele>
      </trkpt>
      <trkpt lat="-20.93861763547257" lon="55.33158170332005">
        <ele>28</ele>
      </trkpt>
      <trkpt lat="-20.93875523042099" lon="55.33150085494447">
        <ele>28</ele>
      </trkpt>
      <trkpt lat="-20.93875271344136" lon="55.33146761727896">
        <ele>25</ele>
      </trkpt>
      <trkpt lat="-20.93872670464938" lon="55.33143348129817">
        <ele>26</ele>
      </trkpt>
      <trkpt lat="-20.938990987325287" lon="55.33127627612344">
        <ele>25</ele>
      </trkpt>
      <trkpt lat="-20.93910257320395" lon="55.331209800792415">
        <ele>25</ele>
      </trkpt>
      <trkpt lat="-20.939115997063443" lon="55.33117746144219">
        <ele>27</ele>
      </trkpt>
      <trkpt lat="-20.93911012412507" lon="55.33113883388498">
        <ele>27</ele>
      </trkpt>
      <trkpt lat="-20.939155429643765" lon="55.33104451078014">
        <ele>27</ele>
      </trkpt>
      <trkpt lat="-20.939144522760888" lon="55.33102115458275">
        <ele>27</ele>
      </trkpt>
      <trkpt lat="-20.939041326829724" lon="55.33104630741071">
        <ele>27</ele>
      </trkpt>
      <trkpt lat="-20.93894652074896" lon="55.33102834110503">
        <ele>27</ele>
      </trkpt>
      <trkpt lat="-20.938711602768098" lon="55.33102205289804">
        <ele>21</ele>
      </trkpt>
      <trkpt lat="-20.938381877980444" lon="55.33113883388498">
        <ele>27</ele>
      </trkpt>
      <trkpt lat="-20.938578202750637" lon="55.331524211141854">
        <ele>22</ele>
      </trkpt>
      <trkpt lat="-20.938646161264945" lon="55.331658060119196">
        <ele>28</ele>
      </trkpt>
      <trkpt lat="-20.93865706818412" lon="55.33167153484846">
        <ele>28</ele>
      </trkpt>
      <trkpt lat="-20.938767815318496" lon="55.33161044940914">
        <ele>28</ele>
      </trkpt>
      <trkpt lat="-20.93881647691225" lon="55.3317029758834">
        <ele>29</ele>
      </trkpt>
      <trkpt lat="-20.93869314491114" lon="55.331784722574255">
        <ele>27</ele>
      </trkpt>
      <trkpt lat="-20.93857065180269" lon="55.33185928274284">
        <ele>23</ele>
      </trkpt>
      <trkpt lat="-20.938266096585057" lon="55.332036250853804">
        <ele>27</ele>
      </trkpt>
      <trkpt lat="-20.93789190392693" lon="55.33225454146785">
        <ele>25</ele>
      </trkpt>
      <trkpt lat="-20.937570567332973" lon="55.33243959441638">
        <ele>27</ele>
      </trkpt>
      <trkpt lat="-20.937229094008753" lon="55.332664173237404">
        <ele>35</ele>
      </trkpt>
      <trkpt lat="-20.936935443107235" lon="55.33284383629424">
        <ele>48</ele>
      </trkpt>
      <trkpt lat="-20.936590612313488" lon="55.333055838701284">
        <ele>32</ele>
      </trkpt>
      <trkpt lat="-20.936299477180874" lon="55.3332247219747">
        <ele>48</ele>
      </trkpt>
      <trkpt lat="-20.93597226410846" lon="55.33341516481492">
        <ele>34</ele>
      </trkpt>
      <trkpt lat="-20.93550493548075" lon="55.3337286768491">
        <ele>44</ele>
      </trkpt>
      <trkpt lat="-20.935165974486445" lon="55.33392450958103">
        <ele>47</ele>
      </trkpt>
      <trkpt lat="-20.93462984402076" lon="55.33423442835405">
        <ele>47</ele>
      </trkpt>
      <trkpt lat="-20.934316051590226" lon="55.33438354869122">
        <ele>48</ele>
      </trkpt>
      <trkpt lat="-20.933938492981554" lon="55.33456411006332">
        <ele>43</ele>
      </trkpt>
      <trkpt lat="-20.933506396961523" lon="55.33479318046078">
        <ele>46</ele>
      </trkpt>
      <trkpt lat="-20.933142260706838" lon="55.33495218226606">
        <ele>45</ele>
      </trkpt>
      <trkpt lat="-20.933044933816042" lon="55.33493601259095">
        <ele>45</ele>
      </trkpt>
      <trkpt lat="-20.93293166537211" lon="55.33512196385475">
        <ele>43</ele>
      </trkpt>
      <trkpt lat="-20.933309226518762" lon="55.335490273121245">
        <ele>49</ele>
      </trkpt>
      <trkpt lat="-20.93357267973292" lon="55.33575258118421">
        <ele>38</ele>
      </trkpt>
      <trkpt lat="-20.93392422963769" lon="55.33610472077559">
        <ele>43</ele>
      </trkpt>
      <trkpt lat="-20.93392422963769" lon="55.33610472077559">
        <ele>38</ele>
      </trkpt>
      <trkpt lat="-20.933715313445298" lon="55.33632840128134">
        <ele>38</ele>
      </trkpt>
      <trkpt lat="-20.933715313445298" lon="55.33632840128134">
        <ele>37</ele>
      </trkpt>
      <trkpt lat="-20.933715313445298" lon="55.33632840128134">
        <ele>37</ele>
      </trkpt>
      <trkpt lat="-20.93356009439883" lon="55.336509860968725">
        <ele>37</ele>
      </trkpt>
      <trkpt lat="-20.93346025071095" lon="55.33665987962117">
        <ele>39</ele>
      </trkpt>
      <trkpt lat="-20.93325049484736" lon="55.33702998551822">
        <ele>37</ele>
      </trkpt>
      <trkpt lat="-20.9331204460644" lon="55.33721953004318">
        <ele>34</ele>
      </trkpt>
      <trkpt lat="-20.932940055630155" lon="55.33750968587996">
        <ele>30</ele>
      </trkpt>
      <trkpt lat="-20.932740367361205" lon="55.33785913052547">
        <ele>25</ele>
      </trkpt>
      <trkpt lat="-20.9325851473044" lon="55.337964233413715">
        <ele>25</ele>
      </trkpt>
      <trkpt lat="-20.93256081549714" lon="55.33818971055002">
        <ele>18</ele>
      </trkpt>
      <trkpt lat="-20.93260024980348" lon="55.33831996626622">
        <ele>17</ele>
      </trkpt>
      <trkpt lat="-20.932596893692704" lon="55.33843045904617">
        <ele>17</ele>
      </trkpt>
      <trkpt lat="-20.932530610489493" lon="55.338549934978964">
        <ele>14</ele>
      </trkpt>
      <trkpt lat="-20.932490337136514" lon="55.33856969791522">
        <ele>14</ele>
      </trkpt>
      <trkpt lat="-20.932370356041574" lon="55.338579579383335">
        <ele>14</ele>
      </trkpt>
      <trkpt lat="-20.93223023813772" lon="55.338539155195555">
        <ele>12</ele>
      </trkpt>
      <trkpt lat="-20.932200033063424" lon="55.33856969791522">
        <ele>12</ele>
      </trkpt>
      <trkpt lat="-20.932150530289608" lon="55.338659529443625">
        <ele>12</ele>
      </trkpt>
      <trkpt lat="-20.932090120102785" lon="55.338689173847996">
        <ele>12</ele>
      </trkpt>
      <trkpt lat="-20.931980207061503" lon="55.338699953631405">
        <ele>13</ele>
      </trkpt>
      <trkpt lat="-20.93170080942553" lon="55.33862988503924">
        <ele>12</ele>
      </trkpt>
      <trkpt lat="-20.931290521862415" lon="55.338539155195555">
        <ele>12</ele>
      </trkpt>
      <trkpt lat="-20.931220042904126" lon="55.338549934978964">
        <ele>15</ele>
      </trkpt>
      <trkpt lat="-20.931032937889693" lon="55.338659529443625">
        <ele>15</ele>
      </trkpt>
      <trkpt lat="-20.930909599478827" lon="55.338842785761585">
        <ele>9</ele>
      </trkpt>
      <trkpt lat="-20.930570628085086" lon="55.338929922344136">
        <ele>9</ele>
      </trkpt>
      <trkpt lat="-20.93032562848138" lon="55.33894070212755">
        <ele>9</ele>
      </trkpt>
      <trkpt lat="-20.930110833978645" lon="55.338969448216645">
        <ele>9</ele>
      </trkpt>
      <trkpt lat="-20.929960645451988" lon="55.33893980381226">
        <ele>10</ele>
      </trkpt>
      <trkpt lat="-20.929740816163804" lon="55.3389496852804">
        <ele>11</ele>
      </trkpt>
      <trkpt lat="-20.929520147508125" lon="55.33898921115289">
        <ele>11</ele>
      </trkpt>
      <trkpt lat="-20.9291601967981" lon="55.33897932968477">
        <ele>11</ele>
      </trkpt>
      <trkpt lat="-20.929060350177515" lon="55.33895956674852">
        <ele>11</ele>
      </trkpt>
      <trkpt lat="-20.92893029775683" lon="55.33886973522011">
        <ele>11</ele>
      </trkpt>
      <trkpt lat="-20.928880793902497" lon="55.338659529443625">
        <ele>11</ele>
      </trkpt>
      <trkpt lat="-20.928830450983035" lon="55.338399916326516">
        <ele>11</ele>
      </trkpt>
      <trkpt lat="-20.92879017663528" lon="55.33832984773436">
        <ele>11</ele>
      </trkpt>
      <trkpt lat="-20.928770039457344" lon="55.33832984773436">
        <ele>11</ele>
      </trkpt>
      <trkpt lat="-20.928420155558573" lon="55.33843944219902">
        <ele>11</ele>
      </trkpt>
      <trkpt lat="-20.92813068265056" lon="55.338509510791184">
        <ele>11</ele>
      </trkpt>
      <trkpt lat="-20.927940217562554" lon="55.338579579383335">
        <ele>9</ele>
      </trkpt>
      <trkpt lat="-20.927585297391317" lon="55.3388077514655">
        <ele>8</ele>
      </trkpt>
      <trkpt lat="-20.927364625560735" lon="55.338956871802665">
        <ele>12</ele>
      </trkpt>
      <trkpt lat="-20.92714311434689" lon="55.33893621055113">
        <ele>3</ele>
      </trkpt>
      <trkpt lat="-20.92679238758856" lon="55.338803259889076">
        <ele>5</ele>
      </trkpt>
      <trkpt lat="-20.926440820947054" lon="55.33867030922703">
        <ele>5</ele>
      </trkpt>
      <trkpt lat="-20.925977657907154" lon="55.33849513774663">
        <ele>2</ele>
      </trkpt>
      <trkpt lat="-20.92575111024666" lon="55.33838464496668">
        <ele>3</ele>
      </trkpt>
      <trkpt lat="-20.925551412395247" lon="55.33812772679543">
        <ele>6</ele>
      </trkpt>
      <trkpt lat="-20.92520068191116" lon="55.33832984773436">
        <ele>7</ele>
      </trkpt>
      <trkpt lat="-20.925080694978135" lon="55.338449323667135">
        <ele>6</ele>
      </trkpt>
      <trkpt lat="-20.924950639103077" lon="55.338659529443625">
        <ele>8</ele>
      </trkpt>
      <trkpt lat="-20.924850789677237" lon="55.33888949815636">
        <ele>6</ele>
      </trkpt>
      <trkpt lat="-20.92478282490393" lon="55.33909880561755">
        <ele>6</ele>
      </trkpt>
      <trkpt lat="-20.924710664740527" lon="55.339319791177445">
        <ele>5</ele>
      </trkpt>
      <trkpt lat="-20.924650251553746" lon="55.33958928576269">
        <ele>8</ele>
      </trkpt>
      <trkpt lat="-20.92455040192774" lon="55.33989920453571">
        <ele>6</ele>
      </trkpt>
      <trkpt lat="-20.924480758871898" lon="55.34007976590781">
        <ele>6</ele>
      </trkpt>
      <trkpt lat="-20.924388460796212" lon="55.34037261669044">
        <ele>5</ele>
      </trkpt>
      <trkpt lat="-20.924260082469146" lon="55.340779553514146">
        <ele>6</ele>
      </trkpt>
      <trkpt lat="-20.924210577071804" lon="55.34101940369501">
        <ele>7</ele>
      </trkpt>
      <trkpt lat="-20.924140094782967" lon="55.34126913534399">
        <ele>7</ele>
      </trkpt>
      <trkpt lat="-20.92396053261161" lon="55.34177937842537">
        <ele>7</ele>
      </trkpt>
      <trkpt lat="-20.92383970560884" lon="55.3421845186185">
        <ele>8</ele>
      </trkpt>
      <trkpt lat="-20.923630775353356" lon="55.34287981464841">
        <ele>8</ele>
      </trkpt>
      <trkpt lat="-20.92355022385174" lon="55.34310978336115">
        <ele>7</ele>
      </trkpt>
      <trkpt lat="-20.923429396518156" lon="55.343496058933326">
        <ele>8</ele>
      </trkpt>
      <trkpt lat="-20.923308569087133" lon="55.34388323282078">
        <ele>7</ele>
      </trkpt>
      <trkpt lat="-20.923130684080856" lon="55.344449171449774">
        <ele>7</ele>
      </trkpt>
      <trkpt lat="-20.923020764466713" lon="55.34477975147433">
        <ele>8</ele>
      </trkpt>
      <trkpt lat="-20.92291000568999" lon="55.34513997590326">
        <ele>9</ele>
      </trkpt>
      <trkpt lat="-20.922780787013696" lon="55.345629557733105">
        <ele>9</ele>
      </trkpt>
      <trkpt lat="-20.922650729142582" lon="55.34599966363016">
        <ele>9</ele>
      </trkpt>
      <trkpt lat="-20.922590315125348" lon="55.34622963234289">
        <ele>8</ele>
      </trkpt>
      <trkpt lat="-20.922480395114867" lon="55.34638953246347">
        <ele>9</ele>
      </trkpt>
      <trkpt lat="-20.922420820113654" lon="55.346489245460006">
        <ele>9</ele>
      </trkpt>
      <trkpt lat="-20.92234026796169" lon="55.3465691955203">
        <ele>9</ele>
      </trkpt>
      <trkpt lat="-20.92227062387874" lon="55.34658985677183">
        <ele>9</ele>
      </trkpt>
      <trkpt lat="-20.922140565564895" lon="55.34665992536399">
        <ele>9</ele>
      </trkpt>
      <trkpt lat="-20.922070082302486" lon="55.346689569768365">
        <ele>9</ele>
      </trkpt>
      <trkpt lat="-20.922030645224545" lon="55.34671921417274">
        <ele>9</ele>
      </trkpt>
      <trkpt lat="-20.92189051765086" lon="55.34664914558058">
        <ele>17</ele>
      </trkpt>
      <trkpt lat="-20.92169081465476" lon="55.34658985677183">
        <ele>16</ele>
      </trkpt>
      <trkpt lat="-20.921670676522744" lon="55.34660961970808">
        <ele>29</ele>
      </trkpt>
      <trkpt lat="-20.921710113695404" lon="55.34673987542428">
        <ele>29</ele>
      </trkpt>
      <trkpt lat="-20.921530548612495" lon="55.34666980683212">
        <ele>29</ele>
      </trkpt>
      <trkpt lat="-20.921540617688255" lon="55.34677940129678">
        <ele>29</ele>
      </trkpt>
      <trkpt lat="-20.921560755837756" lon="55.346859351357075">
        <ele>29</ele>
      </trkpt>
      <trkpt lat="-20.921560755837756" lon="55.34693930141735">
        <ele>34</ele>
      </trkpt>
      <trkpt lat="-20.92158005489515" lon="55.34709920153794">
        <ele>34</ele>
      </trkpt>
      <trkpt lat="-20.921530548612495" lon="55.347069557133544">
        <ele>34</ele>
      </trkpt>
      <trkpt lat="-20.92158005489515" lon="55.347389357374695">
        <ele>49</ele>
      </trkpt>
      <trkpt lat="-20.921600193039353" lon="55.347479188903115">
        <ele>49</ele>
      </trkpt>
      <trkpt lat="-20.921520479536046" lon="55.34740912031096">
        <ele>49</ele>
      </trkpt>
      <trkpt lat="-20.921500341381133" lon="55.347439663030606">
        <ele>49</ele>
      </trkpt>
      <trkpt lat="-20.921520479536046" lon="55.347519613090896">
        <ele>49</ele>
      </trkpt>
      <trkpt lat="-20.921430696907876" lon="55.34748996868652">
        <ele>66</ele>
      </trkpt>
      <trkpt lat="-20.9214105587409" lon="55.347699276147715">
        <ele>66</ele>
      </trkpt>
      <trkpt lat="-20.921200786007358" lon="55.347439663030606">
        <ele>66</ele>
      </trkpt>
      <trkpt lat="-20.92112023319964" lon="55.34736959443845">
        <ele>72</ele>
      </trkpt>
      <trkpt lat="-20.921050588549765" lon="55.34732917025067">
        <ele>72</ele>
      </trkpt>
      <trkpt lat="-20.920920529177174" lon="55.347309407314405">
        <ele>72</ele>
      </trkpt>
      <trkpt lat="-20.920940667409997" lon="55.347379475906564">
        <ele>72</ele>
      </trkpt>
      <trkpt lat="-20.921060657657772" lon="55.347589681683054">
        <ele>76</ele>
      </trkpt>
      <trkpt lat="-20.9210900258856" lon="55.34765975027521">
        <ele>76</ele>
      </trkpt>
      <trkpt lat="-20.92104051944108" lon="55.34760944461931">
        <ele>76</ele>
      </trkpt>
      <trkpt lat="-20.921000242999572" lon="55.34759956315118">
        <ele>76</ele>
      </trkpt>
      <trkpt lat="-20.920940667409997" lon="55.34753937602714">
        <ele>76</ele>
      </trkpt>
      <trkpt lat="-20.920910460059762" lon="55.34752949455902">
        <ele>76</ele>
      </trkpt>
      <trkpt lat="-20.920820677066157" lon="55.34754925749527">
        <ele>82</ele>
      </trkpt>
      <trkpt lat="-20.920740124054163" lon="55.347639987338965">
        <ele>82</ele>
      </trkpt>
      <trkpt lat="-20.920670479227645" lon="55.347749581803626">
        <ele>87</ele>
      </trkpt>
      <trkpt lat="-20.920720824888605" lon="55.34785917626829">
        <ele>87</ele>
      </trkpt>
      <trkpt lat="-20.920800538817215" lon="55.34798943198449">
        <ele>87</ele>
      </trkpt>
      <trkpt lat="-20.920780400565572" lon="55.3480397376404">
        <ele>95</ele>
      </trkpt>
      <trkpt lat="-20.92073005492461" lon="55.34807926351289">
        <ele>95</ele>
      </trkpt>
      <trkpt lat="-20.92069061749406" lon="55.348129569168805">
        <ele>95</ele>
      </trkpt>
      <trkpt lat="-20.920380152252804" lon="55.34838918228592">
        <ele>106</ele>
      </trkpt>
      <trkpt lat="-20.920160308909267" lon="55.34861915099865">
        <ele>113</ele>
      </trkpt>
      <trkpt lat="-20.919940465243286" lon="55.34880959383889">
        <ele>122</ele>
      </trkpt>
      <trkpt lat="-20.919850681668628" lon="55.34911951261191">
        <ele>136</ele>
      </trkpt>
      <trkpt lat="-20.91987082004518" lon="55.349159936799694">
        <ele>136</ele>
      </trkpt>
      <trkpt lat="-20.919990811149436" lon="55.34926953126436">
        <ele>136</ele>
      </trkpt>
      <trkpt lat="-20.920000041230416" lon="55.34929917566873">
        <ele>136</ele>
      </trkpt>
      <trkpt lat="-20.91997067278901" lon="55.349319836920266">
        <ele>136</ele>
      </trkpt>
      <trkpt lat="-20.919630837548485" lon="55.34940966844868">
        <ele>137</ele>
      </trkpt>
      <trkpt lat="-20.919290162435257" lon="55.34966928156579">
        <ele>139</ele>
      </trkpt>
      <trkpt lat="-20.91916010153508" lon="55.349789655813865">
        <ele>139</ele>
      </trkpt>
      <trkpt lat="-20.918940256402088" lon="55.34995943740256">
        <ele>141</ele>
      </trkpt>
      <trkpt lat="-20.91870027241551" lon="55.350099574586885">
        <ele>141</ele>
      </trkpt>
      <trkpt lat="-20.91843343662269" lon="55.350282830904845">
        <ele>140</ele>
      </trkpt>
      <trkpt lat="-20.918160726595197" lon="55.35046968048394">
        <ele>139</ele>
      </trkpt>
      <trkpt lat="-20.917720193964282" lon="55.35074995485259">
        <ele>139</ele>
      </trkpt>
      <trkpt lat="-20.917620339721292" lon="55.350839786380995">
        <ele>139</ele>
      </trkpt>
      <trkpt lat="-20.917390422976133" lon="55.350979923565326">
        <ele>138</ele>
      </trkpt>
      <trkpt lat="-20.917150436508347" lon="55.3511398236859">
        <ele>138</ele>
      </trkpt>
      <trkpt lat="-20.917040512508446" lon="55.351239536682435">
        <ele>138</ele>
      </trkpt>
      <trkpt lat="-20.9169800962299" lon="55.35127996087022">
        <ele>138</ele>
      </trkpt>
      <trkpt lat="-20.916940657812706" lon="55.351349131147096">
        <ele>139</ele>
      </trkpt>
      <trkpt lat="-20.91679632989965" lon="55.35166174486597">
        <ele>142</ele>
      </trkpt>
      <trkpt lat="-20.916640254209387" lon="55.3519995114128">
        <ele>140</ele>
      </trkpt>
      <trkpt lat="-20.91646068305289" lon="55.35235973584173">
        <ele>139</ele>
      </trkpt>
      <trkpt lat="-20.916320550271987" lon="55.35249987302604">
        <ele>139</ele>
      </trkpt>
      <trkpt lat="-20.916100700974543" lon="55.35261934895884">
        <ele>134</ele>
      </trkpt>
      <trkpt lat="-20.91600000653219" lon="55.35265977314663">
        <ele>134</ele>
      </trkpt>
      <trkpt lat="-20.915910220597375" lon="55.35271996027066">
        <ele>134</ele>
      </trkpt>
      <trkpt lat="-20.91577008730194" lon="55.352759486143164">
        <ele>134</ele>
      </trkpt>
      <trkpt lat="-20.91553009824024" lon="55.35277924907942">
        <ele>132</ele>
      </trkpt>
      <trkpt lat="-20.91541010356534" lon="55.35279991033095">
        <ele>132</ele>
      </trkpt>
      <trkpt lat="-20.915150814044708" lon="55.35280979179906">
        <ele>130</ele>
      </trkpt>
      <trkpt lat="-20.914880615426345" lon="55.35282955473532">
        <ele>129</ele>
      </trkpt>
      <trkpt lat="-20.914550838191907" lon="55.35287986039124">
        <ele>128</ele>
      </trkpt>
      <trkpt lat="-20.914260499364715" lon="55.35289962332749">
        <ele>120</ele>
      </trkpt>
      <trkpt lat="-20.914090155802665" lon="55.3529499289834">
        <ele>120</ele>
      </trkpt>
      <trkpt lat="-20.91394079035255" lon="55.35302987904368">
        <ele>115</ele>
      </trkpt>
      <trkpt lat="-20.913910581591736" lon="55.35305952344807">
        <ele>115</ele>
      </trkpt>
      <trkpt lat="-20.91392065117935" lon="55.3531592364446">
        <ele>115</ele>
      </trkpt>
      <trkpt lat="-20.913910581591736" lon="55.35319966063238">
        <ele>115</ele>
      </trkpt>
      <trkpt lat="-20.91389044241449" lon="55.35320954210051">
        <ele>109</ele>
      </trkpt>
      <trkpt lat="-20.91382079440563" lon="55.35320954210051">
        <ele>109</ele>
      </trkpt>
      <trkpt lat="-20.91345073637015" lon="55.35307928638431">
        <ele>104</ele>
      </trkpt>
      <trkpt lat="-20.91344066675099" lon="55.35312959204022">
        <ele>104</ele>
      </trkpt>
      <trkpt lat="-20.913430597131125" lon="55.35364971658972">
        <ele>96</ele>
      </trkpt>
      <trkpt lat="-20.913496049648057" lon="55.354002754496385">
        <ele>92</ele>
      </trkpt>
      <trkpt lat="-20.913570732613245" lon="55.35440969132009">
        <ele>92</ele>
      </trkpt>
      <trkpt lat="-20.91361017191693" lon="55.354619897096576">
        <ele>94</ele>
      </trkpt>
      <trkpt lat="-20.91363031113182" lon="55.354849865809314">
        <ele>94</ele>
      </trkpt>
      <trkpt lat="-20.913620241524708" lon="55.35493969733772">
        <ele>103</ele>
      </trkpt>
      <trkpt lat="-20.913570732613245" lon="55.35498910467835">
        <ele>103</ele>
      </trkpt>
      <trkpt lat="-20.913390318644982" lon="55.355009765929886">
        <ele>105</ele>
      </trkpt>
      <trkpt lat="-20.913230043728298" lon="55.35498910467835">
        <ele>105</ele>
      </trkpt>
      <trkpt lat="-20.91313018649463" lon="55.35502952886614">
        <ele>105</ele>
      </trkpt>
      <trkpt lat="-20.91305046848724" lon="55.355079834522044">
        <ele>106</ele>
      </trkpt>
      <trkpt lat="-20.91300012025021" lon="55.3550995974583">
        <ele>106</ele>
      </trkpt>
      <trkpt lat="-20.912710617559206" lon="55.35501964739801">
        <ele>111</ele>
      </trkpt>
      <trkpt lat="-20.912620829654507" lon="55.355009765929886">
        <ele>111</ele>
      </trkpt>
      <trkpt lat="-20.91257048127322" lon="55.35503941033426">
        <ele>117</ele>
      </trkpt>
      <trkpt lat="-20.91255034191597" lon="55.355079834522044">
        <ele>117</ele>
      </trkpt>
      <trkpt lat="-20.91254027223634" lon="55.355119360394546">
        <ele>117</ele>
      </trkpt>
      <trkpt lat="-20.91243034485626" lon="55.35517954751858">
        <ele>117</ele>
      </trkpt>
      <trkpt lat="-20.91243034485626" lon="55.355269379046995">
        <ele>131</ele>
      </trkpt>
      <trkpt lat="-20.91249076296826" lon="55.35532956617103">
        <ele>131</ele>
      </trkpt>
      <trkpt lat="-20.912610759979607" lon="55.355469703355354">
        <ele>123</ele>
      </trkpt>
      <trkpt lat="-20.912600690304025" lon="55.35553977194752">
        <ele>133</ele>
      </trkpt>
      <trkpt lat="-20.912470623600306" lon="55.35557929782002">
        <ele>136</ele>
      </trkpt>
      <trkpt lat="-20.912460553915306" lon="55.35564936641218">
        <ele>136</ele>
      </trkpt>
      <trkpt lat="-20.912500832651222" lon="55.355739197940586">
        <ele>140</ele>
      </trkpt>
      <trkpt lat="-20.912500832651222" lon="55.355779622128374">
        <ele>140</ele>
      </trkpt>
      <trkpt lat="-20.912470623600306" lon="55.35581914800087">
        <ele>140</ele>
      </trkpt>
      <trkpt lat="-20.912460553915306" lon="55.35585957218865">
        <ele>140</ele>
      </trkpt>
      <trkpt lat="-20.91245048422963" lon="55.356019472309235">
        <ele>137</ele>
      </trkpt>
      <trkpt lat="-20.91238083555191" lon="55.356069777965146">
        <ele>144</ele>
      </trkpt>
      <trkpt lat="-20.91227006891345" lon="55.356289865209746">
        <ele>138</ele>
      </trkpt>
      <trkpt lat="-20.912080422812178" lon="55.356559359794986">
        <ele>139</ele>
      </trkpt>
      <trkpt lat="-20.912010773962557" lon="55.356689615511186">
        <ele>144</ele>
      </trkpt>
      <trkpt lat="-20.911910076773378" lon="55.356839634163634">
        <ele>143</ele>
      </trkpt>
      <trkpt lat="-20.91177077888354" lon="55.356919584223924">
        <ele>145</ele>
      </trkpt>
      <trkpt lat="-20.911750639418887" lon="55.35706960287637">
        <ele>145</ele>
      </trkpt>
      <trkpt lat="-20.91171036048144" lon="55.357119908532276">
        <ele>149</ele>
      </trkpt>
      <trkpt lat="-20.911540014022247" lon="55.357539421769964">
        <ele>150</ele>
      </trkpt>
      <trkpt lat="-20.911410785544795" lon="55.35800924066356">
        <ele>151</ele>
      </trkpt>
      <trkpt lat="-20.911290787573158" lon="55.35847995787243">
        <ele>155</ele>
      </trkpt>
      <trkpt lat="-20.911310087952707" lon="55.358679383865514">
        <ele>153</ele>
      </trkpt>
      <trkpt lat="-20.911230368977673" lon="55.35884916545421">
        <ele>156</ele>
      </trkpt>
      <trkpt lat="-20.911160719733218" lon="55.35889947111013">
        <ele>158</ele>
      </trkpt>
      <trkpt lat="-20.91108016153061" lon="55.358989302638534">
        <ele>158</ele>
      </trkpt>
      <trkpt lat="-20.91104072156146" lon="55.35901984535819">
        <ele>158</ele>
      </trkpt>
      <trkpt lat="-20.910910653504622" lon="55.35907913416695">
        <ele>158</ele>
      </trkpt>
      <trkpt lat="-20.91078058533496" lon="55.359189626946886">
        <ele>171</ele>
      </trkpt>
      <trkpt lat="-20.91076044573731" lon="55.35927945847531">
        <ele>171</ele>
      </trkpt>
      <trkpt lat="-20.910790655132768" lon="55.359339645599334">
        <ele>171</ele>
      </trkpt>
      <trkpt lat="-20.910850234755966" lon="55.359389951255245">
        <ele>171</ele>
      </trkpt>
      <trkpt lat="-20.91098030286523" lon="55.359559732843955">
        <ele>176</ele>
      </trkpt>
      <trkpt lat="-20.911010512216393" lon="55.359609140184574">
        <ele>183</ele>
      </trkpt>
      <trkpt lat="-20.911210229440428" lon="55.359859770148844">
        <ele>182</ele>
      </trkpt>
      <trkpt lat="-20.911210229440428" lon="55.35990917748948">
        <ele>190</ele>
      </trkpt>
      <trkpt lat="-20.91113051041231" lon="55.360089738861575">
        <ele>191</ele>
      </trkpt>
      <trkpt lat="-20.9112505085122" lon="55.360189451858105">
        <ele>190</ele>
      </trkpt>
      <trkpt lat="-20.911270648044027" lon="55.36023975751402">
        <ele>198</ele>
      </trkpt>
      <trkpt lat="-20.911270648044027" lon="55.36036911491494">
        <ele>198</ele>
      </trkpt>
      <trkpt lat="-20.911420016154015" lon="55.360529913350796">
        <ele>198</ele>
      </trkpt>
      <trkpt lat="-20.911420016154015" lon="55.360599981942954">
        <ele>198</ele>
      </trkpt>
      <trkpt lat="-20.9113604367572" lon="55.36066915221984">
        <ele>198</ele>
      </trkpt>
      <trkpt lat="-20.9112505085122" lon="55.36089912093257">
        <ele>209</ele>
      </trkpt>
      <trkpt lat="-20.911210229440428" lon="55.36104913958502">
        <ele>220</ele>
      </trkpt>
      <trkpt lat="-20.911200159670788" lon="55.36132941395367">
        <ele>218</ele>
      </trkpt>
      <trkpt lat="-20.91115064996026" lon="55.36167975691447">
        <ele>224</ele>
      </trkpt>
      <trkpt lat="-20.91113051041231" lon="55.36171928278698">
        <ele>224</ele>
      </trkpt>
      <trkpt lat="-20.911100301085323" lon="55.36186930143941">
        <ele>224</ele>
      </trkpt>
      <trkpt lat="-20.91108016153061" lon="55.36188996269096">
        <ele>224</ele>
      </trkpt>
      <trkpt lat="-20.911030651780447" lon="55.36210915162028">
        <ele>228</ele>
      </trkpt>
      <trkpt lat="-20.910970233080146" lon="55.36223940733647">
        <ele>228</ele>
      </trkpt>
      <trkpt lat="-20.910900583714866" lon="55.362549326109495">
        <ele>230</ele>
      </trkpt>
      <trkpt lat="-20.910810794726363" lon="55.36275953188598">
        <ele>233</ele>
      </trkpt>
      <trkpt lat="-20.910790655132768" lon="55.362919432006564">
        <ele>233</ele>
      </trkpt>
      <trkpt lat="-20.910700026928144" lon="55.363039806254626">
        <ele>239</ele>
      </trkpt>
      <trkpt lat="-20.910610237819544" lon="55.363109874846785">
        <ele>233</ele>
      </trkpt>
      <trkpt lat="-20.910420589619093" lon="55.36330930083987">
        <ele>231</ele>
      </trkpt>
      <trkpt lat="-20.910340031018873" lon="55.363419793619805">
        <ele>227</ele>
      </trkpt>
      <trkpt lat="-20.910280451192964" lon="55.36352938808447">
        <ele>230</ele>
      </trkpt>
      <trkpt lat="-20.910230102025864" lon="55.36365964380067">
        <ele>230</ele>
      </trkpt>
      <trkpt lat="-20.910150382476694" lon="55.36382942538936">
        <ele>229</ele>
      </trkpt>
      <trkpt lat="-20.910060593038992" lon="55.36394979963744">
        <ele>226</ele>
      </trkpt>
      <trkpt lat="-20.910010243798077" lon="55.3640593941021">
        <ele>226</ele>
      </trkpt>
      <trkpt lat="-20.90970059559472" lon="55.36428936281484">
        <ele>226</ele>
      </trkpt>
      <trkpt lat="-20.90958059625458" lon="55.36438997412666">
        <ele>226</ele>
      </trkpt>
      <trkpt lat="-20.90949080647575" lon="55.364439381467285">
        <ele>223</ele>
      </trkpt>
      <trkpt lat="-20.909215562706528" lon="55.36464419735207">
        <ele>218</ele>
      </trkpt>
      <trkpt lat="-20.90890003873989" lon="55.364879555956506">
        <ele>213</ele>
      </trkpt>
      <trkpt lat="-20.908611367295304" lon="55.36508796510242">
        <ele>212</ele>
      </trkpt>
      <trkpt lat="-20.908250527208207" lon="55.3653493748501">
        <ele>212</ele>
      </trkpt>
      <trkpt lat="-20.9081305267078" lon="55.36540956197413">
        <ele>212</ele>
      </trkpt>
      <trkpt lat="-20.907869546267076" lon="55.365493105295556">
        <ele>208</ele>
      </trkpt>
      <trkpt lat="-20.90757080282571" lon="55.36558922503096">
        <ele>208</ele>
      </trkpt>
      <trkpt lat="-20.907550662797004" lon="55.365619767750616">
        <ele>205</ele>
      </trkpt>
      <trkpt lat="-20.907500312713445" lon="55.365769786403064">
        <ele>211</ele>
      </trkpt>
      <trkpt lat="-20.907380311612805" lon="55.366006043322784">
        <ele>208</ele>
      </trkpt>
      <trkpt lat="-20.90724017034574" lon="55.36627913116916">
        <ele>207</ele>
      </trkpt>
      <trkpt lat="-20.90723010030954" lon="55.366399505417235">
        <ele>207</ele>
      </trkpt>
      <trkpt lat="-20.90712016903696" lon="55.366519879665304">
        <ele>207</ele>
      </trkpt>
      <trkpt lat="-20.906960726590043" lon="55.366599829725594">
        <ele>203</ele>
      </trkpt>
      <trkpt lat="-20.906860026009923" lon="55.366679779785876">
        <ele>207</ele>
      </trkpt>
      <trkpt lat="-20.906530231136752" lon="55.36682979843833">
        <ele>209</ele>
      </trkpt>
      <trkpt lat="-20.906420299351225" lon="55.36689986703048">
        <ele>208</ele>
      </trkpt>
      <trkpt lat="-20.906150085001624" lon="55.36703910589952">
        <ele>211</ele>
      </trkpt>
      <trkpt lat="-20.90597050128261" lon="55.3671594801476">
        <ele>210</ele>
      </trkpt>
      <trkpt lat="-20.905830358698324" lon="55.36722954873976">
        <ele>210</ele>
      </trkpt>
      <trkpt lat="-20.905570213434277" lon="55.36739933032846">
        <ele>210</ele>
      </trkpt>
      <trkpt lat="-20.905150623347996" lon="55.36773979182114">
        <ele>210</ele>
      </trkpt>
      <trkpt lat="-20.90477047371645" lon="55.368209610714736">
        <ele>204</ele>
      </trkpt>
      <trkpt lat="-20.90445074447252" lon="55.36847910529997">
        <ele>194</ele>
      </trkpt>
      <trkpt lat="-20.90437018266577" lon="55.36860936101617">
        <ele>182</ele>
      </trkpt>
      <trkpt lat="-20.904340811162964" lon="55.36868931107645">
        <ele>182</ele>
      </trkpt>
      <trkpt lat="-20.904330740932117" lon="55.368779142604865">
        <ele>189</ele>
      </trkpt>
      <trkpt lat="-20.90437018266577" lon="55.368829448260776">
        <ele>175</ele>
      </trkpt>
      <trkpt lat="-20.904510326614268" lon="55.3689695854451">
        <ele>185</ele>
      </trkpt>
      <trkpt lat="-20.904570747916942" lon="55.36904953550539">
        <ele>185</ele>
      </trkpt>
      <trkpt lat="-20.90465047043181" lon="55.36925974128187">
        <ele>180</ele>
      </trkpt>
      <trkpt lat="-20.904720122699626" lon="55.369419641402445">
        <ele>165</ele>
      </trkpt>
      <trkpt lat="-20.90478054391779" lon="55.369529235867105">
        <ele>165</ele>
      </trkpt>
      <trkpt lat="-20.90477047371645" lon="55.36955977858677">
        <ele>165</ele>
      </trkpt>
      <trkpt lat="-20.904760403514445" lon="55.36955977858677">
        <ele>165</ele>
      </trkpt>
      <trkpt lat="-20.904720122699626" lon="55.36958942299114">
        <ele>165</ele>
      </trkpt>
      <trkpt lat="-20.904630330011003" lon="55.369609185927395">
        <ele>159</ele>
      </trkpt>
      <trkpt lat="-20.90460011937471" lon="55.369599304459264">
        <ele>165</ele>
      </trkpt>
      <trkpt lat="-20.904540537268648" lon="55.369609185927395">
        <ele>164</ele>
      </trkpt>
      <trkpt lat="-20.904380252893983" lon="55.36954989711864">
        <ele>166</ele>
      </trkpt>
      <trkpt lat="-20.90431060046836" lon="55.36954989711864">
        <ele>166</ele>
      </trkpt>
      <trkpt lat="-20.90428038976769" lon="55.36955977858677">
        <ele>163</ele>
      </trkpt>
      <trkpt lat="-20.9040403823183" lon="55.36948970999461">
        <ele>163</ele>
      </trkpt>
      <trkpt lat="-20.903950589222795" lon="55.36947982852648">
        <ele>159</ele>
      </trkpt>
      <trkpt lat="-20.90387002714744" lon="55.36945916727495">
        <ele>159</ele>
      </trkpt>
      <trkpt lat="-20.903830585282293" lon="55.36943940433869">
        <ele>159</ele>
      </trkpt>
      <trkpt lat="-20.90375002314247" lon="55.36943940433869">
        <ele>159</ele>
      </trkpt>
      <trkpt lat="-20.90381044475139" lon="55.36948970999461">
        <ele>159</ele>
      </trkpt>
      <trkpt lat="-20.90378023394998" lon="55.369579541523024">
        <ele>159</ele>
      </trkpt>
      <trkpt lat="-20.903640089319417" lon="55.369609185927395">
        <ele>169</ele>
      </trkpt>
      <trkpt lat="-20.903550295984306" lon="55.36964961011518">
        <ele>163</ele>
      </trkpt>
      <trkpt lat="-20.9034202214316" lon="55.369729560175465">
        <ele>169</ele>
      </trkpt>
      <trkpt lat="-20.903360638856874" lon="55.36979962876763">
        <ele>167</ele>
      </trkpt>
      <trkpt lat="-20.903340498262896" lon="55.36987957882791">
        <ele>167</ele>
      </trkpt>
      <trkpt lat="-20.903340498262896" lon="55.369909223232284">
        <ele>191</ele>
      </trkpt>
      <trkpt lat="-20.903360638856874" lon="55.36994964742007">
        <ele>191</ele>
      </trkpt>
      <trkpt lat="-20.903480643173335" lon="55.37009966607252">
        <ele>183</ele>
      </trkpt>
      <trkpt lat="-20.903610717673665" lon="55.37018949760093">
        <ele>183</ele>
      </trkpt>
      <trkpt lat="-20.903590577113246" lon="55.37021914200531">
        <ele>197</ele>
      </trkpt>
      <trkpt lat="-20.903520085130506" lon="55.37026944766122">
        <ele>197</ele>
      </trkpt>
      <trkpt lat="-20.903430291723577" lon="55.37030987184901">
        <ele>197</ele>
      </trkpt>
      <trkpt lat="-20.903250704748462" lon="55.370349397721505">
        <ele>199</ele>
      </trkpt>
      <trkpt lat="-20.90323056413971" lon="55.37038982190929">
        <ele>199</ele>
      </trkpt>
      <trkpt lat="-20.903300217066796" lon="55.370479653437705">
        <ele>199</ele>
      </trkpt>
      <trkpt lat="-20.903380779448156" lon="55.37051917931021">
        <ele>206</ele>
      </trkpt>
      <trkpt lat="-20.903520085130506" lon="55.370559603497995">
        <ele>208</ele>
      </trkpt>
      <trkpt lat="-20.90353015541578" lon="55.37057936643424">
        <ele>208</ele>
      </trkpt>
      <trkpt lat="-20.90351001484455" lon="55.37060990915389">
        <ele>208</ele>
      </trkpt>
      <trkpt lat="-20.90337070915286" lon="55.37070962215044">
        <ele>210</ele>
      </trkpt>
      <trkpt lat="-20.903340498262896" lon="55.370739266554814">
        <ele>210</ele>
      </trkpt>
      <trkpt lat="-20.90323056413971" lon="55.3709099464588">
        <ele>210</ele>
      </trkpt>
      <trkpt lat="-20.903200353221518" lon="55.370949472331304">
        <ele>210</ele>
      </trkpt>
      <trkpt lat="-20.90317014229724" lon="55.370969235267545">
        <ele>210</ele>
      </trkpt>
      <trkpt lat="-20.90303083628995" lon="55.37119920398029">
        <ele>212</ele>
      </trkpt>
      <trkpt lat="-20.903020765971156" lon="55.371359104100854">
        <ele>215</ele>
      </trkpt>
      <trkpt lat="-20.903000625331543" lon="55.371449833944546">
        <ele>215</ele>
      </trkpt>
      <trkpt lat="-20.902980484689206" lon="55.371799278590075">
        <ele>219</ele>
      </trkpt>
      <trkpt lat="-20.902940203396465" lon="55.37204990855435">
        <ele>222</ele>
      </trkpt>
      <trkpt lat="-20.902940203396465" lon="55.37211997714651">
        <ele>218</ele>
      </trkpt>
      <trkpt lat="-20.90291083161368" lon="55.37225921601555">
        <ele>225</ele>
      </trkpt>
      <trkpt lat="-20.902883138213213" lon="55.372549371852315">
        <ele>218</ele>
      </trkpt>
      <trkpt lat="-20.902850409642433" lon="55.37287995187687">
        <ele>213</ele>
      </trkpt>
      <trkpt lat="-20.902870550302215" lon="55.37297966487341">
        <ele>213</ele>
      </trkpt>
      <trkpt lat="-20.902940203396465" lon="55.37304973346557">
        <ele>206</ele>
      </trkpt>
      <trkpt lat="-20.902950273720656" lon="55.373069496401826">
        <ele>206</ele>
      </trkpt>
      <trkpt lat="-20.902940203396465" lon="55.37313956499399">
        <ele>206</ele>
      </trkpt>
      <trkpt lat="-20.902950273720656" lon="55.373199752118026">
        <ele>206</ele>
      </trkpt>
      <trkpt lat="-20.903220493834322" lon="55.373509670891046">
        <ele>197</ele>
      </trkpt>
      <trkpt lat="-20.903250704748462" lon="55.37355997654694">
        <ele>197</ele>
      </trkpt>
      <trkpt lat="-20.90333042796489" lon="55.37364980807537">
        <ele>197</ele>
      </trkpt>
      <trkpt lat="-20.903340498262896" lon="55.37367945247974">
        <ele>197</ele>
      </trkpt>
      <trkpt lat="-20.903430291723577" lon="55.373819589664066">
        <ele>197</ele>
      </trkpt>
      <trkpt lat="-20.903430291723577" lon="55.37384923406844">
        <ele>186</ele>
      </trkpt>
      <trkpt lat="-20.903380779448156" lon="55.37384923406844">
        <ele>183</ele>
      </trkpt>
      <trkpt lat="-20.903270006162646" lon="55.37377916547628">
        <ele>197</ele>
      </trkpt>
      <trkpt lat="-20.90323056413971" lon="55.37377916547628">
        <ele>197</ele>
      </trkpt>
      <trkpt lat="-20.90323056413971" lon="55.37379982672782">
        <ele>197</ele>
      </trkpt>
      <trkpt lat="-20.903270006162646" lon="55.37384923406844">
        <ele>183</ele>
      </trkpt>
      <trkpt lat="-20.903300217066796" lon="55.37386989531998">
        <ele>183</ele>
      </trkpt>
      <trkpt lat="-20.903400080845596" lon="55.37403967690868">
        <ele>186</ele>
      </trkpt>
      <trkpt lat="-20.9034202214316" lon="55.37408998256458">
        <ele>186</ele>
      </trkpt>
      <trkpt lat="-20.903440362014866" lon="55.37424988268515">
        <ele>169</ele>
      </trkpt>
      <trkpt lat="-20.90346050259545" lon="55.37431995127731">
        <ele>169</ele>
      </trkpt>
      <trkpt lat="-20.903490713461256" lon="55.37438912155419">
        <ele>169</ele>
      </trkpt>
      <trkpt lat="-20.90351001484455" lon="55.37441966427386">
        <ele>160</ele>
      </trkpt>
      <trkpt lat="-20.90353015541578" lon="55.374479851397886">
        <ele>160</ele>
      </trkpt>
      <trkpt lat="-20.903500783748502" lon="55.37448973286602">
        <ele>160</ele>
      </trkpt>
      <trkpt lat="-20.90323056413971" lon="55.37438912155419">
        <ele>167</ele>
      </trkpt>
      <trkpt lat="-20.903180212606014" lon="55.37433971421357">
        <ele>167</ele>
      </trkpt>
      <trkpt lat="-20.903100489309764" lon="55.37429929002578">
        <ele>167</ele>
      </trkpt>
      <trkpt lat="-20.90303083628995" lon="55.37424988268515">
        <ele>154</ele>
      </trkpt>
      <trkpt lat="-20.902980484689206" lon="55.37423910290174">
        <ele>154</ele>
      </trkpt>
      <trkpt lat="-20.902920062746027" lon="55.37426964562141">
        <ele>154</ele>
      </trkpt>
      <trkpt lat="-20.902940203396465" lon="55.37435947714982">
        <ele>154</ele>
      </trkpt>
      <trkpt lat="-20.903000625331543" lon="55.37442954574197">
        <ele>139</ele>
      </trkpt>
      <trkpt lat="-20.90303083628995" lon="55.37444930867823">
        <ele>139</ele>
      </trkpt>
      <trkpt lat="-20.903080348680852" lon="55.37449961433414">
        <ele>139</ele>
      </trkpt>
      <trkpt lat="-20.903110559623205" lon="55.37455980145817">
        <ele>150</ele>
      </trkpt>
      <trkpt lat="-20.90317014229724" lon="55.37459932733068">
        <ele>150</ele>
      </trkpt>
      <trkpt lat="-20.90316007198781" lon="55.37463975151846">
        <ele>138</ele>
      </trkpt>
      <trkpt lat="-20.90314077055948" lon="55.37463975151846">
        <ele>138</ele>
      </trkpt>
      <trkpt lat="-20.90299055501071" lon="55.37459932733068">
        <ele>139</ele>
      </trkpt>
      <trkpt lat="-20.902870550302215" lon="55.37457956439443">
        <ele>130</ele>
      </trkpt>
      <trkpt lat="-20.902670821973132" lon="55.37448973286602">
        <ele>130</ele>
      </trkpt>
      <trkpt lat="-20.902590259210523" lon="55.37449961433414">
        <ele>119</ele>
      </trkpt>
      <trkpt lat="-20.902610399905235" lon="55.37461998858221">
        <ele>118</ele>
      </trkpt>
      <trkpt lat="-20.902670821973132" lon="55.374769108919374">
        <ele>118</ele>
      </trkpt>
      <trkpt lat="-20.902760615834666" lon="55.37486972023119">
        <ele>118</ele>
      </trkpt>
      <trkpt lat="-20.902800057981132" lon="55.374899364635574">
        <ele>118</ele>
      </trkpt>
      <trkpt lat="-20.902800057981132" lon="55.37495955175961">
        <ele>97</ele>
      </trkpt>
      <trkpt lat="-20.902770686170914" lon="55.37497931469586">
        <ele>97</ele>
      </trkpt>
      <trkpt lat="-20.902710264143234" lon="55.37496943322774">
        <ele>97</ele>
      </trkpt>
      <trkpt lat="-20.902660751630194" lon="55.37497931469586">
        <ele>97</ele>
      </trkpt>
      <trkpt lat="-20.902610399905235" lon="55.37496943322774">
        <ele>97</ele>
      </trkpt>
      <trkpt lat="-20.902320037961662" lon="55.37494967029148">
        <ele>86</ele>
      </trkpt>
      <trkpt lat="-20.902320037961662" lon="55.37504938328802">
        <ele>86</ele>
      </trkpt>
      <trkpt lat="-20.902520605953807" lon="55.37519940194047">
        <ele>86</ele>
      </trkpt>
      <trkpt lat="-20.902540746657873" lon="55.37524970759637">
        <ele>62</ele>
      </trkpt>
      <trkpt lat="-20.902420741589577" lon="55.3752595890645">
        <ele>62</ele>
      </trkpt>
      <trkpt lat="-20.9023905305083" lon="55.37526947053262">
        <ele>62</ele>
      </trkpt>
      <trkpt lat="-20.902270525319842" lon="55.3752595890645">
        <ele>58</ele>
      </trkpt>
      <trkpt lat="-20.902160590412603" lon="55.37527935200076">
        <ele>58</ele>
      </trkpt>
      <trkpt lat="-20.902120308899693" lon="55.375309894720424">
        <ele>58</ele>
      </trkpt>
      <trkpt lat="-20.90211023851979" lon="55.375309894720424">
        <ele>58</ele>
      </trkpt>
      <trkpt lat="-20.902120308899693" lon="55.375369183529166">
        <ele>58</ele>
      </trkpt>
      <trkpt lat="-20.902160590412603" lon="55.375419489185084">
        <ele>58</ele>
      </trkpt>
      <trkpt lat="-20.902320037961662" lon="55.37554974490127">
        <ele>45</ele>
      </trkpt>
      <trkpt lat="-20.902360319420936" lon="55.375619813493444">
        <ele>45</ele>
      </trkpt>
      <trkpt lat="-20.902270525319842" lon="55.37565933936594">
        <ele>45</ele>
      </trkpt>
      <trkpt lat="-20.90215052003537" lon="55.37565933936594">
        <ele>45</ele>
      </trkpt>
      <trkpt lat="-20.90206072580871" lon="55.375689882085595">
        <ele>45</ele>
      </trkpt>
      <trkpt lat="-20.901940720356436" lon="55.375779713614">
        <ele>37</ele>
      </trkpt>
      <trkpt lat="-20.90191050917849" lon="55.375779713614">
        <ele>37</ele>
      </trkpt>
      <trkpt lat="-20.90185008680437" lon="55.37581923948651">
        <ele>37</ele>
      </trkpt>
      <trkpt lat="-20.901790503606076" lon="55.37583990073804">
        <ele>31</ele>
      </trkpt>
      <trkpt lat="-20.901760292397878" lon="55.375829120954634">
        <ele>31</ele>
      </trkpt>
      <trkpt lat="-20.901670497937655" lon="55.37587942661055">
        <ele>31</ele>
      </trkpt>
      <trkpt lat="-20.90154042175508" lon="55.37584978220618">
        <ele>31</ele>
      </trkpt>
      <trkpt lat="-20.901370063745397" lon="55.375739289426214">
        <ele>23</ele>
      </trkpt>
      <trkpt lat="-20.901250057740672" lon="55.37562969496157">
        <ele>28</ele>
      </trkpt>
      <trkpt lat="-20.90120054474572" lon="55.375609932025306">
        <ele>28</ele>
      </trkpt>
      <trkpt lat="-20.901180403861737" lon="55.375649457897815">
        <ele>23</ele>
      </trkpt>
      <trkpt lat="-20.901120820397466" lon="55.375689882085595">
        <ele>23</ele>
      </trkpt>
      <trkpt lat="-20.901040256802524" lon="55.375689882085595">
        <ele>23</ele>
      </trkpt>
      <trkpt lat="-20.900980673282604" lon="55.37563957642969">
        <ele>23</ele>
      </trkpt>
      <trkpt lat="-20.90091018007355" lon="55.375619813493444">
        <ele>23</ele>
      </trkpt>
      <trkpt lat="-20.900790173700972" lon="55.37567910230219">
        <ele>21</ele>
      </trkpt>
      <trkpt lat="-20.90074066055426" lon="55.37567910230219">
        <ele>21</ele>
      </trkpt>
      <trkpt lat="-20.900640795005224" lon="55.37565933936594">
        <ele>21</ele>
      </trkpt>
      <trkpt lat="-20.90050064744197" lon="55.37557938930564">
        <ele>20</ele>
      </trkpt>
      <trkpt lat="-20.90036049974781" lon="55.375529981965016">
        <ele>17</ele>
      </trkpt>
      <trkpt lat="-20.900180069888922" lon="55.3754293706532">
        <ele>19</ele>
      </trkpt>
      <trkpt lat="-20.899850260330236" lon="55.37529911493701">
        <ele>17</ele>
      </trkpt>
      <trkpt lat="-20.89967066906978" lon="55.37526947053262">
        <ele>13</ele>
      </trkpt>
      <trkpt lat="-20.8995103794922" lon="55.375219164876725">
        <ele>13</ele>
      </trkpt>
      <trkpt lat="-20.89925022326883" lon="55.37519940194047">
        <ele>10</ele>
      </trkpt>
      <trkpt lat="-20.899180568461503" lon="55.37523982612825">
        <ele>9</ele>
      </trkpt>
      <trkpt lat="-20.899100003824746" lon="55.37532965765666">
        <ele>9</ele>
      </trkpt>
      <trkpt lat="-20.898970764629603" lon="55.375419489185084">
        <ele>9</ele>
      </trkpt>
      <trkpt lat="-20.898920411666293" lon="55.37543925212133">
        <ele>9</ele>
      </trkpt>
      <trkpt lat="-20.89871060747064" lon="55.37550932071349">
        <ele>9</ele>
      </trkpt>
      <trkpt lat="-20.898290158979574" lon="55.37558927077378">
        <ele>8</ele>
      </trkpt>
      <trkpt lat="-20.898120636500227" lon="55.375599152241904">
        <ele>8</ele>
      </trkpt>
      <trkpt lat="-20.89807028325165" lon="55.375599152241904">
        <ele>7</ele>
      </trkpt>
      <trkpt lat="-20.897810124531482" lon="55.375559626369395">
        <ele>6</ele>
      </trkpt>
      <trkpt lat="-20.89765067218973" lon="55.37547967630912">
        <ele>5</ele>
      </trkpt>
      <trkpt lat="-20.897480309763694" lon="55.375449133589456">
        <ele>6</ele>
      </trkpt>
      <trkpt lat="-20.89715049427102" lon="55.375309894720424">
        <ele>7</ele>
      </trkpt>
      <trkpt lat="-20.897080838489025" lon="55.375289233468884">
        <ele>7</ele>
      </trkpt>
      <trkpt lat="-20.896990202001383" lon="55.37535930206104">
        <ele>7</ele>
      </trkpt>
      <trkpt lat="-20.896940687600768" lon="55.37543925212133">
        <ele>7</ele>
      </trkpt>
      <trkpt lat="-20.896880263225317" lon="55.375559626369395">
        <ele>7</ele>
      </trkpt>
      <trkpt lat="-20.89676696745579" lon="55.37583990073804">
        <ele>7</ele>
      </trkpt>
      <trkpt lat="-20.896630173190445" lon="55.376179463915435">
        <ele>7</ele>
      </trkpt>
      <trkpt lat="-20.89653030490571" lon="55.376399551160056">
        <ele>7</ele>
      </trkpt>
      <trkpt lat="-20.89640022426712" lon="55.3766394013409">
        <ele>9</ele>
      </trkpt>
      <trkpt lat="-20.896350709671815" lon="55.376699588464945">
        <ele>9</ele>
      </trkpt>
      <trkpt lat="-20.896440507315628" lon="55.37677953852524">
        <ele>9</ele>
      </trkpt>
      <trkpt lat="-20.8963104265992" lon="55.376899912773304">
        <ele>9</ele>
      </trkpt>
      <trkpt lat="-20.896050264828073" lon="55.37716940735854">
        <ele>10</ele>
      </trkpt>
      <trkpt lat="-20.895830385818225" lon="55.37732930747911">
        <ele>12</ele>
      </trkpt>
      <trkpt lat="-20.895810244213443" lon="55.37732930747911">
        <ele>12</ele>
      </trkpt>
      <trkpt lat="-20.89575065861676" lon="55.37729966307474">
        <ele>12</ele>
      </trkpt>
      <trkpt lat="-20.895650789746735" lon="55.37733918894724">
        <ele>12</ele>
      </trkpt>
      <trkpt lat="-20.895500566699443" lon="55.37742991879094">
        <ele>15</ele>
      </trkpt>
      <trkpt lat="-20.895360414335357" lon="55.377539513255606">
        <ele>18</ele>
      </trkpt>
      <trkpt lat="-20.89535034350177" lon="55.37756915765998">
        <ele>18</ele>
      </trkpt>
      <trkpt lat="-20.895370485168286" lon="55.37769941337618">
        <ele>18</ele>
      </trkpt>
      <trkpt lat="-20.89533020183256" lon="55.37777936343647">
        <ele>22</ele>
      </trkpt>
      <trkpt lat="-20.89523033268274" lon="55.37793926355704">
        <ele>22</ele>
      </trkpt>
      <trkpt lat="-20.895300828560107" lon="55.37804975633698">
        <ele>31</ele>
      </trkpt>
      <trkpt lat="-20.895360414335357" lon="55.378199774989426">
        <ele>31</ele>
      </trkpt>
      <trkpt lat="-20.895390626832103" lon="55.37839920098251">
        <ele>41</ele>
      </trkpt>
      <trkpt lat="-20.89544014174415" lon="55.378589643822735">
        <ele>46</ele>
      </trkpt>
      <trkpt lat="-20.895320130996936" lon="55.37863994947865">
        <ele>53</ele>
      </trkpt>
      <trkpt lat="-20.895060806746887" lon="55.37859952529086">
        <ele>56</ele>
      </trkpt>
      <trkpt lat="-20.89494079569631" lon="55.378549219634955">
        <ele>56</ele>
      </trkpt>
      <trkpt lat="-20.894910583109024" lon="55.37864983094676">
        <ele>56</ele>
      </trkpt>
      <trkpt lat="-20.894970169039237" lon="55.37879984959922">
        <ele>56</ele>
      </trkpt>
      <trkpt lat="-20.895070038362178" lon="55.37895974971979">
        <ele>70</ele>
      </trkpt>
      <trkpt lat="-20.89515060516249" lon="55.37905946271633">
        <ele>64</ele>
      </trkpt>
      <trkpt lat="-20.895170746855822" lon="55.3791295313085">
        <ele>77</ele>
      </trkpt>
      <trkpt lat="-20.895340272667497" lon="55.37946999280118">
        <ele>87</ele>
      </trkpt>
      <trkpt lat="-20.89502052332801" lon="55.37943945008152">
        <ele>89</ele>
      </trkpt>
      <trkpt lat="-20.894650418911255" lon="55.37936938148936">
        <ele>92</ele>
      </trkpt>
      <trkpt lat="-20.894410396057854" lon="55.3793496185531">
        <ele>93</ele>
      </trkpt>
      <trkpt lat="-20.894460750534446" lon="55.37943945008152">
        <ele>104</ele>
      </trkpt>
      <trkpt lat="-20.894560620196344" lon="55.37956970579771">
        <ele>105</ele>
      </trkpt>
      <trkpt lat="-20.894760359320816" lon="55.37988950603885">
        <ele>119</ele>
      </trkpt>
      <trkpt lat="-20.894700773307303" lon="55.379919150443236">
        <ele>134</ele>
      </trkpt>
      <trkpt lat="-20.894450679640478" lon="55.379879624570734">
        <ele>119</ele>
      </trkpt>
      <trkpt lat="-20.89461013538224" lon="55.38006916909567">
        <ele>134</ele>
      </trkpt>
      <trkpt lat="-20.89474273529111" lon="55.38027398498047">
        <ele>149</ele>
      </trkpt>
      <trkpt lat="-20.89490051224525" lon="55.38051922505302">
        <ele>149</ele>
      </trkpt>
      <trkpt lat="-20.894640348030006" lon="55.38047969918052">
        <ele>149</ele>
      </trkpt>
      <trkpt lat="-20.894450679640478" lon="55.38045993624427">
        <ele>154</ele>
      </trkpt>
      <trkpt lat="-20.89427024267575" lon="55.38037998618399">
        <ele>149</ele>
      </trkpt>
      <trkpt lat="-20.89418044373338" lon="55.38040963058836">
        <ele>149</ele>
      </trkpt>
      <trkpt lat="-20.894260171769012" lon="55.38054976777268">
        <ele>167</ele>
      </trkpt>
      <trkpt lat="-20.894400325160515" lon="55.38067912517359">
        <ele>171</ele>
      </trkpt>
      <trkpt lat="-20.894170372820607" lon="55.38073931229763">
        <ele>172</ele>
      </trkpt>
      <trkpt lat="-20.894280313581817" lon="55.38087944948195">
        <ele>167</ele>
      </trkpt>
      <trkpt lat="-20.894100715655416" lon="55.38088933095009">
        <ele>172</ele>
      </trkpt>
      <trkpt lat="-20.893890065477237" lon="55.38091987366974">
        <ele>174</ele>
      </trkpt>
      <trkpt lat="-20.893890065477237" lon="55.38097916247849">
        <ele>163</ele>
      </trkpt>
      <trkpt lat="-20.893970632910975" lon="55.38100970519815">
        <ele>169</ele>
      </trkpt>
      <trkpt lat="-20.894120018246603" lon="55.38110941819469">
        <ele>182</ele>
      </trkpt>
      <trkpt lat="-20.89418044373338" lon="55.38112918113094">
        <ele>182</ele>
      </trkpt>
      <trkpt lat="-20.8940906447373" lon="55.381289979566795">
        <ele>182</ele>
      </trkpt>
      <trkpt lat="-20.89436004156438" lon="55.38156935562016">
        <ele>207</ele>
      </trkpt>
      <trkpt lat="-20.894410396057854" lon="55.38163942421232">
        <ele>210</ele>
      </trkpt>
      <trkpt lat="-20.894450679640478" lon="55.38167984840011">
        <ele>210</ele>
      </trkpt>
      <trkpt lat="-20.89469070242945" lon="55.381969105921584">
        <ele>215</ele>
      </trkpt>
      <trkpt lat="-20.894780501066514" lon="55.38204995429716">
        <ele>215</ele>
      </trkpt>
      <trkpt lat="-20.895120392617443" lon="55.382419161878936">
        <ele>220</ele>
      </trkpt>
      <trkpt lat="-20.89518081770147" lon="55.38249911193922">
        <ele>231</ele>
      </trkpt>
      <trkpt lat="-20.895387269888325" lon="55.38272818233667">
        <ele>226</ele>
      </trkpt>
      <trkpt lat="-20.89563064811783" lon="55.38299947355248">
        <ele>239</ele>
      </trkpt>
      <trkpt lat="-20.89573051700127" lon="55.38308930508089">
        <ele>241</ele>
      </trkpt>
      <trkpt lat="-20.895980608535393" lon="55.38339922385391">
        <ele>249</ele>
      </trkpt>
      <trkpt lat="-20.89608047718593" lon="55.38349983516573">
        <ele>249</ele>
      </trkpt>
      <trkpt lat="-20.89614006265166" lon="55.383629192566644">
        <ele>254</ele>
      </trkpt>
      <trkpt lat="-20.896180345770013" lon="55.38368937969068">
        <ele>254</ele>
      </trkpt>
      <trkpt lat="-20.896240770427266" lon="55.383759448282845">
        <ele>257</ele>
      </trkpt>
      <trkpt lat="-20.8963104265992" lon="55.38379987247063">
        <ele>257</ele>
      </trkpt>
      <trkpt lat="-20.89649086111107" lon="55.3839319248174">
        <ele>261</ele>
      </trkpt>
      <trkpt lat="-20.896690597666577" lon="55.38407924852399">
        <ele>268</ele>
      </trkpt>
      <trkpt lat="-20.89684081952267" lon="55.38423914864456">
        <ele>271</ele>
      </trkpt>
      <trkpt lat="-20.89696082905383" lon="55.384399947080425">
        <ele>271</ele>
      </trkpt>
      <trkpt lat="-20.897100140696917" lon="55.384529304481326">
        <ele>267</ele>
      </trkpt>
      <trkpt lat="-20.89727050355454" lon="55.384739510257816">
        <ele>270</ele>
      </trkpt>
      <trkpt lat="-20.89743079552478" lon="55.38490929184652">
        <ele>274</ele>
      </trkpt>
      <trkpt lat="-20.89750045114434" lon="55.385009903158334">
        <ele>274</ele>
      </trkpt>
      <trkpt lat="-20.8975801774162" lon="55.38507997175051">
        <ele>274</ele>
      </trkpt>
      <trkpt lat="-20.897640601509814" lon="55.38509973468675">
        <ele>277</ele>
      </trkpt>
      <trkpt lat="-20.897740469055652" lon="55.38518956621515">
        <ele>277</ele>
      </trkpt>
      <trkpt lat="-20.89793013328746" lon="55.3852892792117">
        <ele>280</ele>
      </trkpt>
      <trkpt lat="-20.898110565851866" lon="55.3854195349279">
        <ele>286</ele>
      </trkpt>
      <trkpt lat="-20.89836065341955" lon="55.385569553580346">
        <ele>287</ele>
      </trkpt>
      <trkpt lat="-20.898440379234405" lon="55.385569553580346">
        <ele>296</ele>
      </trkpt>
      <trkpt lat="-20.898490732358788" lon="55.385589316516594">
        <ele>296</ele>
      </trkpt>
      <trkpt lat="-20.898640113195068" lon="55.38569980929655">
        <ele>296</ele>
      </trkpt>
      <trkpt lat="-20.898910341071606" lon="55.385879472353366">
        <ele>297</ele>
      </trkpt>
      <trkpt lat="-20.899020278360382" lon="55.3859396594774">
        <ele>307</ele>
      </trkpt>
      <trkpt lat="-20.89909077245736" lon="55.38596930388178">
        <ele>307</ele>
      </trkpt>
      <trkpt lat="-20.899220011549147" lon="55.38604925394206">
        <ele>307</ele>
      </trkpt>
      <trkpt lat="-20.899290505552287" lon="55.38604925394206">
        <ele>307</ele>
      </trkpt>
      <trkpt lat="-20.899360160308568" lon="55.386079796661726">
        <ele>319</ele>
      </trkpt>
      <trkpt lat="-20.899410513124316" lon="55.38611932253422">
        <ele>319</ele>
      </trkpt>
      <trkpt lat="-20.899470097267773" lon="55.38614986525389">
        <ele>319</ele>
      </trkpt>
      <trkpt lat="-20.899780605801464" lon="55.386409478371">
        <ele>321</ele>
      </trkpt>
      <trkpt lat="-20.899840189797963" lon="55.38642924130724">
        <ele>328</ele>
      </trkpt>
      <trkpt lat="-20.899910683509738" lon="55.38647954696316">
        <ele>328</ele>
      </trkpt>
      <trkpt lat="-20.900100344998428" lon="55.38670951567589">
        <ele>327</ele>
      </trkpt>
      <trkpt lat="-20.900340358751066" lon="55.387019434448916">
        <ele>328</ele>
      </trkpt>
      <trkpt lat="-20.900590442602354" lon="55.3873598959416">
        <ele>332</ele>
      </trkpt>
      <trkpt lat="-20.900720519608548" lon="55.38748925334251">
        <ele>340</ele>
      </trkpt>
      <trkpt lat="-20.90077003276192" lon="55.38754944046654">
        <ele>340</ele>
      </trkpt>
      <trkpt lat="-20.90080024416951" lon="55.387609627590585">
        <ele>340</ele>
      </trkpt>
      <trkpt lat="-20.900890039150585" lon="55.38772910352336">
        <ele>340</ele>
      </trkpt>
      <trkpt lat="-20.90093032099379" lon="55.38776952771115">
        <ele>344</ele>
      </trkpt>
      <trkpt lat="-20.900970602826195" lon="55.38782971483519">
        <ele>344</ele>
      </trkpt>
      <trkpt lat="-20.90101004544328" lon="55.387949190767976">
        <ele>344</ele>
      </trkpt>
      <trkpt lat="-20.901060397705315" lon="55.3880498020798">
        <ele>342</ele>
      </trkpt>
      <trkpt lat="-20.90116026297506" lon="55.38816927801258">
        <ele>347</ele>
      </trkpt>
      <trkpt lat="-20.901270198615304" lon="55.38833995791657">
        <ele>342</ele>
      </trkpt>
      <trkpt lat="-20.901340691655207" lon="55.3884791967856">
        <ele>341</ele>
      </trkpt>
      <trkpt lat="-20.901420415886612" lon="55.38859957103368">
        <ele>342</ele>
      </trkpt>
      <trkpt lat="-20.90155049217324" lon="55.38869928403022">
        <ele>343</ele>
      </trkpt>
      <trkpt lat="-20.90166042752754" lon="55.38875947115425">
        <ele>343</ele>
      </trkpt>
      <trkpt lat="-20.901720010777506" lon="55.38882953974641">
        <ele>346</ele>
      </trkpt>
      <trkpt lat="-20.902000303495072" lon="55.3890397455229">
        <ele>350</ele>
      </trkpt>
      <trkpt lat="-20.90214044965749" lon="55.389079271395396">
        <ele>350</ele>
      </trkpt>
      <trkpt lat="-20.902170660789118" lon="55.38922929004785">
        <ele>351</ele>
      </trkpt>
      <trkpt lat="-20.902280595688993" lon="55.389389190168416">
        <ele>351</ele>
      </trkpt>
      <trkpt lat="-20.902330108327504" lon="55.38952932735274">
        <ele>360</ele>
      </trkpt>
      <trkpt lat="-20.902400600869395" lon="55.38964970160082">
        <ele>360</ele>
      </trkpt>
      <trkpt lat="-20.902410671229816" lon="55.38971977019298">
        <ele>360</ele>
      </trkpt>
      <trkpt lat="-20.902480324537574" lon="55.38983924612577">
        <ele>360</ele>
      </trkpt>
      <trkpt lat="-20.902540746657873" lon="55.390019807497865">
        <ele>363</ele>
      </trkpt>
      <trkpt lat="-20.90258018886216" lon="55.390109639026285">
        <ele>363</ele>
      </trkpt>
      <trkpt lat="-20.902630540597254" lon="55.390189589086575">
        <ele>367</ele>
      </trkpt>
      <trkpt lat="-20.902700193802914" lon="55.39033960773902">
        <ele>366</ele>
      </trkpt>
      <trkpt lat="-20.90269012346193" lon="55.39037913361152">
        <ele>366</ele>
      </trkpt>
      <trkpt lat="-20.902790826841407" lon="55.39047974492335">
        <ele>366</ele>
      </trkpt>
      <trkpt lat="-20.90291083161368" lon="55.39066928944829">
        <ele>370</ele>
      </trkpt>
      <trkpt lat="-20.903100489309764" lon="55.390849850820395">
        <ele>376</ele>
      </trkpt>
      <trkpt lat="-20.903410151138935" lon="55.391119345405635">
        <ele>377</ele>
      </trkpt>
      <trkpt lat="-20.903450432305494" lon="55.39113910834189">
        <ele>377</ele>
      </trkpt>
      <trkpt lat="-20.90351001484455" lon="55.39118941399779">
        <ele>377</ele>
      </trkpt>
      <trkpt lat="-20.90357043655013" lon="55.391219956717464">
        <ele>377</ele>
      </trkpt>
      <trkpt lat="-20.903680370424237" lon="55.39123971965371">
        <ele>377</ele>
      </trkpt>
      <trkpt lat="-20.903740792061196" lon="55.39123971965371">
        <ele>378</ele>
      </trkpt>
      <trkpt lat="-20.903830585282293" lon="55.39126936405808">
        <ele>378</ele>
      </trkpt>
      <trkpt lat="-20.903930448708014" lon="55.39132955118211">
        <ele>381</ele>
      </trkpt>
      <trkpt lat="-20.904030312067277" lon="55.3913591955865">
        <ele>385</ele>
      </trkpt>
      <trkpt lat="-20.904080663315643" lon="55.391389738306145">
        <ele>385</ele>
      </trkpt>
      <trkpt lat="-20.904180526574912" lon="55.391469688366435">
        <ele>385</ele>
      </trkpt>
      <trkpt lat="-20.90425017906091" lon="55.391509214238944">
        <ele>385</ele>
      </trkpt>
      <trkpt lat="-20.90444067424904" lon="55.39166911435952">
        <ele>393</ele>
      </trkpt>
      <trkpt lat="-20.904520396833057" lon="55.39171942001543">
        <ele>397</ele>
      </trkpt>
      <trkpt lat="-20.904730192904342" lon="55.39193950726004">
        <ele>397</ele>
      </trkpt>
      <trkpt lat="-20.90479061411845" lon="55.39202933878845">
        <ele>397</ele>
      </trkpt>
      <trkpt lat="-20.904950058872174" lon="55.39238956321737">
        <ele>399</ele>
      </trkpt>
      <trkpt lat="-20.905160693523822" lon="55.39273990617818">
        <ele>400</ele>
      </trkpt>
      <trkpt lat="-20.905150623347996" lon="55.392889924830634">
        <ele>406</ele>
      </trkpt>
      <trkpt lat="-20.904930757674155" lon="55.393199843603654">
        <ele>402</ele>
      </trkpt>
      <trkpt lat="-20.90492068748291" lon="55.39323936947615">
        <ele>404</ele>
      </trkpt>
      <trkpt lat="-20.904930757674155" lon="55.3932995566002">
        <ele>404</ele>
      </trkpt>
      <trkpt lat="-20.905000409811823" lon="55.39340915106485">
        <ele>404</ele>
      </trkpt>
      <trkpt lat="-20.90504069055136" lon="55.3935196438448">
        <ele>407</ele>
      </trkpt>
      <trkpt lat="-20.90504069055136" lon="55.39355916971731">
        <ele>407</ele>
      </trkpt>
      <trkpt lat="-20.90501047999772" lon="55.39368942543349">
        <ele>407</ele>
      </trkpt>
      <trkpt lat="-20.905020550182936" lon="55.393759494025666">
        <ele>407</ele>
      </trkpt>
      <trkpt lat="-20.905000409811823" lon="55.393909512678114">
        <ele>413</ele>
      </trkpt>
      <trkpt lat="-20.904980269437985" lon="55.393939157082485">
        <ele>413</ele>
      </trkpt>
      <trkpt lat="-20.90484012592854" lon="55.393979581270266">
        <ele>413</ele>
      </trkpt>
      <trkpt lat="-20.904710052494238" lon="55.39413948139085">
        <ele>410</ele>
      </trkpt>
      <trkpt lat="-20.904630330011003" lon="55.394219431451134">
        <ele>420</ele>
      </trkpt>
      <trkpt lat="-20.90459004916128" lon="55.39424997417079">
        <ele>420</ele>
      </trkpt>
      <trkpt lat="-20.904480115953803" lon="55.39430926297955">
        <ele>409</ele>
      </trkpt>
      <trkpt lat="-20.90442053380007" lon="55.39436945010358">
        <ele>407</ele>
      </trkpt>
      <trkpt lat="-20.90439032312152" lon="55.394429637227624">
        <ele>408</ele>
      </trkpt>
      <trkpt lat="-20.90437018266577" lon="55.39451946875602">
        <ele>408</ele>
      </trkpt>
      <trkpt lat="-20.90437018266577" lon="55.394599418816306">
        <ele>413</ele>
      </trkpt>
      <trkpt lat="-20.904380252893983" lon="55.39471979306438">
        <ele>407</ele>
      </trkpt>
      <trkpt lat="-20.904410463574568" lon="55.39482938752904">
        <ele>407</ele>
      </trkpt>
      <trkpt lat="-20.90458081813168" lon="55.395209374894236">
        <ele>412</ele>
      </trkpt>
      <trkpt lat="-20.9046101895875" lon="55.395349512078546">
        <ele>417</ele>
      </trkpt>
      <trkpt lat="-20.904620259799586" lon="55.395519293667256">
        <ele>412</ele>
      </trkpt>
      <trkpt lat="-20.904670610849944" lon="55.39569985503936">
        <ele>412</ele>
      </trkpt>
      <trkpt lat="-20.90482082471639" lon="55.395969349624586">
        <ele>414</ele>
      </trkpt>
      <trkpt lat="-20.90491061729097" lon="55.39615979246483">
        <ele>420</ele>
      </trkpt>
      <trkpt lat="-20.904980269437985" lon="55.396349336989786">
        <ele>414</ele>
      </trkpt>
      <trkpt lat="-20.905000409811823" lon="55.39649935564222">
        <ele>416</ele>
      </trkpt>
      <trkpt lat="-20.904980269437985" lon="55.396639492826544">
        <ele>414</ele>
      </trkpt>
      <trkpt lat="-20.904950058872174" lon="55.3967499856065">
        <ele>414</ele>
      </trkpt>
      <trkpt lat="-20.904930757674155" lon="55.396969174535826">
        <ele>412</ele>
      </trkpt>
      <trkpt lat="-20.90492068748291" lon="55.397009598723606">
        <ele>409</ele>
      </trkpt>
      <trkpt lat="-20.904930757674155" lon="55.397129972971676">
        <ele>404</ele>
      </trkpt>
      <trkpt lat="-20.905160693523822" lon="55.39750996033686">
        <ele>410</ele>
      </trkpt>
      <trkpt lat="-20.905400699180728" lon="55.39773992904959">
        <ele>410</ele>
      </trkpt>
      <trkpt lat="-20.905400699180728" lon="55.3978692864505">
        <ele>410</ele>
      </trkpt>
      <trkpt lat="-20.90534027821236" lon="55.39791959210642">
        <ele>407</ele>
      </trkpt>
      <trkpt lat="-20.90522027538357" lon="55.397979779230454">
        <ele>407</ele>
      </trkpt>
      <trkpt lat="-20.904960129061454" lon="55.3981297978829">
        <ele>408</ele>
      </trkpt>
      <trkpt lat="-20.904860266321194" lon="55.39821962941131">
        <ele>409</ele>
      </trkpt>
      <trkpt lat="-20.905035655459507" lon="55.398398394152856">
        <ele>401</ele>
      </trkpt>
      <trkpt lat="-20.905123769542524" lon="55.39853403976076">
        <ele>401</ele>
      </trkpt>
      <trkpt lat="-20.905041529733325" lon="55.39868675335906">
        <ele>402</ele>
      </trkpt>
      <trkpt lat="-20.904799845135138" lon="55.39865171906298">
        <ele>407</ele>
      </trkpt>
      <trkpt lat="-20.90464879206354" lon="55.39852415829264">
        <ele>404</ele>
      </trkpt>
      <trkpt lat="-20.90444235261968" lon="55.39851068356337">
        <ele>406</ele>
      </trkpt>
      <trkpt lat="-20.90423843045109" lon="55.398474750952005">
        <ele>409</ele>
      </trkpt>
      <trkpt lat="-20.90416206446476" lon="55.398287003057625">
        <ele>411</ele>
      </trkpt>
      <trkpt lat="-20.903892685235512" lon="55.39800403374312">
        <ele>419</ele>
      </trkpt>
      <trkpt lat="-20.903513371606614" lon="55.39794474493437">
        <ele>427</ele>
      </trkpt>
      <trkpt lat="-20.903243152020497" lon="55.39805164445318">
        <ele>434</ele>
      </trkpt>
      <trkpt lat="-20.902890690959296" lon="55.39818998500694">
        <ele>439</ele>
      </trkpt>
      <trkpt lat="-20.90282019864769" lon="55.39822951087944">
        <ele>444</ele>
      </trkpt>
      <trkpt lat="-20.902610399905235" lon="55.39840917393627">
        <ele>444</ele>
      </trkpt>
      <trkpt lat="-20.902480324537574" lon="55.39854931112058">
        <ele>450</ele>
      </trkpt>
      <trkpt lat="-20.902260454950007" lon="55.39874963542894">
        <ele>453</ele>
      </trkpt>
      <trkpt lat="-20.90215052003537" lon="55.398889772613266">
        <ele>455</ele>
      </trkpt>
      <trkpt lat="-20.90206072580871" lon="55.39907931713821">
        <ele>453</ele>
      </trkpt>
      <trkpt lat="-20.901880297994477" lon="55.399619204623974">
        <ele>454</ele>
      </trkpt>
      <trkpt lat="-20.901790503606076" lon="55.400149210641615">
        <ele>458</ele>
      </trkpt>
      <trkpt lat="-20.90177036280128" lon="55.40055974072644">
        <ele>456</ele>
      </trkpt>
      <trkpt lat="-20.901750221993805" lon="55.40121910414499">
        <ele>457</ele>
      </trkpt>
      <trkpt lat="-20.901720010777506" lon="55.401629634229835">
        <ele>459</ele>
      </trkpt>
      <trkpt lat="-20.901720010777506" lon="55.40181917875478">
        <ele>459</ele>
      </trkpt>
      <trkpt lat="-20.90171077957132" lon="55.40201950306314">
        <ele>459</ele>
      </trkpt>
      <trkpt lat="-20.901720010777506" lon="55.4022198273715">
        <ele>459</ele>
      </trkpt>
      <trkpt lat="-20.90177036280128" lon="55.40254950908077">
        <ele>461</ele>
      </trkpt>
      <trkpt lat="-20.90191050917849" lon="55.403189109563066">
        <ele>461</ele>
      </trkpt>
      <trkpt lat="-20.9020506554248" lon="55.403689471176314">
        <ele>461</ele>
      </trkpt>
      <trkpt lat="-20.902070796191946" lon="55.40403172929956">
        <ele>458</ele>
      </trkpt>
      <trkpt lat="-20.902090097757927" lon="55.40438925878265">
        <ele>455</ele>
      </trkpt>
      <trkpt lat="-20.902170660789118" lon="55.40448987009447">
        <ele>452</ele>
      </trkpt>
      <trkpt lat="-20.902180731164986" lon="55.40455993868664">
        <ele>452</ele>
      </trkpt>
      <trkpt lat="-20.902120308899693" lon="55.40464977021505">
        <ele>444</ele>
      </trkpt>
      <trkpt lat="-20.90206072580871" lon="55.4047593646797">
        <ele>444</ele>
      </trkpt>
      <trkpt lat="-20.90206072580871" lon="55.4048896203959">
        <ele>444</ele>
      </trkpt>
      <trkpt lat="-20.90211023851979" lon="55.40493992605182">
        <ele>436</ele>
      </trkpt>
      <trkpt lat="-20.902220173463927" lon="55.40499921486056">
        <ele>436</ele>
      </trkpt>
      <trkpt lat="-20.90244004311054" lon="55.405089944704265">
        <ele>436</ele>
      </trkpt>
      <trkpt lat="-20.9025600481634" lon="55.405149233513015">
        <ele>435</ele>
      </trkpt>
      <trkpt lat="-20.903000625331543" lon="55.4051896577008">
        <ele>436</ele>
      </trkpt>
      <trkpt lat="-20.903020765971156" lon="55.40520942063705">
        <ele>418</ele>
      </trkpt>
      <trkpt lat="-20.90303083628995" lon="55.4052399633567">
        <ele>418</ele>
      </trkpt>
      <trkpt lat="-20.903000625331543" lon="55.40528937069733">
        <ele>418</ele>
      </trkpt>
      <trkpt lat="-20.902930133071575" lon="55.40532979488512">
        <ele>418</ele>
      </trkpt>
      <trkpt lat="-20.90282019864769" lon="55.40536932075762">
        <ele>432</ele>
      </trkpt>
      <trkpt lat="-20.90258018886216" lon="55.405479813537575">
        <ele>428</ele>
      </trkpt>
      <trkpt lat="-20.90237206817786" lon="55.40549238995155">
        <ele>415</ele>
      </trkpt>
      <trkpt lat="-20.902048137828707" lon="55.40555976359786">
        <ele>411</ele>
      </trkpt>
      <trkpt lat="-20.901804770007814" lon="55.405606475992634">
        <ele>406</ele>
      </trkpt>
      <trkpt lat="-20.901620145880354" lon="55.40569181594463">
        <ele>404</ele>
      </trkpt>
      <trkpt lat="-20.90140950625746" lon="55.40583734302064">
        <ele>400</ele>
      </trkpt>
      <trkpt lat="-20.90126012817832" lon="55.405948734115874">
        <ele>397</ele>
      </trkpt>
      <trkpt lat="-20.90146741120317" lon="55.40598915830367">
        <ele>393</ele>
      </trkpt>
      <trkpt lat="-20.901622663483614" lon="55.406097854453044">
        <ele>390</ele>
      </trkpt>
      <trkpt lat="-20.90172588518115" lon="55.40614995673953">
        <ele>385</ele>
      </trkpt>
      <trkpt lat="-20.90192393636944" lon="55.40612570222685">
        <ele>381</ele>
      </trkpt>
      <trkpt lat="-20.902170660789118" lon="55.406266737726455">
        <ele>373</ele>
      </trkpt>
      <trkpt lat="-20.902331786721746" lon="55.406339501264476">
        <ele>371</ele>
      </trkpt>
      <trkpt lat="-20.902358641027025" lon="55.406462570458395">
        <ele>367</ele>
      </trkpt>
      <trkpt lat="-20.902377942555976" lon="55.40659372448987">
        <ele>373</ele>
      </trkpt>
      <trkpt lat="-20.902358641027025" lon="55.40671409873795">
        <ele>373</ele>
      </trkpt>
      <trkpt lat="-20.902290666057482" lon="55.4067392515659">
        <ele>381</ele>
      </trkpt>
      <trkpt lat="-20.902220173463927" lon="55.406749133034026">
        <ele>370</ele>
      </trkpt>
      <trkpt lat="-20.902180731164986" lon="55.40680932015807">
        <ele>370</ele>
      </trkpt>
      <trkpt lat="-20.90215052003537" lon="55.40685962581398">
        <ele>370</ele>
      </trkpt>
      <trkpt lat="-20.902100168139192" lon="55.407159663118875">
        <ele>384</ele>
      </trkpt>
      <trkpt lat="-20.90203051465494" lon="55.40727913905166">
        <ele>389</ele>
      </trkpt>
      <trkpt lat="-20.90191050917849" lon="55.40755941342031">
        <ele>385</ele>
      </trkpt>
      <trkpt lat="-20.901780433204017" lon="55.407749856260544">
        <ele>386</ele>
      </trkpt>
      <trkpt lat="-20.901720010777506" lon="55.40786933219333">
        <ele>384</ele>
      </trkpt>
      <trkpt lat="-20.901580703423672" lon="55.408439762398736">
        <ele>384</ele>
      </trkpt>
      <trkpt lat="-20.901530351336238" lon="55.40872991823551">
        <ele>382</ele>
      </trkpt>
      <trkpt lat="-20.90149006965412" lon="55.408869157104554">
        <ele>381</ele>
      </trkpt>
      <trkpt lat="-20.90145062716324" lon="55.40907936288104">
        <ele>381</ele>
      </trkpt>
      <trkpt lat="-20.90143048631283" lon="55.409139550005065">
        <ele>380</ele>
      </trkpt>
      <trkpt lat="-20.901330621222964" lon="55.409259924253135">
        <ele>380</ele>
      </trkpt>
      <trkpt lat="-20.901240826505568" lon="55.4093192130619">
        <ele>380</ele>
      </trkpt>
      <trkpt lat="-20.901180403861737" lon="55.409339874313424">
        <ele>377</ele>
      </trkpt>
      <trkpt lat="-20.901140122085668" lon="55.40936951871781">
        <ele>377</ele>
      </trkpt>
      <trkpt lat="-20.901110749950465" lon="55.40942970584184">
        <ele>378</ele>
      </trkpt>
      <trkpt lat="-20.901120820397466" lon="55.409669556022706">
        <ele>380</ele>
      </trkpt>
      <trkpt lat="-20.901110749950465" lon="55.40971986167861">
        <ele>380</ele>
      </trkpt>
      <trkpt lat="-20.901120820397466" lon="55.40986988033106">
        <ele>380</ele>
      </trkpt>
      <trkpt lat="-20.90116026297506" lon="55.40994983039135">
        <ele>381</ele>
      </trkpt>
      <trkpt lat="-20.90152028091672" lon="55.4103199362884">
        <ele>392</ele>
      </trkpt>
      <trkpt lat="-20.901570633007527" lon="55.410519362281484">
        <ele>394</ele>
      </trkpt>
      <trkpt lat="-20.90183078520751" lon="55.41065949946581">
        <ele>400</ele>
      </trkpt>
      <trkpt lat="-20.901991072306124" lon="55.410868806927006">
        <ele>405</ele>
      </trkpt>
      <trkpt lat="-20.902131218477177" lon="55.41098648622922">
        <ele>410</ele>
      </trkpt>
      <trkpt lat="-20.90231248518685" lon="55.410954146879">
        <ele>414</ele>
      </trkpt>
      <trkpt lat="-20.90242997275207" lon="55.41077538213745">
        <ele>417</ele>
      </trkpt>
      <trkpt lat="-20.902388012917914" lon="55.41047624314783">
        <ele>418</ele>
      </trkpt>
      <trkpt lat="-20.902482842126407" lon="55.41005044170316">
        <ele>421</ele>
      </trkpt>
      <trkpt lat="-20.902670821973132" lon="55.4097486077677">
        <ele>423</ele>
      </trkpt>
      <trkpt lat="-20.90288397740724" lon="55.409568046395606">
        <ele>423</ele>
      </trkpt>
      <trkpt lat="-20.903340498262896" lon="55.40943958730996">
        <ele>433</ele>
      </trkpt>
      <trkpt lat="-20.903400080845596" lon="55.40948989296588">
        <ele>440</ele>
      </trkpt>
      <trkpt lat="-20.903550295984306" lon="55.40951953737026">
        <ele>440</ele>
      </trkpt>
      <trkpt lat="-20.903590577113246" lon="55.4094494687781">
        <ele>440</ele>
      </trkpt>
      <trkpt lat="-20.903610717673665" lon="55.40943958730996">
        <ele>440</ele>
      </trkpt>
      <trkpt lat="-20.903710581245754" lon="55.409469231714354">
        <ele>445</ele>
      </trkpt>
      <trkpt lat="-20.90377016368149" lon="55.40953930030651">
        <ele>445</ele>
      </trkpt>
      <trkpt lat="-20.90382051501717" lon="55.409579724494286">
        <ele>445</ele>
      </trkpt>
      <trkpt lat="-20.90385072581047" lon="55.40959948743055">
        <ele>445</ele>
      </trkpt>
      <trkpt lat="-20.903880097409232" lon="55.40959948743055">
        <ele>445</ele>
      </trkpt>
      <trkpt lat="-20.903970729734873" lon="55.409649793086444">
        <ele>451</ele>
      </trkpt>
      <trkpt lat="-20.904020241815576" lon="55.409729743146734">
        <ele>450</ele>
      </trkpt>
      <trkpt lat="-20.90405045256865" lon="55.40974950608298">
        <ele>457</ele>
      </trkpt>
      <trkpt lat="-20.904090733563294" lon="55.40973962461487">
        <ele>457</ele>
      </trkpt>
      <trkpt lat="-20.904200667056106" lon="55.40963991161833">
        <ele>457</ele>
      </trkpt>
      <trkpt lat="-20.90430053023549" lon="55.40963991161833">
        <ele>456</ele>
      </trkpt>
      <trkpt lat="-20.904520396833057" lon="55.40976926901924">
        <ele>457</ele>
      </trkpt>
      <trkpt lat="-20.904670610849944" lon="55.40975938755112">
        <ele>456</ele>
      </trkpt>
      <trkpt lat="-20.90470082147203" lon="55.409779150487374">
        <ele>457</ele>
      </trkpt>
      <trkpt lat="-20.904720122699626" lon="55.40982945614328">
        <ele>457</ele>
      </trkpt>
      <trkpt lat="-20.904670610849944" lon="55.40987976179918">
        <ele>457</ele>
      </trkpt>
      <trkpt lat="-20.90465047043181" lon="55.409979474795726">
        <ele>456</ele>
      </trkpt>
      <trkpt lat="-20.90458081813168" lon="55.41009984904379">
        <ele>456</ele>
      </trkpt>
      <trkpt lat="-20.90458081813168" lon="55.41015913785255">
        <ele>456</ele>
      </trkpt>
      <trkpt lat="-20.904630330011003" lon="55.410169917635955">
        <ele>456</ele>
      </trkpt>
      <trkpt lat="-20.904750333311764" lon="55.41015913785255">
        <ele>456</ele>
      </trkpt>
      <trkpt lat="-20.904830055731203" lon="55.41008996757567">
        <ele>459</ele>
      </trkpt>
      <trkpt lat="-20.904960129061454" lon="55.41002978045163">
        <ele>459</ele>
      </trkpt>
      <trkpt lat="-20.905096915732233" lon="55.4099812714263">
        <ele>465</ele>
      </trkpt>
      <trkpt lat="-20.905217757840678" lon="55.41002978045163">
        <ele>463</ele>
      </trkpt>
      <trkpt lat="-20.905352026735898" lon="55.41016542605954">
        <ele>465</ele>
      </trkpt>
      <trkpt lat="-20.905551751495164" lon="55.41030376661329">
        <ele>469</ele>
      </trkpt>
      <trkpt lat="-20.90567007570188" lon="55.41038730993471">
        <ele>472</ele>
      </trkpt>
      <trkpt lat="-20.905757350234275" lon="55.41040527624039">
        <ele>474</ele>
      </trkpt>
      <trkpt lat="-20.90590924136666" lon="55.41038102172773">
        <ele>475</ele>
      </trkpt>
      <trkpt lat="-20.9060242085856" lon="55.41038461498886">
        <ele>476</ele>
      </trkpt>
      <trkpt lat="-20.906119874671397" lon="55.410392699826424">
        <ele>478</ele>
      </trkpt>
      <trkpt lat="-20.906271765436678" lon="55.41027591883949">
        <ele>480</ele>
      </trkpt>
      <trkpt lat="-20.906534427004843" lon="55.410192375518065">
        <ele>481</ele>
      </trkpt>
      <trkpt lat="-20.906686317350324" lon="55.41020854519317">
        <ele>481</ele>
      </trkpt>
      <trkpt lat="-20.906761842879202" lon="55.41028400367704">
        <ele>482</ele>
      </trkpt>
      <trkpt lat="-20.906646037052692" lon="55.41035766553034">
        <ele>483</ele>
      </trkpt>
      <trkpt lat="-20.906479041536713" lon="55.410430429068356">
        <ele>485</ele>
      </trkpt>
      <trkpt lat="-20.906344773650353" lon="55.41051756565091">
        <ele>486</ele>
      </trkpt>
      <trkpt lat="-20.90623400255361" lon="55.41054990500114">
        <ele>487</ele>
      </trkpt>
      <trkpt lat="-20.906124909726866" lon="55.410625363485">
        <ele>490</ele>
      </trkpt>
      <trkpt lat="-20.906067006578894" lon="55.41065500788938">
        <ele>488</ele>
      </trkpt>
      <trkpt lat="-20.906000711642907" lon="55.4107502293095">
        <ele>490</ele>
      </trkpt>
      <trkpt lat="-20.906014977644265" lon="55.4108238911628">
        <ele>490</ele>
      </trkpt>
      <trkpt lat="-20.906067006578894" lon="55.41085533219774">
        <ele>491</ele>
      </trkpt>
      <trkpt lat="-20.90615763758322" lon="55.410793348443136">
        <ele>493</ele>
      </trkpt>
      <trkpt lat="-20.906228967501804" lon="55.410734059634386">
        <ele>493</ele>
      </trkpt>
      <trkpt lat="-20.90633470355403" lon="55.41078795855144">
        <ele>494</ele>
      </trkpt>
      <trkpt lat="-20.906405194214088" lon="55.41084994230603">
        <ele>496</ele>
      </trkpt>
      <trkpt lat="-20.90633470355403" lon="55.41091911258291">
        <ele>498</ele>
      </trkpt>
      <trkpt lat="-20.906233163378324" lon="55.41095684182485">
        <ele>498</ele>
      </trkpt>
      <trkpt lat="-20.906127427254532" lon="55.41117423412361">
        <ele>501</ele>
      </trkpt>
      <trkpt lat="-20.906078755045513" lon="55.411361083702694">
        <ele>503</ele>
      </trkpt>
      <trkpt lat="-20.906081272573942" lon="55.41158027263203">
        <ele>505</ele>
      </trkpt>
      <trkpt lat="-20.90610980455999" lon="55.411717714870505">
        <ele>507</ele>
      </trkpt>
      <trkpt lat="-20.90620043553845" lon="55.41180934302948">
        <ele>506</ele>
      </trkpt>
      <trkpt lat="-20.906310367485116" lon="55.41185964868538">
        <ele>512</ele>
      </trkpt>
      <trkpt lat="-20.906440439531707" lon="55.41197912461818">
        <ele>509</ele>
      </trkpt>
      <trkpt lat="-20.90649078997107" lon="55.41213992305403">
        <ele>505</ele>
      </trkpt>
      <trkpt lat="-20.906530231136752" lon="55.412319586110854">
        <ele>516</ele>
      </trkpt>
      <trkpt lat="-20.906660302992673" lon="55.412679810539785">
        <ele>516</ele>
      </trkpt>
      <trkpt lat="-20.906730793499726" lon="55.41304991643684">
        <ele>517</ele>
      </trkpt>
      <trkpt lat="-20.906790374735788" lon="55.413169392369625">
        <ele>517</ele>
      </trkpt>
      <trkpt lat="-20.906855830150956" lon="55.413169392369625">
        <ele>524</ele>
      </trkpt>
      <trkpt lat="-20.90684324257333" lon="55.41295469501673">
        <ele>523</ele>
      </trkpt>
      <trkpt lat="-20.906828137478787" lon="55.41279479489615">
        <ele>529</ele>
      </trkpt>
      <trkpt lat="-20.9068709352427" lon="55.41269238695377">
        <ele>531</ele>
      </trkpt>
      <trkpt lat="-20.906878487788003" lon="55.41252709694149">
        <ele>532</ele>
      </trkpt>
      <trkpt lat="-20.906913732994404" lon="55.41234833219995">
        <ele>533</ele>
      </trkpt>
      <trkpt lat="-20.90698422338234" lon="55.41209051571341">
        <ele>536</ele>
      </trkpt>
      <trkpt lat="-20.90705807041989" lon="55.411988107771016">
        <ele>536</ele>
      </trkpt>
      <trkpt lat="-20.907111777333466" lon="55.41207614266885">
        <ele>538</ele>
      </trkpt>
      <trkpt lat="-20.907209121065275" lon="55.412141719684605">
        <ele>539</ele>
      </trkpt>
      <trkpt lat="-20.907297233871486" lon="55.41220190680863">
        <ele>540</ele>
      </trkpt>
      <trkpt lat="-20.90735597571354" lon="55.412239636050565">
        <ele>541</ele>
      </trkpt>
      <trkpt lat="-20.90729052051665" lon="55.41232767094841">
        <ele>544</ele>
      </trkpt>
      <trkpt lat="-20.907349262361336" lon="55.41240582437813">
        <ele>552</ele>
      </trkpt>
      <trkpt lat="-20.907350101530366" lon="55.41257291102097">
        <ele>553</ele>
      </trkpt>
      <trkpt lat="-20.907540592781643" lon="55.41274359092496">
        <ele>555</ele>
      </trkpt>
      <trkpt lat="-20.907924931221725" lon="55.41301937371719">
        <ele>560</ele>
      </trkpt>
      <trkpt lat="-20.90819765986672" lon="55.41323856264651">
        <ele>564</ele>
      </trkpt>
      <trkpt lat="-20.908409968283973" lon="55.41346134483697">
        <ele>568</ele>
      </trkpt>
      <trkpt lat="-20.908531646885656" lon="55.41356375277936">
        <ele>570</ele>
      </trkpt>
      <trkpt lat="-20.90869864011621" lon="55.41372634784578">
        <ele>573</ele>
      </trkpt>
      <trkpt lat="-20.90872633244301" lon="55.4138673833454">
        <ele>572</ele>
      </trkpt>
      <trkpt lat="-20.908806891910057" lon="55.41414945434462">
        <ele>571</ele>
      </trkpt>
      <trkpt lat="-20.9088094093927" lon="55.414663290687116">
        <ele>569</ele>
      </trkpt>
      <trkpt lat="-20.90888577301294" lon="55.4150208201702">
        <ele>567</ele>
      </trkpt>
      <trkpt lat="-20.908711227538127" lon="55.415410689003515">
        <ele>566</ele>
      </trkpt>
      <trkpt lat="-20.908430108197276" lon="55.415889491049946">
        <ele>565</ele>
      </trkpt>
      <trkpt lat="-20.908390667531194" lon="55.41598920404648">
        <ele>559</ele>
      </trkpt>
      <trkpt lat="-20.90841080744708" lon="55.41605927263864">
        <ele>565</ele>
      </trkpt>
      <trkpt lat="-20.908610528133316" lon="55.41609969682643">
        <ele>565</ele>
      </trkpt>
      <trkpt lat="-20.90879010869133" lon="55.41611945976268">
        <ele>569</ele>
      </trkpt>
      <trkpt lat="-20.908870668124116" lon="55.416149104167054">
        <ele>569</ele>
      </trkpt>
      <trkpt lat="-20.909080458110605" lon="55.41628924135137">
        <ele>581</ele>
      </trkpt>
      <trkpt lat="-20.909180318041052" lon="55.41631978407104">
        <ele>578</ele>
      </trkpt>
      <trkpt lat="-20.909280177905043" lon="55.416269478415124">
        <ele>581</ele>
      </trkpt>
      <trkpt lat="-20.909310387598694" lon="55.41622995254263">
        <ele>592</ele>
      </trkpt>
      <trkpt lat="-20.90936073707459" lon="55.416199409822966">
        <ele>592</ele>
      </trkpt>
      <trkpt lat="-20.90941024737607" lon="55.416089815358305">
        <ele>592</ele>
      </trkpt>
      <trkpt lat="-20.909440457043516" lon="55.41591913545433">
        <ele>597</ele>
      </trkpt>
      <trkpt lat="-20.90956045649578" lon="55.415729590929374">
        <ele>601</ele>
      </trkpt>
      <trkpt lat="-20.909610805887716" lon="55.41568916674159">
        <ele>605</ele>
      </trkpt>
      <trkpt lat="-20.90964017635855" lon="55.415649640869084">
        <ele>605</ele>
      </trkpt>
      <trkpt lat="-20.90969052572371" lon="55.4156092166813">
        <ele>605</ele>
      </trkpt>
      <trkpt lat="-20.909800455112254" lon="55.41553914808913">
        <ele>610</ele>
      </trkpt>
      <trkpt lat="-20.909850804423613" lon="55.415499622216636">
        <ele>613</ele>
      </trkpt>
      <trkpt lat="-20.910010243798077" lon="55.41547985928039">
        <ele>613</ele>
      </trkpt>
      <trkpt lat="-20.910310660685113" lon="55.41559933521317">
        <ele>613</ele>
      </trkpt>
      <trkpt lat="-20.910390380149067" lon="55.41561999646471">
        <ele>613</ele>
      </trkpt>
      <trkpt lat="-20.910550658101" lon="55.41559933521317">
        <ele>617</ele>
      </trkpt>
      <trkpt lat="-20.910580028387734" lon="55.4156092166813">
        <ele>617</ele>
      </trkpt>
      <trkpt lat="-20.91063037743736" lon="55.41559933521317">
        <ele>622</ele>
      </trkpt>
      <trkpt lat="-20.91071009673136" lon="55.4156092166813">
        <ele>622</ele>
      </trkpt>
      <trkpt lat="-20.910790655132768" lon="55.41562987793284">
        <ele>622</ele>
      </trkpt>
      <trkpt lat="-20.9108603045491" lon="55.41562987793284">
        <ele>622</ele>
      </trkpt>
      <trkpt lat="-20.910910653504622" lon="55.41561999646471">
        <ele>630</ele>
      </trkpt>
      <trkpt lat="-20.911010512216393" lon="55.41562987793284">
        <ele>630</ele>
      </trkpt>
      <trkpt lat="-20.911070091752237" lon="55.415649640869084">
        <ele>630</ele>
      </trkpt>
      <trkpt lat="-20.911120440637315" lon="55.41571970946125">
        <ele>631</ele>
      </trkpt>
      <trkpt lat="-20.911160719733218" lon="55.415729590929374">
        <ele>631</ele>
      </trkpt>
      <trkpt lat="-20.911190089900483" lon="55.415759235333745">
        <ele>631</ele>
      </trkpt>
      <trkpt lat="-20.911200159670788" lon="55.41578977805341">
        <ele>637</ele>
      </trkpt>
      <trkpt lat="-20.911200159670788" lon="55.415839185394034">
        <ele>637</ele>
      </trkpt>
      <trkpt lat="-20.911220299209397" lon="55.41585984664557">
        <ele>637</ele>
      </trkpt>
      <trkpt lat="-20.91130001818977" lon="55.416039509702394">
        <ele>639</ele>
      </trkpt>
      <trkpt lat="-20.91138057627427" lon="55.41609969682643">
        <ele>639</ele>
      </trkpt>
      <trkpt lat="-20.911420016154015" lon="55.41615988395046">
        <ele>639</ele>
      </trkpt>
      <trkpt lat="-20.9114502254166" lon="55.416249715478884">
        <ele>639</ele>
      </trkpt>
      <trkpt lat="-20.91150057417406" lon="55.41630990260292">
        <ele>645</ele>
      </trkpt>
      <trkpt lat="-20.91155008376906" lon="55.41632966553916">
        <ele>645</ele>
      </trkpt>
      <trkpt lat="-20.911620571977803" lon="55.41631978407104">
        <ele>645</ele>
      </trkpt>
      <trkpt lat="-20.91171036048144" lon="55.41637997119508">
        <ele>645</ele>
      </trkpt>
      <trkpt lat="-20.91174056968554" lon="55.41640961559945">
        <ele>645</ele>
      </trkpt>
      <trkpt lat="-20.91177077888354" lon="55.41644914147195">
        <ele>645</ele>
      </trkpt>
      <trkpt lat="-20.911760709151547" lon="55.41649944712786">
        <ele>645</ele>
      </trkpt>
      <trkpt lat="-20.91177077888354" lon="55.416559634251904">
        <ele>645</ele>
      </trkpt>
      <trkpt lat="-20.911860567297243" lon="55.416659347248434">
        <ele>653</ele>
      </trkpt>
      <trkpt lat="-20.911910076773378" lon="55.41674917877685">
        <ele>653</ele>
      </trkpt>
      <trkpt lat="-20.9119805648129" lon="55.41684979008867">
        <ele>653</ele>
      </trkpt>
      <trkpt lat="-20.912070353100983" lon="55.416869553024924">
        <ele>663</ele>
      </trkpt>
      <trkpt lat="-20.91215007162945" lon="55.416869553024924">
        <ele>663</ele>
      </trkpt>
      <trkpt lat="-20.912200420151915" lon="55.41685967155679">
        <ele>663</ele>
      </trkpt>
      <trkpt lat="-20.912210489854385" lon="55.416899197429295">
        <ele>663</ele>
      </trkpt>
      <trkpt lat="-20.912210489854385" lon="55.41693962161708">
        <ele>664</ele>
      </trkpt>
      <trkpt lat="-20.912240698957703" lon="55.41697914748959">
        <ele>664</ele>
      </trkpt>
      <trkpt lat="-20.91229020830835" lon="55.41700969020924">
        <ele>664</ele>
      </trkpt>
      <trkpt lat="-20.912400135791145" lon="55.41703933461362">
        <ele>668</ele>
      </trkpt>
      <trkpt lat="-20.91245048422963" lon="55.41703933461362">
        <ele>668</ele>
      </trkpt>
      <trkpt lat="-20.912480693284618" lon="55.41704921608174">
        <ele>668</ele>
      </trkpt>
      <trkpt lat="-20.91255034191597" lon="55.41708964026953">
        <ele>668</ele>
      </trkpt>
      <trkpt lat="-20.912790335747278" lon="55.41718935326606">
        <ele>675</ele>
      </trkpt>
      <trkpt lat="-20.913020259547043" lon="55.41718935326606">
        <ele>684</ele>
      </trkpt>
      <trkpt lat="-20.91310081670735" lon="55.41719923473419">
        <ele>693</ele>
      </trkpt>
      <trkpt lat="-20.91312011685393" lon="55.417209116202315">
        <ele>693</ele>
      </trkpt>
      <trkpt lat="-20.91318053468797" lon="55.41721989598573">
        <ele>693</ele>
      </trkpt>
      <trkpt lat="-20.91333074003104" lon="55.417339371918516">
        <ele>693</ele>
      </trkpt>
      <trkpt lat="-20.91351031493642" lon="55.41744986469846">
        <ele>701</ele>
      </trkpt>
      <trkpt lat="-20.913690728760287" lon="55.41757922209937">
        <ele>701</ele>
      </trkpt>
      <trkpt lat="-20.914050716625233" lon="55.41786937793614">
        <ele>703</ele>
      </trkpt>
      <trkpt lat="-20.91411029495309" lon="55.41792956506018">
        <ele>708</ele>
      </trkpt>
      <trkpt lat="-20.914140503673664" lon="55.418039159524845">
        <ele>705</ele>
      </trkpt>
      <trkpt lat="-20.914150573245827" lon="55.418159533772915">
        <ele>698</ele>
      </trkpt>
      <trkpt lat="-20.914120364527296" lon="55.41824936530133">
        <ele>701</ele>
      </trkpt>
      <trkpt lat="-20.914100225378213" lon="55.41837962101752">
        <ele>701</ele>
      </trkpt>
      <trkpt lat="-20.91404064704636" lon="55.418539521138094">
        <ele>698</ele>
      </trkpt>
      <trkpt lat="-20.91382079440563" lon="55.4188898640989">
        <ele>698</ele>
      </trkpt>
      <trkpt lat="-20.91380065521631" lon="55.419039882751356">
        <ele>698</ele>
      </trkpt>
      <trkpt lat="-20.91380065521631" lon="55.419229427276306">
        <ele>697</ele>
      </trkpt>
      <trkpt lat="-20.913780516024293" lon="55.41937944592875">
        <ele>700</ele>
      </trkpt>
      <trkpt lat="-20.91374023763214" lon="55.419429751584666">
        <ele>697</ele>
      </trkpt>
      <trkpt lat="-20.913710028830923" lon="55.41950970164494">
        <ele>697</ele>
      </trkpt>
      <trkpt lat="-20.91361017191693" lon="55.41959953317336">
        <ele>706</ele>
      </trkpt>
      <trkpt lat="-20.91356066300212" lon="55.41962917757773">
        <ele>703</ele>
      </trkpt>
      <trkpt lat="-20.913350040148" lon="55.4196992461699">
        <ele>700</ele>
      </trkpt>
      <trkpt lat="-20.913300531147303" lon="55.419739670357686">
        <ele>700</ele>
      </trkpt>
      <trkpt lat="-20.913250182994254" lon="55.41979985748172">
        <ele>700</ele>
      </trkpt>
      <trkpt lat="-20.91321074359588" lon="55.41987980754201">
        <ele>700</ele>
      </trkpt>
      <trkpt lat="-20.913090747064686" lon="55.420159183595366">
        <ele>706</ele>
      </trkpt>
      <trkpt lat="-20.91300012025021" lon="55.42020948925128">
        <ele>708</ele>
      </trkpt>
      <trkpt lat="-20.91289019320727" lon="55.42020948925128">
        <ele>719</ele>
      </trkpt>
      <trkpt lat="-20.912710617559206" lon="55.42022925218753">
        <ele>719</ele>
      </trkpt>
      <trkpt lat="-20.912680408550553" lon="55.42023913365565">
        <ele>719</ele>
      </trkpt>
      <trkpt lat="-20.912600690304025" lon="55.42029932077969">
        <ele>719</ele>
      </trkpt>
      <trkpt lat="-20.912520132875013" lon="55.42061912102083">
        <ele>719</ele>
      </trkpt>
      <trkpt lat="-20.912500832651222" lon="55.42076913967328">
        <ele>718</ele>
      </trkpt>
      <trkpt lat="-20.912460553915306" lon="55.42083920826544">
        <ele>718</ele>
      </trkpt>
      <trkpt lat="-20.91238083555191" lon="55.420939819577264">
        <ele>723</ele>
      </trkpt>
      <trkpt lat="-20.912260838356545" lon="55.42112936410222">
        <ele>717</ele>
      </trkpt>
      <trkpt lat="-20.91210056223256" lon="55.421309925474326">
        <ele>723</ele>
      </trkpt>
      <trkpt lat="-20.91199063453014" lon="55.42135933281495">
        <ele>726</ele>
      </trkpt>
      <trkpt lat="-20.911750639418887" lon="55.421409638470855">
        <ele>722</ele>
      </trkpt>
      <trkpt lat="-20.911610502235728" lon="55.421419519938986">
        <ele>724</ele>
      </trkpt>
      <trkpt lat="-20.911400715788638" lon="55.421409638470855">
        <ele>721</ele>
      </trkpt>
      <trkpt lat="-20.91128071780892" lon="55.42142940140711">
        <ele>721</ele>
      </trkpt>
      <trkpt lat="-20.911210229440428" lon="55.421489588531145">
        <ele>721</ele>
      </trkpt>
      <trkpt lat="-20.911190089900483" lon="55.42158930152768">
        <ele>719</ele>
      </trkpt>
      <trkpt lat="-20.911220299209397" lon="55.42184981296008">
        <ele>727</ele>
      </trkpt>
      <trkpt lat="-20.911160719733218" lon="55.42205912042128">
        <ele>718</ele>
      </trkpt>
      <trkpt lat="-20.91108016153061" lon="55.422279207665895">
        <ele>716</ele>
      </trkpt>
      <trkpt lat="-20.911070091752237" lon="55.42233939478992">
        <ele>716</ele>
      </trkpt>
      <trkpt lat="-20.911020581998756" lon="55.42240946338209">
        <ele>718</ele>
      </trkpt>
      <trkpt lat="-20.911000442433345" lon="55.42246965050612">
        <ele>718</ele>
      </trkpt>
      <trkpt lat="-20.910950093507978" lon="55.42255948203453">
        <ele>718</ele>
      </trkpt>
      <trkpt lat="-20.910840164962163" lon="55.42265919503107">
        <ele>712</ele>
      </trkpt>
      <trkpt lat="-20.910790655132768" lon="55.422679856282606">
        <ele>712</ele>
      </trkpt>
      <trkpt lat="-20.91043065944106" lon="55.42271938215511">
        <ele>704</ele>
      </trkpt>
      <trkpt lat="-20.910310660685113" lon="55.422739145091356">
        <ele>701</ele>
      </trkpt>
      <trkpt lat="-20.909920454276474" lon="55.42284963787131">
        <ele>699</ele>
      </trkpt>
      <trkpt lat="-20.90960073601069" lon="55.42296911380409">
        <ele>697</ele>
      </trkpt>
      <trkpt lat="-20.909210527754837" lon="55.42315955664433">
        <ele>689</ele>
      </trkpt>
      <trkpt lat="-20.908980598113622" lon="55.423219743768364">
        <ele>679</ele>
      </trkpt>
      <trkpt lat="-20.908670108622665" lon="55.42336976242081">
        <ele>686</ele>
      </trkpt>
      <trkpt lat="-20.908470388015765" lon="55.423489238353596">
        <ele>680</ele>
      </trkpt>
      <trkpt lat="-20.908350387691293" lon="55.42360961260167">
        <ele>687</ele>
      </trkpt>
      <trkpt lat="-20.908090246798047" lon="55.42365991825757">
        <ele>687</ele>
      </trkpt>
      <trkpt lat="-20.90798031615591" lon="55.423719207066334">
        <ele>689</ele>
      </trkpt>
      <trkpt lat="-20.907800734628275" lon="55.423879107186906">
        <ele>687</ele>
      </trkpt>
      <trkpt lat="-20.90751038273151" lon="55.42410997421492">
        <ele>684</ele>
      </trkpt>
      <trkpt lat="-20.907130239080548" lon="55.42440911320453">
        <ele>672</ele>
      </trkpt>
      <trkpt lat="-20.90702030773478" lon="55.4244791817967">
        <ele>672</ele>
      </trkpt>
      <trkpt lat="-20.90692044636611" lon="55.42455913185699">
        <ele>667</ele>
      </trkpt>
      <trkpt lat="-20.906730793499726" lon="55.42472981176096">
        <ele>656</ele>
      </trkpt>
      <trkpt lat="-20.90654030121996" lon="55.42485916916188">
        <ele>656</ele>
      </trkpt>
      <trkpt lat="-20.906400159168044" lon="55.42493911922217">
        <ele>656</ele>
      </trkpt>
      <trkpt lat="-20.906240715955736" lon="55.425119680594264">
        <ele>656</ele>
      </trkpt>
      <trkpt lat="-20.90620043553845" lon="55.42531910658735">
        <ele>654</ele>
      </trkpt>
      <trkpt lat="-20.906060293168995" lon="55.425499667959464">
        <ele>665</ele>
      </trkpt>
      <trkpt lat="-20.905980571403383" lon="55.425579618019746">
        <ele>663</ele>
      </trkpt>
      <trkpt lat="-20.905810218435935" lon="55.42570987373593">
        <ele>666</ele>
      </trkpt>
      <trkpt lat="-20.90562056416575" lon="55.425819468200594">
        <ele>666</ele>
      </trkpt>
      <trkpt lat="-20.905530772016142" lon="55.42587965532464">
        <ele>668</ele>
      </trkpt>
      <trkpt lat="-20.905450210789436" lon="55.42595960538492">
        <ele>668</ele>
      </trkpt>
      <trkpt lat="-20.905430070475997" lon="55.426009911040836">
        <ele>670</ele>
      </trkpt>
      <trkpt lat="-20.905410769339756" lon="55.42609974256924">
        <ele>670</ele>
      </trkpt>
      <trkpt lat="-20.90547035110017" lon="55.426279405626076">
        <ele>670</ele>
      </trkpt>
      <trkpt lat="-20.90559035372889" lon="55.426559679994725">
        <ele>672</ele>
      </trkpt>
      <trkpt lat="-20.905650774596534" lon="55.426739343051544">
        <ele>675</ele>
      </trkpt>
      <trkpt lat="-20.90564070445361" lon="55.426819293111826">
        <ele>670</ele>
      </trkpt>
      <trkpt lat="-20.90556014328596" lon="55.42700973595207">
        <ele>675</ele>
      </trkpt>
      <trkpt lat="-20.905440140633054" lon="55.427179517540765">
        <ele>669</ele>
      </trkpt>
      <trkpt lat="-20.90522027538357" lon="55.42743913065787">
        <ele>663</ele>
      </trkpt>
      <trkpt lat="-20.904990339625236" lon="55.42772928649463">
        <ele>660</ele>
      </trkpt>
      <trkpt lat="-20.904890476905088" lon="55.427799355086805">
        <ele>660</ele>
      </trkpt>
      <trkpt lat="-20.904850196125206" lon="55.42785954221083">
        <ele>660</ele>
      </trkpt>
      <trkpt lat="-20.90482082471639" lon="55.4280598665192">
        <ele>650</ele>
      </trkpt>
      <trkpt lat="-20.904800684318445" lon="55.428119155327956">
        <ele>650</ele>
      </trkpt>
      <trkpt lat="-20.90465047043181" lon="55.428349124040686">
        <ele>644</ele>
      </trkpt>
      <trkpt lat="-20.904490186174634" lon="55.42851980394466">
        <ele>645</ele>
      </trkpt>
      <trkpt lat="-20.904410463574568" lon="55.42882972271768">
        <ele>643</ele>
      </trkpt>
      <trkpt lat="-20.904360112436894" lon="55.42923935448725">
        <ele>641</ele>
      </trkpt>
      <trkpt lat="-20.90430053023549" lon="55.4294396787956">
        <ele>633</ele>
      </trkpt>
      <trkpt lat="-20.90425017906091" lon="55.42957981597992">
        <ele>641</ele>
      </trkpt>
      <trkpt lat="-20.904160386091" lon="55.42996968481324">
        <ele>641</ele>
      </trkpt>
      <trkpt lat="-20.904060522818327" lon="55.43008916074603">
        <ele>641</ele>
      </trkpt>
      <trkpt lat="-20.903660229873182" lon="55.43030924799063">
        <ele>640</ele>
      </trkpt>
      <trkpt lat="-20.903520085130506" lon="55.43037931658279">
        <ele>640</ele>
      </trkpt>
      <trkpt lat="-20.903440362014866" lon="55.430389198050925">
        <ele>640</ele>
      </trkpt>
      <trkpt lat="-20.90323056413971" lon="55.430359553646554">
        <ele>638</ele>
      </trkpt>
      <trkpt lat="-20.90291083161368" lon="55.430299366522505">
        <ele>638</ele>
      </trkpt>
      <trkpt lat="-20.902770686170914" lon="55.430289485054374">
        <ele>634</ele>
      </trkpt>
      <trkpt lat="-20.902470254181832" lon="55.430209534994106">
        <ele>635</ele>
      </trkpt>
      <trkpt lat="-20.902400600869395" lon="55.430209534994106">
        <ele>632</ele>
      </trkpt>
      <trkpt lat="-20.90222604784798" lon="55.43009185569188">
        <ele>632</ele>
      </trkpt>
      <trkpt lat="-20.902036389046422" lon="55.43002178709971">
        <ele>624</ele>
      </trkpt>
      <trkpt lat="-20.901941559555738" lon="55.43015114450063">
        <ele>625</ele>
      </trkpt>
      <trkpt lat="-20.901782950804577" lon="55.430168212491026">
        <ele>623</ele>
      </trkpt>
      <trkpt lat="-20.901624341885768" lon="55.43023019624563">
        <ele>620</ele>
      </trkpt>
      <trkpt lat="-20.901582381826294" lon="55.43011700851984">
        <ele>621</ele>
      </trkpt>
      <trkpt lat="-20.901508532093104" lon="55.42998226122722">
        <ele>619</ele>
      </trkpt>
      <trkpt lat="-20.901297053110607" lon="55.42995890502983">
        <ele>611</ele>
      </trkpt>
      <trkpt lat="-20.90101759828366" lon="55.42991398926562">
        <ele>606</ele>
      </trkpt>
      <trkpt lat="-20.900754087849897" lon="55.42986368360972">
        <ele>601</ele>
      </trkpt>
      <trkpt lat="-20.900653383103318" lon="55.42975588577562">
        <ele>590</ele>
      </trkpt>
      <trkpt lat="-20.900584568154258" lon="55.42995351513812">
        <ele>591</ele>
      </trkpt>
      <trkpt lat="-20.9004637223137" lon="55.429869073501415">
        <ele>593</ele>
      </trkpt>
      <trkpt lat="-20.90023629689147" lon="55.4299885494342">
        <ele>572</ele>
      </trkpt>
      <trkpt lat="-20.899993765341808" lon="55.43011700851984">
        <ele>570</ele>
      </trkpt>
      <trkpt lat="-20.89979319397172" lon="55.43037751995223">
        <ele>566</ele>
      </trkpt>
      <trkpt lat="-20.89959597918321" lon="55.43039907951905">
        <ele>563</ele>
      </trkpt>
      <trkpt lat="-20.899481846251017" lon="55.43050687735314">
        <ele>566</ele>
      </trkpt>
      <trkpt lat="-20.899138607718598" lon="55.43046196158893">
        <ele>562</ele>
      </trkpt>
      <trkpt lat="-20.898925446963396" lon="55.430529335235235">
        <ele>560</ele>
      </trkpt>
      <trkpt lat="-20.898775227194175" lon="55.43065420105974">
        <ele>557</ele>
      </trkpt>
      <trkpt lat="-20.898697179992144" lon="55.4308203893873">
        <ele>554</ele>
      </trkpt>
      <trkpt lat="-20.89858556403051" lon="55.430958729941054">
        <ele>552</ele>
      </trkpt>
      <trkpt lat="-20.89847730486061" lon="55.43100993391224">
        <ele>551</ele>
      </trkpt>
      <trkpt lat="-20.898324566984186" lon="55.43109527386424">
        <ele>548</ele>
      </trkpt>
      <trkpt lat="-20.898195327121154" lon="55.43108179913497">
        <ele>549</ele>
      </trkpt>
      <trkpt lat="-20.898066087146837" lon="55.43113300310617">
        <ele>544</ele>
      </trkpt>
      <trkpt lat="-20.897932650952637" lon="55.43115995256469">
        <ele>542</ele>
      </trkpt>
      <trkpt lat="-20.897742986724023" lon="55.43115995256469">
        <ele>538</ele>
      </trkpt>
      <trkpt lat="-20.897607871795458" lon="55.4311653424564">
        <ele>531</ele>
      </trkpt>
      <trkpt lat="-20.897504647264967" lon="55.43116444414111">
        <ele>532</ele>
      </trkpt>
      <trkpt lat="-20.897417367931745" lon="55.431062036198725">
        <ele>529</ele>
      </trkpt>
      <trkpt lat="-20.89735778297318" lon="55.4311087485935">
        <ele>533</ele>
      </trkpt>
      <trkpt lat="-20.89736953212181" lon="55.431359378557765">
        <ele>531</ele>
      </trkpt>
      <trkpt lat="-20.897212596989164" lon="55.43142495557351">
        <ele>533</ele>
      </trkpt>
      <trkpt lat="-20.8971395843314" lon="55.43141507410539">
        <ele>537</ele>
      </trkpt>
      <trkpt lat="-20.897058179372262" lon="55.43144292187919">
        <ele>539</ele>
      </trkpt>
      <trkpt lat="-20.897017896489523" lon="55.43160192368448">
        <ele>538</ele>
      </trkpt>
      <trkpt lat="-20.897023771077258" lon="55.43190645256579">
        <ele>538</ele>
      </trkpt>
      <trkpt lat="-20.89697089977935" lon="55.431965741374555">
        <ele>538</ele>
      </trkpt>
      <trkpt lat="-20.896863478672255" lon="55.432003470616486">
        <ele>538</ele>
      </trkpt>
      <trkpt lat="-20.89681144654588" lon="55.43213731959382">
        <ele>534</ele>
      </trkpt>
      <trkpt lat="-20.896620102442057" lon="55.43212474317984">
        <ele>533</ele>
      </trkpt>
      <trkpt lat="-20.89637336889542" lon="55.43206814931694">
        <ele>531</ele>
      </trkpt>
      <trkpt lat="-20.896097261826554" lon="55.43197562284268">
        <ele>527</ele>
      </trkpt>
      <trkpt lat="-20.895864794386846" lon="55.43195047001472">
        <ele>529</ele>
      </trkpt>
      <trkpt lat="-20.895727999299137" lon="55.43195047001472">
        <ele>530</ele>
      </trkpt>
      <trkpt lat="-20.895562670100347" lon="55.43200975882347">
        <ele>522</ele>
      </trkpt>
      <trkpt lat="-20.895414125436467" lon="55.43210857350472">
        <ele>532</ele>
      </trkpt>
      <trkpt lat="-20.89527816917456" lon="55.43215259095364">
        <ele>533</ele>
      </trkpt>
      <trkpt lat="-20.895039825800897" lon="55.43217145557461">
        <ele>532</ele>
      </trkpt>
      <trkpt lat="-20.894847640199313" lon="55.43210857350472">
        <ele>533</ele>
      </trkpt>
      <trkpt lat="-20.894717558102233" lon="55.43209689540603">
        <ele>528</ele>
      </trkpt>
      <trkpt lat="-20.894531246773283" lon="55.4321489976925">
        <ele>522</ele>
      </trkpt>
      <trkpt lat="-20.894403682126367" lon="55.43216516736763">
        <ele>508</ele>
      </trkpt>
      <trkpt lat="-20.89428702751882" lon="55.4321777437816">
        <ele>517</ele>
      </trkpt>
      <trkpt lat="-20.894107429600464" lon="55.43226757531001">
        <ele>510</ele>
      </trkpt>
      <trkpt lat="-20.894011755855278" lon="55.43229542308383">
        <ele>508</ele>
      </trkpt>
      <trkpt lat="-20.893962240471986" lon="55.43240142428735">
        <ele>504</ele>
      </trkpt>
      <trkpt lat="-20.89400839888066" lon="55.43262510479309">
        <ele>497</ele>
      </trkpt>
      <trkpt lat="-20.893915242804926" lon="55.43270595316866">
        <ele>493</ele>
      </trkpt>
      <trkpt lat="-20.893712145574515" lon="55.43270595316866">
        <ele>492</ele>
      </trkpt>
      <trkpt lat="-20.893574509278682" lon="55.43277961502196">
        <ele>483</ele>
      </trkpt>
      <trkpt lat="-20.893313503517394" lon="55.43289280274776">
        <ele>491</ele>
      </trkpt>
      <trkpt lat="-20.89309949523944" lon="55.433005092158275">
        <ele>484</ele>
      </trkpt>
      <trkpt lat="-20.892896396905208" lon="55.433092228740826">
        <ele>483</ele>
      </trkpt>
      <trkpt lat="-20.892754563608015" lon="55.43309582200197">
        <ele>484</ele>
      </trkpt>
      <trkpt lat="-20.892567410590637" lon="55.43303383824737">
        <ele>484</ele>
      </trkpt>
      <trkpt lat="-20.892329902165347" lon="55.43301227868056">
        <ele>478</ele>
      </trkpt>
      <trkpt lat="-20.89202861001795" lon="55.432994312374866">
        <ele>473</ele>
      </trkpt>
      <trkpt lat="-20.89180368958053" lon="55.43301587194168">
        <ele>469</ele>
      </trkpt>
      <trkpt lat="-20.891596393207294" lon="55.43312456809107">
        <ele>470</ele>
      </trkpt>
      <trkpt lat="-20.891389935806114" lon="55.43324404402386">
        <ele>467</ele>
      </trkpt>
      <trkpt lat="-20.891173407007102" lon="55.43324045076272">
        <ele>463</ele>
      </trkpt>
      <trkpt lat="-20.89100387648911" lon="55.43317936532339">
        <ele>465</ele>
      </trkpt>
      <trkpt lat="-20.89081839981198" lon="55.43311827988408">
        <ele>463</ele>
      </trkpt>
      <trkpt lat="-20.890682439387252" lon="55.43296376965521">
        <ele>461</ele>
      </trkpt>
      <trkpt lat="-20.890608584290106" lon="55.43257390082191">
        <ele>456</ele>
      </trkpt>
      <trkpt lat="-20.89063544069327" lon="55.43215618421478">
        <ele>450</ele>
      </trkpt>
      <trkpt lat="-20.89074454478173" lon="55.43179236652472">
        <ele>447</ele>
      </trkpt>
      <trkpt lat="-20.890780633039682" lon="55.431544431506296">
        <ele>446</ele>
      </trkpt>
      <trkpt lat="-20.89093841415864" lon="55.431350395404934">
        <ele>445</ele>
      </trkpt>
      <trkpt lat="-20.89099632314473" lon="55.43115725761884">
        <ele>442</ele>
      </trkpt>
      <trkpt lat="-20.890917432636428" lon="55.430917407437974">
        <ele>440</ele>
      </trkpt>
      <trkpt lat="-20.89071097430142" lon="55.43066408252786">
        <ele>436</ele>
      </trkpt>
      <trkpt lat="-20.890403804057975" lon="55.43050867398371">
        <ele>432</ele>
      </trkpt>
      <trkpt lat="-20.89015202470119" lon="55.430445791913826">
        <ele>429</ele>
      </trkpt>
      <trkpt lat="-20.88986835278663" lon="55.4305149621907">
        <ele>427</ele>
      </trkpt>
      <trkpt lat="-20.889551948864934" lon="55.43058772572871">
        <ele>422</ele>
      </trkpt>
      <trkpt lat="-20.889268275816484" lon="55.43067037073485">
        <ele>417</ele>
      </trkpt>
      <trkpt lat="-20.888999709122793" lon="55.430768287100825">
        <ele>414</ele>
      </trkpt>
      <trkpt lat="-20.88877310560129" lon="55.430933577113095">
        <ele>411</ele>
      </trkpt>
      <trkpt lat="-20.888471806315213" lon="55.43101622211923">
        <ele>407</ele>
      </trkpt>
      <trkpt lat="-20.8882687017199" lon="55.43097579793145">
        <ele>406</ele>
      </trkpt>
      <trkpt lat="-20.88820659530118" lon="55.43112401995333">
        <ele>405</ele>
      </trkpt>
      <trkpt lat="-20.88820659530118" lon="55.431247089147256">
        <ele>404</ele>
      </trkpt>
      <trkpt lat="-20.888117632008004" lon="55.43134500551322">
        <ele>404</ele>
      </trkpt>
      <trkpt lat="-20.888019436613753" lon="55.43150041405738">
        <ele>402</ele>
      </trkpt>
      <trkpt lat="-20.887879277264545" lon="55.43171600972556">
        <ele>398</ele>
      </trkpt>
      <trkpt lat="-20.88783479552757" lon="55.43179506147057">
        <ele>396</ele>
      </trkpt>
      <trkpt lat="-20.887908651989292" lon="55.432092403829614">
        <ele>387</ele>
      </trkpt>
      <trkpt lat="-20.887920401877576" lon="55.432172353889904">
        <ele>385</ele>
      </trkpt>
      <trkpt lat="-20.887669457634967" lon="55.43215618421478">
        <ele>380</ele>
      </trkpt>
      <trkpt lat="-20.887376548941695" lon="55.43213372633268">
        <ele>377</ele>
      </trkpt>
      <trkpt lat="-20.887228835458412" lon="55.432203794924845">
        <ele>376</ele>
      </trkpt>
      <trkpt lat="-20.887117210968402" lon="55.4324157973319">
        <ele>374</ele>
      </trkpt>
      <trkpt lat="-20.887081961112212" lon="55.432467899618366">
        <ele>372</ele>
      </trkpt>
      <trkpt lat="-20.886998872132732" lon="55.432590070497014">
        <ele>370</ele>
      </trkpt>
      <trkpt lat="-20.886859551114448" lon="55.43247688277121">
        <ele>368</ele>
      </trkpt>
      <trkpt lat="-20.88661531937888" lon="55.43237537314411">
        <ele>370</ele>
      </trkpt>
      <trkpt lat="-20.886405497982967" lon="55.43231698265064">
        <ele>372</ele>
      </trkpt>
      <trkpt lat="-20.886191479857068" lon="55.4324265771153">
        <ele>373</ele>
      </trkpt>
      <trkpt lat="-20.88603621161402" lon="55.43259366375815">
        <ele>371</ele>
      </trkpt>
      <trkpt lat="-20.885893532546408" lon="55.432626003108375">
        <ele>372</ele>
      </trkpt>
      <trkpt lat="-20.885734067545695" lon="55.432741885780025">
        <ele>369</ele>
      </trkpt>
      <trkpt lat="-20.88563251343066" lon="55.43279308975122">
        <ele>368</ele>
      </trkpt>
      <trkpt lat="-20.88552424491833" lon="55.43292783704384">
        <ele>357</ele>
      </trkpt>
      <trkpt lat="-20.885436119327395" lon="55.433022160148674">
        <ele>355</ele>
      </trkpt>
      <trkpt lat="-20.88533792217943" lon="55.43308324558799">
        <ele>360</ele>
      </trkpt>
      <trkpt lat="-20.885154117088874" lon="55.4331452293426">
        <ele>369</ele>
      </trkpt>
      <trkpt lat="-20.88516083143404" lon="55.433268298536525">
        <ele>369</ele>
      </trkpt>
      <trkpt lat="-20.885164188606506" lon="55.43335184185795">
        <ele>365</ele>
      </trkpt>
      <trkpt lat="-20.885113831011548" lon="55.433413825612554">
        <ele>362</ele>
      </trkpt>
      <trkpt lat="-20.885086973620695" lon="55.43347580936715">
        <ele>361</ele>
      </trkpt>
      <trkpt lat="-20.885341279347948" lon="55.43343179191824">
        <ele>359</ele>
      </trkpt>
      <trkpt lat="-20.885415137036208" lon="55.433363519956636">
        <ele>360</ele>
      </trkpt>
      <trkpt lat="-20.885534316411146" lon="55.433268298536525">
        <ele>358</ele>
      </trkpt>
      <trkpt lat="-20.885707210265753" lon="55.43321439961947">
        <ele>357</ele>
      </trkpt>
      <trkpt lat="-20.885870032451674" lon="55.43327638337408">
        <ele>353</ele>
      </trkpt>
      <trkpt lat="-20.886001800792474" lon="55.43328356989635">
        <ele>349</ele>
      </trkpt>
      <trkpt lat="-20.88603621161402" lon="55.4333491469121">
        <ele>348</ele>
      </trkpt>
      <trkpt lat="-20.88590360401445" lon="55.43338148626232">
        <ele>347</ele>
      </trkpt>
      <trkpt lat="-20.88570385310543" lon="55.43342101213482">
        <ele>346</ele>
      </trkpt>
      <trkpt lat="-20.88556453088553" lon="55.43349377567284">
        <ele>346</ele>
      </trkpt>
      <trkpt lat="-20.885405065535412" lon="55.433650082532274">
        <ele>346</ele>
      </trkpt>
      <trkpt lat="-20.885215385477398" lon="55.433740812375966">
        <ele>347</ele>
      </trkpt>
      <trkpt lat="-20.88501563365286" lon="55.433776744987334">
        <ele>347</ele>
      </trkpt>
      <trkpt lat="-20.884862882078306" lon="55.43382076243626">
        <ele>347</ele>
      </trkpt>
      <trkpt lat="-20.884885543036003" lon="55.433884542821424">
        <ele>346</ele>
      </trkpt>
      <trkpt lat="-20.885055919756493" lon="55.43393305184677">
        <ele>342</ele>
      </trkpt>
      <trkpt lat="-20.884998008479094" lon="55.43400132380836">
        <ele>341</ele>
      </trkpt>
      <trkpt lat="-20.88491491834643" lon="55.434052527779556">
        <ele>338</ele>
      </trkpt>
      <trkpt lat="-20.88483182816777" lon="55.434132477839846">
        <ele>336</ele>
      </trkpt>
      <trkpt lat="-20.884720201895796" lon="55.434225004314115">
        <ele>330</ele>
      </trkpt>
      <trkpt lat="-20.884845256886628" lon="55.43424566556564">
        <ele>329</ele>
      </trkpt>
      <trkpt lat="-20.884958561654162" lon="55.43425375040321">
        <ele>327</ele>
      </trkpt>
      <trkpt lat="-20.884881346562615" lon="55.43429237796042">
        <ele>326</ele>
      </trkpt>
      <trkpt lat="-20.88502066941638" lon="55.434295072906274">
        <ele>324</ele>
      </trkpt>
      <trkpt lat="-20.885117188185077" lon="55.434366938129">
        <ele>320</ele>
      </trkpt>
      <trkpt lat="-20.885047526819122" lon="55.43445587134213">
        <ele>318</ele>
      </trkpt>
      <trkpt lat="-20.88521118901322" lon="55.43449090563821">
        <ele>313</ele>
      </trkpt>
      <trkpt lat="-20.88522461769814" lon="55.43452953319542">
        <ele>308</ele>
      </trkpt>
      <trkpt lat="-20.885218742648636" lon="55.43456995738321">
        <ele>307</ele>
      </trkpt>
      <trkpt lat="-20.88518936739765" lon="55.434604991679294">
        <ele>303</ele>
      </trkpt>
      <trkpt lat="-20.885293439689576" lon="55.43462834787668">
        <ele>301</ele>
      </trkpt>
      <trkpt lat="-20.885289243227586" lon="55.43467865353259">
        <ele>301</ele>
      </trkpt>
      <trkpt lat="-20.88536645810941" lon="55.43465350070464">
        <ele>300</ele>
      </trkpt>
      <trkpt lat="-20.8854419943684" lon="55.43467865353259">
        <ele>298</ele>
      </trkpt>
      <trkpt lat="-20.885396672617556" lon="55.434711891198106">
        <ele>297</ele>
      </trkpt>
      <trkpt lat="-20.885485637522944" lon="55.434735247395494">
        <ele>296</ele>
      </trkpt>
      <trkpt lat="-20.885504941221885" lon="55.434741535602484">
        <ele>294</ele>
      </trkpt>
      <trkpt lat="-20.885456262324166" lon="55.434808909248794">
        <ele>293</ele>
      </trkpt>
      <trkpt lat="-20.88544703011765" lon="55.43483136713089">
        <ele>291</ele>
      </trkpt>
      <trkpt lat="-20.885499905474568" lon="55.43483585870731">
        <ele>291</ele>
      </trkpt>
      <trkpt lat="-20.885645942077907" lon="55.434918503713455">
        <ele>294</ele>
      </trkpt>
      <trkpt lat="-20.885685388722262" lon="55.43505235269078">
        <ele>295</ele>
      </trkpt>
      <trkpt lat="-20.885838139460102" lon="55.43522932080175">
        <ele>301</ele>
      </trkpt>
      <trkpt lat="-20.886001800792474" lon="55.435281423088234">
        <ele>306</ele>
      </trkpt>
      <trkpt lat="-20.886004318657736" lon="55.43517452356942">
        <ele>310</ele>
      </trkpt>
      <trkpt lat="-20.886100836794153" lon="55.43525177868386">
        <ele>311</ele>
      </trkpt>
      <trkpt lat="-20.8860823724598" lon="55.43513499769692">
        <ele>314</ele>
      </trkpt>
      <trkpt lat="-20.88613776545602" lon="55.43520147302795">
        <ele>317</ele>
      </trkpt>
      <trkpt lat="-20.88618644413279" lon="55.435073013942315">
        <ele>325</ele>
      </trkpt>
      <trkpt lat="-20.886413890844437" lon="55.435212252811354">
        <ele>325</ele>
      </trkpt>
      <trkpt lat="-20.886604408673524" lon="55.43552486653023">
        <ele>315</ele>
      </trkpt>
      <trkpt lat="-20.88670344427773" lon="55.43565961382285">
        <ele>309</ele>
      </trkpt>
      <trkpt lat="-20.886879693920267" lon="55.43565602056171">
        <ele>306</ele>
      </trkpt>
      <trkpt lat="-20.88706181833352" lon="55.43567039360625">
        <ele>305</ele>
      </trkpt>
      <trkpt lat="-20.887197782037187" lon="55.43568835991193">
        <ele>301</ele>
      </trkpt>
      <trkpt lat="-20.887313602872826" lon="55.43573956388314">
        <ele>300</ele>
      </trkpt>
      <trkpt lat="-20.887238067555383" lon="55.435799751007174">
        <ele>296</ele>
      </trkpt>
      <trkpt lat="-20.88713651445757" lon="55.43580244595302">
        <ele>294</ele>
      </trkpt>
      <trkpt lat="-20.887019014919847" lon="55.43581142910587">
        <ele>291</ele>
      </trkpt>
      <trkpt lat="-20.886893122455962" lon="55.4358545482395">
        <ele>291</ele>
      </trkpt>
      <trkpt lat="-20.886740372791397" lon="55.435905752210694">
        <ele>291</ele>
      </trkpt>
      <trkpt lat="-20.88649698014764" lon="55.43584556508666">
        <ele>296</ele>
      </trkpt>
      <trkpt lat="-20.886336676501262" lon="55.43574854703598">
        <ele>296</ele>
      </trkpt>
      <trkpt lat="-20.88613608688068" lon="55.43556439240273">
        <ele>295</ele>
      </trkpt>
      <trkpt lat="-20.8859564792106" lon="55.43542695016426">
        <ele>292</ele>
      </trkpt>
      <trkpt lat="-20.885846532353277" lon="55.43534430515812">
        <ele>291</ele>
      </trkpt>
      <trkpt lat="-20.88579869285587" lon="55.435353288310964">
        <ele>289</ele>
      </trkpt>
      <trkpt lat="-20.885697978074667" lon="55.43527603319653">
        <ele>289</ele>
      </trkpt>
      <trkpt lat="-20.885613209748133" lon="55.435203269658516">
        <ele>287</ele>
      </trkpt>
      <trkpt lat="-20.885593906063125" lon="55.43526345678255">
        <ele>281</ele>
      </trkpt>
      <trkpt lat="-20.885596423935233" lon="55.43536047483323">
        <ele>277</ele>
      </trkpt>
      <trkpt lat="-20.88570637097568" lon="55.435469170982614">
        <ele>276</ele>
      </trkpt>
      <trkpt lat="-20.8857684784286" lon="55.435555409249886">
        <ele>273</ele>
      </trkpt>
      <trkpt lat="-20.88585576453523" lon="55.43561379974335">
        <ele>274</ele>
      </trkpt>
      <trkpt lat="-20.88591367548182" lon="55.4357189026316">
        <ele>275</ele>
      </trkpt>
      <trkpt lat="-20.885856603824465" lon="55.43573776725257">
        <ele>268</ele>
      </trkpt>
      <trkpt lat="-20.885776032035984" lon="55.43568207170496">
        <ele>265</ele>
      </trkpt>
      <trkpt lat="-20.88565265640109" lon="55.43563895257131">
        <ele>260</ele>
      </trkpt>
      <trkpt lat="-20.885512494842516" lon="55.435522171584374">
        <ele>260</ele>
      </trkpt>
      <trkpt lat="-20.885518369880543" lon="55.43555900251103">
        <ele>257</ele>
      </trkpt>
      <trkpt lat="-20.88557628095726" lon="55.435702732956486">
        <ele>255</ele>
      </trkpt>
      <trkpt lat="-20.885717281746302" lon="55.4358832943286">
        <ele>253</ele>
      </trkpt>
      <trkpt lat="-20.885698817364794" lon="55.43602702477405">
        <ele>249</ele>
      </trkpt>
      <trkpt lat="-20.885921229081905" lon="55.43620309456975">
        <ele>247</ele>
      </trkpt>
      <trkpt lat="-20.88610419394559" lon="55.43643845317417">
        <ele>249</ele>
      </trkpt>
      <trkpt lat="-20.886384515827242" lon="55.43663518422141">
        <ele>246</ele>
      </trkpt>
      <trkpt lat="-20.8866942121479" lon="55.43666303199521">
        <ele>244</ele>
      </trkpt>
      <trkpt lat="-20.886930890206223" lon="55.43670255786771">
        <ele>241</ele>
      </trkpt>
      <trkpt lat="-20.886970336513006" lon="55.43678071129743">
        <ele>234</ele>
      </trkpt>
      <trkpt lat="-20.887164210763785" lon="55.436853474835445">
        <ele>230</ele>
      </trkpt>
      <trkpt lat="-20.886982086474724" lon="55.436996306965625">
        <ele>225</ele>
      </trkpt>
      <trkpt lat="-20.887101264605914" lon="55.437100511538574">
        <ele>218</ele>
      </trkpt>
      <trkpt lat="-20.886962782965703" lon="55.437077155341186">
        <ele>219</ele>
      </trkpt>
      <trkpt lat="-20.886914943823935" lon="55.436963069300106">
        <ele>219</ele>
      </trkpt>
      <trkpt lat="-20.886731140663834" lon="55.436918153535906">
        <ele>226</ele>
      </trkpt>
      <trkpt lat="-20.886491105147908" lon="55.43693252658044">
        <ele>225</ele>
      </trkpt>
      <trkpt lat="-20.886207426316194" lon="55.43701068001016">
        <ele>219</ele>
      </trkpt>
      <trkpt lat="-20.88602026513672" lon="55.436895695653796">
        <ele>215</ele>
      </trkpt>
      <trkpt lat="-20.886013550829983" lon="55.43682293211579">
        <ele>216</ele>
      </trkpt>
      <trkpt lat="-20.88583562159204" lon="55.436789694450276">
        <ele>216</ele>
      </trkpt>
      <trkpt lat="-20.885713924586184" lon="55.43664237074368">
        <ele>213</ele>
      </trkpt>
      <trkpt lat="-20.885682031561444" lon="55.43671782922755">
        <ele>206</ele>
      </trkpt>
      <trkpt lat="-20.88555697726749" lon="55.43658847182663">
        <ele>201</ele>
      </trkpt>
      <trkpt lat="-20.885387440407378" lon="55.436406113823956">
        <ele>203</ele>
      </trkpt>
      <trkpt lat="-20.885331207842185" lon="55.43643575822833">
        <ele>195</ele>
      </trkpt>
      <trkpt lat="-20.88535470802124" lon="55.436541759431854">
        <ele>191</ele>
      </trkpt>
      <trkpt lat="-20.885271618085948" lon="55.43649145377594">
        <ele>191</ele>
      </trkpt>
      <trkpt lat="-20.885233010625626" lon="55.43656960720566">
        <ele>185</ele>
      </trkpt>
      <trkpt lat="-20.885257350112642" lon="55.4366522522118">
        <ele>181</ele>
      </trkpt>
      <trkpt lat="-20.885490673270734" lon="55.43692803500402">
        <ele>180</ele>
      </trkpt>
      <trkpt lat="-20.88567363865907" lon="55.43708074860232">
        <ele>181</ele>
      </trkpt>
      <trkpt lat="-20.885860800270596" lon="55.43739156569063">
        <ele>180</ele>
      </trkpt>
      <trkpt lat="-20.885885139655855" lon="55.43757482200859">
        <ele>175</ele>
      </trkpt>
      <trkpt lat="-20.88590863974822" lon="55.43775089180428">
        <ele>168</ele>
      </trkpt>
      <trkpt lat="-20.886047122360665" lon="55.437841621647976">
        <ele>165</ele>
      </trkpt>
      <trkpt lat="-20.886287158586363" lon="55.43791258855542">
        <ele>161</ele>
      </trkpt>
      <trkpt lat="-20.886295551454435" lon="55.43804464090219">
        <ele>156</ele>
      </trkpt>
      <trkpt lat="-20.88619735486853" lon="55.438120099386055">
        <ele>153</ele>
      </trkpt>
      <trkpt lat="-20.886014390118355" lon="55.438201846076915">
        <ele>144</ele>
      </trkpt>
      <trkpt lat="-20.88590780045928" lon="55.43839588217828">
        <ele>140</ele>
      </trkpt>
      <trkpt lat="-20.88568371014186" lon="55.43849829012067">
        <ele>137</ele>
      </trkpt>
      <trkpt lat="-20.885607334713832" lon="55.43855578229885">
        <ele>134</ele>
      </trkpt>
      <trkpt lat="-20.885497387600857" lon="55.43839139060186">
        <ele>132</ele>
      </trkpt>
      <trkpt lat="-20.88545374444972" lon="55.43862315594516">
        <ele>129</ele>
      </trkpt>
      <trkpt lat="-20.885327011381268" lon="55.438438102996635">
        <ele>122</ele>
      </trkpt>
      <trkpt lat="-20.88530351119786" lon="55.4385980031172">
        <ele>119</ele>
      </trkpt>
      <trkpt lat="-20.885147402743403" lon="55.43883066677579">
        <ele>113</ele>
      </trkpt>
      <trkpt lat="-20.885123902531905" lon="55.438984278689375">
        <ele>107</ele>
      </trkpt>
      <trkpt lat="-20.88510040231672" lon="55.43913789060296">
        <ele>103</ele>
      </trkpt>
      <trkpt lat="-20.885231332040174" lon="55.439242993491206">
        <ele>102</ele>
      </trkpt>
      <trkpt lat="-20.885274975255953" lon="55.43938223236024">
        <ele>99</ele>
      </trkpt>
      <trkpt lat="-20.885429404994536" lon="55.43942804643974">
        <ele>98</ele>
      </trkpt>
      <trkpt lat="-20.88544535153457" lon="55.439538539219676">
        <ele>98</ele>
      </trkpt>
      <trkpt lat="-20.88558635244658" lon="55.43955021731838">
        <ele>93</ele>
      </trkpt>
      <trkpt lat="-20.88585072879968" lon="55.43950170829302">
        <ele>90</ele>
      </trkpt>
      <trkpt lat="-20.886120979701758" lon="55.43961848927996">
        <ele>89</ele>
      </trkpt>
      <trkpt lat="-20.886170497671447" lon="55.43971460901537">
        <ele>88</ele>
      </trkpt>
      <trkpt lat="-20.886180569120917" lon="55.43985115293855">
        <ele>86</ele>
      </trkpt>
      <trkpt lat="-20.886235122793785" lon="55.4399670356102">
        <ele>84</ele>
      </trkpt>
      <trkpt lat="-20.886209944177992" lon="55.4400577654539">
        <ele>78</ele>
      </trkpt>
      <trkpt lat="-20.886143640469573" lon="55.44019700432293">
        <ele>83</ele>
      </trkpt>
      <trkpt lat="-20.88615119405808" lon="55.44032187014743">
        <ele>82</ele>
      </trkpt>
      <trkpt lat="-20.886204908454328" lon="55.440459312385904">
        <ele>81</ele>
      </trkpt>
      <trkpt lat="-20.886252747822322" lon="55.44053746581562">
        <ele>80</ele>
      </trkpt>
      <trkpt lat="-20.886373605105117" lon="55.44058058494925">
        <ele>79</ele>
      </trkpt>
      <trkpt lat="-20.886502015861513" lon="55.440620110821754">
        <ele>78</ele>
      </trkpt>
      <trkpt lat="-20.886663158616102" lon="55.44062909397459">
        <ele>78</ele>
      </trkpt>
      <trkpt lat="-20.8869199795238" lon="55.4407413833851">
        <ele>78</ele>
      </trkpt>
      <trkpt lat="-20.88708867537118" lon="55.440933622855916">
        <ele>75</ele>
      </trkpt>
      <trkpt lat="-20.887196942755455" lon="55.44124443994422">
        <ele>70</ele>
      </trkpt>
      <trkpt lat="-20.8872607281546" lon="55.441519324421165">
        <ele>71</ele>
      </trkpt>
      <trkpt lat="-20.887226317613685" lon="55.44166664812775">
        <ele>74</ele>
      </trkpt>
      <trkpt lat="-20.88704335411737" lon="55.44189392189464">
        <ele>70</ele>
      </trkpt>
      <trkpt lat="-20.886889765322163" lon="55.44206280516806">
        <ele>70</ele>
      </trkpt>
      <trkpt lat="-20.886705122846735" lon="55.44228199409738">
        <ele>59</ele>
      </trkpt>
      <trkpt lat="-20.886637140787236" lon="55.442303553664196">
        <ele>54</ele>
      </trkpt>
      <trkpt lat="-20.886528033713798" lon="55.44239428350789">
        <ele>59</ele>
      </trkpt>
      <trkpt lat="-20.88635178365848" lon="55.442519149332384">
        <ele>47</ele>
      </trkpt>
      <trkpt lat="-20.885925425526224" lon="55.44284164451938">
        <ele>59</ele>
      </trkpt>
      <trkpt lat="-20.8856602100143" lon="55.442990764856546">
        <ele>48</ele>
      </trkpt>
      <trkpt lat="-20.885298475443797" lon="55.44324408976667">
        <ele>43</ele>
      </trkpt>
      <trkpt lat="-20.88517006365815" lon="55.44327912406275">
        <ele>44</ele>
      </trkpt>
      <trkpt lat="-20.8849770261267" lon="55.44336446401474">
        <ele>45</ele>
      </trkpt>
      <trkpt lat="-20.88469166584303" lon="55.44357107653009">
        <ele>40</ele>
      </trkpt>
      <trkpt lat="-20.884619486391227" lon="55.44356748326896">
        <ele>48</ele>
      </trkpt>
      <trkpt lat="-20.88446002003751" lon="55.4435593984314">
        <ele>40</ele>
      </trkpt>
      <trkpt lat="-20.884360143656036" lon="55.443609704087315">
        <ele>40</ele>
      </trkpt>
      <trkpt lat="-20.88433076823709" lon="55.443609704087315">
        <ele>40</ele>
      </trkpt>
      <trkpt lat="-20.884300553514457" lon="55.44358994115105">
        <ele>40</ele>
      </trkpt>
      <trkpt lat="-20.88419060544465" lon="55.44340937977895">
        <ele>43</ele>
      </trkpt>
      <trkpt lat="-20.88412010434991" lon="55.44313988519371">
        <ele>44</ele>
      </trkpt>
      <trkpt lat="-20.88412010434991" lon="55.44296920528973">
        <ele>46</ele>
      </trkpt>
      <trkpt lat="-20.884180533861716" lon="55.442809305169156">
        <ele>44</ele>
      </trkpt>
      <trkpt lat="-20.884200677026918" lon="55.442779660764785">
        <ele>46</ele>
      </trkpt>
      <trkpt lat="-20.884240124050944" lon="55.442739236577">
        <ele>46</ele>
      </trkpt>
      <trkpt lat="-20.88431062508934" lon="55.442739236577">
        <ele>45</ele>
      </trkpt>
      <trkpt lat="-20.88448016316522" lon="55.44281918663729">
        <ele>43</ele>
      </trkpt>
      <trkpt lat="-20.884550664090927" lon="55.44282996642069">
        <ele>43</ele>
      </trkpt>
      <trkpt lat="-20.88475041653399" lon="55.44279942370103">
        <ele>43</ele>
      </trkpt>
      <trkpt lat="-20.884850292655894" lon="55.44275989782852">
        <ele>49</ele>
      </trkpt>
      <trkpt lat="-20.884910721873855" lon="55.442649405048584">
        <ele>48</ele>
      </trkpt>
      <trkpt lat="-20.884970311773305" lon="55.4424499790555">
        <ele>48</ele>
      </trkpt>
      <trkpt lat="-20.88499045483256" lon="55.44211939903096">
        <ele>45</ele>
      </trkpt>
    </trkseg>
  </trk>
</gpx>
