<?xml version="1.0" encoding="UTF-8"?>
<gpx version="1.1" creator="TrailCompareMVP" xmlns="http://www.topografix.com/GPX/1/1">
  <trk>
    <trkseg>
      <trkpt lat="-21.015890825571297" lon="55.26092920622404">
        <ele>6</ele>
      </trkpt>
      <trkpt lat="-21.015630033106103" lon="55.26088968035154">
        <ele>6</ele>
      </trkpt>
      <trkpt lat="-21.015320603512464" lon="55.26093998600746">
        <ele>6</ele>
      </trkpt>
      <trkpt lat="-21.015120186712217" lon="55.2611295305324">
        <ele>6</ele>
      </trkpt>
      <trkpt lat="-21.01494073378387" lon="55.26133973630889">
        <ele>6</ele>
      </trkpt>
      <trkpt lat="-21.0148602314655" lon="55.26159934942599">
        <ele>7</ele>
      </trkpt>
      <trkpt lat="-21.014760442073026" lon="55.26199999804272">
        <ele>7</ele>
      </trkpt>
      <trkpt lat="-21.014620401384438" lon="55.26233956122011">
        <ele>6</ele>
      </trkpt>
      <trkpt lat="-21.014560024520048" lon="55.26270966711717">
        <ele>6</ele>
      </trkpt>
      <trkpt lat="-21.01453067464658" lon="55.26298994148582">
        <ele>5</ele>
      </trkpt>
      <trkpt lat="-21.014480360564352" lon="55.26332950466321">
        <ele>5</ele>
      </trkpt>
      <trkpt lat="-21.01443172360206" lon="55.263746322955036">
        <ele>6</ele>
      </trkpt>
      <trkpt lat="-21.014392310879604" lon="55.26408678444773">
        <ele>6</ele>
      </trkpt>
      <trkpt lat="-21.014350382440036" lon="55.26443982235438">
        <ele>5</ele>
      </trkpt>
      <trkpt lat="-21.01430006829699" lon="55.265039896964176">
        <ele>6</ele>
      </trkpt>
      <trkpt lat="-21.01431013112695" lon="55.26541988432936">
        <ele>6</ele>
      </trkpt>
      <trkpt lat="-21.014450172106866" lon="55.26598941621949">
        <ele>7</ele>
      </trkpt>
      <trkpt lat="-21.014560024520048" lon="55.26631999624405">
        <ele>7</ele>
      </trkpt>
      <trkpt lat="-21.014770504871937" lon="55.26673950948173">
        <ele>7</ele>
      </trkpt>
      <trkpt lat="-21.01505058583574" lon="55.267339584091516">
        <ele>6</ele>
      </trkpt>
      <trkpt lat="-21.015120186712217" lon="55.26768992705232">
        <ele>5</ele>
      </trkpt>
      <trkpt lat="-21.01513024948684" lon="55.268089677353764">
        <ele>4</ele>
      </trkpt>
      <trkpt lat="-21.015090836948985" lon="55.26873915930418">
        <ele>4</ele>
      </trkpt>
      <trkpt lat="-21.015090836948985" lon="55.269019433672824">
        <ele>4</ele>
      </trkpt>
      <trkpt lat="-21.015070711393715" lon="55.26941918397425">
        <ele>4</ele>
      </trkpt>
      <trkpt lat="-21.01501033471163" lon="55.26975964546694">
        <ele>4</ele>
      </trkpt>
      <trkpt lat="-21.01485016867265" lon="55.270209701424285">
        <ele>4</ele>
      </trkpt>
      <trkpt lat="-21.014740316473173" lon="55.27056992585322">
        <ele>4</ele>
      </trkpt>
      <trkpt lat="-21.01472019087061" lon="55.27084930190657">
        <ele>4</ele>
      </trkpt>
      <trkpt lat="-21.01481075606076" lon="55.271269713459546">
        <ele>4</ele>
      </trkpt>
      <trkpt lat="-21.014630464192788" lon="55.27155986929631">
        <ele>4</ele>
      </trkpt>
      <trkpt lat="-21.0144946162227" lon="55.27192638193224">
        <ele>5</ele>
      </trkpt>
      <trkpt lat="-21.01430006829699" lon="55.2724492014276">
        <ele>7</ele>
      </trkpt>
      <trkpt lat="-21.01407030016131" lon="55.27259922008004">
        <ele>7</ele>
      </trkpt>
      <trkpt lat="-21.014350382440036" lon="55.27280942585653">
        <ele>7</ele>
      </trkpt>
      <trkpt lat="-21.014370508092497" lon="55.27308970022518">
        <ele>4</ele>
      </trkpt>
      <trkpt lat="-21.01421034136642" lon="55.2735298747144">
        <ele>4</ele>
      </trkpt>
      <trkpt lat="-21.01399063594406" lon="55.27401945654424">
        <ele>4</ele>
      </trkpt>
      <trkpt lat="-21.01387072025259" lon="55.27434913825351">
        <ele>4</ele>
      </trkpt>
      <trkpt lat="-21.013510134026056" lon="55.27468959974618">
        <ele>4</ele>
      </trkpt>
      <trkpt lat="-21.013290427572265" lon="55.27485938133489">
        <ele>4</ele>
      </trkpt>
      <trkpt lat="-21.012990217467177" lon="55.275059705643244">
        <ele>5</ele>
      </trkpt>
      <trkpt lat="-21.012670719456978" lon="55.27535974294814">
        <ele>7</ele>
      </trkpt>
      <trkpt lat="-21.01247029909604" lon="55.27570918759367">
        <ele>7</ele>
      </trkpt>
      <trkpt lat="-21.01238057106475" lon="55.27596969902605">
        <ele>7</ele>
      </trkpt>
      <trkpt lat="-21.01211054806554" lon="55.27633980492312">
        <ele>6</ele>
      </trkpt>
      <trkpt lat="-21.011910126951953" lon="55.27687969240887">
        <ele>4</ele>
      </trkpt>
      <trkpt lat="-21.011950378912687" lon="55.277219255586274">
        <ele>3</ele>
      </trkpt>
      <trkpt lat="-21.01207029614802" lon="55.277569598547075">
        <ele>3</ele>
      </trkpt>
      <trkpt lat="-21.012150799972204" lon="55.27794958591225">
        <ele>3</ele>
      </trkpt>
      <trkpt lat="-21.01225059111062" lon="55.27832957327744">
        <ele>5</ele>
      </trkpt>
      <trkpt lat="-21.01222040220184" lon="55.27878951070291">
        <ele>5</ele>
      </trkpt>
      <trkpt lat="-21.01208035912841" lon="55.279059903603425">
        <ele>5</ele>
      </trkpt>
      <trkpt lat="-21.011930252933677" lon="55.27946953537299">
        <ele>5</ele>
      </trkpt>
      <trkpt lat="-21.011810335585768" lon="55.27985940420629">
        <ele>4</ele>
      </trkpt>
      <trkpt lat="-21.01164010310114" lon="55.280229510103354">
        <ele>4</ele>
      </trkpt>
      <trkpt lat="-21.01145058296361" lon="55.28086911058564">
        <ele>3</ele>
      </trkpt>
      <trkpt lat="-21.01131053916747" lon="55.28130928507486">
        <ele>3</ele>
      </trkpt>
      <trkpt lat="-21.011180558280945" lon="55.281759341032206">
        <ele>3</ele>
      </trkpt>
      <trkpt lat="-21.011083282188554" lon="55.28212046377643">
        <ele>3</ele>
      </trkpt>
      <trkpt lat="-21.010960009807935" lon="55.282579502886605">
        <ele>3</ele>
      </trkpt>
      <trkpt lat="-21.010840091680052" lon="55.28287954019151">
        <ele>3</ele>
      </trkpt>
      <trkpt lat="-21.010700047310788" lon="55.28311939037236">
        <ele>3</ele>
      </trkpt>
      <trkpt lat="-21.010520589064566" lon="55.283489496269425">
        <ele>3</ele>
      </trkpt>
      <trkpt lat="-21.010260625801664" lon="55.28397997641456">
        <ele>4</ele>
      </trkpt>
      <trkpt lat="-21.010010725205756" lon="55.28439948965224">
        <ele>4</ele>
      </trkpt>
      <trkpt lat="-21.0097105085001" lon="55.284989682793906">
        <ele>5</ele>
      </trkpt>
      <trkpt lat="-21.00953021046752" lon="55.28527983863068">
        <ele>5</ele>
      </trkpt>
      <trkpt lat="-21.0094102911903" lon="55.2855897574037">
        <ele>4</ele>
      </trkpt>
      <trkpt lat="-21.009130199635848" lon="55.28608922070166">
        <ele>4</ele>
      </trkpt>
      <trkpt lat="-21.00898009047256" lon="55.2863299691978">
        <ele>4</ele>
      </trkpt>
      <trkpt lat="-21.00881069335832" lon="55.28662910818743">
        <ele>4</ele>
      </trkpt>
      <trkpt lat="-21.009070659147813" lon="55.28703963827226">
        <ele>9</ele>
      </trkpt>
      <trkpt lat="-21.00916038916999" lon="55.28724984404875">
        <ele>13</ele>
      </trkpt>
      <trkpt lat="-21.0090102800371" lon="55.287519338633984">
        <ele>15</ele>
      </trkpt>
      <trkpt lat="-21.00916038916999" lon="55.287789731534495">
        <ele>18</ele>
      </trkpt>
      <trkpt lat="-21.009360813977903" lon="55.2880098187791">
        <ele>23</ele>
      </trkpt>
      <trkpt lat="-21.00961071566249" lon="55.28816971889969">
        <ele>28</ele>
      </trkpt>
      <trkpt lat="-21.010000662085755" lon="55.28828919483248">
        <ele>35</ele>
      </trkpt>
      <trkpt lat="-21.01027068890414" lon="55.28851916354521">
        <ele>41</ele>
      </trkpt>
      <trkpt lat="-21.010460210540664" lon="55.28875991204135">
        <ele>45</ele>
      </trkpt>
      <trkpt lat="-21.01057006589232" lon="55.28902940662659">
        <ele>48</ele>
      </trkpt>
      <trkpt lat="-21.010740299598048" lon="55.289329443931486">
        <ele>52</ele>
      </trkpt>
      <trkpt lat="-21.01079061494186" lon="55.28958995536387">
        <ele>54</ele>
      </trkpt>
      <trkpt lat="-21.010710110383616" lon="55.28987921288537">
        <ele>61</ele>
      </trkpt>
      <trkpt lat="-21.010640507449285" lon="55.2904199986864">
        <ele>66</ele>
      </trkpt>
      <trkpt lat="-21.01072017345576" lon="55.290699374739766">
        <ele>72</ele>
      </trkpt>
      <trkpt lat="-21.01106064033037" lon="55.29101917498091">
        <ele>77</ele>
      </trkpt>
      <trkpt lat="-21.01128035006844" lon="55.29098953057653">
        <ele>82</ele>
      </trkpt>
      <trkpt lat="-21.011300476135133" lon="55.29071913767602">
        <ele>84</ele>
      </trkpt>
      <trkpt lat="-21.011340728260393" lon="55.290409218903">
        <ele>90</ele>
      </trkpt>
      <trkpt lat="-21.011510122501793" lon="55.29030950590645">
        <ele>95</ele>
      </trkpt>
      <trkpt lat="-21.01172060715749" lon="55.290539474619194">
        <ele>101</ele>
      </trkpt>
      <trkpt lat="-21.011870713563198" lon="55.29035981156237">
        <ele>105</ele>
      </trkpt>
      <trkpt lat="-21.01203004421964" lon="55.29039933743487">
        <ele>116</ele>
      </trkpt>
      <trkpt lat="-21.01217008734029" lon="55.290079537193726">
        <ele>120</ele>
      </trkpt>
      <trkpt lat="-21.01230006736458" lon="55.29027986150208">
        <ele>126</ele>
      </trkpt>
      <trkpt lat="-21.012390634024214" lon="55.29017925019026">
        <ele>133</ele>
      </trkpt>
      <trkpt lat="-21.01248036204945" lon="55.28990975560503">
        <ele>135</ele>
      </trkpt>
      <trkpt lat="-21.012710132634353" lon="55.28962948123638">
        <ele>148</ele>
      </trkpt>
      <trkpt lat="-21.012840112188034" lon="55.289399512523644">
        <ele>151</ele>
      </trkpt>
      <trkpt lat="-21.013160448411" lon="55.28933932539961">
        <ele>161</ele>
      </trkpt>
      <trkpt lat="-21.013490008257495" lon="55.28942915692802">
        <ele>168</ele>
      </trkpt>
      <trkpt lat="-21.013510134026056" lon="55.28968966836041">
        <ele>175</ele>
      </trkpt>
      <trkpt lat="-21.013640112882612" lon="55.28997982419718">
        <ele>179</ele>
      </trkpt>
      <trkpt lat="-21.013780154491617" lon="55.290269980033955">
        <ele>184</ele>
      </trkpt>
      <trkpt lat="-21.013960447387458" lon="55.2905897802751">
        <ele>189</ele>
      </trkpt>
      <trkpt lat="-21.014230467037788" lon="55.29063918761573">
        <ele>196</ele>
      </trkpt>
      <trkpt lat="-21.014560024520048" lon="55.290779324800056">
        <ele>202</ele>
      </trkpt>
      <trkpt lat="-21.014370508092497" lon="55.29092934345249">
        <ele>205</ele>
      </trkpt>
      <trkpt lat="-21.01457008733247" lon="55.291089243573076">
        <ele>211</ele>
      </trkpt>
      <trkpt lat="-21.014830043084896" lon="55.29118985488489">
        <ele>218</ele>
      </trkpt>
      <trkpt lat="-21.01471012806831" lon="55.29147911240638">
        <ele>224</ele>
      </trkpt>
      <trkpt lat="-21.014900482630118" lon="55.291629131058826">
        <ele>232</ele>
      </trkpt>
      <trkpt lat="-21.015150375034086" lon="55.291769268243144">
        <ele>237</ele>
      </trkpt>
      <trkpt lat="-21.015360015989604" lon="55.291959711083386">
        <ele>240</ele>
      </trkpt>
      <trkpt lat="-21.01547070629525" lon="55.29227951132454">
        <ele>245</ele>
      </trkpt>
      <trkpt lat="-21.015640095846347" lon="55.29263973575346">
        <ele>255</ele>
      </trkpt>
      <trkpt lat="-21.01572059774378" lon="55.29293977305837">
        <ele>262</ele>
      </trkpt>
      <trkpt lat="-21.015810323765745" lon="55.293209267643604">
        <ele>269</ele>
      </trkpt>
      <trkpt lat="-21.015980551490866" lon="55.29345989760786">
        <ele>273</ele>
      </trkpt>
      <trkpt lat="-21.016030026507536" lon="55.29387941084554">
        <ele>277</ele>
      </trkpt>
      <trkpt lat="-21.016020802353125" lon="55.2941992110867">
        <ele>277</ele>
      </trkpt>
      <trkpt lat="-21.016040089220773" lon="55.29446960398721">
        <ele>278</ele>
      </trkpt>
      <trkpt lat="-21.01605015193334" lon="55.29474987835586">
        <ele>278</ele>
      </trkpt>
      <trkpt lat="-21.016180128576316" lon="55.294959185817056">
        <ele>278</ele>
      </trkpt>
      <trkpt lat="-21.016430018836143" lon="55.295079560065126">
        <ele>273</ele>
      </trkpt>
      <trkpt lat="-21.016670684563053" lon="55.29524934165383">
        <ele>270</ele>
      </trkpt>
      <trkpt lat="-21.016890386037353" lon="55.295329291714125">
        <ele>273</ele>
      </trkpt>
      <trkpt lat="-21.01673022201745" lon="55.29550985308622">
        <ele>276</ele>
      </trkpt>
      <trkpt lat="-21.016960824609455" lon="55.295599684614636">
        <ele>277</ele>
      </trkpt>
      <trkpt lat="-21.017150337745385" lon="55.295849416263614">
        <ele>287</ele>
      </trkpt>
      <trkpt lat="-21.0173306265671" lon="55.29604974057197">
        <ele>292</ele>
      </trkpt>
      <trkpt lat="-21.017400226379493" lon="55.29633989640875">
        <ele>298</ele>
      </trkpt>
      <trkpt lat="-21.017320563940935" lon="55.29662915393023">
        <ele>306</ele>
      </trkpt>
      <trkpt lat="-21.01752013923309" lon="55.29691930976702">
        <ele>312</ele>
      </trkpt>
      <trkpt lat="-21.01746060209406" lon="55.297169939731276">
        <ele>314</ele>
      </trkpt>
      <trkpt lat="-21.017320563940935" lon="55.29749962144055">
        <ele>314</ele>
      </trkpt>
      <trkpt lat="-21.017150337745385" lon="55.297669403029246">
        <ele>314</ele>
      </trkpt>
      <trkpt lat="-21.01700023665313" lon="55.297869727337606">
        <ele>320</ele>
      </trkpt>
      <trkpt lat="-21.016960824609455" lon="55.29811945898659">
        <ele>326</ele>
      </trkpt>
      <trkpt lat="-21.01705054988524" lon="55.298379970418985">
        <ele>332</ele>
      </trkpt>
      <trkpt lat="-21.01700023665313" lon="55.29871953359638">
        <ele>339</ele>
      </trkpt>
      <trkpt lat="-21.016930636654063" lon="55.29897914671349">
        <ele>342</ele>
      </trkpt>
      <trkpt lat="-21.016720159350776" lon="55.299159708085604">
        <ele>344</ele>
      </trkpt>
      <trkpt lat="-21.016800660665194" lon="55.29937979533021">
        <ele>349</ele>
      </trkpt>
      <trkpt lat="-21.017090800458703" lon="55.29940943973458">
        <ele>353</ele>
      </trkpt>
      <trkpt lat="-21.017100024546934" lon="55.29960976404295">
        <ele>356</ele>
      </trkpt>
      <trkpt lat="-21.017240062907153" lon="55.29976966416352">
        <ele>362</ele>
      </trkpt>
      <trkpt lat="-21.0174203516204" lon="55.30002927728063">
        <ele>370</ele>
      </trkpt>
      <trkpt lat="-21.01747066471076" lon="55.30035985730519">
        <ele>373</ele>
      </trkpt>
      <trkpt lat="-21.017690365006505" lon="55.30054940183014">
        <ele>378</ele>
      </trkpt>
      <trkpt lat="-21.01787065317534" lon="55.3007497261385">
        <ele>383</ele>
      </trkpt>
      <trkpt lat="-21.018130603174587" lon="55.300839557666905">
        <ele>388</ele>
      </trkpt>
      <trkpt lat="-21.018490339684156" lon="55.301049763443395">
        <ele>390</ele>
      </trkpt>
      <trkpt lat="-21.018740226072765" lon="55.30116923937618">
        <ele>396</ele>
      </trkpt>
      <trkpt lat="-21.018770413661837" lon="55.30141986934046">
        <ele>401</ele>
      </trkpt>
      <trkpt lat="-21.01855071495735" lon="55.30163995658506">
        <ele>402</ele>
      </trkpt>
      <trkpt lat="-21.018450089488436" lon="55.301909451170296">
        <ele>404</ele>
      </trkpt>
      <trkpt lat="-21.018300828251157" lon="55.30222925141144">
        <ele>405</ele>
      </trkpt>
      <trkpt lat="-21.018120540602403" lon="55.30253917018446">
        <ele>405</ele>
      </trkpt>
      <trkpt lat="-21.01791006497856" lon="55.30293981880118">
        <ele>405</ele>
      </trkpt>
      <trkpt lat="-21.017710490208252" lon="55.30317966898204">
        <ele>404</ele>
      </trkpt>
      <trkpt lat="-21.017415320310427" lon="55.30354258835682">
        <ele>403</ele>
      </trkpt>
      <trkpt lat="-21.01735913733755" lon="55.30365847102847">
        <ele>404</ele>
      </trkpt>
      <trkpt lat="-21.017290376058366" lon="55.303709674999666">
        <ele>402</ele>
      </trkpt>
      <trkpt lat="-21.017030424594434" lon="55.30386957512024">
        <ele>401</ele>
      </trkpt>
      <trkpt lat="-21.016890386037353" lon="55.304099543832976">
        <ele>400</ele>
      </trkpt>
      <trkpt lat="-21.01679059800327" lon="55.304569362726575">
        <ele>400</ele>
      </trkpt>
      <trkpt lat="-21.016610308528687" lon="55.30472926284715">
        <ele>400</ele>
      </trkpt>
      <trkpt lat="-21.01641576336279" lon="55.30476339882794">
        <ele>400</ele>
      </trkpt>
      <trkpt lat="-21.01622037938471" lon="55.304799331439305">
        <ele>400</ele>
      </trkpt>
      <trkpt lat="-21.01601493243639" lon="55.304968214712716">
        <ele>400</ele>
      </trkpt>
      <trkpt lat="-21.015760010115226" lon="55.30517931880449">
        <ele>400</ele>
      </trkpt>
      <trkpt lat="-21.01562080892696" lon="55.305429948768754">
        <ele>400</ele>
      </trkpt>
      <trkpt lat="-21.01547070629525" lon="55.305609611825574">
        <ele>397</ele>
      </trkpt>
      <trkpt lat="-21.015180563349837" lon="55.305599730357464">
        <ele>395</ele>
      </trkpt>
      <trkpt lat="-21.014920608208353" lon="55.305939293534855">
        <ele>395</ele>
      </trkpt>
      <trkpt lat="-21.01468077822439" lon="55.30614949931134">
        <ele>394</ele>
      </trkpt>
      <trkpt lat="-21.014364638110813" lon="55.30612434648338">
        <ele>392</ele>
      </trkpt>
      <trkpt lat="-21.014040111620844" lon="55.30609919365543">
        <ele>391</ele>
      </trkpt>
      <trkpt lat="-21.01376002875949" lon="55.30622944937163">
        <ele>388</ele>
      </trkpt>
      <trkpt lat="-21.01355038555503" lon="55.30636958655595">
        <ele>387</ele>
      </trkpt>
      <trkpt lat="-21.01347910679839" lon="55.30657979233242">
        <ele>387</ele>
      </trkpt>
      <trkpt lat="-21.013400280839623" lon="55.30680976104517">
        <ele>385</ele>
      </trkpt>
      <trkpt lat="-21.013200700034332" lon="55.3068591683858">
        <ele>380</ele>
      </trkpt>
      <trkpt lat="-21.012890426823574" lon="55.3068591683858">
        <ele>372</ele>
      </trkpt>
      <trkpt lat="-21.012610341803363" lon="55.306879829637325">
        <ele>369</ele>
      </trkpt>
      <trkpt lat="-21.012240528141707" lon="55.30698942410199">
        <ele>363</ele>
      </trkpt>
      <trkpt lat="-21.012000693848343" lon="55.306899592573586">
        <ele>358</ele>
      </trkpt>
      <trkpt lat="-21.011750796167426" lon="55.3069094740417">
        <ele>353</ele>
      </trkpt>
      <trkpt lat="-21.011547858816478" lon="55.30689510099716">
        <ele>345</ele>
      </trkpt>
      <trkpt lat="-21.011330665230105" lon="55.306879829637325">
        <ele>343</ele>
      </trkpt>
      <trkpt lat="-21.01106064033037" lon="55.306789998108925">
        <ele>342</ele>
      </trkpt>
      <trkpt lat="-21.010820804139982" lon="55.30664986092459">
        <ele>339</ele>
      </trkpt>
      <trkpt lat="-21.01059019205485" lon="55.30657979233242">
        <ele>335</ele>
      </trkpt>
      <trkpt lat="-21.01029081510705" lon="55.306629199673054">
        <ele>333</ele>
      </trkpt>
      <trkpt lat="-21.010060202202617" lon="55.30659955526868">
        <ele>329</ele>
      </trkpt>
      <trkpt lat="-21.009800238137455" lon="55.30669926826522">
        <ele>325</ele>
      </trkpt>
      <trkpt lat="-21.00955033677033" lon="55.30719962987847">
        <ele>325</ele>
      </trkpt>
      <trkpt lat="-21.009510084161995" lon="55.30759938017991">
        <ele>323</ele>
      </trkpt>
      <trkpt lat="-21.00937003854417" lon="55.30777994155201">
        <ele>321</ele>
      </trkpt>
      <trkpt lat="-21.009140262814565" lon="55.30797936754508">
        <ele>321</ele>
      </trkpt>
      <trkpt lat="-21.008900423536854" lon="55.308169810385316">
        <ele>321</ele>
      </trkpt>
      <trkpt lat="-21.008520537458313" lon="55.30834947344215">
        <ele>321</ele>
      </trkpt>
      <trkpt lat="-21.0084308070513" lon="55.308599205091134">
        <ele>320</ele>
      </trkpt>
      <trkpt lat="-21.008190128029536" lon="55.308599205091134">
        <ele>315</ele>
      </trkpt>
      <trkpt lat="-21.007970413740363" lon="55.30861986634267">
        <ele>313</ele>
      </trkpt>
      <trkpt lat="-21.007700382758554" lon="55.308909123864154">
        <ele>313</ele>
      </trkpt>
      <trkpt lat="-21.007430351288047" lon="55.30903937958034">
        <ele>306</ele>
      </trkpt>
      <trkpt lat="-21.00761065185829" lon="55.3087995293995">
        <ele>306</ele>
      </trkpt>
      <trkpt lat="-21.007770825670498" lon="55.30847972915834">
        <ele>303</ele>
      </trkpt>
      <trkpt lat="-21.00762071513952" lon="55.308449186438686">
        <ele>297</ele>
      </trkpt>
      <trkpt lat="-21.00739009810772" lon="55.3085497977505">
        <ele>291</ele>
      </trkpt>
      <trkpt lat="-21.007110002760673" lon="55.30856956068675">
        <ele>288</ele>
      </trkpt>
      <trkpt lat="-21.00689028688089" lon="55.30869981640295">
        <ele>285</ele>
      </trkpt>
      <trkpt lat="-21.006570775806615" lon="55.30873934227546">
        <ele>277</ele>
      </trkpt>
      <trkpt lat="-21.0062906789215" lon="55.30889924239603">
        <ele>273</ele>
      </trkpt>
      <trkpt lat="-21.006260488806685" lon="55.30878964793136">
        <ele>270</ele>
      </trkpt>
      <trkpt lat="-21.0065305223944" lon="55.30843930497056">
        <ele>266</ele>
      </trkpt>
      <trkpt lat="-21.006740175464014" lon="55.30821921772595">
        <ele>263</ele>
      </trkpt>
      <trkpt lat="-21.006900350210696" lon="55.30794972314071">
        <ele>263</ele>
      </trkpt>
      <trkpt lat="-21.006810618829277" lon="55.30787965454856">
        <ele>258</ele>
      </trkpt>
      <trkpt lat="-21.006340157152017" lon="55.30807997885691">
        <ele>254</ele>
      </trkpt>
      <trkpt lat="-21.006100313373107" lon="55.308279404849976">
        <ele>250</ele>
      </trkpt>
      <trkpt lat="-21.005840342408128" lon="55.30842942350244">
        <ele>248</ele>
      </trkpt>
      <trkpt lat="-21.006020644899717" lon="55.30808986032503">
        <ele>241</ele>
      </trkpt>
      <trkpt lat="-21.00612044013861" lon="55.307809585956385">
        <ele>239</ele>
      </trkpt>
      <trkpt lat="-21.006050835063075" lon="55.307519430119626">
        <ele>234</ele>
      </trkpt>
      <trkpt lat="-21.005940137767602" lon="55.30774939883236">
        <ele>232</ele>
      </trkpt>
      <trkpt lat="-21.005850405808747" lon="55.3076793302402">
        <ele>226</ele>
      </trkpt>
      <trkpt lat="-21.00575061038925" lon="55.307629922899565">
        <ele>223</ele>
      </trkpt>
      <trkpt lat="-21.005640751488944" lon="55.307539193055874">
        <ele>221</ele>
      </trkpt>
      <trkpt lat="-21.005420194826552" lon="55.30757961724365">
        <ele>213</ele>
      </trkpt>
      <trkpt lat="-21.00541013139693" lon="55.307459242995584">
        <ele>212</ele>
      </trkpt>
      <trkpt lat="-21.005360652858023" lon="55.307109798350055">
        <ele>209</ele>
      </trkpt>
      <trkpt lat="-21.00520047645852" lon="55.30723915575098">
        <ele>205</ele>
      </trkpt>
      <trkpt lat="-21.005210539902293" lon="55.30694989822948">
        <ele>201</ele>
      </trkpt>
      <trkpt lat="-21.005010109519286" lon="55.30698942410199">
        <ele>191</ele>
      </trkpt>
      <trkpt lat="-21.004680530940185" lon="55.307189748410345">
        <ele>179</ele>
      </trkpt>
      <trkpt lat="-21.004400430506852" lon="55.30729934287501">
        <ele>177</ele>
      </trkpt>
      <trkpt lat="-21.004110266030484" lon="55.30736941146718">
        <ele>175</ele>
      </trkpt>
      <trkpt lat="-21.003830164526757" lon="55.307849111828894">
        <ele>173</ele>
      </trkpt>
      <trkpt lat="-21.00366076156579" lon="55.307999130481335">
        <ele>167</ele>
      </trkpt>
      <trkpt lat="-21.003760558382897" lon="55.30770987295985">
        <ele>167</ele>
      </trkpt>
      <trkpt lat="-21.003760558382897" lon="55.307379292935295">
        <ele>162</ele>
      </trkpt>
      <trkpt lat="-21.003930799858065" lon="55.3071699854741">
        <ele>157</ele>
      </trkpt>
      <trkpt lat="-21.004270443600213" lon="55.306839405449544">
        <ele>155</ele>
      </trkpt>
      <trkpt lat="-21.004030596494594" lon="55.306729810984876">
        <ele>149</ele>
      </trkpt>
      <trkpt lat="-21.003730367756184" lon="55.306829523981406">
        <ele>144</ele>
      </trkpt>
      <trkpt lat="-21.003730367756184" lon="55.30660943673681">
        <ele>141</ele>
      </trkpt>
      <trkpt lat="-21.003550062497293" lon="55.306419892211856">
        <ele>132</ele>
      </trkpt>
      <trkpt lat="-21.003120683515295" lon="55.30667950532897">
        <ele>130</ele>
      </trkpt>
      <trkpt lat="-21.00290012312825" lon="55.30693911844608">
        <ele>126</ele>
      </trkpt>
      <trkpt lat="-21.002930313922906" lon="55.30725981700252">
        <ele>125</ele>
      </trkpt>
      <trkpt lat="-21.00269633510448" lon="55.30748439582353">
        <ele>115</ele>
      </trkpt>
      <trkpt lat="-21.002460678647726" lon="55.30770987295985">
        <ele>114</ele>
      </trkpt>
      <trkpt lat="-21.00247074227626" lon="55.30757961724365">
        <ele>112</ele>
      </trkpt>
      <trkpt lat="-21.00253028539787" lon="55.30723915575098">
        <ele>111</ele>
      </trkpt>
      <trkpt lat="-21.002440551388613" lon="55.30691935550983">
        <ele>106</ele>
      </trkpt>
      <trkpt lat="-21.00220070134204" lon="55.306829523981406">
        <ele>96</ele>
      </trkpt>
      <trkpt lat="-21.00196001227144" lon="55.30688971110545">
        <ele>91</ele>
      </trkpt>
      <trkpt lat="-21.001740288808858" lon="55.30702984828977">
        <ele>86</ele>
      </trkpt>
      <trkpt lat="-21.001510501330184" lon="55.307209511346606">
        <ele>86</ele>
      </trkpt>
      <trkpt lat="-21.00132012968388" lon="55.30739995418683">
        <ele>83</ele>
      </trkpt>
      <trkpt lat="-21.00110040527926" lon="55.307079255630406">
        <ele>78</ele>
      </trkpt>
      <trkpt lat="-21.000860553078976" lon="55.30696966116573">
        <ele>75</ele>
      </trkpt>
      <trkpt lat="-21.000620700493236" lon="55.30704961122602">
        <ele>72</ele>
      </trkpt>
      <trkpt lat="-21.00037078375262" lon="55.306999305570116">
        <ele>66</ele>
      </trkpt>
      <trkpt lat="-21.000320464895175" lon="55.30660943673681">
        <ele>61</ele>
      </trkpt>
      <trkpt lat="-21.000090675230553" lon="55.30642977367999">
        <ele>56</ele>
      </trkpt>
      <trkpt lat="-20.99983069379659" lon="55.306629199673054">
        <ele>53</ele>
      </trkpt>
      <trkpt lat="-20.999630256188354" lon="55.30684928691767">
        <ele>49</ele>
      </trkpt>
      <trkpt lat="-20.999480137468673" lon="55.307069374162275">
        <ele>47</ele>
      </trkpt>
      <trkpt lat="-20.99941052929601" lon="55.307419717123075">
        <ele>43</ele>
      </trkpt>
      <trkpt lat="-20.99929060188628" lon="55.3076793302402">
        <ele>39</ele>
      </trkpt>
      <trkpt lat="-20.998940044289938" lon="55.30783923036077">
        <ele>35</ele>
      </trkpt>
      <trkpt lat="-20.998660771740028" lon="55.30797936754508">
        <ele>32</ele>
      </trkpt>
      <trkpt lat="-20.99832027657291" lon="55.308119504729405">
        <ele>30</ele>
      </trkpt>
      <trkpt lat="-20.9980502281295" lon="55.30818957332158">
        <ele>28</ele>
      </trkpt>
      <trkpt lat="-20.997720634180986" lon="55.3081994547897">
        <ele>26</ele>
      </trkpt>
      <trkpt lat="-20.997460648619118" lon="55.30818957332158">
        <ele>22</ele>
      </trkpt>
      <trkpt lat="-20.99714027869111" lon="55.308239878977474">
        <ele>18</ele>
      </trkpt>
      <trkpt lat="-20.996920548133563" lon="55.30842942350244">
        <ele>18</ele>
      </trkpt>
      <trkpt lat="-20.996710042601443" lon="55.30858932362301">
        <ele>15</ele>
      </trkpt>
      <trkpt lat="-20.996500375441727" lon="55.3085497977505">
        <ele>13</ele>
      </trkpt>
      <trkpt lat="-20.996304965383743" lon="55.30834947344215">
        <ele>12</ele>
      </trkpt>
      <trkpt lat="-20.996040783997433" lon="55.30807997885691">
        <ele>10</ele>
      </trkpt>
      <trkpt lat="-20.995770731430465" lon="55.30795960460885">
        <ele>8</ele>
      </trkpt>
      <trkpt lat="-20.99546042197708" lon="55.307849111828894">
        <ele>7</ele>
      </trkpt>
      <trkpt lat="-20.995110694063296" lon="55.30795960460885">
        <ele>5</ele>
      </trkpt>
      <trkpt lat="-20.994840639813937" lon="55.308179691853454">
        <ele>5</ele>
      </trkpt>
      <trkpt lat="-20.99468045212465" lon="55.30838989762993">
        <ele>5</ele>
      </trkpt>
      <trkpt lat="-20.99451020009896" lon="55.30858932362301">
        <ele>5</ele>
      </trkpt>
      <trkpt lat="-20.994280401490407" lon="55.30881929233574">
        <ele>5</ele>
      </trkpt>
      <trkpt lat="-20.994070730918544" lon="55.30906992230001">
        <ele>4</ele>
      </trkpt>
      <trkpt lat="-20.99383002873901" lon="55.30930977248088">
        <ele>4</ele>
      </trkpt>
      <trkpt lat="-20.993500425473453" lon="55.30922982242058">
        <ele>4</ele>
      </trkpt>
      <trkpt lat="-20.993260561061966" lon="55.30903937958034">
        <ele>4</ele>
      </trkpt>
      <trkpt lat="-20.99294018212108" lon="55.30873934227546">
        <ele>4</ele>
      </trkpt>
      <trkpt lat="-20.99266425311057" lon="55.30903039642751">
        <ele>4</ele>
      </trkpt>
      <trkpt lat="-20.992220585030662" lon="55.30949931700582">
        <ele>5</ele>
      </trkpt>
      <trkpt lat="-20.991820527805682" lon="55.30990984709066">
        <ele>5</ele>
      </trkpt>
      <trkpt lat="-20.99144059825384" lon="55.31027995298772">
        <ele>5</ele>
      </trkpt>
      <trkpt lat="-20.991080796528788" lon="55.31051980316858">
        <ele>6</ele>
      </trkpt>
      <trkpt lat="-20.990580091986267" lon="55.3108297219416">
        <ele>6</ele>
      </trkpt>
      <trkpt lat="-20.990280674899914" lon="55.310969859125926">
        <ele>8</ele>
      </trkpt>
      <trkpt lat="-20.98993680579682" lon="55.31097794396348">
        <ele>8</ele>
      </trkpt>
      <trkpt lat="-20.98952080699423" lon="55.31098962206217">
        <ele>8</ele>
      </trkpt>
      <trkpt lat="-20.989166871616764" lon="55.31087373939052">
        <ele>9</ele>
      </trkpt>
      <trkpt lat="-20.988660289664463" lon="55.310709347693525">
        <ele>12</ele>
      </trkpt>
      <trkpt lat="-20.988150351129374" lon="55.3104793789808">
        <ele>13</ele>
      </trkpt>
      <trkpt lat="-20.987640410853214" lon="55.31029971592397">
        <ele>13</ele>
      </trkpt>
      <trkpt lat="-20.98727053532006" lon="55.31021976586368">
        <ele>14</ele>
      </trkpt>
      <trkpt lat="-20.987010531562568" lon="55.31030959739209">
        <ele>15</ele>
      </trkpt>
      <trkpt lat="-20.986720333285835" lon="55.31054944757295">
        <ele>15</ele>
      </trkpt>
      <trkpt lat="-20.986470393277653" lon="55.31077941628568">
        <ele>16</ele>
      </trkpt>
      <trkpt lat="-20.98621038812732" lon="55.310969859125926">
        <ele>17</ele>
      </trkpt>
      <trkpt lat="-20.985920188296014" lon="55.310839603409725">
        <ele>19</ele>
      </trkpt>
      <trkpt lat="-20.98572057074372" lon="55.31061951616511">
        <ele>24</ele>
      </trkpt>
      <trkpt lat="-20.985520114193772" lon="55.31043985310829">
        <ele>24</ele>
      </trkpt>
      <trkpt lat="-20.98527017217726" lon="55.31032936032834">
        <ele>24</ele>
      </trkpt>
      <trkpt lat="-20.98495061482885" lon="55.31032936032834">
        <ele>24</ele>
      </trkpt>
      <trkpt lat="-20.984630218060957" lon="55.31041919185677">
        <ele>25</ele>
      </trkpt>
      <trkpt lat="-20.984280464783712" lon="55.3105296846367">
        <ele>27</ele>
      </trkpt>
      <trkpt lat="-20.984050650433918" lon="55.3106994662254">
        <ele>27</ele>
      </trkpt>
      <trkpt lat="-20.983840126759404" lon="55.31089979053376">
        <ele>28</ele>
      </trkpt>
      <trkpt lat="-20.98365057132454" lon="55.311149522182745">
        <ele>30</ele>
      </trkpt>
      <trkpt lat="-20.98349037163232" lon="55.31143967801951">
        <ele>31</ele>
      </trkpt>
      <trkpt lat="-20.98336036652021" lon="55.311769359728785">
        <ele>33</ele>
      </trkpt>
      <trkpt lat="-20.983300815753662" lon="55.31205951556556">
        <ele>34</ele>
      </trkpt>
      <trkpt lat="-20.98334023668629" lon="55.312359552870454">
        <ele>36</ele>
      </trkpt>
      <trkpt lat="-20.983470241815915" lon="55.312669471643474">
        <ele>37</ele>
      </trkpt>
      <trkpt lat="-20.983680766011688" lon="55.31288955888809">
        <ele>38</ele>
      </trkpt>
      <trkpt lat="-20.98370005705861" lon="55.313159951788606">
        <ele>43</ele>
      </trkpt>
      <trkpt lat="-20.983900516050955" lon="55.31342944637384">
        <ele>44</ele>
      </trkpt>
      <trkpt lat="-20.983730251735757" lon="55.313549820621915">
        <ele>47</ele>
      </trkpt>
      <trkpt lat="-20.983500436539504" lon="55.313449209310086">
        <ele>56</ele>
      </trkpt>
      <trkpt lat="-20.98327062098971" lon="55.31356958355817">
        <ele>57</ele>
      </trkpt>
      <trkpt lat="-20.98294015567435" lon="55.31367917802282">
        <ele>61</ele>
      </trkpt>
      <trkpt lat="-20.98278079396659" lon="55.31401963951551">
        <ele>70</ele>
      </trkpt>
      <trkpt lat="-20.982600463408072" lon="55.31428913410074">
        <ele>71</ele>
      </trkpt>
      <trkpt lat="-20.982210445409105" lon="55.31462959559342">
        <ele>73</ele>
      </trkpt>
      <trkpt lat="-20.981780166306407" lon="55.31482991990178">
        <ele>76</ele>
      </trkpt>
      <trkpt lat="-20.98160067329298" lon="55.31507965155077">
        <ele>76</ele>
      </trkpt>
      <trkpt lat="-20.98151008795199" lon="55.31539945179191">
        <ele>78</ele>
      </trkpt>
      <trkpt lat="-20.98168035479751" lon="55.315659963224306">
        <ele>79</ele>
      </trkpt>
      <trkpt lat="-20.981690419826638" lon="55.31596988199733">
        <ele>81</ele>
      </trkpt>
      <trkpt lat="-20.981772617539146" lon="55.31634178452496">
        <ele>85</ele>
      </trkpt>
      <trkpt lat="-20.981686226064586" lon="55.316397480072574">
        <ele>85</ele>
      </trkpt>
      <trkpt lat="-20.981387629903722" lon="55.31627800413979">
        <ele>87</ele>
      </trkpt>
      <trkpt lat="-20.981182973763392" lon="55.31646575203416">
        <ele>91</ele>
      </trkpt>
      <trkpt lat="-20.981138519728642" lon="55.3168538242369">
        <ele>91</ele>
      </trkpt>
      <trkpt lat="-20.98098251112465" lon="55.317288608834424">
        <ele>96</ele>
      </trkpt>
      <trkpt lat="-20.980628555515853" lon="55.317575171410056">
        <ele>100</ele>
      </trkpt>
      <trkpt lat="-20.980251113776948" lon="55.31773237658477">
        <ele>102</ele>
      </trkpt>
      <trkpt lat="-20.979939094552908" lon="55.3178329878966">
        <ele>104</ele>
      </trkpt>
      <trkpt lat="-20.979651398830782" lon="55.31793270089313">
        <ele>107</ele>
      </trkpt>
      <trkpt lat="-20.979249630408532" lon="55.31805577008706">
        <ele>110</ele>
      </trkpt>
      <trkpt lat="-20.97880256740789" lon="55.31821297526178">
        <ele>115</ele>
      </trkpt>
      <trkpt lat="-20.978480479914303" lon="55.31836119728366">
        <ele>117</ele>
      </trkpt>
      <trkpt lat="-20.978179361030673" lon="55.31845372375791">
        <ele>118</ele>
      </trkpt>
      <trkpt lat="-20.977763329485605" lon="55.31860913230207">
        <ele>122</ele>
      </trkpt>
      <trkpt lat="-20.977491566318644" lon="55.31869447225407">
        <ele>125</ele>
      </trkpt>
      <trkpt lat="-20.977207220994526" lon="55.31880676166459">
        <ele>125</ele>
      </trkpt>
      <trkpt lat="-20.976967330418297" lon="55.31898822135197">
        <ele>129</ele>
      </trkpt>
      <trkpt lat="-20.976831448172806" lon="55.31909152760965">
        <ele>131</ele>
      </trkpt>
      <trkpt lat="-20.976827254274372" lon="55.319265800774765">
        <ele>136</ele>
      </trkpt>
      <trkpt lat="-20.976797896982067" lon="55.31941581942721">
        <ele>137</ele>
      </trkpt>
      <trkpt lat="-20.976876742268352" lon="55.31988653663608">
        <ele>139</ele>
      </trkpt>
      <trkpt lat="-20.977029400044877" lon="55.32021352339951">
        <ele>142</ele>
      </trkpt>
      <trkpt lat="-20.97728858239622" lon="55.32044439042753">
        <ele>144</ele>
      </trkpt>
      <trkpt lat="-20.97758718674858" lon="55.32071119006692">
        <ele>147</ele>
      </trkpt>
      <trkpt lat="-20.977567056136834" lon="55.320823479477426">
        <ele>147</ele>
      </trkpt>
      <trkpt lat="-20.977210576104753" lon="55.32096990486875">
        <ele>148</ele>
      </trkpt>
      <trkpt lat="-20.977070500188837" lon="55.32116933086182">
        <ele>148</ele>
      </trkpt>
      <trkpt lat="-20.977040304165804" lon="55.32141996082609">
        <ele>151</ele>
      </trkpt>
      <trkpt lat="-20.976850740104062" lon="55.32163914975541">
        <ele>151</ele>
      </trkpt>
      <trkpt lat="-20.976966491639384" lon="55.32204428994855">
        <ele>154</ele>
      </trkpt>
      <trkpt lat="-20.977060434848497" lon="55.32237576828839">
        <ele>156</ele>
      </trkpt>
      <trkpt lat="-20.977160249443486" lon="55.32272970451032">
        <ele>158</ele>
      </trkpt>
      <trkpt lat="-20.977240772093385" lon="55.323219286340176">
        <ele>161</ele>
      </trkpt>
      <trkpt lat="-20.977230706764512" lon="55.323539984896605">
        <ele>162</ele>
      </trkpt>
      <trkpt lat="-20.977230706764512" lon="55.32403944819458">
        <ele>165</ele>
      </trkpt>
      <trkpt lat="-20.97717031477709" lon="55.32433948549948">
        <ele>167</ele>
      </trkpt>
      <trkpt lat="-20.977010108136675" lon="55.32471947286466">
        <ele>170</ele>
      </trkpt>
      <trkpt lat="-20.976900228090287" lon="55.325049154573925">
        <ele>173</ele>
      </trkpt>
      <trkpt lat="-20.976640206284646" lon="55.32547944759503">
        <ele>177</ele>
      </trkpt>
      <trkpt lat="-20.976560522092353" lon="55.325759721963664">
        <ele>179</ele>
      </trkpt>
      <trkpt lat="-20.97648083785757" lon="55.32616935373323">
        <ele>181</ele>
      </trkpt>
      <trkpt lat="-20.97646070709681" lon="55.32644962810187">
        <ele>182</ele>
      </trkpt>
      <trkpt lat="-20.976410380183008" lon="55.32695987118325">
        <ele>186</ele>
      </trkpt>
      <trkpt lat="-20.976340761257646" lon="55.32725990848815">
        <ele>189</ele>
      </trkpt>
      <trkpt lat="-20.976300499695654" lon="55.32759947166555">
        <ele>192</ele>
      </trkpt>
      <trkpt lat="-20.976300499695654" lon="55.32787974603419">
        <ele>194</ele>
      </trkpt>
      <trkpt lat="-20.97637011863977" lon="55.32821930921159">
        <ele>195</ele>
      </trkpt>
      <trkpt lat="-20.976500129834104" lon="55.32852922798461">
        <ele>198</ele>
      </trkpt>
      <trkpt lat="-20.976700598486293" lon="55.328759196697334">
        <ele>201</ele>
      </trkpt>
      <trkpt lat="-20.976680467755127" lon="55.32911942112627">
        <ele>201</ele>
      </trkpt>
      <trkpt lat="-20.976560522092353" lon="55.32942933989929">
        <ele>201</ele>
      </trkpt>
      <trkpt lat="-20.976620075545334" lon="55.32977968286011">
        <ele>201</ele>
      </trkpt>
      <trkpt lat="-20.976720729214755" lon="55.33008960163313">
        <ele>199</ele>
      </trkpt>
      <trkpt lat="-20.976750086522227" lon="55.33037975746989">
        <ele>195</ele>
      </trkpt>
      <trkpt lat="-20.976520260589563" lon="55.33064925205514">
        <ele>190</ele>
      </trkpt>
      <trkpt lat="-20.976390249412745" lon="55.33087922076786">
        <ele>185</ele>
      </trkpt>
      <trkpt lat="-20.976150357525068" lon="55.3309394078919">
        <ele>182</ele>
      </trkpt>
      <trkpt lat="-20.975900399833865" lon="55.33084957636349">
        <ele>186</ele>
      </trkpt>
      <trkpt lat="-20.975880268994906" lon="55.33112985073214">
        <ele>191</ele>
      </trkpt>
      <trkpt lat="-20.975580822445217" lon="55.33109930801247">
        <ele>193</ele>
      </trkpt>
      <trkpt lat="-20.97534009047023" lon="55.330979832079684">
        <ele>193</ele>
      </trkpt>
      <trkpt lat="-20.975140458782224" lon="55.330729202115414">
        <ele>193</ele>
      </trkpt>
      <trkpt lat="-20.97498024996579" lon="55.33048935193455">
        <ele>196</ele>
      </trkpt>
      <trkpt lat="-20.974710159320985" lon="55.33044982606205">
        <ele>196</ele>
      </trkpt>
      <trkpt lat="-20.974480330251293" lon="55.33023962028557">
        <ele>195</ele>
      </trkpt>
      <trkpt lat="-20.974210238703098" lon="55.33005995722874">
        <ele>195</ele>
      </trkpt>
      <trkpt lat="-20.973960277767077" lon="55.32999977010471">
        <ele>189</ele>
      </trkpt>
      <trkpt lat="-20.973650761800577" lon="55.329819208732594">
        <ele>184</ele>
      </trkpt>
      <trkpt lat="-20.973350471984745" lon="55.329879395856636">
        <ele>165</ele>
      </trkpt>
      <trkpt lat="-20.973210392450895" lon="55.329529951211114">
        <ele>150</ele>
      </trkpt>
      <trkpt lat="-20.973350471984745" lon="55.32897928394195">
        <ele>144</ele>
      </trkpt>
      <trkpt lat="-20.973435190681034" lon="55.32858582184751">
        <ele>140</ele>
      </trkpt>
      <trkpt lat="-20.97356017164036" lon="55.327999221966984">
        <ele>139</ele>
      </trkpt>
      <trkpt lat="-20.97356017164036" lon="55.327999221966984">
        <ele>140</ele>
      </trkpt>
      <trkpt lat="-20.973406671521314" lon="55.327620132917076">
        <ele>136</ele>
      </trkpt>
      <trkpt lat="-20.97316174204315" lon="55.32702275325313">
        <ele>134</ele>
      </trkpt>
      <trkpt lat="-20.97316174204315" lon="55.32702275325313">
        <ele>135</ele>
      </trkpt>
      <trkpt lat="-20.973059408375168" lon="55.32681075084609">
        <ele>133</ele>
      </trkpt>
      <trkpt lat="-20.972760794976324" lon="55.32684758177274">
        <ele>132</ele>
      </trkpt>
      <trkpt lat="-20.973056053171764" lon="55.32675685192904">
        <ele>134</ele>
      </trkpt>
      <trkpt lat="-20.972970495459233" lon="55.32639303423898">
        <ele>134</ele>
      </trkpt>
      <trkpt lat="-20.972908424146944" lon="55.32611096323976">
        <ele>132</ele>
      </trkpt>
      <trkpt lat="-20.972728920477156" lon="55.325864824851905">
        <ele>131</ele>
      </trkpt>
      <trkpt lat="-20.972565353861388" lon="55.325675280326955">
        <ele>127</ele>
      </trkpt>
      <trkpt lat="-20.972502443576886" lon="55.32558544879855">
        <ele>127</ele>
      </trkpt>
      <trkpt lat="-20.972431984026812" lon="55.32556658417758">
        <ele>122</ele>
      </trkpt>
      <trkpt lat="-20.97234894237159" lon="55.3255602959706">
        <ele>126</ele>
      </trkpt>
      <trkpt lat="-20.97225583500633" lon="55.32574714554969">
        <ele>120</ele>
      </trkpt>
      <trkpt lat="-20.972159372359528" lon="55.325986995730545">
        <ele>125</ele>
      </trkpt>
      <trkpt lat="-20.972061232037596" lon="55.326192709930616">
        <ele>126</ele>
      </trkpt>
      <trkpt lat="-20.971951348352817" lon="55.326421780328054">
        <ele>117</ele>
      </trkpt>
      <trkpt lat="-20.97192031248829" lon="55.32654934109841">
        <ele>117</ele>
      </trkpt>
      <trkpt lat="-20.97192031248829" lon="55.32654934109841">
        <ele>126</ele>
      </trkpt>
      <trkpt lat="-20.971976512562566" lon="55.32685656492558">
        <ele>124</ele>
      </trkpt>
      <trkpt lat="-20.971976512562566" lon="55.32685656492558">
        <ele>124</ele>
      </trkpt>
      <trkpt lat="-20.971976512562566" lon="55.32685656492558">
        <ele>143</ele>
      </trkpt>
      <trkpt lat="-20.97192031248829" lon="55.326791886225124">
        <ele>141</ele>
      </trkpt>
      <trkpt lat="-20.97188172735043" lon="55.32672451257881">
        <ele>138</ele>
      </trkpt>
      <trkpt lat="-20.971863273585313" lon="55.326711936164834">
        <ele>138</ele>
      </trkpt>
      <trkpt lat="-20.971838948164198" lon="55.32670744458842">
        <ele>138</ele>
      </trkpt>
      <trkpt lat="-20.97176681068519" lon="55.326739783938635">
        <ele>138</ele>
      </trkpt>
      <trkpt lat="-20.971705577681504" lon="55.32685746324086">
        <ele>138</ele>
      </trkpt>
      <trkpt lat="-20.971610792297568" lon="55.326747868776195">
        <ele>137</ele>
      </trkpt>
      <trkpt lat="-20.971552075657886" lon="55.32668319007574">
        <ele>137</ele>
      </trkpt>
      <trkpt lat="-20.971398573476666" lon="55.32643076348089">
        <ele>136</ele>
      </trkpt>
      <trkpt lat="-20.97131553124734" lon="55.32629960944942">
        <ele>136</ele>
      </trkpt>
      <trkpt lat="-20.971297916223058" lon="55.32628074482846">
        <ele>136</ele>
      </trkpt>
      <trkpt lat="-20.97127275189908" lon="55.32620348971402">
        <ele>135</ele>
      </trkpt>
      <trkpt lat="-20.971248426381855" lon="55.326048081169866">
        <ele>135</ele>
      </trkpt>
      <trkpt lat="-20.971226617294096" lon="55.32595645301089">
        <ele>135</ele>
      </trkpt>
      <trkpt lat="-20.97116286763468" lon="55.325803739412585">
        <ele>135</ele>
      </trkpt>
      <trkpt lat="-20.971104989630884" lon="55.325733670820426">
        <ele>135</ele>
      </trkpt>
      <trkpt lat="-20.97104962804106" lon="55.32574714554969">
        <ele>135</ele>
      </trkpt>
      <trkpt lat="-20.97101439792778" lon="55.32575792533311">
        <ele>136</ele>
      </trkpt>
      <trkpt lat="-20.970932194297824" lon="55.32575343375668">
        <ele>136</ele>
      </trkpt>
      <trkpt lat="-20.970797984192576" lon="55.32577948489991">
        <ele>135</ele>
      </trkpt>
      <trkpt lat="-20.97057569844071" lon="55.325677076957525">
        <ele>134</ele>
      </trkpt>
      <trkpt lat="-20.970526208360415" lon="55.325645635922584">
        <ele>134</ele>
      </trkpt>
      <trkpt lat="-20.97044148801541" lon="55.32561239825707">
        <ele>134</ele>
      </trkpt>
      <trkpt lat="-20.9702410109682" lon="55.32550549873826">
        <ele>134</ele>
      </trkpt>
      <trkpt lat="-20.970213330015877" lon="55.325497413900706">
        <ele>134</ele>
      </trkpt>
      <trkpt lat="-20.97009505679818" lon="55.32549292232428">
        <ele>133</ele>
      </trkpt>
      <trkpt lat="-20.970043050105478" lon="55.32546956612689">
        <ele>133</ele>
      </trkpt>
      <trkpt lat="-20.970017885570247" lon="55.32545429476707">
        <ele>133</ele>
      </trkpt>
      <trkpt lat="-20.969954135395362" lon="55.32539500595831">
        <ele>133</ele>
      </trkpt>
      <trkpt lat="-20.969835023153678" lon="55.325315954213316">
        <ele>133</ele>
      </trkpt>
      <trkpt lat="-20.969778822274304" lon="55.32524319067531">
        <ele>133</ele>
      </trkpt>
      <trkpt lat="-20.96975701297213" lon="55.32522342773905">
        <ele>133</ele>
      </trkpt>
      <trkpt lat="-20.969710877899377" lon="55.32519737659581">
        <ele>133</ele>
      </trkpt>
      <trkpt lat="-20.9696756474706" lon="55.32516234229973">
        <ele>133</ele>
      </trkpt>
      <trkpt lat="-20.969584216080957" lon="55.32504017142108">
        <ele>133</ele>
      </trkpt>
      <trkpt lat="-20.969549824442865" lon="55.32495752641495">
        <ele>133</ele>
      </trkpt>
      <trkpt lat="-20.969536403313665" lon="55.32490093255205">
        <ele>133</ele>
      </trkpt>
      <trkpt lat="-20.969520465721157" lon="55.324878474669944">
        <ele>133</ele>
      </trkpt>
      <trkpt lat="-20.969492784635406" lon="55.32486499994068">
        <ele>133</ele>
      </trkpt>
      <trkpt lat="-20.969435744806187" lon="55.32486230499483">
        <ele>133</ele>
      </trkpt>
      <trkpt lat="-20.969395481384243" lon="55.32488566119222">
        <ele>133</ele>
      </trkpt>
      <trkpt lat="-20.969210101739048" lon="55.32508329055472">
        <ele>135</ele>
      </trkpt>
      <trkpt lat="-20.969158094738468" lon="55.32516054566916">
        <ele>136</ele>
      </trkpt>
      <trkpt lat="-20.969195841756818" lon="55.32527463171025">
        <ele>137</ele>
      </trkpt>
      <trkpt lat="-20.96922268407517" lon="55.32535188682468">
        <ele>138</ele>
      </trkpt>
      <trkpt lat="-20.96923946052171" lon="55.32537703965263">
        <ele>137</ele>
      </trkpt>
      <trkpt lat="-20.969264625187964" lon="55.3253959042736">
        <ele>137</ele>
      </trkpt>
      <trkpt lat="-20.96934431326985" lon="55.325423752047406">
        <ele>138</ele>
      </trkpt>
      <trkpt lat="-20.96936025088112" lon="55.32545339645178">
        <ele>139</ele>
      </trkpt>
      <trkpt lat="-20.969368639096903" lon="55.325508193684115">
        <ele>141</ele>
      </trkpt>
      <trkpt lat="-20.96940470841939" lon="55.32564114434616">
        <ele>143</ele>
      </trkpt>
      <trkpt lat="-20.969429873057834" lon="55.32571211125361">
        <ele>143</ele>
      </trkpt>
      <trkpt lat="-20.969443294196605" lon="55.325805536043156">
        <ele>144</ele>
      </trkpt>
      <trkpt lat="-20.969497817560473" lon="55.325995080568106">
        <ele>145</ele>
      </trkpt>
      <trkpt lat="-20.96950536694775" lon="55.32621965938913">
        <ele>147</ele>
      </trkpt>
      <trkpt lat="-20.969496139918796" lon="55.32629601618829">
        <ele>149</ele>
      </trkpt>
      <trkpt lat="-20.969451682407726" lon="55.32636788141101">
        <ele>151</ele>
      </trkpt>
      <trkpt lat="-20.9694248401305" lon="55.32639303423898">
        <ele>151</ele>
      </trkpt>
      <trkpt lat="-20.96940219195531" lon="55.32639483086953">
        <ele>152</ele>
      </trkpt>
      <trkpt lat="-20.969385415527046" lon="55.326381356140274">
        <ele>152</ele>
      </trkpt>
      <trkpt lat="-20.9693359250527" lon="55.326313982493964">
        <ele>155</ele>
      </trkpt>
      <trkpt lat="-20.96930572746707" lon="55.32629691450357">
        <ele>156</ele>
      </trkpt>
      <trkpt lat="-20.969299016891664" lon="55.32630230439528">
        <ele>156</ele>
      </trkpt>
      <trkpt lat="-20.96929062867199" lon="55.32637776287915">
        <ele>160</ele>
      </trkpt>
      <trkpt lat="-20.969262947543676" lon="55.32639123760841">
        <ele>163</ele>
      </trkpt>
      <trkpt lat="-20.969274691053275" lon="55.32651251017176">
        <ele>167</ele>
      </trkpt>
      <trkpt lat="-20.969273013409108" lon="55.32654844278312">
        <ele>168</ele>
      </trkpt>
      <trkpt lat="-20.96925120403315" lon="55.32656551077352">
        <ele>170</ele>
      </trkpt>
      <trkpt lat="-20.969200874691886" lon="55.326577188872214">
        <ele>171</ele>
      </trkpt>
      <trkpt lat="-20.969155578270247" lon="55.32655203604426">
        <ele>175</ele>
      </trkpt>
      <trkpt lat="-20.969143834751296" lon="55.32655293435954">
        <ele>175</ele>
      </trkpt>
      <trkpt lat="-20.96913209123141" lon="55.326616714744716">
        <ele>178</ele>
      </trkpt>
      <trkpt lat="-20.96909015008144" lon="55.32664366420324">
        <ele>181</ele>
      </trkpt>
      <trkpt lat="-20.969044853626254" lon="55.3266858850216">
        <ele>185</ele>
      </trkpt>
      <trkpt lat="-20.96906498538581" lon="55.32676134350546">
        <ele>186</ele>
      </trkpt>
      <trkpt lat="-20.96905995244618" lon="55.32680356432381">
        <ele>186</ele>
      </trkpt>
      <trkpt lat="-20.96904233715612" lon="55.32684309019631">
        <ele>186</ele>
      </trkpt>
      <trkpt lat="-20.969016333628936" lon="55.32687902280768">
        <ele>186</ele>
      </trkpt>
      <trkpt lat="-20.9690012348046" lon="55.32687992112296">
        <ele>161</ele>
      </trkpt>
      <trkpt lat="-20.9690012348046" lon="55.32687992112296">
        <ele>175</ele>
      </trkpt>
      <trkpt lat="-20.969086794788932" lon="55.326968854336094">
        <ele>167</ele>
      </trkpt>
      <trkpt lat="-20.96914551239691" lon="55.32701646504614">
        <ele>165</ele>
      </trkpt>
      <trkpt lat="-20.969189969999046" lon="55.327055092603366">
        <ele>163</ele>
      </trkpt>
      <trkpt lat="-20.969164805320208" lon="55.3271548055999">
        <ele>159</ele>
      </trkpt>
      <trkpt lat="-20.96907505126457" lon="55.3273470450707">
        <ele>153</ele>
      </trkpt>
      <trkpt lat="-20.969064146562552" lon="55.3273811810515">
        <ele>153</ele>
      </trkpt>
      <trkpt lat="-20.969054919506377" lon="55.327493470462024">
        <ele>150</ele>
      </trkpt>
      <trkpt lat="-20.969041498332736" lon="55.32753299633451">
        <ele>150</ele>
      </trkpt>
      <trkpt lat="-20.96904065950935" lon="55.32756443736946">
        <ele>150</ele>
      </trkpt>
      <trkpt lat="-20.969054919506377" lon="55.327645285745035">
        <ele>152</ele>
      </trkpt>
      <trkpt lat="-20.969035626568886" lon="55.3276695402577">
        <ele>152</ele>
      </trkpt>
      <trkpt lat="-20.969017172452446" lon="55.327717150967764">
        <ele>153</ele>
      </trkpt>
      <trkpt lat="-20.969002912451817" lon="55.32784201679226">
        <ele>156</ele>
      </trkpt>
      <trkpt lat="-20.968976908917764" lon="55.32791118706914">
        <ele>157</ele>
      </trkpt>
      <trkpt lat="-20.968974392446487" lon="55.32793723821238">
        <ele>158</ele>
      </trkpt>
      <trkpt lat="-20.968983619507632" lon="55.32799203544471">
        <ele>159</ele>
      </trkpt>
      <trkpt lat="-20.968971037151384" lon="55.32808995181067">
        <ele>160</ele>
      </trkpt>
      <trkpt lat="-20.96898110303647" lon="55.32811151137749">
        <ele>160</ele>
      </trkpt>
      <trkpt lat="-20.969020527746522" lon="55.32815822377227">
        <ele>161</ele>
      </trkpt>
      <trkpt lat="-20.969091827727663" lon="55.328212122689315">
        <ele>162</ele>
      </trkpt>
      <trkpt lat="-20.969105248896792" lon="55.32823278394084">
        <ele>162</ele>
      </trkpt>
      <trkpt lat="-20.969120347710604" lon="55.32831542894699">
        <ele>162</ele>
      </trkpt>
      <trkpt lat="-20.969115314772836" lon="55.32842502341165">
        <ele>135</ele>
      </trkpt>
      <trkpt lat="-20.969115314772836" lon="55.32842502341165">
        <ele>141</ele>
      </trkpt>
      <trkpt lat="-20.969115314772836" lon="55.32842502341165">
        <ele>141</ele>
      </trkpt>
      <trkpt lat="-20.96911028183489" lon="55.32847982064398">
        <ele>137</ele>
      </trkpt>
      <trkpt lat="-20.96918074295062" lon="55.328789739417">
        <ele>151</ele>
      </trkpt>
      <trkpt lat="-20.96907001832528" lon="55.329359271307126">
        <ele>151</ele>
      </trkpt>
      <trkpt lat="-20.96894000066811" lon="55.32961978273953">
        <ele>151</ele>
      </trkpt>
      <trkpt lat="-20.968830114689034" lon="55.3299099385763">
        <ele>152</ele>
      </trkpt>
      <trkpt lat="-20.968750426333063" lon="55.330189314629656">
        <ele>154</ele>
      </trkpt>
      <trkpt lat="-20.96860027657855" lon="55.330439944593934">
        <ele>149</ele>
      </trkpt>
      <trkpt lat="-20.96862040839795" lon="55.33080915217571">
        <ele>156</ele>
      </trkpt>
      <trkpt lat="-20.96851052218398" lon="55.33126998791646">
        <ele>164</ele>
      </trkpt>
      <trkpt lat="-20.968400635889243" lon="55.331529601033566">
        <ele>172</ele>
      </trkpt>
      <trkpt lat="-20.968190090167592" lon="55.331959894054656">
        <ele>196</ele>
      </trkpt>
      <trkpt lat="-20.96811040147049" lon="55.33219974423552">
        <ele>198</ele>
      </trkpt>
      <trkpt lat="-20.968050005798094" lon="55.33246923882076">
        <ele>203</ele>
      </trkpt>
      <trkpt lat="-20.9680902695824" lon="55.332819581781564">
        <ele>207</ele>
      </trkpt>
      <trkpt lat="-20.96786043033455" lon="55.33302978755805">
        <ele>216</ele>
      </trkpt>
      <trkpt lat="-20.967806745203855" lon="55.33341965639135">
        <ele>218</ele>
      </trkpt>
      <trkpt lat="-20.96773041162545" lon="55.33396942534523">
        <ele>222</ele>
      </trkpt>
      <trkpt lat="-20.967690147744225" lon="55.3344293627707">
        <ele>225</ele>
      </trkpt>
      <trkpt lat="-20.967610458780655" lon="55.33477970573151">
        <ele>227</ele>
      </trkpt>
      <trkpt lat="-20.967530769774637" lon="55.3350294373805">
        <ele>229</ele>
      </trkpt>
      <trkpt lat="-20.967592843319828" lon="55.33528096566005">
        <ele>231</ele>
      </trkpt>
      <trkpt lat="-20.967670015799552" lon="55.33559986758591">
        <ele>233</ele>
      </trkpt>
      <trkpt lat="-20.96742004392731" lon="55.33582983629865">
        <ele>236</ele>
      </trkpt>
      <trkpt lat="-20.967330288824233" lon="55.33610921235201">
        <ele>239</ele>
      </trkpt>
      <trkpt lat="-20.967240533667262" lon="55.33644967384469">
        <ele>243</ele>
      </trkpt>
      <trkpt lat="-20.96709038239637" lon="55.336929374206406">
        <ele>251</ele>
      </trkpt>
      <trkpt lat="-20.966748976431543" lon="55.33705962992261">
        <ele>253</ele>
      </trkpt>
      <trkpt lat="-20.966280066231317" lon="55.337239292979426">
        <ele>262</ele>
      </trkpt>
      <trkpt lat="-20.966000732622426" lon="55.33737943016376">
        <ele>264</ele>
      </trkpt>
      <trkpt lat="-20.965590539079816" lon="55.33729948010347">
        <ele>271</ele>
      </trkpt>
      <trkpt lat="-20.965450452274766" lon="55.337559991535855">
        <ele>277</ele>
      </trkpt>
      <trkpt lat="-20.965600605192485" lon="55.337789960248585">
        <ele>277</ele>
      </trkpt>
      <trkpt lat="-20.965720559649696" lon="55.33831996626622">
        <ele>287</ele>
      </trkpt>
      <trkpt lat="-20.965710493545092" lon="55.33880954809607">
        <ele>298</ele>
      </trkpt>
      <trkpt lat="-20.96569036133386" lon="55.33908982246472">
        <ele>300</ele>
      </trkpt>
      <trkpt lat="-20.96581031571907" lon="55.33946980982989">
        <ele>306</ele>
      </trkpt>
      <trkpt lat="-20.96584051401067" lon="55.3400698844397">
        <ele>318</ele>
      </trkpt>
      <trkpt lat="-20.965870712296173" lon="55.34034926049305">
        <ele>324</ele>
      </trkpt>
      <trkpt lat="-20.966160112222973" lon="55.340499279145504">
        <ele>328</ele>
      </trkpt>
      <trkpt lat="-20.966530040009445" lon="55.34060977192544">
        <ele>343</ele>
      </trkpt>
      <trkpt lat="-20.966740588068788" lon="55.341049946414664">
        <ele>349</ele>
      </trkpt>
      <trkpt lat="-20.966780013369636" lon="55.341319440999904">
        <ele>356</ele>
      </trkpt>
      <trkpt lat="-20.966880673665116" lon="55.3415799524323">
        <ele>356</ele>
      </trkpt>
      <trkpt lat="-20.967050118342797" lon="55.34189885435816">
        <ele>359</ele>
      </trkpt>
      <trkpt lat="-20.967250599668866" lon="55.342279740038634">
        <ele>368</ele>
      </trkpt>
      <trkpt lat="-20.967600392803305" lon="55.34219978997834">
        <ele>372</ele>
      </trkpt>
      <trkpt lat="-20.968000514881673" lon="55.34232914737925">
        <ele>380</ele>
      </trkpt>
      <trkpt lat="-20.96794011916489" lon="55.34270913474443">
        <ele>384</ele>
      </trkpt>
      <trkpt lat="-20.96798457712545" lon="55.3430504945524">
        <ele>389</ele>
      </trkpt>
      <trkpt lat="-20.96803071273092" lon="55.34340982066605">
        <ele>399</ele>
      </trkpt>
      <trkpt lat="-20.968091108411127" lon="55.34374219732118">
        <ele>403</ele>
      </trkpt>
      <trkpt lat="-20.968150665238554" lon="55.344079963868">
        <ele>409</ele>
      </trkpt>
      <trkpt lat="-20.96818002422926" lon="55.34435933992137">
        <ele>416</ele>
      </trkpt>
      <trkpt lat="-20.968280683582176" lon="55.344729445818416">
        <ele>424</ele>
      </trkpt>
      <trkpt lat="-20.96842076773555" lon="55.34520914618013">
        <ele>435</ele>
      </trkpt>
      <trkpt lat="-20.96851471631577" lon="55.345618777949696">
        <ele>442</ele>
      </trkpt>
      <trkpt lat="-20.968591049493725" lon="55.34595474786596">
        <ele>449</ele>
      </trkpt>
      <trkpt lat="-20.96867073793464" lon="55.34630958240318">
        <ele>458</ele>
      </trkpt>
      <trkpt lat="-20.968779785206003" lon="55.34667340009325">
        <ele>465</ele>
      </trkpt>
      <trkpt lat="-20.96892070771578" lon="55.34714950719383">
        <ele>479</ele>
      </trkpt>
      <trkpt lat="-20.968770558132274" lon="55.34739923884282">
        <ele>477</ele>
      </trkpt>
      <trkpt lat="-20.968496262135034" lon="55.347222270731855">
        <ele>479</ele>
      </trkpt>
      <trkpt lat="-20.96821022204225" lon="55.34703991272917">
        <ele>478</ele>
      </trkpt>
      <trkpt lat="-20.968190090167592" lon="55.347389357374695">
        <ele>480</ele>
      </trkpt>
      <trkpt lat="-20.968258035233678" lon="55.347818752080514">
        <ele>487</ele>
      </trkpt>
      <trkpt lat="-20.968314236684762" lon="55.34817987482472">
        <ele>492</ele>
      </trkpt>
      <trkpt lat="-20.968380504040233" lon="55.34860926953053">
        <ele>495</ele>
      </trkpt>
      <trkpt lat="-20.96854071993023" lon="55.349089868207535">
        <ele>501</ele>
      </trkpt>
      <trkpt lat="-20.96876049223301" lon="55.349159936799694">
        <ele>507</ele>
      </trkpt>
      <trkpt lat="-20.969050725389746" lon="55.34901979961538">
        <ele>512</ele>
      </trkpt>
      <trkpt lat="-20.969260431077224" lon="55.34920934414032">
        <ele>517</ele>
      </trkpt>
      <trkpt lat="-20.969280562807736" lon="55.34948961850897">
        <ele>519</ele>
      </trkpt>
      <trkpt lat="-20.96933005330041" lon="55.34976989287762">
        <ele>521</ele>
      </trkpt>
      <trkpt lat="-20.969400514312575" lon="55.35027923764371">
        <ele>533</ele>
      </trkpt>
      <trkpt lat="-20.969480202322014" lon="55.350609817668264">
        <ele>539</ele>
      </trkpt>
      <trkpt lat="-20.96956072910946" lon="55.35086943078537">
        <ele>542</ele>
      </trkpt>
      <trkpt lat="-20.96961021950938" lon="55.35142997952266">
        <ele>544</ele>
      </trkpt>
      <trkpt lat="-20.9695506632634" lon="55.351729118512274">
        <ele>548</ele>
      </trkpt>
      <trkpt lat="-20.969640417033514" lon="55.3519995114128">
        <ele>548</ele>
      </trkpt>
      <trkpt lat="-20.969850121893803" lon="55.35245944883826">
        <ele>561</ele>
      </trkpt>
      <trkpt lat="-20.969940714302467" lon="55.35274960467504">
        <ele>566</ele>
      </trkpt>
      <trkpt lat="-20.97004053365214" lon="55.352999336324025">
        <ele>572</ele>
      </trkpt>
      <trkpt lat="-20.970170550352197" lon="55.353359560752956">
        <ele>580</ele>
      </trkpt>
      <trkpt lat="-20.9702108135654" lon="55.353749429586266">
        <ele>590</ele>
      </trkpt>
      <trkpt lat="-20.970200747763123" lon="55.354159959671115">
        <ele>593</ele>
      </trkpt>
      <trkpt lat="-20.970310632734737" lon="55.3546297785647">
        <ele>606</ele>
      </trkpt>
      <trkpt lat="-20.97041045183742" lon="55.35501964739801">
        <ele>615</ele>
      </trkpt>
      <trkpt lat="-20.97051027087343" lon="55.355469703355354">
        <ele>616</ele>
      </trkpt>
      <trkpt lat="-20.97050020509131" lon="55.3557895035965">
        <ele>623</ele>
      </trkpt>
      <trkpt lat="-20.970590797106034" lon="55.3561398465573">
        <ele>634</ele>
      </trkpt>
      <trkpt lat="-20.970790434870576" lon="55.356609665450904">
        <ele>641</ele>
      </trkpt>
      <trkpt lat="-20.97095064817787" lon="55.3571297900004">
        <ele>647</ele>
      </trkpt>
      <trkpt lat="-20.970990072368522" lon="55.35752954030184">
        <ele>660</ele>
      </trkpt>
      <trkpt lat="-20.971380119651897" lon="55.35798947772731">
        <ele>668</ele>
      </trkpt>
      <trkpt lat="-20.97153697708969" lon="55.35831107459902">
        <ele>675</ele>
      </trkpt>
      <trkpt lat="-20.97172067623268" lon="55.35868926533364">
        <ele>677</ele>
      </trkpt>
      <trkpt lat="-20.971960575230217" lon="55.35927945847531">
        <ele>687</ele>
      </trkpt>
      <trkpt lat="-20.971950509545742" lon="55.359679208776726">
        <ele>698</ele>
      </trkpt>
      <trkpt lat="-20.97218034250544" lon="55.36006997592533">
        <ele>710</ele>
      </trkpt>
      <trkpt lat="-20.972260029033045" lon="55.360329589042436">
        <ele>714</ele>
      </trkpt>
      <trkpt lat="-20.972390043802665" lon="55.36058920215955">
        <ele>719</ele>
      </trkpt>
      <trkpt lat="-20.97247056902262" lon="55.36093954512035">
        <ele>727</ele>
      </trkpt>
      <trkpt lat="-20.972250802174116" lon="55.36094942658849">
        <ele>728</ele>
      </trkpt>
      <trkpt lat="-20.972020130516114" lon="55.36094942658849">
        <ele>727</ele>
      </trkpt>
      <trkpt lat="-20.97171061053206" lon="55.36111920817717">
        <ele>726</ele>
      </trkpt>
      <trkpt lat="-20.971480776850143" lon="55.36085959506006">
        <ele>714</ele>
      </trkpt>
      <trkpt lat="-20.97118048267486" lon="55.36071945787574">
        <ele>707</ele>
      </trkpt>
      <trkpt lat="-20.970890253652875" lon="55.36065927075171">
        <ele>695</ele>
      </trkpt>
      <trkpt lat="-20.970620155617542" lon="55.360569439223305">
        <ele>693</ele>
      </trkpt>
      <trkpt lat="-20.97035005709418" lon="55.360529913350796">
        <ele>692</ele>
      </trkpt>
      <trkpt lat="-20.970130287128132" lon="55.36023975751402">
        <ele>691</ele>
      </trkpt>
      <trkpt lat="-20.969770434081546" lon="55.36007985739345">
        <ele>686</ele>
      </trkpt>
      <trkpt lat="-20.969520465721157" lon="55.360009788801285">
        <ele>679</ele>
      </trkpt>
      <trkpt lat="-20.969210101739048" lon="55.35984988868071">
        <ele>673</ele>
      </trkpt>
      <trkpt lat="-20.968830114689034" lon="55.35989929602135">
        <ele>666</ele>
      </trkpt>
      <trkpt lat="-20.96842076773555" lon="55.3599693646135">
        <ele>662</ele>
      </trkpt>
      <trkpt lat="-20.96786043033455" lon="55.360019670269416">
        <ele>648</ele>
      </trkpt>
      <trkpt lat="-20.967380618795207" lon="55.360129264734084">
        <ele>646</ele>
      </trkpt>
      <trkpt lat="-20.96708786589334" lon="55.360363725023234">
        <ele>640</ele>
      </trkpt>
      <trkpt lat="-20.96668019184304" lon="55.36068981347137">
        <ele>627</ele>
      </trkpt>
      <trkpt lat="-20.96656023815569" lon="55.36092966365223">
        <ele>610</ele>
      </trkpt>
      <trkpt lat="-20.96647048253647" lon="55.36119915823747">
        <ele>602</ele>
      </trkpt>
      <trkpt lat="-20.966440284372094" lon="55.36142912695019">
        <ele>589</ele>
      </trkpt>
      <trkpt lat="-20.96642015225913" lon="55.36171928278698">
        <ele>576</ele>
      </trkpt>
      <trkpt lat="-20.966390792922848" lon="55.36199955715561">
        <ele>572</ele>
      </trkpt>
      <trkpt lat="-20.96642015225913" lon="55.362289712992386">
        <ele>551</ele>
      </trkpt>
      <trkpt lat="-20.966520812796865" lon="55.36253944464137">
        <ele>542</ele>
      </trkpt>
      <trkpt lat="-20.966230574729053" lon="55.36245949458108">
        <ele>533</ele>
      </trkpt>
      <trkpt lat="-20.965960468275416" lon="55.36242985017671">
        <ele>532</ele>
      </trkpt>
      <trkpt lat="-20.965720559649696" lon="55.36226995005614">
        <ele>532</ele>
      </trkpt>
      <trkpt lat="-20.96536069598939" lon="55.36200943862374">
        <ele>517</ele>
      </trkpt>
      <trkpt lat="-20.96513001370033" lon="55.361659993978215">
        <ele>510</ele>
      </trkpt>
      <trkpt lat="-20.964990765309974" lon="55.36111920817717">
        <ele>506</ele>
      </trkpt>
      <trkpt lat="-20.964900169902034" lon="55.36066915221984">
        <ele>504</ele>
      </trkpt>
      <trkpt lat="-20.964740788958554" lon="55.36064938928358">
        <ele>499</ele>
      </trkpt>
      <trkpt lat="-20.964588118632356" lon="55.360314317682615">
        <ele>494</ele>
      </trkpt>
      <trkpt lat="-20.964449708586532" lon="55.360011585431856">
        <ele>491</ele>
      </trkpt>
      <trkpt lat="-20.964310459562657" lon="55.359709751496396">
        <ele>489</ele>
      </trkpt>
      <trkpt lat="-20.96415611109553" lon="55.3600035005943">
        <ele>483</ele>
      </trkpt>
      <trkpt lat="-20.964000084765736" lon="55.360299944638065">
        <ele>483</ele>
      </trkpt>
      <trkpt lat="-20.963880128928395" lon="55.360479607694884">
        <ele>475</ele>
      </trkpt>
      <trkpt lat="-20.96388516204238" lon="55.36023796088345">
        <ele>477</ele>
      </trkpt>
      <trkpt lat="-20.963890195156196" lon="55.359979246081636">
        <ele>473</ele>
      </trkpt>
      <trkpt lat="-20.963820570399974" lon="55.35962620817498">
        <ele>472</ele>
      </trkpt>
      <trkpt lat="-20.963740040521017" lon="55.359219271351265">
        <ele>470</ele>
      </trkpt>
      <trkpt lat="-20.963720746897742" lon="55.35896953970229">
        <ele>470</ele>
      </trkpt>
      <trkpt lat="-20.963610018229073" lon="55.35861919674148">
        <ele>467</ele>
      </trkpt>
      <trkpt lat="-20.963490062078833" lon="55.358329939219985">
        <ele>464</ele>
      </trkpt>
      <trkpt lat="-20.963150325606698" lon="55.357979596259185">
        <ele>457</ele>
      </trkpt>
      <trkpt lat="-20.962970810220856" lon="55.35773974607833">
        <ele>455</ele>
      </trkpt>
      <trkpt lat="-20.962920478765604" lon="55.357469353177805">
        <ele>454</ele>
      </trkpt>
      <trkpt lat="-20.962820654662536" lon="55.35772986461019">
        <ele>451</ele>
      </trkpt>
      <trkpt lat="-20.962610101083825" lon="55.357209740060696">
        <ele>448</ele>
      </trkpt>
      <trkpt lat="-20.962430585049532" lon="55.356949228628295">
        <ele>446</ele>
      </trkpt>
      <trkpt lat="-20.962200737102265" lon="55.3567794470396">
        <ele>444</ele>
      </trkpt>
      <trkpt lat="-20.961850092473018" lon="55.35665997110681">
        <ele>442</ele>
      </trkpt>
      <trkpt lat="-20.961420593625125" lon="55.356589902514656">
        <ele>440</ele>
      </trkpt>
      <trkpt lat="-20.961220104482855" lon="55.35641922261067">
        <ele>439</ele>
      </trkpt>
      <trkpt lat="-20.961090080000062" lon="55.35618925389793">
        <ele>434</ele>
      </trkpt>
      <trkpt lat="-20.961050653199063" lon="55.35644976533032">
        <ele>430</ele>
      </trkpt>
      <trkpt lat="-20.96078053738937" lon="55.356639309855275">
        <ele>400</ele>
      </trkpt>
      <trkpt lat="-20.960630379632015" lon="55.35688993981955">
        <ele>394</ele>
      </trkpt>
      <trkpt lat="-20.96057081980943" lon="55.35708936581262">
        <ele>403</ele>
      </trkpt>
      <trkpt lat="-20.960470155266584" lon="55.357269927184724">
        <ele>412</ele>
      </trkpt>
      <trkpt lat="-20.960260437251442" lon="55.35732921599348">
        <ele>421</ele>
      </trkpt>
      <trkpt lat="-20.960010452993192" lon="55.35735975871313">
        <ele>432</ele>
      </trkpt>
      <trkpt lat="-20.959780601326678" lon="55.35721962152882">
        <ele>443</ele>
      </trkpt>
      <trkpt lat="-20.959470217128867" lon="55.35698965281609">
        <ele>452</ele>
      </trkpt>
      <trkpt lat="-20.959240364632176" lon="55.35697977134795">
        <ele>460</ele>
      </trkpt>
      <trkpt lat="-20.95896017899427" lon="55.35693934716017">
        <ele>472</ele>
      </trkpt>
      <trkpt lat="-20.95886035224796" lon="55.357109128748874">
        <ele>489</ele>
      </trkpt>
      <trkpt lat="-20.958870418813625" lon="55.35735975871313">
        <ele>491</ele>
      </trkpt>
      <trkpt lat="-20.95860029906662" lon="55.35719985859257">
        <ele>494</ele>
      </trkpt>
      <trkpt lat="-20.95848033889833" lon="55.356919584223924">
        <ele>500</ele>
      </trkpt>
      <trkpt lat="-20.95841071162367" lon="55.35704983994011">
        <ele>492</ele>
      </trkpt>
      <trkpt lat="-20.958240418273146" lon="55.35719985859257">
        <ele>484</ele>
      </trkpt>
      <trkpt lat="-20.95806005810924" lon="55.35731933452535">
        <ele>473</ele>
      </trkpt>
      <trkpt lat="-20.95791073650666" lon="55.357519658833716">
        <ele>461</ele>
      </trkpt>
      <trkpt lat="-20.95771024265978" lon="55.357669677486165">
        <ele>448</ele>
      </trkpt>
      <trkpt lat="-20.957570148473398" lon="55.35795983332294">
        <ele>438</ele>
      </trkpt>
      <trkpt lat="-20.957550015166376" lon="55.35831915943658">
        <ele>429</ele>
      </trkpt>
      <trkpt lat="-20.9573704930589" lon="55.3584592966209">
        <ele>420</ele>
      </trkpt>
      <trkpt lat="-20.957220331878304" lon="55.35876921539393">
        <ele>409</ele>
      </trkpt>
      <trkpt lat="-20.957070170546977" lon="55.35903960829444">
        <ele>401</ele>
      </trkpt>
      <trkpt lat="-20.95681011425348" lon="55.359259695539045">
        <ele>393</ele>
      </trkpt>
      <trkpt lat="-20.956660791403216" lon="55.35950942718803">
        <ele>392</ele>
      </trkpt>
      <trkpt lat="-20.956780753030646" lon="55.359809464492926">
        <ele>395</ele>
      </trkpt>
      <trkpt lat="-20.95695020915163" lon="55.36002955173755">
        <ele>398</ele>
      </trkpt>
      <trkpt lat="-20.95695020915163" lon="55.360389776166485">
        <ele>399</ele>
      </trkpt>
      <trkpt lat="-20.957080237233107" lon="55.36061974487921">
        <ele>401</ele>
      </trkpt>
      <trkpt lat="-20.957110437287483" lon="55.36088923946445">
        <ele>404</ele>
      </trkpt>
      <trkpt lat="-20.957000542615926" lon="55.36117939530122">
        <ele>406</ele>
      </trkpt>
      <trkpt lat="-20.957060103860147" lon="55.36142912695019">
        <ele>409</ele>
      </trkpt>
      <trkpt lat="-20.95726059857838" lon="55.36164921419481">
        <ele>411</ele>
      </trkpt>
      <trkpt lat="-20.95721026520159" lon="55.36209927015216">
        <ele>412</ele>
      </trkpt>
      <trkpt lat="-20.957286604149772" lon="55.362444223221246">
        <ele>414</ele>
      </trkpt>
      <trkpt lat="-20.9573704930589" lon="55.362829600478136">
        <ele>417</ele>
      </trkpt>
      <trkpt lat="-20.95754078739973" lon="55.363059569190874">
        <ele>418</ele>
      </trkpt>
      <trkpt lat="-20.957580215125905" lon="55.363499743680094">
        <ele>419</ele>
      </trkpt>
      <trkpt lat="-20.957620481729112" lon="55.36382942538936">
        <ele>423</ele>
      </trkpt>
      <trkpt lat="-20.957650681674423" lon="55.36433966847074">
        <ele>427</ele>
      </trkpt>
      <trkpt lat="-20.957720309302847" lon="55.364639705775645">
        <ele>429</ele>
      </trkpt>
      <trkpt lat="-20.95785033671496" lon="55.36507988026486">
        <ele>429</ele>
      </trkpt>
      <trkpt lat="-20.957930030879425" lon="55.36537991756976">
        <ele>428</ele>
      </trkpt>
      <trkpt lat="-20.957880536613857" lon="55.36573924368341">
        <ele>427</ele>
      </trkpt>
      <trkpt lat="-20.95768004272651" lon="55.36597999217955">
        <ele>426</ele>
      </trkpt>
      <trkpt lat="-20.95742082638179" lon="55.366079705176084">
        <ele>425</ele>
      </trkpt>
      <trkpt lat="-20.957230398554334" lon="55.365829973527106">
        <ele>423</ele>
      </trkpt>
      <trkpt lat="-20.957010609306753" lon="55.36523978038544">
        <ele>419</ele>
      </trkpt>
      <trkpt lat="-20.956777397461956" lon="55.36499094705173">
        <ele>419</ele>
      </trkpt>
      <trkpt lat="-20.95652069623403" lon="55.364719655835934">
        <ele>418</ele>
      </trkpt>
      <trkpt lat="-20.956380600933652" lon="55.364429499999154">
        <ele>417</ele>
      </trkpt>
      <trkpt lat="-20.956180105036015" lon="55.364199531286424">
        <ele>415</ele>
      </trkpt>
      <trkpt lat="-20.956000581284588" lon="55.36396956257369">
        <ele>415</ele>
      </trkpt>
      <trkpt lat="-20.95576065668234" lon="55.363779119733465">
        <ele>418</ele>
      </trkpt>
      <trkpt lat="-20.955570226741624" lon="55.363539269552604">
        <ele>417</ele>
      </trkpt>
      <trkpt lat="-20.955520731695323" lon="55.363169163655535">
        <ele>417</ele>
      </trkpt>
      <trkpt lat="-20.955390702258367" lon="55.36293919494281">
        <ele>417</ele>
      </trkpt>
      <trkpt lat="-20.955255639304195" lon="55.362720904328775">
        <ele>414</ele>
      </trkpt>
      <trkpt lat="-20.955080308951988" lon="55.36243973164483">
        <ele>414</ele>
      </trkpt>
      <trkpt lat="-20.95493014547263" lon="55.36205974427965">
        <ele>406</ele>
      </trkpt>
      <trkpt lat="-20.954820249199493" lon="55.36174982550663">
        <ele>401</ele>
      </trkpt>
      <trkpt lat="-20.9547237753054" lon="55.36141924548207">
        <ele>397</ele>
      </trkpt>
      <trkpt lat="-20.95462059011503" lon="55.361069800836546">
        <ele>395</ele>
      </trkpt>
      <trkpt lat="-20.954470426174275" lon="55.36081917087228">
        <ele>394</ele>
      </trkpt>
      <trkpt lat="-20.954270766622972" lon="55.360579320691414">
        <ele>390</ele>
      </trkpt>
      <trkpt lat="-20.954150802982927" lon="55.36030982610619">
        <ele>389</ele>
      </trkpt>
      <trkpt lat="-20.953860540910465" lon="55.359949601677265">
        <ele>387</ele>
      </trkpt>
      <trkpt lat="-20.953780005669188" lon="55.359669327308616">
        <ele>386</ele>
      </trkpt>
      <trkpt lat="-20.953540077505917" lon="55.359429477127755">
        <ele>384</ele>
      </trkpt>
      <trkpt lat="-20.953450314073223" lon="55.35909979541847">
        <ele>385</ele>
      </trkpt>
      <trkpt lat="-20.95327078704624" lon="55.35886982670574">
        <ele>384</ele>
      </trkpt>
      <trkpt lat="-20.953100487844964" lon="55.35855990793272">
        <ele>384</ele>
      </trkpt>
      <trkpt lat="-20.952780022812533" lon="55.358289515032205">
        <ele>382</ele>
      </trkpt>
      <trkpt lat="-20.952540093045776" lon="55.358099970507254">
        <ele>383</ele>
      </trkpt>
      <trkpt lat="-20.952480530002116" lon="55.35781969613861">
        <ele>381</ele>
      </trkpt>
      <trkpt lat="-20.9523001628943" lon="55.35758972742588">
        <ele>384</ele>
      </trkpt>
      <trkpt lat="-20.95211056746751" lon="55.35740916605376">
        <ele>387</ele>
      </trkpt>
      <trkpt lat="-20.951890770698615" lon="55.357159434404785">
        <ele>387</ele>
      </trkpt>
      <trkpt lat="-20.95176073810698" lon="55.35693934716017">
        <ele>387</ele>
      </trkpt>
      <trkpt lat="-20.951600504241917" lon="55.35670937844744">
        <ele>388</ele>
      </trkpt>
      <trkpt lat="-20.951420136073324" lon="55.35642910407879">
        <ele>390</ele>
      </trkpt>
      <trkpt lat="-20.95127080784367" lon="55.35616949096167">
        <ele>397</ele>
      </trkpt>
      <trkpt lat="-20.95106023800817" lon="55.35639945967442">
        <ele>398</ele>
      </trkpt>
      <trkpt lat="-20.950810238376533" lon="55.356639309855275">
        <ele>397</ele>
      </trkpt>
      <trkpt lat="-20.95053003695073" lon="55.356769565571476">
        <ele>396</ele>
      </trkpt>
      <trkpt lat="-20.950340439281177" lon="55.35656924126312">
        <ele>394</ele>
      </trkpt>
      <trkpt lat="-20.950200338194012" lon="55.35631950961413">
        <ele>393</ele>
      </trkpt>
      <trkpt lat="-20.94995033712582" lon="55.356069777965146">
        <ele>393</ele>
      </trkpt>
      <trkpt lat="-20.949700335639985" lon="55.35602935377736">
        <ele>391</ele>
      </trkpt>
      <trkpt lat="-20.949480535330927" lon="55.35576974066025">
        <ele>389</ele>
      </trkpt>
      <trkpt lat="-20.949340433438746" lon="55.35552989047938">
        <ele>390</ele>
      </trkpt>
      <trkpt lat="-20.949160062546124" lon="55.35532956617103">
        <ele>392</ele>
      </trkpt>
      <trkpt lat="-20.948650828201583" lon="55.35498910467835">
        <ele>400</ele>
      </trkpt>
      <trkpt lat="-20.94847045647783" lon="55.354809441621526">
        <ele>405</ele>
      </trkpt>
      <trkpt lat="-20.94830015181355" lon="55.354499522848506">
        <ele>415</ele>
      </trkpt>
      <trkpt lat="-20.94821038523764" lon="55.354189604075486">
        <ele>414</ele>
      </trkpt>
      <trkpt lat="-20.948400824544912" lon="55.35383926111468">
        <ele>413</ele>
      </trkpt>
      <trkpt lat="-20.94846038921243" lon="55.35348981646916">
        <ele>408</ele>
      </trkpt>
      <trkpt lat="-20.948180183386913" lon="55.353539223809776">
        <ele>404</ele>
      </trkpt>
      <trkpt lat="-20.947730510666272" lon="55.35323918650489">
        <ele>388</ele>
      </trkpt>
      <trkpt lat="-20.947580339811243" lon="55.35295981045152">
        <ele>381</ele>
      </trkpt>
      <trkpt lat="-20.947240567208834" lon="55.35286997892311">
        <ele>374</ele>
      </trkpt>
      <trkpt lat="-20.94690079383513" lon="55.35286997892311">
        <ele>368</ele>
      </trkpt>
      <trkpt lat="-20.946650787255223" lon="55.35262923042696">
        <ele>361</ele>
      </trkpt>
      <trkpt lat="-20.946390712853113" lon="55.35249987302604">
        <ele>351</ele>
      </trkpt>
      <trkpt lat="-20.94614070542123" lon="55.35259958602259">
        <ele>344</ele>
      </trkpt>
      <trkpt lat="-20.94583029292805" lon="55.35256994161822">
        <ele>346</ele>
      </trkpt>
      <trkpt lat="-20.945560149639824" lon="55.35258970455447">
        <ele>346</ele>
      </trkpt>
      <trkpt lat="-20.9455802845601" lon="55.35230943018582">
        <ele>346</ele>
      </trkpt>
      <trkpt lat="-20.945610486935458" lon="55.35203993560059">
        <ele>340</ele>
      </trkpt>
      <trkpt lat="-20.945510651282618" lon="55.35180996688785">
        <ele>340</ele>
      </trkpt>
      <trkpt lat="-20.945290005864074" lon="55.3516599482354">
        <ele>334</ele>
      </trkpt>
      <trkpt lat="-20.94505006408921" lon="55.351119162434365">
        <ele>318</ele>
      </trkpt>
      <trkpt lat="-20.945060131584" lon="55.35088919372162">
        <ele>310</ele>
      </trkpt>
      <trkpt lat="-20.94482522319587" lon="55.35075175148316">
        <ele>308</ele>
      </trkpt>
      <trkpt lat="-20.94451061317002" lon="55.35056939348048">
        <ele>304</ele>
      </trkpt>
      <trkpt lat="-20.944170833599408" lon="55.35038973042366">
        <ele>298</ele>
      </trkpt>
      <trkpt lat="-20.94408022558366" lon="55.35012921899126">
        <ele>294</ele>
      </trkpt>
      <trkpt lat="-20.944110428261673" lon="55.34986960587415">
        <ele>286</ele>
      </trkpt>
      <trkpt lat="-20.94408022558366" lon="55.34959921297363">
        <ele>279</ele>
      </trkpt>
      <trkpt lat="-20.9442102648484" lon="55.34929917566873">
        <ele>272</ele>
      </trkpt>
      <trkpt lat="-20.944270670145855" lon="55.34904944401975">
        <ele>266</ele>
      </trkpt>
      <trkpt lat="-20.94423039995026" lon="55.34879971237076">
        <ele>260</ele>
      </trkpt>
      <trkpt lat="-20.943930051066427" lon="55.34861915099865">
        <ele>258</ele>
      </trkpt>
      <trkpt lat="-20.94364060813614" lon="55.34848979359774">
        <ele>254</ele>
      </trkpt>
      <trkpt lat="-20.943180015188865" lon="55.348259824885005">
        <ele>250</ele>
      </trkpt>
      <trkpt lat="-20.942900638448414" lon="55.34816999335659">
        <ele>248</ele>
      </trkpt>
      <trkpt lat="-20.942840232598144" lon="55.347929244860445">
        <ele>245</ele>
      </trkpt>
      <trkpt lat="-20.943040746368403" lon="55.347699276147715">
        <ele>239</ele>
      </trkpt>
      <trkpt lat="-20.94329075897771" lon="55.34753937602714">
        <ele>238</ele>
      </trkpt>
      <trkpt lat="-20.943110380794824" lon="55.34734983150219">
        <ele>234</ele>
      </trkpt>
      <trkpt lat="-20.942870435526324" lon="55.34718993138162">
        <ele>230</ele>
      </trkpt>
      <trkpt lat="-20.942840232598144" lon="55.346949182885474">
        <ele>226</ele>
      </trkpt>
      <trkpt lat="-20.9428200973093" lon="55.34667968830024">
        <ele>221</ele>
      </trkpt>
      <trkpt lat="-20.942695929634954" lon="55.346331141970005">
        <ele>216</ele>
      </trkpt>
      <trkpt lat="-20.942540719897192" lon="55.34589995063362">
        <ele>206</ele>
      </trkpt>
      <trkpt lat="-20.94245011089481" lon="55.34554960767282">
        <ele>201</ele>
      </trkpt>
      <trkpt lat="-20.942330137779503" lon="55.34533940189633">
        <ele>196</ele>
      </trkpt>
      <trkpt lat="-20.942160665103156" lon="55.34495941453115">
        <ele>183</ele>
      </trkpt>
      <trkpt lat="-20.942420746854502" lon="55.344609969885624">
        <ele>179</ele>
      </trkpt>
      <trkpt lat="-20.942830164954064" lon="55.34438988264102">
        <ele>171</ele>
      </trkpt>
      <trkpt lat="-20.942760530397305" lon="55.344179676864535">
        <ele>166</ele>
      </trkpt>
      <trkpt lat="-20.942760530397305" lon="55.343869758091515">
        <ele>157</ele>
      </trkpt>
      <trkpt lat="-20.942890570808395" lon="55.34357960225474">
        <ele>148</ele>
      </trkpt>
      <trkpt lat="-20.942920773726414" lon="55.34328944641797">
        <ele>137</ele>
      </trkpt>
      <trkpt lat="-20.942920773726414" lon="55.34301995183274">
        <ele>127</ele>
      </trkpt>
      <trkpt lat="-20.942810029663875" lon="55.34278998312001">
        <ele>119</ele>
      </trkpt>
      <trkpt lat="-20.942700124490496" lon="55.342459403095454">
        <ele>115</ele>
      </trkpt>
      <trkpt lat="-20.942440043224487" lon="55.34232914737925">
        <ele>113</ele>
      </trkpt>
      <trkpt lat="-20.942110326647473" lon="55.342289621506744">
        <ele>109</ele>
      </trkpt>
      <trkpt lat="-20.941850244356857" lon="55.342149484322434">
        <ele>103</ele>
      </trkpt>
      <trkpt lat="-20.941548212742706" lon="55.342002160615834">
        <ele>100</ele>
      </trkpt>
      <trkpt lat="-20.941210104407364" lon="55.341839565549414">
        <ele>95</ele>
      </trkpt>
      <trkpt lat="-20.940970156093265" lon="55.3416194783048">
        <ele>92</ele>
      </trkpt>
      <trkpt lat="-20.94076041074847" lon="55.341379628123946">
        <ele>87</ele>
      </trkpt>
      <trkpt lat="-20.94064043627915" lon="55.341039166631255">
        <ele>82</ele>
      </trkpt>
      <trkpt lat="-20.940820817437903" lon="55.340729247858235">
        <ele>80</ele>
      </trkpt>
      <trkpt lat="-20.940570800703913" lon="55.34070948492199">
        <ele>77</ele>
      </trkpt>
      <trkpt lat="-20.940392936196048" lon="55.34055856795425">
        <ele>74</ele>
      </trkpt>
      <trkpt lat="-20.940180673087017" lon="55.34037980321272">
        <ele>74</ele>
      </trkpt>
      <trkpt lat="-20.93997008764987" lon="55.34016959743623">
        <ele>68</ele>
      </trkpt>
      <trkpt lat="-20.939572407570342" lon="55.339987239433555">
        <ele>62</ele>
      </trkpt>
      <trkpt lat="-20.939440686298482" lon="55.33994951019162">
        <ele>47</ele>
      </trkpt>
      <trkpt lat="-20.93931399885127" lon="55.33986686518548">
        <ele>59</ele>
      </trkpt>
      <trkpt lat="-20.939220870924355" lon="55.339849797195086">
        <ele>59</ele>
      </trkpt>
      <trkpt lat="-20.93912019201929" lon="55.33983991572696">
        <ele>57</ele>
      </trkpt>
      <trkpt lat="-20.939000216235694" lon="55.33983991572696">
        <ele>56</ele>
      </trkpt>
      <trkpt lat="-20.93887017244561" lon="55.3398093730073">
        <ele>59</ele>
      </trkpt>
      <trkpt lat="-20.938800536047083" lon="55.33976984713479">
        <ele>57</ele>
      </trkpt>
      <trkpt lat="-20.938720831695736" lon="55.339669235822974">
        <ele>56</ele>
      </trkpt>
      <trkpt lat="-20.93861008452661" lon="55.33946980982989">
        <ele>60</ele>
      </trkpt>
      <trkpt lat="-20.938460743517354" lon="55.33916977252501">
        <ele>55</ele>
      </trkpt>
      <trkpt lat="-20.938420471759013" lon="55.33905927974506">
        <ele>56</ele>
      </trkpt>
      <trkpt lat="-20.938350835151333" lon="55.33889937962448">
        <ele>55</ele>
      </trkpt>
      <trkpt lat="-20.938110043258334" lon="55.338459205135266">
        <ele>55</ele>
      </trkpt>
      <trkpt lat="-20.93805047447246" lon="55.33829930501469">
        <ele>56</ele>
      </trkpt>
      <trkpt lat="-20.938030338539466" lon="55.33818971055002">
        <ele>55</ele>
      </trkpt>
      <trkpt lat="-20.938040406506307" lon="55.33802981042945">
        <ele>55</ele>
      </trkpt>
      <trkpt lat="-20.938090746330285" lon="55.33780972318485">
        <ele>53</ele>
      </trkpt>
      <trkpt lat="-20.9381301791806" lon="55.33768934893678">
        <ele>50</ele>
      </trkpt>
      <trkpt lat="-20.938190586931153" lon="55.33740997288341">
        <ele>49</ele>
      </trkpt>
      <trkpt lat="-20.938230019755153" lon="55.33725995423096">
        <ele>47</ele>
      </trkpt>
      <trkpt lat="-20.938260223613348" lon="55.33708927432698">
        <ele>45</ele>
      </trkpt>
      <trkpt lat="-20.938260223613348" lon="55.33695991692607">
        <ele>45</ele>
      </trkpt>
      <trkpt lat="-20.938200654887204" lon="55.336699405493675">
        <ele>44</ele>
      </trkpt>
      <trkpt lat="-20.93805047447246" lon="55.336359842316284">
        <ele>42</ele>
      </trkpt>
      <trkpt lat="-20.938000134634915" lon="55.336279892255995">
        <ele>41</ele>
      </trkpt>
      <trkpt lat="-20.937960701750367" lon="55.33616939947604">
        <ele>41</ele>
      </trkpt>
      <trkpt lat="-20.937950633778172" lon="55.33609933088388">
        <ele>41</ele>
      </trkpt>
      <trkpt lat="-20.937960701750367" lon="55.33605980501138">
        <ele>41</ele>
      </trkpt>
      <trkpt lat="-20.938040406506307" lon="55.33595919369956">
        <ele>39</ele>
      </trkpt>
      <trkpt lat="-20.938040406506307" lon="55.33595919369956">
        <ele>39</ele>
      </trkpt>
      <trkpt lat="-20.938040406506307" lon="55.33595919369956">
        <ele>39</ele>
      </trkpt>
      <trkpt lat="-20.938040406506307" lon="55.33595919369956">
        <ele>39</ele>
      </trkpt>
      <trkpt lat="-20.938170451017015" lon="55.335869362171145">
        <ele>38</ele>
      </trkpt>
      <trkpt lat="-20.93830049541478" lon="55.335739106454945">
        <ele>37</ele>
      </trkpt>
      <trkpt lat="-20.938370132045854" lon="55.33569958058246">
        <ele>37</ele>
      </trkpt>
      <trkpt lat="-20.938400335875777" lon="55.33564927492654">
        <ele>35</ele>
      </trkpt>
      <trkpt lat="-20.938400335875777" lon="55.33558998611779">
        <ele>34</ele>
      </trkpt>
      <trkpt lat="-20.938380199989844" lon="55.33554956193">
        <ele>36</ele>
      </trkpt>
      <trkpt lat="-20.938360064101207" lon="55.33540942474568">
        <ele>35</ele>
      </trkpt>
      <trkpt lat="-20.938330699258746" lon="55.335139930160445">
        <ele>35</ele>
      </trkpt>
      <trkpt lat="-20.93830049541478" lon="55.33495936878833">
        <ele>34</ele>
      </trkpt>
      <trkpt lat="-20.938280359515414" lon="55.334739281543726">
        <ele>35</ele>
      </trkpt>
      <trkpt lat="-20.938190586931153" lon="55.33443924423883">
        <ele>35</ele>
      </trkpt>
      <trkpt lat="-20.938140247140723" lon="55.334299107054505">
        <ele>33</ele>
      </trkpt>
      <trkpt lat="-20.938090746330285" lon="55.334189512589845">
        <ele>33</ele>
      </trkpt>
      <trkpt lat="-20.938080678366855" lon="55.33403949393739">
        <ele>33</ele>
      </trkpt>
      <trkpt lat="-20.938060542437935" lon="55.33394966240898">
        <ele>32</ele>
      </trkpt>
      <trkpt lat="-20.937910361882658" lon="55.33370981222813">
        <ele>38</ele>
      </trkpt>
      <trkpt lat="-20.937810521094967" lon="55.33349960645164">
        <ele>32</ele>
      </trkpt>
      <trkpt lat="-20.937740045204745" lon="55.33340977492323">
        <ele>37</ele>
      </trkpt>
      <trkpt lat="-20.937690544262036" lon="55.33329928214328">
        <ele>31</ele>
      </trkpt>
      <trkpt lat="-20.93761000032025" lon="55.3331798062105">
        <ele>30</ele>
      </trkpt>
      <trkpt lat="-20.937530295335236" lon="55.33303966902617">
        <ele>30</ele>
      </trkpt>
      <trkpt lat="-20.937490023326667" lon="55.33294983749776">
        <ele>30</ele>
      </trkpt>
      <trkpt lat="-20.937316350165666" lon="55.33265429176929">
        <ele>29</ele>
      </trkpt>
      <trkpt lat="-20.937316350165666" lon="55.33265429176929">
        <ele>29</ele>
      </trkpt>
      <trkpt lat="-20.937349071211397" lon="55.33261835915793">
        <ele>29</ele>
      </trkpt>
      <trkpt lat="-20.937425420290303" lon="55.33256625687144">
        <ele>28</ele>
      </trkpt>
      <trkpt lat="-20.93777192715919" lon="55.332356051094955">
        <ele>26</ele>
      </trkpt>
      <trkpt lat="-20.937896098917065" lon="55.33228508418751">
        <ele>25</ele>
      </trkpt>
      <trkpt lat="-20.93814360312727" lon="55.33213237058921">
        <ele>24</ele>
      </trkpt>
      <trkpt lat="-20.938448158594024" lon="55.33194552101012">
        <ele>29</ele>
      </trkpt>
      <trkpt lat="-20.938659585165357" lon="55.33182245181619">
        <ele>25</ele>
      </trkpt>
      <trkpt lat="-20.938835773746764" lon="55.33171375566682">
        <ele>28</ele>
      </trkpt>
      <trkpt lat="-20.938772849277207" lon="55.33159248310345">
        <ele>28</ele>
      </trkpt>
      <trkpt lat="-20.93865622919036" lon="55.33165356854278">
        <ele>22</ele>
      </trkpt>
      <trkpt lat="-20.93861763547257" lon="55.33158170332005">
        <ele>28</ele>
      </trkpt>
      <trkpt lat="-20.93875523042099" lon="55.33150085494447">
        <ele>28</ele>
      </trkpt>
      <trkpt lat="-20.93875271344136" lon="55.33146761727896">
        <ele>21</ele>
      </trkpt>
      <trkpt lat="-20.93872670464938" lon="55.33143348129817">
        <ele>26</ele>
      </trkpt>
      <trkpt lat="-20.938990987325287" lon="55.33127627612344">
        <ele>21</ele>
      </trkpt>
      <trkpt lat="-20.93910257320395" lon="55.331209800792415">
        <ele>21</ele>
      </trkpt>
      <trkpt lat="-20.939115997063443" lon="55.33117746144219">
        <ele>27</ele>
      </trkpt>
      <trkpt lat="-20.93911012412507" lon="55.33113883388498">
        <ele>27</ele>
      </trkpt>
      <trkpt lat="-20.939155429643765" lon="55.33104451078014">
        <ele>27</ele>
      </trkpt>
      <trkpt lat="-20.939144522760888" lon="55.33102115458275">
        <ele>27</ele>
      </trkpt>
      <trkpt lat="-20.939041326829724" lon="55.33104630741071">
        <ele>27</ele>
      </trkpt>
      <trkpt lat="-20.93894652074896" lon="55.33102834110503">
        <ele>27</ele>
      </trkpt>
      <trkpt lat="-20.938711602768098" lon="55.33102205289804">
        <ele>21</ele>
      </trkpt>
      <trkpt lat="-20.938381877980444" lon="55.33113883388498">
        <ele>27</ele>
      </trkpt>
      <trkpt lat="-20.938578202750637" lon="55.331524211141854">
        <ele>22</ele>
      </trkpt>
      <trkpt lat="-20.938646161264945" lon="55.331658060119196">
        <ele>28</ele>
      </trkpt>
      <trkpt lat="-20.93865706818412" lon="55.33167153484846">
        <ele>28</ele>
      </trkpt>
      <trkpt lat="-20.938767815318496" lon="55.33161044940914">
        <ele>28</ele>
      </trkpt>
      <trkpt lat="-20.93881647691225" lon="55.3317029758834">
        <ele>29</ele>
      </trkpt>
      <trkpt lat="-20.93869314491114" lon="55.331784722574255">
        <ele>23</ele>
      </trkpt>
      <trkpt lat="-20.93857065180269" lon="55.33185928274284">
        <ele>23</ele>
      </trkpt>
      <trkpt lat="-20.938266096585057" lon="55.332036250853804">
        <ele>24</ele>
      </trkpt>
      <trkpt lat="-20.93789190392693" lon="55.33225454146785">
        <ele>25</ele>
      </trkpt>
      <trkpt lat="-20.937570567332973" lon="55.33243959441638">
        <ele>27</ele>
      </trkpt>
      <trkpt lat="-20.937229094008753" lon="55.332664173237404">
        <ele>29</ele>
      </trkpt>
      <trkpt lat="-20.936935443107235" lon="55.33284383629424">
        <ele>31</ele>
      </trkpt>
      <trkpt lat="-20.936590612313488" lon="55.333055838701284">
        <ele>32</ele>
      </trkpt>
      <trkpt lat="-20.936299477180874" lon="55.3332247219747">
        <ele>34</ele>
      </trkpt>
      <trkpt lat="-20.93597226410846" lon="55.33341516481492">
        <ele>34</ele>
      </trkpt>
      <trkpt lat="-20.93550493548075" lon="55.3337286768491">
        <ele>44</ele>
      </trkpt>
      <trkpt lat="-20.935165974486445" lon="55.33392450958103">
        <ele>37</ele>
      </trkpt>
      <trkpt lat="-20.93462984402076" lon="55.33423442835405">
        <ele>47</ele>
      </trkpt>
      <trkpt lat="-20.934316051590226" lon="55.33438354869122">
        <ele>37</ele>
      </trkpt>
      <trkpt lat="-20.933938492981554" lon="55.33456411006332">
        <ele>43</ele>
      </trkpt>
      <trkpt lat="-20.933506396961523" lon="55.33479318046078">
        <ele>46</ele>
      </trkpt>
      <trkpt lat="-20.933142260706838" lon="55.33495218226606">
        <ele>45</ele>
      </trkpt>
      <trkpt lat="-20.933044933816042" lon="55.33493601259095">
        <ele>45</ele>
      </trkpt>
      <trkpt lat="-20.93293166537211" lon="55.33512196385475">
        <ele>43</ele>
      </trkpt>
      <trkpt lat="-20.933309226518762" lon="55.335490273121245">
        <ele>49</ele>
      </trkpt>
      <trkpt lat="-20.93357267973292" lon="55.33575258118421">
        <ele>42</ele>
      </trkpt>
      <trkpt lat="-20.93392422963769" lon="55.33610472077559">
        <ele>43</ele>
      </trkpt>
      <trkpt lat="-20.93392422963769" lon="55.33610472077559">
        <ele>44</ele>
      </trkpt>
      <trkpt lat="-20.93378243514531" lon="55.336256536058606">
        <ele>43</ele>
      </trkpt>
      <trkpt lat="-20.93356009439883" lon="55.336509860968725">
        <ele>42</ele>
      </trkpt>
      <trkpt lat="-20.93325049484736" lon="55.33702998551822">
        <ele>36</ele>
      </trkpt>
      <trkpt lat="-20.932940055630155" lon="55.33750968587996">
        <ele>31</ele>
      </trkpt>
      <trkpt lat="-20.932766377192834" lon="55.33782140128354">
        <ele>28</ele>
      </trkpt>
      <trkpt lat="-20.93256081549714" lon="55.33818971055002">
        <ele>26</ele>
      </trkpt>
      <trkpt lat="-20.93264052312691" lon="55.33843944219902">
        <ele>18</ele>
      </trkpt>
      <trkpt lat="-20.932370356041574" lon="55.338579579383335">
        <ele>13</ele>
      </trkpt>
      <trkpt lat="-20.932150530289608" lon="55.338659529443625">
        <ele>12</ele>
      </trkpt>
      <trkpt lat="-20.931934899372152" lon="55.338645156399075">
        <ele>12</ele>
      </trkpt>
      <trkpt lat="-20.93170080942553" lon="55.33862988503924">
        <ele>12</ele>
      </trkpt>
      <trkpt lat="-20.931500280470672" lon="55.33858496927503">
        <ele>11</ele>
      </trkpt>
      <trkpt lat="-20.931290521862415" lon="55.338539155195555">
        <ele>10</ele>
      </trkpt>
      <trkpt lat="-20.93100021546405" lon="55.338819429564204">
        <ele>10</ele>
      </trkpt>
      <trkpt lat="-20.930570628085086" lon="55.338929922344136">
        <ele>9</ele>
      </trkpt>
      <trkpt lat="-20.93030045726653" lon="55.33902963534068">
        <ele>8</ele>
      </trkpt>
      <trkpt lat="-20.929960645451988" lon="55.33893980381226">
        <ele>8</ele>
      </trkpt>
      <trkpt lat="-20.929520147508125" lon="55.33898921115289">
        <ele>7</ele>
      </trkpt>
      <trkpt lat="-20.9291601967981" lon="55.33897932968477">
        <ele>6</ele>
      </trkpt>
      <trkpt lat="-20.92893029775683" lon="55.33886973522011">
        <ele>6</ele>
      </trkpt>
      <trkpt lat="-20.92888331104804" lon="55.338646953029645">
        <ele>5</ele>
      </trkpt>
      <trkpt lat="-20.928830450983035" lon="55.338399916326516">
        <ele>6</ele>
      </trkpt>
      <trkpt lat="-20.928629079135973" lon="55.33841878094748">
        <ele>5</ele>
      </trkpt>
      <trkpt lat="-20.928420155558573" lon="55.33843944219902">
        <ele>6</ele>
      </trkpt>
      <trkpt lat="-20.92813068265056" lon="55.338509510791184">
        <ele>5</ele>
      </trkpt>
      <trkpt lat="-20.92799056078115" lon="55.33853376530385">
        <ele>5</ele>
      </trkpt>
      <trkpt lat="-20.92799056078115" lon="55.33853376530385">
        <ele>5</ele>
      </trkpt>
      <trkpt lat="-20.92799056078115" lon="55.33853376530385">
        <ele>12</ele>
      </trkpt>
      <trkpt lat="-20.92773045396958" lon="55.338709835099536">
        <ele>4</ele>
      </trkpt>
      <trkpt lat="-20.927364625560735" lon="55.338956871802665">
        <ele>12</ele>
      </trkpt>
      <trkpt lat="-20.92714311434689" lon="55.33893621055113">
        <ele>3</ele>
      </trkpt>
      <trkpt lat="-20.92679238758856" lon="55.338803259889076">
        <ele>3</ele>
      </trkpt>
      <trkpt lat="-20.926440820947054" lon="55.33867030922703">
        <ele>3</ele>
      </trkpt>
      <trkpt lat="-20.925977657907154" lon="55.33849513774663">
        <ele>2</ele>
      </trkpt>
      <trkpt lat="-20.92575111024666" lon="55.33838464496668">
        <ele>3</ele>
      </trkpt>
      <trkpt lat="-20.92551197623344" lon="55.33807652282423">
        <ele>4</ele>
      </trkpt>
      <trkpt lat="-20.92546331031735" lon="55.338111557120314">
        <ele>2</ele>
      </trkpt>
      <trkpt lat="-20.92520068191116" lon="55.33832984773436">
        <ele>6</ele>
      </trkpt>
      <trkpt lat="-20.924950639103077" lon="55.338659529443625">
        <ele>7</ele>
      </trkpt>
      <trkpt lat="-20.9248340082546" lon="55.33898112631534">
        <ele>8</ele>
      </trkpt>
      <trkpt lat="-20.924710664740527" lon="55.339319791177445">
        <ele>8</ele>
      </trkpt>
      <trkpt lat="-20.924650251553746" lon="55.33958928576269">
        <ele>8</ele>
      </trkpt>
      <trkpt lat="-20.92451516086738" lon="55.34000340910866">
        <ele>8</ele>
      </trkpt>
      <trkpt lat="-20.92440020782719" lon="55.3403528537542">
        <ele>7</ele>
      </trkpt>
      <trkpt lat="-20.924260082469146" lon="55.340779553514146">
        <ele>7</ele>
      </trkpt>
      <trkpt lat="-20.924140094782967" lon="55.34126913534399">
        <ele>7</ele>
      </trkpt>
      <trkpt lat="-20.92396053261161" lon="55.34177937842537">
        <ele>7</ele>
      </trkpt>
      <trkpt lat="-20.92383970560884" lon="55.3421845186185">
        <ele>7</ele>
      </trkpt>
      <trkpt lat="-20.92373985544276" lon="55.342517793588925">
        <ele>7</ele>
      </trkpt>
      <trkpt lat="-20.923630775353356" lon="55.34287981464841">
        <ele>7</ele>
      </trkpt>
      <trkpt lat="-20.92347218954327" lon="55.343376583000534">
        <ele>6</ele>
      </trkpt>
      <trkpt lat="-20.92331360356537" lon="55.34387424966794">
        <ele>6</ele>
      </trkpt>
      <trkpt lat="-20.92315501741965" lon="55.34437101802005">
        <ele>6</ele>
      </trkpt>
      <trkpt lat="-20.923044258742166" lon="55.34471956435029">
        <ele>6</ele>
      </trkpt>
      <trkpt lat="-20.92291000568999" lon="55.34513997590326">
        <ele>6</ele>
      </trkpt>
      <trkpt lat="-20.922780787013696" lon="55.345629557733105">
        <ele>6</ele>
      </trkpt>
      <trkpt lat="-20.922650729142582" lon="55.34599966363016">
        <ele>6</ele>
      </trkpt>
      <trkpt lat="-20.922480395114867" lon="55.34638953246347">
        <ele>4</ele>
      </trkpt>
      <trkpt lat="-20.92227062387874" lon="55.34658985677183">
        <ele>5</ele>
      </trkpt>
      <trkpt lat="-20.921870379545677" lon="55.346639264112454">
        <ele>7</ele>
      </trkpt>
      <trkpt lat="-20.921720182759117" lon="55.34678928276492">
        <ele>13</ele>
      </trkpt>
      <trkpt lat="-20.921640469319627" lon="55.34689977554485">
        <ele>20</ele>
      </trkpt>
      <trkpt lat="-20.92169081465476" lon="55.34715938866196">
        <ele>31</ele>
      </trkpt>
      <trkpt lat="-20.92163040025057" lon="55.34738396748298">
        <ele>37</ele>
      </trkpt>
      <trkpt lat="-20.921560755837756" lon="55.347639987338965">
        <ele>56</ele>
      </trkpt>
      <trkpt lat="-20.921370282398836" lon="55.34754925749527">
        <ele>65</ele>
      </trkpt>
      <trkpt lat="-20.92112023319964" lon="55.34736959443845">
        <ele>66</ele>
      </trkpt>
      <trkpt lat="-20.920940667409997" lon="55.347379475906564">
        <ele>77</ele>
      </trkpt>
      <trkpt lat="-20.921060657657772" lon="55.347619326087425">
        <ele>83</ele>
      </trkpt>
      <trkpt lat="-20.920800538817215" lon="55.34760944461931">
        <ele>90</ele>
      </trkpt>
      <trkpt lat="-20.920720824888605" lon="55.34785917626829">
        <ele>98</ele>
      </trkpt>
      <trkpt lat="-20.92069061749406" lon="55.348129569168805">
        <ele>107</ele>
      </trkpt>
      <trkpt lat="-20.920400290558224" lon="55.34840984353745">
        <ele>114</ele>
      </trkpt>
      <trkpt lat="-20.920160308909267" lon="55.34861915099865">
        <ele>117</ele>
      </trkpt>
      <trkpt lat="-20.91997067278901" lon="55.34881947530702">
        <ele>123</ele>
      </trkpt>
      <trkpt lat="-20.919850681668628" lon="55.34911951261191">
        <ele>130</ele>
      </trkpt>
      <trkpt lat="-20.91997067278901" lon="55.349319836920266">
        <ele>136</ele>
      </trkpt>
      <trkpt lat="-20.919630837548485" lon="55.34940966844868">
        <ele>140</ele>
      </trkpt>
      <trkpt lat="-20.919343864967566" lon="55.34965490852125">
        <ele>142</ele>
      </trkpt>
      <trkpt lat="-20.918940256402088" lon="55.34999986159035">
        <ele>142</ele>
      </trkpt>
      <trkpt lat="-20.91850056516875" lon="55.35026935617558">
        <ele>141</ele>
      </trkpt>
      <trkpt lat="-20.918260580478215" lon="55.35042925629615">
        <ele>141</ele>
      </trkpt>
      <trkpt lat="-20.917940040886684" lon="55.35065922500889">
        <ele>140</ele>
      </trkpt>
      <trkpt lat="-20.917620339721292" lon="55.350839786380995">
        <ele>140</ele>
      </trkpt>
      <trkpt lat="-20.917150436508347" lon="55.3511398236859">
        <ele>142</ele>
      </trkpt>
      <trkpt lat="-20.916940657812706" lon="55.351349131147096">
        <ele>144</ele>
      </trkpt>
      <trkpt lat="-20.91682066426683" lon="55.35167971117165">
        <ele>146</ele>
      </trkpt>
      <trkpt lat="-20.91668053182243" lon="55.35198962994467">
        <ele>145</ele>
      </trkpt>
      <trkpt lat="-20.916500121596346" lon="55.35235973584173">
        <ele>145</ele>
      </trkpt>
      <trkpt lat="-20.916100700974543" lon="55.35261934895884">
        <ele>138</ele>
      </trkpt>
      <trkpt lat="-20.91577008730194" lon="55.352759486143164">
        <ele>135</ele>
      </trkpt>
      <trkpt lat="-20.915510798403908" lon="55.35276936761129">
        <ele>132</ele>
      </trkpt>
      <trkpt lat="-20.915196965933934" lon="55.352799012015666">
        <ele>128</ele>
      </trkpt>
      <trkpt lat="-20.914880615426345" lon="55.35282955473532">
        <ele>126</ele>
      </trkpt>
      <trkpt lat="-20.914550838191907" lon="55.35287986039124">
        <ele>125</ele>
      </trkpt>
      <trkpt lat="-20.914260499364715" lon="55.35289962332749">
        <ele>125</ele>
      </trkpt>
      <trkpt lat="-20.91394079035255" lon="55.35302987904368">
        <ele>124</ele>
      </trkpt>
      <trkpt lat="-20.91382079440563" lon="55.35320954210051">
        <ele>124</ele>
      </trkpt>
      <trkpt lat="-20.91345073637015" lon="55.35307928638431">
        <ele>119</ele>
      </trkpt>
      <trkpt lat="-20.913496049648057" lon="55.35349790130671">
        <ele>111</ele>
      </trkpt>
      <trkpt lat="-20.91353297156808" lon="55.353840159429964">
        <ele>109</ele>
      </trkpt>
      <trkpt lat="-20.913570732613245" lon="55.3541994855436">
        <ele>102</ele>
      </trkpt>
      <trkpt lat="-20.91364038073826" lon="55.35459923584504">
        <ele>95</ele>
      </trkpt>
      <trkpt lat="-20.913710028830923" lon="55.35489927314993">
        <ele>90</ele>
      </trkpt>
      <trkpt lat="-20.91340290567306" lon="55.35500168109232">
        <ele>94</ele>
      </trkpt>
      <trkpt lat="-20.91308067742134" lon="55.355109478926416">
        <ele>99</ele>
      </trkpt>
      <trkpt lat="-20.912710617559206" lon="55.35501964739801">
        <ele>103</ele>
      </trkpt>
      <trkpt lat="-20.912500832651222" lon="55.35517954751858">
        <ele>109</ele>
      </trkpt>
      <trkpt lat="-20.912680408550553" lon="55.35549934775973">
        <ele>118</ele>
      </trkpt>
      <trkpt lat="-20.912480693284618" lon="55.355599959071554">
        <ele>124</ele>
      </trkpt>
      <trkpt lat="-20.91255034191597" lon="55.355839809252416">
        <ele>136</ele>
      </trkpt>
      <trkpt lat="-20.91227006891345" lon="55.356289865209746">
        <ele>144</ele>
      </trkpt>
      <trkpt lat="-20.912080422812178" lon="55.356559359794986">
        <ele>145</ele>
      </trkpt>
      <trkpt lat="-20.911910076773378" lon="55.356839634163634">
        <ele>147</ele>
      </trkpt>
      <trkpt lat="-20.911750639418887" lon="55.35706960287637">
        <ele>147</ele>
      </trkpt>
      <trkpt lat="-20.91158029300543" lon="55.35756996448962">
        <ele>151</ele>
      </trkpt>
      <trkpt lat="-20.911492182715644" lon="55.35796162995349">
        <ele>154</ele>
      </trkpt>
      <trkpt lat="-20.9113604367572" lon="55.35854912814931">
        <ele>160</ele>
      </trkpt>
      <trkpt lat="-20.911230368977673" lon="55.35884916545421">
        <ele>161</ele>
      </trkpt>
      <trkpt lat="-20.910910653504622" lon="55.35907913416695">
        <ele>164</ele>
      </trkpt>
      <trkpt lat="-20.91076044573731" lon="55.35927945847531">
        <ele>167</ele>
      </trkpt>
      <trkpt lat="-20.910940862869815" lon="55.3595112238186">
        <ele>176</ele>
      </trkpt>
      <trkpt lat="-20.911210229440428" lon="55.359859770148844">
        <ele>184</ele>
      </trkpt>
      <trkpt lat="-20.9112505085122" lon="55.360189451858105">
        <ele>194</ele>
      </trkpt>
      <trkpt lat="-20.911400715788638" lon="55.360499370631125">
        <ele>200</ele>
      </trkpt>
      <trkpt lat="-20.9112505085122" lon="55.36089912093257">
        <ele>213</ele>
      </trkpt>
      <trkpt lat="-20.911200159670788" lon="55.36132941395367">
        <ele>213</ele>
      </trkpt>
      <trkpt lat="-20.91115064996026" lon="55.36167975691447">
        <ele>219</ele>
      </trkpt>
      <trkpt lat="-20.911030651780447" lon="55.36210915162028">
        <ele>226</ele>
      </trkpt>
      <trkpt lat="-20.910924919038948" lon="55.362466681103356">
        <ele>228</ele>
      </trkpt>
      <trkpt lat="-20.910790655132768" lon="55.362919432006564">
        <ele>234</ele>
      </trkpt>
      <trkpt lat="-20.910420589619093" lon="55.36330930083987">
        <ele>234</ele>
      </trkpt>
      <trkpt lat="-20.910230102025864" lon="55.36365964380067">
        <ele>232</ele>
      </trkpt>
      <trkpt lat="-20.910060593038992" lon="55.36394979963744">
        <ele>229</ele>
      </trkpt>
      <trkpt lat="-20.90970059559472" lon="55.36428936281484">
        <ele>226</ele>
      </trkpt>
      <trkpt lat="-20.90931877917918" lon="55.3645687388682">
        <ele>223</ele>
      </trkpt>
      <trkpt lat="-20.90893612263139" lon="55.36484811492156">
        <ele>217</ele>
      </trkpt>
      <trkpt lat="-20.90863989880003" lon="55.36506460890503">
        <ele>216</ele>
      </trkpt>
      <trkpt lat="-20.908250527208207" lon="55.3653493748501">
        <ele>213</ele>
      </trkpt>
      <trkpt lat="-20.907932483713946" lon="55.365460765945336">
        <ele>209</ele>
      </trkpt>
      <trkpt lat="-20.90757080282571" lon="55.36558922503096">
        <ele>211</ele>
      </trkpt>
      <trkpt lat="-20.907370241585994" lon="55.366189299640745">
        <ele>210</ele>
      </trkpt>
      <trkpt lat="-20.90712016903696" lon="55.366519879665304">
        <ele>208</ele>
      </trkpt>
      <trkpt lat="-20.906860026009923" lon="55.366679779785876">
        <ele>206</ele>
      </trkpt>
      <trkpt lat="-20.906530231136752" lon="55.36682979843833">
        <ele>206</ele>
      </trkpt>
      <trkpt lat="-20.906150085001624" lon="55.36703910589952">
        <ele>206</ele>
      </trkpt>
      <trkpt lat="-20.905830358698324" lon="55.36722954873976">
        <ele>208</ele>
      </trkpt>
      <trkpt lat="-20.905570213434277" lon="55.36739933032846">
        <ele>208</ele>
      </trkpt>
      <trkpt lat="-20.905150623347996" lon="55.36773979182114">
        <ele>209</ele>
      </trkpt>
      <trkpt lat="-20.90477047371645" lon="55.368209610714736">
        <ele>208</ele>
      </trkpt>
      <trkpt lat="-20.90445074447252" lon="55.36847910529997">
        <ele>207</ele>
      </trkpt>
      <trkpt lat="-20.904330740932117" lon="55.368779142604865">
        <ele>205</ele>
      </trkpt>
      <trkpt lat="-20.904510326614268" lon="55.3689695854451">
        <ele>203</ele>
      </trkpt>
      <trkpt lat="-20.90478054391779" lon="55.369529235867105">
        <ele>187</ele>
      </trkpt>
      <trkpt lat="-20.904540537268648" lon="55.369609185927395">
        <ele>178</ele>
      </trkpt>
      <trkpt lat="-20.90428038976769" lon="55.36955977858677">
        <ele>171</ele>
      </trkpt>
      <trkpt lat="-20.903950589222795" lon="55.36947982852648">
        <ele>165</ele>
      </trkpt>
      <trkpt lat="-20.90381044475139" lon="55.36948970999461">
        <ele>163</ele>
      </trkpt>
      <trkpt lat="-20.903550295984306" lon="55.36964961011518">
        <ele>161</ele>
      </trkpt>
      <trkpt lat="-20.903340498262896" lon="55.36987957882791">
        <ele>165</ele>
      </trkpt>
      <trkpt lat="-20.903480643173335" lon="55.37009966607252">
        <ele>169</ele>
      </trkpt>
      <trkpt lat="-20.903520085130506" lon="55.37026944766122">
        <ele>179</ele>
      </trkpt>
      <trkpt lat="-20.903250704748462" lon="55.370349397721505">
        <ele>182</ele>
      </trkpt>
      <trkpt lat="-20.903520085130506" lon="55.370559603497995">
        <ele>193</ele>
      </trkpt>
      <trkpt lat="-20.903340498262896" lon="55.370739266554814">
        <ele>200</ele>
      </trkpt>
      <trkpt lat="-20.90317014229724" lon="55.370969235267545">
        <ele>206</ele>
      </trkpt>
      <trkpt lat="-20.90303083628995" lon="55.37119920398029">
        <ele>211</ele>
      </trkpt>
      <trkpt lat="-20.902980484689206" lon="55.371799278590075">
        <ele>219</ele>
      </trkpt>
      <trkpt lat="-20.90293097226534" lon="55.372211605305495">
        <ele>225</ele>
      </trkpt>
      <trkpt lat="-20.902891530153294" lon="55.3725448802759">
        <ele>228</ele>
      </trkpt>
      <trkpt lat="-20.902850409642433" lon="55.37287995187687">
        <ele>226</ele>
      </trkpt>
      <trkpt lat="-20.902940203396465" lon="55.37313956499399">
        <ele>220</ele>
      </trkpt>
      <trkpt lat="-20.903220493834322" lon="55.373509670891046">
        <ele>215</ele>
      </trkpt>
      <trkpt lat="-20.903430291723577" lon="55.373819589664066">
        <ele>210</ele>
      </trkpt>
      <trkpt lat="-20.90323056413971" lon="55.37379982672782">
        <ele>208</ele>
      </trkpt>
      <trkpt lat="-20.903400080845596" lon="55.37403967690868">
        <ele>201</ele>
      </trkpt>
      <trkpt lat="-20.90346050259545" lon="55.37431995127731">
        <ele>186</ele>
      </trkpt>
      <trkpt lat="-20.90323056413971" lon="55.37438912155419">
        <ele>178</ele>
      </trkpt>
      <trkpt lat="-20.902980484689206" lon="55.37423910290174">
        <ele>166</ele>
      </trkpt>
      <trkpt lat="-20.903080348680852" lon="55.37449961433414">
        <ele>160</ele>
      </trkpt>
      <trkpt lat="-20.90299055501071" lon="55.37459932733068">
        <ele>152</ele>
      </trkpt>
      <trkpt lat="-20.902670821973132" lon="55.37448973286602">
        <ele>143</ele>
      </trkpt>
      <trkpt lat="-20.902760615834666" lon="55.37486972023119">
        <ele>128</ele>
      </trkpt>
      <trkpt lat="-20.902610399905235" lon="55.37496943322774">
        <ele>120</ele>
      </trkpt>
      <trkpt lat="-20.902320037961662" lon="55.37494967029148">
        <ele>109</ele>
      </trkpt>
      <trkpt lat="-20.902520605953807" lon="55.37519940194047">
        <ele>104</ele>
      </trkpt>
      <trkpt lat="-20.902270525319842" lon="55.3752595890645">
        <ele>89</ele>
      </trkpt>
      <trkpt lat="-20.902160590412603" lon="55.375419489185084">
        <ele>75</ele>
      </trkpt>
      <trkpt lat="-20.902360319420936" lon="55.375619813493444">
        <ele>64</ele>
      </trkpt>
      <trkpt lat="-20.90206072580871" lon="55.375689882085595">
        <ele>61</ele>
      </trkpt>
      <trkpt lat="-20.901810644408144" lon="55.37584978220618">
        <ele>51</ele>
      </trkpt>
      <trkpt lat="-20.901280269051604" lon="55.37562969496157">
        <ele>33</ele>
      </trkpt>
      <trkpt lat="-20.901040256802524" lon="55.375689882085595">
        <ele>26</ele>
      </trkpt>
      <trkpt lat="-20.900790173700972" lon="55.37567910230219">
        <ele>23</ele>
      </trkpt>
      <trkpt lat="-20.90050064744197" lon="55.37557938930564">
        <ele>20</ele>
      </trkpt>
      <trkpt lat="-20.900180069888922" lon="55.3754293706532">
        <ele>19</ele>
      </trkpt>
      <trkpt lat="-20.899850260330236" lon="55.37529911493701">
        <ele>19</ele>
      </trkpt>
      <trkpt lat="-20.8995103794922" lon="55.375219164876725">
        <ele>17</ele>
      </trkpt>
      <trkpt lat="-20.89925022326883" lon="55.37519940194047">
        <ele>17</ele>
      </trkpt>
      <trkpt lat="-20.898970764629603" lon="55.375419489185084">
        <ele>14</ele>
      </trkpt>
      <trkpt lat="-20.89871060747064" lon="55.37550932071349">
        <ele>13</ele>
      </trkpt>
      <trkpt lat="-20.898290158979574" lon="55.37558927077378">
        <ele>8</ele>
      </trkpt>
      <trkpt lat="-20.897810124531482" lon="55.375559626369395">
        <ele>8</ele>
      </trkpt>
      <trkpt lat="-20.897480309763694" lon="55.375449133589456">
        <ele>8</ele>
      </trkpt>
      <trkpt lat="-20.89715049427102" lon="55.375309894720424">
        <ele>9</ele>
      </trkpt>
      <trkpt lat="-20.896990202001383" lon="55.37543925212133">
        <ele>9</ele>
      </trkpt>
      <trkpt lat="-20.89686012176143" lon="55.37570964502184">
        <ele>9</ele>
      </trkpt>
      <trkpt lat="-20.89666038543156" lon="55.376179463915435">
        <ele>9</ele>
      </trkpt>
      <trkpt lat="-20.896538697201095" lon="55.37649746752602">
        <ele>9</ele>
      </trkpt>
      <trkpt lat="-20.89641029503025" lon="55.376829844181145">
        <ele>10</ele>
      </trkpt>
      <trkpt lat="-20.896160204212173" lon="55.37710922023451">
        <ele>10</ele>
      </trkpt>
      <trkpt lat="-20.895830385818225" lon="55.37732930747911">
        <ele>10</ele>
      </trkpt>
      <trkpt lat="-20.895500566699443" lon="55.37742991879094">
        <ele>10</ele>
      </trkpt>
      <trkpt lat="-20.895370485168286" lon="55.37769941337618">
        <ele>11</ele>
      </trkpt>
      <trkpt lat="-20.895340272667497" lon="55.377989569212936">
        <ele>17</ele>
      </trkpt>
      <trkpt lat="-20.895480425050383" lon="55.378299487985956">
        <ele>27</ele>
      </trkpt>
      <trkpt lat="-20.895480425050383" lon="55.37863994947865">
        <ele>39</ele>
      </trkpt>
      <trkpt lat="-20.895070038362178" lon="55.378689356819265">
        <ele>43</ele>
      </trkpt>
      <trkpt lat="-20.895070038362178" lon="55.37895974971979">
        <ele>55</ele>
      </trkpt>
      <trkpt lat="-20.895170746855822" lon="55.3792193628369">
        <ele>65</ele>
      </trkpt>
      <trkpt lat="-20.895270616045284" lon="55.37965953732612">
        <ele>78</ele>
      </trkpt>
      <trkpt lat="-20.895060806746887" lon="55.37957958726583">
        <ele>79</ele>
      </trkpt>
      <trkpt lat="-20.89474021757242" lon="55.37949963720555">
        <ele>88</ele>
      </trkpt>
      <trkpt lat="-20.894460750534446" lon="55.37943945008152">
        <ele>99</ele>
      </trkpt>
      <trkpt lat="-20.89451026575328" lon="55.37966941879424">
        <ele>104</ele>
      </trkpt>
      <trkpt lat="-20.894700773307303" lon="55.379919150443236">
        <ele>112</ele>
      </trkpt>
      <trkpt lat="-20.89461013538224" lon="55.38006916909567">
        <ele>120</ele>
      </trkpt>
      <trkpt lat="-20.8945505493091" lon="55.380189543343754">
        <ele>128</ele>
      </trkpt>
      <trkpt lat="-20.894730146697206" lon="55.38045993624427">
        <ele>138</ele>
      </trkpt>
      <trkpt lat="-20.894750288446946" lon="55.38062971783297">
        <ele>150</ele>
      </trkpt>
      <trkpt lat="-20.894480053079313" lon="55.38056953070893">
        <ele>154</ele>
      </trkpt>
      <trkpt lat="-20.894220727377725" lon="55.380499462116774">
        <ele>155</ele>
      </trkpt>
      <trkpt lat="-20.89436004156438" lon="55.38077973648542">
        <ele>172</ele>
      </trkpt>
      <trkpt lat="-20.894220727377725" lon="55.3808596865457">
        <ele>180</ele>
      </trkpt>
      <trkpt lat="-20.893970632910975" lon="55.38092975513787">
        <ele>192</ele>
      </trkpt>
      <trkpt lat="-20.894120018246603" lon="55.38110941819469">
        <ele>202</ele>
      </trkpt>
      <trkpt lat="-20.894140160078226" lon="55.38130974250305">
        <ele>206</ele>
      </trkpt>
      <trkpt lat="-20.89437850488061" lon="55.38159450844812">
        <ele>210</ele>
      </trkpt>
      <trkpt lat="-20.89469070242945" lon="55.381969105921584">
        <ele>218</ele>
      </trkpt>
      <trkpt lat="-20.895120392617443" lon="55.382419161878936">
        <ele>231</ele>
      </trkpt>
      <trkpt lat="-20.895408250785728" lon="55.382746148642354">
        <ele>238</ele>
      </trkpt>
      <trkpt lat="-20.895654146684628" lon="55.383026423011">
        <ele>244</ele>
      </trkpt>
      <trkpt lat="-20.895980608535393" lon="55.38339922385391">
        <ele>252</ele>
      </trkpt>
      <trkpt lat="-20.89614006265166" lon="55.383629192566644">
        <ele>258</ele>
      </trkpt>
      <trkpt lat="-20.89640274195796" lon="55.38384299160427">
        <ele>263</ele>
      </trkpt>
      <trkpt lat="-20.896690597666577" lon="55.38407924852399">
        <ele>269</ele>
      </trkpt>
      <trkpt lat="-20.89696082905383" lon="55.384399947080425">
        <ele>273</ele>
      </trkpt>
      <trkpt lat="-20.89727050355454" lon="55.384739510257816">
        <ele>277</ele>
      </trkpt>
      <trkpt lat="-20.89750045114434" lon="55.385009903158334">
        <ele>281</ele>
      </trkpt>
      <trkpt lat="-20.897740469055652" lon="55.38518956621515">
        <ele>284</ele>
      </trkpt>
      <trkpt lat="-20.89803167908295" lon="55.38536743264143">
        <ele>288</ele>
      </trkpt>
      <trkpt lat="-20.89836065341955" lon="55.385569553580346">
        <ele>297</ele>
      </trkpt>
      <trkpt lat="-20.898640113195068" lon="55.38569980929655">
        <ele>305</ele>
      </trkpt>
      <trkpt lat="-20.898910341071606" lon="55.385879472353366">
        <ele>316</ele>
      </trkpt>
      <trkpt lat="-20.899220011549147" lon="55.38604925394206">
        <ele>318</ele>
      </trkpt>
      <trkpt lat="-20.899470097267773" lon="55.38614986525389">
        <ele>322</ele>
      </trkpt>
      <trkpt lat="-20.899780605801464" lon="55.386409478371">
        <ele>329</ele>
      </trkpt>
      <trkpt lat="-20.900027333745758" lon="55.38667807464095">
        <ele>333</ele>
      </trkpt>
      <trkpt lat="-20.900340358751066" lon="55.387019434448916">
        <ele>335</ele>
      </trkpt>
      <trkpt lat="-20.900590442602354" lon="55.3873598959416">
        <ele>338</ele>
      </trkpt>
      <trkpt lat="-20.90077003276192" lon="55.38754944046654">
        <ele>343</ele>
      </trkpt>
      <trkpt lat="-20.90093032099379" lon="55.38776952771115">
        <ele>346</ele>
      </trkpt>
      <trkpt lat="-20.901060397705315" lon="55.3880498020798">
        <ele>346</ele>
      </trkpt>
      <trkpt lat="-20.901270198615304" lon="55.38833995791657">
        <ele>347</ele>
      </trkpt>
      <trkpt lat="-20.901420415886612" lon="55.38859957103368">
        <ele>347</ele>
      </trkpt>
      <trkpt lat="-20.90166042752754" lon="55.38875947115425">
        <ele>348</ele>
      </trkpt>
      <trkpt lat="-20.901960021939146" lon="55.389059508459155">
        <ele>354</ele>
      </trkpt>
      <trkpt lat="-20.902170660789118" lon="55.38922929004785">
        <ele>356</ele>
      </trkpt>
      <trkpt lat="-20.902330108327504" lon="55.38952932735274">
        <ele>360</ele>
      </trkpt>
      <trkpt lat="-20.902480324537574" lon="55.38983924612577">
        <ele>364</ele>
      </trkpt>
      <trkpt lat="-20.90258018886216" lon="55.390109639026285">
        <ele>367</ele>
      </trkpt>
      <trkpt lat="-20.90269012346193" lon="55.39037913361152">
        <ele>371</ele>
      </trkpt>
      <trkpt lat="-20.90291083161368" lon="55.39066928944829">
        <ele>372</ele>
      </trkpt>
      <trkpt lat="-20.903100489309764" lon="55.390849850820395">
        <ele>374</ele>
      </trkpt>
      <trkpt lat="-20.903410151138935" lon="55.391119345405635">
        <ele>378</ele>
      </trkpt>
      <trkpt lat="-20.903680370424237" lon="55.39123971965371">
        <ele>380</ele>
      </trkpt>
      <trkpt lat="-20.903930448708014" lon="55.39132955118211">
        <ele>386</ele>
      </trkpt>
      <trkpt lat="-20.904180526574912" lon="55.391469688366435">
        <ele>389</ele>
      </trkpt>
      <trkpt lat="-20.90444067424904" lon="55.39166911435952">
        <ele>393</ele>
      </trkpt>
      <trkpt lat="-20.904730192904342" lon="55.39193950726004">
        <ele>399</ele>
      </trkpt>
      <trkpt lat="-20.904950058872174" lon="55.39238956321737">
        <ele>403</ele>
      </trkpt>
      <trkpt lat="-20.905160693523822" lon="55.39273990617818">
        <ele>402</ele>
      </trkpt>
      <trkpt lat="-20.904930757674155" lon="55.393199843603654">
        <ele>402</ele>
      </trkpt>
      <trkpt lat="-20.90504069055136" lon="55.3935196438448">
        <ele>407</ele>
      </trkpt>
      <trkpt lat="-20.905000409811823" lon="55.393909512678114">
        <ele>413</ele>
      </trkpt>
      <trkpt lat="-20.904710052494238" lon="55.39413948139085">
        <ele>416</ele>
      </trkpt>
      <trkpt lat="-20.904480115953803" lon="55.39430926297955">
        <ele>417</ele>
      </trkpt>
      <trkpt lat="-20.90437018266577" lon="55.394599418816306">
        <ele>419</ele>
      </trkpt>
      <trkpt lat="-20.90458081813168" lon="55.395209374894236">
        <ele>422</ele>
      </trkpt>
      <trkpt lat="-20.904620259799586" lon="55.395519293667256">
        <ele>425</ele>
      </trkpt>
      <trkpt lat="-20.90482082471639" lon="55.395969349624586">
        <ele>425</ele>
      </trkpt>
      <trkpt lat="-20.904980269437985" lon="55.396349336989786">
        <ele>419</ele>
      </trkpt>
      <trkpt lat="-20.904980269437985" lon="55.396639492826544">
        <ele>416</ele>
      </trkpt>
      <trkpt lat="-20.904930757674155" lon="55.396969174535826">
        <ele>416</ele>
      </trkpt>
      <trkpt lat="-20.905160693523822" lon="55.39750996033686">
        <ele>409</ele>
      </trkpt>
      <trkpt lat="-20.905400699180728" lon="55.39773992904959">
        <ele>409</ele>
      </trkpt>
      <trkpt lat="-20.90522027538357" lon="55.397979779230454">
        <ele>404</ele>
      </trkpt>
      <trkpt lat="-20.904960129061454" lon="55.3981297978829">
        <ele>401</ele>
      </trkpt>
      <trkpt lat="-20.904873693248113" lon="55.398288799688196">
        <ele>402</ele>
      </trkpt>
      <trkpt lat="-20.90507341864428" lon="55.39845408970048">
        <ele>401</ele>
      </trkpt>
      <trkpt lat="-20.905143070715706" lon="55.39851966671621">
        <ele>402</ele>
      </trkpt>
      <trkpt lat="-20.905044886461116" lon="55.39865980390053">
        <ele>402</ele>
      </trkpt>
      <trkpt lat="-20.90490558219476" lon="55.398668787053374">
        <ele>403</ele>
      </trkpt>
      <trkpt lat="-20.904709213310433" lon="55.39858973530837">
        <ele>404</ele>
      </trkpt>
      <trkpt lat="-20.904385288007834" lon="55.39850170041053">
        <ele>404</ele>
      </trkpt>
      <trkpt lat="-20.90423759126463" lon="55.39851068356337">
        <ele>409</ele>
      </trkpt>
      <trkpt lat="-20.90415367259576" lon="55.398297782841034">
        <ele>420</ele>
      </trkpt>
      <trkpt lat="-20.903991709432084" lon="55.39807679728114">
        <ele>417</ele>
      </trkpt>
      <trkpt lat="-20.90378023394998" lon="55.39798966069858">
        <ele>423</ele>
      </trkpt>
      <trkpt lat="-20.903500783748502" lon="55.39803996635449">
        <ele>424</ele>
      </trkpt>
      <trkpt lat="-20.903020765971156" lon="55.39813967935103">
        <ele>432</ele>
      </trkpt>
      <trkpt lat="-20.902610399905235" lon="55.39840917393627">
        <ele>441</ele>
      </trkpt>
      <trkpt lat="-20.902260454950007" lon="55.39874963542894">
        <ele>447</ele>
      </trkpt>
      <trkpt lat="-20.90206072580871" lon="55.39907931713821">
        <ele>450</ele>
      </trkpt>
      <trkpt lat="-20.901880297994477" lon="55.399619204623974">
        <ele>456</ele>
      </trkpt>
      <trkpt lat="-20.901790503606076" lon="55.400149210641615">
        <ele>457</ele>
      </trkpt>
      <trkpt lat="-20.90177036280128" lon="55.40055974072644">
        <ele>458</ele>
      </trkpt>
      <trkpt lat="-20.901750221993805" lon="55.40121910414499">
        <ele>458</ele>
      </trkpt>
      <trkpt lat="-20.901720010777506" lon="55.401629634229835">
        <ele>459</ele>
      </trkpt>
      <trkpt lat="-20.90171077957132" lon="55.40201950306314">
        <ele>459</ele>
      </trkpt>
      <trkpt lat="-20.90177036280128" lon="55.40254950908077">
        <ele>460</ele>
      </trkpt>
      <trkpt lat="-20.90191050917849" lon="55.403189109563066">
        <ele>460</ele>
      </trkpt>
      <trkpt lat="-20.9020506554248" lon="55.403689471176314">
        <ele>460</ele>
      </trkpt>
      <trkpt lat="-20.902070796191946" lon="55.40403172929956">
        <ele>458</ele>
      </trkpt>
      <trkpt lat="-20.902090097757927" lon="55.40438925878265">
        <ele>454</ele>
      </trkpt>
      <trkpt lat="-20.902180731164986" lon="55.40455993868664">
        <ele>450</ele>
      </trkpt>
      <trkpt lat="-20.902180731164986" lon="55.40455993868664">
        <ele>452</ele>
      </trkpt>
      <trkpt lat="-20.902120308899693" lon="55.40464977021505">
        <ele>444</ele>
      </trkpt>
      <trkpt lat="-20.90206072580871" lon="55.4047593646797">
        <ele>444</ele>
      </trkpt>
      <trkpt lat="-20.90206072580871" lon="55.4048896203959">
        <ele>444</ele>
      </trkpt>
      <trkpt lat="-20.90211023851979" lon="55.40493992605182">
        <ele>436</ele>
      </trkpt>
      <trkpt lat="-20.902220173463927" lon="55.40499921486056">
        <ele>436</ele>
      </trkpt>
      <trkpt lat="-20.90244004311054" lon="55.405089944704265">
        <ele>436</ele>
      </trkpt>
      <trkpt lat="-20.9025600481634" lon="55.405149233513015">
        <ele>435</ele>
      </trkpt>
      <trkpt lat="-20.903000625331543" lon="55.4051896577008">
        <ele>436</ele>
      </trkpt>
      <trkpt lat="-20.903020765971156" lon="55.40520942063705">
        <ele>418</ele>
      </trkpt>
      <trkpt lat="-20.90303083628995" lon="55.4052399633567">
        <ele>418</ele>
      </trkpt>
      <trkpt lat="-20.903000625331543" lon="55.40528937069733">
        <ele>418</ele>
      </trkpt>
      <trkpt lat="-20.902930133071575" lon="55.40532979488512">
        <ele>418</ele>
      </trkpt>
      <trkpt lat="-20.90282019864769" lon="55.40536932075762">
        <ele>432</ele>
      </trkpt>
      <trkpt lat="-20.90258018886216" lon="55.405479813537575">
        <ele>428</ele>
      </trkpt>
      <trkpt lat="-20.90237206817786" lon="55.40549238995155">
        <ele>415</ele>
      </trkpt>
      <trkpt lat="-20.902048137828707" lon="55.40555976359786">
        <ele>411</ele>
      </trkpt>
      <trkpt lat="-20.901804770007814" lon="55.405606475992634">
        <ele>406</ele>
      </trkpt>
      <trkpt lat="-20.901620145880354" lon="55.40569181594463">
        <ele>404</ele>
      </trkpt>
      <trkpt lat="-20.90140950625746" lon="55.40583734302064">
        <ele>400</ele>
      </trkpt>
      <trkpt lat="-20.90126012817832" lon="55.405948734115874">
        <ele>397</ele>
      </trkpt>
      <trkpt lat="-20.90146741120317" lon="55.40598915830367">
        <ele>393</ele>
      </trkpt>
      <trkpt lat="-20.901622663483614" lon="55.406097854453044">
        <ele>390</ele>
      </trkpt>
      <trkpt lat="-20.90172588518115" lon="55.40614995673953">
        <ele>385</ele>
      </trkpt>
      <trkpt lat="-20.90192393636944" lon="55.40612570222685">
        <ele>381</ele>
      </trkpt>
      <trkpt lat="-20.902170660789118" lon="55.406266737726455">
        <ele>373</ele>
      </trkpt>
      <trkpt lat="-20.902331786721746" lon="55.406339501264476">
        <ele>371</ele>
      </trkpt>
      <trkpt lat="-20.902358641027025" lon="55.406462570458395">
        <ele>367</ele>
      </trkpt>
      <trkpt lat="-20.902377942555976" lon="55.40659372448987">
        <ele>373</ele>
      </trkpt>
      <trkpt lat="-20.902358641027025" lon="55.40671409873795">
        <ele>373</ele>
      </trkpt>
      <trkpt lat="-20.902290666057482" lon="55.4067392515659">
        <ele>381</ele>
      </trkpt>
      <trkpt lat="-20.902290666057482" lon="55.4067392515659">
        <ele>362</ele>
      </trkpt>
      <trkpt lat="-20.902025479462043" lon="55.407170442902284">
        <ele>377</ele>
      </trkpt>
      <trkpt lat="-20.90191050917849" lon="55.40755941342031">
        <ele>384</ele>
      </trkpt>
      <trkpt lat="-20.901720010777506" lon="55.40786933219333">
        <ele>384</ele>
      </trkpt>
      <trkpt lat="-20.901580703423672" lon="55.408439762398736">
        <ele>382</ele>
      </trkpt>
      <trkpt lat="-20.901530351336238" lon="55.40872991823551">
        <ele>381</ele>
      </trkpt>
      <trkpt lat="-20.90145062716324" lon="55.40907936288104">
        <ele>380</ele>
      </trkpt>
      <trkpt lat="-20.901240826505568" lon="55.4093192130619">
        <ele>380</ele>
      </trkpt>
      <trkpt lat="-20.901120820397466" lon="55.409669556022706">
        <ele>381</ele>
      </trkpt>
      <trkpt lat="-20.90116026297506" lon="55.40994983039135">
        <ele>384</ele>
      </trkpt>
      <trkpt lat="-20.90152028091672" lon="55.4103199362884">
        <ele>394</ele>
      </trkpt>
      <trkpt lat="-20.901545456964232" lon="55.410531938695456">
        <ele>396</ele>
      </trkpt>
      <trkpt lat="-20.90183078520751" lon="55.41065949946581">
        <ele>403</ele>
      </trkpt>
      <trkpt lat="-20.902056529815486" lon="55.410932587312175">
        <ele>408</ele>
      </trkpt>
      <trkpt lat="-20.902263811740024" lon="55.41097750307638">
        <ele>413</ele>
      </trkpt>
      <trkpt lat="-20.902375424965385" lon="55.41080412822655">
        <ele>416</ele>
      </trkpt>
      <trkpt lat="-20.90235528423912" lon="55.410557091523415">
        <ele>419</ele>
      </trkpt>
      <trkpt lat="-20.902402279262844" lon="55.41032442786483">
        <ele>418</ele>
      </trkpt>
      <trkpt lat="-20.902454309450523" lon="55.41006750969357">
        <ele>421</ele>
      </trkpt>
      <trkpt lat="-20.90258858081918" lon="55.40986359212407">
        <ele>419</ele>
      </trkpt>
      <trkpt lat="-20.902750545497728" lon="55.409619250366795">
        <ele>423</ele>
      </trkpt>
      <trkpt lat="-20.903340498262896" lon="55.40943958730996">
        <ele>428</ele>
      </trkpt>
      <trkpt lat="-20.903590577113246" lon="55.4094494687781">
        <ele>434</ele>
      </trkpt>
      <trkpt lat="-20.90382051501717" lon="55.409579724494286">
        <ele>442</ele>
      </trkpt>
      <trkpt lat="-20.904020241815576" lon="55.409729743146734">
        <ele>448</ele>
      </trkpt>
      <trkpt lat="-20.90430053023549" lon="55.40963991161833">
        <ele>450</ele>
      </trkpt>
      <trkpt lat="-20.904670610849944" lon="55.40975938755112">
        <ele>451</ele>
      </trkpt>
      <trkpt lat="-20.904564873624686" lon="55.410146561438566">
        <ele>455</ele>
      </trkpt>
      <trkpt lat="-20.904752011678916" lon="55.41017261258181">
        <ele>461</ele>
      </trkpt>
      <trkpt lat="-20.90492236584817" lon="55.40999474615556">
        <ele>461</ele>
      </trkpt>
      <trkpt lat="-20.90508600637043" lon="55.410016305722365">
        <ele>463</ele>
      </trkpt>
      <trkpt lat="-20.90527650049713" lon="55.41009715409794">
        <ele>463</ele>
      </trkpt>
      <trkpt lat="-20.905626438416657" lon="55.410351377323344">
        <ele>471</ele>
      </trkpt>
      <trkpt lat="-20.905771616258782" lon="55.41040797118626">
        <ele>474</ele>
      </trkpt>
      <trkpt lat="-20.90592434655375" lon="55.41037742846659">
        <ele>475</ele>
      </trkpt>
      <trkpt lat="-20.9060300828207" lon="55.410404377925104">
        <ele>478</ele>
      </trkpt>
      <trkpt lat="-20.906125748902763" lon="55.41038192004301">
        <ele>478</ele>
      </trkpt>
      <trkpt lat="-20.906366592190064" lon="55.410245376119825">
        <ele>480</ele>
      </trkpt>
      <trkpt lat="-20.906497503361695" lon="55.41020315530147">
        <ele>480</ele>
      </trkpt>
      <trkpt lat="-20.90667121223998" lon="55.410222019922436">
        <ele>481</ele>
      </trkpt>
      <trkpt lat="-20.906759325362202" lon="55.41031364808141">
        <ele>482</ele>
      </trkpt>
      <trkpt lat="-20.906575546505824" lon="55.41037742846659">
        <ele>484</ele>
      </trkpt>
      <trkpt lat="-20.906355682920598" lon="55.410506785867504">
        <ele>486</ele>
      </trkpt>
      <trkpt lat="-20.906165190164433" lon="55.4105975157112">
        <ele>488</ele>
      </trkpt>
      <trkpt lat="-20.906058614816466" lon="55.41068914387018">
        <ele>489</ele>
      </trkpt>
      <trkpt lat="-20.90598392811016" lon="55.41077178887632">
        <ele>492</ele>
      </trkpt>
      <trkpt lat="-20.9060015508195" lon="55.41085353556717">
        <ele>490</ele>
      </trkpt>
      <trkpt lat="-20.90612910560628" lon="55.41082119621695">
        <ele>493</ele>
      </trkpt>
      <trkpt lat="-20.90623232420303" lon="55.41074573773308">
        <ele>493</ele>
      </trkpt>
      <trkpt lat="-20.90633806025288" lon="55.410787060236146">
        <ele>494</ele>
      </trkpt>
      <trkpt lat="-20.906416103479955" lon="55.41087060355757">
        <ele>496</ele>
      </trkpt>
      <trkpt lat="-20.906345612825014" lon="55.41093528225802">
        <ele>499</ele>
      </trkpt>
      <trkpt lat="-20.906246590182366" lon="55.410973011499955">
        <ele>499</ele>
      </trkpt>
      <trkpt lat="-20.906140014892223" lon="55.411098775639736">
        <ele>500</ele>
      </trkpt>
      <trkpt lat="-20.906101412799956" lon="55.41134850728872">
        <ele>503</ele>
      </trkpt>
      <trkpt lat="-20.9060905035112" lon="55.41156859453333">
        <ele>505</ele>
      </trkpt>
      <trkpt lat="-20.906140014892223" lon="55.411739274437316">
        <ele>508</ele>
      </trkpt>
      <trkpt lat="-20.906440439531707" lon="55.41197912461818">
        <ele>518</ele>
      </trkpt>
      <trkpt lat="-20.906530231136752" lon="55.412319586110854">
        <ele>522</ele>
      </trkpt>
      <trkpt lat="-20.906660302992673" lon="55.412679810539785">
        <ele>523</ele>
      </trkpt>
      <trkpt lat="-20.906730793499726" lon="55.41304991643684">
        <ele>525</ele>
      </trkpt>
      <trkpt lat="-20.906828137478787" lon="55.41317927383776">
        <ele>529</ele>
      </trkpt>
      <trkpt lat="-20.906848277604514" lon="55.412941220287465">
        <ele>527</ele>
      </trkpt>
      <trkpt lat="-20.90686254352525" lon="55.412679810539785">
        <ele>531</ele>
      </trkpt>
      <trkpt lat="-20.906901145421646" lon="55.412413909215694">
        <ele>533</ele>
      </trkpt>
      <trkpt lat="-20.907039608663915" lon="55.41198541282517">
        <ele>536</ele>
      </trkpt>
      <trkpt lat="-20.907085763049608" lon="55.412009667337834">
        <ele>539</ele>
      </trkpt>
      <trkpt lat="-20.907090798072634" lon="55.4120680578313">
        <ele>540</ele>
      </trkpt>
      <trkpt lat="-20.90715541418656" lon="55.412130939901196">
        <ele>543</ele>
      </trkpt>
      <trkpt lat="-20.90725863207703" lon="55.41215339778329">
        <ele>548</ele>
      </trkpt>
      <trkpt lat="-20.90732660479538" lon="55.412209991646186">
        <ele>549</ele>
      </trkpt>
      <trkpt lat="-20.907351779868442" lon="55.412269280454936">
        <ele>550</ele>
      </trkpt>
      <trkpt lat="-20.907312338918793" lon="55.41233485747069">
        <ele>550</ele>
      </trkpt>
      <trkpt lat="-20.907350940699402" lon="55.41241031595455">
        <ele>552</ele>
      </trkpt>
      <trkpt lat="-20.907325765626208" lon="55.41251991041921">
        <ele>552</ele>
      </trkpt>
      <trkpt lat="-20.907577516168004" lon="55.41276335386121">
        <ele>555</ele>
      </trkpt>
      <trkpt lat="-20.90786451127018" lon="55.412978949529396">
        <ele>560</ele>
      </trkpt>
      <trkpt lat="-20.9080482885472" lon="55.41312717155128">
        <ele>562</ele>
      </trkpt>
      <trkpt lat="-20.90823206559902" lon="55.41327090199673">
        <ele>565</ele>
      </trkpt>
      <trkpt lat="-20.90848045796871" lon="55.413509853862315">
        <ele>569</ele>
      </trkpt>
      <trkpt lat="-20.908717101667982" lon="55.41372275458466">
        <ele>573</ele>
      </trkpt>
      <trkpt lat="-20.908715423345193" lon="55.41390780753317">
        <ele>572</ele>
      </trkpt>
      <trkpt lat="-20.908827031770066" lon="55.41417011559614">
        <ele>571</ele>
      </trkpt>
      <trkpt lat="-20.908785073725333" lon="55.414566272636435">
        <ele>569</ele>
      </trkpt>
      <trkpt lat="-20.90887150728464" lon="55.41498488755884">
        <ele>568</ele>
      </trkpt>
      <trkpt lat="-20.90870283592364" lon="55.41534421367248">
        <ele>553</ele>
      </trkpt>
      <trkpt lat="-20.908430108197276" lon="55.415889491049946">
        <ele>563</ele>
      </trkpt>
      <trkpt lat="-20.90843766066408" lon="55.41604759453996">
        <ele>561</ele>
      </trkpt>
      <trkpt lat="-20.908610528133316" lon="55.41609969682643">
        <ele>572</ele>
      </trkpt>
      <trkpt lat="-20.908890807975553" lon="55.41617964688672">
        <ele>575</ele>
      </trkpt>
      <trkpt lat="-20.90920045785091" lon="55.416349428475414">
        <ele>587</ele>
      </trkpt>
      <trkpt lat="-20.90937080696774" lon="55.416199409822966">
        <ele>595</ele>
      </trkpt>
      <trkpt lat="-20.909440457043516" lon="55.415959559642104">
        <ele>602</ele>
      </trkpt>
      <trkpt lat="-20.909610805887716" lon="55.41570982799312">
        <ele>610</ele>
      </trkpt>
      <trkpt lat="-20.90981052497589" lon="55.41555980934068">
        <ele>615</ele>
      </trkpt>
      <trkpt lat="-20.91006143219286" lon="55.41558496216863">
        <ele>617</ele>
      </trkpt>
      <trkpt lat="-20.910390380149067" lon="55.41561999646471">
        <ele>619</ele>
      </trkpt>
      <trkpt lat="-20.910712614182067" lon="55.41563886108568">
        <ele>626</ele>
      </trkpt>
      <trkpt lat="-20.911050791341804" lon="55.415659522337215">
        <ele>634</ele>
      </trkpt>
      <trkpt lat="-20.911220299209397" lon="55.41585984664557">
        <ele>638</ele>
      </trkpt>
      <trkpt lat="-20.91155008376906" lon="55.41633954700729">
        <ele>650</ele>
      </trkpt>
      <trkpt lat="-20.91177077888354" lon="55.416479684191614">
        <ele>653</ele>
      </trkpt>
      <trkpt lat="-20.911910076773378" lon="55.41674917877685">
        <ele>663</ele>
      </trkpt>
      <trkpt lat="-20.91218028074496" lon="55.41687943449304">
        <ele>669</ele>
      </trkpt>
      <trkpt lat="-20.912410205480192" lon="55.41705999586516">
        <ele>678</ele>
      </trkpt>
      <trkpt lat="-20.912780266083754" lon="55.41719923473419">
        <ele>686</ele>
      </trkpt>
      <trkpt lat="-20.913090747064686" lon="55.41721989598573">
        <ele>697</ele>
      </trkpt>
      <trkpt lat="-20.91351031493642" lon="55.41744986469846">
        <ele>702</ele>
      </trkpt>
      <trkpt lat="-20.91382079440563" lon="55.4176798334112">
        <ele>705</ele>
      </trkpt>
      <trkpt lat="-20.914010438305677" lon="55.41785949646802">
        <ele>708</ele>
      </trkpt>
      <trkpt lat="-20.914120364527296" lon="55.41824936530133">
        <ele>708</ele>
      </trkpt>
      <trkpt lat="-20.91404064704636" lon="55.418539521138094">
        <ele>707</ele>
      </trkpt>
      <trkpt lat="-20.913830024866495" lon="55.4188898640989">
        <ele>707</ele>
      </trkpt>
      <trkpt lat="-20.91380065521631" lon="55.419229427276306">
        <ele>706</ele>
      </trkpt>
      <trkpt lat="-20.91372009843201" lon="55.4194899387087">
        <ele>706</ele>
      </trkpt>
      <trkpt lat="-20.9134616451235" lon="55.41968397481006">
        <ele>714</ele>
      </trkpt>
      <trkpt lat="-20.913200673960585" lon="55.41987980754201">
        <ele>715</ele>
      </trkpt>
      <trkpt lat="-20.913040398841183" lon="55.420159183595366">
        <ele>716</ele>
      </trkpt>
      <trkpt lat="-20.912700547890324" lon="55.4202193707194">
        <ele>717</ele>
      </trkpt>
      <trkpt lat="-20.912500832651222" lon="55.420629900804244">
        <ele>716</ele>
      </trkpt>
      <trkpt lat="-20.91238083555191" lon="55.420939819577264">
        <ele>715</ele>
      </trkpt>
      <trkpt lat="-20.912060283389113" lon="55.42129914569092">
        <ele>715</ele>
      </trkpt>
      <trkpt lat="-20.911680151271263" lon="55.421369214283075">
        <ele>716</ele>
      </trkpt>
      <trkpt lat="-20.911270648044027" lon="55.421409638470855">
        <ele>718</ele>
      </trkpt>
      <trkpt lat="-20.911220299209397" lon="55.42184981296008">
        <ele>719</ele>
      </trkpt>
      <trkpt lat="-20.91108016153061" lon="55.422279207665895">
        <ele>719</ele>
      </trkpt>
      <trkpt lat="-20.910950093507978" lon="55.42255948203453">
        <ele>719</ele>
      </trkpt>
      <trkpt lat="-20.91063037743736" lon="55.42269961921886">
        <ele>711</ele>
      </trkpt>
      <trkpt lat="-20.91033080034317" lon="55.42279933221539">
        <ele>707</ele>
      </trkpt>
      <trkpt lat="-20.910010243798077" lon="55.42286940080755">
        <ele>704</ele>
      </trkpt>
      <trkpt lat="-20.90970730884168" lon="55.422998758208465">
        <ele>704</ele>
      </trkpt>
      <trkpt lat="-20.90938003770254" lon="55.42313979370808">
        <ele>696</ele>
      </trkpt>
      <trkpt lat="-20.90910059793386" lon="55.42324938817274">
        <ele>692</ele>
      </trkpt>
      <trkpt lat="-20.90873052824965" lon="55.42343983101296">
        <ele>687</ele>
      </trkpt>
      <trkpt lat="-20.908350387691293" lon="55.42360961260167">
        <ele>682</ele>
      </trkpt>
      <trkpt lat="-20.908090246798047" lon="55.42365991825757">
        <ele>682</ele>
      </trkpt>
      <trkpt lat="-20.907800734628275" lon="55.423879107186906">
        <ele>684</ele>
      </trkpt>
      <trkpt lat="-20.907512900235904" lon="55.424106380953795">
        <ele>684</ele>
      </trkpt>
      <trkpt lat="-20.907130239080548" lon="55.42440911320453">
        <ele>678</ele>
      </trkpt>
      <trkpt lat="-20.90692044636611" lon="55.42455913185699">
        <ele>676</ele>
      </trkpt>
      <trkpt lat="-20.90654030121996" lon="55.42485916916188">
        <ele>671</ele>
      </trkpt>
      <trkpt lat="-20.906240715955736" lon="55.425119680594264">
        <ele>671</ele>
      </trkpt>
      <trkpt lat="-20.906060293168995" lon="55.425499667959464">
        <ele>671</ele>
      </trkpt>
      <trkpt lat="-20.905810218435935" lon="55.42570987373593">
        <ele>671</ele>
      </trkpt>
      <trkpt lat="-20.905530772016142" lon="55.42587965532464">
        <ele>675</ele>
      </trkpt>
      <trkpt lat="-20.90538475476088" lon="55.4260575217509">
        <ele>678</ele>
      </trkpt>
      <trkpt lat="-20.90547035110017" lon="55.426279405626076">
        <ele>678</ele>
      </trkpt>
      <trkpt lat="-20.90559035372889" lon="55.426559679994725">
        <ele>678</ele>
      </trkpt>
      <trkpt lat="-20.90564070445361" lon="55.426819293111826">
        <ele>678</ele>
      </trkpt>
      <trkpt lat="-20.905541681345596" lon="55.42699715953808">
        <ele>678</ele>
      </trkpt>
      <trkpt lat="-20.905440140633054" lon="55.427179517540765">
        <ele>678</ele>
      </trkpt>
      <trkpt lat="-20.90522027538357" lon="55.42743913065787">
        <ele>675</ele>
      </trkpt>
      <trkpt lat="-20.904990339625236" lon="55.42772928649463">
        <ele>671</ele>
      </trkpt>
      <trkpt lat="-20.90488879853947" lon="55.427780490465835">
        <ele>670</ele>
      </trkpt>
      <trkpt lat="-20.90479648840186" lon="55.42790355965976">
        <ele>666</ele>
      </trkpt>
      <trkpt lat="-20.90482082471639" lon="55.4280598665192">
        <ele>664</ele>
      </trkpt>
      <trkpt lat="-20.90465047043181" lon="55.428349124040686">
        <ele>651</ele>
      </trkpt>
      <trkpt lat="-20.90446165388052" lon="55.428539566880914">
        <ele>648</ele>
      </trkpt>
      <trkpt lat="-20.904410463574568" lon="55.42882972271768">
        <ele>647</ele>
      </trkpt>
      <trkpt lat="-20.904360112436894" lon="55.42923935448725">
        <ele>645</ele>
      </trkpt>
      <trkpt lat="-20.90425017906091" lon="55.42957981597992">
        <ele>644</ele>
      </trkpt>
      <trkpt lat="-20.904160386091" lon="55.42996968481324">
        <ele>644</ele>
      </trkpt>
      <trkpt lat="-20.90399674455898" lon="55.430130483249094">
        <ele>643</ele>
      </trkpt>
      <trkpt lat="-20.903786108272946" lon="55.4301529411312">
        <ele>642</ele>
      </trkpt>
      <trkpt lat="-20.903660229873182" lon="55.43030924799063">
        <ele>644</ele>
      </trkpt>
      <trkpt lat="-20.90350665808243" lon="55.4303847064745">
        <ele>643</ele>
      </trkpt>
      <trkpt lat="-20.90323056413971" lon="55.430359553646554">
        <ele>641</ele>
      </trkpt>
      <trkpt lat="-20.9028898517653" lon="55.43029218000024">
        <ele>635</ele>
      </trkpt>
      <trkpt lat="-20.902470254181832" lon="55.430209534994106">
        <ele>632</ele>
      </trkpt>
      <trkpt lat="-20.902163947204848" lon="55.430081075908475">
        <ele>629</ele>
      </trkpt>
      <trkpt lat="-20.902065761000397" lon="55.430009210685746">
        <ele>619</ele>
      </trkpt>
      <trkpt lat="-20.902007017086685" lon="55.43009994052944">
        <ele>626</ele>
      </trkpt>
      <trkpt lat="-20.901863514000727" lon="55.430185280481425">
        <ele>624</ele>
      </trkpt>
      <trkpt lat="-20.901731759584568" lon="55.430185280481425">
        <ele>623</ele>
      </trkpt>
      <trkpt lat="-20.901627698690024" lon="55.4302319928762">
        <ele>620</ele>
      </trkpt>
      <trkpt lat="-20.90158825623532" lon="55.430135873140806">
        <ele>620</ele>
      </trkpt>
      <trkpt lat="-20.9014850344431" lon="55.42996788818266">
        <ele>617</ele>
      </trkpt>
      <trkpt lat="-20.901271037818358" lon="55.42995621008397">
        <ele>610</ele>
      </trkpt>
      <trkpt lat="-20.90117117262235" lon="55.42993015894073">
        <ele>608</ele>
      </trkpt>
      <trkpt lat="-20.900854792528904" lon="55.42986817518613">
        <ele>604</ele>
      </trkpt>
      <trkpt lat="-20.90074905261417" lon="55.429877158338975">
        <ele>601</ele>
      </trkpt>
      <trkpt lat="-20.900624850079492" lon="55.42978014028829">
        <ele>598</ele>
      </trkpt>
      <trkpt lat="-20.90058624656802" lon="55.42993824377829">
        <ele>591</ele>
      </trkpt>
      <trkpt lat="-20.900443581330812" lon="55.42986817518613">
        <ele>592</ele>
      </trkpt>
      <trkpt lat="-20.90023545768263" lon="55.42996698986739">
        <ele>585</ele>
      </trkpt>
      <trkpt lat="-20.900005514284043" lon="55.43007658433205">
        <ele>579</ele>
      </trkpt>
      <trkpt lat="-20.89976969605307" lon="55.4303847064745">
        <ele>569</ele>
      </trkpt>
      <trkpt lat="-20.89957499887131" lon="55.43040985930246">
        <ele>567</ele>
      </trkpt>
      <trkpt lat="-20.899440724805647" lon="55.43051316556013">
        <ele>565</ele>
      </trkpt>
      <trkpt lat="-20.89917217631385" lon="55.43046016495836">
        <ele>562</ele>
      </trkpt>
      <trkpt lat="-20.89894474893401" lon="55.43050418240729">
        <ele>560</ele>
      </trkpt>
      <trkpt lat="-20.898772709543127" lon="55.430644319591615">
        <ele>557</ele>
      </trkpt>
      <trkpt lat="-20.898601509172977" lon="55.430917407437974">
        <ele>552</ele>
      </trkpt>
      <trkpt lat="-20.89835477888416" lon="55.43109347723367">
        <ele>548</ele>
      </trkpt>
      <trkpt lat="-20.89814917000025" lon="55.43111144353934">
        <ele>546</ele>
      </trkpt>
      <trkpt lat="-20.897852085645876" lon="55.43117881718566">
        <ele>540</ele>
      </trkpt>
      <trkpt lat="-20.897651511413013" lon="55.431148274466004">
        <ele>538</ele>
      </trkpt>
      <trkpt lat="-20.8975214317463" lon="55.43121115653589">
        <ele>536</ele>
      </trkpt>
      <trkpt lat="-20.897404779562184" lon="55.4310521547306">
        <ele>529</ele>
      </trkpt>
      <trkpt lat="-20.897360300647964" lon="55.431201275067764">
        <ele>531</ele>
      </trkpt>
      <trkpt lat="-20.897384638168703" lon="55.43135848024248">
        <ele>531</ele>
      </trkpt>
      <trkpt lat="-20.89723273840575" lon="55.43144471850976">
        <ele>534</ele>
      </trkpt>
      <trkpt lat="-20.89710937218677" lon="55.431423158942934">
        <ele>538</ele>
      </trkpt>
      <trkpt lat="-20.897051465559205" lon="55.431458193239024">
        <ele>539</ele>
      </trkpt>
      <trkpt lat="-20.897048108652587" lon="55.431594737162214">
        <ele>538</ele>
      </trkpt>
      <trkpt lat="-20.897027127984437" lon="55.43178338337187">
        <ele>537</ele>
      </trkpt>
      <trkpt lat="-20.89703132411831" lon="55.431893876151825">
        <ele>537</ele>
      </trkpt>
      <trkpt lat="-20.896978452823056" lon="55.43196663968983">
        <ele>538</ele>
      </trkpt>
      <trkpt lat="-20.89686096098915" lon="55.4319855043108">
        <ele>538</ele>
      </trkpt>
      <trkpt lat="-20.896838301839157" lon="55.43216786231348">
        <ele>533</ele>
      </trkpt>
      <trkpt lat="-20.896547928725486" lon="55.43211486171171">
        <ele>533</ele>
      </trkpt>
      <trkpt lat="-20.8962357350401" lon="55.432003470616486">
        <ele>529</ele>
      </trkpt>
      <trkpt lat="-20.895824511183772" lon="55.43195047001472">
        <ele>529</ele>
      </trkpt>
      <trkpt lat="-20.89556686627516" lon="55.4319855043108">
        <ele>534</ele>
      </trkpt>
      <trkpt lat="-20.895331880305093" lon="55.43214450611608">
        <ele>532</ele>
      </trkpt>
      <trkpt lat="-20.895035629611357" lon="55.43217325220518">
        <ele>532</ele>
      </trkpt>
      <trkpt lat="-20.894788893459754" lon="55.43208521730734">
        <ele>530</ele>
      </trkpt>
      <trkpt lat="-20.894488445489362" lon="55.43213911622439">
        <ele>523</ele>
      </trkpt>
      <trkpt lat="-20.894328989618305" lon="55.43215618421478">
        <ele>519</ele>
      </trkpt>
      <trkpt lat="-20.894165337363972" lon="55.43225589721133">
        <ele>512</ele>
      </trkpt>
      <trkpt lat="-20.894000845687483" lon="55.43228464330041">
        <ele>509</ele>
      </trkpt>
      <trkpt lat="-20.893968115179323" lon="55.43242567880002">
        <ele>502</ele>
      </trkpt>
      <trkpt lat="-20.893989935518896" lon="55.43263678289179">
        <ele>496</ele>
      </trkpt>
      <trkpt lat="-20.893905171874355" lon="55.43270774979923">
        <ele>493</ele>
      </trkpt>
      <trkpt lat="-20.89369703915797" lon="55.43270235990754">
        <ele>492</ele>
      </trkpt>
      <trkpt lat="-20.893355465889055" lon="55.43287573475737">
        <ele>491</ele>
      </trkpt>
      <trkpt lat="-20.892856112905434" lon="55.43311648325351">
        <ele>481</ele>
      </trkpt>
      <trkpt lat="-20.89262112269125" lon="55.433051804553045">
        <ele>484</ele>
      </trkpt>
      <trkpt lat="-20.89242977324509" lon="55.43301946520282">
        <ele>483</ele>
      </trkpt>
      <trkpt lat="-20.892236745047867" lon="55.4329871258526">
        <ele>476</ele>
      </trkpt>
      <trkpt lat="-20.891848170141536" lon="55.4329871258526">
        <ele>469</ele>
      </trkpt>
      <trkpt lat="-20.89155526960126" lon="55.43316409396356">
        <ele>469</ele>
      </trkpt>
      <trkpt lat="-20.891406720971275" lon="55.433222484457026">
        <ele>468</ele>
      </trkpt>
      <trkpt lat="-20.891176764045127" lon="55.433234162555735">
        <ele>465</ele>
      </trkpt>
      <trkpt lat="-20.89102905430092" lon="55.43315241586487">
        <ele>465</ele>
      </trkpt>
      <trkpt lat="-20.890838542086644" lon="55.43314612765788">
        <ele>463</ele>
      </trkpt>
      <trkpt lat="-20.890712652825616" lon="55.433005092158275">
        <ele>461</ele>
      </trkpt>
      <trkpt lat="-20.890641315530836" lon="55.43265924077389">
        <ele>457</ele>
      </trkpt>
      <trkpt lat="-20.890608584290106" lon="55.43242478048473">
        <ele>454</ele>
      </trkpt>
      <trkpt lat="-20.89065726151731" lon="55.43211396339643">
        <ele>449</ele>
      </trkpt>
      <trkpt lat="-20.890750419615006" lon="55.43159743210807">
        <ele>446</ele>
      </trkpt>
      <trkpt lat="-20.89082763168821" lon="55.43142765051935">
        <ele>445</ele>
      </trkpt>
      <trkpt lat="-20.89097030606679" lon="55.431251580723675">
        <ele>444</ele>
      </trkpt>
      <trkpt lat="-20.890931700071857" lon="55.430904831024">
        <ele>440</ele>
      </trkpt>
      <trkpt lat="-20.89065726151731" lon="55.43063533643877">
        <ele>436</ele>
      </trkpt>
      <trkpt lat="-20.890284628548404" lon="55.43047723294877">
        <ele>431</ele>
      </trkpt>
      <trkpt lat="-20.890093276123846" lon="55.430447588544396">
        <ele>429</ele>
      </trkpt>
      <trkpt lat="-20.889747498317007" lon="55.430529335235235">
        <ele>425</ele>
      </trkpt>
      <trkpt lat="-20.889314435668574" lon="55.43069372693223">
        <ele>418</ele>
      </trkpt>
      <trkpt lat="-20.889067690112554" lon="55.43076469383968">
        <ele>415</ele>
      </trkpt>
      <trkpt lat="-20.88887633613684" lon="55.430864406836214">
        <ele>413</ele>
      </trkpt>
      <trkpt lat="-20.888662321532973" lon="55.43098747603015">
        <ele>410</ele>
      </trkpt>
      <trkpt lat="-20.8883778075284" lon="55.43102251032623">
        <ele>406</ele>
      </trkpt>
      <trkpt lat="-20.88822422009829" lon="55.43097579793145">
        <ele>405</ele>
      </trkpt>
      <trkpt lat="-20.888179738463514" lon="55.43118061381623">
        <ele>405</ele>
      </trkpt>
      <trkpt lat="-20.888131060432983" lon="55.431321649315834">
        <ele>404</ele>
      </trkpt>
      <trkpt lat="-20.887988383356053" lon="55.43150939721021">
        <ele>402</ele>
      </trkpt>
      <trkpt lat="-20.887840670474723" lon="55.43179056989415">
        <ele>396</ele>
      </trkpt>
      <trkpt lat="-20.88794977659426" lon="55.43217594715103">
        <ele>386</ele>
      </trkpt>
      <trkpt lat="-20.887549440675024" lon="55.43215438758421">
        <ele>379</ele>
      </trkpt>
      <trkpt lat="-20.887347174112843" lon="55.43214270948552">
        <ele>378</ele>
      </trkpt>
      <trkpt lat="-20.887221281924113" lon="55.432201998294275">
        <ele>376</ele>
      </trkpt>
      <trkpt lat="-20.887001389981265" lon="55.43259456207343">
        <ele>369</ele>
      </trkpt>
      <trkpt lat="-20.886794086976863" lon="55.43244903499741">
        <ele>368</ele>
      </trkpt>
      <trkpt lat="-20.886497819433288" lon="55.43233225401046">
        <ele>371</ele>
      </trkpt>
      <trkpt lat="-20.886363533668597" lon="55.43232327085763">
        <ele>373</ele>
      </trkpt>
      <trkpt lat="-20.886154551208417" lon="55.432467899618366">
        <ele>373</ele>
      </trkpt>
      <trkpt lat="-20.885989211465542" lon="55.432626003108375">
        <ele>371</ele>
      </trkpt>
      <trkpt lat="-20.88576260340038" lon="55.432718529582644">
        <ele>370</ele>
      </trkpt>
      <trkpt lat="-20.885619084782217" lon="55.43280297121935">
        <ele>368</ele>
      </trkpt>
      <trkpt lat="-20.885441155076837" lon="55.432984430906735">
        <ele>367</ele>
      </trkpt>
      <trkpt lat="-20.885258189405224" lon="55.433138042820325">
        <ele>369</ele>
      </trkpt>
      <trkpt lat="-20.885166706485816" lon="55.433203619836064">
        <ele>369</ele>
      </trkpt>
      <trkpt lat="-20.885180135174718" lon="55.43329165473391">
        <ele>367</ele>
      </trkpt>
      <trkpt lat="-20.885136491931384" lon="55.43338058794704">
        <ele>363</ele>
      </trkpt>
      <trkpt lat="-20.885088652207752" lon="55.433445266647496">
        <ele>362</ele>
      </trkpt>
      <trkpt lat="-20.885158313554637" lon="55.433449758223915">
        <ele>361</ele>
      </trkpt>
      <trkpt lat="-20.885397511909375" lon="55.43341741887368">
        <ele>358</ele>
      </trkpt>
      <trkpt lat="-20.885471369569974" lon="55.43330602777846">
        <ele>360</ele>
      </trkpt>
      <trkpt lat="-20.885619084782217" lon="55.43323146760987">
        <ele>358</ele>
      </trkpt>
      <trkpt lat="-20.88570637097568" lon="55.43321709456533">
        <ele>357</ele>
      </trkpt>
      <trkpt lat="-20.88588010392131" lon="55.433268298536525">
        <ele>353</ele>
      </trkpt>
      <trkpt lat="-20.886023622289976" lon="55.43327728168937">
        <ele>349</ele>
      </trkpt>
      <trkpt lat="-20.886011032964873" lon="55.433338367128684">
        <ele>348</ele>
      </trkpt>
      <trkpt lat="-20.8858364608814" lon="55.43338507952346">
        <ele>347</ele>
      </trkpt>
      <trkpt lat="-20.88563251343066" lon="55.43342191045011">
        <ele>346</ele>
      </trkpt>
      <trkpt lat="-20.88553683428423" lon="55.433496470618685">
        <ele>346</ele>
      </trkpt>
      <trkpt lat="-20.885405904827167" lon="55.433641099379436">
        <ele>346</ele>
      </trkpt>
      <trkpt lat="-20.885144884863777" lon="55.433762371942784">
        <ele>346</ele>
      </trkpt>
      <trkpt lat="-20.884882185857283" lon="55.433795609608296">
        <ele>347</ele>
      </trkpt>
      <trkpt lat="-20.884848614066165" lon="55.43387196640746">
        <ele>347</ele>
      </trkpt>
      <trkpt lat="-20.885061794812383" lon="55.433942933314896">
        <ele>342</ele>
      </trkpt>
      <trkpt lat="-20.884928347057844" lon="55.43404084968086">
        <ele>340</ele>
      </trkpt>
      <trkpt lat="-20.88479070270881" lon="55.43415673235251">
        <ele>334</ele>
      </trkpt>
      <trkpt lat="-20.884699219504586" lon="55.434215122845984">
        <ele>332</ele>
      </trkpt>
      <trkpt lat="-20.884928347057844" lon="55.434251055457345">
        <ele>327</ele>
      </trkpt>
      <trkpt lat="-20.884873792910202" lon="55.434304056059105">
        <ele>327</ele>
      </trkpt>
      <trkpt lat="-20.885078580685054" lon="55.434326513941215">
        <ele>323</ele>
      </trkpt>
      <trkpt lat="-20.885133134758284" lon="55.434379514542975">
        <ele>320</ele>
      </trkpt>
      <trkpt lat="-20.885036615999844" lon="55.43445587134213">
        <ele>318</ele>
      </trkpt>
      <trkpt lat="-20.885212028306068" lon="55.4344918039535">
        <ele>310</ele>
      </trkpt>
      <trkpt lat="-20.885249796479176" lon="55.43452773656486">
        <ele>307</ele>
      </trkpt>
      <trkpt lat="-20.885182653053754" lon="55.43458972031946">
        <ele>306</ele>
      </trkpt>
      <trkpt lat="-20.88528672535034" lon="55.43462116135441">
        <ele>303</ele>
      </trkpt>
      <trkpt lat="-20.88526574303829" lon="55.43468314510901">
        <ele>302</ele>
      </trkpt>
      <trkpt lat="-20.885369815277265" lon="55.434661585542194">
        <ele>300</ele>
      </trkpt>
      <trkpt lat="-20.885411779869358" lon="55.43470021309941">
        <ele>296</ele>
      </trkpt>
      <trkpt lat="-20.885520048462777" lon="55.4347235692968">
        <ele>296</ele>
      </trkpt>
      <trkpt lat="-20.88544535153457" lon="55.43482597723918">
        <ele>291</ele>
      </trkpt>
      <trkpt lat="-20.88563251343066" lon="55.43492479192044">
        <ele>294</ele>
      </trkpt>
      <trkpt lat="-20.885699656654904" lon="55.43507570888817">
        <ele>297</ele>
      </trkpt>
      <trkpt lat="-20.885856603824465" lon="55.43522033764892">
        <ele>301</ele>
      </trkpt>
      <trkpt lat="-20.885999282927163" lon="55.435276931511815">
        <ele>306</ele>
      </trkpt>
      <trkpt lat="-20.886003479369318" lon="55.43517003199301">
        <ele>310</ele>
      </trkpt>
      <trkpt lat="-20.88609160462726" lon="55.435255371945">
        <ele>311</ele>
      </trkpt>
      <trkpt lat="-20.886070622427688" lon="55.435125116228804">
        <ele>314</ele>
      </trkpt>
      <trkpt lat="-20.886139444031336" lon="55.43519428650567">
        <ele>317</ele>
      </trkpt>
      <trkpt lat="-20.886162104796377" lon="55.43510265834669">
        <ele>321</ele>
      </trkpt>
      <trkpt lat="-20.886408015841457" lon="55.43520596460437">
        <ele>327</ele>
      </trkpt>
      <trkpt lat="-20.88661699794888" lon="55.43554462946648">
        <ele>315</ele>
      </trkpt>
      <trkpt lat="-20.88667910502512" lon="55.43567398686739">
        <ele>310</ele>
      </trkpt>
      <trkpt lat="-20.886920818807095" lon="55.435643444147736">
        <ele>306</ele>
      </trkpt>
      <trkpt lat="-20.887154139380296" lon="55.435696444749496">
        <ele>301</ele>
      </trkpt>
      <trkpt lat="-20.887287585156667" lon="55.4357413605137">
        <ele>298</ele>
      </trkpt>
      <trkpt lat="-20.88727919234405" lon="55.43581232742115">
        <ele>292</ele>
      </trkpt>
      <trkpt lat="-20.887079443265012" lon="55.435798852691896">
        <ele>294</ele>
      </trkpt>
      <trkpt lat="-20.88682933690064" lon="55.43585185329364">
        <ele>295</ele>
      </trkpt>
      <trkpt lat="-20.886658962192396" lon="55.43588778590501">
        <ele>295</ele>
      </trkpt>
      <trkpt lat="-20.886408855127602" lon="55.435824903835126">
        <ele>295</ele>
      </trkpt>
      <trkpt lat="-20.8860664259874" lon="55.43549971370228">
        <ele>294</ele>
      </trkpt>
      <trkpt lat="-20.885879264632187" lon="55.43540179733631">
        <ele>289</ele>
      </trkpt>
      <trkpt lat="-20.88579197853922" lon="55.435356881572105">
        <ele>289</ele>
      </trkpt>
      <trkpt lat="-20.885614888329314" lon="55.43522213427948">
        <ele>284</ele>
      </trkpt>
      <trkpt lat="-20.885603977551256" lon="55.43538383103062">
        <ele>275</ele>
      </trkpt>
      <trkpt lat="-20.885875068186575" lon="55.43563805425603">
        <ele>271</ele>
      </trkpt>
      <trkpt lat="-20.88586667529499" lon="55.43573147904558">
        <ele>268</ele>
      </trkpt>
      <trkpt lat="-20.885629156268656" lon="55.435629071103186">
        <ele>263</ele>
      </trkpt>
      <trkpt lat="-20.885487316105564" lon="55.43553564631363">
        <ele>260</ele>
      </trkpt>
      <trkpt lat="-20.88552928066482" lon="55.43569105485779">
        <ele>252</ele>
      </trkpt>
      <trkpt lat="-20.885693781623974" lon="55.43581412405171">
        <ele>252</ele>
      </trkpt>
      <trkpt lat="-20.885708049555824" lon="55.43600366857666">
        <ele>250</ele>
      </trkpt>
      <trkpt lat="-20.885737424705354" lon="55.43611056809547">
        <ele>244</ele>
      </trkpt>
      <trkpt lat="-20.886052158089637" lon="55.43632346881782">
        <ele>251</ele>
      </trkpt>
      <trkpt lat="-20.88607901530786" lon="55.43644114812004">
        <ele>246</ele>
      </trkpt>
      <trkpt lat="-20.886208265603457" lon="55.436459114425716">
        <ele>249</ele>
      </trkpt>
      <trkpt lat="-20.886267015701044" lon="55.4365615223681">
        <ele>248</ele>
      </trkpt>
      <trkpt lat="-20.886466765860895" lon="55.436636980851965">
        <ele>247</ele>
      </trkpt>
      <trkpt lat="-20.88653223014117" lon="55.436680998300886">
        <ele>243</ele>
      </trkpt>
      <trkpt lat="-20.886674908601854" lon="55.436654048842364">
        <ele>244</ele>
      </trkpt>
      <trkpt lat="-20.886770587023094" lon="55.43666303199521">
        <ele>238</ele>
      </trkpt>
      <trkpt lat="-20.886853676128915" lon="55.43666303199521">
        <ele>242</ele>
      </trkpt>
      <trkpt lat="-20.886938443755138" lon="55.436726812380385">
        <ele>239</ele>
      </trkpt>
      <trkpt lat="-20.886953550851814" lon="55.43679688097254">
        <ele>234</ele>
      </trkpt>
      <trkpt lat="-20.887066014745983" lon="55.43681484727823">
        <ele>232</ele>
      </trkpt>
      <trkpt lat="-20.887175121428474" lon="55.436837305160324">
        <ele>231</ele>
      </trkpt>
      <trkpt lat="-20.887145746560208" lon="55.43688671250096">
        <ele>228</ele>
      </trkpt>
      <trkpt lat="-20.887008104243822" lon="55.43696217098482">
        <ele>225</ele>
      </trkpt>
      <trkpt lat="-20.887025729181627" lon="55.437005290118464">
        <ele>223</ele>
      </trkpt>
      <trkpt lat="-20.88711217527517" lon="55.437096019962155">
        <ele>220</ele>
      </trkpt>
      <trkpt lat="-20.88703328272576" lon="55.43713644414994">
        <ele>219</ele>
      </trkpt>
      <trkpt lat="-20.886949354436215" lon="55.437069070503625">
        <ele>219</ele>
      </trkpt>
      <trkpt lat="-20.886904033140357" lon="55.436998103596196">
        <ele>223</ele>
      </trkpt>
      <trkpt lat="-20.886741212075684" lon="55.436935221526305">
        <ele>223</ele>
      </trkpt>
      <trkpt lat="-20.886607765813718" lon="55.43690018723022">
        <ele>226</ele>
      </trkpt>
      <trkpt lat="-20.88618728342018" lon="55.437017866532436">
        <ele>216</ele>
      </trkpt>
      <trkpt lat="-20.886024461578277" lon="55.4368840175551">
        <ele>215</ele>
      </trkpt>
      <trkpt lat="-20.885986693600028" lon="55.43683011863806">
        <ele>218</ele>
      </trkpt>
      <trkpt lat="-20.885845693063978" lon="55.43679867760311">
        <ele>212</ele>
      </trkpt>
      <trkpt lat="-20.88572483535626" lon="55.436687286507876">
        <ele>211</ele>
      </trkpt>
      <trkpt lat="-20.8856602100143" lon="55.436721422488674">
        <ele>208</ele>
      </trkpt>
      <trkpt lat="-20.88556201301289" lon="55.43659386171833">
        <ele>201</ele>
      </trkpt>
      <trkpt lat="-20.88542856570291" lon="55.43652199649561">
        <ele>197</ele>
      </trkpt>
      <trkpt lat="-20.88539331545029" lon="55.436423181814355">
        <ele>197</ele>
      </trkpt>
      <trkpt lat="-20.88531861845903" lon="55.436449232957585">
        <ele>195</ele>
      </trkpt>
      <trkpt lat="-20.88533876147157" lon="55.436557030791676">
        <ele>190</ele>
      </trkpt>
      <trkpt lat="-20.885285046765482" lon="55.43649864029821">
        <ele>189</ele>
      </trkpt>
      <trkpt lat="-20.88522209981981" lon="55.43656960720566">
        <ele>183</ele>
      </trkpt>
      <trkpt lat="-20.88526993950094" lon="55.43662709938384">
        <ele>183</ele>
      </trkpt>
      <trkpt lat="-20.885280850303253" lon="55.436712439335835">
        <ele>181</ele>
      </trkpt>
      <trkpt lat="-20.885405904827167" lon="55.43680227086424">
        <ele>177</ele>
      </trkpt>
      <trkpt lat="-20.88550158405702" lon="55.43698462886693">
        <ele>178</ele>
      </trkpt>
      <trkpt lat="-20.885635031302122" lon="55.43703852778398">
        <ele>181</ele>
      </trkpt>
      <trkpt lat="-20.88570972813595" lon="55.43719932621983">
        <ele>179</ele>
      </trkpt>
      <trkpt lat="-20.885874228897443" lon="55.43739426063648">
        <ele>182</ele>
      </trkpt>
      <trkpt lat="-20.88586247884902" lon="55.437534397820805">
        <ele>176</ele>
      </trkpt>
      <trkpt lat="-20.885893532546408" lon="55.437685314788546">
        <ele>172</ele>
      </trkpt>
      <trkpt lat="-20.885931300548084" lon="55.43780119746019">
        <ele>167</ele>
      </trkpt>
      <trkpt lat="-20.886101676082024" lon="55.43786857110649">
        <ele>165</ele>
      </trkpt>
      <trkpt lat="-20.886264497840198" lon="55.43791708013184">
        <ele>161</ele>
      </trkpt>
      <trkpt lat="-20.886272890709545" lon="55.438050929109174">
        <ele>156</ele>
      </trkpt>
      <trkpt lat="-20.88611846183845" lon="55.43817579493367">
        <ele>149</ele>
      </trkpt>
      <trkpt lat="-20.88599340790798" lon="55.43825215173281">
        <ele>145</ele>
      </trkpt>
      <trkpt lat="-20.88587674676484" lon="55.43840756027697">
        <ele>139</ele>
      </trkpt>
      <trkpt lat="-20.885705531685606" lon="55.43851535811106">
        <ele>136</ele>
      </trkpt>
      <trkpt lat="-20.885601459679293" lon="55.438550392407144">
        <ele>134</ele>
      </trkpt>
      <trkpt lat="-20.88550158405702" lon="55.43841205185339">
        <ele>132</ele>
      </trkpt>
      <trkpt lat="-20.88548060177499" lon="55.4385018833818">
        <ele>129</ele>
      </trkpt>
      <trkpt lat="-20.885452065866733" lon="55.43863124078272">
        <ele>129</ele>
      </trkpt>
      <trkpt lat="-20.885322814920205" lon="55.438465950770436">
        <ele>122</ele>
      </trkpt>
      <trkpt lat="-20.885293439689576" lon="55.43862225762987">
        <ele>119</ele>
      </trkpt>
      <trkpt lat="-20.88516922436507" lon="55.43885042971204">
        <ele>113</ele>
      </trkpt>
      <trkpt lat="-20.88511047383797" lon="55.43891331178193">
        <ele>109</ele>
      </trkpt>
      <trkpt lat="-20.885131456171724" lon="55.4390112281479">
        <ele>106</ele>
      </trkpt>
      <trkpt lat="-20.885097884436306" lon="55.43914507712524">
        <ele>103</ele>
      </trkpt>
      <trkpt lat="-20.88522713557644" lon="55.43927443452615">
        <ele>103</ele>
      </trkpt>
      <trkpt lat="-20.885331207842185" lon="55.43938582562138">
        <ele>102</ele>
      </trkpt>
      <trkpt lat="-20.885431922869387" lon="55.439479250410926">
        <ele>100</ele>
      </trkpt>
      <trkpt lat="-20.885464655238692" lon="55.43954213248081">
        <ele>98</ele>
      </trkpt>
      <trkpt lat="-20.88574413902444" lon="55.439524166175126">
        <ele>92</ele>
      </trkpt>
      <trkpt lat="-20.88587758605396" lon="55.43951877628343">
        <ele>90</ele>
      </trkpt>
      <trkpt lat="-20.88598165786888" lon="55.43955560721007">
        <ele>89</ele>
      </trkpt>
      <trkpt lat="-20.88611090824829" lon="55.439648133684344">
        <ele>89</ele>
      </trkpt>
      <trkpt lat="-20.886181408408333" lon="55.4397864742381">
        <ele>87</ele>
      </trkpt>
      <trkpt lat="-20.886230926358103" lon="55.43989427207219">
        <ele>86</ele>
      </trkpt>
      <trkpt lat="-20.886157069071107" lon="55.4401251391002">
        <ele>80</ele>
      </trkpt>
      <trkpt lat="-20.886126015428232" lon="55.44027695438322">
        <ele>83</ele>
      </trkpt>
      <trkpt lat="-20.886204908454328" lon="55.440434159557945">
        <ele>81</ele>
      </trkpt>
      <trkpt lat="-20.886246872813032" lon="55.440568906850565">
        <ele>80</ele>
      </trkpt>
      <trkpt lat="-20.886366890814188" lon="55.44058777147153">
        <ele>79</ele>
      </trkpt>
      <trkpt lat="-20.886472640861555" lon="55.4406515518567">
        <ele>76</ele>
      </trkpt>
      <trkpt lat="-20.88666148004664" lon="55.440620110821754">
        <ele>77</ele>
      </trkpt>
      <trkpt lat="-20.886966140097886" lon="55.44078809577988">
        <ele>73</ele>
      </trkpt>
      <trkpt lat="-20.887066014745983" lon="55.44096236894501">
        <ele>71</ele>
      </trkpt>
      <trkpt lat="-20.887222960487332" lon="55.44130552538354">
        <ele>69</ele>
      </trkpt>
      <trkpt lat="-20.887228835458412" lon="55.4415229176823">
        <ele>67</ele>
      </trkpt>
      <trkpt lat="-20.88716588932764" lon="55.44176456449373">
        <ele>67</ele>
      </trkpt>
      <trkpt lat="-20.886892283172532" lon="55.44196129554095">
        <ele>66</ele>
      </trkpt>
      <trkpt lat="-20.88664049792669" lon="55.44212478892265">
        <ele>64</ele>
      </trkpt>
      <trkpt lat="-20.88621497990148" lon="55.4424338093804">
        <ele>61</ele>
      </trkpt>
      <trkpt lat="-20.88570217452523" lon="55.442755406252104">
        <ele>58</ele>
      </trkpt>
      <trkpt lat="-20.885382404656127" lon="55.44297279855087">
        <ele>57</ele>
      </trkpt>
      <trkpt lat="-20.885135652638116" lon="55.443130003725585">
        <ele>54</ele>
      </trkpt>
      <trkpt lat="-20.884710130348374" lon="55.44341117640952">
        <ele>51</ele>
      </trkpt>
      <trkpt lat="-20.88440294782766" lon="55.443566584953665">
        <ele>49</ele>
      </trkpt>
      <trkpt lat="-20.88419060544465" lon="55.44340937977895">
        <ele>49</ele>
      </trkpt>
      <trkpt lat="-20.88412010434991" lon="55.44313988519371">
        <ele>49</ele>
      </trkpt>
      <trkpt lat="-20.884180533861716" lon="55.442809305169156">
        <ele>49</ele>
      </trkpt>
      <trkpt lat="-20.88448016316522" lon="55.44281918663729">
        <ele>49</ele>
      </trkpt>
      <trkpt lat="-20.88475041653399" lon="55.44279942370103">
        <ele>49</ele>
      </trkpt>
      <trkpt lat="-20.884970311773305" lon="55.4424499790555">
        <ele>49</ele>
      </trkpt>
      <trkpt lat="-20.884970311773305" lon="55.442339486275564">
        <ele>49</ele>
      </trkpt>
    </trkseg>
  </trk>
</gpx>
